business_id,consistency_score,treatment,future_revisit_rate,total_visits,unique_users,gini_user_contribution
-0__F9fnKt8uioCKztF5Ww,-0.1628155810094285,0.0,0.0,160,66,0.0
-0eUa8TsXFFy0FCxHYmrjg,0.14283728752734848,1.0,0.0,61,26,0.0659340659340659
-0epFLgYq2C1Jo_W4FOBKw,0.011275107521655059,1.0,0.0,39,15,0.1481481481481481
-0gRYq5UjMtZbELj0KHxzA,-0.13134234295360037,0.0,0.00909090909090909,424,128,0.0361254699248121
-0iIxySkp97WNlwK66OGWg,-0.1611422950617084,0.0,0.006369426751592357,682,219,0.0576557508769868
-2BDt9OdGiBONysWCdKgNg,-0.21509929946089046,0.0,0.0,61,16,0.0551470588235294
-2dvQxx3cYXd5XmFdDDsDA,-0.12765823716378133,1.0,0.0,65,27,0.0
-34c4hcDPIInTROr8Xtxtw,-0.024594649937834112,1.0,0.0,71,30,0.0
-3dkEoYgH8AlUtBMZvzUfg,-0.13029558679137887,1.0,0.0,170,18,0.1296296296296295
-4jxTEaNONDDsC0Xzzp1UQ,0.25949170796129073,1.0,0.0,173,23,0.0730434782608695
-6TttC-1-rf5gC0QHWrs_w,-0.1936329553113093,0.0,0.0,108,31,0.1050691244239632
-6kIZWnXPuDC6JiQJ-A1fg,-0.23988571187494234,0.0,0.0,544,39,0.0462789243277048
-6nQZ-QCkAyNHdtaxOxDpQ,-0.17103020722077467,0.0,0.0,266,79,0.0351960481630131
-7CqBmK0zxwyjEqa3LBVSw,0.00795625138716305,1.0,0.0,127,35,0.0
-7Rx5jVeQmlVoAU_oXrzew,0.04999487515088974,1.0,0.0,27,11,0.0
-7qO7OvcQS7t6v6uHxDAxw,0.26825238869081236,1.0,0.0,31,6,0.0
-85kJMtb9wqNWDT8yLbitw,-0.10165499775675801,1.0,0.0,433,34,0.0522875816993464
-8_ufROuDzIWxFAny4FasQ,0.30332879889138686,1.0,0.0,23,16,0.0
-8luB5pJ7d9UOoiF7wikkw,-0.327266862108173,0.0,0.006369426751592357,882,182,0.021209972822876
-8uatt4iWxUproNMOd1srw,0.08137792424198786,1.0,0.0,66,26,0.0659340659340659
-9lL4yFBX_7XVqUr8cwytg,-0.48233210248506897,0.0,0.0,308,131,0.0218753560442066
-9rRsa_9GTkSYkPdKa7T8A,-0.29618596088396887,0.0,0.018018018018018018,409,126,0.0297924297924299
-9yzQQ0d_rcOD2CzdTNO_Q,-0.14932687826822466,0.0,0.0,74,20,0.0
-9zDI4h2dE3hFOpGFHB10Q,-0.47565034388849203,0.0,0.0,52,38,0.0
-AanHawaDlzWHQjrqRRWig,0.11687132858667326,1.0,0.0,203,42,0.0227021040974531
-BLVl824WRLFIm_uiHmkbA,-0.007640641139024407,1.0,0.0,277,91,0.0210327307101501
-BjXcRcvDqOQ23eUKx6hjg,-0.2003450074212011,0.0,0.0,1245,209,0.0398577762170231
-Bsw0AjWemVa8D_7g7-9Kg,-0.05238280211647306,1.0,0.0,141,47,0.0561702127659575
-DlF6neBa1HKx7aFi3ZxOg,-0.36579056756680983,0.0,0.0,100,44,0.0
-FSNRWP_3twzsH-qliHcZQ,0.07628898722653688,1.0,0.0,72,9,0.0
-FplUfMbM6YNKtwppNddxQ,-0.2083632503772957,0.0,0.0,133,61,0.0307051782461618
-GJN01qCjGgnNBTbZexNpQ,-0.2390853725578468,0.0,0.0,33,8,0.0
-Gy7yBHvRZK64jNxYYJWWA,-0.24882512671526702,0.0,0.0,358,126,0.0297924297924299
-H-El0POa4KEtmyDD4QvtA,0.20582384017730493,1.0,0.0,30,22,0.0
-H5v2-mADBj8_n2yeACjLA,-0.14698824625264129,0.0,0.0,309,116,0.0
-H6s1c2NRic5UKxXqi4FdQ,-0.22870282066402448,0.0,0.0,12,7,0.0
-HL8513QTgQ50vWjtg2Dyg,-0.17630815979047232,0.0,0.0,25,7,0.0
-J_HhUwt5pPiHRNf_m7rHw,-0.3323195424750701,0.0,0.0,210,8,0.0
-JcSG0yNk06hpNWagOKj9g,0.15417721826384667,1.0,0.0,59,36,0.0262762762762762
-JkiE867GwCUuXFETjba2w,-0.22698294731694818,0.0,0.00980392156862745,318,129,0.035867175749161
-KdeX92-JV2K8GWbAxVj2w,-0.20789409757057387,0.0,0.02631578947368421,316,43,0.0606673407482305
-KhT2eqHZUj-Sqz3xkt-kw,-0.3621139983695686,0.0,0.0,469,121,0.0159913995834173
-Kro8CtHkk9Ge9MMDK8t7g,0.6348950119227448,1.0,0.0,44,8,0.0
-Lz1eG1xyHk634wVzBD83g,0.11705671069177737,1.0,0.0,49,19,0.0852130325814537
-M7aI9P2XG79_E0c3sN7gQ,-0.1569871319867353,0.0,0.0,233,46,0.020814061054579
-M7wzxpUsdSkQd9PDGsJWA,-0.08967762436691862,1.0,0.0,160,52,0.0363247863247864
-Mig1TcxvFWREy-pfx7rZQ,-0.4260035110994536,0.0,0.0,56,13,0.0
-MwKwvY0gG3GyR5ymxsLNQ,0.03156827901665005,1.0,0.0,41,19,0.0
-NvYIxTY2R3vzzSmvRKVLQ,-0.1687858091516672,0.0,0.0,161,69,0.01407867494824
-Or44IdY51Ukd618kikmtA,-0.3068536387042422,0.0,0.0035460992907801418,1167,321,0.0181009269579963
-Ot1Qa0V3wNVUroZmItMyQ,-0.1842488537639393,0.0,0.0,42,7,0.0
-P0cVKNzgqsqBsKkwngvpA,0.01916591012447444,1.0,0.0,16,8,0.0
-PTWFicakClBDK-zyQ5hjA,-0.296795463641918,0.0,0.00909090909090909,328,166,0.0391740371892193
-QG6KSRQKTQ80--wqrnLTg,0.0729077632145696,1.0,0.0,51,9,0.0
-QbbFXdiWQb2vKaDIky4Pw,0.0029906617670099056,1.0,0.0,102,11,0.0757575757575759
-R2w_cB1_nA9ZrgvP2PkUw,-0.29222772409311615,0.0,0.0,68,13,0.0
-RLJlk68dmL--ff0lsP0JQ,-0.20870179785790544,0.0,0.0,36,8,0.0
-RZEK75brNtAA6QmDU365g,-0.09231461137410446,1.0,0.0,32,6,0.0
-RkGrQUxlwgaR5By4p2tAQ,0.068068776307181,1.0,0.0,39,11,0.13986013986014
-RzbRfPnKcwTixtokN-p6A,0.053882560118203304,1.0,0.0,9,5,0.0
-SFSt3FkjGfavnyMpHsZPA,0.07743382239135621,1.0,0.0,19,9,0.0888888888888888
-SQv9Kit89XgEik-Rd_5yg,-0.23528276092338019,0.0,0.0,95,27,0.0343915343915344
-TSPsir3LSLO9vVBkvkqUw,-0.21433336172457518,0.0,0.0,599,53,0.110691823899371
-T_lkOvaK39R-Ufg6VUyxg,-0.4009127913685296,0.0,0.0,1009,308,0.030609327779139
-TboXPMTf45s24FPyD8OAA,-0.1953158924243501,0.0,0.027777777777777776,176,50,0.0369230769230768
-Tskf8WK17rb3ZfeFuRSWA,-0.2434643693928269,0.0,0.0,4895,1822,0.0102128550142472
-UEeCTgxud4OGWshX4x-jw,-0.23531222985569433,0.0,0.0,1342,411,0.0141784382712806
-V0vIgo6196MDn_x3ZaYmA,-0.3631486651405899,0.0,0.0,279,146,0.0197205111703595
-Wd5KqFszREg0XdXfSv5tg,-0.06664998979162562,1.0,0.0,83,19,0.0473684210526317
-WfGgYMcJKttsCu7WDrBrg,-0.01522261715541906,1.0,0.0,168,64,0.0293560606060605
-Wv0KRW7vv77bjOKLrxpXg,-0.2771775605728636,0.0,0.0,33,12,0.0705128205128204
-Y-t4EXY68Lj6DqVFg08gA,-0.46797700180757273,0.0,0.0,60,22,0.0757575757575756
-YC81xKbSenKaCrtFZpRfQ,-0.20386978994720362,0.0,0.0,121,5,0.0
-YDYk83kO5ek-h4Fdu-Ugg,0.47366010204031717,1.0,0.16666666666666666,33,6,0.119047619047619
-YljbQMbbTC9jwn8kOLitA,0.02237951814903094,1.0,0.0,151,37,0.0716216216216216
-Zb5_s9g-Jo5j4ntcvHK6Q,0.08207369135961617,1.0,0.0,15,10,0.0
-Ze_1WxQmM_iDlc3kFZ8bg,-0.2562403348010902,0.0,0.0,47,13,0.1128205128205128
-ZuxCKkOtFgBbgwtzwS0Zg,0.012695273823071562,1.0,0.05263157894736842,104,55,0.033811802232855
-_LFA5At29YUr5Q48Nuf8A,0.12700242682266705,1.0,0.0,23,13,0.0659340659340659
-a0kKyJPMw-8z5AjfQstTw,-0.27288149145569823,0.0,0.0,108,52,0.0185050798258346
-aUw9tAKRs_Lrw47U-YSBw,-0.05981119294246062,1.0,0.041666666666666664,44,29,0.0600667408231367
-bGw8ARHQucKWEHEkxpGFw,-0.11168945685997478,1.0,0.030927835051546393,421,114,0.0327088908712458
-bOcJEs8imqtSXwG644k1g,-0.23310822348896043,0.0,0.0,467,83,0.0
-bmzEhftbyGVuUQV9FIxmg,0.13746194737143658,1.0,0.0,19,9,0.0
-bxLBGgtchd-O6-2CdDThA,-0.07649539540001249,1.0,0.125,457,110,0.1550964187327823
-cDVG1zBZPBYU3TAoshgxw,-0.15688452457953794,0.0,0.0,233,24,0.0
-cEFKAznWmI0cledNOIQ7w,-0.3225869814203617,0.0,0.005434782608695652,3076,1138,0.0360236589260702
-cXxMH_oL82mOK6MBAjOHA,0.07604768116383176,1.0,0.0,93,15,0.0583333333333333
-dwqsjGDBnzzv2qQYyIC3g,-0.20549553843491297,0.0,0.0,323,114,0.0086193745232645
-eCe9GfRqhbMaB9CylkBSg,-0.2340914072258662,0.0,0.0,37,7,0.0
-eKoPT80NewUNc2h-hevdA,0.19005335616572538,1.0,0.0,76,46,0.0
-fCB9irkaglTWG7rBhcODg,-0.20544420676379727,0.0,0.0,19,5,0.0
-fJPJP7iOd1ukDNqTSINIg,-0.20938275565100373,0.0,0.005076142131979695,772,217,0.0304888084265964
-fs09akgCKv5rTTy7iUHUg,-0.3182798785997354,0.0,0.009009009009009009,709,276,0.0241076458237312
-fvncmHOAGh4YSiTbCuqCQ,0.5712971793359756,1.0,0.0,12,7,0.0
-hmRPTs-6XK3wnSN7IYgug,0.10599868351988695,1.0,0.0,48,24,0.0
-iXlYo2AI1iHgpeZnv5sPw,-0.04948343256695342,1.0,0.0,40,20,0.0
-ilTnXu41RrxQITuolQhmQ,0.17530533654704794,1.0,0.0,176,10,0.0
-k1iNvlyQZkZ14Hcqzlk4Q,-0.21854012567368897,0.0,0.0,41,24,0.0
-kY_HDP7IMvGl-kBIZVU4A,-0.24903423086460064,0.0,0.0036496350364963502,2240,320,0.0293560606060605
-ka45SR1nuoxUU4eTamE_w,-0.036955683587973964,1.0,0.0,118,58,0.0
-ksLHy9XXZVYuIVowdRc_w,-0.49530430273689996,0.0,0.0,68,39,0.0243589743589744
-kz82pLe268Cw59S6fD1BQ,-0.08391637493168158,1.0,0.0,117,64,0.0151442307692306
-lhHSR1Aws4CyYC1XOPVTw,-0.09093124680653186,1.0,0.0,458,156,0.0300605191909539
-loV4cB2Uh9TCltTRgGzWQ,-0.20165671519254658,0.0,0.0030120481927710845,1418,379,0.017799773059729
-ltRJOR-r7MhOh7g48HQwg,0.03188522701395047,1.0,0.0,142,66,0.0146992311171416
-mBc7M9Q3fEIxuUxwOleZg,0.03604318415448726,1.0,0.0,223,67,0.0409381663113006
-mDAFyX5kZHXhxjELeMhiQ,-0.3715069692184082,0.0,0.0,2010,528,0.0270208996037724
-mWySS-oF7Pw-OdgHMCHUQ,-0.11998509403703583,1.0,0.0,29,7,0.0
-mX0wJKh5uW1Kvd_VFFqjw,-0.1317072943828339,0.0,0.021739130434782608,122,70,0.075563909774436
-nkdsrNAQoHEve7j_k-_qg,0.09001913533531514,1.0,0.0,295,41,0.0232288037166086
-q4YqKsWJY6NtkQdnNeL1Q,-0.3943518842367825,0.0,0.0,756,342,0.0354254180051065
-qCCfmWdjCC16j2AQUtOzg,-0.5226477547014399,0.0,0.0,83,8,0.0
-qEk9byAfXQvKNVK1tCitw,0.043312830506339495,1.0,0.0,71,25,0.0
-qNVtEd8Z9MtCfC5dii6nQ,-0.14684208526623932,0.0,0.0,612,332,0.0117613310384394
-qXHPxXkzTxYSelS4nLOhg,-0.4709611436321049,0.0,0.025974025974025976,199,107,0.0573864567961961
-qZ3GVQpEa02BXg1ehzaMQ,-0.07729094928132174,1.0,0.0,41,15,0.0
-rCB_kCW-u84S-CQir-lng,-0.1968298939869274,0.0,0.007692307692307693,442,137,0.0472424979724248
-rTJCKclkU_ZnoQb4oKa9w,0.006591475928394486,1.0,0.0,136,60,0.0598958333333334
-rW8eTXkovH1NksTZzJ7Yg,0.3310878134742149,1.0,0.0,16,10,0.0
-sRtgVuwRz7JJQaHiLV9zw,0.02335505710627994,1.0,0.0,41,10,0.0
-sdxKwgP6209YUfoFiVuTQ,-0.21535293244371223,0.0,0.0,119,44,0.0217171717171718
-tQ0lqgfY8i5avBVyUMYWw,-0.2674385817410063,0.0,0.0,272,57,0.0169388989715668
-tdKOhrg4dB3xz1tEYujLw,0.0,1.0,0.0,13,11,0.0757575757575759
-uQx0mht-CxM9OSJM92YdA,-0.10779573515649832,1.0,0.017543859649122806,328,74,0.0590147109134449
-ud6EYu7o8sDCH2_zyu8lQ,-0.19524663987570856,0.0,0.0,199,46,0.0
-uzQNt-3jsRK5okUuJiQLA,-0.11381739451298512,1.0,0.012048192771084338,482,209,0.0228055269865403
-v1Ia8G_G00SuygAm6koUg,-0.20728383511405946,0.0,0.0,768,52,0.0
-vSkeoIujNpKhITwvcYVLw,-0.24356952289445444,0.0,0.0,137,10,0.0
-w31kc6pp2m0fzkTollj5g,-0.34105070777284047,0.0,0.0,99,19,0.0473684210526317
-xd2u9BsEOy-CVKopm4VWw,-0.25160068835958704,0.0,0.0,28,15,0.0
-xgWMTF_F8E85I_XImNEgg,-0.1621505791936858,0.0,0.0,190,15,0.0583333333333333
-xgmh7w82mp61c9ZGYEi5A,-0.2818745959371736,0.0,0.0,38,15,0.0
-xhTcS5y-7LwHPRfBxJhfw,0.05097687887304281,1.0,0.0,50,14,0.0
-yi4ks8BKZ-_xcJYT9WLjQ,0.15025714016476288,1.0,0.0,24,11,0.0757575757575759
-zGlHyBaxib9p7k18i5TSA,-0.14455766705979667,0.0,0.0,52,23,0.0
0-JRAY0LpBazDuA9761U5w,-0.1701839779262191,0.0,0.007905138339920948,782,313,0.0301486661589136
0-PClaUWGphUvuTH8wQ51w,-0.3163701427340815,0.0,0.05,218,73,0.0597119775201966
0-XYsSxJhu8ayKx1f3v_tA,0.3444695715520839,1.0,0.0,56,19,0.0
0-fNOKL8IQBVe97Xx593KA,0.2668380934431752,1.0,0.0,11,5,0.0
0-pY7oEuTT6j9fa1k-YBnw,-0.4581293541814523,0.0,0.0,550,308,0.030609327779139
00rY5F9ltW-IWf2Ev96kOg,-0.23924577233479116,0.0,0.0,1082,277,0.0175128658115062
00sOoojttpdZljH8VgOU0A,-0.10015547597842067,1.0,0.0,163,17,0.0
02nUjwVmJGTgGyiIi-hklg,0.041628969796843496,1.0,0.0,34,11,0.0
02nb6CI8w-2EoSEkQdk2Wg,-0.21024850481926016,0.0,0.01098901098901099,577,101,0.0365865157944365
02qFLwwFi8T804rHcYh7Zw,-0.16269471926165435,0.0,0.0,555,159,0.0239225218968244
03Lu3GNBhAp8pBtnXQ3dXQ,0.3660974960777357,1.0,0.0,31,17,0.0
03YfclexPdS_yrIbU6ahaA,0.3038825601182033,1.0,0.0,14,9,0.0888888888888888
03an5ytHalUpCjfN8vcjRA,-0.26461504101705613,0.0,0.0,143,47,0.0390794615718628
03u-wHrKSntiQvfxs4z84g,-0.12072902101267124,1.0,0.0,34,6,0.0
04l8PYcuYQeEkEhJCbhtOA,-0.10537043875630236,1.0,0.0019801980198019802,1652,788,0.0087268141621172
059fmQtYFQv3-hINwfpGsw,0.003048102692367216,1.0,0.0,81,58,0.0166569257744009
05UGAUzE88mcPxQ7WnCxQA,-0.2527445915476409,0.0,0.004555808656036446,1246,581,0.03083189902467
06ddjGdyYk580UtBwyfbdw,-0.012472275773502628,1.0,0.0,98,48,0.0383333333333333
06mrRuzYE3zTcVqDDPvzNQ,0.048238459395077204,1.0,0.0,32,21,0.0432900432900431
0784txBW2zSqStI7Xzw6GQ,0.5191659101244744,1.0,0.0,16,8,0.0
08-r0VkemADdLZWX5a-cKA,-0.3193259267727739,0.0,0.0,51,27,0.0638569604086845
089KGIJDnVJEAe3GiXzlrQ,-0.09689170419787196,1.0,0.0,149,75,0.0489451476793247
08SYU1uLNCned0Oyrh06JQ,0.022901772082400906,1.0,0.0,60,35,0.0908424908424909
08ZKDwgc7_djSZkawBu-nA,-0.2512608196457527,0.0,0.0,391,82,0.0442427680090753
091-A52K-wifGIf3jJ-hgA,-0.0553477430894348,1.0,0.0,104,31,0.0302419354838709
0ACFnKVLuLhAWU6NOic6JA,-0.07017144108200785,1.0,0.0,12,5,0.0
0Aov4WvC_3NErO5JtmoJtw,-0.019030311033638947,1.0,0.043478260869565216,120,48,0.0383333333333333
0BZdcQAJjI-Kw97mQW_TPg,-0.126477477762317,1.0,0.0,162,59,0.0316754654070574
0D1UBNxkT17qejQjjlZurQ,-0.13666178672273532,0.0,0.0,44,15,0.0583333333333333
0ERS4_k61Ea7VVunLcxlgA,-0.04427514980903624,1.0,0.0,37,21,0.0
0FIfHHrNbcc_hXbCjhU8HQ,0.01228979915236772,1.0,0.0,232,61,0.0575031525851197
0FQKOh13Tkcfgbu6qeZtXA,0.16442114680754816,1.0,0.0,15,9,0.0
0FzbiQyBnFnH1OkMol_mgQ,0.10879173062350112,1.0,0.0,49,9,0.0
0IdDSSNGXZY-qH9In5cDng,-0.04883857501671762,1.0,0.0,230,27,0.0638569604086845
0Iks7qL1wlUCtEj_lytYBQ,-0.24708231909559514,0.0,0.0,310,78,0.0563793636082792
0JGG50I4c9iAPrk7H8dRcg,0.1712971793359755,1.0,0.0,17,12,0.0
0JQgHiPAQQWkdgbBvEL3JQ,-0.03649284995838964,1.0,0.0,49,7,0.0
0JmFfcBbIux_vauRNWzD9Q,-0.17200560227610695,0.0,0.0,239,149,0.0130672474332191
0JnsAQFvOFxPltNU_smK3w,-0.06007950460299982,1.0,0.0,299,112,0.0420482295482296
0Jw_Q5vH6phmYxesX9jRUA,0.13789476634021658,1.0,0.0,44,27,0.0938271604938272
0K4RwxdAcViifyU3Htzxww,-0.31123057961023454,0.0,0.0,663,224,0.0445098784194528
0KaePrBSRJwUQaHywCM5Zw,-0.0026472504531136476,1.0,0.0,120,33,0.0285204991087344
0L23LpzmR-kRsuIr9-zEXQ,-0.08376688481107519,1.0,0.0,91,42,0.0432900432900433
0MhxvTys2ADYa3sOO91ldQ,-0.36138881513706966,0.0,0.0017421602787456446,1495,698,0.0298193250557146
0N_HQ2GsT1zNKX-escN2ZQ,-0.0987386476765571,1.0,0.0,145,52,0.0185050798258346
0NkRPv4QdGubH4xVD1DuNA,-0.34468639101433174,0.0,0.0,461,134,0.028120268224097
0OlOZ3_OEOejomAN0b5OOg,-0.17209241202948244,0.0,0.02040816326530612,440,55,0.0175324675324677
0PTuPOOXkmoP0s5STUBY1w,-0.08062667089879627,1.0,0.0,43,24,0.0383333333333333
0PxMeIT6Tj1MH2jip5spMw,-0.19672400179091076,0.0,0.0,95,22,0.1258741258741258
0Q11c6T3ydBung7Sjex5yA,-0.13158862767056834,0.0,0.0,58,9,0.0
0Qs-G8Xs-mz-jmQH5lez5A,0.029685959900397796,1.0,0.0,55,22,0.0415019762845849
0RxU5OglQyPVtLKC1LPgsA,-0.20270876989221603,0.0,0.0028169014084507044,1207,497,0.0266255064634381
0TPVRleoFUf769bCkh5Jgw,-0.20846690362503828,0.0,0.0,90,49,0.099443413729128
0TRot0XZXjzrWLWPn9ycmg,-0.24458739694479725,0.0,0.0,596,58,0.0166569257744009
0TwZfZHis6e4o6sBogUJVQ,-0.12745609806917713,1.0,0.0,571,265,0.0250554938956715
0U9lMTfd1wtf2fkLOTaPyw,-0.21365734678861453,0.0,0.0,24,8,0.2386363636363635
0UVx40zcIeh6wb_I4-QzfQ,-0.3271809837744291,0.0,0.0,68,20,0.1195652173913042
0UYn-R_LF-V0KSlYFRi3PA,-0.3604884034762813,0.0,0.07142857142857142,60,21,0.1485714285714285
0VPTpRg_99ZoQyYuf4sntg,-0.1961174398817967,0.0,0.14285714285714285,18,12,0.1309523809523809
0VlGRVZ2z62KXgZCc7b5Kw,0.20231419756152835,1.0,0.0,147,14,0.0
0VwadfoaG9dAFVgBSMcYbg,-0.10469674684483488,1.0,0.0,370,63,0.0153769841269841
0X_s2KTHYEMVxiqzFosYGA,-0.27194549487513764,0.0,0.0,354,146,0.0197205111703595
0XqNLXvLK3n6j5uDww1qCA,-0.3812775643522598,0.0,0.0,877,200,0.0417942583732058
0YELKCY1VMIA3gmP2DkHSg,-0.20072822772738286,0.0,0.01020408163265306,547,110,0.0258246178600161
0YbIF5pSvcArYqGmpQbP6g,-0.18992235446315398,0.0,0.0,35,8,0.0
0Z8ps_OfcR9eJaV2JtxigA,-0.21185033695865985,0.0,0.0,1071,217,0.0045660169957297
0ZvwD_zqnIS8MyaU95hSqA,-0.12524262968004174,1.0,0.0,21,14,0.0
0_3sLdpwzhXnkjSA3My71Q,0.012982966985645605,1.0,0.0,97,61,0.0158646218931781
0_GkFTdRWeKyeI5O8ROmnA,0.260520667312335,1.0,0.0,14,8,0.0972222222222223
0_gh-ZRllduRLrjaYy0Icg,-0.1674454871945591,0.0,0.0,136,13,0.0659340659340659
0bFgBWMmCTXwGT932s6z2A,-0.20938696225880127,0.0,0.0,120,26,0.0
0bqfOY_rF8HCVrDMgnWLYA,-0.1466458099386272,0.0,0.0,351,114,0.024966261808367
0cddB9WRKcQhzAEXEav81w,-0.19643044582333674,0.0,0.004694835680751174,1014,243,0.0348814422888497
0cwYcIySz-bdipKJjD4Keg,0.3936758731222346,1.0,0.0,72,20,0.0452380952380953
0drpRPpYFGURvX_kbdPiCA,-0.27168427347900603,0.0,0.0,606,47,0.0891980360065467
0ev1P7-P0nCXHM-0sDmiTg,0.0374619473714366,1.0,0.0,20,10,0.0
0f0l62WKla-j2cfnPn7P2Q,-0.14381511190859075,0.0,0.017857142857142856,665,70,0.0393346379647749
0f69gYJBDkWpi-F9JlPSkA,-0.2007472801815824,0.0,0.008849557522123894,423,159,0.0062106918238993
0f7mlSVIAk25QuEKGmVbPA,-0.19444705594552958,0.0,0.012195121951219513,463,205,0.027603745231765
0f93yTITlSOiC83jz2bYUQ,0.17370465136378066,1.0,0.0,21,9,0.0888888888888888
0fv1QcEpN8Xy3rczz5B7Yw,-0.33156086434712495,0.0,0.0,235,54,0.1099163679808841
0h4Oo6W8mG4HEYQzZRkoOA,-0.25688313610611624,0.0,0.018518518518518517,285,57,0.0609721023871152
0h4Vs6PqhRNbNrcel0O8ag,-0.04084643638134289,1.0,0.0,60,13,0.123076923076923
0hcn0TK1-n6-6hiznW1Kgw,-0.2085098457912734,0.0,0.02127659574468085,198,66,0.0285204991087344
0iLgVQpBeIYYwQZIblTTVw,0.2825283475267768,1.0,0.0,24,10,0.0
0iXeck2mrz9GVlffx6RF4w,-0.22470401220088687,0.0,0.04,88,29,0.084051724137931
0jDPdf7kIkjZuNDNVH8Qew,0.053882560118203304,1.0,0.0,11,7,0.0
0jJf0DNHvYI0itdQSezsgg,-0.16194063377949564,0.0,0.0,73,17,0.0522875816993464
0lKJ_pClGH_ribos6kPeGw,-0.1809302811057677,0.0,0.0,48,11,0.0757575757575759
0l_njS4wGMadAk1b4nZRUA,0.02828144457594639,1.0,0.018518518518518517,393,58,0.0327586206896552
0liks45enqVRV3_ORP2wng,0.09904866684694935,1.0,0.0,18,6,0.0
0ltwnq7Q2S76Fu-0W0HNPg,-0.18496525603653458,0.0,0.0,336,87,0.0112330198537093
0lxPrv9a3zo68r8ds5ypTQ,0.08659108137935612,1.0,0.0,131,58,0.0166569257744009
0m5uP9SGYT7w6liaBROwXw,0.048238459395077204,1.0,0.0,34,24,0.0
0mUVD5sDXZjd66XwATN8XA,-0.24822245671412901,0.0,0.0392156862745098,627,103,0.0274775599926726
0ndzIekJs0PRPA5Aoz9sow,-0.3858166655885894,0.0,0.0,803,180,0.0108669108669108
0nlGy4Q5La_hWomqRIskxw,-0.15609653245903088,0.0,0.0,110,61,0.0307051782461618
0oX6TJp-yldw9ZNl0ACd8A,-0.2785622272845434,0.0,0.0,117,36,0.0930555555555556
0oogOBGXNj39Wnl2SKoe0w,-0.2490419623945792,0.0,0.0,138,80,0.0237804878048781
0pMj5xUAecW9o1P35B0AMw,0.04868274191968003,1.0,0.0,87,8,0.0
0qMuzRkFDNO-8OBZf3Yi3w,1.0,1.0,0.0,11,10,0.0
0rM3Izz5hVz-_kf339YMeQ,-0.1676274976267328,0.0,0.0,101,26,0.0356125356125356
0s8M7TmzxKfAibuBmm2uYw,-0.07654734304549582,1.0,0.0,599,53,0.0
0s9wc8XMhxgKbiHUreqeRw,-0.3190769676833913,0.0,0.0,187,99,0.0456487956487956
0sLvh5ODb0W7uL3WWOCTeg,0.06387588696475521,1.0,0.0,65,19,0.192982456140351
0t1jvk8ZV3f3xqA0RmDVYw,-0.14126539882764577,0.0,0.0,188,72,0.0135083713850838
0tamJjc_EA4uLJOhb9dtgw,0.04846210365155834,1.0,0.0,821,48,0.0383333333333333
0uAdNV5KUFOgbg42MhDwWQ,-0.00832206938083091,1.0,0.0,29,10,0.0
0v6_mSaPBuBAKevIpRp-jw,0.3038825601182033,1.0,0.0,12,7,0.1071428571428572
0vU_OcoHU_hcEfNTpDyOvA,-0.21699916454392731,0.0,0.0,74,11,0.0
0vfmJXYVLZAMpUuNJx6ejw,-0.12288729316438984,1.0,0.0,37,25,0.0
0vlisQJ0jKFB16KYi_q3LA,-0.06406080691812266,1.0,0.0,375,22,0.1036363636363637
0xIhMfCFH94RXTFGx_Mhtw,-0.1426005939559999,0.0,0.0,332,166,0.022962437987243
0xkgRnUPJKhfaCTc_Udqeg,0.027846049307233334,1.0,0.01694915254237288,186,76,0.0673940949935816
0yMuUGGzk0DEEpXxdo5yjA,-0.2529000899404402,0.0,0.0,59,29,0.0321839080459769
0yOfDyqoJTp6-9qbyroyEw,-0.14606280970996077,0.0,0.007936507936507936,511,148,0.0430252833478639
0zH0l4Jbf-oove3cLvrFOg,-0.21813272141772777,0.0,0.010135135135135136,571,359,0.0553301310873746
1-mGtpou2HFwVhUmwUmS5w,-0.28621843045894696,0.0,0.0,101,47,0.0
1-z7wd860Rii4kbEMCT8DA,-0.23663630556941367,0.0,0.0,424,189,0.0437175992731548
103cmgKE0n1Cb8QCEXvbQQ,-0.35226763141187944,0.0,0.0,1251,186,0.0530811636919381
10B8LifXfBtMLbrYzTOy1A,0.024970649348042273,1.0,0.0,86,40,0.1049999999999999
10M-OPRL1iITxEM7FIqeeg,-0.1294303032958396,1.0,0.0,76,11,0.0
10kx3j_jGJutjQDJSw_cBA,0.1712971793359755,1.0,0.0,21,13,0.1442307692307693
11_eIDfQ146e1J3CMPjpqA,0.2809466846211378,1.0,0.0,25,14,0.1071428571428572
11oJkLpheKBkgTfmE1mEDA,-0.20483389327125404,0.0,0.0,16,13,0.0
12aD4pD1uCJYA4ivdAd3Ug,-0.08036790254290371,1.0,0.027777777777777776,116,43,0.0626895854398381
12uWSsgW5wkWzkxPycLtzw,-0.11611009784817772,1.0,0.011627906976744186,255,121,0.0449014121168738
13N2olEEZ3E6rshOriEGSQ,-0.10206063749090644,1.0,0.0,94,12,0.0
13UgduZFJXeiTFsJu5Y8gg,0.12346059112784735,1.0,0.0,124,52,0.0185050798258346
13oEDtCHrOvbhsHzno2Vvw,-0.21372127973291055,0.0,0.012048192771084338,515,108,0.0428548017043592
14UWSgKjw5YLBqKYjBPjtw,0.14214286632880868,1.0,0.0,68,34,0.0975232198142415
14ZGwnDyydXdSBsLXpSUrA,-0.09637230820855247,1.0,0.006944444444444444,828,304,0.0309880992289639
14qJA3j7Ut5_mQ691BT8aA,-0.22277344280067235,0.0,0.0,261,81,0.023501413059646
15IzVzKuvUCrpM1AFvDT_A,0.46110751696395447,1.0,0.0,22,7,0.0
16F4GypSrqrwObH6IkaOUg,0.1250868741247163,1.0,0.0,66,9,0.0888888888888888
17MK8qagV374AuUA4sXuIA,-0.32443647799042785,0.0,0.0,1610,611,0.0336123155524183
19ucoG2VHdR2aMGyf4aoNQ,0.3653344158861642,1.0,0.0,146,21,0.0432900432900431
1A9p0iMiPsIqC0iDRMfZow,-0.13872659562237277,0.0,0.025,467,46,0.0407608695652172
1AJHVnRGxTWNMaFbIUbWcg,0.029806468992393254,1.0,0.0,40,9,0.0
1B6S6XDoX1fWnQI0_K1b1Q,-0.25824201434687005,0.0,0.00975609756097561,746,311,0.0388829343813266
1Bby_pb1ZBojRRcslDk1gA,-0.37883136440964527,0.0,0.0,317,99,0.0098989898989898
1C6IeR5K7vtEPCcb164svw,-0.2665991087646159,0.0,0.0,118,21,0.0
1DCUoKRe971ZReg1nk-QIw,0.6745243334234746,1.0,0.0,13,7,0.0
1DVFSLWmzyqRHmSyVwN81Q,-0.19108682193921073,0.0,0.015873015873015872,170,68,0.0955882352941177
1E5h3CFrNZetWcWQut-KwA,-0.051154249743317615,1.0,0.0,230,92,0.0106358111266946
1ECGsFgm4FlHbmZyltFdLw,0.006310577910446091,1.0,0.01020408163265306,269,125,0.0078730158730158
1Efad30BdOeqqjX2d6P4sw,-0.37145464756144897,0.0,0.0,387,99,0.0285204991087344
1FB6qlf7ZuUD22Vyqo_4RQ,-0.3389642968464853,0.0,0.0,79,18,0.0497076023391813
1FLnFCgwTiDoVjBJAViXnw,-0.27756687295609944,0.0,0.0,47,21,0.0
1F_lKVOdC8UN-5UOQ-FSGA,-0.2798990271603618,0.0,0.0,62,29,0.0
1Fs3_bjPQwvSXZHGGlFE-A,-0.07263433420502152,1.0,0.0,598,255,0.0227180527383368
1H-RURg-RoOuSDmwAmMhLA,-0.028702820664024464,1.0,0.0,12,7,0.0
1HNvVBmQX6F_0rMVdvKi1g,-0.04404379485157217,1.0,0.016129032258064516,1075,79,0.0472777184688117
1J6QlHsJeXFTrL-mdjwjNQ,0.2386633891884936,1.0,0.0,96,10,0.0
1JGfNy-SMPQK86PNWPjJvA,0.07408852016252954,1.0,0.0,22,6,0.0
1JXJbmiVaLK2Wc2-reqQ5w,0.1559182984513945,1.0,0.0,49,17,0.0
1JYW2WmoighRK2b7fGZx4A,-0.041160222519184164,1.0,0.0,71,24,0.0
1Jo4UC0YNPoPm9Gfur8tQA,-0.11940366128194702,1.0,0.0,62,39,0.0
1JtpcHELRrSDoWS80WtzuQ,-0.12642212853245516,1.0,0.00392156862745098,815,319,0.0151902163396417
1JxSgUivApwcRYFnXw23cQ,0.01916591012447444,1.0,0.0,13,5,0.0
1KhFin3FDeR7auf39WBUiw,-0.15374058963296666,0.0,0.0,21,6,0.119047619047619
1KsRngfDY9Tr5mGvOQaG9w,-0.39467377441360457,0.0,0.0,168,85,0.0428288169200263
1KwwJvCwwjdtlgeuxoMhsQ,-0.15677316871650548,0.0,0.0,835,285,0.0744677227048202
1KxvbQoLUSnYlgxzJ3FEJw,0.22143356196090846,1.0,0.0,130,24,0.0
1LGyVebO0VzuaMiFjpH3bg,-0.3281269200265161,0.0,0.0,181,99,0.0285204991087344
1LL54pSLD2MS1u3OvCzygw,-0.11211413756853239,1.0,0.0,78,38,0.0
1M7b87GZXWOTjQTq3cxRBw,-0.23166603365722815,0.0,0.0,154,54,0.0888888888888888
1MPwu6bFI67m39SUXH1hxQ,-0.18998612829781425,0.0,0.0,90,13,0.0659340659340659
1MbwLxXrQk7H1FOidg8hoA,0.0739515908665459,1.0,0.0,102,72,0.0135083713850838
1MeIwdbTnZOBFCKOrgaxuw,-0.05848954818166985,1.0,0.0,206,80,0.0551470588235294
1Mmo93UBNsaVW7OnpWDuQg,-0.14982550451445198,0.0,0.004081632653061225,1167,335,0.0087962554093439
1MpCSA9931OUqvZ3vTqzvg,-0.204817589773301,0.0,0.0,44,20,0.0
1N58_B4IsWcj19QZyJdzag,0.14919811274890538,1.0,0.0,147,24,0.0
1NJTnfFfLYnt8-p3iUoGOg,-0.2667301067817547,0.0,0.0,108,5,0.0
1Nvx5xo_cErlEqpubzocSg,-0.13954646098202295,0.0,0.0,32,12,0.0705128205128204
1O-cOXmPlowTmoGgMi2Vtg,-0.2122413631312665,0.0,0.0,181,90,0.0311827956989247
1ODBqsrWYKcby46CHOYjRw,-0.05358597982538682,1.0,0.0,17,5,0.0
1P1xD7dYMrd9VseziFi0bQ,0.11082429798352578,1.0,0.0,23,5,0.0
1PKvoJ-jtw1UcuzCVtoqiw,0.053882560118203304,1.0,0.0,19,14,0.0619047619047619
1PMAO9O8iQ3gIZlPEaJN3g,-0.20017771132012407,0.0,0.0,88,30,0.0
1Q5c2dyYzgMW0KBDNxahXw,0.35189797032554004,1.0,0.0,63,18,0.0
1QJD4wh6gdlO6I1h0_FiZg,-0.2253068450642569,0.0,0.047619047619047616,159,44,0.0415019762845849
1QQTCX8HOdIiCkaGJzWFpg,-0.3671597509651381,0.0,0.0,592,100,0.0098019801980198
1QprdzNzcYKRcSTIfh5BGw,-0.23470550637556697,0.0,0.0,86,18,0.0
1QwLNoPJuDaye0uqeE56xw,-0.1912568607036497,0.0,0.0,33,19,0.0473684210526317
1S5JNnoREqmcy90pZq_naw,-0.25905307343713346,0.0,0.0,486,200,0.0237804878048781
1SI-jPcGxag54hWZvafxIw,-0.1593882344026134,0.0,0.0,159,18,0.0497076023391813
1TDkOZykS66a7pV6yeAAHQ,-0.023421188630034506,1.0,0.0,23,12,0.0
1T_b-aka5LMYBbq2gG1n2Q,0.2527292966564174,1.0,0.0,77,45,0.0
1U5ZqhfQZXPw0v_Fa29WBw,-0.268017761265586,0.0,0.0,218,81,0.0120445648900933
1V1QNsvymonQTNjKVd2gQg,-0.043972649506348715,1.0,0.0,142,13,0.0659340659340659
1VHsBGgnioHuFYINzeplPA,-0.3118494980038131,0.0,0.05,66,26,0.1401985111662529
1VUeZg25PebLy9ZMVCddbQ,0.795166106728746,1.0,0.0,9,6,0.0
1W657uKWvcMKIHaOmEOc-g,-0.2373134625816391,0.0,0.0056179775280898875,543,182,0.0625810087348548
1X1vMLF6VnEwOqOrPuWQNA,-0.15070189146097812,0.0,0.0,97,11,0.0
1YBqzpRWXW_Vb5grCPGRvA,-0.30684935132465707,0.0,0.0,83,20,0.0
1_6ZbyrDRJz3aTSsm5AgQw,-0.06992523817274587,1.0,0.0,49,24,0.0
1_BzX6o0O6w_9yx9NczMrg,-0.28042807899359656,0.0,0.023255813953488372,270,48,0.0551470588235294
1_ggjy2ygyhAztMvjLCCEA,-0.12650241801686923,1.0,0.034482758620689655,227,98,0.0551412872841445
1aSABPmktJY072mRN7_h6Q,-0.06430625221012698,1.0,0.030303030303030304,128,42,0.0432900432900433
1b3kbq_fIw8QoAYnqOzHfw,-0.19671679924616214,0.0,0.0,25,10,0.0
1bngXk4GqyW6nO_TUUB4hA,-0.07594550613094186,1.0,0.0,164,51,0.0
1bsQMS1SeLxcqXrJQYVfGQ,0.5649881931868204,1.0,0.0,14,7,0.0
1c669rzhfL88tNGuOhMFlw,-0.24727792147462002,0.0,0.0,111,18,0.0
1cjR9b6qWme6ipVIffWlow,-0.05154547956708544,1.0,0.0,45,12,0.0705128205128204
1cqOPqedKmkYhbeF4T8YUQ,-0.002818044280884724,1.0,0.0,22,12,0.0705128205128204
1cxwHtw_UBMSOE6cvNmVmg,-0.2111144856305497,0.0,0.0,33,10,0.0
1dizGIlRvFex3ivVyhMvIQ,-0.2851881919016239,0.0,0.012658227848101266,191,125,0.0577443609022556
1eLL2eTmHwbrC6w1VzMjGw,0.390568135017075,1.0,0.0,19,8,0.0
1et8GvbWnXrClLli988vJQ,-0.07804408912204708,1.0,0.0,30,7,0.0
1f1ZvvT1qyFFTIW-BdJ95A,0.03669348517704751,1.0,0.0,93,12,0.0
1feuZITxuTrl9mr7V11kwQ,-0.21546567529756544,0.0,0.010638297872340425,863,217,0.0345314900153608
1gsByhy26ZZtg87sJGcpNw,0.04839684337322314,1.0,0.0,25,10,0.0
1gusOUHcPCeorq8EHWZaKA,0.31903734004209305,1.0,0.0,9,5,0.0
1h9NXhwX4C4pXuBg7Dq7mg,-0.18293746190274318,0.0,0.0,102,54,0.0178451178451177
1hRBDT7ajCL7u73SulUP0g,-0.23251945685291497,0.0,0.0,126,42,0.0432900432900433
1hZCHWFUixqG77pEqpubYQ,-0.24520963406920093,0.0,0.0,247,74,0.013153153153153
1i0NDQ2VUchckortEI_GeA,-0.17274953661977088,0.0,0.04,139,39,0.1264957264957265
1iUzYwhTMeNf6EkLpVNcVw,-0.18193340179029416,0.0,0.01282051282051282,190,126,0.0297924297924299
1iuT0GAiXBeIA1BVidxkCw,-0.25841664159708566,0.0,0.0,1247,376,0.010456326987682
1ivYXPfJCuOrh3O0lTW_Jg,-0.36773254868703875,0.0,0.039473684210526314,298,94,0.0654097324626079
1jx1sfgjgVg0nM6n3p0xWA,-0.028181370333504874,1.0,0.0,142,41,0.0453771979580259
1klRUBB6LfKCotq75BVmbA,-0.4464567479721731,0.0,0.012195121951219513,236,114,0.0473684210526315
1kzNeQbACsnSGR0ubpsNbQ,0.12763769140220294,1.0,0.0,18,7,0.0
1l4-uhraQzNiRjppKyMUUQ,-0.15649762296098174,0.0,0.0,183,117,0.0
1l6enor7mUQT7dyJ7WCa9A,-0.282072491851738,0.0,0.0,113,24,0.0
1lWASQ_QiT_RFPEeSvyF5w,-0.11508667948083551,1.0,0.0,40,17,0.0522875816993464
1lYgczPofVzbRqBT4XdLZQ,-0.3789348647160955,0.0,0.0,46,14,0.0619047619047619
1lb42lEHaZMhy_1gLQNXoQ,0.053465610974194555,1.0,0.0,82,13,0.0
1lvDkCIAqGlDUxWmXQgKvA,-0.22926222162628573,0.0,0.0,103,46,0.020814061054579
1mLyYz0skNlRGP6wXBEmHQ,-0.212533052972733,0.0,0.01639344262295082,138,82,0.034002869440459
1myhYEZ2EC98hrNMw7KAqg,-0.454476070874809,0.0,0.0,431,182,0.0260034083563496
1nFRRAsJ740DLZdXS6_chQ,0.1150635100398898,1.0,0.0,37,22,0.0
1nMLt5F9MO-RUhW7jMVlMQ,-0.1495064292432493,0.0,0.0,46,17,0.0
1nXNyhtAS2y-e4O14LJBRQ,0.4820736913596162,1.0,0.0,23,13,0.0
1oGCzoCC6HnQWpdK9cCP0g,-0.17982626081926956,0.0,0.0,255,93,0.0105239075726377
1pwtjoNAoi7kIXqf1Z-AXg,-0.429311858900299,0.0,0.0,63,10,0.0818181818181817
1qHkyWDixBqIE_SH4fuCXQ,0.10829306683022633,1.0,0.0,39,29,0.0321839080459769
1r7NMwVO9tDyDJLVWsM4lg,-0.16959363737751365,0.0,0.0,280,101,0.0097068530382449
1rN5JlJuoJxHppuS49qxDQ,-0.1319364551229999,0.0,0.0,44,8,0.0
1riuPe3T4qcDkYlmEPku_Q,-0.2682632114696073,0.0,0.0,69,21,0.1071428571428569
1s8KM8GP5X3m7ck57tCFpg,-0.053273959107328905,1.0,0.0,54,26,0.0659340659340659
1sZKO790Q6C4aV9PKmtWeA,-0.03766958444211055,1.0,0.029411764705882353,719,38,0.024966261808367
1sr2QUShlkVk55LN4Ehkxw,-0.03510487843922916,1.0,0.0,52,30,0.0
1tm-CQ4-dFxY03fAScQ01A,-0.21583891863274973,0.0,0.0,115,18,0.1349206349206348
1u2IlvwOMndfuRk9EVcieQ,-0.21344486778120036,0.0,0.0,915,221,0.0216233532214791
1u_cOXKrpzUSYkAPBhY4Cg,-0.036728597739149826,1.0,0.0,53,11,0.0
1v2VVeaOFM4NRaxW28tkzQ,-0.23522033715138446,0.0,0.0,92,15,0.0583333333333333
1v5n-Sb3HW_2Uhaq1X1PdQ,-0.3150830181986123,0.0,0.0,88,32,0.0293560606060605
1v65CU3ub7VdM6GexSixAw,0.19225421016141298,1.0,0.0,37,21,0.0
1vMvq4kXlOmSdPDWp_1shg,0.08598909207772709,1.0,0.0,54,8,0.0
1vN178lXfJ77EmFRBYzteg,-0.4526027787309525,0.0,0.0,181,112,0.0253881987577639
1vPSY4EA-fTRIZYz1Ruzow,-0.2776820108839645,0.0,0.016853932584269662,806,356,0.0344310465576565
1w40T5J6br425rMvpS1zgQ,0.09259238956709048,1.0,0.0,36,24,0.0383333333333333
1xOyqnO5FtxSLwRfT6mzPw,0.020839121237228864,1.0,0.03571428571428571,99,33,0.0536796536796537
1yeVKNQRYPCeQtADajZ9Sw,0.024349656111507967,1.0,0.0,27,13,0.0
2-6E1sAD1MKUixksDw-hkw,-0.24808345884923433,0.0,0.0,68,28,0.0619047619047619
2-i-GRNg9dYlBJYfb4k0Rw,-0.34492628046481755,0.0,0.0,312,61,0.0445696721311474
20DL03rDdw1R2mSH4ORVJA,0.29285020338325696,1.0,0.0,38,28,0.0
21Yrp9EY9pI09qy-YYBhVg,-0.04714079989518394,1.0,0.0,291,89,0.041077685151625
22DNKxXIMwjcYa1DFebfqA,1.0,1.0,0.0,11,10,0.0
22JMnG7XzPRJC0aj-ipHtg,0.41541192008865246,1.0,0.0,10,6,0.0
22_KB3FITRnuTXCEHsXpIg,0.3214965916240725,1.0,0.0,81,31,0.1050691244239632
25tI2s_AmToGGE2fNQYY7w,-0.05385192444476594,1.0,0.02702702702702703,197,47,0.1189913317572892
262dmM9ixxYp5K5UdmuaCw,-0.09828094117052388,1.0,0.0,810,50,0.0369230769230768
26EPJeHypRPvF4UgJWi2Zw,-0.19455258089370964,0.0,0.0,615,155,0.0302419354838709
26nB0rypwfXXa-dnRREu0g,-0.15830722886233606,0.0,0.0,123,50,0.0532075471698112
2785LQ3MgpXMgQRakACT3g,-0.24977947120664212,0.0,0.0,252,45,0.0
27LOZZ6MvlT9B0RfOca2Ug,0.4268396901414392,1.0,0.0,47,17,0.0522875816993464
27Za9Rl4nmXK6vfEf0Fv6A,0.01793223487543849,1.0,0.0,41,5,0.0
27wpv4Za6iXAzLp3R19Riw,-0.06650421619165237,1.0,0.0,51,30,0.0311827956989245
27x17_lW-rawrzv367mpNA,-0.23841147983747046,0.0,0.0,14,5,0.1333333333333333
283P7ZbkvsHfhZTQX5m96w,-0.30373182778225366,0.0,0.0,70,23,0.0
28s9c6Ibf9cgC7c8Szo6WQ,-0.18550369683396128,0.0,0.0,324,125,0.0154960629921259
29OSyDLAiX1nxP1SEaSWtg,-0.1573716755542286,0.0,0.0,58,24,0.0
29ThPh6IA69V-SfcwfV9Dg,-0.009413704508576815,1.0,0.0,805,48,0.0551470588235294
29YqJwOGEuAWqlHZxMc1OA,-0.3000248653834652,0.0,0.0,858,290,0.0068256967406707
29mQNZv8dsN8IAJ8uBnjUw,-0.3303024882512524,0.0,0.0,65,7,0.0
29t8lDBLiwkEd1HA356dOw,-0.29091456926604353,0.0,0.006514657980456026,1365,386,0.0174886946433043
2AqEWqRbKhcY-30b9geCRQ,0.054720113916555624,1.0,0.0,114,19,0.0
2Ax2c1Ok3bCa2CO-HKIzHQ,0.059260502307364016,1.0,0.0,64,19,0.0473684210526317
2BMk_drsikKWslJCXmQtjQ,-0.24029207407679587,0.0,0.0022560631697687537,5589,1984,0.0189531576387671
2E5fh57OvOQMWwxxEOkN8A,-0.16148780588232214,0.0,0.00819672131147541,884,316,0.0324681608794952
2EDFZFFdE3p-ZD7-loI02A,-0.12657116036856964,1.0,0.0,296,105,0.0269841269841271
2EOinQpyU4ChpyJ4KusO2A,0.01334141690748658,1.0,0.007246376811594203,373,152,0.0424942072161536
2EWZLzieEZo8KD-Kw2N91A,-0.28366821043062923,0.0,0.0,35,10,0.1923076923076923
2Ec7JLAHcJo4Aj2yvqfkiA,-0.03970883953323412,1.0,0.0,83,21,0.0
2FSMRmpCjkbAY615yJp_Qg,0.2769412800591017,1.0,0.0,11,9,0.0
2GUTsH6BHqasxtBEcXwNzQ,-0.1926760436812146,0.0,0.0,64,14,0.2063492063492062
2GgFrz1dQ6NzR29UIYQ8Xg,-0.05966740556659067,1.0,0.030303030303030304,155,81,0.0456063907044299
2Gik-IBYVBuU3e10pVdkhw,-0.2145798109199658,0.0,0.0,525,153,0.0834889511360099
2GwrhnUq7qvX08_31aRiSA,0.04155503938900185,1.0,0.0,92,8,0.175
2HKLaz8nktScK4-1hIFykg,0.3045575444929224,1.0,0.0,42,9,0.0
2HOWBsPJ1gdOY4_k-iCXPg,-0.17521173485478025,0.0,0.0,998,139,0.0274689339437541
2HkgsHiqWwEW9e44Vhw8DQ,-0.12253091568153784,1.0,0.07142857142857142,61,21,0.0828157349896479
2HsnioWszOnG0XPIDhrilw,-0.06453352778958965,1.0,0.0,56,29,0.0
2ISww4-o249VMoy7zKsWBA,-0.006650601210923646,1.0,0.0,127,74,0.0256045519203413
2IahpaBR4U2Kdy9HF28EQA,-0.22497207657322504,0.0,0.0,1784,264,0.0251453650900144
2IbyhYMs-JpZTxPNQ2ICQw,-0.3695931532151939,0.0,0.0,60,26,0.0
2J36fuglZCzvzfFlneRFjA,-0.3905951309805512,0.0,0.0,112,18,0.0497076023391813
2J6x5uYTXbJzTHbQN1W6eA,0.012115839521025573,1.0,0.0,59,14,0.0
2JBon9dZPJLF8oKkxH7KCQ,-0.19344516586750438,0.0,0.0,135,42,0.0786749482401656
2JK2p9X5FftFxNwbqWdkdA,0.5,1.0,0.0,12,8,0.0
2JKbWGJeE3LdwHJZSeAGEg,-0.2630061657389038,0.0,0.0,527,114,0.0086193745232645
2JdCmdTOWBvf-DQ2xaVpJQ,-0.03312193633738125,1.0,0.0,172,105,0.0093441150044923
2KIDQyTh-HzLxOUEDqtDBg,-0.027177581881010493,1.0,0.003977724741447892,4207,1551,0.0198229658855186
2KjXarF28RIn7_APW1b7qA,-0.2355396359830133,0.0,0.0,59,32,0.0293560606060605
2Kqq7D6oj4FNF_9JmVjQJw,-0.3179807763878807,0.0,0.0,77,7,0.0
2L4ncdPfO7b5k3wyWAz9CQ,-0.32590326861436103,0.0,0.0,36,19,0.0852130325814537
2LJYUjeRv53-FGG0sljByA,-0.0756390640195792,1.0,0.0,68,8,0.0
2LSVbGkyFSVflCbjWyVrhg,-0.08477935524279723,1.0,0.0,47,23,0.039855072463768
2LokHe7GtKZD9Q6w0dRe_A,-0.3517121701065791,0.0,0.0,121,66,0.0
2MKTSjcis749QGzm0vwFXw,1.0,1.0,0.0,9,8,0.0
2MUvyUxQ8KDo5_H_re3OKA,-0.05485005248823893,1.0,0.03571428571428571,71,39,0.0659340659340659
2N8aVo6j0PyL5Qj-qL9upQ,-0.08523618331369842,1.0,0.0,109,22,0.0415019762845849
2N9WHETHcYJsfYpHQ-qN_A,-0.11757270513991935,1.0,0.0,370,156,0.0414896963976718
2Nvq88a-NLYC0e3Jc_vvTQ,-0.008078506462354085,1.0,0.0,89,13,0.0659340659340659
2P-pvj_jo0SxNe6jih6sOA,-0.037278315146575536,1.0,0.0,105,67,0.0281202682240968
2PeuTPjcC5jEyrMt9o-w7w,-0.4132598307646364,0.0,0.0,1723,267,0.0478494408679541
2PjqWbfEefH1AMpL4opE4A,-0.280764011964006,0.0,0.0,187,32,0.0
2Q5gjf_K68145UdUyKGAaw,-0.27973120633559295,0.0,0.0,172,75,0.0252813852813851
2QIxk_gGB9rRX45uzmPHuA,-0.28614409214118974,0.0,0.0,38,10,0.0
2QJSPJ8X1tM2eZ6ipLf1AQ,-0.1713215238340523,0.0,0.0,124,31,0.0
2SLtQI24J5Qwolxil-W-MA,0.7769412800591017,1.0,0.0,8,6,0.0
2SevIwjgGdDdkIfs3Peu-Q,-0.10313857472165167,1.0,0.008130081300813009,400,145,0.0321839080459769
2Sgt5ekJ7F785czScIZEYg,-0.20941228919636623,0.0,0.015544041450777202,631,229,0.040342767353054
2TYaq5AfaFi8kv_eacQYrA,0.21554284463227796,1.0,0.0,16,9,0.0
2TwEl4XCxOTuOJUNMXp3Kw,-0.22305871994089835,0.0,0.0,9,7,0.0
2UvdgkdaeIFcakXBvRKLZQ,-0.0012473109151818207,1.0,0.0,67,35,0.0269841269841271
2V82l0NAsTWwOaoDQvSqxw,0.14287335686049718,1.0,0.0,90,65,0.0420814479638009
2VPX222bhizLlWZrLQL3PQ,-0.3452926702585481,0.0,0.0,965,187,0.0204944424223758
2WHu0k5VVM1Pn9AFzkSBlA,-0.21901735064889272,0.0,0.0,281,109,0.0176874121828249
2WP7yrPIdXaaZA_T50jcgA,-0.13467356669901698,0.0,0.0,345,64,0.0151442307692306
2XK7ZqKSygxnn7iDpIeRbw,-0.07638815476724725,1.0,0.0,208,61,0.0575031525851197
2XlnquSnBb1ayfsw3Lk71g,0.36705986173164357,1.0,0.0,16,9,0.0
2XmP7QMdeiGTtJou5BMosQ,-0.27265448548605964,0.0,0.0,76,35,0.0
2Y7h1oxMRfVVGvc02aTn5g,-0.11654468959443587,1.0,0.0,51,13,0.0
2YanqRyvO7nzfwi2SPQa7w,-0.09966674220073568,1.0,0.0,95,36,0.0497076023391813
2YnQAJdeFrcgPa8MqIYcDg,-0.3104887773857251,0.0,0.007751937984496124,991,294,0.0446815089672234
2YoJUob1RL-LCYGiXdq8dg,0.023994391786057334,1.0,0.0,167,41,0.0631929046563193
2Z4UlKeHAKmxHqbyhj4a_w,-0.3039416969205059,0.0,0.0,209,82,0.0119012635909492
2ZSnGlqj8JOWcN2bNf-3SQ,-0.26141457413445846,0.0,0.0,1018,242,0.0610261973898336
2ZrmEwoZW7Na-JVH9dM_Ug,-0.20930366599867978,0.0,0.0,31,6,0.0
2aZNVfzU-3672SjRHnPoOA,-0.2602302068219965,0.0,0.0,692,254,0.0152597204419215
2brttsiFBlW8070dsPzQDA,-0.16574291704650107,0.0,0.0038910505836575876,997,320,0.0239138719512195
2bugq0djs9WnBMHaIr4iYw,-0.21540775090889974,0.0,0.013888888888888888,209,82,0.0119012635909492
2bx_F3UOGmeg5SQR6RoD0g,-0.21257846623105547,0.0,0.0,185,48,0.1033950617283951
2ceJseysVj1LEp5SmVL9Jg,-0.01909221983690723,1.0,0.0,316,26,0.0356125356125356
2cfEAFZZee8fq3Xx6yZ87w,-0.10898642473726572,1.0,0.0,140,21,0.0432900432900431
2dVJ7R-3JMmu2v4DJYtBbw,1.0,1.0,0.0,6,5,0.0
2dlQX5sP9X6Dlm1MmNOlSw,-0.2823120944001519,0.0,0.0,481,105,0.0
2f1ZnZg7730yChhV24ARJw,-0.24813235236517384,0.0,0.0,508,44,0.096938775510204
2f5JQR_QxrmqUHSjzpZynQ,-0.060566287543325714,1.0,0.0,402,94,0.0397307859313937
2gTnSpYBmg_5JubGpCtSQQ,-0.30353404176295207,0.0,0.0,96,41,0.0
2gW2AflncKzHvmSvel2LBw,-0.2693438452988848,0.0,0.0,119,53,0.018169112508735
2gWAivEMugrIdrl0aol8IQ,0.7769412800591017,1.0,0.0,8,6,0.0
2gi23-n_4fTU11olohHxrg,-0.291484987311289,0.0,0.02702702702702703,225,90,0.0793650793650793
2hzXcWn8bOpzGTI4BfnMYw,-0.12776172377212358,1.0,0.0,80,36,0.0262762762762762
2i2-1UZ5wYRBd0zfkww9xA,-0.38948291763713133,0.0,0.0,116,43,0.0626895854398381
2jGFCdLWvw_XyU1gBdaxcg,-0.25728913310700935,0.0,0.0,51,17,0.0522875816993464
2jbu_xi_FEghI37kPG5LzA,-0.1873316121279469,0.0,0.1,54,25,0.1573333333333333
2juujWzR3Ac_TSmbTzWawQ,-0.18264679985224586,0.0,0.0,15,7,0.0
2kOGFDJ9v4T9AzuKWhwl2g,-0.23255443656922492,0.0,0.0,536,53,0.0505390835579515
2kfa2IBX3oy2zQX4PAkEpg,-0.2809408518866955,0.0,0.007633587786259542,513,161,0.0291850632343038
2kvPnK4DLK09KHvvwEj1xg,0.7769412800591017,1.0,0.0,7,5,0.0
2kyczXOKMGqcDdval--KJw,-0.16828463292148643,0.0,0.0,118,10,0.0
2lcgp7-09VXUTnlQ4PPKpw,0.16536978903247945,1.0,0.0,271,6,0.0
2m8Gdh2AYepXn0dQBA5y8Q,-0.06703909156352161,1.0,0.0625,62,25,0.1241379310344827
2mBzfKvAM4kSU6Gm9WS7lg,-0.1961174398817967,0.0,0.0,12,8,0.0
2n9elHQvEt4xL9neD7KviQ,-0.1209879999622262,1.0,0.0,54,23,0.0
2njTjQ35skXN171KoobeGg,-0.22812628537302015,0.0,0.010101010101010102,1655,345,0.0485008184612927
2oHyI8snh5WtEh83gSczlg,-0.002245519859118472,1.0,0.0,11,5,0.0
2owewxu5r6mLfKv6BBV3Aw,0.1507628534764388,1.0,0.0,101,9,0.0
2pBNVsJo3a3CPbInUu9lvQ,-0.17198069679601202,0.0,0.0,310,134,0.0
2pWQjLkIynlvTdgPGxINvQ,-0.3099582501174718,0.0,0.0,271,112,0.0087705436156764
2pWloZENgEOocyU6WtPsnw,-0.3071349665215555,0.0,0.0,105,40,0.0
2phMafOfwZuzShT7iaHH1g,-0.1199287274494516,1.0,0.0,214,113,0.0556047197640117
2pov9KtQBTChfCoJ0IvU5A,-0.11883723627158005,1.0,0.0,381,72,0.0618686868686868
2puBfTq70dyDFkRlkwm1mg,-0.028616311694765195,1.0,0.02040816326530612,200,98,0.0099979385693671
2q8iaxBfJdSq3SLCi5NAsg,-0.19620636036438166,0.0,0.02,217,79,0.0667163067758749
2qhuQ-tnonyLEQLw2cbvAg,-0.15142405235816248,0.0,0.0,47,9,0.0
2qnuqB4Q7yVDSnUFRHfVrw,-0.24058225534459787,0.0,0.0,189,20,0.0452380952380953
2rTCpBUN36jDhRxid_-Kng,-0.19222749623437674,0.0,0.0,615,37,0.0498960498960499
2rmpfdyV2POqpXtmPHO_IQ,0.032652152035003934,1.0,0.06666666666666667,119,27,0.088888888888889
2rnDTrLx9yiWnfDX2P3EFg,-0.180497914663722,0.0,0.0,109,7,0.0
2rv-W-PBYciHvOhruq8rlg,-0.16225722626990602,0.0,0.0,71,15,0.0
2s1e-4t_35JfQBXAluqqzg,-0.0746145096160804,1.0,0.0,19,5,0.0
2sGHOKjHl5S0iqRDTmNgMQ,-0.16010883195330694,0.0,0.0,290,32,0.0293560606060605
2tAi411srrpmMofeAKdACw,-0.056846786840280494,1.0,0.0,164,113,0.0334316617502457
2tsyQ6I1hjqAmRdnrTV94w,-0.18718846145283174,0.0,0.0,87,7,0.0
2u0mmUtcEdvgeioiGE730w,1.0,1.0,0.0,6,5,0.0
2w2L1VAFAY89zcKtPC20jA,-0.2626062289628488,0.0,0.012048192771084338,462,100,0.0380769230769231
2wd7o7XbEywXTUqx6RITzg,-0.06459707123784508,1.0,0.0,209,46,0.020814061054579
2xvxGJu9rWdhZ7AheiOheQ,-0.04309041108252376,1.0,0.0,115,59,0.0163841807909606
2y2LhpdlHuGU6bkAHFSoQg,-0.3605763519673494,0.0,0.0,117,26,0.0
2yhZklZm-4SmAVYRdPK4XQ,-0.002245519859118472,1.0,0.0,11,5,0.0
2zocwC7qMq3LsivPn9Z-Eg,-0.26983727450189043,0.0,0.01694915254237288,731,195,0.0549485940790288
30QeVr3702wSurnf-kLHWA,-0.22429718668616028,0.0,0.02857142857142857,118,44,0.0217171717171718
30SDmG0Lzlly8ZISz6cXuw,-0.26136462960277773,0.0,0.0,25,11,0.0
30vbjnJEGGpTisVOVU2tBg,-0.18933089616784782,0.0,0.0,152,50,0.0
31Wj0ypO-F83ca_Q8bboMw,0.5890430846056726,1.0,0.0,12,5,0.0
33JlrWf0kmHd2VzW58Wp0g,-0.38826658452518165,0.0,0.003937007874015748,936,296,0.0410762704452025
33SwdKTU_hhGbb0XZbElMA,-0.2680649492161401,0.0,0.0,144,78,0.0462789243277048
34-7AMxjtPT8anj_tcWS5g,-0.1491193158845121,0.0,0.0,131,57,0.0327088908712458
34Eqv8jXgxg_EEwcsNgeeg,-0.2608955532509626,0.0,0.003430531732418525,2739,659,0.0161438633841415
34O0RW7K12gB_og8Xv3M3g,-0.21836616537825204,0.0,0.0,133,53,0.0356775300171525
34x_Rkwd4UAcKuHyJui0sg,-0.12499833356784307,1.0,0.0,415,27,0.0638569604086845
35BuVcbDU7D9mjmruxmnEw,-0.16582872522209446,0.0,0.0,66,23,0.0730434782608695
35XA5-HmCdlGig97Lf3WUg,0.4276577577706222,1.0,0.0,29,6,0.0
35nhYScG8Q8x1ctzPCEUmQ,-0.12454418877728646,1.0,0.0,55,8,0.2159090909090908
35yoH8b__Uv8_QJxCAawLA,-0.2876925701304981,0.0,0.0,102,16,0.0
36rXK3hy6OR0k-tMBf1Ltw,0.34119100009014125,1.0,0.0,11,5,0.0
37QpeBaevTiz0vC2unFT4g,-0.13752616107545845,0.0,0.0,591,92,0.020814061054579
37yDMpWI6HBO2iW8slv7_Q,-0.12325645192904022,1.0,0.0,188,52,0.0185050798258346
38F4LbjmsdptNIdCdQiY2A,-0.20058287911835093,0.0,0.0,46,33,0.0
390CUkTdCxK89Nb9FdNp1g,-0.052251909520294904,1.0,0.0,106,15,0.0
393l3MHNAqKv2srwXJ8cCQ,-0.18707227781646463,0.0,0.0,130,49,0.0541601255886969
3AFJwWG2OcGtRlJhhEbjKw,-0.2604346726889025,0.0,0.0,67,26,0.0659340659340659
3Annr4f7u9KX2bavh2Y47g,-0.012480693123499864,1.0,0.0,20,8,0.0
3ArvoGCDuPYIj-RIInT8Dw,0.12700242682266705,1.0,0.0,16,7,0.0
3AzAhjuSaZQSvh6rTh-XEA,-0.1865061914958962,0.0,0.0,53,33,0.0285204991087344
3B-hQrPI6wi92pLcnaErgA,-0.21104819199290692,0.0,0.0,33,7,0.0
3BxSsr7QIWI6NGW08MU5JQ,0.16291720777349272,1.0,0.0,57,13,0.0
3C63o6HDQNbIH46XpMn34g,-0.20332852575701343,0.0,0.0,104,41,0.0
3CAPOtopHuk2W0tBPsTcGQ,-0.43477659120424483,0.0,0.0,48,11,0.0
3CDGF41-vPznG9zY0-05wQ,-0.056528989982738365,1.0,0.09090909090909091,39,13,0.1730769230769231
3Cqy4d5KcGVmgiHFi4O4zQ,-0.14777088464304977,0.0,0.07142857142857142,220,140,0.0138832997987927
3D0bjMq82o92hQylTEkDug,0.015994492083073575,1.0,0.0,60,27,0.1218637992831541
3DKGhJXrqhVOQGFNiSp9Vg,-0.20179476358091009,0.0,0.0,722,219,0.0416741440848638
3DSgJFIaXjdknbZn3LSnPQ,-0.25975496160413136,0.0,0.0,403,123,0.015869918699187
3F777YJJYthdPNrB-7MUNQ,-0.12085034429707164,1.0,0.015384615384615385,1317,75,0.1903546099290778
3GH1JjRirgs1s2OR6Dk0RA,0.12020612908196682,1.0,0.0,64,28,0.0
3GcXSZQ65Np5N1N4a-DK_w,0.01762595051385485,1.0,0.02040816326530612,312,98,0.0706584520600694
3Ge5qClUv3L3R-a1TyLdYg,0.11129346371425686,1.0,0.0,94,35,0.0269841269841271
3Gsjcg0yHhrjaia4SouMSw,-0.07658626767942811,1.0,0.0,30,9,0.0
3GvPXj5n0oig1ebnvwie0g,-0.2019989303355385,0.0,0.0,58,29,0.0321839080459769
3H_MN2ecWlBLsUBWrjs8xA,-0.17377841457698584,0.0,0.0,302,78,0.0362456473567585
3HuJFaspIb8fW2zQh7CP1A,-0.07137917434524399,1.0,0.0,35,14,0.0
3I3m2eT-UURdmr2PgYXtJA,-0.3669756365873757,0.0,0.0,29,12,0.1309523809523809
3KYD10PwNu_gvtcWXWkZNA,-0.14706274420561638,0.0,0.0,689,232,0.0284049920646369
3KkJxs-iNT3IE1IJzlwxng,-0.09652034060556092,1.0,0.0,71,44,0.0217171717171718
3L18kz_SjKpnvSwwsuDw4A,-0.02549446679770695,1.0,0.0,22,9,0.0
3LQsW2WJ1pmnRgH23C6YiA,-0.03588561563470094,1.0,0.0,134,64,0.0
3LcxYHWulzue7Um9q_FK5g,0.10966083537838067,1.0,0.0,58,25,0.0
3MIsXwx5zVmlwzRx9UnuFQ,-0.11929333908340378,1.0,0.0,186,56,0.0915898617511521
3Mdx4S31beGzqC-RFjAAZw,-0.48638080552050184,0.0,0.0,212,39,0.0462789243277048
3Myk3oAOJq6Cps2SDYQZhA,-0.16198006122317876,0.0,0.0,629,184,0.0208140610545792
3NZVcVwamyjSh1rxF7cgAg,0.12876129545200798,1.0,0.0,51,33,0.0285204991087344
3Nfa2VSW90m3OAOSPV8mvg,-0.15417287977402083,0.0,0.0,78,10,0.0
3NsTKp85H2FUjr1SURf0NQ,-0.3157816964389304,0.0,0.0,834,190,0.0152986092173439
3NueMBnZyyGdqVW4v2-uEw,0.08207369135961617,1.0,0.0,12,7,0.0
3OzjmMmkVydF75t8VeY73A,-0.020206373231852925,1.0,0.0,9,6,0.0
3PA4Hc6G7ON6i_lyTpNf9Q,-0.1647909786248848,0.0,0.013333333333333334,1015,184,0.0398550724637682
3RPeXlx93lC_W3AH89-SjQ,-0.36073699087538114,0.0,0.0,118,36,0.0262762762762762
3RRvxFR5V_p4NicI7DGVEA,-0.04858347453642742,1.0,0.0,68,28,0.0332512315270934
3Rn91lErljcpt0sY31bXQw,-0.13558198475436245,0.0,0.0,87,35,0.0
3RtMd3VZ21WL5auDr6Jp9A,-0.23772724378662247,0.0,0.0,196,27,0.0343915343915344
3RvolkfkPzFkAHKWEG0Wnw,-0.2328795417592795,0.0,0.0,108,30,0.0
3RwqdIWmBgKF3HpKSlHNSg,0.04072263030237422,1.0,0.0,203,45,0.0
3TagDMAD_Ciy0_Sg3kJf2w,0.6654119200886525,1.0,0.0,13,9,0.0
3TroNo3SClF2vXc1OnC44A,-0.05238664871219545,1.0,0.0,15,6,0.0
3UBG2rwjgP-6ifTAuKl3Gg,-0.1769859219257537,0.0,0.0,425,138,0.0273525209226372
3UHXD8T80OUFMCzLb3x-sQ,-0.37806497351207624,0.0,0.006802721088435374,313,176,0.0374130650769994
3UR6sAv6l4rtfSvTPTavFA,-0.3127221857507517,0.0,0.010869565217391304,277,110,0.0258246178600161
3URe59CYXngnHN0OgbMDWg,-0.12163947910237072,1.0,0.0,83,41,0.0
3UavdxyL0nmWKVIqxDft3w,-0.1889911657204218,0.0,0.0,42,20,0.0
3UgJp_NqcBOrBE9ANvVxRQ,-0.1337403950174164,0.0,0.0,55,24,0.0
3VKYbajPpszKNFv32ey2dA,-0.3249333397966903,0.0,0.019230769230769232,122,60,0.0452380952380953
3Vlftzk7RIe2z87hAjw1Cg,-0.09692196784304585,1.0,0.0,40,5,0.0
3WDy7uo8g3bR_4IyYLXtWg,-0.2884943081591695,0.0,0.023255813953488372,180,54,0.0178451178451177
3WhSMPpreTgGt53lk7NY3g,0.6464602934348138,1.0,0.0,10,5,0.2285714285714286
3XDHJmmBZ6TaqHTykXG7pw,-0.023500415180790823,1.0,0.0,85,45,0.0
3XmJrin3l2fbTP201HElCQ,-0.22724580436762454,0.0,0.0,132,27,0.0
3YEBcyWeqno6DzyZcEP0BA,-0.13682795496364264,0.0,0.0,106,29,0.0
3_kZ2pDiKJLZ9kGKKOWqdA,-0.2802124276874458,0.0,0.0,38,15,0.1019607843137255
3_urfCS-CpLW1NRAVgx3lw,0.15418597354316677,1.0,0.0,24,12,0.0
3aCIpZgIeDwB1uQBAaPbKQ,-0.17602712777665497,0.0,0.004672897196261682,887,246,0.0374745934959348
3aG8idCwlP-loKf8_hxcRQ,0.3820736913596162,1.0,0.0,26,15,0.0583333333333333
3bDVXWqAZZbSp7bS8aYhfg,0.10945264117091036,1.0,0.0,47,23,0.0
3bXofhF2Jc1bacUL3p-_Tg,0.053882560118203304,1.0,0.0,10,5,0.1333333333333333
3bmrxhqVpB5XCg-4j6y39A,0.10345679869703917,1.0,0.09090909090909091,53,19,0.0902255639097744
3cyjdxvskRcADylzLI32cQ,-0.18606528902313763,0.0,0.0,450,213,0.0266255064634381
3dRxeWMbcoaPL_lJQ773pg,-0.25397068949397217,0.0,0.0,179,47,0.0203900709219859
3dhah8zpkvc_juFE3xB_pQ,0.03477665790193635,1.0,0.0,35,25,0.0369230769230768
3eAGbHu2VFz8dVNC_dO5ow,-0.3675909325611919,0.0,0.018518518518518517,145,58,0.0600667408231367
3eJlEkRmcJODPMOp-cJkcA,-0.1821969976503619,0.0,0.037037037037037035,95,44,0.1243315508021389
3emutOUAcgDUtwiXGDnYGQ,-0.17567617127157242,0.0,0.0,50,19,0.0
3epzkP3YzaufCMIwPsJaJg,-0.15394876040755612,0.0,0.02040816326530612,159,62,0.0581622678396871
3fpAmsSuEFNF29UUPpgwlw,-0.2716709919886041,0.0,0.008333333333333333,564,292,0.0260958904109589
3gK2T4pGgA7R26jhDqOgwA,-0.06706268256780523,1.0,0.0,95,26,0.0
3gqWbaq86WGLScQlcMXEyg,0.08669157374350323,1.0,0.0,86,28,0.0
3gwwGdwihsmb4TOnUOo6RA,0.29909428676435035,1.0,0.0,34,14,0.0619047619047619
3hHw_c5CI-f2TdZOYDkHcA,0.19277101139418384,1.0,0.0,30,9,0.0888888888888888
3hUjlS-wMHJyUrgacwmpAg,-0.11040511401266684,1.0,0.0,774,133,0.0283189726140167
3hmjz4VDytVaPy7drmvnDw,-0.3143723264325905,0.0,0.0,59,6,0.0
3hzIivDZ-K60Fha0AeqAhA,-0.13207644711156707,0.0,0.0,74,35,0.0269841269841271
3jfSmj2DvdsNdJm5xrlK8w,-0.002245519859118472,1.0,0.0,16,10,0.0
3kFs_QlJ64oZ2qPu0WqaWw,-0.2853471492537472,0.0,0.0,44,15,0.0
3kNwvKixMwe44dWvQd5PAQ,-0.08458807991134754,1.0,0.0,12,8,0.0
3koeM2Blt-4rEmVIJAZf8Q,-0.13609455176964602,0.0,0.0,353,157,0.0298812613037666
3lLHM-cAPU5VwJC7u7581Q,1.0,1.0,0.0,9,8,0.0
3lty2YUwjp61iUqNgKVEMw,-0.24105197518622445,0.0,0.0,597,175,0.0519536679536678
3m2SS1OSwVNhPXeNf6erSA,-0.11496063698270242,1.0,0.0,162,60,0.016120218579235
3n2FIVhxAjG6fjju4wdzXw,-0.1745027234009242,0.0,0.0064516129032258064,1475,181,0.031021951723934
3n7VGTZQKyWycuhU_j0lqA,-0.15691194132825048,0.0,0.0,168,58,0.0321839080459771
3o7L6OWJzKnjTlwh-hkAhg,0.0772847313914572,1.0,0.0,17,6,0.0
3oFPL2QGawKJ4z9skJD_9Q,-0.1706314497963145,0.0,0.0,189,12,0.0
3pLLTz_flVK3r2DFsX6tNA,1.0,1.0,0.0,6,5,0.0
3pX1xcKcin65_-LdZu-kkA,0.2668380934431752,1.0,0.0,17,11,0.0
3pbc89Mbi-L7HjuAw-DQfw,0.7769412800591017,1.0,0.0,38,36,0.0
3qFBE73XxxZRlc6uqZvb-g,0.46169409033812064,1.0,0.16666666666666666,21,6,0.119047619047619
3qGQcQVEn8GYqkVXL-RS-Q,-0.23190859213118598,0.0,0.08695652173913043,116,28,0.170408163265306
3qZiXA_i4eQ3i4_QXvkhPA,-0.2360408565609169,0.0,0.0,132,40,0.0237804878048781
3qgz5OPfl7CRa3igH4s1Sg,-0.3022117008170895,0.0,0.0,1784,331,0.0203793417830135
3rOPYx_j9bbNztlxuh2wDA,-0.12534806628961848,1.0,0.0,529,85,0.0334224598930481
3rS9fNuUmpMdCP3AFiQKQw,0.17657103125397766,1.0,0.0,33,24,0.0
3s3M082JCZCM0KEL-_7fdA,-0.18509685310429314,0.0,0.0,144,18,0.0888888888888888
3sDSJK2zSeq-1rZtYCt_MQ,-0.2792895623673003,0.0,0.008,576,142,0.0395888846593071
3sMGEl72eiDbble1RO34ng,-0.3601093118872321,0.0,0.030303030303030304,632,35,0.1282229965156796
3sQehkDWhJVtYQ90MUMRNw,-0.11062872515643224,1.0,0.0625,143,83,0.0336228635472122
3tABZPOFyYgY05ADJnRT4w,0.0037291169683227876,1.0,0.0,219,69,0.039855072463768
3tHYTqsJcsZ578bmcneY0A,-0.24630833353865078,0.0,0.024390243902439025,186,67,0.0529745638007146
3tdQCw6mdSTHMNTV0iyX8Q,-0.30673148652865145,0.0,0.0,185,87,0.022213612294976
3tf6oHkhN22mqFNMSPsZlQ,-0.28861509858914536,0.0,0.005988023952095809,1193,193,0.0245983147537551
3tvi-OJ_-iK1ecjzSaH-oA,-0.27261295740340996,0.0,0.011904761904761904,524,217,0.0263685396044717
3uZDQ582PUBqawE9uRBtfA,-0.08809046792535635,1.0,0.0,34,11,0.0
3uvFklejzRPwEPEZQ5vHYQ,-0.20579763139078866,0.0,0.0,102,14,0.1386554621848739
3vTG6LQyr3obzfvrK1l1hA,-0.1542351978676516,0.0,0.0,84,12,0.119047619047619
3w1bNySoemRzRVvh4k0spQ,-0.2247876539476814,0.0,0.0,102,39,0.0
3w7NRntdQ9h0KwDsksIt5Q,-0.3250273377330841,0.0,0.06666666666666667,193,42,0.1297376093294462
3wILhQIc2A7pip-M9MC5uQ,0.4096886273764535,1.0,0.0,15,5,0.0
3wo9jODQnuvBm8Gkem6qXg,-0.3384282166414567,0.0,0.0013054830287206266,4033,904,0.0201523983930813
3xHyD9FBsQjHXgwI31czXw,-0.17165220046696372,0.0,0.0,80,10,0.0
3xwv_lWddQZ2ms4I7uK53A,-0.2765548031325059,0.0,0.0,25,13,0.0659340659340659
3y6GWhwZsNshAcy3wShT6A,-0.21255555997642495,0.0,0.03333333333333333,91,48,0.0575980392156862
3yGN1hq_X-_xfzpgzE7j4A,-0.1696151188617726,0.0,0.0,832,223,0.0487358076519415
3yW8-dUi1wwCEf0URxUA7A,-0.2954041509602222,0.0,0.0,2339,314,0.0302154596209796
3yk9H9PPUTbPe6sXJqubaA,-0.18546250688985733,0.0,0.0,182,26,0.0
3zWNxtRhyR4rLPfXyQgSyw,-0.42492136853340035,0.0,0.0,55,10,0.0818181818181817
4-TKASCNK5-XBWdXmeXWbA,-0.06705133791737683,1.0,0.0,63,21,0.0
40N6HwvUOiRvvdOfMX7wXQ,0.13208730903140464,1.0,0.0,59,33,0.0285204991087344
40W1u-blvEhffAPrOtUH3w,-0.18135423628564395,0.0,0.0,142,13,0.0
40x53BSmT4gFjIHCQpWJeA,-0.1699669691648572,0.0,0.007462686567164179,486,141,0.0137876308089075
41LEg4ZgFDVnZfToxGXiGA,-0.22377191371785154,0.0,0.0,1050,322,0.009144768275203
41LdicYBvhBYLmDdXhB21Q,0.0,1.0,0.0,9,8,0.0
41UZPKPojnFz70F8aP5VEg,0.2543003713646331,1.0,0.0,24,14,0.0
41Z0d7AvmK5lgzjFuGzrHQ,-0.019852810555356593,1.0,0.0,37,6,0.0
422ajFSyytck5b5x63Umdg,-0.032254162766772954,1.0,0.0,62,34,0.0277310924369749
42VF6xwr0Lak0X_9Ox8G2Q,0.2707669268215792,1.0,0.0,21,9,0.0
42VQjORKlHh6D41p7lTDhg,0.14135622552599802,1.0,0.0,104,14,0.0
44K-t7jqrnVqRgth6F3tvA,-0.15577623829254028,0.0,0.0,157,39,0.0834824090638044
44QTpz3cx4dHHvOWIPhsYQ,-0.10949006381986182,1.0,0.0,67,32,0.0293560606060605
45D7B9CqiUTTPUFcqmLx5Q,-0.292660525484563,0.0,0.004608294930875576,583,263,0.0148388658663363
45RduxnVKS8kB1sU_p2mUQ,-0.2934062220258283,0.0,0.0,38,20,0.0
45f_mcoZd3tU5VtUbHfr0g,0.19235320014775414,1.0,0.0,18,10,0.0
45siW2fI0Cuv5ZKCS23knA,-0.1252186805751887,1.0,0.0,610,172,0.0325320094068459
47JfuGySAVhQmIYynH_yfw,-0.10713185328778108,1.0,0.0,539,33,0.0285204991087344
47TOmOqMxeyUSpYoLKqTsA,-0.08681459764561372,1.0,0.0,83,23,0.1103678929765885
47Xuiwsv_YsJIm7Px_mNWQ,-0.16288810925560138,0.0,0.011627906976744186,919,335,0.0566996478282744
47ZG5ZbGjKypH194HA_HTw,-0.1687305930961941,0.0,0.0,126,27,0.0343915343915344
48hwr-F1xEFfHdTD1ueE2A,-0.2626230169211551,0.0,0.0,387,29,0.084051724137931
48zRWlrJVh1rcpTQCIRvJA,0.6605206673123349,1.0,0.0,14,7,0.1904761904761904
499j2YBfJuZLgNOk7SzFCA,-0.147020055697631,0.0,0.0,41,7,0.1071428571428572
49Gyz-LD9MxTh1yzbYiOhw,-0.24371421331829635,0.0,0.002840909090909091,1655,390,0.024474358974359
4B5ORibJ3vhimhW8LTY6Fg,-0.1852797784437865,0.0,0.0,270,14,0.0
4BC4bMlxww-lMgmYmZsQvg,0.12943677235398154,1.0,0.0,66,20,0.0818181818181817
4BKKBx50oZaEczazjZ1ZEQ,-0.03722214175937133,1.0,0.0,125,42,0.0227021040974531
4BbzHEVKSHuctibot056og,-0.2824728292542714,0.0,0.0,403,52,0.0513986013986014
4C8l_JnoNL_VK2la-micUA,0.08447178502681107,1.0,0.0,143,61,0.0307051782461618
4CdXVM7-7ek6sNs11gaVuQ,0.08125711535481606,1.0,0.0,111,35,0.1171428571428572
4D_GsaRoqk7P09VOcgezlQ,-0.3031000711357237,0.0,0.0,655,187,0.0350625723579027
4DxbEns9iihpilbffdzvPQ,-0.10479445314320035,1.0,0.0,19,7,0.0
4E3iIAuCGDz7h3D4nJzuHQ,-0.02223982663688151,1.0,0.0,109,10,0.0
4EbwDR58_1Lm54Oru_Dfxw,-0.22108611966982183,0.0,0.024154589371980676,505,240,0.07463282247765
4EffIBpRHXJP0mNZeRAYvA,-0.2366568763320956,0.0,0.0,59,33,0.0
4FDOh7BAb0pgLuD8rjl3bg,-0.02873837147409075,1.0,0.0,804,171,0.0278442317916003
4FaYG9qKDpDyr68bKmaIEw,-0.1449641519580781,0.0,0.00684931506849315,293,176,0.0949592074592076
4G9WWWYD_jsklt8WGd_j6g,-0.12761655716953269,1.0,0.0,49,8,0.1704545454545454
4GVLLLEDXDR-CUE1t9DnKw,0.2285066201580379,1.0,0.0,49,6,0.0
4GmZ1qVrioP3duIk_YZMxg,-0.1970232097882454,0.0,0.0,137,61,0.0575031525851197
4HEz5_8g2QWfoOU27WndYQ,-0.36550450213496244,0.0,0.09090909090909091,56,30,0.0583333333333331
4HRtArZJtcAs10gAE7_bzw,0.2618466554121497,1.0,0.0,300,26,0.1205128205128205
4INCRF2drQv6ivUZHkCIJA,0.23492848090892693,1.0,0.0,19,6,0.0
4JR06JiS8W8ieXoF1ZWkGg,-0.32920312604007806,0.0,0.0,128,27,0.0343915343915344
4JjrfHvcKzfra3YAWHa7qg,-0.035961003974424366,1.0,0.0,55,31,0.0302419354838709
4JkBNoIPKJIxyPsuUgO7xg,0.15198901404777,1.0,0.0,21,6,0.0
4LrN3iUtjMXUxilzE_xMVw,-0.06343629814760066,1.0,0.0,55,31,0.0834914611005692
4M_kLVDf0vq2dKoRcfkGCA,-0.1918535815832939,0.0,0.0,116,21,0.0
4MbJl_Pn4xqTHWWf_w5KHg,-0.22053909584262188,0.0,0.0,555,33,0.0
4MiYEI_-zKyCXNlElbhC0g,0.6654119200886525,1.0,0.0,9,5,0.0
4ORRY2fYsRhwN0u8QjQNEg,-0.2285882057741785,0.0,0.0,174,13,0.0659340659340659
4OXWn2ytzaq4eTpJy4VvJA,0.019860790734384626,1.0,0.0,562,137,0.0
4OmYeez1ArtXkHMYGijaOg,0.2476224934924267,1.0,0.0,18,6,0.0
4PY2rKHXo7DsRdHvJNwAvA,-0.2283716569413805,0.0,0.0,68,24,0.0
4QnaPR1FJlONov3ANyuOdg,-0.17063296980224552,0.0,0.0,544,14,0.0619047619047619
4SXaGSvFfz870jntat6ueQ,0.44509084362331597,1.0,0.0,105,44,0.0
4T8dsk4lvfpdHSrWuRAKdA,-0.03710552203788864,1.0,0.0,78,7,0.1071428571428572
4TQMOy00KD_54xSFwKgMZw,0.04223942955634452,1.0,0.0,27,15,0.0583333333333333
4TRaSx4vcKfhm9Jx-heiqg,0.0390678439061235,1.0,0.0,1614,56,0.0481234866828088
4TSgCproIbMbazNiO5MN_g,-0.2972099764526768,0.0,0.0,127,79,0.0
4TleqRlbwgXcIgz33HjLJQ,-0.26167393867775357,0.0,0.0,599,224,0.0332512315270934
4VXVP21v4Xec6C2mnnBnGw,-0.39999591917105515,0.0,0.013888888888888888,2195,597,0.071202244452396
4VaEkCFqCsk656jQxPpUpw,-0.2341922943140904,0.0,0.0,90,19,0.0
4W87MOGiHIzRtSfdruD18g,0.6464602934348138,1.0,0.0,13,10,0.0
4W9f4R-SQ5_45TZhAbLr1g,-0.2690621381910925,0.0,0.0,31,17,0.0
4WAgExw8IOQ_mcN1DUy4Iw,0.48968989192831813,1.0,0.0,26,13,0.0
4WWxTisW97Ks7r06Exxx2A,-0.20762611630369165,0.0,0.0,51,16,0.0972222222222223
4WdDY97x4GdMYtyk1KQMnw,-0.006928814129310457,1.0,0.0029850746268656717,2660,778,0.0233152599884529
4Y84551O9LXWL8cBVWRWEQ,0.009688627376453485,1.0,0.0,19,9,0.0
4YDg3XicduxyQZ_qQvHYLg,0.32713722360224373,1.0,0.0,95,20,0.0452380952380953
4Ygd9CYAJSXXOhREELhzNQ,0.21778671798413152,1.0,0.0,153,39,0.0462789243277048
4_erkkTFhetoDkez-guUAw,-0.15692378441049848,0.0,0.015873015873015872,291,67,0.0281202682240968
4ajMQOHEfdHma8deYOXr1A,0.02465749263314365,1.0,0.0,102,55,0.0
4b8lGugmvF3ZavCy_3wcaA,-0.17879250361174026,0.0,0.0,72,22,0.0415019762845849
4bNFWpQtS5PtfjXuxTc-GQ,-0.29229026847337836,0.0,0.03571428571428571,598,185,0.0580600905474002
4cCiiDSJ3imRXtQznXPKPw,-0.19773113127825453,0.0,0.0,271,90,0.0
4cdS6DLtYIQfcpe5w_PyyQ,-0.20210177753826042,0.0,0.0,172,35,0.0
4emJO_9XDV0kDwgnfMdbKA,-0.12098622829278771,1.0,0.0,125,40,0.0237804878048781
4fKGv-3XMlxv_vuiFbuwLA,0.2911663283227105,1.0,0.0,129,63,0.0
4g5Jkyj-bJdFuo7PkMhO_Q,0.20582384017730493,1.0,0.0,13,5,0.0
4h5-Tyev0jX1GsuzUo_rYw,-0.15377975393600873,0.0,0.0,144,31,0.0
4h7LohcAIj--xLHiF6ydzA,-0.0853651430321325,1.0,0.0,50,27,0.0
4hv1n1VBzMvE-T4UtIcOcw,-0.21403825241207264,0.0,0.003898635477582846,4207,550,0.040525815647767
4iHAZo9zk1gc-xBzuLEDig,-0.07031855017207356,1.0,0.0,64,11,0.0
4iuNK5svIKV_GrbSwAXM6Q,0.12435885796153634,1.0,0.0,171,17,0.0522875816993464
4jUHYFw8OPXaVxyH7_8dwQ,-0.1897708691708675,0.0,0.0,169,16,0.0
4kJN-MGz5vrfSXNLqxmgGg,-0.2057009093793089,0.0,0.0,98,61,0.0158646218931781
4kTeF5mHEkXzO-q1sxHZ2A,-0.23446202877504962,0.0,0.0,480,146,0.0
4kViSyQIJxn7kg-uGrYboA,0.23219172576610536,1.0,0.0,298,74,0.090969017798286
4klH4lQI8DneBUqLP0vHvw,-0.13737852405442552,0.0,0.0,43,11,0.0
4lkbbB4y_kaoPdDxq0F3Hw,-0.10241997626172805,1.0,0.0,484,22,0.0415019762845849
4lqDUZTUfTDoC1xBjNiLPw,-0.2892403124074215,0.0,0.0,35,10,0.0
4mSdL2rei9tsT8xwsV-BBA,0.21554284463227796,1.0,0.0,18,10,0.0818181818181817
4mYPqTpCjHqx8Ee4TIERXA,-0.002245519859118472,1.0,0.0,15,9,0.0
4nJ1L8QMKujkh8_Oe4FK6A,-0.13494065194396077,0.0,0.0,265,70,0.0138832997987927
4nkbXXzgUn-tViXzuoKR1Q,-0.32496100295789765,0.0,0.0,425,115,0.0324442820606503
4oI4ikLPM6yDyw0QUrv53Q,0.6654119200886525,1.0,0.0,9,5,0.0
4pPtSIMVH9r5aLHQ0HKSDw,-0.051724732350930225,1.0,0.0,63,32,0.0
4phSC3w3422K6SUJgmJw7w,-0.29106773957653914,0.0,0.0,163,92,0.0305491990846682
4pwP8B5BpUThYVkOzDOd8Q,0.6973584681524825,1.0,0.0,18,7,0.1071428571428572
4pyR9gY74U0cRWZDB9C6Cw,-0.25945164411301336,0.0,0.0,84,26,0.0
4qG7aFq9-45830OfYt7gCA,-0.12315522792090394,1.0,0.0033444816053511705,695,309,0.0126141216125394
4qT8pELXdpJVqnLTsHyDeA,-0.26272134784651946,0.0,0.0,50,15,0.1019607843137255
4rLSm1dMWreVLMv7oKml-A,-0.2753476359084708,0.0,0.0,112,52,0.0
4sOLSCiwSdHhzcXC9Sd0xQ,-0.0036241120222496592,1.0,0.0,52,23,0.0
4t1VMmixGuvj6jKhWGLVWg,-0.05609353524497118,1.0,0.0,22,7,0.0
4t3yeXmkrMaJruCWA0H8DA,0.4820736913596162,1.0,0.0,11,6,0.0
4t8ClQEmeDyyEfx-KupDwQ,0.507857666756808,1.0,0.0,17,11,0.0
4tJmaaIAG-rZrPF-2CpNEg,-0.16257223341926152,0.0,0.037037037037037035,704,36,0.0930555555555556
4tgm6KADoZz_hbukxqK7sA,0.20683523632175838,1.0,0.0,185,42,0.0227021040974531
4u4njx79dMrXNhbRFHjG8A,0.07381585941724622,1.0,0.0,128,22,0.1109090909090908
4uZUHjSonatwt-02yqJp6w,-0.2412375730130481,0.0,0.003663003663003663,744,289,0.0358708189158014
4uspKB1d3pGdgjOClA-UkQ,-0.2544743807250215,0.0,0.0,1121,234,0.0084021439953643
4v_upx2yfJNKvpCYJqbgNQ,-0.0925213701894585,1.0,0.0,95,64,0.0151442307692306
4vml641OlDNYtl46Fg8cYw,0.2769412800591017,1.0,0.0,18,15,0.0583333333333333
4vy8j-L9zXXFH_wh2sVzAw,-0.03496320198730207,1.0,0.0,108,56,0.0
4w6Z5v0uVt08oSBaA3342A,-0.05238664871219545,1.0,0.0,15,5,0.1333333333333333
4wy0zuo-j7uOckJeoJw4uQ,-0.15717339589673252,0.0,0.0,83,57,0.0609721023871152
4y0DlszRtjZHvFSUYOvaxQ,0.5721073867878477,1.0,0.0,15,9,0.0
4yKBQiY6KCJmZVMSES77Kg,0.02647969641181569,1.0,0.0,95,22,0.0795454545454545
4yjg0NlNYjTwmrhIb5TqSg,-0.3772607231539974,0.0,0.0,19,8,0.0
4yjgHXfwO94puF7Ac-lCTg,0.11539905320752641,1.0,0.0,28,14,0.0619047619047619
4zK5zmIqQxeDgetjoRmkrQ,-0.09412791908721418,1.0,0.0,35,22,0.0
4zY9AoCbvNy5nZhr7J05Lw,0.22460393501433373,1.0,0.0,22,9,0.0
4zYssmZqA-P75QaFWYtigA,0.05284761606443289,1.0,0.0,59,45,0.0
4zyj8kBZoMrwAJ1e68cEMQ,0.2799214004485048,1.0,0.0,19,8,0.0
5-HPQP4UlNgmq0ejihbxuQ,-0.07301824763743625,1.0,0.0,211,124,0.0156169994879671
5-aqt6yXDtV5p6vliEBxVQ,-0.28083349006423186,0.0,0.0,238,71,0.0136932707355241
5-uI2a8avO4QtM7l4UHeNg,-0.15486754720109497,0.0,0.0,273,82,0.0119012635909492
50FVsnpCK71gkuy5ressIA,-0.08413885055845138,1.0,0.0,59,8,0.0
50mfwRz6WA20SS3E080uTg,-0.30651130323124354,0.0,0.02702702702702703,418,92,0.0730434782608695
516L9-ZWyqVgzqjP5uW7Jg,0.4063902778033517,1.0,0.0,19,6,0.0
51BQzF_4dOOuIO9s-4Ropw,-0.17891768833782684,0.0,0.0,117,65,0.0289322617680827
51jium4RFWESPIPeu3fgAA,0.07268570177513506,1.0,0.0,14,7,0.0
523KdtGRd_sx5YBRfvDJLQ,-0.25001637610626826,0.0,0.0,134,54,0.0178451178451177
52DsTBhg8NjKDQ6sVaqB7w,0.008935779429644852,1.0,0.0,36,15,0.0583333333333333
52pgQaYBZx8axZK4mPn0Ow,-0.1485174848298485,0.0,0.0,76,36,0.0
53KCCiwnJxAiOcjCPUi5nA,-0.18447095113507683,0.0,0.0,68,24,0.0
54WR2MLumQhfHCKOB-eQKA,-0.2413916924028483,0.0,0.0,73,10,0.0
54q7tvEh92SREvpgSSBSnw,0.06692380683142951,1.0,0.0,22,10,0.0
54sOo41hxch8D3bRCUVdoQ,-0.16329278758205357,0.0,0.0,78,38,0.0
55Q1klIhnn7tcJ6inLtwiw,-0.3487049088365708,0.0,0.0,1506,267,0.0749580266046752
55yVwtNPAHIYp2t6stJKHA,-0.1535848379455842,0.0,0.0,596,103,0.0
56AIvAU0yxOfVKPGwONjuA,0.1712971793359755,1.0,0.0,13,8,0.0
56R9jd6PBz9jEg_WDyP7Sw,-0.42395700765894584,0.0,0.0,382,54,0.0
56x9PUm3JWKqmMsaeiAfrg,-0.2821626611852076,0.0,0.0,480,40,0.0
57WmsMG9ApjYT7zNNX0YYw,-0.26389286922501115,0.0,0.0,23,6,0.0
57i-zASRB3jO1S6_oPvcZw,0.010475969468570545,1.0,0.0,179,123,0.030471800781
580Yyv_kzAaZSkHCj1LhBw,-0.1130024627063072,1.0,0.004132231404958678,871,277,0.030446088207821
58Vd48_6D1Myd_M1xWepJg,-0.11677398299721176,1.0,0.0,328,31,0.0302419354838709
594Hh8RZg__h6DV83cYMmQ,0.28207369135961624,1.0,0.0,17,12,0.0
59fWFpyDg01BTEH-Hh6jdw,-0.3050192259296639,0.0,0.0,111,25,0.0369230769230768
5AQDQGqneAHC8SZLKHgHIA,-0.03130190006449385,1.0,0.0,142,26,0.0659340659340659
5AliYk_XYNEu271Sz7EUbw,0.07019706198574416,1.0,0.0,544,24,0.0
5Bn9CbdNYnZMDYryh6n_0g,-0.16584780229546747,0.0,0.0,44,13,0.0
5D-Gjagh385iopO3xqjjIQ,-0.061405486164752277,1.0,0.0,82,37,0.0485100485100484
5DSOl68ua27nwknuiFUHhw,-0.12327518772283907,1.0,0.0,78,6,0.119047619047619
5EGhvgDt_E-JPl4EhQkOtg,-0.2140572722209143,0.0,0.0,116,7,0.0
5ELqQ2YBM_vDqp10pINlgw,-0.020206373231852925,1.0,0.05263157894736842,25,20,0.0863636363636364
5Fr4z608s58HEHLK9K4DSQ,-0.15457279603236784,0.0,0.0,619,200,0.0492654028436019
5FxHK-Uj55d_kadHKeuYYw,-0.1607437806995765,0.0,0.0,255,63,0.0153769841269841
5GUA13zYgw4_8F6qUMU_LA,-0.20858527923633863,0.0,0.0,312,63,0.0
5GgCRUSQ4_ejE8YpjDYuEQ,0.6654119200886525,1.0,0.0,9,5,0.0
5HRLUzKrs27kuQhgJQijnQ,-0.12416625453577401,1.0,0.0,376,131,0.0148080123974059
5HZPNcMR5dHQ1OyOb-RDgw,-0.1382207100179056,0.0,0.0,1090,294,0.0197052154195012
5ICrDkwtX4ykKOLVJ1tFJA,-0.24077277775762218,0.0,0.0,552,207,0.0140786749482402
5IcW2DreCu5zrDpll01BzA,0.09891211535281275,1.0,0.0,30,20,0.0
5JiDLN6spnuAVrEN6csvzw,-0.44381209381524617,0.0,0.0,518,178,0.0109862671660425
5JyEHdmTufydVTQsw4afQg,0.04208159892889174,1.0,0.03125,226,37,0.0256045519203413
5K6AddwkS4Fi76iPVPMIuQ,-0.3565422523225991,0.0,0.0,58,9,0.0
5LMTmQJBxP9aONuu8KhLbw,-0.34990478679302006,0.0,0.0,77,15,0.1098039215686275
5MJMzVITShDQctNtLmCG4Q,0.3698188900790288,1.0,0.07692307692307693,86,53,0.0668652763985435
5Mqe-TAK7GzwiZapwNqQbA,-0.13561543063379533,0.0,0.0,114,7,0.1071428571428572
5N33VO4gB41-8Cqm0FzbGA,-0.3331727683365173,0.0,0.0,202,29,0.0
5OpUORgAc84h2Z4ctxKCiA,-0.1542304153169166,0.0,0.0,89,35,0.0
5P4w4WfPbXzUi6YALfwx2g,-0.22814830117514273,0.0,0.00980392156862745,1575,597,0.0418223596615556
5PLTCfyndcWM44-yQH-YRg,-0.2429151368006377,0.0,0.0,1043,243,0.0487718621399175
5QCLmv-JrdY0ZGc_D5__iw,-0.22520579648820288,0.0,0.0,173,68,0.0860784313725491
5QPZY59iu3a0C-jWsZR8ow,-0.15159535128794066,0.0,0.0,668,214,0.030638135915761
5QefK7gbedeBiqsYJW54Bw,-0.24480285268860857,0.0,0.0,423,130,0.0075748678802114
5QmWfGLN0E-cjfUs_Y3CDw,-0.3062301098563589,0.0,0.0,165,26,0.0
5RN4m3XO66jK4ThoDX3VnA,-0.05207803838677827,1.0,0.036585365853658534,405,93,0.0953267162944582
5RZPAro3mrnVVIQ9FESIyw,-0.08922534583943753,1.0,0.0,91,59,0.0
5RsVAkDnMrcSbErS6P1eew,-0.19842744853892846,0.0,0.0,1160,251,0.0530209987119192
5RvGRnsQGVqh0FM6ij3GiA,-0.17292532524213455,0.0,0.04,402,30,0.0858585858585858
5RzJ2bjU8bLSaN5SuiUpYA,-0.22985490205296555,0.0,0.0,867,206,0.0048074668167534
5SIXBmfYWS2dVlIm5EER5w,0.12763769140220294,1.0,0.0,22,11,0.0
5SiNn7wyc2qOQkOC7EXYOw,-0.28206923492521074,0.0,0.0,132,10,0.0
5T9jV-wah1mHwKl-MQ5JmQ,-0.24882294134164462,0.0,0.03225806451612903,239,32,0.1024305555555555
5TVWytR2oNbSKYgfxypuBw,-0.29019229022190074,0.0,0.015544041450777202,757,229,0.036622509265715
5TZsVq3kBcNB7NVXVjH4kQ,0.011588520162529536,1.0,0.0,17,7,0.1587301587301588
5TzAmqzksrUBB2tdHDQAUA,-0.20851885771906165,0.0,0.0,263,93,0.0105239075726377
5Ubo-2HLRnCCo8Pnq-v-cQ,-0.2082008455768226,0.0,0.0,52,14,0.0
5UhVJcfIEI0Lude5csrqpA,-0.09825857890164491,1.0,0.0,31,11,0.0757575757575759
5Vrbqr9DK1gkrHGAS7y5eg,-0.25940774299749336,0.0,0.0,52,19,0.0
5WF3593by2u-aE_WaM7_Mw,-0.20366303771889105,0.0,0.0,115,22,0.0
5X0M4waoFm4kH612ezVvtA,-0.2414955805768118,0.0,0.007263922518159807,1188,469,0.0303882006731397
5X5Nn-jlIoWFhkgewON6sA,0.2706918965548678,1.0,0.0,62,11,0.0
5Xo3oIX4IQ6elHzQy1lEDw,0.14167046665272354,1.0,0.0,24,7,0.1071428571428572
5Y7cqSgUSfLwn7ulBeO_sA,-0.028157180392470282,1.0,0.0,238,88,0.0217171717171715
5YBvmgi0kFkyCTXj0AEFdQ,0.08207369135961617,1.0,0.0,16,11,0.0
5YFVP_hmIXyVDU24sTKDxA,-0.24204121911880971,0.0,0.0,44,8,0.0
5YKOs_VGFHgUv7DSMLaQeA,1.0,1.0,0.0,6,5,0.0
5Yuy8Ygct5QpoMLLM5isMg,0.10869368156089809,1.0,0.0,51,10,0.0
5Z71LWiFuQR-0xcdS8fmMg,-0.29464695360162974,0.0,0.0,62,24,0.0
5ZUyW2FV8jwtLQPMSbx6wA,0.0772847313914572,1.0,0.0,20,9,0.0
5ZWg9DxQlAOxaOL5KS7rvQ,0.08471314748456127,1.0,0.0,24,10,0.0
5ZchH9-aLJM-uWiSk-0zvQ,-0.43484142879868737,0.0,0.008695652173913044,475,160,0.0408308383233531
5ZjEI6N5iZ_ACQEjlfABFg,-0.4534475292375848,0.0,0.0,92,5,0.0
5_OsTZrS1jMEj0Qg2wBSBw,-0.3137700526701942,0.0,0.0,98,23,0.039855072463768
5aZC1FwNiaRayaz7QhAN-Q,-0.17323111333937413,0.0,0.013513513513513514,176,91,0.0765900765900766
5asvaAT-jDbOnCM3iPlScw,-0.2956789268437862,0.0,0.0,359,84,0.0227021040974528
5cpb23lEQ5brolyKRVBhgA,-0.14615549413173823,0.0,0.0,62,17,0.0
5d6Re2uKakZvY-QPJgTvUQ,-0.41702052145552476,0.0,0.011904761904761904,187,113,0.0170834936514043
5dXiNZgWI6B1VIFG3wVTqA,-0.04486791924950695,1.0,0.0,46,30,0.0311827956989245
5dYfXNP5bB45B350bC4b3g,-0.2036153313566067,0.0,0.0,40,13,0.0659340659340659
5eJDmxZ8CJkgm57ioG6BwQ,0.819037340042093,1.0,0.0,10,6,0.0
5eJcO6AGTntwC-KM3O4usA,0.46052066731233504,1.0,0.0,11,6,0.0
5ewePyN_mEE_79OmYyYBEA,-0.27740454247507806,0.0,0.03225806451612903,182,83,0.0728246318607765
5fCpIolPWznGdz3D6hjrvg,-0.1980877418384519,0.0,0.003067484662576687,1069,362,0.0237747762505398
5fb_BPmweD9oapVqJrWNcA,-0.19449248825988386,0.0,0.0,107,49,0.0195918367346938
5gsujKYr-TiZsByZZ_vB1Q,-0.17238912613757784,0.0,0.0,108,5,0.1333333333333333
5h3uxYuoY40id-EByqQ3Xg,-0.3322113211024843,0.0,0.0,46,9,0.0888888888888888
5hID2DruRwIwit0BcLHTaw,0.059313333463288154,1.0,0.0,30,9,0.0
5hyIty7KkRfVE_1gCKbUvw,-0.31750648683335225,0.0,0.0,470,145,0.0555306762203313
5iWGiyNiiiRGvPah8mJJaw,-0.1952074843649989,0.0,0.0,62,17,0.0
5ibTRUwZ0dAxRmsqOTqeMQ,-0.3401911307858664,0.0,0.0,244,37,0.0256045519203413
5iuNneK8vTYvYB9SmRWRnw,-0.19411294384419786,0.0,0.0,63,29,0.0
5jrEg0SYV5gnCHXnGzvC4g,-0.03742926693937976,1.0,0.00980392156862745,455,109,0.0582094273963935
5k1Hk_ETYdNASh4IrmCXKg,-0.2531939525527551,0.0,0.0,193,23,0.0
5lyF_I3SNJ1fKoBpkuSMjw,-0.11022426128330498,1.0,0.0,51,7,0.0
5mfbqMGaexZBtjLOtF9usA,-0.35092425136762867,0.0,0.0,48,21,0.0432900432900431
5miKQIN3VqujzeZNHk-lqw,-0.03900840572643349,1.0,0.0,174,95,0.0566961959353828
5n8bFTaTWsZwb2rgOQsDEg,0.18173019516566513,1.0,0.0,47,29,0.0600667408231367
5nGBo2covUY0PrDO_aNYbw,0.17969468978280878,1.0,0.0,346,57,0.0169388989715668
5nYIj79IC6QsZ-JT-UTu6Q,0.29484687531969933,1.0,0.0,52,14,0.1160714285714286
5nqmmrrm5Ux4i21w-xndPQ,-0.49730289015590423,0.0,0.0,186,57,0.0169388989715668
5oSMIhWSvMyZQs57AsNTSA,0.056515132458134776,1.0,0.0,47,16,0.0
5oX4G1cptixPZecih9L3dg,-0.301465722216105,0.0,0.001034126163391934,3792,1147,0.0289846093022774
5oxN4yXEMRU9_iQrXlFkvQ,-0.2663928098164239,0.0,0.0,22,6,0.0
5pWgwGriPE3LaqADVAtYQg,0.1330649154842669,1.0,0.0,336,30,0.0311827956989245
5qVG7T82jRnKGR9O7_0cFw,-0.13279148873295954,0.0,0.0,1308,130,0.0075748678802114
5q__7PxcjaqxrzZTC_yrug,0.44333400635224296,1.0,0.0,43,28,0.0332512315270934
5syHaITUosZ58Pm519cjBQ,-0.30422260386907185,0.0,0.0,70,29,0.0
5tSloJbLGvllqnn9neahLw,0.09674059319398731,1.0,0.0,14,7,0.0
5tZ42WGLm9fr_F4eg7ME7w,-0.2885614967042581,0.0,0.0,76,23,0.0
5tq8E5TtZi1eq3EbP42aWw,-0.14273119119527933,0.0,0.0,58,5,0.0
5tzgmPDeHCwfZbs2YObMaQ,-0.09526378651816869,1.0,0.0,37,6,0.0
5u98TGP6uBs-NO6m35exsQ,-0.12179861597024078,1.0,0.0,75,16,0.0
5uPl-QMsKnlBwbP7GPcpFA,0.2726265577852286,1.0,0.0,46,14,0.1160714285714286
5u_eZ2_GYsPtLuRwAajgzg,-0.30168916009291413,0.0,0.0,135,81,0.0829518657234011
5vIfUavd23X3lBzjnnc4QA,-0.30874872272321674,0.0,0.0,73,21,0.0
5vTos29P7PP1bWOtfSQLbw,0.2562144222568522,1.0,0.0,193,13,0.0
5vY_YMSIIgDpcxNhUxk_Sg,0.38658852016252954,1.0,0.0,21,13,0.0
5wLDwv4t6pnI37b2bzmnyQ,-0.17675802412681185,0.0,0.0,78,20,0.1195652173913042
5wlbureqTc6gsaB_y-OkOA,-0.1885588993830999,0.0,0.014492753623188406,461,200,0.0098019801980198
5wnGMB8tXhNvGcbhPJeeVw,0.41541192008865246,1.0,0.0,9,5,0.0
5xLGcJKU65Sv7rV8m5gAwQ,-0.10890301338210007,1.0,0.027777777777777776,120,52,0.0527972027972027
5xokROlB8Zo5T-_qbHzsrQ,-0.13503469502404686,0.0,0.0023923444976076554,2585,460,0.0327091706247715
5y4o3Tx2eQhXsnUpgYFolQ,-0.21302858393915064,0.0,0.0,19,12,0.0
5yvs585-TDqiIJ39jHt8qQ,-0.22129851072230589,0.0,0.0,218,19,0.0
5z7N0Ih926XkkRW5-ZljuA,-0.24633997494697768,0.0,0.0,309,89,0.0315095261358084
5zTGhEeKl6Kz-ULDgyOurg,-0.34783266151215925,0.0,0.0,2159,452,0.027267104386716
5zldWFm-ExDsDfQ9Frb_3g,-0.2844199568942795,0.0,0.007194244604316547,453,148,0.059784468012316
5zpFnlaQd90ZNMrvPSzh_g,-0.16128447976023452,0.0,0.0,74,24,0.0
609Lr-Hvo3sr9amdiimOJA,-0.23347017699586203,0.0,0.0,56,20,0.0452380952380953
60A570zht69eAj3Md81nsQ,-0.1823929680375853,0.0,0.0,22,5,0.0
6195Y62RRPJrfz1T3oABbA,-0.27526461386173917,0.0,0.0,197,17,0.0
61RiTA-T02sU84FhoCLz_g,-0.20889453406441705,0.0,0.0,230,46,0.039855072463768
61XRu-DYQur5epSxRa0ncg,-0.12115485662698655,1.0,0.012658227848101266,240,93,0.0577821222982513
61m3aYVdYWA9EM87EvjeAQ,-0.14967677437126503,0.0,0.0,307,73,0.0133283968900406
61vAJBC0E_fGjKDEYXJ2Zg,-0.018325818401258354,1.0,0.0,356,61,0.0
61wOYrhTgEf-Xjif7lCREQ,0.32849642563377934,1.0,0.0,32,7,0.2857142857142858
62eQzOWKmzsIJnJN33vofQ,-0.1634977598233066,0.0,0.0,30,20,0.0452380952380953
63vCK62HJXpGi8aG0wr58w,-0.19109350087233345,0.0,0.0,393,28,0.0332512315270934
642kv5mYCqYr6COe49HMzA,-0.2484571663516757,0.0,0.0,60,22,0.0415019762845849
64B7UIqpNy9zQu82oYJMgg,-0.08681335584093242,1.0,0.0,71,11,0.0
64rDIWaeayyumSWprWAdfA,-0.3195229481167594,0.0,0.0,461,212,0.0547379454926624
64tYqfgsfgCkgtXV_9uu-w,0.05828939076370565,1.0,0.0,262,45,0.021256038647343
65m_3aPnCbDjm8nOd5TrQA,-0.0598305137559797,1.0,0.0,63,32,0.0
662o6Z3l7o0PDi8Y-88oWQ,0.3008483261630416,1.0,0.0,74,14,0.0
66Eb7k-oL3m3GGhyQRuFTQ,0.3038825601182033,1.0,0.0,10,6,0.0
66pIa8VXmTQIHkMxMv_f0w,0.1603929024148365,1.0,0.0625,46,25,0.0942857142857143
68CrobDtaDP-_-aeowSG6A,-0.28160973252012217,0.0,0.014084507042253521,265,102,0.0522875816993464
68KD674p59qJj4DX6NuTzQ,0.009155857967604875,1.0,0.0,15,6,0.0
68YMbUXLeDo28HmBbFJ1Wg,-0.2109129066475594,0.0,0.0,301,161,0.0398550724637682
68tT-waXYijVH4WGiFyQMw,-0.011864396670827837,1.0,0.0,29,18,0.0497076023391813
694YRbhnl7NShhEt8OmiSg,0.5712971793359756,1.0,0.0,12,7,0.0
69R0QwXKjNDpilMgtzeLqA,-0.16863364569483186,0.0,0.058823529411764705,67,50,0.0369230769230768
69ccjOpx2iFvr1y2qas9uA,-0.1753369859276509,0.0,0.013888888888888888,575,209,0.0478033927794694
69vVnH6T6-uwcJK4bxfV7Q,-0.14106422057035517,0.0,0.0,33,13,0.0
6AekrjZ7oBjnJkGrYdOyvw,-0.17220994641802867,0.0,0.0,138,84,0.0
6Al95KtZ_ob3NpyyiueI6Q,-0.05139275946654431,1.0,0.0,850,28,0.0910138248847924
6B9wFMzNngXqa1ZZO2JWGg,1.0,1.0,0.0,7,6,0.0
6BWcdOv10taQzy5BCVl2rw,-0.13503456669561442,0.0,0.0,37,9,0.0
6BYBoDOsxYQMTHFTD3L1mQ,0.011093133521977383,1.0,0.0,29,5,0.0
6C0IhZMfk7mhpjTBcdsX1g,-0.22526078069800648,0.0,0.0,338,61,0.0158646218931781
6D0ItjpdAw2JRSuW_ge6kQ,0.07147702117154342,1.0,0.0,235,35,0.0269841269841271
6D6QLWKg-pO5yl1u1k25ZQ,-0.03204686564076076,1.0,0.0,823,29,0.0321839080459769
6DTwmhrbm9x-WO-A8Db9rQ,-0.26526739184619186,0.0,0.004807692307692308,700,247,0.0303564340716044
6E9KjyDAdL_vDQCWwhj_KA,-0.20877414440133824,0.0,0.0,1079,264,0.0182353272501969
6EHVbuZiER0I0_WPWePBxg,-0.05488955531833961,1.0,0.0,20,5,0.1333333333333333
6F4JadEP6ouUvNiIKr8pMg,0.026437205012621035,1.0,0.034482758620689655,118,58,0.0321839080459771
6F8BtCbhjXjvXTcdDQ968Q,-0.1487381110790703,0.0,0.0,95,8,0.0
6FNfW_9YaP5Fm7tE1caLyA,0.1712971793359755,1.0,0.0,12,6,0.119047619047619
6FX09pOrazvGT9s6_nQ7CQ,-0.2259473039061588,0.0,0.00125,2775,988,0.0040159331330809
6Fk7Mlgy8msAC0NCgsun_g,-0.28553265243459147,0.0,0.0,19,5,0.0
6FvC6w810uf6O7Ocd6Wpog,-0.1819966712746932,0.0,0.0,640,263,0.0217959772145817
6GB7tn2AoXvVIpjYkeIrkA,-0.29384494163290925,0.0,0.0,91,23,0.0
6H5ZA66G7zmMD_OvipRS5A,-0.01568443399130215,1.0,0.0,36,7,0.0
6HFVZzJu4VgazgmV73lQZA,-0.03497320643897617,1.0,0.0,65,34,0.0277310924369749
6HRbMeGq5Y4hqRkgXnG6Ig,0.23800523461381584,1.0,0.0,76,24,0.0
6HoDzaVJX_rTUeQiX8GVww,-0.23193295427100863,0.0,0.0,66,24,0.0383333333333333
6HsLzUyVMSj9NTjziJipog,-0.05567534656024553,1.0,0.05263157894736842,90,55,0.0489028213166145
6HvlBeMH1povoskopmp94Q,0.25627110865464653,1.0,0.0,273,48,0.160919540229885
6IRlUGtb_PZRR_IXJQ7Kbg,-0.3740222913025789,0.0,0.0,115,53,0.018169112508735
6JBJTohCP_ixC-8vd4B_Gg,-0.3682349978152692,0.0,0.0,181,55,0.0
6JjUFam24kazPf29gR-ZfA,0.19054289505696587,1.0,0.0,28,6,0.0
6KpBE-zJW4I3VuEjhFj3Tg,0.028728667100966554,1.0,0.014492753623188406,205,82,0.034002869440459
6LA1ttZl3vLl3YBg4IqZWw,-0.14004980587222493,0.0,0.0,126,29,0.0600667408231367
6LFhb-DEcVDnG3HZfHt1Qw,0.025238382430884165,1.0,0.125,58,28,0.0910138248847924
6LmJ1077AVxEMn4Ce5ZSHg,-0.11729448875366444,1.0,0.0,63,32,0.0
6MBVjXPYjlNkIcNzlChEsA,0.2796973558414697,1.0,0.0,162,10,0.1333333333333333
6Md7LjLUqf0scKfl78CQDg,-0.01261197932306557,1.0,0.006756756756756757,2460,525,0.0286735322594842
6NpEFQgyQVBfwXNkSuLf0A,-0.15681931840916574,0.0,0.0,113,48,0.0
6O2dPoOJI-TDWPdw4rG09Q,-0.21691314276018836,0.0,0.0,63,12,0.0
6OJKoWZY-lLKM4zRcbauiw,-0.23068540381950964,0.0,0.0,148,40,0.0237804878048781
6OTDvhgDHMcQZTSQaj3H4w,-0.2380810993137087,0.0,0.0,45,7,0.1071428571428572
6OwxdpajDSJi3DkMqkr2sw,-0.13725191138577203,0.0,0.005555555555555556,670,357,0.0266220929788809
6PVqGaFOEibpO4DMXD5Tqw,-0.18627191161555345,0.0,0.0,491,160,0.0293560606060605
6Pm_uPNQMnLW3Pmj9N7F7w,0.08781236045095664,1.0,0.0,96,34,0.0
6QFirGF9g14gSyfi_rmGOA,-0.35353970656518624,0.0,0.0,17,14,0.0
6QVxSFKlw30xCyJaasql9g,-0.1738639946538072,0.0,0.0,208,30,0.0311827956989245
6RBrYMiAf8jFJI4fDoQpcw,0.08082384017730493,1.0,0.0,14,6,0.0
6RKcICXt1s9Mm35d3X5P0w,0.10467803650216156,1.0,0.0,71,36,0.0
6RVwHKupjKs8lyu2qDQXtw,-0.05127512335361317,1.0,0.0,27,10,0.0
6SYG6M05gIwaj3doas6X9Q,-0.16736533994870106,0.0,0.011363636363636364,425,125,0.0500606060606061
6UZfJmVt8O1kpYRjAUFU2Q,-0.08193751653687342,1.0,0.0,64,28,0.0619047619047619
6VQ1UhrwqRPkO1Bt4bbxlg,0.09323685938882342,1.0,0.0,199,98,0.0
6VZg-hUWOalEUpW71VxtOw,-0.2051049527399582,0.0,0.0,150,34,0.0
6W6UjdRDn2OQlH1Iwo9gew,0.0725725703621738,1.0,0.0,30,16,0.0
6W7BXh5dHiWml8zwvvtR4Q,-0.4463365931207539,0.0,0.0,95,47,0.1458966565349544
6WbDVtlU7vGaFV9zHexFIw,-0.12140801241518306,1.0,0.0,229,24,0.0
6XFAHeS-BTzxpBMg2wRbtg,0.26631143190173656,1.0,0.0,23,6,0.0
6XZlRSgdUsEDPlYurRgpMw,-0.15864797106254647,0.0,0.0,525,81,0.0343915343915344
6YVES8bcHezqAmzexU2kFw,-0.15253887094734386,0.0,0.010752688172043012,291,125,0.0228749999999999
6Z2ymUlANwtvn7dWLGUE2w,0.1916402572992268,1.0,0.0,23,6,0.0
6ZDTBwyQqFrXFK0shwJRqA,-0.17780155591668,0.0,0.0,84,32,0.0551470588235294
6ZZX9XQpBOk7U8FFEnMwbg,-0.10590046453509372,1.0,0.0,114,15,0.0
6ZiDuFIsSJxz7U1D98sQyQ,-0.16251291156408754,0.0,0.0,519,35,0.0
6_Zf2QsRHCH1RhbzA9inyw,-0.15283798091285927,0.0,0.0,660,56,0.0332512315270936
6afesz8yZhjOgijkWl4jig,-0.2978565951360125,0.0,0.0,558,77,0.0126540126540126
6bP0RhASi3WQuObr-FmTFw,-0.05238664871219545,1.0,0.0,14,5,0.0
6bT5PaG9xC-V76O4dtDOrg,-0.1931182593088442,0.0,0.0,154,35,0.0
6cJ6PwmP9l7W_xWskfJSWw,-0.43264679985224586,0.0,0.0,29,18,0.1296296296296295
6ccvTPhcwC-B37eIlqA8fw,0.18124165142373472,1.0,0.0,48,27,0.0343915343915344
6cfNCzL2A0XsmXnjeg0u7w,-0.1299240131392475,1.0,0.0,298,77,0.0
6cswuD0Qpsyy0s9CQEDHRw,-0.27191864260767384,0.0,0.0,119,32,0.0551470588235294
6ewV-e7-39oqYUq3yZuIyw,-0.2969447763805022,0.0,0.0,2950,833,0.0218425398328345
6f8dXcqMrNPMHm1fXFQQbg,-0.08197988848392523,1.0,0.00784313725490196,899,309,0.0474583022155836
6fJcHm3dNTBILsa646nZBQ,0.26056872593089864,1.0,0.0,38,5,0.0
6fZWaWkvqrZNCxl_7PMDBg,-0.11548320081347563,1.0,0.02127659574468085,125,63,0.0297924297924299
6fqL0jlPqhj0j_--hF3HWg,-0.2791691050081764,0.0,0.0,337,32,0.0
6fvE5PQQ8mldsMDU8IsQSQ,-0.178452157247195,0.0,0.005952380952380952,335,177,0.0055862375420554
6g2-9mUquEDYw8y9KHJTzg,-0.09633479778279608,1.0,0.0,58,10,0.0
6i2h2hYPEEG13A6mamsq9g,0.025620392570353867,1.0,0.0,67,19,0.0
6jNFUIKiCCKnLCpGJpkyrg,-0.17239484570150154,0.0,0.0,39,22,0.0
6jTChkWB6cR8wIhw4z1_GA,-0.0142577493366991,1.0,0.0,75,25,0.0369230769230768
6jWxJEIoq5RrEAARWmj0Xg,-0.3255631177900584,0.0,0.0,159,61,0.0
6kP_X6j0Pu7XDVFNWKsi7Q,-0.09667599910299074,1.0,0.0,428,156,0.0247596153846154
6ko58lgD6RjhINuNcuP6bA,0.10017142677650859,1.0,0.0,30,24,0.0
6lTzO3wXNTJJODicDjfyJQ,-0.052445507159707194,1.0,0.0,511,80,0.0237804878048781
6lr3qkrqie9bqxl7DaYvTw,-0.04417615982269507,1.0,0.0,17,8,0.0972222222222223
6mL1WHEloNCQfc7a81pBiQ,0.04989588516454846,1.0,0.0,65,46,0.0572315882874887
6mrC_xP_Hb9TMaQLHsKW1w,-0.08624095435399837,1.0,0.0,229,124,0.0371967991997999
6o8ddZAL2Gw_FdoFQf1ilg,-0.23722973648363654,0.0,0.0,1123,243,0.0346528186034358
6o_nPu2NOnVkdHXvGy1tQQ,-0.09188835559898467,1.0,0.0,168,26,0.0
6oeFoOXBcembgDTExuYYww,-0.42697584430505886,0.0,0.0,65,34,0.0277310924369749
6om0BH0Cpotw8H0pQm5Uyw,-0.22381112206934156,0.0,0.0,28,8,0.0972222222222223
6p1ef8veye7qmetHBjxrLw,-0.11074025908628449,1.0,0.0,104,9,0.0
6pT7TIyrhpeo-LjTlIZBDA,-0.0728733399529673,1.0,0.0,369,121,0.0805159028299524
6qCs0NoA6mJpHKWX_3vQaQ,-0.19390386248880997,0.0,0.0,57,11,0.0
6rCL1hsSx2KEzq0oDfBcWA,-0.35389300455175166,0.0,0.0,63,31,0.0
6rZkogALtWhE57DpWhK6ow,-0.11006507710929148,1.0,0.0,75,25,0.068148148148148
6rdfC4ESbWEBeKbyQziZ1w,-0.09630890353686195,1.0,0.0,226,29,0.0
6ro0Uy6TCDZ-R3a90Dnt6w,-0.018064438303289854,1.0,0.0,67,13,0.0
6rzuiMOivqs6Qc3VS1ugGg,-0.12313417189994436,1.0,0.041666666666666664,100,31,0.0586510263929618
6t3zWNWQKLVUHUuFp5dpDQ,0.2801615964690749,1.0,0.0,67,30,0.0583333333333331
6tQrTyDTs5hWh5e4LlPLCg,-0.03367728871975484,1.0,0.0,23,14,0.0
6tXfFVJJwfWOY9n7LK8dVw,-0.17867677062244658,0.0,0.0,329,90,0.040661938534279
6tfH-0BnhzDc29p712rUUg,-0.3068527167797652,0.0,0.0,72,24,0.0383333333333333
6tgrhfz8XsTH2ItEShoohA,0.15181178179202126,1.0,0.0,12,5,0.0
6vJyfndJjC-LVbfa3MdyzQ,0.2711387953578296,1.0,0.0,21,11,0.0
6vXFb9q_dfhI67hma3xRjA,-0.04378369976102259,1.0,0.0,142,38,0.024966261808367
6w86pEr2M3_-u9qqv0kedA,-0.3192560413428999,0.0,0.0,103,52,0.0356125356125356
6wqxuBt2InDipRuUj8BNuQ,-0.07613444313559092,1.0,0.0,3023,364,0.0261356290768055
6wzg18gopOI6tnj-7ElgMA,-0.13190658916037878,0.0,0.0,122,37,0.0
6xS8kItlMKI9eCwviIvjwg,-0.19694003222343337,0.0,0.0,418,148,0.013153153153153
6xWQqSQ6nctJ6Ifro4Nrxw,0.03388377545010779,1.0,0.0,22,5,0.0
6y3ieaio3N5I157dwA2IcQ,0.028915172343086826,1.0,0.06666666666666667,66,19,0.192982456140351
6yDedrQLDH-IC8eU1DAd2Q,0.3013107970077641,1.0,0.0,31,6,0.0
6yXQIqM6397s8VY0jutUFg,-0.04417615982269507,1.0,0.0,15,7,0.0
6ymIJJ780dpKOyPJkhtDsg,0.5407636090261813,1.0,0.0,18,9,0.0
6yw6rcys6FuMnbatD0lEcA,-0.07395925069022735,1.0,0.0,53,15,0.0583333333333333
6z3n9bxWvYWDEcrvuahjtA,-0.06741775579392129,1.0,0.0,800,66,0.0536796536796537
6zxPHDdLUNhCSLSeHlCVNg,-0.196474587507325,0.0,0.0,342,109,0.0564694716861753
70kwtAF7XEtP2WZkOn34fA,-0.19225336325469566,0.0,0.011235955056179775,276,118,0.0163841807909603
70vQqNfFTdA3FmqjFDnVfw,-0.21400476144471703,0.0,0.0,258,56,0.0481234866828088
7119UBDxs6ugvitzkJ0prw,0.05817817452886942,1.0,0.0,29,5,0.0
71IDpjWYOP9ZVShNVm8FkA,-0.03367728871975484,1.0,0.0,22,13,0.0
71jPhXJK1GGdGGV09jp0gQ,-0.05006957602096851,1.0,0.0,164,27,0.0938271604938272
71q2UD1A7KL2q4AA8mPobQ,-0.18402947813717307,0.0,0.0,358,88,0.0318431568431567
72_YsggUrXElHQ3eqVlOpw,0.12700242682266705,1.0,0.0,22,12,0.0705128205128204
73SCAor6x6Acyv5cEp2Whg,-0.19194451829836456,0.0,0.0,167,14,0.0
74OO_45KTjh6WI3XKdP9Zw,-0.1677504422468149,0.0,0.0,67,6,0.0
76HRdyRWAJSJwKdAeNkR7w,-0.031354606642759575,1.0,0.0,48,19,0.0
78lXlSJ2Vp3kw0Ds9dZsdw,-0.07659842650608462,1.0,0.0,12,6,0.0
79-mLS1vvVYkHRCYBMXmzw,-0.13055851102785876,0.0,0.0,50,9,0.0
79OES-kMb3VGsdy0nG6G2g,-0.2633014808660985,0.0,0.0,1212,178,0.0162952386864487
7A-q7-bajt0NxMy36dUfIw,-0.25834363644251346,0.0,0.0,74,37,0.0485100485100484
7AAUjAvOS10dMx1F_QMaew,-0.08477187250096985,1.0,0.0,52,18,0.0
7BMDF_d7in05n38QT8h2cw,-0.16891218652578516,0.0,0.0,12,6,0.0
7BNS9K9LKnlK3lI9JQsBHQ,0.23959773605113022,1.0,0.0,26,19,0.0
7BZo_arIR_qvyyVMRBxQDg,-0.2595744038548657,0.0,0.0,79,37,0.0
7BedZ4I6K8lNZca0WAb5JA,-0.007935451119641224,1.0,0.0,50,16,0.0
7BmboJEmyQ_DAgTCoCgpgg,-0.045749718462616995,1.0,0.024390243902439025,100,67,0.0417910447761193
7Bq927oiZRlEVMqQSNR0Lg,-0.05309753242120674,1.0,0.0,26,5,0.0
7Cecref3HqLLpVLhMB1oTQ,0.09323282760602003,1.0,0.020833333333333332,220,141,0.0569267139479905
7Cpp1cVc1mtC3PVicq9dLQ,-0.18808689413920476,0.0,0.011904761904761904,314,152,0.0419976828864614
7CqEOhKpZQI-HOfK6MYgJQ,-0.1553115756566138,0.0,0.0,1389,161,0.0179518254809878
7CwAjHjTPilN_zBuOSdMxg,-0.2782348802606365,0.0,0.0,53,17,0.0928792569659442
7DqribLH6y79TLf0VaxxPw,-0.12705851455168093,1.0,0.01694915254237288,152,63,0.0297924297924299
7EAP8bzgJM2SEDU8U5XFfw,-0.08122254671070883,1.0,0.0,44,16,0.0
7EIRMyPzlNlvqXOnc3AphQ,-0.028611454653791002,1.0,0.0,29,9,0.0888888888888888
7EXwY2JuIRcG88Dun2bSkA,-0.25091256138516305,0.0,0.02054794520547945,665,168,0.0227021040974528
7Fqf5nkKkVhXn_DUrPWWEA,-0.027703701520056745,1.0,0.0,262,38,0.0
7G1dv3W-Lt7IeUUyDymOAQ,-0.25409146488234546,0.0,0.0,64,13,0.0659340659340659
7GCH0wxXHJrcqSkpKuAYxw,-0.13987778363542758,0.0,0.0,991,145,0.0198508853681267
7GmQ9LYOoHuvsiaIJuLykQ,-0.3209771746875402,0.0,0.0,494,205,0.0187653168397712
7Hl4TcFcgdW2-TR-mhk27A,-0.15330519475777227,0.0,0.02631578947368421,170,64,0.0298295454545454
7HznGpvXxOP3ILOvBxG8hg,-0.2185359314145059,0.0,0.0,62,9,0.0
7KFWWjzHOSBl9HDVXkyusQ,-0.23366331577192823,0.0,0.0,222,16,0.0
7KJBDV_gd-ycyz7EiBzprQ,0.02260158004583601,1.0,0.0,74,27,0.1412037037037037
7KZG7LzkzIbPm_r1zZolDQ,-0.037081425425859016,1.0,0.0,66,33,0.0
7Klk8UuK1sdJt5_44eUtDg,-0.1916011142714159,0.0,0.0,648,58,0.0466365178066705
7Kv5lFl-skksZlzTqJpnmw,-0.05566638062567564,1.0,0.0,62,36,0.0
7Ljrtr65Q7-uX2Nl4I_7Iw,-0.21809785269618764,0.0,0.0,244,49,0.0
7M4acncueqDznH9AwgPjeg,-0.21858881786784712,0.0,0.021621621621621623,521,221,0.0637302632835024
7NITtPelRe_oQRsWACI3yA,-0.09868057537621144,1.0,0.023529411764705882,225,104,0.0792847503373819
7NlcGz2E_pOs8y8N8rDR6Q,0.3550865535390534,1.0,0.0,66,9,0.0
7NwFNLC0SwX1SwQYlfF5yw,-0.1839085621483204,0.0,0.002564102564102564,827,445,0.0152431142487818
7O-BkVJHcxwlxj5qjXArrA,-0.12160429711175402,1.0,0.0,58,10,0.0
7Ojkt0_941r2_F3HdZOj0A,-0.21856656440075783,0.0,0.007518796992481203,354,148,0.0315756933403992
7PVFGTeOP2LW8_m8Z1VV7A,-0.19341676105437122,0.0,0.0,25,11,0.0
7R_bnIw6n2wSf8SUAL1gLQ,-0.020736846982430612,1.0,0.0,144,16,0.0972222222222223
7RinFVNZHfVbXofpeO0cjA,-0.12034139878476335,1.0,0.0,68,20,0.0
7SC59d4nl7hc3BFjaMPSEw,-0.04569962863536692,1.0,0.0,23,13,0.0
7SWXnS2odT-0EiMFXUgIcg,-0.37361427080813614,0.0,0.0,41,16,0.0
7SfQg9aLs0Go_BT5C9NoKA,-0.1573544778054644,0.0,0.0,29,10,0.0
7TzBf-cZT2qXbfCt1yU8Rw,-0.3357744639509982,0.0,0.0,81,18,0.0
7U7IgKCBvUqHDoZvmunuAA,-0.007515875308620412,1.0,0.0,30,16,0.0
7UCEKJGWBqeJ-L-DHw8Y8w,-0.23893755330935562,0.0,0.0,102,20,0.0
7UFRDoDdwC3_Pt77FzaJfg,0.2258400220635305,1.0,0.0,20,5,0.0
7UOJofNZSY6pQkIk6QUOGA,-0.32700521646262837,0.0,0.02631578947368421,248,59,0.0715042372881356
7UWUdyMDyfFFaKA7-ga8EQ,-0.17062060192130468,0.0,0.0,93,62,0.0156169994879673
7Uju6dZG11IV-veCyJ6lgQ,0.24181705996678682,1.0,0.0,55,19,0.0
7Uy5TkrhSW7KN_8RdIvOaA,-0.06652321137515305,1.0,0.0,54,24,0.0
7Vy1FHvdD22nzEB6zfaUFQ,-0.2642166313127688,0.0,0.007633587786259542,1554,503,0.0423391211665369
7WrnAUGyB_uyWBSk5imztg,-0.18768825443904014,0.0,0.0,474,24,0.0737179487179486
7XSVBJVuozQZL53D3DlypQ,-0.25139031292163055,0.0,0.00558659217877095,606,217,0.0342447516641064
7Xs44M4gmghxrJgU_xzppg,-0.14691941879482906,0.0,0.0,169,26,0.0
7Ycg7RgBswvQ8yQqHe7CYQ,0.0,1.0,0.0,9,8,0.0
7YiLEuHuUONZrMPT0OxXUQ,-0.29180525801892365,0.0,0.0,236,89,0.0109862671660423
7Z2Xr8yowbTILokoXQGU0w,-0.11792630864038378,1.0,0.0,11,6,0.0
7ZhN2yp1TAaoRQl99hnbfQ,-0.038460899628786516,1.0,0.0,109,18,0.0
7_2O7S0_jpKAjQp-iETYXA,-0.1456996286353669,0.0,0.0,16,6,0.0
7a3P2nje3j65pX6d5xYCvA,-0.315568347036299,0.0,0.0,115,19,0.0473684210526317
7aGR18LRkq_yK-r4inL_WA,-0.18045617980917483,0.0,0.0,142,40,0.0668604651162791
7arJd6e88ozMfrJT2nCwlA,-0.343956068238693,0.0,0.00641025641025641,433,206,0.0186777623670828
7bnDURjKCOgMxaYz1H7avA,0.19235320014775414,1.0,0.0,28,20,0.0
7cpj7hjDTX5fb-6pYcZiGQ,-0.413195070153308,0.0,0.0047169811320754715,980,449,0.0357303306346006
7dLQkwWU2fRqTlvplg0iMw,-0.1863214275930677,0.0,0.0,1212,223,0.0130957577681654
7dQ39yOtoQIhmHY_E9cQFQ,-0.24455679384790052,0.0,0.047619047619047616,110,55,0.0175324675324677
7d_OgR-rNFMh0tScSqtegw,-0.03772534920015502,1.0,0.0,34,12,0.0705128205128204
7dfl5-n6r_8EJVh811q9hQ,0.25673490682724875,1.0,0.0,15,9,0.0
7dtnDUJuF6cyqkv5Hvuumg,0.14322485019096376,1.0,0.0,32,16,0.0
7enJKZ9W2Vkq62ryK28taQ,-0.2501336463333177,0.0,0.0,342,62,0.0302419354838709
7fGsiwsL-cg4UIXWys5fNA,-0.346876973849898,0.0,0.0,80,27,0.0
7fSehNL4pBJ26FOeLqPj1g,-0.4296382070498975,0.0,0.006493506493506494,420,159,0.0239225218968244
7gcwopSaFng9Rx-jRhfmuQ,-0.02121953827929901,1.0,0.05,86,42,0.0227021040974531
7gmgEoLpKdC2nawiBOtGjA,-0.4066110399359624,0.0,0.007751937984496124,1295,316,0.0300147549895162
7gqRNDQs9ezTngtXCZ03Fg,-0.020411602982817856,1.0,0.0,419,96,0.0551470588235294
7h0GEzhYlE6djSel23xleA,-0.2629899875192623,0.0,0.0,69,31,0.0796963946869071
7hfstTAr43zIpEt69e-o2A,0.016560659465772898,1.0,0.03571428571428571,129,33,0.0536796536796537
7hpUoYdAVToZXwuPRgoqdA,-0.29036442676419605,0.0,0.0,1964,477,0.0278813186625506
7iiUkblw8yXXsM_P-EjBwA,-0.28306128174013584,0.0,0.0,66,19,0.0
7jNNSKeFFJGOz3oW4J0VuA,-0.3063241380544519,0.0,0.0,538,65,0.0149184149184149
7jYC4dxkoiAULgENY7hbMA,-0.30833691573420774,0.0,0.0,177,54,0.0178451178451177
7kr8QQ33vSkMmQ_mby5JUQ,-0.030157476005057693,1.0,0.0,27,14,0.0
7kv0_b00dLOqKxaHb7Xfeg,-0.08780432547244477,1.0,0.0,108,31,0.0302419354838709
7lHSyLOLuW0glxvjcvtBJA,0.4618327733954126,1.0,0.0,14,11,0.0
7lpkWY6BPUjNfWpiklxz6g,-0.16881127685628206,0.0,0.0,249,26,0.0659340659340659
7mJN7GAoGv4yDwB8RO4VyQ,-0.36873768554846037,0.0,0.0,403,112,0.0253881987577639
7nhfY3Z_d_0XD21m7Ha_dA,0.3401891218058397,1.0,0.0,35,7,0.0
7o-p4IlitJ-SbSCZ84vHqQ,0.44235320014775414,1.0,0.0,18,10,0.0
7pTSUbvuKYowZfN0bGSy8w,-0.06171816475937386,1.0,0.0,180,78,0.0362456473567585
7qA-7EK9-i8x3p1UPiSMFw,-0.10601484683432905,1.0,0.0,269,104,0.0272286125089864
7qN3TW2RU89Q78iceR1R4g,0.3582868560764595,1.0,0.0,21,7,0.0
7qqlNBz6x6tiwoj0KhycwA,-0.2527086530904296,0.0,0.0,315,94,0.0299407764860715
7rsdqP_j5s-x2OnFv_TrIg,0.017614513177101054,1.0,0.0,18,11,0.0
7rtbIYXGSFdZeKbIaif1vQ,-0.15586047584203944,0.0,0.0,156,50,0.068148148148148
7svjXaOKO5638eYiymNP2A,-0.4619440066948947,0.0,0.0,63,21,0.0
7tIkHJL_c_Yea62w5ZhLdQ,0.053882560118203304,1.0,0.0,13,8,0.0972222222222223
7tnOEAvPYk2C5M41GEy8PA,-0.010883446775823757,1.0,0.0,23,8,0.0972222222222223
7x5A_GbTLveFhLHf7MbGXQ,-0.267018408242633,0.0,0.0,66,6,0.119047619047619
7xel1TMEUaK32yKYuWdx5w,-0.22768835817471805,0.0,0.0,49,23,0.0
7zt3kcVAcSoMP_XffifV8w,-0.12593350290171557,1.0,0.0,89,45,0.040661938534279
802zLI8fqGFUVbSojvZZsw,0.015152176239697335,1.0,0.0,32,8,0.0972222222222223
80I1vUvNOS9u50Y5oqq8Vw,-0.1397426829969748,0.0,0.0,163,13,0.0
80cGp3IFlveDqwDiRENOHg,-0.01846233045823331,1.0,0.0,219,31,0.0
825S0nTj5TRtKOWPPAMlRQ,-0.23663670150864358,0.0,0.0,97,44,0.0217171717171718
82gbDck145sIpkPH3wuc4A,-0.17724828364066592,0.0,0.0,67,8,0.0
83MNJkbTftVfFmNR7WlbwQ,-0.14610943087233863,0.0,0.0,73,45,0.021256038647343
83wPVS_ikQujVTGiqGfv_g,0.0741005264169654,1.0,0.0,143,33,0.0285204991087344
83xszo9qxDPI-tv0_IGeOg,-0.2211010990880672,0.0,0.0,40,6,0.0
84fKFTKnYwc8PijJdMkkLQ,-0.4039894761063737,0.0,0.0,135,23,0.039855072463768
854d-ziK_hQFmbNdvF3ZsA,-0.1453505992370131,0.0,0.007246376811594203,360,166,0.0174306694232551
85YOTzRlah5hzasNmNl5uA,-0.045277144536286396,1.0,0.0,607,60,0.016120218579235
85yjmSbuLVXLpxd71x-Jqw,0.006854200960111689,1.0,0.0,275,87,0.0321839080459769
86BkHfhvm7pVTMUSyJlttQ,-0.15978326466333342,0.0,0.0,55,31,0.0796963946869071
86Mpp2Xlzasg-ntc2fNw7Q,-0.34439139065404567,0.0,0.0,241,95,0.0
87eWKmI-nxN_76n1OKHcHQ,0.1318308039971865,1.0,0.0,166,34,0.0
88CBVHYANgrKdP6Ns9ILlw,0.04620618016991729,1.0,0.0,55,39,0.0
88Zqyx8ZkecS_o44sGLEzg,-0.31412056256324017,0.0,0.0,746,269,0.0502382323681869
88r-82tHoOm52PSt6dXy0g,-0.1406916189451468,0.0,0.0,1690,117,0.0670194003527338
89COhCW-cAD5-fTXPfXYTw,-0.5288757211587227,0.0,0.0,1007,352,0.0295125845229149
89VqFJf3COkgb6dL2AqXhg,0.07408852016252954,1.0,0.125,36,15,0.1933333333333333
8Aavn4p0d-OX3GtHcLnGgQ,-0.19372466927986265,0.0,0.0,342,56,0.0746487119437939
8AdQNUcZdcvxMDsrGQGMAg,0.4618327733954126,1.0,0.0,11,8,0.0
8BEIpKZu-ddcptxDbqMwLQ,-0.2822377386922105,0.0,0.0,149,63,0.0297924297924299
8CC7IN8NeWlm5PeZVWvcRQ,-0.3270979623150637,0.0,0.010416666666666666,256,120,0.0162568306010928
8CXGk1YTeXMpAkZZ_ji6lA,-0.2193037055112531,0.0,0.0,25,8,0.0
8CfXhST1sJt6IH99PPEZYQ,-0.3453775879606484,0.0,0.07142857142857142,56,23,0.1320450885668276
8D-7SxEW-HUOqp-TfM2oLA,0.16442114680754816,1.0,0.0,11,5,0.0
8E2--KcyOrJx8my51jid2w,-0.17392232508998895,0.0,0.0,835,217,0.017765915299122
8EHiK59NngwSxjcTYAzywQ,0.1571260413202279,1.0,0.0,40,21,0.0
8F75isJz4UF_5LFsyf80HA,0.35546080274595127,1.0,0.0,27,10,0.0
8GCFe81qmoTEcq2BnO-HGg,-0.026027567979534205,1.0,0.0,133,13,0.0
8GV2FoK0nkVKC6xMoKNKHA,0.5647816504027819,1.0,0.0,118,5,0.1333333333333333
8Ho1ctSlanp9w_-dPmkFSA,-0.39655456433371944,0.0,0.0,150,39,0.0462789243277048
8Hq-mqE5n9q7RFP5ghnm0A,-0.15010220392643447,0.0,0.0,65,20,0.0818181818181817
8IBVhpwSRtnbUhrNb7W8xg,-0.20031954261702467,0.0,0.0,393,55,0.0489028213166145
8IOOFeWwW9p8auITeMtiHQ,0.1308295016630644,1.0,0.0,71,20,0.0
8IazNnZkqYlNODBZPS1CGA,-0.3373131374629723,0.0,0.0,115,7,0.1071428571428572
8J-hkpk56R9UX69YKNTtPw,-0.09718527683263156,1.0,0.0,136,38,0.109547123623011
8JEVqaKFy6BNsNIhCnnAmA,-0.14536859057131424,0.0,0.0,161,58,0.0327586206896552
8JRdV8M8b2bIZGH92gMQ0Q,-0.14824262525732856,0.0,0.0379746835443038,468,152,0.0640539231514369
8JoO_AUqcqjwHiMrRvaGIg,-0.18653448481955948,0.0,0.0,41,24,0.0383333333333333
8MyjJ5ocf9VFjdscKrQu4A,-0.0796503243259149,1.0,0.0,420,162,0.0178451178451177
8MzlreHr5tUxXM_Maqm1eg,-0.2626126797719548,0.0,0.0,45,21,0.0
8NGxdDjUnNr_7ZnAWk_cRw,-0.2916783534795455,0.0,0.0,91,40,0.0
8NKKQv7GL-S3je-A2IQThA,-0.06158518131693935,1.0,0.008849557522123894,505,142,0.0331991951710262
8NcCGX7b9sXcYOvd57dFSw,0.351313120989455,1.0,0.0,83,34,0.0
8NqrX9MRsjql8lGiuxlmeg,-0.10717038011168722,1.0,0.0,164,89,0.0319980459208597
8Oh9PG45L4bDN3kXzKunVA,-0.18274578983858702,0.0,0.0,54,37,0.0256045519203413
8PKxsbyRIPfhe0KMiBYuyg,-0.11568183089885797,1.0,0.0,81,27,0.0343915343915344
8PjqEoQoQKhmsvSDF9dHQA,0.017134942268310804,1.0,0.0,21,8,0.175
8TBPpEgCEEpVlPyo9LKcGw,0.28652423512133884,1.0,0.0,25,8,0.0972222222222223
8TkCsT1AV1xW4Ud_8MaEgA,-0.039437972435229396,1.0,0.0,38,10,0.0
8UuBoJmuIf29LqM-zm3Qdg,-0.26655741062821814,0.0,0.0,135,23,0.0
8VfQxXmbPdn8zvsVpYcBWA,-0.20984814564123122,0.0,0.0,210,54,0.0343915343915344
8W4w1sXXDER5ujjE-cuOFg,-0.2994857117464054,0.0,0.011235955056179775,612,111,0.0173802120704775
8WZh1nEW3BzsqGk_j73TFQ,0.1712971793359755,1.0,0.0,12,6,0.119047619047619
8Wq0LZSuHdPTlleQD5sU_w,0.21554284463227796,1.0,0.0,127,116,0.0321839080459771
8X9Urg-r8QmQOAoBJmX2pA,0.33505673475366504,1.0,0.0,64,32,0.0293560606060605
8XMrbikOColypHMqLsJoxA,0.5191659101244744,1.0,0.0,13,5,0.0
8YJtf5v76SIz-4udyF4YmA,0.087299251555087,1.0,0.0,51,22,0.0
8YZc7dVxGjFvEyX0L9ugbA,-0.06905232505666659,1.0,0.0,60,9,0.0
8ZHMr31oBElXmaqSmZJs2Q,0.09006824016058201,1.0,0.0,16,9,0.0888888888888888
8ZN5M6bUQ_KWo8YbxYSVPA,0.19913716149474348,1.0,0.0,24,6,0.0
8ZhC29t_mepcAQ4OlN15NQ,0.04081085653483951,1.0,0.0,48,22,0.0415019762845849
8_Q7nxgnb6WuAOhhOT0ONw,-0.08494820192670732,1.0,0.0,39,22,0.0415019762845849
8aEHSfVjOUC7XSJw3xwrqg,-0.20311953711764041,0.0,0.0,110,6,0.0
8b-DMpY7hDf67vAIJChNWg,0.07161020470826562,1.0,0.0,20,6,0.0
8bdrXvgQ3pkvR0bCTg_LDA,-0.0657273925914873,1.0,0.0,45,25,0.0
8cGyreYTlXU87DfS8g4P7Q,0.09668994680473175,1.0,0.0,62,17,0.0
8cvkk0HB-F2Irctug1h3SA,-0.06349766831885462,1.0,0.011976047904191617,649,190,0.0562272016675351
8dBPK7LNnKVAewpouGoADA,-0.0729499252266057,1.0,0.0,59,6,0.0
8dsMAUIA8Xk-2B0qrDHSnw,-0.22233003528397843,0.0,0.0,39,17,0.0522875816993464
8ediP1TG3wJybp-Ixo_N7Q,0.005075427973737279,1.0,0.0,81,18,0.0
8iMubtt1hTafu5YhEzvZVg,-0.2929106502406015,0.0,0.014184397163120567,956,346,0.0298327423454931
8iiOtnFCXPsq4mbXd-L-Qg,0.017546528394235317,1.0,0.0,43,24,0.0737179487179486
8jkCh4MKxS126H-ld-AFYw,0.3131269601014804,1.0,0.0,9,6,0.0
8jwsNjvVNJiYN7AnxHdMLA,-0.2297171459774136,0.0,0.0,1192,389,0.0149555823110214
8n86Y8qTud6kcHgB1615OA,-0.25930746265674753,0.0,0.0,418,40,0.0852272727272727
8n93L-ilMAsvwUatarykSg,0.2905801112119125,1.0,0.0,68,22,0.0
8o3w3Tu368WTFz45rMLvYQ,-0.14974302671123962,0.0,0.0,61,17,0.0928792569659442
8odXL99ki7fi2YPgvAd14w,0.08393745659716356,1.0,0.0,616,71,0.0388275599543206
8ohbOM0ulHhPuNAbtTMvbQ,-0.026846420522590675,1.0,0.0,60,12,0.119047619047619
8pSm6e9I8zUMa00Voc4giw,0.005500671162406157,1.0,0.0,60,34,0.0522875816993464
8pzVSfj7R3yzOlTepfcIzA,-0.21312818066232664,0.0,0.0,428,97,0.0197854837030095
8q1goL8IPTfNMdEPm5ssQA,-0.1082513598367354,1.0,0.0,519,26,0.0
8q25GCkL0PngPIlCu2j4Vw,-0.10234076136530024,1.0,0.05405405405405406,284,132,0.0487791584913888
8qGe4GQYyZstFhYa0rvpIg,-0.3385520744208367,0.0,0.0,379,58,0.0166569257744009
8qr1cXhqYGOXFNStgcMvhw,0.02240303591851478,1.0,0.0,242,38,0.0
8rdnJAHnce3Cgon2w_EvGg,-0.12072839255695378,1.0,0.02,323,53,0.0648791790797749
8t3a6XoVbQ0nAOwCzpEsaw,-0.2605194213181341,0.0,0.0,55,6,0.0
8tsgnMFsMHuMIgrdjpEHLg,-0.1141301404886238,1.0,0.0,88,33,0.0
8u30hH32rp4d3TnULZw9vQ,0.2309378618089074,1.0,0.0,26,19,0.0
8uF-bhJFgT4Tn6DTb27viA,-0.2532774493538478,0.0,0.0021208907741251328,7200,2062,0.0223351000501055
8usO-H5uFTzlISfGZN8rSg,0.05533424295723599,1.0,0.0,167,85,0.0428288169200263
8uxr2vjNzNzBkFVVxCHEJw,-0.24611857343527804,0.0,0.0,26,7,0.0
8vuulrqX0uw80A53wXmRSw,-0.011623899379325064,1.0,0.0,250,90,0.040661938534279
8vwdDagJc8bJR0ZojFGZxw,-0.20062698612417573,0.0,0.006622516556291391,1104,335,0.0579288431790627
8wkPLsDbGU3GcW8CoD-4aA,-0.2531547254817912,0.0,0.0,1772,321,0.0348947077919041
8xM8akbQhHDQdJO1sPMB1A,0.19235320014775414,1.0,0.0,15,7,0.0
8xV1PeAKQ64uJUTrqqe34g,1.0,1.0,0.0,6,5,0.0
8xjBQgZsIivU_qfbXYGrZw,-0.16114480081350108,0.0,0.0,64,43,0.0423772609819121
8yPwrhB7jqEB7arUxL5-fA,-0.22840601917626047,0.0,0.0,399,98,0.0287936956961003
8yZzf0gdWpSmY6ziyq7hKQ,-0.4257460938107248,0.0,0.0028089887640449437,834,371,0.0351734518850421
8yy8PtUdZv_3XxmmrLNhvw,-0.08492311661172613,1.0,0.0,39,19,0.0
8zBmf2sXiiCl1EuztLWNhQ,-0.22617121811136764,0.0,0.0,799,42,0.0
9-1C7wFYA53uxXXYTYCbKw,0.21719077494966355,1.0,0.0,90,11,0.0
9-ko2uX5p7h17KbpobOGaw,-0.2881862783406558,0.0,0.0,53,16,0.0
900VYF8eLWoFt2FlMQ_gyA,0.11654140520388578,1.0,0.0,67,28,0.0
90LsqLbaoQpz_xNbSQsCFA,-0.22919645273251021,0.0,0.0,1113,58,0.0763546798029557
91gDFsfejFglVwdQWnkOpg,-0.15434433149008986,0.0,0.0,66,7,0.0
956T4LrfnQCeiCtm9YXxTg,0.2783932575424378,1.0,0.0,63,13,0.0659340659340659
95Pw5mF_PMbfvXN_K-mXWQ,-0.16588116675535414,0.0,0.0,54,39,0.0243589743589744
968Pa4ZZRrRLW5KeWL-k2Q,-0.14381825792462133,0.0,0.0,320,33,0.0285204991087344
96U1zRixy6c4vzmXAxbhHw,-0.17193516806183584,0.0,0.0,101,34,0.0739268680445153
96xOmjfSB6RoKUFAF8yzIw,-0.09678776718742765,1.0,0.058823529411764705,70,19,0.1798245614035087
97PA4BTfAm6OwuDObQ4n5Q,-0.3230628163471274,0.0,0.0,63,25,0.0
981Xj6Sey1CjyP6WQ70lzg,-0.25402431757929944,0.0,0.0,124,34,0.0277310924369749
98JiQQWF-GXM-RcjT0AyNA,0.6654119200886525,1.0,0.0,9,5,0.0
98mYebjHN_VXZapVm8Nmqg,-0.11350834246889363,1.0,0.0,293,67,0.0
99VA9y7rdlDzl_-Rd-WKKA,-0.17691900215741185,0.0,0.0,106,42,0.0
9A5Gw0At6so0x-vWM0_JZw,-0.27115518471394595,0.0,0.0,1676,338,0.025245979912351
9CRWWbw3iOo4-9FMAO6nKw,-0.26094125738449414,0.0,0.0,437,237,0.0041839520618374
9CcYG7sneFNwy09sp7GKuA,-0.19212067254905552,0.0,0.0,267,135,0.0
9D--6413BnOOSqlbCFIGkA,0.25944452840890464,1.0,0.0,26,7,0.0
9D0aKRGsutg8S0ClIanmrA,-0.12567605884887056,1.0,0.0,740,143,0.0136001929105376
9DhjKaR2f9wKATnUvxBAgg,-0.244145412835294,0.0,0.038461538461538464,127,29,0.0600667408231367
9E-niGRtxsbA0xiTHfsKIw,-0.18307619316857043,0.0,0.0,25,12,0.0705128205128204
9Ekfby4OgzWs96RO8M4tnQ,0.0,1.0,0.0,6,5,0.0
9FNrCSiR6s5oYNyxGv4DtQ,1.0,1.0,1.0,14,11,0.0757575757575759
9Hz4L2kothD6hzwcMa5-zw,0.2170208463571025,1.0,0.1,32,17,0.0522875816993464
9I3pqS1gTmVX5Hmu5KKU1g,0.5062626731423366,1.0,0.0,204,59,0.0163841807909606
9Ip7jPc0L8BfqwAYa7Lqzg,-0.07357084385953094,1.0,0.0,108,22,0.0415019762845849
9L7yi0YRdzbK1KCjBsalNw,0.35912091781767763,1.0,0.0,20,7,0.0
9LZWyTM6KCr6JvfWEgGeQw,-0.23634285386654175,0.0,0.012658227848101266,327,102,0.0277310924369749
9LkxqWm0d-UnRWItuDRt6g,0.40587579319270817,1.0,0.0,30,19,0.0
9MHIC3BTGyE68EHD52XLCw,-0.1961174398817967,0.0,0.0,15,10,0.0818181818181817
9OkoIFBL8K8I7ejvZnrgUg,-0.10583408987552556,1.0,0.0,16,8,0.0
9P6lEvHdJL8dy9VPpIgieg,-0.08084564210185363,1.0,0.0,169,67,0.0991044776119403
9Q8eNNRnb_Higrs7TvR8lg,0.23746194737143655,1.0,0.0,21,11,0.0
9QT1KgrNutANvTzT_UChcg,0.08244307781688243,1.0,0.09090909090909091,128,15,0.1333333333333333
9QWwqxQkG8Q_cwvkRwPvYQ,-0.050408614795580786,1.0,0.0,111,42,0.0
9QdXPBRzVRJ8HYouYKQcHw,0.12211758507784243,1.0,0.0,105,6,0.0
9RDKqyqXJcupSnA2vCIs_A,-0.29112800895742985,0.0,0.0,398,85,0.0428288169200263
9RmCMNxgGe7vX5MYF_TM4Q,-0.34153076538779215,0.0,0.03333333333333333,304,31,0.0796963946869071
9RvqC8Dh08QAp4qtcSgjpw,-0.2934455817948042,0.0,0.0,255,35,0.0
9SDMmYFtwSeQ7-ynEI2cgw,0.06735320014775414,1.0,0.0,19,11,0.0
9SVub2VmfgMmyqe3KQh3bA,0.04181564607559507,1.0,0.0,129,27,0.0
9T0KlT0HW75LM-sTEPBPbg,-0.24261945129708373,0.0,0.0,83,25,0.0
9TJzfMc4gEKSUxfnGcj6dw,-0.2853877381540768,0.0,0.0,90,33,0.0285204991087344
9U2w4rQlIgBQqHuTRgp7Rw,-0.255439857045368,0.0,0.0,177,102,0.0096135541595279
9Udgv_7h8oj6NXq5hQeJow,0.35839998748942076,1.0,0.2,17,9,0.0888888888888888
9WOuyt0MWs_Lvr7NZBK2oQ,-0.38974750576485573,0.0,0.0,210,55,0.0175324675324677
9Wor6FL3k1Ce5cVSUcnbxA,-0.11559510626420832,1.0,0.0,101,26,0.0356125356125356
9XWyNzOJtfVNZlNFk-kPXA,-0.1428729495197485,0.0,0.0,1373,280,0.0237804878048779
9Xcj1jOXxzz3IsImANGTNg,-0.12502214396577638,1.0,0.0,171,6,0.0
9XjXIqQFQ2SfeHTwPRngIA,-0.05594013670520959,1.0,0.0,423,160,0.0121913580246912
9XotjNYdPzWCokrVMRo4Mg,0.1204781365229386,1.0,0.0,39,9,0.0888888888888888
9XpU6r6ATXSWYfbU7kibaQ,0.21212215837764414,1.0,0.0,366,91,0.0589101620029455
9XzPqLGIkuN1rmqWH7aP9A,-0.12391202604131146,1.0,0.01694915254237288,122,87,0.0426929392446633
9YxqrKuDxwbMqcbKmTQFtQ,-0.0702503870329948,1.0,0.0,37,8,0.0
9ZFCaOWsiXF3iQW26gcB7Q,-0.18156983633416446,0.0,0.0,67,6,0.0
9ZGG0q8GZ3Mh-HzG0livdA,-0.3242810515280342,0.0,0.0,105,35,0.0525096525096526
9ZcxmF09BwB7K2R_I0yU1g,0.19235320014775414,1.0,0.0,18,9,0.0888888888888888
9_g3DU-5BnpTH1DC1kIe-w,-0.10749331126980288,1.0,0.0,41,26,0.0
9_m_iA3VAqGBJEW5XLc-5w,-0.19702952633549664,0.0,0.006493506493506494,1399,506,0.0263681970203708
9_uigKs9GCwg9dFKkq_Kfg,-0.17677037701345022,0.0,0.0,1494,74,0.0
9bH5Xc39pDsh70N9vUdBGg,-0.17888878850211187,0.0,0.0,471,38,0.0673940949935814
9c1p8TTOG_F55i3yEiVVDQ,-0.11667540288783407,1.0,0.0,556,70,0.0138832997987927
9dTadxqN5hvIVwnhpxlrDA,0.06507688338827378,1.0,0.0,16,6,0.0
9dTnpsb_tO25h44IAoeRjQ,0.05532311215374974,1.0,0.038461538461538464,66,30,0.0311827956989245
9dW3CVyvnTXdkXg2AOyBfw,0.23034422421034828,1.0,0.0,46,20,0.0452380952380953
9e3uANpD7iRNNGpdfrt5nA,-0.0907912267251908,1.0,0.0,122,13,0.0
9eYm5gwEOhBQdkg9ihV7EA,-0.05276863677684018,1.0,0.0,67,19,0.0
9f48RWEylLgrkCt0-49iHw,-0.23976442821782962,0.0,0.0,725,158,0.0462864114686594
9fLkROUd4EcFlbf8NKzxbw,0.08808071895176461,1.0,0.0,14,7,0.0
9fajAXTAT1A_pcGakz64hA,0.12734644069004708,1.0,0.0,52,13,0.0659340659340659
9g9wQVMGXZRJaQccBU9c6A,-0.02120056887540611,1.0,0.0,93,30,0.0
9gQ3s8WlhHTJen4bCkZYGQ,-0.44560178327088973,0.0,0.0,226,53,0.0
9hUAOvJlS49CJyRWsx22fA,-0.15727626342498224,0.0,0.008333333333333333,512,142,0.0457037527176482
9hWw-Lffnc9jCTgGnnJt6g,-0.1297819231494366,1.0,0.0,21,10,0.0
9iFqDUOMifeoJ2v4z6U_Wg,-0.30764679985224586,0.0,0.0,16,8,0.0
9iP-mvRp835QYWu68pTRkg,0.2769412800591017,1.0,0.0,11,9,0.0
9ik4zu2353HJu9QMrVzOiQ,-0.2516493892964018,0.0,0.0,161,73,0.0133283968900406
9jnGGPtzKMwIPTnv7HkiNg,0.22013655015402522,1.0,0.0,34,18,0.0
9kjcWWo0pZ5qr1ZpAXBFnQ,-0.21204601472741436,0.0,0.04838709677419355,189,91,0.0589101620029455
9lRGG25YSg1-HNR7StNC1A,-0.18168890231532786,0.0,0.018867924528301886,153,57,0.0327088908712458
9lTtm4UUHDrDtv_BmXI8uA,-0.1936029688338028,0.0,0.0,358,155,0.0832637571157495
9mNXWpQJh0ydVgJKRhmwRg,0.28207369135961624,1.0,0.0,10,5,0.0
9nBqiimE6bGE1TSxlnDJ-A,0.3500120041187299,1.0,0.0,17,6,0.0
9nJLpVhr5EGMU9sdwMauUA,0.16442114680754816,1.0,0.0,11,5,0.0
9ng2rcAA3Lb6m_t4IY0QcA,-0.22464113228126215,0.0,0.0,472,106,0.0092576265208956
9oJinxECxlSutUM0kBOixw,-0.23059526918667794,0.0,0.0,113,34,0.0277310924369749
9pbEWyLUfPWqmeOklf2v4A,0.10970152853684634,1.0,0.0,42,16,0.0551470588235294
9pc7HKeHRkBIcrjqcP_OeQ,-0.4917213529428751,0.0,0.01680672268907563,330,150,0.0192156862745098
9pr6rI87hZTCIAnFGNnvzQ,-0.10994068372630605,1.0,0.0,373,128,0.0361254699248121
9qFdMKd4LLrLt8AnQq1BnA,0.3131269601014804,1.0,0.0,10,7,0.0
9qxMhGWjGsuPUoQB3Y74Wg,-0.20625768727366534,0.0,0.023255813953488372,97,62,0.0439205955334986
9r8jxa_KCn9UYEr9eqSDuw,-0.005643204039650018,1.0,0.0,39,7,0.0
9rVSinEDIjuOLE0rNDh4qA,-0.06555127977203123,1.0,0.0,44,19,0.0
9sOHuGGwb8uRVu7pANSWfg,-0.26816474831642406,0.0,0.0,919,249,0.0301282952822965
9sdu-m075T6qdB46wXP46w,-0.3157231028522831,0.0,0.0,223,65,0.0149184149184149
9shXDmiEvRLgD93R6KlPNA,-0.14106797772201174,0.0,0.0,162,31,0.0
9t2qXG35tHfXVSXSQ37EXg,-0.2256900547061247,0.0,0.0,67,10,0.0
9tIP3Ey8swBpTlsHOQbvJw,0.795166106728746,1.0,0.0,33,29,0.0321839080459769
9tWLiz52KN-S7CFZvBhslA,-0.18835815506458187,0.0,0.00558659217877095,1857,410,0.0566457820541508
9tajhM5W0OPgPUppo_zhmw,-0.30291373176126624,0.0,0.0,407,121,0.0522985537190083
9tt8wDtWkXhRd6pYM2iOfA,0.08808071895176461,1.0,0.0,13,6,0.0
9u4_k8-XC4RFETCeiQdO8w,-0.1645526532167692,0.0,0.012145748987854251,658,284,0.0538229376257544
9uRj85PviKNiMCYPwiJyIw,-0.26162627086930756,0.0,0.002531645569620253,1347,473,0.0184397287552744
9ubQAHmhBHJ9GhDUzhAIjA,-0.10479445314320035,1.0,0.0,19,7,0.0
9v19T4fTmMl5MPXmdUqWAA,-0.25991064084256654,0.0,0.005154639175257732,1413,450,0.0293582375478929
9vR01HFj18HzlASzaYOfxA,-0.23136154021045385,0.0,0.012195121951219513,349,115,0.016796729840208
9veZaK_zyKQw0QgOdQDxGA,0.40651363437302823,1.0,0.0,40,19,0.0
9w6o_eyKCSNKgMtAuv6KWg,-0.3066417446944443,0.0,0.0,2410,498,0.0390502278864977
9wFFQUCn1j35CYea_dqhsg,-0.09920400136450302,1.0,0.008264462809917356,643,146,0.0197205111703595
9wicN8U1jTdXG49anAV9JQ,0.15169865037905994,1.0,0.0,24,10,0.0
9xCprW96TZFLajnnN-w8Pg,-0.340436851102904,0.0,0.0,2643,589,0.0392427954408456
9xb4prqdGMyLb55r6nUTJQ,0.03771464584515094,1.0,0.0,85,6,0.0
9xv_hrKXFRMndvtqSnD2fw,0.795166106728746,1.0,0.0,10,7,0.0
9y9O9Skpg6Kqn2jb57dXZg,0.3105188901466376,1.0,0.0,24,7,0.1071428571428572
9y_0_oMDt9R5n2lDcWQv3A,-0.14542282702190912,0.0,0.0136986301369863,246,103,0.0878896269800715
9ycb4phY8qbaLcloDhmbNg,-0.23434907957951345,0.0,0.0,424,146,0.0259360730593607
9ygXHUaa7_cW2ou98VHaeg,0.33937938010470126,1.0,0.0,85,21,0.0
9yhny3ODCDOAmMrNIOGJtg,-0.21306636425461734,0.0,0.0,15,5,0.1333333333333333
9ziM5f6VHOnMy8Izv8xmVw,0.06366583280065519,1.0,0.0,72,28,0.086405529953917
A-8K66Kx7fMXkayG_3zdJQ,-0.17431767112914986,0.0,0.01834862385321101,734,126,0.056740108978915
A0F-h3xJm_6gHDKcDQwSrQ,-0.2813131961947939,0.0,0.0,1066,252,0.0227021040974528
A0WpO3Wvr-3XqkKco77DxA,-0.2744442771873243,0.0,0.0,180,102,0.0277310924369749
A0uUOrjRVEmKmn-jt0KUAA,-0.020206373231852925,1.0,0.0,13,10,0.0
A1lAqN3SOaBLoo6NqVcy4Q,0.1662950286194197,1.0,0.0,19,6,0.0
A2Jizi4-CZufW1ozFB-oWA,-0.07712409535950104,1.0,0.0,142,53,0.018169112508735
A2WOHcAk-BkMyf9Qgv8A8A,-0.17541731461034504,0.0,0.015151515151515152,584,177,0.036538933922869
A2slwG21Uulatt357w58PA,-0.15058745695102882,0.0,0.014925373134328358,346,98,0.0468595205072321
A3Qt87F7ZaAwCW4CyyB1Fw,-0.29061656274157555,0.0,0.011695906432748537,431,206,0.0320206025798806
A4HxaMk6EZlieG7jr6FB3w,0.12849944006207928,1.0,0.0,12,9,0.0
A5b9nVDi1DPVvPOD24-p6w,-0.1789909947731002,0.0,0.0034965034965034965,1401,303,0.0160516051605161
A6bawVXV5sa11LzXaI5asw,-0.04462130604027181,1.0,0.0,61,23,0.0
A7Na8qz6895I__Y19CXhMA,0.16541192008865246,1.0,0.0,12,8,0.0
A8ZtAwFgsW1MNkWvArF7MQ,0.2543003713646331,1.0,0.0,15,5,0.0
A8gVrDQNeNOFLep0icvpSA,-0.37896080660872095,0.0,0.0,60,18,0.0497076023391813
AAYzFH0HjSUNL2nLScutxQ,-0.14212383312929222,0.0,0.0,128,14,0.0
AAotftoryNTP0mEY_8ApuA,0.3514929724605843,1.0,0.0,49,27,0.0
AAsbz_OrSLtSoQS0aEbkOg,0.27616570096508186,1.0,0.0,292,19,0.0
ACHVRhkmpCuT7WQQjzt07Q,-0.19722492980141082,0.0,0.0,85,21,0.0432900432900431
ACVar6kJC_P2aDHDBx6N_Q,0.4932591656654588,1.0,0.0,26,10,0.0
ACYqszWy-AlxeskqHuiRBg,-0.07041848128512052,1.0,0.044444444444444446,150,79,0.0457526307762696
ACYt-FtXTGBEsA0P36s4Cw,0.16058317518782828,1.0,0.0,36,20,0.0
AD-CJ3g6_JjKAaJMb4tXqA,-0.07552816499192505,1.0,0.015384615384615385,331,79,0.0469727009303033
ADaZC5PLXRJZaNJQaJnMcQ,-0.5007590935038505,0.0,0.0,179,50,0.0532075471698112
AEgaEEWNGuXWBHUkf_fN3A,-0.1521810337042634,0.0,0.0,534,38,0.024966261808367
AEmQSOm1OKR5GhxZtTOXeA,0.23769058552603295,1.0,0.0,35,7,0.0
AF4eN-oI7IWwjv0M9BiHxQ,-0.23429130503473883,0.0,0.02564102564102564,247,96,0.0469265676567656
AFVNXoSMJ9VoMSaXGqcQRA,0.07341027012782131,1.0,0.0,37,14,0.0
AFk4mirRQ7RWYCDGEPDZew,-0.022311097939814117,1.0,0.0,35,20,0.0
AFk6UXFbH-idH31KhFQVCg,-0.17846405968917856,0.0,0.0043859649122807015,1403,250,0.0193411764705881
AGn4ZJwHvMhFDTvLbGsf7w,0.08239505522587309,1.0,0.0,263,9,0.0
AGxZAzfxI-QXPLaHVd9flQ,0.2941975152987279,1.0,0.0,12,7,0.0
AHLQulzMieUxdvpSQwYL4A,-0.06570953465121487,1.0,0.0,765,198,0.0146992311171416
AHVRAVhlfRp2UnrVNon3ag,-0.15427870587306736,0.0,0.0,63,16,0.0
AHzR6p7UMKsRG5RnjkSONg,-0.2374496369963599,0.0,0.0,207,25,0.0
AIN2K4n1wwetGrCMiAIGFA,0.04827700085523179,1.0,0.09090909090909091,232,12,0.0705128205128204
AIeyR4FxIx1FkWY6BwJHhA,-0.0745741222707661,1.0,0.0,73,30,0.0
AJ1-2fZZWPgpq40CmZapTw,-0.19468450555330186,0.0,0.0,638,263,0.0183020259917146
AJoWmj-UR1NBB6oSNxP_TA,-0.16389323578562764,0.0,0.0,66,28,0.1138392857142855
AJzAO951NR1LFaBHojeudg,0.19007901260078086,1.0,0.0,162,19,0.0473684210526317
AKAt17U4LQtz_Ro4RoofjA,-0.26147724336863076,0.0,0.0,341,44,0.0941558441558441
AM7O0cwkxm6w_e0Q7-f9FQ,-0.3480729591384872,0.0,0.058823529411764705,125,29,0.0321839080459769
AMVL7n_M6MrIywrnyA0C0A,-0.08128788130620479,1.0,0.034482758620689655,256,31,0.0302419354838709
AN0zjd-9W1vq1AS9UnOWrw,-0.20152065737346825,0.0,0.0,392,35,0.0908424908424909
ANDbwHhhs1XYFWAGhaqWQQ,-0.213676976583979,0.0,0.0,84,37,0.0909690177982862
AQfAhiVYzRDH9h0t1TiIIA,0.20281239797107398,1.0,0.0,36,5,0.0
AR1ZK5MNYNgTzkAQPn3gqw,0.14622765648084712,1.0,0.0,67,5,0.0
ARKqI0061oI44-7pvVDbLQ,-0.09592686662109007,1.0,0.0,167,22,0.0757575757575756
AS7hUQSS8zg8D7l3hPXj2g,-0.08796555743957679,1.0,0.0,178,57,0.0609721023871152
ASKMKkejMCoFA4gIfdhbNw,-0.08821978335697633,1.0,0.022727272727272728,433,168,0.0441693722943723
ATp5s0MCyKxjWQJy4HNPHg,-0.20508848067566265,0.0,0.0,67,25,0.0
AU5C7IX0mogLK32u2EEOBQ,0.126913781350932,1.0,0.0,125,60,0.0462962962962962
AUOZWpLFX3o4uyqkcyt07Q,-0.12412989435650157,1.0,0.0,30,9,0.0
AV--_bzb6m-RqUfk269DBA,-0.1374439097227913,0.0,0.0,89,15,0.0
AV2MB75oRvnbek1_td3kXw,-0.19429294576289247,0.0,0.0,91,31,0.0302419354838709
AV9kGDvqvtWQZkOzJvQKIA,-0.057646799852245856,1.0,0.0,14,6,0.0
AWJyivVwe3t9BO-k8D0ynQ,0.020841200015869088,1.0,0.0047169811320754715,764,245,0.0305880454948777
AX4bsa-cmMnjOCx0f75cTg,-0.4998279328091481,0.0,0.0,43,5,0.0
AX9ppYZHLiztWo2v4DXO2A,-0.30764679985224586,0.0,0.0,16,8,0.0
AXRSeJZfr9pi1wJQ61D4UQ,-0.10330356538275087,1.0,0.0,84,19,0.0473684210526317
AYCStuk7tHVX9Uuw0j69LA,-0.030912667155906237,1.0,0.0,46,24,0.0
AYdS8RWl_6npvX71Of8vog,-0.20217168369256389,0.0,0.012658227848101266,140,84,0.0432900432900433
AZGgqK7bdRbOBabH0XvM4w,0.3038825601182033,1.0,0.0,20,16,0.0
A_GAAY2LoP3RS1TIwHzuxA,-0.20777375285963962,0.0,0.0,305,45,0.0
AaWmckcT3O1iQSAIUmzwUA,-0.15831985317488484,0.0,0.0,519,339,0.0115242051308515
AapRf_d8zEmq5O3nr6mJWg,-0.09437691001856963,1.0,0.0,98,27,0.0
AbR-qyMws6GgQYgZcaBKJw,0.13364969668563986,1.0,0.2857142857142857,52,13,0.1634615384615385
Abd2Md-wQLlUzViL5T3xDQ,-0.082823034507299,1.0,0.0,120,46,0.020814061054579
AcAMVPXz_VyV9VirqeDblg,-0.27048117560465895,0.0,0.0,158,73,0.0378514780100935
AcDQ4C7Plc0IOjMgntaoCQ,-0.24179634224091479,0.0,0.0,70,30,0.0583333333333331
Ad8t9T_WH9b7bPLxkni-8w,-0.1839675667592846,0.0,0.0,62,24,0.0
Adg_va1mRvZZN9_yaLZn6Q,-0.020206373231852925,1.0,0.0,9,6,0.0
AedSMCrVUMZkHgoOSTU4vw,-0.2804415464962344,0.0,0.0,36,24,0.0
AefQvASk_wyVDDXIlVoWKQ,0.10468733343753345,1.0,0.0,64,43,0.0
Af0RbLKk4U-GU8J9OsRfyQ,-0.021182730859732768,1.0,0.0,71,22,0.0
Af7NWqfoTszSyyuMRU6few,-0.010801497035237029,1.0,0.0,323,31,0.0566959921798631
Af8k2BmCIBjxhWiHnAfGnw,-0.17420032040447808,0.0,0.0,189,117,0.0319276682913047
Ag3bj6WStEkDa2Ha72pQ7A,-0.23268061263791506,0.0,0.0,1060,223,0.0254959171284783
AgRp84lRUlo_DoT_kOawCA,-0.2401330849881087,0.0,0.0,96,33,0.0285204991087344
Ag_GeZwOrT0nmyhnKQiVBA,0.15719809519137073,1.0,0.0,852,46,0.0590062111801241
AhcSesT3mjnch_1ftdwiug,0.011588520162529536,1.0,0.0,19,11,0.0
AhexobOXNdhg5CuO2tdtlg,-0.22171047543443057,0.0,0.0,72,6,0.0
AhptHEV4nFleCv4yOwp6fg,-0.14801962425658488,0.0,0.0,1210,229,0.0168675150402011
Ahz2VUUpsvbN-cR37dAV3g,0.18601597242916457,1.0,0.0,50,17,0.0928792569659442
Ai8MnqWUCTT03knlsrDSOQ,0.0575470877319777,1.0,0.0,23,11,0.0757575757575759
Aj44kUBmEfJlUsGCvKJKtw,-0.2384838411826139,0.0,0.0,130,21,0.0
AjzEFdI4hheVodEJZLLJzA,0.09250668873019707,1.0,0.0,41,26,0.0
Akmo0AQ5qhbqYlZ2OZnrQA,0.21284846253407363,1.0,0.0,260,104,0.043666196189132
AkpQwujeWuPYPULJGUlsdw,0.39205779573224897,1.0,0.0,15,6,0.0
AkxNKjmfE1RFnTz_z4wuxw,0.05628269153125254,1.0,0.0,120,68,0.0142796248934355
AlMozN7JtyrIDsyrgqRZzw,-0.18312574032789752,0.0,0.0,62,24,0.0
AlyKaJRNi_2lj5y96QtjCw,-0.29983636621509485,0.0,0.0,392,197,0.0627901941443935
AmLmrWRTBmtlAZHwMFrWDw,-0.23208960028844905,0.0,0.0,84,48,0.0391666666666667
Am_H8-XxtTfV34QmOuWcyQ,-0.1698275322606443,0.0,0.0,208,48,0.0
Amq1IKeqyyWrx6rt8j5TLQ,0.12764375896020774,1.0,0.0,24,10,0.0
An64muP06DPFaqPc6QGgSg,-0.007836825922862611,1.0,0.0,114,65,0.0544035674470457
AnXdp1xcObinHQD2pRP6Ew,-0.11683404569559919,1.0,0.0,77,39,0.0834824090638044
AnxLo-wgSqSWePahtA3zEA,0.004511570400805631,1.0,0.0,23,9,0.0
AoboRmPP2tFZctiav2VAdQ,0.0,1.0,0.0,7,5,0.1333333333333333
AooN1OtJJLh1G6A-8u1v8w,-0.41431224958570345,0.0,0.046511627906976744,446,135,0.040661938534279
AorcIbAAOJI7z0CBwICwoQ,-0.24948343256695338,0.0,0.0,31,11,0.0
ApZoKDMHiY6sm3urIcqfxg,-0.3306544085733674,0.0,0.007936507936507936,839,290,0.0608676307007787
AqYorZLGd1DP68eL5hQN3Q,0.03204716469982272,1.0,0.0,27,13,0.0
ArHq_uM3K7mxAiqwFEcKsQ,-0.14749439600403658,0.0,0.0,307,110,0.0892697466467959
AsMmX7njOzFkWsJQ1jMVCg,-0.23921416649104715,0.0,0.015384615384615385,272,134,0.0595449326792612
AssP84KHvx8vFAk-1brkog,0.14142615471871034,1.0,0.0,45,32,0.0
Aswic5AK0L2mYhbuE2hFVQ,-0.0711174398817967,1.0,0.0,15,7,0.0
At7iebut3p14ElmaVBLa0g,-0.020069667406300173,1.0,0.0,69,37,0.0
AtIGlkUITdQFhAG_JWp-Og,-0.10517670638310928,1.0,0.0,314,135,0.0343915343915344
AtQLrRpQan7UtJcIAo9hsA,-0.2281093863076753,0.0,0.013636363636363636,1217,467,0.046751592912249
AtXi5Q5fNfvr-oZj3Vc_QA,-0.3641641331869178,0.0,0.0,69,27,0.0
AuSYrTKWPyTa08AfmEE0Pg,0.09134785517305277,1.0,0.0,38,20,0.0863636363636364
Auc20f0uYTIwPnJIqcdmNw,0.2706632458473487,1.0,0.0,121,42,0.0432900432900433
AvYzDybffU77KZdXZbTOXA,-0.22737925424029382,0.0,0.0,133,31,0.0
AweeOEOV-BhSWfJSGCxlug,-0.09450530536529644,1.0,0.0,43,18,0.0
AwgJYeQaefEdGI34fJcQ2A,0.37129717933597556,1.0,0.0,11,6,0.0
Awkrb1wzFxz5w1Ixc9W3FA,-0.23511569834721063,0.0,0.0,1094,336,0.0201565320005552
AxtOW_b6a6iuojs_ObGpzA,-0.3299445432607317,0.0,0.0,24,9,0.0
Ay0j65KKb3sOrOFUVWs44g,-0.42309668233006753,0.0,0.0,247,111,0.0088481338481338
AzQIIA5d5YFrU03pyhV1fg,-0.2410250536299946,0.0,0.0,239,54,0.065772669220945
B0TP0GVKZKAi05p-sTjc6w,-0.21168387008809164,0.0,0.0,150,48,0.019982993197279
B2KGQwnxjpdY4TIVqmG3XA,-0.15673462752361533,0.0,0.010309278350515464,1346,484,0.0387150728059819
B2wSy1zQCdZgDXOkhAKGDQ,-0.33791358939487026,0.0,0.0,739,209,0.0481948673336234
B3JF06ctShiYJeg1FyJ5jA,-0.2038984005707788,0.0,0.0,475,127,0.0363874970174182
B3OnO1GsVctDauJ6t2u5Wg,0.04223942955634452,1.0,0.0,31,20,0.0
B3UQC3oMyhRA274_KXDFKw,-0.26826944493567095,0.0,0.0,54,5,0.1333333333333333
B4zE07aML4DoLFd8gMVMPQ,0.019866036845961554,1.0,0.0,220,31,0.0566959921798631
B5Vh5dkky4N0y7Vc3yNviQ,-0.20332920897829598,0.0,0.010309278350515464,810,118,0.0241630480459449
B5YzH2QTnHThzrHPt-qHow,-0.11449640678101802,1.0,0.0,581,54,0.1313932980599645
B5ySdB77BHYyWb_MT-5tEg,0.07474214301188309,1.0,0.0,50,17,0.0
B62OWlFCOM_w7CWrk42fsg,0.5890430846056726,1.0,0.0,13,6,0.0
B6k9V9q3BaSCjWtDyNipfA,-0.1259332747556563,1.0,0.0,266,36,0.0733618233618234
B6zs6ywn7TfhOmmDtuWQkw,0.0628455864452131,1.0,0.0,55,28,0.0332512315270934
B7nlRFe3EeQwAWpUpefGHA,-0.1584274485349284,0.0,0.0047169811320754715,777,261,0.051613082347715
B8Uwm_12OajiujN_5AvrrQ,0.1294290982166897,1.0,0.0,44,11,0.0
B93BiuxTi4M533Ll-7XYTA,-0.0023775065075732904,1.0,0.0,44,30,0.0583333333333331
B9MAfqhVw1AxNzwu2ELPtQ,-0.08509917092517849,1.0,0.0,246,128,0.0151442307692306
BA0T9Yh9cSO0zkZweh5e5Q,-0.3308541962557136,0.0,0.0,253,79,0.0846791793976429
BAO_V8IMI6W4DhTlS4k9rg,-0.10885596673042408,1.0,0.0,413,83,0.022962437987243
BAWF37UN61D7P3ITVuDRLA,0.02418201295607425,1.0,0.0,40,24,0.0383333333333333
BAe6clozuQy2iS44KrIB6A,-0.002245519859118472,1.0,0.0,17,11,0.0
BAv8v-iEDrrlCjvWoY7B3g,0.06942855673760373,1.0,0.0,215,56,0.086405529953917
BBBT3Mogjo3hPPA0de--Dw,0.5,1.0,0.0,12,10,0.0
BBVrr3ZqmzfF1eD6hQJSYw,-0.04565119096824455,1.0,0.0,19,10,0.0
BC-lnlxVEFFU49CUmikmAA,-0.1663708104606707,0.0,0.0,54,11,0.0
BDRjqFfnYu-i9xvFPCxfdg,-0.2137171828923159,0.0,0.0,842,51,0.0670231729055259
BDue9WNaX46-oNbEMBYUUQ,-0.4046393570050457,0.0,0.0,1234,333,0.0231081521404101
BEMSDLPP630Fpdw_QpqLVA,-0.45895925366344137,0.0,0.0,1142,350,0.016565008025682
BErYojCJSO959vzaz9JclQ,-0.20403767517231675,0.0,0.0,1825,571,0.024924836972439
BFDQyF0mVD9in6ZKMd7aMg,-0.0746145096160804,1.0,0.0,21,6,0.119047619047619
BFPxxguGxBZQ0kR0rWePTQ,-0.1890229266650546,0.0,0.0,96,27,0.0664112388250319
BFZbW19pFZlfKStxlETthA,0.2027271415244598,1.0,0.0,169,23,0.039855072463768
BGI6XK85PVeJM8tQ9gimaw,0.003080915744390067,1.0,0.0,42,20,0.1583333333333332
BGLazGm6grYkF_HpodkdDQ,0.34119100009014125,1.0,0.0,12,6,0.0
BGLwAUo3603af9_Wd06PBw,-0.16087585086696798,0.0,0.0,300,32,0.0
BIOU7gSGgNJQSd72_qe6Tw,-0.2653800986531112,0.0,0.0,95,6,0.0
BIP4xWJrTTxjzSIRonVBpw,0.020980864301952562,1.0,0.0,71,40,0.0
BIyT7Kr7tMJqlfp4oOOYQg,-0.26684282304176904,0.0,0.0,162,49,0.0861678004535146
BJauHq_tArHgi0nncImNJg,-0.12922353263259112,1.0,0.0,1607,113,0.0329778382875727
BJeM2i8sJ_ulULeIAuNq0g,-0.3871107949416183,0.0,0.0,475,217,0.017765915299122
BKiy6QxpvfTIo_s8j0w--A,-0.37064402459938656,0.0,0.0,58,10,0.0
BKvjZNKB5CKcVltuc-2T3Q,-0.09388257512024867,1.0,0.030303030303030304,65,39,0.1037296037296038
BN3LFoIi1AFQ4IZhvrMXsw,-0.2797871164398359,0.0,0.0,699,205,0.031891394385642
BNYs-2TLD6f0tomH0Ieq8w,0.09002974813929476,1.0,0.0,277,117,0.0243589743589744
BO4SGeOWoFhnypKv9xvL6w,0.3131269601014804,1.0,0.0,9,6,0.0
BORvYBcXG-VbwNBylwUInA,-0.3654153527878336,0.0,0.018867924528301886,170,66,0.0146992311171416
BRXYWO_BPuLZqDjuDERLTw,-0.22755156854157432,0.0,0.0,540,131,0.0
BRivzUt6tnI9jpVeG3pJaA,0.01711188398061625,1.0,0.0,19,6,0.0
BRyPAD7XM9mkBeTa2jAo7w,-0.0807828772522351,1.0,0.02631578947368421,1235,50,0.0703703703703704
BS7OnkMycH8tD3Bqpz2FAQ,-0.05463429150345134,1.0,0.0036496350364963502,1312,297,0.0194019401940193
BSKzmE_KCDGHPXQVR7N0PQ,-0.2542571951273895,0.0,0.0,64,31,0.0
BSSuIk1eV8Pt1WcQnUkofQ,-0.01639280981642388,1.0,0.0,38,22,0.0
BTRp8zw-XlO9jr7dyYqv6A,-0.05208632960729753,1.0,0.0,287,87,0.0112330198537093
BUPtFEuzN1KeB4erBi-ivA,-0.2603230621374989,0.0,0.002702702702702703,1306,433,0.0328274496865719
BUmzDaCXu44GNjvtdePVTQ,-0.1534122532457105,0.0,0.0,121,41,0.0232288037166086
BYKnHEpYaLaUJRREJitOfQ,-0.15925109801817794,0.0,0.0,130,7,0.0
BYOcAamry9OCJ4vjbdmBYg,-0.06624750195303386,1.0,0.0,27,5,0.1333333333333333
BYtYJs4ovdPnM434zA9Z_A,0.03615629268352383,1.0,0.0,41,22,0.0
BZUlza2S5sfavO6UsS5mNQ,-0.24911249796700125,0.0,0.015873015873015872,263,101,0.0547793097066715
BZk7GCi2OmKTuvdQk-Wmbg,-0.29823711244659523,0.0,0.007246376811594203,915,326,0.0477293459013754
BZkgqFORyik4XgPpqRtjLw,0.28207369135961624,1.0,0.0,11,6,0.0
BZyxr4ocl1hJvFvhlogz0Q,0.12619554361773,1.0,0.0035460992907801418,692,336,0.041437728937729
B_CXPcgf8QzKbNCdK5oLPw,-0.29545989656247595,0.0,0.0,57,28,0.0
B_e2yKNLa0h4LbyI7u1wxQ,0.12936664217681215,1.0,0.0,61,39,0.0659340659340659
B_q2xoAgTyn6U4YNEc3kSw,-0.3115906038255716,0.0,0.0,1071,348,0.0219553144775928
BaSwNEingTmrBw4shffK5w,-0.2140049568185849,0.0,0.0,551,141,0.0203900709219859
BauybYsfqd0y6KDrJ6ZxjQ,-0.16967921803811714,0.0,0.0,1102,67,0.0785115518298915
Bb3F76xkJrA-IwXLNK52RQ,-0.41819660924042684,0.0,0.0,50,19,0.0
BbgoWcqBMpP5X61lGSuOMA,-0.10144725981982639,1.0,0.0,173,79,0.0123417721518985
Bc_Bw3dLw5S5hXM8UCFoqw,0.41541192008865246,1.0,0.0,10,6,0.0
Bcsd8ZedTR5VK1DcGnmDtg,-0.21387436357655976,0.0,0.0,87,10,0.0818181818181817
Be8U1wz3as45341ZFYimIA,-0.35257716408537154,0.0,0.038461538461538464,125,31,0.1050691244239632
BebEqKsRAtZj_lPhj-Aptg,0.15839699318814737,1.0,0.0,37,26,0.0
BerT4C0BFyrRgYzlytNe5Q,0.14020235556795846,1.0,0.0,153,89,0.0109862671660423
Bf65X7McIKtxAhehA8jfjQ,-0.02891050056602551,1.0,0.0,117,50,0.0192156862745098
BfCTFKdKhdQ-N9k6ZuKb_w,-0.1349669087638964,0.0,0.0,91,25,0.068148148148148
Bfn7SYzvvemCOnjyKd4eaw,-0.3116437656026864,0.0,0.0,108,33,0.0285204991087344
BfwzLf3NEt6D51zB8rNwxA,-0.3685312023489424,0.0,0.0,76,14,0.0619047619047619
Bg-XoPfbAF5-U1OGhhBasA,-0.07880246895131349,1.0,0.0,109,29,0.0
BhqDHM4nBjXYAaDTa5ykBQ,-0.2828509797327389,0.0,0.0,44,18,0.0
BiJx6ZmX-JIjYd3FWSCJlQ,-0.24781114268891247,0.0,0.0,128,27,0.0343915343915344
BifjgBfpv7dA3Q0qHBIlBw,0.3131269601014804,1.0,0.0,9,6,0.0
BisFlwuKO09MQdmxwZb7EA,-0.31481327102440226,0.0,0.0,141,26,0.0659340659340659
BjIIbYXQzxAfP2-l1qzhYQ,0.12636324521244113,1.0,0.0,30,8,0.0
BjW9Vj8nxgRUZS3UrOoolA,0.012723699363317631,1.0,0.0,81,21,0.0
BjeHLwKOlHyV6DJgmZxAjA,-0.2276178333044946,0.0,0.0025113008538422904,6946,2137,0.0185824725323597
BkC1t7uicnafM0fXz-2ZIg,-0.20714979661674304,0.0,0.0,15,5,0.0
Bl5E6RZKCpB5Tl5jouy4FA,0.16913436885270938,1.0,0.0,35,13,0.0
Bl8DF47-weywnngmNbTvzw,-0.15717116880162896,0.0,0.0,41,17,0.0
BoUnMqQc4-ye-DGGxsowlA,-0.08395161695746978,1.0,0.0,185,46,0.020814061054579
BooG5Hd_BTxlAu1JWbXdOg,-0.3155873196469686,0.0,0.0,97,37,0.0
BpIwDr5mG6wG5-Pxu3yxSg,-0.3133987213742868,0.0,0.007633587786259542,267,171,0.0169388989715668
BqvKbM7EOI0jXs0G-h2C9g,-0.08232339235097152,1.0,0.0,687,141,0.0455242476519073
BrD8yPqnivir_-PpZ8pjQA,-0.26856181635400045,0.0,0.0,349,69,0.0
Brq-BCgyGWnf26eLuYRMyg,-0.26743724544197967,0.0,0.0,93,26,0.0
BrtXtNgpCXjcyCKqLW3jPg,-0.13772606433934265,0.0,0.0,125,14,0.0619047619047619
Bs4VAkR4X1kDaB4Hb7oIKA,0.4296524979150701,1.0,0.0,14,5,0.0
BsW3-SdZ0X7NYnb-EwwXzg,-0.2840631350148968,0.0,0.0,391,152,0.0128161312371839
BsehmEx5EX1FbEOPPswtfA,-0.2788814567297062,0.0,0.0,81,21,0.0
BsgcLUWlc6RvvBRiAPWj5w,-0.258917750097852,0.0,0.0,854,288,0.0199829931972788
Bsnmz3yZQ7sF4zX_CAfOcQ,-0.19061051979624954,0.0,0.0,173,60,0.0741025641025641
Bsq3-p3cDBi7bfgPDJq7aQ,-0.1449978413453209,0.0,0.0,122,29,0.0321839080459769
BtXwqcJq0xS607Hsq5Wq1A,0.06748790227905643,1.0,0.0,16,5,0.0
BuYGuVflKu_pWtS-GXDH0A,-0.23561333978317922,0.0,0.0,56,24,0.0
BueOza2JDK5jNQRW7hHNxQ,-0.028861204642170457,1.0,0.0,16,6,0.0
BursGHy9rw7um9xd90058g,0.14496351887369774,1.0,0.0,300,46,0.0572315882874887
Bv-v7B3Bva_t-sYpNIhzrQ,-0.08575515654760768,1.0,0.0,50,10,0.0
BvgxS6Nr5i7th5p1rFo2_w,0.16306647944677943,1.0,0.0,93,37,0.0
BvpSIYibEitPN-SH14I9yg,-0.2537665263475053,0.0,0.0,64,19,0.0852130325814537
Bx99-hT49G87I9S1V_6ikQ,-0.4073342637277601,0.0,0.0,90,40,0.0
ByEfpxv69HFqBYU3_r7HtA,-0.16026856281476043,0.0,0.05,109,46,0.039855072463768
Bye73IBqt2u37RKTgwv8sg,0.5191659101244744,1.0,0.0,13,5,0.0
Byo1q14KR5oBRep1MJLHXA,-0.33275003830462513,0.0,0.0,75,11,0.0
BypYxOw7LRO8zjFMxRWdDQ,-0.19032317980053193,0.0,0.0,24,8,0.0
C-5bR1H-ynXbIEQaaI92jw,-0.10503602759073205,1.0,0.0,136,43,0.022198731501057
C-HXHOveDYeIvynd97Bljg,-0.046244508916541305,1.0,0.0,151,53,0.0
C-zgOpqD2K0xDJU4ty7zKg,-0.1797246158739173,0.0,0.0,99,57,0.0473684210526315
C0W9r59JJld8ZfJ3hEQQWA,0.0,1.0,0.0,14,13,0.0
C1bqyTxjnyd9WQ3PgLbMDA,-0.2862141628431122,0.0,0.0,88,16,0.1041666666666667
C1uSyclZTxXgkYimu9LuSg,-0.28315632214903047,0.0,0.0,153,111,0.0088481338481338
C26YgKWFVsW1MM-n7UJnIw,-0.13477627408726567,0.0,0.0,280,48,0.0729166666666667
C2JtfhOZ3PPzIS9V5arQ2A,-0.2598947859995663,0.0,0.007407407407407408,1165,313,0.049298092748572
C2fsU9M6qqmo1rPShY4Oxg,-0.19634766396787817,0.0,0.0,187,19,0.0
C3W3tf6R91zLIlvF64Fleg,-0.26691666866564245,0.0,0.0,72,31,0.0
C4mWzmxdWDtYR0tFRVGOPA,-0.04948188662530262,1.0,0.0,812,234,0.0431362288505146
C4rnMUEKJTE29QhZP9QZWQ,0.2228904070197949,1.0,0.0,39,24,0.0705128205128204
C5MdSiVtZKirRghyh08C0g,-0.28068399493255136,0.0,0.0,879,167,0.0230416360261933
C5p3AtEAR_Iim6JjNARmBw,-0.030031129508028886,1.0,0.0,104,51,0.0188536953242837
C6AiAF35zwpAoK5jjm-nhA,-0.15227434755236202,0.0,0.0,127,37,0.0256045519203413
C6anLYmswoVwAv7D2ihCng,-0.11341359693266717,1.0,0.14285714285714285,64,17,0.0522875816993464
C73iFAmwEntIONkbd5fOuA,0.0037957662953465032,1.0,0.0,67,8,0.0
C7UNcd4OuXxOZUU36tBalQ,-0.10592141427221491,1.0,0.0,111,14,0.0619047619047619
C7tsqS3EHvh8TTbrDHGkYA,-0.020206373231852925,1.0,0.0,10,7,0.0
C7vmoLAEnOZQaMqj6ZHn7w,-0.29200644674281695,0.0,0.0,28,6,0.0
C8TTeu2ZgPTOLQ-wQsPXXw,-0.5546629703953625,0.0,0.0,545,100,0.0
C8_zQVh3L7-yFazQs76fzg,0.056028171389111536,1.0,0.0,74,33,0.0554112554112553
C90VRArdfin-06NcvTaaSw,-0.1417008349559259,0.0,0.0,72,5,0.0
C9C-JQOdb5iywv7MzBiUVw,0.26555791570443266,1.0,0.0,100,10,0.0
C9PW9WsdbM3COdqhHMR2Og,-0.1299085633456093,1.0,0.0,24,7,0.0
C9UIBsRy_mNeSXCQ4WLMxQ,-0.2855144157752986,0.0,0.0,76,18,0.0497076023391813
C9_UPkwXYx9B3fxNLkCHgA,0.16541192008865246,1.0,0.0,12,8,0.0
C9k02Ejz4RXwRRaKNKAYCA,-0.3035859798253869,0.0,0.0,34,21,0.0432900432900431
CA2HX-HS8KSdvB7wW0hdvw,-0.08493979220192305,1.0,0.0,31,9,0.0
CANk57JhjPTrpOkOCvECKQ,-0.12950951748795825,1.0,0.0,65,8,0.0
CB9wKiWLAwP6acj9Ld9uJg,-0.24723583055429654,0.0,0.0,168,24,0.0383333333333333
CBXly4YEShOzxA6524BE3Q,-0.18013488316018234,0.0,0.0,25,13,0.0659340659340659
CBqvnpCA-8SWAr1-iGF0kA,0.038642712016328296,1.0,0.0,106,29,0.0321839080459769
CCRmyL5ClU_ZfpjB1rfIQA,0.5054739360547137,1.0,0.0,27,13,0.0
CCciHhF3WcrkG-P_NpLi_w,0.4157505393460093,1.0,0.0,17,7,0.0
CCoArdXOGJjTgDVePAUrOA,-0.21073327692483235,0.0,0.0,320,28,0.0332512315270934
CD1gNgrodLjVVLpB-Kcn3Q,0.0035677030939632592,1.0,0.0,56,20,0.0
CDzHnzj4sStb4oFedQ-fSA,-0.021020861935884372,1.0,0.0,75,12,0.0
CEBM9Ls8IHhYtbsxW9PC0w,-0.3040045381560247,0.0,0.03614457831325301,235,101,0.0365865157944365
CERGOKhFIaDU1mk4lpWDWg,-0.3039411519540084,0.0,0.0,172,55,0.033811802232855
CFqHpJScxhi1jxkiHpzx0g,-0.04005177104689728,1.0,0.0,139,15,0.0
CFuo8OnMNEYfH_C0haT3eA,-0.20483389327125404,0.0,0.0,15,12,0.0
CGWi0CL99ilYaUFAtND9IQ,-0.12545826843503105,1.0,0.0,43,14,0.0
CG_NAd2OggmVEQjFOYsuTA,-0.361497413828613,0.0,0.004651162790697674,554,289,0.0390164273643793
CGaaHAG28nnxMpbvOHhO-Q,-0.2401606177541844,0.0,0.0,100,42,0.0977710233029383
CGpwDytO5spD4y11BZy2LQ,0.050409729975370854,1.0,0.0,41,18,0.0
CHQDrpMa9AdL0M0vbZrOaQ,0.004787730797202294,1.0,0.0,227,29,0.0
CHcpcv65XtaGuq4gogzpXQ,-0.04569962863536692,1.0,0.0,26,15,0.0583333333333333
CJSSTraJzktYE48l8pBADA,0.14026528280239126,1.0,0.0,32,10,0.0818181818181817
CJk82J81BWKvNTOGRyBD-Q,0.5538825601182034,1.0,0.07142857142857142,27,22,0.0415019762845849
CJoO4HYD0tZRXlZqA04wmw,-0.29157623764871,0.0,0.005291005291005291,1766,435,0.02815065681445
CKGLRosqPBxH9-V9AfkAhg,0.05430037136463306,1.0,0.0,19,9,0.0
CLIsXugvRCV-h_Suc-xN2g,0.27441057138527236,1.0,0.0,18,7,0.0
CLboXaxb9V6tnD69sYbJRw,0.2224331270439006,1.0,0.0,34,7,0.1071428571428572
CLm6JtHXt8ibDkHLnBxggQ,0.08207369135961617,1.0,0.0,12,7,0.0
CLnCVeYvwVVn8B9FDrC5aA,0.10802909353331658,1.0,0.0,21,9,0.0
CMOQNufxczaYp1dtxXC8Kw,-0.2908452944130828,0.0,0.0,1062,66,0.0415019762845849
CMiTXglTH36Z1Crwpf8nNQ,-0.1880388425549594,0.0,0.0,62,18,0.0
CMovGmSWFCjhOBOYiymetg,-0.271528234500152,0.0,0.0,321,123,0.0079989509572515
CNDFASo4BpgATitxqUfkLA,-0.05296871933619829,1.0,0.0,189,39,0.0243589743589744
COMbxg_qdhUAkR7awxkT6g,-0.3681316341322426,0.0,0.0,358,149,0.0193394560226067
COclRBaXBjYpomS4syUmvg,-0.3554354858510912,0.0,0.006578947368421052,939,170,0.022447599729547
CP0ozlSic2l34x8Ovz4cYg,0.39281353883365877,1.0,0.0,119,7,0.0
CPFKi2lZJazP6IdtCdDDyg,-0.2839511722381852,0.0,0.005235602094240838,4029,676,0.0334234995773456
CPdzdO7YuxFSUOWYhqthOA,-0.11776259908005104,1.0,0.0,44,17,0.0522875816993464
CPk6ozrDMy0ohC4-z0kGbA,-0.20221228741956931,0.0,0.0,107,27,0.0
CQgupIpIbkyiVLUEcMIRCA,-0.16262089343885644,0.0,0.0,629,231,0.0207278597109106
CQkbjIY5Jb9qJyHbTADMDA,-0.29657619768094423,0.0,0.0,106,38,0.0
CR_hm3-T9HEGGWTElXErRw,0.01052032318793994,1.0,0.0,46,19,0.0
CRnqAB-ViEfQ0CQGOlEIeA,-0.15715573453505205,0.0,0.015748031496062992,420,193,0.0471681257816687
CRtP520-w6tZrGN2F53Ccw,0.15028177899573258,1.0,0.0,45,24,0.0705128205128204
CSAJxLa_LeuIDe-lHrC03w,0.16196673541442286,1.0,0.0,31,11,0.0
CTGvOtbw9dmxtMnZe8FxPw,-0.314867919469865,0.0,0.0,62,24,0.0
CTLnaL6IYK11qbv-zsSk1w,-0.4310919855325388,0.0,0.047619047619047616,140,28,0.0332512315270934
CTaS3dtVDJ5Dk3ACI7blYg,0.2777469330294319,1.0,0.0,63,18,0.0497076023391813
CU0yiz9rIm6cBkdCGFwJiQ,0.020178631783607792,1.0,0.0,56,20,0.0
CUFPngz_OWQsh404FKjr0g,-0.37604425912672695,0.0,0.01818181818181818,133,71,0.0514553990610329
CV1ZOJap9ZiEmtqgN3SKNQ,-0.20186961064569364,0.0,0.0,145,8,0.0
CV2NybLmtkyegVvoZ-Ncgw,-0.10241754372078393,1.0,0.0,19,6,0.0
CVJsqDS_XmI0CGbLC1EclQ,-0.26497866834007267,0.0,0.0,336,75,0.0252813852813851
CVnp_PA5sRm_hFcmwmUNAQ,-0.1966141364061501,0.0,0.0,1821,455,0.0210327307101501
CVqpTp3Cmud3rwAuKj15gw,-0.2947404771777167,0.0,0.009569377990430622,922,221,0.0216233532214791
CZgqojhoil3y1qc3UEy_AA,-0.2566060685793571,0.0,0.0,62,10,0.0818181818181817
C_7RWH7_-LZrWqPnuSY9fA,-0.25843753368874756,0.0,0.0,215,73,0.0
C_csOMzSkq3Ufau_rKmTmg,-0.3196665080187109,0.0,0.0,602,316,0.0
CakEW4c5vgDbxqqR8XULWw,0.02069817215266323,1.0,0.0,79,10,0.0818181818181817
CbMJxmEsm_NFue6NQ0kNpA,-0.020206373231852925,1.0,0.0,16,13,0.0
CbpT0UHGugQdpfK5HUekew,0.6464602934348138,1.0,0.0,14,11,0.0
Cc16fTxApkStrec2GSnFoQ,0.07594014182937703,1.0,0.0,23,9,0.0
CcYQ5iBvUlG7OOVxacvBEw,-0.12378163602461711,1.0,0.0,31,18,0.0
CcaYQDslcBH_PA0wbwZtKQ,-0.26305955399802605,0.0,0.0,86,17,0.1352941176470588
Cdf1-VQAUrp5hlT-rZzc5w,-0.14270633962721113,0.0,0.0,264,76,0.0364756828780814
CfxaspC1y3xfmL_AnA-7MQ,-0.34052290720559897,0.0,0.03636363636363636,345,70,0.1544217687074831
CgAthB_K1fmD2OUpmYBRuw,-0.2920110932724993,0.0,0.0,58,28,0.0332512315270934
Cgb8x1G4mr79Tv2CZc7e2Q,-0.3801598133574031,0.0,0.0,87,28,0.0642857142857142
CglxS35-7j94tD5tWaPwsQ,-0.2433423286083245,0.0,0.0,28,8,0.0
CgweZJAp5Fz-2XzjPE4Htw,-0.14609020453821964,0.0,0.0,31,6,0.0
Civ-IjTIL9GmMSPYjSqE1g,-0.06826980483433487,1.0,0.0,33,17,0.0
CjJaDHMfIHqaIKvBVABAJQ,-0.2610075715924098,0.0,0.007352941176470588,391,140,0.0336453201970443
CjaLZOk0XnBASGxOaMWJrA,-0.2031683631409712,0.0,0.0,47,25,0.0
Ck_VER3teqjj_8cuVkB1EA,0.1449632801954016,1.0,0.0,23,5,0.0
CoCWZV9gvHKUZt5ndw62Ag,-0.25460907627261,0.0,0.0,69,44,0.0
CoiSfZwEN0KZwZas6846tQ,-0.38878905509183825,0.0,0.0,153,58,0.0
CpBuc0aSueBpTXce3fJoRQ,-0.5087348290191875,0.0,0.0,142,89,0.0315095261358084
CqUyK5sLX1hG15_dJAK5Nw,-0.39367028488855554,0.0,0.0,180,79,0.02406626035318
CqwPurpyPzwGs9chhrUc3Q,-0.3376645868431485,0.0,0.0,71,25,0.0
CrLhHE69dVJfVIuqFs3egA,1.0,1.0,0.0,6,5,0.0
Cs0adaMTxJWTDSzuQ3vheg,-0.2001486711065238,0.0,0.0,1758,556,0.0156713567199338
CsYpEHP2fvZV2yt49fSgJA,0.49775448014088153,1.0,0.0,12,6,0.0
Cu-UEi18cdlereln29rdww,-0.11713163735584853,1.0,0.0,194,36,0.0497076023391813
CupDB560BayqHoIEoeEhCQ,0.0003739415917261013,1.0,0.0,187,21,0.1295238095238093
CwL56LgcMz7Bvi4xODHVSw,-0.35307363627184574,0.0,0.0,361,145,0.0
CwQGSvYCgmRRJMA9G28U6g,0.11502852457417734,1.0,0.0,18,8,0.0972222222222223
CwiRXD-ovEU6efope9jhxQ,-0.09918112972142068,1.0,0.047619047619047616,100,32,0.1059027777777776
CxUcM0VdEcHhlm_4_Mbwyw,-0.038491120723927574,1.0,0.0,68,14,0.0
Cxh7HIPRhIr_DIetWp3jAg,-0.11603703730385284,1.0,0.0,137,27,0.0
CxoRg-ZcXdpqXWmUJliYog,0.04610719018357612,1.0,0.0,47,28,0.086405529953917
CyKEqW5UjhPB2pMEPrUsYg,-0.020206373231852925,1.0,0.0,22,19,0.0
CybLEjtw_fhkiITdCN5GZg,-0.09380777990241318,1.0,0.0,386,135,0.0526288526288527
CyiN_owscPJNvlwul0XJPg,-0.016407079901194277,1.0,0.0,547,36,0.0
CzoyGCILGH7vp2esOCutdA,-0.08162443068776126,1.0,0.0,101,7,0.1071428571428572
CzsnLeW_yFwmmcdvmy9bMw,0.021774893187967104,1.0,0.0,47,32,0.0551470588235294
D-Up4cSxOOnmzowXfkI4Fw,0.02674330008641923,1.0,0.0,13,5,0.0
D1Z06FgUfwdV9dhMW1o8dw,-0.18093405987016242,0.0,0.3333333333333333,51,17,0.0522875816993464
D1fjLsZb7eDnE81XtYXMhg,-0.17877771433741652,0.0,0.0,829,192,0.0201424319727892
D1s6HS9bAYRENT9N5QQodw,-0.028702820664024464,1.0,0.0,15,10,0.0
D215IzO-XoSxNFhKDEv2RQ,-0.14627569574219046,0.0,0.0,90,9,0.0
D2gONomZQyRjxR3TMHJovw,-0.31163063139105784,0.0,0.0,497,79,0.05877034358047
D2urir1M5gO0XYdnJxTVQw,-0.16054122493538092,0.0,0.0,27,5,0.0
D2v3g5jLjPsaXnswYGW6Dg,-0.20327458000914223,0.0,0.0,234,73,0.0133283968900406
D3_topdyHpAyq-zlEZ_BEg,-0.03907919496989709,1.0,0.0,182,56,0.0
D4_SY2a4YnoFhrwHeYVioA,-0.10489511470740043,1.0,0.0,164,45,0.0
D7SxS4qCle_Nsv_ataoM1g,-0.16690773309978035,0.0,0.0,102,39,0.0462789243277048
D7zxhzUgeZhdAYvQXKvkFQ,-0.3249577644348234,0.0,0.0,138,36,0.0733618233618234
D88Cbal0C-mtgy8f6WdUig,0.23746194737143667,1.0,0.0,26,15,0.0583333333333333
D88TqtyrAajR6n7eX-JsKg,-0.016189512808900575,1.0,0.0,179,86,0.052772808586762
D8In3wk8UIf-d748UqfaiA,-0.17489577093229514,0.0,0.0,164,28,0.0619047619047619
D8NEBGvh1DVHbyEs2cWVAQ,-0.1560402571230931,0.0,0.0,107,57,0.0327088908712458
D8lk94uMutsYM0dqBYAFfA,-0.24065449202681788,0.0,0.0,39,5,0.0
D9CYDt7ywkIqGnCWhpqyxQ,-0.5293241440250905,0.0,0.0,101,47,0.0390794615718628
D9LrenrSj83Bt9QBED7eCQ,-0.10714979661674306,1.0,0.0,15,5,0.0
D9p7-HsY9llYP3BaCVg4DA,-0.1655490355585213,0.0,0.003115264797507788,832,468,0.0145164192532614
DAY19GbJnEka30bjh1_9vw,0.16063349193217724,1.0,0.1,47,19,0.0902255639097744
DAcqRGI_u8yNCcUIczfNxA,-0.3301859774113236,0.0,0.0,110,11,0.0
DCH4TdnevyrZ0BlTPzgMgA,0.05987948962391909,1.0,0.0,78,57,0.0
DDFnIMsUjCHVOE72y86TfQ,0.34763002220783124,1.0,0.0,57,6,0.0
DE8wVXVQ5JNsRVZcLpOARg,-0.22532388038856632,0.0,0.0,148,83,0.0341832446063323
DEULqPtQ5cbGyvc0yfZudQ,-0.16858388384934442,0.0,0.0,42,13,0.0659340659340659
DEs_3Vzcg5R7gGfADBc28w,-0.04113375375051337,1.0,0.0,23,12,0.0
DF_cgKLV_YMDkBaNlE0XoQ,-0.09666227927596982,1.0,0.0,931,235,0.0322213466421505
DGDW-rIXYACpLZVrhHF-ww,-0.37220111461408234,0.0,0.0,529,26,0.0
DG_7A-jMSFFYYqmldgGqNg,-0.13813574738595502,0.0,0.0,137,67,0.0
DGefID2EzDJl4g_DCMbnYQ,-0.18049814284657972,0.0,0.0,265,30,0.1117647058823527
DHENrreqQDQx9NtuorNOZw,0.14006976272509197,1.0,0.0,33,16,0.0
DHMTaMk6JEcgYC2mIwi0hw,-0.0819888584983044,1.0,0.11538461538461539,68,34,0.1093514328808447
DI6eQxYSWVwQgvPCgwxAUw,-0.19533377579659694,0.0,0.0,63,34,0.0522875816993464
DIsakzk-hTU48OEhqYIf7w,-0.2874997927666786,0.0,0.0,470,67,0.0
DKUCYmrxjNHkaQowwKcOQw,0.2222115134959869,1.0,0.0,39,13,0.0
DKsFd47sx8Cz6qsUPLOJ7A,-0.29645404957279586,0.0,0.0,126,17,0.0522875816993464
DL1JRfRo3Wtc76PY8-hWeg,-0.10222973015668535,1.0,0.0,280,115,0.016796729840208
DLmkfCW_Pzi1Pyo6G8FnDg,-0.24289491381538997,0.0,0.003484320557491289,646,295,0.0498119788544335
DLotTM0D0amdRFKrj-mR-A,0.1719944316079019,1.0,0.0,42,28,0.0332512315270934
DNMDGalFejExZqwb_YVQnQ,-0.3257915800589183,0.0,0.0,516,186,0.0586510263929618
DOGobCECSZNaaDCevtG8Vg,0.12027418022502534,1.0,0.0,120,39,0.0462789243277048
DOfiulOub9hVPBCtiDl9Fw,-0.34637708200074957,0.0,0.0,2107,643,0.019558661760801
DPDqL_--3SgiXQ4P8U4kdA,-0.4591453764010305,0.0,0.0,98,14,0.0
DPfp-da67QVFP5wg6Bq3Mw,-0.15096760440220347,0.0,0.0,60,9,0.0
DPih_TVOcKR-CyA6K13j9w,1.0,1.0,0.0,6,5,0.0
DQK60HvSqp7hVJ_T77bwxQ,-0.2483748182394439,0.0,0.0,40,26,0.0
DRa9zJ55Gnc7UHQV4sDh8g,-0.22770862304853312,0.0,0.0,481,89,0.0315095261358084
DSz81CMeUgy9zYFLQhNJ4w,0.3079433801450622,1.0,0.0,45,33,0.0
DT_ZjeS2ZvBuzZvt9h48fg,-0.30868140405415384,0.0,0.015810276679841896,943,312,0.0744932304666818
DTb7jw-yK8w-kTgBhTQRvA,-0.10119713203279457,1.0,0.047619047619047616,537,47,0.0390794615718628
DTgQCDiGPk_LS4LMWD2o1w,-0.03442579533946111,1.0,0.0,46,28,0.0
DTwt8_pCuGyQbiIfXNdhDw,-0.25007855297782056,0.0,0.00847457627118644,1054,126,0.0227021040974528
DTyeAYLV9YCc4mG5XTorTA,0.08580469023020765,1.0,0.0,124,36,0.0497076023391813
DUDstO-YrNRyQ_gP_mcRNA,-0.24917303095876103,0.0,0.0,113,39,0.0462789243277048
DUfvvIwagBe9VK2_0RyOug,0.21357798997210908,1.0,0.0,48,17,0.0
DV4NwHf8Bt6y1ucG0bSNpQ,-0.3131009365308047,0.0,0.0,177,73,0.0
DWeZM01dYX_sMzH1WfCT1g,-0.16891218652578516,0.0,0.0,12,6,0.0
DX3_ZHbtsl705f0CnHd82g,0.2908248883758978,1.0,0.0,79,18,0.0497076023391813
DY2MwXiena93u6JeI7Th_w,-0.28624657739297754,0.0,0.0,741,41,0.0232288037166086
DZdE09qqCcX7Atf3Df7Yqg,-0.07286847728872092,1.0,0.0,82,27,0.0
DZxyXqQSmR59wFOTT7UJBg,0.011588520162529536,1.0,0.0,16,8,0.0
DZz6zpI_eKcNyTPhfkF8dw,-0.227890318598571,0.0,0.0,195,12,0.0
D_-w6oXNj_33E7-urbSLLQ,-0.05991261407869264,1.0,0.009174311926605505,1676,150,0.0129824561403508
D_JgJY5V54i0EYOdTHmWlg,-0.3198097658153032,0.0,0.0,774,253,0.0296821286326534
Da1Cc7gaouF_2avorSj-PA,0.2405701234546841,1.0,0.0,105,16,0.0551470588235294
Da3LmQYuxuCJfRTH6FXsiA,-0.116410357024327,1.0,0.0,40,8,0.0
DaVWa71vav0Mv1cg2H-gfw,0.02615286872576661,1.0,0.0,89,40,0.0852272727272727
DbyJYiCIDelX8uLWDsruAw,-0.0414467837544108,1.0,0.0,38,12,0.0705128205128204
DchoWk5R3ZSkvVs59e2PpA,0.2476224934924267,1.0,0.0,22,10,0.0
DdXHwMvFa_vlWwOfgxUNVA,-0.18111435227480588,0.0,0.012658227848101266,513,100,0.0452380952380953
Ddg-J_j0YFErk7wpMtH_0A,-0.13001281131243658,1.0,0.018867924528301886,755,67,0.0281202682240968
DefRn9bPWVK5iNeGixFbzA,0.043523026689503586,1.0,0.0,88,32,0.0293560606060605
DekNG7GWeU28-aMpbfJwNw,-0.0529294431708035,1.0,0.008928571428571428,1164,149,0.0606981554176691
Df-DdXqssj7ZeD8ypAF7Og,-0.12383554364268246,1.0,0.0,74,38,0.024966261808367
DgF4_72z6UkiGxtPnSJCfg,-0.27730307505289375,0.0,0.0,97,40,0.0
DhkTrLGSI63OrnGt2q0KWQ,-0.03581300846632873,1.0,0.0,60,29,0.0
Di23dhpgrqBHMUq6vZ42zw,-0.20427754391194597,0.0,0.014814814814814815,275,172,0.0168438538205979
DiBddJx63O8y9mICMJx0xg,0.28207369135961624,1.0,0.0,13,8,0.0
Dk4PLmrV93uj5UKxKpqWbA,-0.04393670827303886,1.0,0.0,36,13,0.0
DkkosGugBW5g8h2k-elPxw,-0.42600550377086105,0.0,0.0,78,28,0.0332512315270934
Dl87vbrc0W-NKaOKXm2Bgw,0.28207369135961624,1.0,0.0,11,6,0.0
Dmlo7-awYcxiG3nJWm2mHg,-0.22305871994089835,0.0,0.0,13,11,0.0
DnNpi-NbFPXyJHikqxPjSA,-0.17579929774048508,0.0,0.0,148,14,0.0
DnuRO4i1yI5REm5v1pUxWQ,-0.3736044126344593,0.0,0.004454342984409799,1671,554,0.0418778798251684
DoKwhPThHtweIg-fWcjGgQ,-0.11070716835435374,1.0,0.0,31,18,0.0
DoLGd8U9bWoNCvbSbegUBw,-0.4601432092618886,0.0,0.0,73,20,0.0818181818181817
DocA3jtIJET0ZM5Xbai85Q,-0.06474590921405587,1.0,0.0,23,6,0.0
Dokh4OOjKPmtywRcYguH4A,-0.38327663447281335,0.0,0.0,45,14,0.1386554621848739
DorCmYVDR5wcCVvbCAvzEg,-0.2828402707535753,0.0,0.0039447731755424065,1447,606,0.0341647222047045
Dp4xxrLd1EfB-AbQTDPohg,-0.02996127531120296,1.0,0.0,38,9,0.0
DpCziU4uvnOdAdIWtfY8Bg,-0.18264679985224586,0.0,0.0,20,12,0.0
DpHiXRM3cxC9c2i4idYw0g,-0.2535884665269589,0.0,0.0,306,143,0.0385788707936358
DplwsTdPq4QZYBwaQtFxrg,-0.11805188355670404,1.0,0.0,399,73,0.0378514780100935
DpptAi5gmMiF0O8zwXgxtw,0.07283496549066049,1.0,0.0,127,22,0.0
DprebG7jJq7AHuZ4Qg_1xA,-0.4131857507772609,0.0,0.0,207,9,0.1414141414141414
Dq8xEHck5DugMQZVLDpwxA,-0.15775540096572782,0.0,0.0,117,65,0.0149184149184149
DqMK22MKFgpUfmgzMH3G5A,-0.18555941013746613,0.0,0.0,71,14,0.0
Dqop6WgHI3m_piEVcaPJ6Q,-0.1720283303075958,0.0,0.0,94,37,0.0256045519203413
DqqccE7z9veLPUzlrFzyaQ,-0.3582564736925632,0.0,0.0,214,60,0.016120218579235
Dr2tI5lPLiXQrE0iZRim9A,-0.07339982201859974,1.0,0.0,93,38,0.024966261808367
DrazQLX4I8aSEHAkkJEnxQ,-0.03035424173314849,1.0,0.0,95,14,0.0
DrjRjaQpZJAVFFR68_xq0g,-0.053759628021534445,1.0,0.0,47,13,0.0
DsDXhnFF5a848sgwC1_07A,0.10829306683022633,1.0,0.0,18,9,0.0
DsKm53QrsVk5GZ9QgYQmyQ,0.19309142375562305,1.0,0.0,37,12,0.2291666666666667
DtE_filcjbtVPa3vHu96Hg,0.06187221352346628,1.0,0.0,33,21,0.0
Du9QRh1EvGO7EXG-m9Sb_g,-0.1901981331404835,0.0,0.0,97,18,0.0
DuBmz6aUgECGvIZm1ZOsag,-0.46954102874565645,0.0,0.0,141,20,0.0452380952380953
DuVxQyPxNPUDO66VxfJTIw,-0.30410244456233193,0.0,0.01639344262295082,230,70,0.0509652509652509
DusxSc4n6WicPtUusm_N9Q,0.30646906313664646,1.0,0.0,25,9,0.0
DwSoW3CcQZuzxYi-wOxYTw,-0.39188594203945804,0.0,0.0,190,84,0.0
DxzL49yhgQ2CxZvmcXV_YA,-0.21510768048359274,0.0,0.023809523809523808,459,224,0.0376111281422439
Dy4cmOkfS_2e4DNNBx3O9w,-0.31571957645474297,0.0,0.0,35,11,0.0
DzAiKgi0HH1wDzAt4aEd7g,-0.03342424958051626,1.0,0.0,39,11,0.0
DzzVSYXadZ1_XgfGz_Loyw,-0.3056471101490039,0.0,0.008849557522123894,483,132,0.0563852813852814
E-L64r-ZKFrctVILn4w6tg,-0.1525013645704243,0.0,0.0,21,6,0.0
E0EQvhXujng20fskiuZWBg,-0.3974607504051862,0.0,0.0,169,39,0.0
E0qpZQLChtbEYSNj3OYrIQ,0.11929836309754716,1.0,0.03333333333333333,66,39,0.0462789243277048
E1A3JTR-9oFWe9PE4pA65Q,0.1601917255362676,1.0,0.0,39,11,0.0
E1EuIHgjBvYcs8Uu_SyV4A,-0.13792260182670002,0.0,0.03333333333333333,104,50,0.0376923076923076
E1unNdsEAWr8QLF91Wg8xg,-0.4079531356158042,0.0,0.0,83,23,0.0
E2ZxiZfWnI8qFFw78xrR-w,-0.09455927987881896,1.0,0.0,18,12,0.0
E38acoNEJDP7A8Jqpj21Rw,0.2103687568119743,1.0,0.0,68,25,0.0369230769230768
E4G-vk-ur7SdmOSHcum7aw,-0.1940189511076844,0.0,0.0,239,55,0.0
E4hgF2y1DiDdijo7rcOrLA,-0.1763271794258715,0.0,0.0,91,17,0.0
E5QDrZPan50Rd7jWcaFyfg,-0.13512596698562673,0.0,0.0,42,5,0.0
E5V_PDqAKWceLM-9u8Ayww,-0.061534484819559476,1.0,0.0,24,8,0.0
E5YB7NywtfmQ2_rpxtjmKQ,0.07231686690168981,1.0,0.0,510,180,0.0262762762762762
E6AnAHwEXEWwjbaRw5xyUg,0.16489931583519735,1.0,0.2,46,25,0.068148148148148
E6kLNnb8VcgaZHzBp-5uMw,0.31290247270871974,1.0,0.0,57,18,0.0
E7R9YF9rGIOL9Pd5fJwMAQ,0.19891211535281272,1.0,0.0,23,11,0.125874125874126
E7jw4bNYxy00T1vIkzOdzQ,-0.31040932829991985,0.0,0.0125,191,98,0.0382152861144458
E7mAwFPNhjNYXoeZh_jvVg,-0.05361969103760378,1.0,0.02702702702702703,324,46,0.020814061054579
E8DYhqJCjfWm6RsEbQesqg,-0.30521125737943,0.0,0.0,175,6,0.0
E8nFvonCaW63W9d3zUYhgQ,-0.37671023608712684,0.0,0.0,33,12,0.0
E9-zXaqJGg97ZqgX_tydTw,0.4618327733954126,1.0,0.0,10,7,0.0
E9_ZbWLoGUoWnkYhUHu0qA,-0.26383256988465276,0.0,0.0,43,13,0.0
EAApVzr9Uib9rvDs67RsNA,-0.055428519655911224,1.0,0.02631578947368421,517,50,0.0978571428571428
EASb5k7y_w3fEaKEvpt1SQ,-0.1596224744317259,0.0,0.0,72,50,0.0
EB5pnHGHthrpHw4875lzBg,-0.003899523122572024,1.0,0.1111111111111111,37,13,0.1128205128205128
EBKLpGREqUFj-fpIB85pPw,-0.12402959183509621,1.0,0.0,85,8,0.0
EBonJ5tjkxBEUezwosVlLg,-0.11012367010057056,1.0,0.006472491909385114,2580,335,0.0543367668698759
ED-6JeGGo8C_m7MiSB36Zw,-0.3505727928981372,0.0,0.0,352,114,0.024966261808367
EDDzBfCuhp9kwbcTRMpJAA,-0.021058080794837286,1.0,0.0,29,10,0.0
EDr-EcPu7T_Rf6m12VchOg,-0.318019033677952,0.0,0.016666666666666666,176,104,0.0272286125089864
EDrN1km0f-TW8NkueYUrRw,-0.07725357140907185,1.0,0.0,63,30,0.0583333333333331
EEOgBTYNuaAHDSOBXauQxQ,0.012888002375354368,1.0,0.0,54,13,0.1128205128205128
EERwPZdemE21aIwYsadjTg,-0.14742452222032176,0.0,0.0038461538461538464,665,306,0.0188536953242834
EEnFk6b4kuoc4q3hRb5Lcg,-0.2134391802366553,0.0,0.0,185,21,0.0
EFci0tbSrb7wko6tpVDnbA,-0.14647516749586775,0.0,0.008547008547008548,890,124,0.0156169994879671
EGITUFVLb87GRKapMtZg-w,-0.1543707088481232,0.0,0.0,187,42,0.0
EGKqY6jvj-uJczzvPFK24g,-0.19637328459310244,0.0,0.0,17,7,0.0
EGSR3XIGuwa-CLAQnJmqdw,0.08005304464362561,1.0,0.0,23,5,0.0
EHA4yOCgMXGRJwLYYPJRRQ,-0.09868049204704843,1.0,0.0,70,38,0.0
EHUNi6ZX3z8KaXFjGtDd7w,0.007625500959308584,1.0,0.0,170,55,0.0175324675324677
EI-7c_Zpd9HhBiVywzkIBQ,-0.07976425942013476,1.0,0.0,115,54,0.0
EJPhcvVqYi6Y1dhDQXP-bQ,0.07970564255740453,1.0,0.0,32,13,0.0
EJ_ua43d33kN-rnc71LPLA,-0.13019960504756434,1.0,0.0,381,167,0.0340590495309958
EKBDN90FwKHr6F7_zzSCZA,-0.3170531600156376,0.0,0.0,181,44,0.0217171717171718
EM1P1u4ihl1Ritzm-P14iQ,-0.1664216263430499,0.0,0.0,1070,49,0.0861678004535146
EMoU8F2O4hTDNjXk05TWqA,-0.15176154060492275,0.0,0.0,18,8,0.0
EMp87GsYkVdwHftE7Ar2_w,-0.3932668681367773,0.0,0.0,174,52,0.0
EMti-iNn83SGp3z6LngDWQ,-0.32642233860753594,0.0,0.0,244,75,0.0252813852813851
EN93aHUaowPXDXXv01PTZw,-0.11147561318614863,1.0,0.0,51,9,0.0
EPiFB9rj-RXf8VHdpVV67A,-0.22295740870100766,0.0,0.0,65,16,0.0972222222222223
EQ-TZ2eeD_E0BHuvoaeG5Q,-0.20680664473230276,0.0,0.004038772213247173,3686,1379,0.0286564477007327
EQ9RsmozHxm-q1dEgILAiw,-0.042648535144644395,1.0,0.0,532,53,0.0349914236706689
EQXQ8KvVBLeOdzlwXjwGYA,-0.08285779491644218,1.0,0.02531645569620253,307,161,0.0349611336333544
EQrRwkK6yv44_CEHuoZIQQ,-0.1908077112937251,0.0,0.0,83,24,0.0
ET3d_6BRUyyEzzwAMsqpxw,-0.2817642480819188,0.0,0.0,1269,255,0.022447599729547
ETMBMbUI7iLB4fzM_GjgGg,-0.1943021999769412,0.0,0.0,73,30,0.0583333333333331
EUiV2nhMgXZHL--ofr3Xdg,-0.30007819302952565,0.0,0.0,106,26,0.0356125356125356
EUkh0Qyf_Y4-B69w_z8n6Q,-0.2513554494511382,0.0,0.01935483870967742,1045,375,0.067907590759076
EUtNup4WQZ6UBxou8HsRng,-0.08664195532550656,1.0,0.0,36,8,0.0
EV2vO0cs_zQE5bkcfEi0qA,-0.24166321963728699,0.0,0.005,872,209,0.0228055269865403
EVqeyOX5XpUsrf8PZwsPdw,-0.024910861310348587,1.0,0.0,41,9,0.0
EVu72ZfMe7IpUWhD1el5kA,-0.05238664871219545,1.0,0.0,35,24,0.0705128205128204
EWPbRyoG7-JiDyeV52nZBw,-0.2168818011781748,0.0,0.0,96,10,0.0
EWiFvIU1Odf99WQP_0MEfw,-0.13394648440902635,0.0,0.0,148,23,0.0
EXTLMOTD6BCgKVogdSx3NQ,-0.33094193037853553,0.0,0.03571428571428571,71,36,0.0497076023391813
EZ-ZL55vCMjSIneiGe3aqw,0.0521147901115766,1.0,0.0,124,42,0.0
EZQafNN19PO-KICK73BZqA,0.40421321462251614,1.0,0.0,57,13,0.0
EZpbFQJEgo00XNlKJe-4ew,-0.22303167285523295,0.0,0.017543859649122806,350,127,0.0638026864289023
EaEWx18JJ6l81U3JvcaoKQ,0.16442114680754816,1.0,0.0,12,6,0.0
EaGQz-Y2aAdfrn1XXgjJ6A,-0.2234336050552329,0.0,0.0,920,156,0.0303790412486064
EbBing7Y8Y0rjGVfbt9h7Q,0.39416591012447444,1.0,0.0,21,11,0.125874125874126
EbUHcdCkaIDRUh-rgDerbw,-0.19536851991336823,0.0,0.0,33,13,0.0659340659340659
EcvYjxzZ47YmdxbEzoGToA,-0.3509584939855287,0.0,0.0,265,55,0.0175324675324677
EdopUxxfxqEA79Vcy_dT3g,-0.1402163400115951,0.0,0.004132231404958678,872,262,0.0640705223981963
Ee-V8jWifZDvRyFrSW5LIw,-0.05678914900152576,1.0,0.006211180124223602,2296,611,0.035412805196012
EfLcMyzm24vNxe5XdjRp4g,-0.30741778064272796,0.0,0.0,176,65,0.0
EfROb-PLUsXRrK0qksx5FQ,-0.14073706301664957,0.0,0.1,276,12,0.0705128205128204
Eg2fNUMwpUPJ37yy2DK7DQ,-0.03268451805914441,1.0,0.0,95,59,0.0459267359212685
Eg9InViFO0EYOP40Im8Hpw,-0.20333946801288705,0.0,0.0,227,133,0.0074065761418471
Eggbe8TRDB0wPjqymWMk9Q,0.31735320014775414,1.0,0.0,15,7,0.0
Ei0wJeADbNtwvA9CrvknJw,-0.13637070478934887,0.0,0.0,111,37,0.0
Ejeicx8j1gvBDyI1w9lZlg,-0.14171314392354062,0.0,0.0,32,18,0.0
EkGrpiN5gN6TaSfVQ0ggvA,-0.22101152652604406,0.0,0.0,963,203,0.037027525506035
EkYGO5eZJ9litEaBEx6w9w,-0.15286571665548565,0.0,0.0,94,11,0.0757575757575759
ElCZ_9z_1Sx_FtgJokbrqQ,-0.20112411727577262,0.0,0.0,170,27,0.0343915343915344
ElgpjYk-Wzq1LVZQblI46w,-0.07351800931299013,1.0,0.0,28,6,0.0
Ell4MNXqG3r-hwp2EtNFlw,0.30332879889138686,1.0,0.0,14,7,0.0
ElqoiaCSUA8oyyvixox9lQ,-0.26223626493946617,0.0,0.0,974,283,0.0203210779219191
Em5rXI3amBD5Ekvmy0qZUA,0.1422397744966386,1.0,0.0,43,12,0.0
Em9xPtWJst1AYROBkDZYBg,0.2891173482020918,1.0,0.0,228,11,0.13986013986014
EmN85_ePa8uogLdjN0g6Gw,-0.13036305376475543,0.0,0.0,60,18,0.0
EmTlcS9DVL69iDPciczR2w,-0.4001934444091536,0.0,0.0,80,45,0.0
Emrw1nbhx9i3_y05V3Y70w,0.32846590111079776,1.0,0.0,46,25,0.068148148148148
EmzPQvyNQH-lR81tcFrKSw,-0.02750323238084662,1.0,0.0,236,14,0.0
EnLLksrGdqMgOOAu9rNtJg,-0.11940399940007329,1.0,0.0,291,77,0.0126540126540126
Envz99GhwMkfMg7LzDQeUQ,-0.3549149291370725,0.0,0.008403361344537815,647,148,0.0256045519203413
Eo0psaCr_gcty9QqyUy46Q,-0.5212093375949914,0.0,0.010344827586206896,1566,346,0.0302537199851038
EoXPPhjf617rKvEtJ-gssw,-0.19631935639317288,0.0,0.0,227,37,0.0256045519203413
EplLH353uir93Jo_Py3xww,0.07268570177513506,1.0,0.0,13,6,0.0
EqEcDeXqIq1YwnzHg_ZUFw,-0.18998908076034737,0.0,0.004672897196261682,719,243,0.015927758617817
EqYmE48JUiquJMlmfpAdGA,-0.21790375848177623,0.0,0.0,41,23,0.0
ErW31qKCSDBc_oZ4DCziww,-0.03455298042351018,1.0,0.0125,512,86,0.0423772609819121
ErW5P5HJy90GNzVNpR14HQ,0.48864206680605937,1.0,0.0,25,13,0.0
EreYgrQPuR7Sk_FKeZZg9g,-0.15308587069153357,0.0,0.005780346820809248,4405,368,0.0445905609371479
ErvTvPF3vtLYsEqXqr0nUw,-0.04702892311883722,1.0,0.0,299,130,0.0611510791366907
Esf3-D_44pArPd9GqysoCg,-0.18010153259444206,0.0,0.0,1222,486,0.0197464489579186
EtGFDdjui_Hww78JU4XoXg,0.012516562339890402,1.0,0.0,29,6,0.0
EtWAtnK13mftCl3TgsWyJA,-0.2726293621504822,0.0,0.0,37,13,0.0
EuGfAJ0un7GsQ90pFWZubQ,-0.09478263767907158,1.0,0.0,29,14,0.0
EuzUT3fwPBWAHMXUiX5L8Q,-0.06744554226162125,1.0,0.0,101,63,0.0297924297924299
Ev5UloYOXuw1UTxBKYVXuw,-0.3252858280581773,0.0,0.0,162,39,0.0243589743589744
EvImrqBh6vad8AxN6KxJ3g,-0.17663218499140032,0.0,0.0,110,44,0.0594777562862669
EvYeRMbG9XlEkafCJfnovA,-0.4965169722410272,0.0,0.0,240,114,0.0169388989715668
EwYjw0AD5BrqART5kFr2_w,-0.1961174398817967,0.0,0.0,9,5,0.0
EwaakynaS06R64xY8xM57g,0.0,1.0,0.0,10,9,0.0
ExNHHLqQDiYdMbzqesSpGA,-0.4562206264977232,0.0,0.0,21,9,0.0
ExfSwwCB1zQ6ZGd_UQ4wYQ,-0.2248692036597637,0.0,0.0,588,52,0.0513986013986014
ExsrjgDLRUtqDeTsUlCyQQ,-0.32202716666197617,0.0,0.0,175,60,0.0
Eyhku3u639xTM27UdL-ksQ,-0.20992802360797558,0.0,0.0,234,118,0.0163841807909603
EzJI5x25U5GgbYBWhu5ZQQ,-0.19805604330198778,0.0,0.0,112,65,0.0544035674470457
EzPMG7xCuSZCpA3HSSAjHg,-0.1833780269714277,0.0,0.0,155,13,0.0
EzkR89g7pIm12IldI5e6gQ,-0.33975519028888435,0.0,0.0,162,65,0.0149184149184149
EzsIyXUnQeq-JmmXtaYJiw,0.053882560118203304,1.0,0.0,10,6,0.0
F-L_qhgCWukNYwjck9vwzw,-0.1598169717729212,0.0,0.14285714285714285,49,11,0.125874125874126
F-Z2J3GDTNge3K6bsbnKSw,-0.09312914103648617,1.0,0.09375,95,49,0.1365235749472202
F-j6PNGnA8yz77oIZMcPMA,-0.27946083972851754,0.0,0.0,361,179,0.0109262631562701
F0fr6X9CPLarpzO-zJ9aMQ,-0.2710439740692732,0.0,0.0,19,8,0.0
F1GL5ew2UMYNjawcR7HPyA,-0.026457961904948757,1.0,0.1111111111111111,44,13,0.0659340659340659
F3GmlhW3dOkqsdEDFMSefw,-0.2589652255691778,0.0,0.0,78,29,0.0
F43ox1eEedpvt6968xp0sA,-0.2990692697756009,0.0,0.0,116,35,0.2006349206349207
F4BeTasvCR-iDNlJeyxmnQ,0.13314852046543546,1.0,0.0,26,15,0.0
F4Pk3sNtkPCYLColKYpuwQ,-0.1515620848568422,0.0,0.0,474,29,0.0321839080459769
F6L-QB98RXDfNynYuUIYKw,-0.17471098766493076,0.0,0.0,38,17,0.0
F6rHQmm_Zbpg_y6GSHJgfw,-0.0883693763716541,1.0,0.0,364,65,0.0289322617680827
F7FYN-nZ_Vb4o2oaPJjr-A,0.13314852046543546,1.0,0.0,18,6,0.119047619047619
F7J-Kc3fR0vdjcpN9TYLJw,-0.2770936249761733,0.0,0.0,116,56,0.0332512315270936
F8H5zuu_eTx8KpmkgO5JAw,-0.22974582836466984,0.0,0.0,63,6,0.0
F8L-u2wn5zMNVA5NZNL06Q,0.7769412800591017,1.0,0.0,9,7,0.0
F94hX4z3gqcUZHEh1_r8eQ,-0.17379841383144734,0.0,0.0,155,77,0.0694726959787201
F96zZwm8zAMxUB2DvLkmEA,-0.2814909779009913,0.0,0.0,210,106,0.0429202787693352
FAEUVw8ZrUS4KpsimS38pQ,-0.42295051255733734,0.0,0.0,50,9,0.0
FAdOnoeDHbcolTN3e7oB5w,0.14758030796514987,1.0,0.0,40,8,0.0
FAvEJQ0E7n4f_Wasg9UvEw,-0.08064724580382265,1.0,0.0,375,139,0.0208734420913974
FBqYnP7H3TMHYQvafuBTSA,-0.16029411260865534,0.0,0.0,417,155,0.0245080137959019
FC8dvE8ilG2x8bV3wpIUHg,-0.15755290250364828,0.0,0.023255813953488372,120,58,0.0725232621784346
FCAqHUb6Wn1ABMDQZG0Dnw,-0.3018624904982992,0.0,0.017094017094017096,314,145,0.0380908883306689
FCcFpitB7F3qxd1bD4Epfg,0.21330224015290855,1.0,0.0,56,38,0.0473684210526315
FClTbPhPbslS8uk0p8leOw,-0.24644625345677162,0.0,0.0,401,81,0.0829518657234011
FEFi0AmjHzgSceeLYW3Glw,-0.2784265655613579,0.0,0.0,102,21,0.0
FEXhWNCMkv22qG04E83Qjg,-0.3464306671958627,0.0,0.0024449877750611247,42003,1880,0.0073367184165
FEpHL55islEkxBHC5V_YfA,0.37129717933597556,1.0,0.0,12,7,0.0
FG7_-7LtVdOecAqThoFOOA,-0.2942770781401416,0.0,0.0,188,8,0.0
FGXAeroIJtnpMPx3JQbiIA,-0.15656425962929582,0.0,0.0,80,39,0.0
FGYU6bw-oVJ_rDJyyjfWeQ,-0.2461191659277877,0.0,0.0,54,6,0.0
FH0MVF7kK0D76Hh4e7hXfQ,-0.2327157609062171,0.0,0.0,1903,575,0.0102192621417345
FId1uY73JcswBn6oz5gTEQ,-0.1423899572007753,0.0,0.0,208,24,0.0
FJY0EP3DNkrAV2lVpllN4Q,0.3323274291770897,1.0,0.0,220,10,0.0
FKcQbzeClxbTAnAVJXx__w,0.09020730541946542,1.0,0.0,89,23,0.0730434782608695
FKvkG0Taz8GoGE6gFB061g,-0.09588274739502256,1.0,0.0,164,50,0.068148148148148
FL58ckZZ-jB5DgJQKpHqcQ,0.5253120217654159,1.0,0.0,12,5,0.0
FMUvCniLe8m8BHSYUsnH2w,-0.2107838099812327,0.0,0.007194244604316547,690,165,0.0658106488614962
FNQfc2Ih5bSKnmRcsHTcKw,-0.322766886660008,0.0,0.0,223,71,0.0
FNsMxoaTa-HCbAxP0Baj9Q,-0.11405068710179667,1.0,0.0,186,58,0.0
FOJGpcqeben-KUHzVd60RQ,-0.23668365909827072,0.0,0.0,103,55,0.0175324675324677
FOTp2JNMj0_SuDSPKYhixQ,-0.15873385036104515,0.0,0.0,93,28,0.0
FOXeWdQCemWMnmYqlDT2jw,0.08278115014837828,1.0,0.0,33,10,0.0
FPbh-t9fTEc5x2SCresK6A,-0.2432650931727513,0.0,0.0,17,10,0.0818181818181817
FRBGjZKVmKqcyFb7XQCjXA,0.05056951609091598,1.0,0.023255813953488372,89,56,0.0769906323185012
FSWJmMXXKAXdL6mrc-DzBQ,-0.1635573021012513,0.0,0.0,162,21,0.0432900432900431
FSb8rGb71GbJt48E-t4w5Q,-0.1898335948969858,0.0,0.0,90,16,0.0
FSvFk1lWR0YBYP_-L_iLTQ,-0.27453946213248925,0.0,0.0,1108,255,0.022447599729547
FSxREGXCZdsh5wZhOcay8Q,-0.2138013645947261,0.0,0.0,170,54,0.0510071474983755
FT-cRqGz3kJBDgXr-9Fdtw,0.06713288524082661,1.0,0.0,24,10,0.0
FUkVxA0IhTvsBIbwUdkzdw,-0.11098184388888532,1.0,0.0,300,14,0.0
FV-IDfUkj07Ctseem_dyoA,-0.013218775190099397,1.0,0.0,36,9,0.0
FV0AtR_aPKtnp5_RqjkC3A,-0.01564820060241434,1.0,0.0,36,16,0.0
FVcIeaJY8vTnt9AksAVFaw,0.053882560118203304,1.0,0.0,9,5,0.0
FWA-LNGHisJXq_UP0WfSmA,-0.35106121818196456,0.0,0.0,39,10,0.0
FWTkrjnoIVJ4UiUWUVDi-Q,0.6654119200886525,1.0,0.0,17,13,0.0
FWqhypnh0NsTwpWW69nS7w,-0.16101062619630035,0.0,0.0,235,75,0.0252813852813851
FX9CL_-hBxRDq6c4uiLCrQ,0.11757682164108374,1.0,0.047619047619047616,47,30,0.0311827956989245
FXSj0mOK_vSTGfKywdHwwg,0.14449988917022982,1.0,0.0,34,9,0.0
FXt9SIJT-1JN3K8RRb0-5g,-0.1922554610532189,0.0,0.0,356,95,0.0
FYgFwsb9w2_2VyyUuld23w,-0.3113045875884198,0.0,0.0,215,99,0.0194019401940193
FYs3jIvpxRCeTHMn2nOWDQ,0.16541192008865246,1.0,0.0,9,5,0.0
FYw5uf26ry8-MuPKD10z0Q,-0.16747859597879278,0.0,0.006666666666666667,998,382,0.0434947643979057
FZlbI7_mdb79DzaqRIAqtg,-0.06531357835145268,1.0,0.0,52,11,0.0757575757575759
FZy-r97c8ifPtl8FMz7r-A,-0.21182812296282838,0.0,0.0,134,22,0.0
F__yT5i7C2t-IfzyXYscKw,-0.2305665930831432,0.0,0.0,1722,293,0.0526478035891224
Fag3PLbNg3H7eSjzxiODnQ,0.19285020338325698,1.0,0.0,21,11,0.0
Fbq_tc6W5uNmQNrInXpd5w,-0.1333694237640458,0.0,0.0,253,91,0.0210327307101501
FdLLsltA19IYDvz6CIOHzg,-0.09689375737265071,1.0,0.0,59,19,0.0
Fe54PN-9GABpQM30B5o08A,-0.11691829188710845,1.0,0.0,632,289,0.0199167204269543
Fe8nhiPBaCYZtav9VQ5qEw,-0.13816977663732188,0.0,0.0,93,49,0.0
FeEawbq1Hcdfx3GFf1aLZQ,-0.17041739591153104,0.0,0.0,403,35,0.1379790940766552
FeMWRqfmWvVR1BPqBN3E1w,0.41541192008865246,1.0,0.0,17,13,0.0
FeoYQlhFe1l25mlxjO8Nxg,-0.04756341815079468,1.0,0.0,112,77,0.0
FfNqZitGYvBdBNxRfG-ang,0.5538825601182034,1.0,0.0,10,6,0.0
Fg0vS_HDz2kAJt3Q_VZodA,-0.22482748020816412,0.0,0.0,247,31,0.0302419354838709
FiTls64Ll9f9OeqwASM-UQ,-0.12947817676423845,1.0,0.0,513,34,0.0277310924369749
FiWGTyWJs4p4dLQc8P6-pg,-0.1048475806996999,1.0,0.04411764705882353,242,75,0.0479324894514767
FkRQ735Sh9JOsHBQYXFkEw,-0.2560930396608757,0.0,0.0,169,63,0.0809753853232113
FlDkxuO6MGrW7x1OJTtJew,-0.2531077273252317,0.0,0.0,911,247,0.0157749568527509
FlSiPPvYiqqDbKb8E_lLNg,0.03641087715498004,1.0,0.0,300,38,0.024966261808367
FlWCsBiNoI4XTwZD8f_q0Q,-0.13703826846873945,0.0,0.0,225,64,0.0
Flu8zFsJbX-mRw2yOFBC-w,0.00898482778061127,1.0,0.0,492,24,0.0705128205128204
FmBvwussMAP_hh5psTcHOw,-0.2761667381215719,0.0,0.0,257,21,0.0786749482401656
FoIzWtiwffKyfKJHsm7VKQ,0.07268570177513506,1.0,0.0,18,11,0.0
FozqhmYlHTylkb-Vl-GrpA,-0.009621040684505422,1.0,0.0,809,38,0.024966261808367
FpnBK7Rj47VmHQ3zE5oYyA,-0.11941969798609764,1.0,0.0,60,20,0.0
FqSsVgbOxedTevshj0bfIQ,-0.2590786595068022,0.0,0.0,130,19,0.0473684210526317
FqvItVbM-G2AoQeWC-EBMw,-0.04305102111163017,1.0,0.0,139,64,0.0151442307692306
FrFK24JWjyc3nhR9mcSoqQ,0.15274801216466927,1.0,0.0,24,7,0.0
FrkGJp1WIxpFFT07Qbos5w,0.014793452857440714,1.0,0.0,80,44,0.0
FryXEasH74MQDnj5Bvz3QA,-0.2576274028920159,0.0,0.0010787486515641855,4218,1015,0.0374738766980145
FsWEzgnPsARCH0qmKkWLNQ,-0.38487864438681785,0.0,0.0,67,7,0.0
FtT_HlYiyOrE-TzKl6_qgg,0.07268570177513506,1.0,0.0,22,14,0.0619047619047619
FtY4uxKAXcZDDFUhfOp-lA,0.5649881931868204,1.0,0.0,31,23,0.039855072463768
FtmlfXAZISZYoZOZJ5o-Cg,-0.04417615982269507,1.0,0.0,16,8,0.0
Fu3QcNVVIQOHWTvxkOHy3g,0.09259238956709048,1.0,0.0,20,9,0.0
FuwM02obw0PhqNdZVE6ugg,-0.2979574843488532,0.0,0.0029585798816568047,963,425,0.0182040483629941
Fv_snoYk6oI_t_YfLM3MFA,-0.1961174398817967,0.0,0.0,17,12,0.0705128205128204
Fvujip8PJg4UTeAcfSH9QA,-0.1673835968191335,0.0,0.0,214,58,0.0166569257744009
FvvlLwlLrMXx7ScfKdx3MA,-0.2183732624792623,0.0,0.0,92,50,0.0532075471698112
FwOCErmBff1G8sf85_cJnA,0.014475834032433577,1.0,0.03225806451612903,132,92,0.0305491990846682
FwvK-Xyi11yDeYmqmL6uSw,-0.17856560494399976,0.0,0.0,377,39,0.0
FwwbaUc7u5nSiLmkF_Z1Tg,-0.17323076108842927,0.0,0.0,299,84,0.0116246498599439
FxeakFEI6gObK0CxcOft-A,-0.12450872054400752,1.0,0.0,839,155,0.0516915814319434
Fxzm5Yp3yDq_8n5gptP1lw,0.031132420696632135,1.0,0.0,93,10,0.0818181818181817
FyDQ8QKKjmBKagZ2GhNb8Q,-0.19970928097989527,0.0,0.0,668,146,0.0197205111703595
FyuCXTESXWjQ_H44deA49Q,-0.28659876986075017,0.0,0.0,14,6,0.0
G-LyXtmdMt2t1IGHhCUKTA,-0.21735610270144534,0.0,0.0,98,12,0.0
G047PcbKKb0YHwtpfZE8yg,-0.07658626767942811,1.0,0.0,58,32,0.1140202702702701
G05onTfsBbgpFHejwvDCcQ,0.07006256898117313,1.0,0.0,43,10,0.0
G0boNJD6u5XtkoAMY2-z1Q,0.06973727780582017,1.0,0.0,73,50,0.0
G10zNaL02YL5ai5orAdDCQ,-0.29914140087494984,0.0,0.007246376811594203,501,178,0.0363498329790465
G1MXujpA5g9QU0Cn1N9RqA,-0.28734029045012577,0.0,0.0,126,16,0.0551470588235294
G1q1IeNbiRJL5bReBLFdzQ,-0.14817453049414459,0.0,0.012345679012345678,334,90,0.040661938534279
G1vUqy1-vDsCbCFrZkFnuQ,-0.16281044733504368,0.0,0.0,73,36,0.0262762762762762
G21MuD1q2SAdZLjTxxPMGw,0.02591342280943898,1.0,0.0,294,19,0.0
G2n77sQxr0XqPekhTu6HvA,0.1423440579431321,1.0,0.0,47,29,0.0
G2okUNH-Jeks8hqJvSilcw,-0.2462638061196395,0.0,0.0,183,85,0.0
G3EW13G66ISs6L1xhDXdNA,-0.01688332749529753,1.0,0.0,123,20,0.0452380952380953
G3fZGozLaJjIVU08mXk5qQ,-0.11176351105934457,1.0,0.0,186,12,0.0
G4IigHfYODjMJ0NpF3zEhQ,0.07629603248247807,1.0,0.0,93,40,0.0237804878048781
G4sLH98DHyejB5RcDljaFQ,-0.043460602108035706,1.0,0.0,782,49,0.0
G6BsgXWHqddv-bGKS1NcyA,0.1434415220923997,1.0,0.020833333333333332,236,57,0.0913394597605123
G6Wm6EqUKaKFGrBulQJ3Tg,-0.047954178688397686,1.0,0.0,91,52,0.0356125356125356
G7AEvOxbIUV2Em7FMmwXGQ,-0.013514141370588817,1.0,0.0,78,36,0.0497076023391813
G7Hq19GVC-zcAFuvovvIWg,0.5456685278972264,1.0,0.0,69,39,0.0243589743589744
G7fe-mubzI2hrVlYA7WftA,-0.184784276952352,0.0,0.0,146,60,0.0317204301075269
G7g_qBWenj0McEQW1Nua3Q,-0.25728538860755445,0.0,0.0,84,45,0.0
G871bjv4Sr0CuxN2TgWcQw,0.3862251201704323,1.0,0.0,23,11,0.0
G8pVaj3yS503ah8fxncDVA,-0.27141937556020257,0.0,0.006172839506172839,522,194,0.0473519304629068
GBRQ70B7TOhs8M40w6WGbw,-0.1321709430767838,0.0,0.0,227,70,0.0393346379647749
GBhdeF0ScyX5HN3gj-NNCA,0.07856822609366876,1.0,0.0,56,21,0.0
GD0_sWqURBSZARKgNgbwRg,-0.18708865445771894,0.0,0.0,59,30,0.0311827956989245
GDnr1VJjoKRokpuCMWrtog,-0.22305871994089835,0.0,0.0,17,14,0.0619047619047619
GDtcIsIfH9Up8E-Mls5XCQ,0.819037340042093,1.0,0.0,10,6,0.0
GE7eT64EHR6udOZUaP3yCw,-0.1641355520349812,0.0,0.0,119,38,0.0
GEKQqHL78Gkhy1juc7dDww,-0.03256581658468394,1.0,0.0,52,30,0.0583333333333331
GEL_vUHipc20TvmIRh-33Q,-0.26420042120147436,0.0,0.0,197,109,0.026048492791612
GEdrmeb5ubO2Gq5MgMxDtQ,-0.11212464915360709,1.0,0.0,198,62,0.0
GEtK2S6zALXgsjKjK3abJw,0.2628033932290358,1.0,0.0,21,7,0.0
GF-GWt4zA4UbXCQIBdFSbw,-0.08152448799036605,1.0,0.0,67,9,0.0
GGMPGL1AmXwlNyHyJ4oUXQ,-0.003186257939974957,1.0,0.0,222,77,0.0468173801507136
GH1csLX8t8VXHhjQE5KpIw,-0.2214208393862308,0.0,0.0,48,13,0.0
GH8Pxb6n7CDZehbydWyDcg,-0.02074296592642566,1.0,0.0,62,25,0.0
GJ9hLjmKZ_9fmw2XuRhAzQ,0.1249418048995885,1.0,0.0,38,12,0.0
GJtRRcx44M9ptMUYxccUeg,0.2474246481613639,1.0,0.0,355,107,0.0091727241259953
GKi9B1w_3qazIURnJ6lW9w,-0.33337284043937254,0.0,0.0,162,65,0.0685714285714287
GKrxrkKqpMmmY7P2AdoY4A,0.0036267154068975183,1.0,0.0,16,6,0.0
GLDeniJ20Z0X_ZMbt4Y8Jg,-0.12884137659727524,1.0,0.0,29,6,0.119047619047619
GLoP6o5UjGa3g-IP1L32JA,-0.18007304983313754,0.0,0.0,335,47,0.0390794615718628
GMc8-oh5IAWYi4j-Ac-ppA,0.04709239373469187,1.0,0.0,42,9,0.0
GNSiXp4UpopespSb49upUw,-0.11471529815795811,1.0,0.0,52,24,0.0
GNrZxUMFyBCjei_-gfVjjg,-0.24060126013881622,0.0,0.047619047619047616,121,30,0.1323809523809522
GOSVLhjUT6TnrPhkkmDOpw,-0.26109182208791426,0.0,0.0,415,192,0.0247197546531303
GQXeK-CdSb9D4QOfS9tYQg,-0.020206373231852925,1.0,0.0,17,14,0.0
GQvMNxdE4uCIie4D53tE-Q,0.16386062333702123,1.0,0.0,33,7,0.0
GRduI6GKz6dzk9n6JRpmOw,-0.020206373231852925,1.0,0.0,10,7,0.0
GSDxAWLxm5OtVptFVVVpOg,-0.21881643028796738,0.0,0.0,98,38,0.0
GSFWtWARVqiXIWQGCezioA,-0.35812209622978103,0.0,0.0,168,18,0.0
GTS97x6mFLjGXn3ITKaQuw,-0.25571801282801176,0.0,0.0,486,203,0.0189429094976321
GTXSk8QyD7N1Un-tzgPw4g,-0.3946921694739694,0.0,0.0,504,89,0.0315095261358084
GTmwc3AWVB756gDiuHwtuw,-0.3476668672552362,0.0,0.0,151,33,0.0
GU3yKiycK8P4Q_TMGJbj_A,-0.09683313092002854,1.0,0.0,119,28,0.0642857142857142
GU6AnPaDqYA7PYIS52CKEA,0.028927565833450575,1.0,0.038461538461538464,66,30,0.0604166666666665
GU8bT_YS2WbLK749ETzroQ,-0.3032512401642623,0.0,0.04081632653061224,161,72,0.0835091420534459
GUAF7ybULhg68asLfFZYbA,-0.2620411919370954,0.0,0.0,68,19,0.0473684210526317
GUZCOzK1ssAza9C6Tnxl5A,-0.006822646397554255,1.0,0.0,177,40,0.0237804878048781
GUa00RPM2d-H45KBhj_t_Q,0.4054407201211811,1.0,0.0,11,5,0.0
GUapKeZz8THjpuS3urS16A,-0.1374809497880375,0.0,0.0,98,10,0.0818181818181817
GUmO4BEWjerirhEzceXDWg,0.2476224934924267,1.0,0.043478260869565216,50,37,0.0256045519203413
GUuLWkqfieTDwORs8z8mDg,0.21033159563092207,1.0,0.0,75,15,0.0583333333333333
GV1s2EOQX7tLQrDjPGUJUQ,-0.37262418400917063,0.0,0.0,383,114,0.0169388989715668
GV6WXHmX13Utqd3j1mDJpA,-0.36736956984584634,0.0,0.0,122,53,0.0
GVzGNqMCzmKK_F6nFJIQiw,-0.14683308487798252,0.0,0.0,88,27,0.1170848267622461
GWajXz5cKulo-5A1wCKv8Q,-0.22013232875533384,0.0,0.045454545454545456,70,28,0.0332512315270934
GWgiPFdz7rgc3DS-pTkMWQ,-0.3981841959158399,0.0,0.0,36,13,0.0
GWr6EEZMlXMGlJ9VoKbe0g,0.4911950045948704,1.0,0.0,20,11,0.0
GXXbsAsNLGuLYTQKHb0XMw,-0.3519931221604548,0.0,0.0,630,263,0.0579304725692559
GY0OfiGt04kur8WlviKacw,-0.27116216076875577,0.0,0.0,303,7,0.0
GYFDgaBkWnxepHoyJ7mWAw,-0.049388356590253424,1.0,0.012987012987012988,183,91,0.0492216117216117
GZDUQ9P8oNRa8E3hJWXgmw,0.795166106728746,1.0,0.0,10,7,0.0
GZDkhotwnmGlpYUKxAwobw,-0.09508549718845671,1.0,0.02857142857142857,92,41,0.0232288037166086
GZdflq6wvOXyOtSFThqNmA,-0.34801363295871607,0.0,0.0,56,30,0.0
GZwgmKNS01hEWKQaRTro_A,-0.3727060529886559,0.0,0.010752688172043012,311,93,0.0660215053763439
G_6dvmDO3snpl2CimKL9YQ,-0.22233205795706668,0.0,0.0,44,15,0.0
G_bi7l0nU74I4Vr1V7IcMg,-0.17168301511388484,0.0,0.02564102564102564,2070,326,0.0623077328739432
G_zuuYzVYI6_Yw34cdq_NA,-0.36645465435483837,0.0,0.0,481,97,0.0379708073900173
GabL6KPmrPirzYWiQ9LtBg,-0.028702820664024464,1.0,0.0,10,5,0.0
GaktVVj3HWX0sVMlCXCWZw,-0.1633015640456732,0.0,0.008,570,137,0.0461273317112731
GaqEQ5kQx674pGekE2QKpA,0.3681470695433188,1.0,0.0,35,12,0.0705128205128204
Gbe0IX0FBQ-f3hpFxH-6bQ,-0.2450844557245424,0.0,0.0,104,10,0.0
GcJsCFzqvVVwydvBcxmJIA,-0.23938114594416993,0.0,0.0,131,41,0.0
GcKHHOs_LaI9uHh_NKJQDg,0.026816664100667742,1.0,0.0,153,18,0.0497076023391813
Gcm1Ob02cfVWlupegB8uQA,-0.011919069585203501,1.0,0.0,73,20,0.0452380952380953
GcrYv6PwODfV1NoQGdfKNg,0.050409729975370854,1.0,0.0,46,22,0.0415019762845849
GdEEibDpjjKVkEQzB6jiYg,-0.19150239817616677,0.0,0.0,133,26,0.0
GdLJIhP0BSI-wSACyUribg,-0.15735724430405174,0.0,0.0,320,60,0.0
Gf3szNlyQWst4v49S-W1lg,-0.39147927637188523,0.0,0.018518518518518517,433,125,0.030015503875969
GfKb7u9KLgp6OExvIHf_Cw,-0.14125040407797385,0.0,0.0,61,19,0.0473684210526317
GhLCh9fL9Nc8c33eHszX5A,-0.13990101674925204,0.0,0.0,46,8,0.0
GiSQ8fXpAs3M9Y27BgEd4Q,-0.32056882456362235,0.0,0.018867924528301886,178,60,0.0751282051282051
Gib553AC85MoMzQSusnc6w,0.2769412800591017,1.0,0.25,10,7,0.1071428571428572
GjEDg2B1u2ohBMJ0JXD-MA,-0.02184154460732235,1.0,0.0,175,47,0.0203900709219859
GjK8fBJO3sE9vYkK0RE7Jw,0.05976369142354809,1.0,0.0,144,62,0.0449131513647642
GjpMXrlTWpADpyUR1WByNA,-0.35177654115554224,0.0,0.0,1326,289,0.0445373257048888
Gk6EoDA3Bd9LDnYhJe1WKw,0.17657103125397766,1.0,0.0,14,5,0.0
Gkfi3qXHH_FHvJ0_omUztg,-0.20186859169512594,0.0,0.0,180,52,0.0527972027972027
GlYN-RJyL_YwxIqsSDo1ag,-0.23288515566752443,0.0,0.0,750,250,0.0475285171102661
GlrpA_iR78s7vAP1j4CI3Q,-0.1961174398817967,0.0,0.0,11,7,0.0
GmoYBvRsVa18G5FPiXk8JA,-0.09063882095040277,1.0,0.0,147,33,0.0
Gn04KrDDpvk97Z8MdTgqGg,-0.056303903136401656,1.0,0.0,49,32,0.0
Gn34llSvalq0_RNsZLCsfQ,-0.14670628785648931,0.0,0.0,534,59,0.0
GoGss2SqsUPwP0xcI9IUuw,-0.2565242335057233,0.0,0.0017953321364452424,2298,611,0.0111970932049427
GoX9xsurR2_UNsJTzZVkjQ,0.008822259347046613,1.0,0.0,43,29,0.0321839080459769
Gp29XKuYZEUGol2kwIUvmQ,-0.10714979661674306,1.0,0.0,29,19,0.0
GpOC-e2vWYi1gADV1SI8eg,0.18512514704826188,1.0,0.0,43,10,0.0
GpYDs9W3cM5D1mjNx6pxug,0.08207369135961617,1.0,0.0,13,8,0.0
GphUtL7kAHxd1CXxntt-Jw,-0.22022884751654603,0.0,0.0,513,43,0.0423772609819121
GqE-dUBnMmvJz_3REK6Ykw,-0.35610210223205807,0.0,0.0,178,51,0.0
GqQSFMLaM25zcM5OnCWnnQ,-0.169570906219358,0.0,0.0,241,63,0.0297924297924299
Gqly-fbSiUhgXGgP4hAx7A,-0.07552733669876832,1.0,0.0,95,21,0.0
GrfFulYVrfWIKmwa1dHktg,-0.0002868131275853836,1.0,0.0,30,12,0.0
Grh6dm_k-4kNvkxU8r7RMA,-0.13476688797233427,0.0,0.014285714285714285,343,85,0.0436219431592861
Gs43rBxzv6hwYoIp-FxVcg,-0.012619465343662095,1.0,0.0,30,5,0.0
GsDwQ9NzKu8eaAGFhkOtnQ,-0.35869072037692784,0.0,0.0,230,57,0.0327088908712458
GsTHcKsO4c9ZnK0AdwfCpw,-0.02840499706684707,1.0,0.0,46,9,0.0
GsppfYtMMxI86N9FuXzccw,-0.4045611763611181,0.0,0.0,56,18,0.0
GsrDb4Zy5VkpuKZlFPDOqQ,-0.327637521098054,0.0,0.0,234,50,0.0
Gstw7erE6199OMgsbFAqWA,-0.3169466981378939,0.0,0.0,697,32,0.0293560606060605
GtfM73QC1y4_j8ghKPSt_w,-0.26715146716567484,0.0,0.0,478,98,0.0541601255886972
Gtn4_eWhhkjCVI613L2ZqQ,-0.24268584212554134,0.0,0.0,63,9,0.0
Gu5NOPTGyacbzP8TE6cwug,0.28207369135961624,1.0,0.0,26,21,0.0
GuX_h4rctgN9X3p3SyK-1Q,-0.0028466898951777786,1.0,0.0,232,73,0.0133283968900406
Guxfua9nFaZr3aCAwH4bzQ,-0.227198343229989,0.0,0.0,93,27,0.0
GvRA736fSqNZPe_OJRCt-w,0.25673490682724875,1.0,0.0,12,6,0.0
GvjQEhSTB2CyzJVx1boR8A,0.09987100516125258,1.0,0.0,53,15,0.0
GwZIp1hPsahqjlfLhn-NLw,-0.24569962863536693,0.0,0.0,21,11,0.0
GxuxCctcz3Hyk0wnuly7vQ,-0.07837905690686453,1.0,0.0,839,45,0.0770975056689342
GyEK0xZsYoOsL-5huVB0Gw,-0.32287470272445545,0.0,0.0,84,41,0.0232288037166086
GzSBK3xn2zL9of5-GoRQHA,0.38722040150508996,1.0,0.030303030303030304,72,53,0.018169112508735
GzYIDkGgkHa1vghxXGQlJw,0.16747123595394464,1.0,0.0,147,21,0.0432900432900431
GzYLKS6vjbZMfr3BYtq2Iw,-0.24653922338298662,0.0,0.0,137,57,0.0169388989715668
Gzur0f0XMkrVxIwYJvOt2g,0.021538898046307264,1.0,0.0,117,54,0.0178451178451177
H-6Obgfximh5vDpgWGlHlg,-0.1382808150146465,0.0,0.0,852,53,0.018169112508735
H-7jCwGugPs_yYM_wX6dDg,-0.4024415892188845,0.0,0.08333333333333333,38,12,0.0705128205128204
H-9b7h3NAYamWPH75c5_oQ,-0.2595088761935612,0.0,0.0,259,28,0.0
H-aGBiY6wjLAppMcAk9Qrw,-0.028702820664024464,1.0,0.0,45,38,0.0473684210526315
H0MScRPcaB_TuFNEhWvJQg,-0.1294013369053919,1.0,0.0,179,77,0.0126540126540126
H0WR6GRX9S1o-S4szplQ0Q,-0.18007089459916548,0.0,0.06896551724137931,91,43,0.0423772609819121
H0nX4N4N3AIDheuIcbVYkw,-0.2833957284358116,0.0,0.0,272,127,0.0
H1FXzbmnMPXRfOrTo1qxKw,-0.32501740719411537,0.0,0.0,239,58,0.0321839080459771
H1bbYNKgk6JF9pKcBXyDXw,-0.18326583296207322,0.0,0.0,58,13,0.0
H3CGcYrOufoF8gRDQYTMYA,-0.1510457053430474,0.0,0.0,81,15,0.0
H3iXNL_ZHSwpOA7RLZY1pA,-0.17527193955545928,0.0,0.0,342,21,0.0786749482401656
H3p3b8nbB3OtIfQyQGKDkg,-0.14823795008119067,0.0,0.0,205,78,0.0576150756873647
H4eTwVFJvjCL0asz94CSTA,-0.12543597861040556,1.0,0.0,108,56,0.0619047619047619
H4t7YAtaDQ8bKOW452zSaA,-0.011327951048074825,1.0,0.0,106,59,0.0163841807909606
H5cH1BbNfP5YEkytAQaYrg,0.15235487697106664,1.0,0.0,154,11,0.0
H5nMeiXJmLpBALeV8A-FeQ,-0.1641138601164971,0.0,0.0,1370,288,0.0540186703096539
H6C8W2KWgT0E0AZOeO4WAQ,-0.04349974827461678,1.0,0.0,38,12,0.0705128205128204
H6ssEvfwH0LBwljZe51Y_A,-0.3495253328965971,0.0,0.0,78,42,0.0
H7gG-N7vU6DOkCRMM02MOQ,-0.2854299626640431,0.0,0.0,625,194,0.0379708073900173
H8Jp8WidE99di2Xapgbe-A,-0.044779641158365524,1.0,0.0,64,40,0.0
H9giitmH1pwUIru-GyF0HQ,-0.1387868191379389,0.0,0.0,126,24,0.0
HC0g0xOuGDqn1jCCMctu8w,-0.1511310728832208,0.0,0.0,179,79,0.02406626035318
HCtaslujHiD_j5St_FR5IA,0.05093591496131522,1.0,0.0,378,36,0.0705128205128207
HD89IKBPqc29dK8qpu6dVg,0.18487324340927958,1.0,0.0,24,8,0.0972222222222223
HFYgRMHh_2LN9nVhagcMuA,-0.28445942701219695,0.0,0.0,66,15,0.1019607843137255
HGRR2w9KddspVBYA-4bSlQ,0.48307808055467805,1.0,0.0,121,12,0.0705128205128204
HGpo8xl2mmYInwnHXenHCQ,-0.15022265722219175,0.0,0.0078125,202,139,0.0512895805804336
HHWTWs8sa7cE3ksH3_BCTw,0.09513655015402522,1.0,0.0,35,19,0.0
HIMC5c38SCBvY_5kX_JVVg,-0.3179263086403838,0.0,0.0,15,9,0.0888888888888888
HIVBMiyukLyx_SbN54LGvA,-0.04305001885297077,1.0,0.0,57,31,0.0586510263929618
HIkgNCI38ga0NWcbmDqzWw,-0.2283157191151408,0.0,0.0,126,52,0.0363247863247864
HIlzfVDzOeMQgf_yuz_Vlw,0.25126941537985503,1.0,0.0,39,19,0.0
HJ_rOClY2RPrdervYopKmQ,-0.39231272386094623,0.0,0.0,184,96,0.0
HKhf_mFXd6ETeo2iLVMgAg,-0.24283942075107579,0.0,0.0,68,5,0.0
HL36medghgieK8QCjnF1DA,-0.3433802623090456,0.0,0.0,55,10,0.0
HLRvheysFKngi7c07enm_Q,-0.3958226012367816,0.0,0.008333333333333333,936,394,0.0218223728130391
HLrDflJTscXg3OuuU0SYkg,0.05142861012536992,1.0,0.0,34,21,0.0
HMQ1HMB6r__ol7tSaiNvfg,-0.1869095408131896,0.0,0.0,281,104,0.0272286125089864
HMyXpfUQud_7B0OsmBuNcg,0.04389472947756423,1.0,0.0,68,23,0.0
HNtTgTEYl3kBSN5U5FHHqA,-0.20708045913928919,0.0,0.0,965,200,0.0550000000000001
HOUmGe9ij2LS4Vnzqi_Asg,-0.0704008093476759,1.0,0.0,32,7,0.0
HPV9-9iNLuVhUrQKXXvf5A,0.6464602934348138,1.0,0.0,13,10,0.0
HR1l5-NNQdD3reR89aFguw,-0.4314552894016813,0.0,0.0,115,9,0.0
HSb0mHv23zY42j2vcPtSyA,0.49419751529872796,1.0,0.0,11,6,0.0
HTFSwE6jGnpbIrmLPH1mfA,-0.4535302546102674,0.0,0.0,70,7,0.1071428571428572
HTaTuu_35PfpJMKcd-q-hA,-0.29079369313858017,0.0,0.0,209,59,0.0316754654070574
HUKrpwmcMlwPbDF5cz0VkQ,-0.325638430726856,0.0,0.0,140,61,0.0158646218931781
HUVLNeBs32cInBZVFS90RA,-0.38657448262371613,0.0,0.0,366,154,0.0415019762845849
HUcjSm1Lxdn8zSu-hQ7-sw,-0.37947372747972524,0.0,0.0,952,352,0.0218276515151514
HUfoljaD3iVbHdQlBAsV4Q,-0.21834393263294227,0.0,0.007407407407407408,358,138,0.039855072463768
HW1RPSCFfLyBe2pT7_E61A,-0.31153458591617356,0.0,0.0,20,5,0.0
HWIukj1MFtVgrBDQPXkbZA,-0.1741380089169806,0.0,0.0,255,23,0.039855072463768
HWrG_7G3lN_0TR5b3N5YWw,-0.15445291620728618,0.0,0.0,155,72,0.0135083713850838
HYBuQ2B82DDbXpbXrAIGHg,-0.12315388550506867,1.0,0.0,103,20,0.0
HZ_wXHeUoB7bopQ0vst2CA,-0.1331259528013149,0.0,0.0,848,139,0.0455306987286883
H_JO3CNWRTRHmstEyvb31Q,-0.3059974098228334,0.0,0.0,208,45,0.021256038647343
H_T1u5hL5HwH-XR9oZqYYg,-0.2227509565694527,0.0,0.0,84,46,0.0590062111801241
H_nR5KDpakeNJux8V__ERA,-0.04445304043610332,1.0,0.0,39,11,0.0
HateLNTkY-sxxu2leVfHUQ,0.04989588516454846,1.0,0.0,43,25,0.068148148148148
HbJL7pGHREx2kdnAWdDNMw,-0.025695952068204186,1.0,0.0,90,42,0.0227021040974531
Hbinc1W5pNPuc7cLdIvsRA,-0.12124326960909382,1.0,0.0,76,54,0.0178451178451177
HcZCu26W1B4avM3P0S2CBg,-0.0916585243516399,1.0,0.0,23,6,0.0
Hf3i3PcNDemoVSCHXuNIxg,-0.22345517548220828,0.0,0.0,228,33,0.1445221445221445
Hf5d6683-zPMmN0tQWi7BQ,0.03171501755737127,1.0,0.0,68,5,0.0
Hff3OTS8g2nwX7RqCgI6vA,0.4107671557246896,1.0,0.0,28,19,0.0
HgfwFlwjBpP3uGAFMKFXeg,-0.3376424548062721,0.0,0.0,65,5,0.0
Hgjlz4Ekr5rqbLlxNczL4Q,-0.1107423075313565,1.0,0.0,70,26,0.0
HguxlcVKp23-NdBGstw9Hw,-0.3179263086403838,0.0,0.0,10,5,0.0
HgvOxHGHnEway0hEn4jjtw,-0.11792630864038378,1.0,0.0,11,6,0.0
HgzSkvWHctw5pTQVfKNegQ,-0.29978705852549437,0.0,0.0,65,23,0.039855072463768
HiQwgtgkvkqJmZrCyF2jBQ,0.08755916019208032,1.0,0.0,40,22,0.0757575757575756
HidFnrnlxOEbGzg0Xog71g,-0.24249061750915102,0.0,0.0,118,59,0.0459267359212685
Hj44PIrCtv61ETVclzLMwg,-0.23459279699894497,0.0,0.0,1596,380,0.0052080462937449
HkAFa-Sxivmj-QSvJuPiHA,-0.2054944192554875,0.0,0.0,140,38,0.0
HkMjKITEqy0-ekVmCEao0Q,-0.33813618164083914,0.0,0.0,80,5,0.0
HkhqlX-GOrm96yvG3wHZqw,1.0,1.0,0.0,6,5,0.0
HlZK43tRoexaI3pOrJR5_Q,0.3777594751433436,1.0,0.0,74,16,0.0
HlaqPcOkOb7AjLpYU5fsoA,0.023623403036448054,1.0,0.0,33,10,0.0
HlwDNFhRZYMwweAPwioGWQ,0.18901230953941384,1.0,0.0,21,10,0.0
HmQ5jRUuYrRc8cKGIsA6FA,-0.22789919304728778,0.0,0.0,193,71,0.0136932707355241
HmmNzS7wwyeXcvtFP036RA,-0.23515592959078113,0.0,0.0,167,75,0.0479324894514767
HnHsm7SXKiUoNPsYnXdMvA,-0.26809741924571173,0.0,0.0,429,63,0.0153769841269841
HoXdBq2Puaj69d8z6lgiVw,-0.15879696777946084,0.0,0.0,90,25,0.0
Hoe1rNQzFe-5BtuOA3MpYA,-0.0683065397723095,1.0,0.0,35,5,0.0
Hp1nkc3c3Q7_8oKXFn0vbw,-0.12147375850876341,1.0,0.007590132827324478,1383,697,0.0401840073097712
Hpe-2Omu5-U3S2NrouHcdQ,0.06074912581892811,1.0,0.0,45,21,0.0432900432900431
HpgUNMYvOCResSncOjZTTQ,-0.07414660458808553,1.0,0.0,32,12,0.0
HqOdvnCuA5SxRiuf3lNgig,-0.061508517898349324,1.0,0.0,264,63,0.0
HqV4cganalEtEtKGALbzOQ,-0.1941621139560875,0.0,0.0041841004184100415,971,273,0.0243589743589742
HqjKx2lWhVa8jjhPNkkLEw,0.06409024821699472,1.0,0.0,148,33,0.0
Hroul_wxzfjww2z1u7BAHA,-0.2546946090690265,0.0,0.0,320,111,0.0256045519203413
Hs-jwE791t3cX9ErgTcEFg,-0.1028565631217917,1.0,0.0,195,52,0.0513986013986014
Hs6ZiTfYM3pzhfhUNgoIpQ,0.08095582682575997,1.0,0.0,25,13,0.0
Ht66H1iGx0llc7ne81tjBw,-0.38529302154418665,0.0,0.0,236,115,0.0324442820606503
Hu8AaQE2d3Uo6_EGlpVsUQ,0.041828141117018935,1.0,0.0,31,11,0.0757575757575759
HuECL2Vymf6WXvnE1_bvRA,-0.03488063258083651,1.0,0.011363636363636364,362,176,0.0268395278754396
HuUdDS993Qqshv8UA_rRRw,0.0900616737046388,1.0,0.0,124,56,0.0172305764411029
HuqKQA8VZuOzkfbnY1pjvA,-0.12533047847702972,1.0,0.05,209,25,0.0369230769230768
HurIULSux5zziHRXwgS-Uw,0.43350476010984196,1.0,0.0,11,5,0.0
HvFHRwDDu36nBGSyEv81WQ,-0.18264679985224586,0.0,0.0,22,13,0.0659340659340659
Hx7GFPYqTL6Ws11UJZZwBQ,-0.290712164182342,0.0,0.0,155,5,0.0
HxdaEwpoXKll0Ze4nhS0XA,-0.21328904896628464,0.0,0.0,346,56,0.0172305764411029
Hxmr7w2ufU4wsFeU68HnMQ,-0.30517924912080796,0.0,0.0,59,29,0.0
HydbO3DkCWwU8aQ8wi_42Q,-0.04313770727374433,1.0,0.0,98,31,0.0
HygY-4lzhk2qIoemIpjXeQ,-0.2791953083571643,0.0,0.0,160,86,0.0
HymyQp7WQycckFTYXFSGFA,0.29323738730384097,1.0,0.0,24,11,0.0
HzRSWmNxcEVQGrr1tun25w,-0.17425603509275123,0.0,0.0,426,80,0.0347891566265061
HzUJO2v5lUEIeYoOYsdWbw,-0.47657114068943607,0.0,0.004024144869215292,1925,609,0.0524227682077327
Hzw_macg-BQ1iwgdxwteHw,-0.21568480917804356,0.0,0.0,262,141,0.0137876308089075
I13HqIkWfR6CydGbo9xv0A,-0.14643011341778134,0.0,0.0049261083743842365,599,298,0.0162247768401
I1LP0Vg55lwufnoNREE1KA,-0.23874020336245283,0.0,0.0,110,25,0.0
I2Ipf82-rbAwh0I-X9T0gg,-0.002245519859118472,1.0,0.0,12,6,0.0
I3xJD0fXyiokQtb_6sn0fQ,-0.13035828166034868,1.0,0.0,322,17,0.0
I4DJFpNU-SSZImUa7JnqGQ,-0.18417828734925323,0.0,0.0,225,16,0.0
I4GAOtrRYbinmI3zEwqxVQ,-0.3810261200628586,0.0,0.0,507,275,0.0141283805799934
I4TFiNX5gTsJBnEGH2Tl8Q,-0.12740055962447838,1.0,0.0,120,47,0.0
I4cEvMuHycbWp34Ayh57DQ,-0.13390250392226455,0.0,0.0,15,7,0.1071428571428572
I5pKhvba6BZhpHoNqNPkIw,-0.21142511339695347,0.0,0.0,90,48,0.0
I6L0Zxi5Ww0zEWSAVgngeQ,-0.29530610315000416,0.0,0.0021344717182497333,3569,1066,0.0073928887118694
I7SkoqN88fpKagzKA059Fw,-0.2203187950650689,0.0,0.009868421052631578,1595,366,0.0427527857438401
I8KMfyZoEqzLQtChv2X5fA,-0.272071643383225,0.0,0.0,237,85,0.0441506939854594
I9Fwoe-BZ9NGqr8YHVg_pw,0.25673490682724875,1.0,0.0,23,17,0.0
I9or-Qu47AbReJLS43TcBw,-0.13760411483545154,0.0,0.0,39,22,0.0415019762845849
IBNx2iuJOryYzHpn5S96VQ,-0.11333810388243781,1.0,0.0,76,33,0.0285204991087344
IC4r-CreIIONpsXIrvtGJg,0.1367414704196367,1.0,0.0,186,12,0.0
IDU-TR01EtRLCMvI_CcOyQ,-0.2359900670128936,0.0,0.02158273381294964,587,165,0.0498780912574015
IDXLt6-LwcJTIFtKRJhW3g,-0.16747127286211405,0.0,0.0,518,153,0.0064510652745946
IDjYyBrPW5C2CT9mXsyuBA,-0.3045647074944621,0.0,0.002207505518763797,1093,461,0.0420698283543803
IDtLPgUrqorrpqSLdfMhZQ,-0.22519075389683152,0.0,0.014285714285714285,1037,389,0.0291430806018373
IEpeqw4tr5vAXKVj1cdRhw,-0.5467162076292532,0.0,0.0,134,47,0.0390794615718628
IEyDu4UsvIs7ZknW8i4e4Q,0.20582384017730493,1.0,0.0,16,8,0.0
IFIdD8lL7Ul2LHepHryK-A,-0.44965669063106006,0.0,0.0,82,30,0.0583333333333331
IFXqeJTbIUVhtBDPLJ4ufw,-0.0746145096160804,1.0,0.0,23,9,0.0
IFmXNVC3Qj5ZXfAzczle_A,-0.04187752443665904,1.0,0.0,35,6,0.0
IG-FdH40iq-o4aFWIf4zoA,0.0025196262753630627,1.0,0.14285714285714285,27,9,0.0888888888888888
IG1MLst7GcptliBDES8ycw,-0.21990546604124528,0.0,0.0,278,77,0.036038961038961
IGxyVCiLyDhOwC3fDC3NDA,-0.04817193826840682,1.0,0.0,64,14,0.0
IH8_zFDyFDA2RXwUX2CC0w,-0.11792630864038378,1.0,0.0,21,16,0.0
IHhg7wim1CZE7dTGCZ-lag,0.0,1.0,0.0,6,5,0.0
II1ZGMmA0BLGV-EmhPkrEA,0.6464602934348138,1.0,0.0,9,6,0.0
IIcq73oEcm1u_SbXfkLObA,-0.0731365078912557,1.0,0.0,40,11,0.0757575757575759
IIg_XileiB4DRqlTAuVdMQ,-0.31831484696410994,0.0,0.0,422,91,0.0308627542670096
IIrLSevZ85oGWw31AaAOBQ,-0.2280840785349627,0.0,0.0,382,121,0.0159913995834173
IKOtPpMJTtvEkDXMSc_wjQ,-0.21341594141496045,0.0,0.0,46,7,0.0
IKSpkuhsivnbvRPghFHARw,-0.13600096615717316,0.0,0.0,355,29,0.114942528735632
ILgCJSDgPhnPNT8oS5XH4w,0.16009973452394444,1.0,0.0,35,11,0.0
ILyS_g3ogvCkD1-7_A1Bag,-0.16524700099466805,0.0,0.0,719,209,0.0184199294651481
IM-dIO1caJbMcmv6BbozNQ,-0.22586651655655166,0.0,0.06666666666666667,57,23,0.0765217391304349
IMVCi-j2InXt_dJn5mnxEg,-0.10247846063545529,1.0,0.0,52,25,0.0369230769230768
INi3exwj3hUpWFoyEl_OGA,-0.1539597482134527,0.0,0.0,133,13,0.1128205128205128
INnL20cBKWr-XFs8ROH2ww,-0.04234290116826489,1.0,0.0,194,49,0.0195918367346938
IO0zhMADxMmw7NXB2iJbKg,-0.20509103655912886,0.0,0.0,40,8,0.0
IOZrqUQ2Jg6UeQ5CWpsmkg,0.17562104703412096,1.0,0.0,20,7,0.0
IOvJW63nFMReO7mMDqPRNA,-0.24518549359162178,0.0,0.0,50,7,0.0
IP2JfHtz4x2b-SlZ6i2ZZQ,0.14547237613657538,1.0,0.0,36,14,0.0619047619047619
IPYuu24deRJ3P5K498no4g,-0.11372120889598025,1.0,0.0,84,33,0.0
IQ-FUxpwpibrfOpj6d8Asg,-0.2758858153533881,0.0,0.0015151515151515152,2388,795,0.0074341035969189
IQw4uJsiSzLenDFVnM-DLg,-0.10676046486107738,1.0,0.0,211,45,0.021256038647343
IRJvFUVDEfS7YQJaiaV8zg,-0.03185384480778797,1.0,0.0,30,7,0.1904761904761904
IR_uQ6uMY2wMYpasQnQFzQ,-0.24569962863536693,0.0,0.030303030303030304,48,36,0.0497076023391813
IRkQtjBxgVEqAOdtjgi6hQ,-0.21811374202826017,0.0,0.0,133,77,0.0
IRrUGBV4BjumBG3oiRRF9Q,-0.21399578983858702,0.0,0.0,44,12,0.0
ISFFAMis6f9ozFO2MHnuDQ,-0.3179263086403838,0.0,0.0,17,12,0.0
IS_HLZmKQKqCFOHnTy019Q,0.18512570550998186,1.0,0.047619047619047616,201,76,0.0473684210526317
ISi7EprwNSCBAsAGGdyq-g,-0.012604114835451541,1.0,0.0,27,9,0.1616161616161615
IThvWu5a659nF3bk-wzgcg,-0.283119938400877,0.0,0.0,66,12,0.0
ITmpZnJ6ltL-5iaRRSYaqw,0.28207369135961624,1.0,0.0,10,5,0.0
IVBh5jYrAQ363Wd6yMsDgw,-0.04449600784885732,1.0,0.0,497,68,0.0142796248934355
IVfXcPEwLbZFL3B-2U0Btg,-0.2027473968590796,0.0,0.0,429,34,0.0
IVyJwu55f0s42Cg6EWr08A,-0.17172958057018195,0.0,0.0,313,48,0.0
IVzCqHRuvCIeB5Ma2fOaRA,-0.20175586741415996,0.0,0.0,296,43,0.0606673407482305
IWkB--hat1Q1RCb2-JE9xA,-0.2286747918090199,0.0,0.0,113,30,0.0
IXyGZtmODsQZ2qfVzsd_eA,0.3131269601014804,1.0,0.0,9,6,0.0
IYdG3pk8DgIcNHz4khph7Q,-0.07296355985376646,1.0,0.0,42,5,0.0
IZ5hZD_helapxEPWUY29_g,-0.06186808058175597,1.0,0.05,99,23,0.0730434782608695
IZ8MvaGP3O6h7VnpPBhkJQ,-0.2782069036760083,0.0,0.0,40,14,0.0
IZZ7J14VnJGyUqYH1tgT6w,-0.24570915253402936,0.0,0.0,316,159,0.0241540301732454
IZl9xDTwW462FKkwEg7EDQ,-0.19868078830114544,0.0,0.0,258,128,0.0076913759689922
I_51fLQfEbrJoqLEDxssvQ,-0.25651583789924204,0.0,0.0,181,15,0.0583333333333333
I_Sxmx6puRYyLS51RtLqtQ,-0.3228265998881188,0.0,0.0,89,12,0.0705128205128204
IazLGcO9aggJnMMa_5UO1Q,-0.061534484819559476,1.0,0.0,22,6,0.0
IbNiBar9ClyX9hXvto-7AQ,-0.2672641569519736,0.0,0.0,155,17,0.0
IbiG8dVoWZhMBRYVgCCDdQ,-0.028702820664024464,1.0,0.0,15,5,0.0
IbndcMURguByburM72o3SA,0.019662778727821517,1.0,0.0,448,124,0.0445409429280396
Ibo4E5a_nf51egmeFR5Izg,-0.07220087924112084,1.0,0.0,1679,83,0.0437612519041685
IbpTkANgK_6LgJ_DaS94YA,-0.26244445204338107,0.0,0.0,129,38,0.0
IcD4lXY6lT8zZPkGD9Flqg,0.31735320014775414,1.0,0.0,26,18,0.0
IcJn455jAVb9HWfobnNEmA,-0.13752551299367666,0.0,0.0,186,82,0.0
IdIOZSbnLRcN1dG5PDXDeA,-0.2008683137040591,0.0,0.0,1150,318,0.0239225218968244
Idfc5jjr9hGTtGts1KYIYQ,-0.276942198155149,0.0,0.0,73,22,0.0415019762845849
IefEo5kZdwR647j8WBUozg,0.7769412800591017,1.0,0.0,11,9,0.0
If7JNzXZB0S5JMG_kFNg5g,-0.2960314926277686,0.0,0.0,211,32,0.0
IgClD3lC-gRhrUlKaUtH1w,0.16541192008865246,1.0,0.0,17,13,0.0
IgHxhtNeMwhChuRenZam6Q,-0.26038678236300145,0.0,0.0,46,17,0.0
IgNDlyLERBwFGphgcC5VDQ,-0.1772214944232805,0.0,0.0,479,63,0.0573323856905947
Igfj3Cxs3LXB9xB0GEe9YQ,0.16743418341531613,1.0,0.0,30,10,0.0
Ih6_y2nnbg2Jw9Qdc876GA,-0.17138166179162173,0.0,0.0010152284263959391,3876,1106,0.0140539529966188
Ih6pTTWLdFwzG1zhRCuAVA,-0.3857199820455288,0.0,0.0,25,16,0.0
IhCbb8ou59_57j5xEKFz9g,-0.10925112038670648,1.0,0.0,122,6,0.0
IhWg_9ceUBP1z7fvxlA9Uw,-0.17042380337154106,0.0,0.0034482758620689655,1520,357,0.0214266528529218
Iipfa9Kaac9XH5Vo8GQwvg,-0.19263258927626847,0.0,0.0,58,10,0.0
Iiybta6qLb25oakRiS9oLA,0.15960399202618447,1.0,0.047619047619047616,141,21,0.0786749482401656
Ij5cfoShFFmDWVPaSGitLQ,0.09850433919820867,1.0,0.0,73,5,0.0
IjF6swxGAObtg1kR5swLBg,0.036320536114453406,1.0,0.0,69,40,0.0237804878048781
IjMs1n7UelI7ev_5IDl5kA,-0.2571661886253126,0.0,0.0,1967,419,0.0205763611625366
IjZjDGRVXFbT22Om7zJlwg,0.16442114680754816,1.0,0.0,18,11,0.0757575757575759
IjjUbIP7plAbNVV8o337xQ,-0.10578480348925756,1.0,0.0,63,16,0.1480263157894736
IjtQu81tebi_pLWdubVBeA,-0.0005360968054661797,1.0,0.0,546,114,0.0327088908712458
IjulL_5PvUyJJyIHNQtu-w,0.5286137245797516,1.0,0.0,15,6,0.0
Ik878rI6t1MCHf5wMKRwDw,-0.13809861812221014,0.0,0.0,151,75,0.0369230769230768
IkjBNJvMZhea1c3j2H2Ahw,-0.13841875818054883,0.0,0.041666666666666664,388,31,0.0302419354838709
IlAvhYscM3UyY5hzBPBlUA,-0.25558327237866924,0.0,0.0,258,72,0.0
IlJ34JsYt_A218sR8edxxQ,-0.07551468472084355,1.0,0.0,290,24,0.0
IlqNE_IDhqRrHAdfCItKwQ,-0.5460649157100034,0.0,0.058823529411764705,42,22,0.0415019762845849
InGDZzyut2RLtPv5FPiLnw,-0.1593423433996911,0.0,0.0,81,32,0.0551470588235294
InI2O9i59galnR563-A9oA,-0.2396569410855196,0.0,0.0,110,19,0.0
InUGeIEPNX8WqE7BIHSvZA,0.16893924112168024,1.0,0.0,91,46,0.0
Inii0yZxsG1KMahiZ47Z9Q,-0.22969412898708874,0.0,0.0,593,163,0.023364314316153
IoHOUGETebGrG3oDGSoAdg,-0.5676192945572803,0.0,0.0,54,14,0.0
IpCgkwUJ0UizDzvVCdnHow,0.09674059319398731,1.0,0.0,16,9,0.0
IpfLdeexrKmIsQlnoW9B-w,-0.38538559393193406,0.0,0.0,55,39,0.0243589743589744
Ipkx4Sa7ybn8C6LtTqTztw,-0.1528204117020756,0.0,0.007306889352818371,2860,1140,0.0369316751795101
IppdfayfahhTBhCt3RID3Q,-0.10792997880196842,1.0,0.0,74,45,0.0
Iq7LZi_MCUg8xAfboc_r7g,0.2927580532171744,1.0,0.0,41,15,0.0
IqocLKWSjSCCRakMon52dA,-0.24023338519888204,0.0,0.0,165,33,0.0
Ir4-CFGZDfloJkUMax13Og,-0.18462099581527402,0.0,0.0,78,8,0.0
Ir5e0r9HM798lqIYP1D9nQ,-0.19654974786672752,0.0,0.0,191,118,0.0320922478466241
IrKk13yo5Wx8rAjlN-PZMQ,-0.1689335747170868,0.0,0.0,602,167,0.0173300457907714
IsS22La1wik7_VENzLO8uw,-0.45383849710722995,0.0,0.019230769230769232,145,84,0.0227021040974528
Is_6wfNjL4Qy2kw9u56jIw,-0.04879396631387689,1.0,0.031578947368421054,244,124,0.0306199596774192
Isaf9-x5hdXWX0cvboGTMA,-0.08288067187736448,1.0,0.0,99,23,0.1223832528180355
Itg5hXat9PkPVX4cITJBSQ,-0.15176154060492275,0.0,0.0,17,7,0.0
ItgkjSjo5rXmnBH3Vww_Xg,-0.12841312836348961,1.0,0.0,924,47,0.0
Itwlyh07-B1CBvreY4ixjw,-0.18748693724445675,0.0,0.0,249,94,0.0104143337066069
IuJgOIBjBBVqG6lExeq3jw,0.6464602934348138,1.0,0.0,11,7,0.1071428571428572
Iy5NjdEmvreKhE43k5nV1g,0.12764375896020774,1.0,0.0,19,5,0.0
IzKWd5VmKcwlxK9GWBuohA,0.1712971793359755,1.0,0.0,13,8,0.0
IzyQVIJG8JAnOiRQPb0-wg,-0.17568487584485004,0.0,0.0,463,208,0.0272286125089864
J-Gfo-YKtgFPSgCBZbT88Q,-0.15932297834746856,0.0,0.019230769230769232,1113,64,0.0904489436619717
J-ciDDEdIHMcChGIyKZnOg,-0.44473329359756975,0.0,0.0,540,241,0.0491390858300389
J-iale4ilYuAXjnfLyYl1Q,-0.18672809367273913,0.0,0.00904977375565611,1246,256,0.0458730250929368
J0E_GEsvDNS3I4TEfyKdtA,-0.04565119096824455,1.0,0.0,20,11,0.0
J179GmDalU-NgZ7nhRwBYQ,-0.13023504941291553,1.0,0.0,501,105,0.0940984940984941
J1YFY4tPH3JmwfM4o0p_Ig,-0.3905484660631494,0.0,0.0,124,38,0.0
J1gnPAaw-LoW6khm6P9UOg,0.0,1.0,0.0,6,5,0.0
J2Jl-zmU7bjKsc9JZ65c-Q,-0.025213109034811887,1.0,0.015151515151515152,542,146,0.0605022831050228
J2MWrGso6tBzALV_UMI5RQ,-0.18832441530667032,0.0,0.0,591,118,0.0654610970238889
J2U9qjn7klpeDBtua0bCow,-0.3213969340800191,0.0,0.0,44,33,0.0
J3v9wfVtxcQ2DZPXgE8ksA,-0.0505863165660031,1.0,0.0,36,6,0.0
J4CrtqHDH4LAyDd001cD9g,-0.32446803328587376,0.0,0.009708737864077669,489,335,0.0172801680745831
J5CxTCM9nL_s-qYByTiNgw,0.41541192008865246,1.0,0.0,11,7,0.0
J6bDpaw9QQ3qqncfIK4StQ,-0.2823742400724185,0.0,0.0,309,78,0.0563793636082792
J7TNypXgpjMFS7Rp3HXYuA,0.25876849592341145,1.0,0.0,40,8,0.0
J7TZeIXaJFgrSIZzAjQMsw,0.3874798667484465,1.0,0.0,12,6,0.0
J7_B_oDTGbFm4fe0Uy--lQ,-0.2736658993217989,0.0,0.0,1510,398,0.0399043409820185
J96Q1F6TamXl5FCp4wDeoA,-0.29274230681612967,0.0,0.02857142857142857,289,56,0.0172305764411029
J9Bc1bZuxGo2VtAo-txgRA,-0.2053676598201567,0.0,0.0,400,141,0.0268036194668623
J9TnylMqNS62wjKVtnc1ug,-0.22964906801098206,0.0,0.0,69,32,0.0293560606060605
JAMmjTFdUGBpV24K1riSjQ,0.16541192008865246,1.0,0.0,17,13,0.0
JBYKW1ZEt_lryYanq2O-_A,-0.41134388529183363,0.0,0.0,78,10,0.0
JCX4onyDxlYucChUTq9_lQ,-0.24261067890739751,0.0,0.01904761904761905,725,118,0.0534915254237289
JD2SkbWJFpKyMZjqzT8fdA,-0.18227833258115556,0.0,0.0,33,9,0.0888888888888888
JD4yd4N8HCDziaJKJXk2yA,0.3038825601182033,1.0,0.0,9,5,0.0
JDZ-yr0SpjMoawlDeke59g,-0.27057189196666487,0.0,0.02127659574468085,406,118,0.024443199327637
JE4gQjflWbg9eg3CSZvAVg,-0.3564422359151317,0.0,0.0,18,7,0.0
JFY8k6JOc-iz1oszqHFgCg,-0.25816364876795883,0.0,0.0,61,18,0.0
JG0MsBKH1blxSzOgg2HjQA,0.038793773518541075,1.0,0.0,30,5,0.1333333333333333
JG98smIWipytmzzvo4lBTw,-0.07055381401342842,1.0,0.0,57,18,0.0497076023391813
JHZ9LdG-V9yEcmT2UiBeDQ,-0.3366487501672316,0.0,0.0,219,69,0.0273525209226372
JHxfEDW05_KSTfk-SLqXGw,-0.14156440753657473,0.0,0.02727272727272727,571,383,0.0555680294583689
JIMo4CQNZiLYa8Tak4EFiA,-0.13624768806539778,0.0,0.0,28,11,0.0
JIf1gHuAp_abYX7i1b2Y-w,-0.3592294178899731,0.0,0.004329004329004329,809,285,0.0296455424274972
JIvfg4W979rqqfGDRD4MXA,-0.16108258734957093,0.0,0.0,54,18,0.0
JJ6tYuw5Ms_r58DhnMtOCA,-0.35513303681399677,0.0,0.0,490,86,0.0113605987703822
JJMMayeZruzAA_nKAYQTpA,-0.10951585607124836,1.0,0.0,59,33,0.0791245791245791
JMlxN6__cSV60gu8LZ-fyw,-0.0892257922510914,1.0,0.0,20,9,0.0
JMnK4PX12ygMSDe9pnL_KA,-0.07888184978322077,1.0,0.0,77,8,0.0
JNHEadNYIm5eY_4lTjmISQ,-0.07128533008710525,1.0,0.0,106,43,0.1386228910168718
JPTxxPgVUEkb9BJlO6PAhw,-0.202496296889626,0.0,0.0,246,56,0.0172305764411029
JPm93BlP-UHYPqFgK66JUw,-0.2531622527933256,0.0,0.0,240,70,0.0393346379647749
JPmd9szvz_YI8_LtcwixFw,-0.2705064096588624,0.0,0.0,91,9,0.0
JQUQ_wa8JIiSe3YIms6b6A,-0.19934934744365274,0.0,0.0,55,8,0.0972222222222223
JRBfLvTRf8umVgq7ZSOm9Q,0.13746194737143658,1.0,0.0,24,14,0.0
JR_at-dxUfPAfaMEHJNk-A,-0.22152446257042535,0.0,0.014492753623188406,228,131,0.0221032243363337
JSpgAY6fzCFU4F6_A-1rOg,0.29091564955278393,1.0,0.0,117,37,0.0716216216216216
JTHHrV0VO99HF7lfazZpOw,-0.1787339704212902,0.0,0.0,22,5,0.0
JTgckf2Va1qeHA-4iEwSQw,-0.39762613242872674,0.0,0.0,102,47,0.0203900709219859
JU6I33iIJw1UsYWXlaGLWA,-0.17934062064386086,0.0,0.0,19,6,0.0
JUamG9JZEHwFDJGXLrgIFg,-0.2299026307579879,0.0,0.0,53,16,0.0
JUiwOZynj3Wid_spJoxUug,-0.09547357338430396,1.0,0.0,83,41,0.0
JV99g4Lth5iSt0HukavSiA,-0.1580993297986708,0.0,0.0,39,15,0.0
JVZ_c3k01uAIas5B61iISg,-0.20870707468540672,0.0,0.0,1369,382,0.0152210287688236
JX4tUpd09YFchLBuI43lGw,-0.15374058963296666,0.0,0.0,27,12,0.0705128205128204
JX8KhTInMNfQVs4Fn8mSSQ,-0.23332981755897764,0.0,0.017699115044247787,475,157,0.0407798663973901
JXF6HNeYFduO6QzsjjkKCw,-0.4287028206640245,0.0,0.0,12,7,0.0
JXhIz744GI7U_ereD9Nf8g,-0.228132259385097,0.0,0.013100436681222707,929,281,0.0300404957663515
JYHpxP4OOohJqujb7PisSA,-0.4619128315532441,0.0,0.0,75,35,0.0269841269841271
JYlNxP4j7LX59o9gNaKnKg,0.008954638934878356,1.0,0.0,12,5,0.0
J_U_Cx2DiKH0t5Ue6KpcnA,0.024104364131756095,1.0,0.0,31,9,0.0
J_w5J7dgRpyB4GFiBJIDIg,-0.11836749624137055,1.0,0.0,287,46,0.039855072463768
JaBxw6oXYaizlh5Y_DoKkg,-0.20621802006276935,0.0,0.0,39,18,0.0
JbI8R-Mjrn_kG7zBObj4vA,-0.11969430072147824,1.0,0.0,799,36,0.0705128205128207
JbJmkmPZtz9OlKcs2pUTaA,-0.15002900908005956,0.0,0.0,88,54,0.1343327454438565
Jc7nrhpijP6xSGFxIu0uiA,-0.17337611452138169,0.0,0.0,73,24,0.0
Jci_xPpsvVqhBNJ9oHA31Q,-0.3341604865661456,0.0,0.0,68,28,0.0
JcoZFBA7S6X2SQEjfCKwpQ,0.026745545640258883,1.0,0.0,37,16,0.0
JdiS_2HdAMtBprXgX0zkqg,-0.22475880543164328,0.0,0.0,121,16,0.0
Jdu628pzztBv0gzQ-FC3NQ,-0.1115345859161736,1.0,0.0,64,48,0.019982993197279
JeoIxdzt5E3QXT1KHXR2oA,-0.08713472715872583,1.0,0.0,99,37,0.0256045519203413
JfEvhf0cSyjeh82be2KeTQ,-0.06568134579240315,1.0,0.0,48,26,0.0356125356125356
JfSwHJ2KfWRXHsPSeh_ekQ,-0.2253042398000168,0.0,0.0,39,27,0.0
Jg9kkOl4sx2AXJVohbpSiw,-0.5776327670972781,0.0,0.006329113924050633,1285,593,0.0209818620985202
JhjHlvSgBqD-o8-ahT0ccA,-0.3007305092496712,0.0,0.0,43,14,0.0
JhrvtLpCEQcYrZLbb6CZGw,-0.2558501514296725,0.0,0.0,101,16,0.0551470588235294
JjR-spxq6lVpIXHPrFKy7g,-0.20714979661674304,0.0,0.0,16,6,0.0
JjSmcvva7SMj6-iXy1dYBA,-0.24545305444950405,0.0,0.0,108,37,0.0
JjUsoFUCDHsEloj6Q83aFA,-0.2635265267347934,0.0,0.0,251,70,0.0269841269841271
Jk7abQBp7BTOt7c5F88Jwg,-0.19166395922567858,0.0,0.0,89,20,0.0
JkBiCY04rSSAa7qrawqUsg,-0.18284528322041932,0.0,0.0,513,165,0.0230948538640844
JkJ9Ui_55OyXI04L6JOpjg,-0.4907016036845105,0.0,0.0,72,30,0.0
JlxvJPucR0TygeXiIYtrBg,-0.10403927334686758,1.0,0.0,245,36,0.0
Jmlqb5UYfygtUXugrpywjg,-0.2674266553249619,0.0,0.009615384615384616,699,123,0.0650406504065042
Jn5nZ0b-cdBS2xHnF4msug,0.3865267397931256,1.0,0.2,54,12,0.119047619047619
Jn8bQ86NMVlCG3tY0YVLaw,0.02288619371612388,1.0,0.007042253521126761,616,189,0.0297924297924296
JnFpgav_bgPN6aSJDYpzyg,-0.13230685918611018,0.0,0.0,96,24,0.0
JngvCO_EWSG5r3Mcy_5_9A,-0.17721290865141004,0.0,0.0,622,24,0.0
Joppbzd7vmiLj0Uhs_fdvg,0.0477502586195771,1.0,0.0,35,22,0.0757575757575756
JpH5dhrs9nB-DEoX2dbZwQ,-0.3229239205154698,0.0,0.0,88,26,0.0994694960212201
JqvkVi-aiTjdfdp4wP8XIA,-0.1181538073906977,1.0,0.0,58,8,0.0
Jr5hwzjNwr-VD9pVWOFa7w,0.5721073867878477,1.0,0.0,12,6,0.0
JrG4NINLspXPNhSXg7Q07Q,-0.44560675845532566,0.0,0.0051635111876075735,1828,716,0.0385295130828102
JrRs7f-6LVTDOwtYjZR6zg,0.10392260508898843,1.0,0.0,33,16,0.0
JreLMvu6O-Ul4elrFKDSnA,0.211143247391545,1.0,0.0,73,16,0.0551470588235294
JrlYnMIFLq2NWLk9EbM4AA,-0.42969755604267024,0.0,0.0,100,44,0.0
JsRBXqGj0qeMv77sNXha2Q,-0.18398367314861486,0.0,0.0,726,191,0.0102541844125545
Jt8hjWJzGM0m5r5xFd6OlQ,-0.11832575705017301,1.0,0.0,70,18,0.0497076023391813
JtLgjIFEPqw38jTqn1H00Q,-0.17216032453848495,0.0,0.0,546,73,0.0597119775201966
JtY9OkVp8lfdFVTahNjHdw,-0.12194609769327425,1.0,0.018018018018018018,266,160,0.076508620689655
JuWE5ywjzZetPaanM8QQfg,-0.23363692816172865,0.0,0.0,106,16,0.0
JvUu_Iez6nKIv-1a6UnBww,-0.06335859663699961,1.0,0.0,93,24,0.0705128205128204
JwBTq6IOFH97b9Hr6RT7pw,-0.03659876986075017,1.0,0.0,13,5,0.0
JwKs0t30KXFg1B-Pnm5FKA,-0.15621598625878008,0.0,0.0,932,215,0.0345395765981852
Jx2AoB_IQOUrZ3s6fdAUSA,-0.16515985305418024,0.0,0.0,902,219,0.0302258859659756
Jx57H8us3w9UNtNyS_D28Q,-0.09076698858602361,1.0,0.0,56,14,0.1071428571428572
JyDpriUoqv9kUU3VroNfAQ,-0.14621524598980495,0.0,0.0,501,42,0.0227021040974531
JyOfFuVEGnhLdoN3K1WewQ,-0.25070758453368286,0.0,0.010416666666666666,295,126,0.0772216429150736
JyYT5phFLg3BESNL-WXf4Q,-0.10851361750133182,1.0,0.0,968,68,0.0522875816993464
JyyfpkiQXTWOIhd7YCqjUg,-0.2653527598965721,0.0,0.0,15,7,0.0
K-jkw6HUZIGlBjOiYmvvsw,-0.0794998617609528,1.0,0.0,1012,82,0.0232288037166086
K-xbMAQYJKC5HlpvC0lnDg,-0.12234736335798124,1.0,0.006756756756756757,872,184,0.0208140610545792
K00KiknORCOQdIhMisBjbA,-0.37288729316438984,0.0,0.0,53,29,0.0
K1NdCTaJWK1ezkZpPyB7-A,0.35763028721037116,1.0,0.0,108,46,0.020814061054579
K1VXSfSmxkLe2BrQ8yG9Og,-0.014016573563192414,1.0,0.0,48,22,0.0
K1h9s1n2679DxUM2cuMZXA,0.4074562184428,1.0,0.0,152,31,0.0
K2CdyUamZALB_DXQT2iU_w,-0.015291433389332254,1.0,0.125,47,16,0.0972222222222223
K2KJKuC1J4U5WS6Y-9ZWRw,-0.11383466241341922,1.0,0.0,121,8,0.0
K2Lr663S6apbfMY7b0WLXg,0.244848995677729,1.0,0.0,23,14,0.0
K2kdQAsB70WxDQW-6z1Clg,-0.09193600036542438,1.0,0.0,102,7,0.1071428571428572
K3RURR9lIEE4JjOaPt99zg,-0.31439981219984797,0.0,0.0,3455,1176,0.0220303832256094
K3TITXVTmZcBJdWLeU0LeA,0.01562535543628285,1.0,0.0,142,53,0.0
K3t9JDcutfnkivCOL-fMrA,-0.361732671616617,0.0,0.0,475,212,0.018169112508735
K4DVDHmrSoz3QdVGwjrqaw,-0.15457802343740268,0.0,0.018867924528301886,174,65,0.0149184149184149
K4TlU26IH19tM_VvTMnpyg,-0.3297994183521093,0.0,0.0,234,41,0.0442427680090753
K4iZJUamQfWj9SyiT0udJw,-0.3733890007251165,0.0,0.0,133,76,0.0490131578947368
K51bVqlGcpTMDK3-SDkBeQ,-0.12350920514991248,1.0,0.0,235,80,0.0237804878048781
K5WTakHfyimdWZ87QJJPUg,-0.1560689197852415,0.0,0.0,30,6,0.0
K6c5WJDRDTjzb8eCcn0dGg,-0.33027481709234807,0.0,0.0,225,13,0.0
K6rN4W4ErLVItpH_nIZncg,-0.08193695490087005,1.0,0.0,144,59,0.0459267359212685
K74RHoIbJG_kIi9RsxQQcw,0.05486258516419851,1.0,0.009433962264150943,828,259,0.0222626939608072
K7KHmHzxNwzqiijSJeKe_A,-0.29834366545092766,0.0,0.004893964110929853,3990,1485,0.028559230650734
K7cmAUWUebwIyminFIHqIg,-0.026583985841333146,1.0,0.0,355,42,0.0619047619047619
K83AQ_2U1Fuf_TIF-fRRXg,0.009404694205822905,1.0,0.0,97,28,0.0
K8NZT_j5bCCYvByzXFLe-g,-0.08715154711513384,1.0,0.0,47,14,0.0
K8O71Tb6xcza0g1MU608ag,-0.3226044315414196,0.0,0.0,725,230,0.020814061054579
K9gaM9XdGqGWsQMdjpxFIQ,-0.08068888566605115,1.0,0.0,118,15,0.0
K9urrbEJ0xjKiZ5nCdv9xQ,-0.30899810031906993,0.0,0.0,265,27,0.0
KBNMK2rD7qrLUm0Mrwa_Hg,-0.08456144253314801,1.0,0.0,143,36,0.0705128205128207
KBtJ98QUDu3LCESV33YxcA,0.09240047015698016,1.0,0.0,53,9,0.0
KBuoxDEsxLJvr2QctPRkLg,-0.07343972397081955,1.0,0.0,222,16,0.0551470588235294
KC49N2P4g9_EJ-NV7vE_8w,-0.24472795390417734,0.0,0.0,900,46,0.020814061054579
KD20H4BiOqSaw-0n5LsV1A,-0.16622560472922954,0.0,0.0,168,21,0.0
KD9-X5AykKmiZszrMepjhQ,-0.24868788959624022,0.0,0.013565891472868217,2325,598,0.0587226915463894
KDOChZhZt7AvV_QuxXMDrA,0.056775724939011285,1.0,0.0,63,31,0.0
KEA0YPercPSPYh1JcpkV2A,-0.18601779244586547,0.0,0.0,68,22,0.0415019762845849
KEIZyGFin1q2zcR9SIS_Ag,0.03563284012165957,1.0,0.0,123,21,0.0432900432900431
KF1RRfSjz9ljpNXiuMBDCw,-0.13498187906709935,0.0,0.0,34,8,0.0
KGS2i9T0-WeNw5_dXSOoGQ,-0.0011244170661732777,1.0,0.0,177,25,0.0
KHmgjAWfrj3MZKGY1aArFA,-0.26178282118257207,0.0,0.0,226,63,0.0432900432900433
KHuc3PjQwmIUlMmdpTnfZw,-0.20967900061707534,0.0,0.020833333333333332,235,67,0.0144863915715538
KIjJP6D4u3aqRvb7e5w5nQ,-0.10195525314350617,1.0,0.0,14,5,0.0
KIpghikMrBbxx75tx_ZJUw,0.34576892907394385,1.0,0.0,31,13,0.0
KJFBsKNGldwoWZJtt8XgkQ,-0.12451624499746639,1.0,0.02564102564102564,167,39,0.0243589743589744
KJd4UY9fWiofipNaZOS_7A,-0.011553352210388668,1.0,0.0,47,24,0.0383333333333333
KJuskPXc4XFTto92HPz1aw,0.4672472000978912,1.0,0.0,33,23,0.039855072463768
KKWQ-OyBDSEVtPQGt3yxiQ,0.06091674048636664,1.0,0.0,75,44,0.0217171717171718
KKjpJcDsgRGdNNhgUp5wYQ,0.16750021585661,1.0,0.0,207,58,0.0
KLBWUdr0nrrK2mPBj0qg_A,-0.1261400420525377,1.0,0.0,116,56,0.0
KM602HnwBiUYkRtSML2dzA,-0.3053921020236916,0.0,0.0,66,26,0.0356125356125356
KMBkUpq_7uGF20EmXQS1bQ,0.49775448014088153,1.0,0.0,18,12,0.0
KMfIryKytcLLRKZjW-bWZw,-0.1889736925202984,0.0,0.0,14,7,0.0
KN0IJPxZ6bwVYmqLcAfRdg,-0.22088474632872046,0.0,0.0,78,20,0.0
KN10CbKTJZVS_2abtMtAkw,-0.3144645717763187,0.0,0.0,353,128,0.0223640267175573
KO8GkU3J9W18hMR5Jn7t7g,-0.009954896469518304,1.0,0.0,30,5,0.1333333333333333
KOXS3nJm-e5E5MwQ6Pfrlg,-0.14106430180349716,0.0,0.0,78,15,0.0
KOkkX1YK0kRuxysrwsUD7w,-0.218852604817655,0.0,0.01818181818181818,285,120,0.0383333333333333
KOprnHl3K-oXWszxZKESow,-0.13713543466749678,0.0,0.0,160,34,0.0277310924369749
KOs2C0M-S6ipm8LJUhXLTA,-0.28046422183134,0.0,0.0,183,45,0.0
KPnJ3hdHljTWbsq_mx5oZQ,-0.34443230486572846,0.0,0.0,62,11,0.0757575757575759
KQ3nXee8hW4GCUEhr0EeOQ,-0.27825692538368574,0.0,0.0,84,21,0.0828157349896479
KQk4DebCDK5thbOhMl3FZA,-0.16705454785627838,0.0,0.0,222,52,0.0513986013986014
KQl_VeezUtEZZYTGVnaUBA,-0.2224560173486697,0.0,0.0,533,48,0.019982993197279
KRc2irAIY3pgGlV0p4znmQ,-0.1634181742385301,0.0,0.0,249,19,0.0
KRp5xFDLs8JzuqEQgN0oUA,-0.1198813376685679,1.0,0.0,68,33,0.0
KSEBjuFKPnbeQ6TAgJL7sQ,0.7769412800591017,1.0,0.0,11,8,0.0972222222222223
KSaur56waK0T5SEKcy5AIw,-0.14477437357427092,0.0,0.0,335,86,0.0517505750063889
KSi7EYVE7Xziq4uxH9gHiw,-0.23155660992147842,0.0,0.0,112,54,0.0178451178451177
KU4Y64Xo98dadz3umx41zw,-0.19306696818486058,0.0,0.0,764,206,0.0186777623670828
KVamI4hQmsT-r91PmCPh6w,-0.14169655566086026,0.0,0.0,42,17,0.0
KW2Ma_0uVm7KmBJhMI_yFA,-0.19654021463290505,0.0,0.05555555555555555,124,45,0.1141612200435731
KWGyIzQMILsT0Zx6slvBNg,-0.23520828217611056,0.0,0.0,1091,215,0.0388289036544848
KWIapYSSHxfZ1NQFpV2S9g,-0.31879293724819596,0.0,0.0,790,304,0.024966261808367
KWIgNJwWWS34AvGaC0HdYQ,-0.15609802817989904,0.0,0.0,738,53,0.0806766428106702
KWKtIQ2-JvyVwYCc-PFHDA,1.0,1.0,0.0,6,5,0.0
KXVn1sHOBrLvARWYUhI-lg,0.4618327733954126,1.0,0.0,9,6,0.0
KXY-Ff8ji6FmVMEDw5Xc7Q,-0.007149796616743087,1.0,0.0,19,9,0.0
KYFJ7qh7bYYAsjnGrhH3NA,-0.23658395093053874,0.0,0.02027027027027027,1314,182,0.0501373626373626
KYPhGJIibu_7ePIX4HNs6A,-0.2764212366445021,0.0,0.0044444444444444444,487,275,0.0433080808080807
KZNgXQJ9Qq2LNi_xOebSvg,-0.31514407029983416,0.0,0.0,393,74,0.0256045519203413
KZl-0F4hKwhKSLPmT-A6dw,-0.07252725542552874,1.0,0.0,186,122,0.030705178246162
K_kRU8j8th6yBeLbI94pJQ,0.2799214004485048,1.0,0.0,20,9,0.0
Ka-js9Fn1yRGcyy3VBDPDg,-0.19883912356930677,0.0,0.0,282,29,0.0883620689655171
KaKoNWZGzYgI9RfubGJZBg,0.15673918711275392,1.0,0.0,173,12,0.0
KbrWEdC_jbn1lOLk-M3mHA,0.09879855167115392,1.0,0.0,116,7,0.0
Kep3QUZd96oyuOX5vX9evQ,-0.41887919733192136,0.0,0.0,1662,500,0.0389059500959692
KfBpr_NoldM9w0CugY32ow,-0.14509704043211746,0.0,0.0,158,27,0.0
KfDQ7xhzuMJw7Z6okAwvow,-0.40597681858520274,0.0,0.0,227,76,0.0364756828780814
KfnMkNJrQQMmqNs34aAXBw,-0.18601842507945798,0.0,0.0,51,19,0.0
Kg71HUigI1rnY3UMFiLx0w,-0.07833436951674344,1.0,0.0,139,67,0.0281202682240968
KgT-7ufhMfSgboGenmIGBA,0.02415831268763291,1.0,0.0,131,79,0.0
KgWwa6g40OK1lgXAktYo3w,-0.22870282066402448,0.0,0.0,20,15,0.0
Kgxmyd6epSRqTJGl8EtEwg,-0.11908748560384164,1.0,0.0,932,35,0.0509652509652511
KhBUg5QhBYuK8RZAe5gDMQ,-0.3955537477399653,0.0,0.0,1885,360,0.0387185185185185
KhHSgq56m6lqmVwBezyqcw,-0.12816734726479595,1.0,0.0,126,20,0.0
KhPuIle_oLlKhz5pRaUA0w,-0.05358597982538682,1.0,0.0,19,7,0.0
Ki-RQ-Q7dL6MScuUCCz5qw,-0.09789393348474196,1.0,0.0,85,32,0.0293560606060605
KiE0h68HGOO7ZXAqkMBdiw,-0.044198177252198434,1.0,0.0,506,35,0.0269841269841271
KiNB06Y8hcrIkTbF3XEexw,0.49775448014088153,1.0,0.0,13,7,0.0
KkA7sTU3YovKzBmgqxrGRg,-0.3172131272543046,0.0,0.0,112,11,0.0
KmyzlQ4zhlTHw31fwxqo7Q,-0.1235820574776142,1.0,0.0,67,6,0.0
Kn5fJYNiEmzdOgcRgs73zw,0.11983311895893156,1.0,0.0,34,19,0.0473684210526317
KnWJ1iJWZ_tbQNlXDFtVwA,-0.2419506636215365,0.0,0.0,687,52,0.0948275862068965
KobS8yqBelXH11gaIhZJSg,-0.2660954660445587,0.0,0.003952569169960474,1044,258,0.0076326774001191
KpXLSMHoozqN8eWzpAUJmw,-0.06168655473483753,1.0,0.0,75,25,0.0999999999999998
KqUinf0QEeiZdxko2dFEsA,-0.34579413165618067,0.0,0.0,592,169,0.0281575188736991
KrJcaM7Fh-NClOIXfB-s4g,0.7769412800591017,1.0,0.0,7,5,0.0
Krtxh1w4-vgZikis6LkAMQ,0.2797404160946755,1.0,0.0,58,16,0.0
Ks3uMmqFr8b7RLsidq1g_w,-0.2515360788975084,0.0,0.0,316,55,0.0501567398119122
KsJP_BEXKQV9nvOmTbgbVQ,0.2825283475267768,1.0,0.0,24,10,0.0
KsUimGJMBc7hNcNtZVrvRw,-0.1594134950974596,0.0,0.0,53,19,0.0
Kt4NZ9IXvRCHI8qvV0h8qg,-0.31533276105652086,0.0,0.0,571,144,0.019982993197279
Kta3IXWH8TjCBR-0mE5vgg,0.3131269601014804,1.0,0.0,8,5,0.0
Ktfl6gzqp4kWBYCpa2r35g,-0.3902526639243934,0.0,0.0,470,120,0.0311827956989247
KuAaIZIACr2uMSK1UDtueg,-0.21992983148084544,0.0,0.0,250,130,0.0149184149184149
KuCqZJuqs7EEWzxeZ3w94Q,-0.22069101405852753,0.0,0.0,31,19,0.0473684210526317
KuKZc8RDUJdNCbYRQjkFEg,0.795166106728746,1.0,0.0,19,15,0.0583333333333333
Kul4eM5SoI36a0jWk5Zu0A,-0.2059921643089423,0.0,0.0,218,70,0.0138832997987927
Kup9m2JnUJrnnULc9zjDQQ,-0.13068524259329883,0.0,0.0,357,101,0.0371522866572371
KwJY9y6ss29PCkL52kRxzg,-0.25223845267445755,0.0,0.0,112,30,0.0
KwWmZOV6q6GTva8j6h05Nw,-0.32927892090525285,0.0,0.0,76,26,0.0915119363395224
KwilllahEB9FznFr0utYvg,0.0,1.0,0.0,7,6,0.0
KxQca9d-9Rrn5STR_y9soQ,-0.1862674502224808,0.0,0.0,71,34,0.0
KxmOJPeNaUrEcKE1-p0huQ,-0.15102615741790038,0.0,0.0,143,27,0.0
KyIkx19f_s99SvHD2Jz4OA,-0.13775578989622117,0.0,0.0,60,32,0.0
Kybc9ifWDfLGUt7QObEFVQ,0.12765917182600506,1.0,0.009345794392523364,933,235,0.0322213466421505
KyxAss4DMrT_GMzcOLE2yg,-0.0530804466535294,1.0,0.014925373134328358,173,111,0.0256045519203413
Kyzpu6B2laW6MYJFhRoPOQ,0.6464602934348138,1.0,0.0,14,10,0.0818181818181817
L-UeDOl6WfJWdpWePuVvPA,0.007076873670778805,1.0,0.0,94,15,0.0
L-wv-QK9VoUZX6zUcJwSSw,-0.1673678836654775,0.0,0.009708737864077669,683,274,0.0815571776155719
L0A7KsCubmUscVet0pv8sg,0.04676560091801929,1.0,0.0,19,6,0.0
L0sPQtAKX2V8HDCw5Yn9UA,-0.06073790897544595,1.0,0.0,379,5,0.0
L1DN799Mg7DS3XfsI3FHKQ,1.0,1.0,0.0,7,6,0.0
L1f5JTTFDIEMkkTBSgof0A,-0.2802403496595721,0.0,0.0,20,6,0.0
L2tGLS6O9bwVbHWKJbEhRg,-0.524422048259916,0.0,0.0,89,35,0.0269841269841271
L3492THPX3WRpAKoPktqMg,-0.026248595878989645,1.0,0.0,49,26,0.0356125356125356
L3QX19EWlkS-clS68Boydg,-0.3531598771355091,0.0,0.0,1326,216,0.0135083713850838
L3u4I6wHtwMQJ-ZtvfrkkQ,-0.38151843679275305,0.0,0.043478260869565216,80,36,0.1104336043360434
L4JFBsgfLZIL9SJ5uxXgJw,-0.0645343267268762,1.0,0.01694915254237288,200,103,0.0095220313666914
L6912HNcx8iFWEyyN4cijg,0.06735320014775414,1.0,0.0,20,12,0.0
L7mbUPFMAfetY0fzuYtZ_g,-0.36387688520854894,0.0,0.0,33,7,0.0
L7r4uOZT58z1Vv-rGlSZBg,-0.36514025988482607,0.0,0.003401360544217687,1083,305,0.0482712833869567
L7wxpQOteDpED0zcn4hsHQ,-0.007692187687028729,1.0,0.0,141,59,0.0591875168146354
L8RfVsIAvNPCKlp5fJkoHA,-0.2859614362881695,0.0,0.0,56,8,0.0
L8_JnkQUdlUEc3QPs7H98g,-0.22305871994089835,0.0,0.0,11,9,0.0
L8rhRyXtpq2nCE0il1KN_g,0.1965389909344739,1.0,0.0,86,28,0.0332512315270934
L9CFXQbU79r6PK8Cy9aAgA,-0.12644336177909155,1.0,0.0,627,297,0.0434137733173101
L9QTAucz_in5f-ufCrvb1Q,-0.3906584337482083,0.0,0.0,93,43,0.0
L9sNYgV-TKTQdkaeEZBqEg,-0.16310267203354734,0.0,0.0,577,187,0.0253453654188948
LA99Dl-b9r1nKIZ3gKC_og,0.0321285753287448,1.0,0.0,96,25,0.0369230769230768
LAUvZGqjB6edmeD1RTX6fQ,0.38077130590467456,1.0,0.0,20,9,0.0
LCS2sJH5S2kFquIL_FIqAg,-0.17384249775781258,0.0,0.0,191,31,0.0
LDA2LfI14CBOUZ-gZT6tZQ,-0.2821427507619161,0.0,0.0,471,121,0.0235937083444415
LDRCTgT9TR_71SWkSgEhGw,0.053882560118203304,1.0,0.0,13,9,0.0
LDRLenZPm945wioD58pu-Q,-0.3032305066510821,0.0,0.02040816326530612,150,58,0.0477671000565291
LDUAhHYmSgH9uwuO5y3yaA,-0.09974285983523712,1.0,0.0,33,21,0.0
LDjjjDiWfFocyV7YQNFK3A,-0.2986799409696437,0.0,0.0,425,21,0.0432900432900431
LDlpHfx0qjIkoC6Hk9UU0Q,1.0,1.0,0.0,7,6,0.0
LEUrvUGgG-04Dk30M3QUHw,-0.1915583243168547,0.0,0.0,35,9,0.0
LFOiOxKTB0oDELEJ0yjBhw,0.3340295759220281,1.0,0.0,335,74,0.0373815373815373
LG9WtCRXx_PAr0y4nO0qjg,-0.32705956862107655,0.0,0.02,265,89,0.0214841338436844
LGNue5dZjUHIiVNiRLRzuw,-0.23343717447661744,0.0,0.0,257,97,0.0636399682791435
LGOyGWr9PwNHkpI5d72bWg,-0.18610050945099277,0.0,0.0,692,133,0.0488721804511278
LGY50abwQOxJPkq0NKe99g,-0.16342150950625411,0.0,0.0,131,36,0.1104336043360434
LIMcWAe750ULlcO4SXBHDw,-0.18739708540407363,0.0,0.0,177,53,0.018169112508735
LJeJ29ZQVwai3IGsHkso8Q,-0.057670859583384804,1.0,0.0,45,15,0.0583333333333333
LJprLiLt2dSC_esTjZc88A,0.06906806820739442,1.0,0.0,44,14,0.0
LK58peZTR54sYsISrTo0cA,0.18633431392516786,1.0,0.0,132,27,0.0343915343915344
LKARmHZQs4cF5_OtE196xw,0.01052915812227151,1.0,0.0,75,26,0.0
LKLm4SgIHz48rQYlBRuaHw,-0.30576443134045517,0.0,0.0,146,51,0.0362560118386978
LL2Ys1b15RVy9LCv7amnSg,-0.052052260598600575,1.0,0.0,47,32,0.0
LLx6iXXDWz205YXs6Puzdg,-0.22341710738804,0.0,0.046511627906976744,194,57,0.0473684210526315
LM4Ah_JOjqpP9H2YLArokQ,0.3543003713646331,1.0,0.0,21,11,0.0
LMXaKchY61sXCr17RBSjdA,-0.33496199415480776,0.0,0.0,159,6,0.0
LMeczyPxu7WZNi3HKWGoUg,-0.09662717463359716,1.0,0.0,59,18,0.0
LMm555z8BReDxgkpF_TEug,0.15302253776339447,1.0,0.0,53,9,0.0
LO1T3M80J3sqOQjkl3GThA,-0.14463568460853404,0.0,0.0,43,20,0.0
LO23N_AsEoptZ8QG8ZjkRQ,0.17065093882425497,1.0,0.0,58,10,0.0
LOpRqDGLGOKk__bc2-JbBA,0.15231761425666512,1.0,0.0,67,10,0.0
LOzj0BsudeOeqoN5d0wLVA,-0.20024185704879205,0.0,0.00641025641025641,381,167,0.0440034217279727
LPdiS6YE0AvFJ05O9TxtMw,-0.10580248470127207,1.0,0.0,12,7,0.0
LQgWohpJxMcsR-10QV2lgg,0.46173958226668654,1.0,0.0,24,13,0.0
LR40dPwDG7bVoIPQM9M78g,0.13224087132720552,1.0,0.0,25,7,0.0
LRcDPus5f9lm5luwI293yg,-0.21410660759335465,0.0,0.0,112,14,0.1160714285714286
LS0bgbX9fTTTOJe5wDZj-g,-0.21570204610121746,0.0,0.0,480,77,0.0246588854183791
LTEpFgVru40dLvg1dsaD8g,0.4820736913596162,1.0,0.0,19,14,0.0
LTPDLhLysBVVzfDqG_ltKQ,-0.016847019032567023,1.0,0.0,333,93,0.030689964157706
LU7WfvB9o5_JSW5IMvGedg,-0.41961678963655025,0.0,0.0,22,13,0.1128205128205128
LVAn0nRWGFaitwtRh1Q3oQ,0.16983557351002676,1.0,0.0,18,9,0.0
LVhlQGAochcp0amO6-OX-g,-0.4916761672375314,0.0,0.0,111,31,0.0302419354838709
LWKQm2P7TlrdEYdsLo0uAA,-0.007101909817457952,1.0,0.0,37,10,0.0818181818181817
LWbj99tJolTxhzIbXWQOaA,-0.38834652085247434,0.0,0.004739336492890996,1651,494,0.0480769230769229
LWxplpZ01XtgpkSBSicNCQ,-0.28438056011488655,0.0,0.0,48,10,0.0
LX0J0POj4Ul2n474A-JbjQ,0.015198796548936078,1.0,0.0,18,5,0.0
LYgLZ6mMp15rpMJqOEEKPQ,0.000444848826906985,1.0,0.0,87,42,0.0227021040974531
LZHiuorqSMLdTJoGCV-UIw,0.13314852046543546,1.0,0.0,19,7,0.1071428571428572
L_4GDsQT0UXSMxDKdB7rQg,-0.11783340602942072,1.0,0.0,76,10,0.0
L_ugtIRUdU2h67jc6Z0b4g,-0.22031007487977783,0.0,0.0,38,21,0.0432900432900431
LaqJHvI5NCKYAFvh_G88_Q,0.13658852016252954,1.0,0.0,24,16,0.0
LbbU2mJPRS3YjC5e_B7h5Q,0.15143766722766894,1.0,0.0,27,10,0.0
Lcoa9IiF84n0OXdcMhyWug,-0.03736205028489248,1.0,0.0,125,57,0.0
Ld3qgGua7MqrFnZY8AIo0A,-0.2958765581552817,0.0,0.0,1964,290,0.0615572858731925
LdKOAUDS7L8wj1ft3GnMmw,0.3106807022344493,1.0,0.0,26,14,0.0619047619047619
LdiNRhW7nBqHub1d3Q4cOw,0.22178148274786913,1.0,0.0,52,22,0.0415019762845849
LeXTkBfmJbGlG5VNLNLRyw,-0.21496772067499914,0.0,0.0,97,30,0.0
LfbkgbvGdZ7Lm7w6v3oTnQ,-0.3902947337359898,0.0,0.011363636363636364,336,192,0.0102018900343643
LgAuYz5cQe3zTxuteJ4VyQ,-0.10888115620435312,1.0,0.0,1774,432,0.0325368713232248
LhtZ0k_dNPWDzk-TlYwQwA,0.36072322858383077,1.0,0.0,39,19,0.0
LiHdRXlcj0GDm_e97oiwKw,-0.09228058423722219,1.0,0.0,722,225,0.0636237897648686
LigHJp25YWNmv22RjhaI-g,-0.4187602689235592,0.0,0.0,321,107,0.0598458763731759
LjSvLbbzFnFc6JScXH3r3w,-0.2599265071238639,0.0,0.0,101,26,0.0
LjXS6sgzY6-kX2WKPykx_A,-0.08971823490273201,1.0,0.0,266,36,0.0262762762762762
LjmiLfuPMByqXVkjSeZoQA,0.2809466846211378,1.0,0.0,14,5,0.0
LkasU7-347mpSm3erAQHyA,-0.357700273635704,0.0,0.0049504950495049506,536,253,0.0261781696564304
LkmyxPN4L99fSZR76tV7CA,-0.206230908922294,0.0,0.0,373,119,0.0587573612122014
Lkt2-GnwnnfexcYa_z9ezA,-0.3898602056189542,0.0,0.0,42,19,0.0852130325814537
Ll3JFb6QR0oxcZIIVeUuLg,-0.3048600958294321,0.0,0.125,117,23,0.1070234113712373
Ll6Cdqq_4Y3W60OIc4cswg,-0.18389376184174389,0.0,0.0,235,135,0.021256038647343
Ll9dhi3PsGgMf6-HEZjfLQ,-0.4146511651111401,0.0,0.0,270,73,0.0378514780100935
LmGvuqllvutbtbkjgPOoJg,-0.2432650931727513,0.0,0.0,15,9,0.0
LnnWq5-4pTnBn96E3lQygw,0.31821151141792203,1.0,0.0,58,7,0.0
LnsqXu0Qot2f638dbq501Q,-0.08745902591450128,1.0,0.0,44,14,0.0
LoT5NnLsC0xdoAKroALciw,-0.21652208422556274,0.0,0.0,24,6,0.0
Loa01TIJDtjQ4_UomBpbQA,-0.03351997086534664,1.0,0.0,429,23,0.0
LopGlCZ1ANqrTf8BqL0OWQ,0.43646425269384914,1.0,0.0,33,10,0.0
LpoGxHNR-cEbaWhAaU1Nlg,0.27050090181735065,1.0,0.0,22,8,0.0
LqDzm5YJs07jpyIMYFnFrQ,-0.17445123947294094,0.0,0.0,490,71,0.0713371135906346
LrZ5-YoLk-n6OsmE7NUskQ,0.15907733721984052,1.0,0.0,161,5,0.1333333333333333
LrkrvFHlnD1BHj2b2w0JpA,-0.42580018787715124,0.0,0.007246376811594203,744,276,0.0643850372111241
LrxBMhi7qvWrli0z6wRGJQ,0.3783663989598288,1.0,0.0,25,14,0.0
LsHyDO0k4O0mxgxcsQ5A8g,-0.06249977127441497,1.0,0.05555555555555555,163,57,0.0626977279263731
LsvXJPcFLYMNX0FvjJgUzQ,-0.33557885319245184,0.0,0.0,41,34,0.0277310924369749
Lswb5BgtMTWCsSw_blU4oA,-0.31868572523636285,0.0,0.0,405,32,0.0551470588235294
LtG1BloPZmht57B4f8pimA,-0.3970236868516875,0.0,0.0,191,102,0.0362560118386978
LtPMiHSuC9Zvt7HxwXLShg,-0.3124552479242959,0.0,0.0,56,11,0.0
LtlXh8nNVbo5vbCBHAGUgQ,-0.0506660378921342,1.0,0.0,269,67,0.0529745638007146
LuB-RHZQzmbAHXmykrN0BA,-0.19535467212189916,0.0,0.012658227848101266,377,85,0.0436219431592861
LuPs7eFsixV6OIGwsNUZug,-0.006273764251830238,1.0,0.05,44,24,0.0705128205128204
Luc4Zxqua--lv9SLErxuWA,0.3398431693434977,1.0,0.0,225,29,0.0
Lv1-Uwm4aY-cXjxjSJyksA,0.10939275470872645,1.0,0.03571428571428571,73,33,0.0536796536796537
LxhDTlTsNX3PhOiDuiic3g,-0.07936280361213688,1.0,0.0,35,6,0.0
LyCOaz2ZyzRBMGfFD70rTQ,-0.2472713041755944,0.0,0.0,76,11,0.0
LzWvZFkxO-9tHfV0kX1EFQ,-0.002245519859118472,1.0,0.0,26,19,0.0473684210526317
LzgxfMu24HbJbUi1cCk70Q,0.3131269601014804,1.0,0.0,12,9,0.0
M-FcR2vxZHJ8l-M9882EXQ,0.24151746787625095,1.0,0.0,181,93,0.0105239075726377
M-mSxEpERB0_Lk7J20WjPA,0.11308068684127981,1.0,0.0,20,8,0.0
M0YuK7sLLSA3TfBC4UkUzg,-0.1546641965654716,0.0,0.009671179883945842,1624,576,0.0199829931972788
M0oI1SxhPqoX7V0YGumP1A,-0.030181849513445824,1.0,0.0,115,23,0.039855072463768
M1r6v01bF7GQFH30FTbyAg,-0.18667435050207581,0.0,0.045454545454545456,468,33,0.0285204991087344
M1t2pqGZmSIygY4880a_lQ,0.4846472401034279,1.0,0.0,14,6,0.0
M3LZKA-tVFRJyPeKA3_2OA,0.12700242682266705,1.0,0.0,18,9,0.0
M3el6wWmdwyr9XQEmnGXWA,-0.11573908401838451,1.0,0.0,310,26,0.0659340659340659
M4oFZszg38THXefgu-5ydg,-0.16443987026788653,0.0,0.0,106,54,0.0178451178451177
M5HQyQXVOuwT9lSMChKVdg,-0.022610862031156365,1.0,0.0,46,14,0.0
M5cSoV0agFcGTmm9EsUu6A,0.41541192008865246,1.0,0.0,14,10,0.0
M5cX4IYSKpqcr9U7U2zuJA,-0.10249681975729263,1.0,0.0,58,11,0.0
M5eciMJjAiEmwI_TUWrU1w,-0.07056780726192258,1.0,0.1111111111111111,38,21,0.0828157349896479
M5rj-zpkCHcGXTxBbcrDXQ,-0.23602844077668828,0.0,0.0043859649122807015,949,296,0.0315756933403992
M7VaEo-4B9hi4hMkwTQKAw,0.140377215143502,1.0,0.0,36,20,0.0
M7j6McAe_k1KQyJ_mCuAUQ,0.1457966111129333,1.0,0.0,61,19,0.0473684210526317
M7qv_LrFhOb-OIl0ma4DSw,0.17237558920126572,1.0,0.0,127,15,0.0583333333333333
M83ABiFSIE2Zw_ylFRgThA,-0.14724263539128446,0.0,0.0,396,121,0.0159913995834173
M86tXb_fj7jQEciKEE3cbg,0.6001714267765086,1.0,0.0,18,12,0.0
M8AE0_L8zO0HsI8DGRqPJA,-0.22635237258618468,0.0,0.0,22,7,0.0
M8Y9fLh41CLMf9tZBUTaFQ,-0.08289791825347548,1.0,0.0,299,24,0.0
M8Zxy5yP2XPXdeiGW3lUrA,0.10657847940260257,1.0,0.0,26,6,0.0
M8gqtBtaryMw4a5QStE1QQ,-0.18492311661172617,0.0,0.0,68,47,0.0203900709219859
M8jDdmyOu0HgAJ1iH14yfA,0.1356086001991812,1.0,0.0,30,12,0.0
M99ZH5s10gditCQZCJfCMQ,-0.22206393930959245,0.0,0.0,35,5,0.2285714285714286
MA5y-O4HDU1e8H_9ghcVwg,0.07657252033704443,1.0,0.024390243902439025,237,82,0.0934065934065933
MBpZOSw02ZmA7C9LkfLYSw,-0.0745237583324515,1.0,0.0,120,65,0.0289322617680827
MBpl7cTqlJblEj0E8qSS6g,-0.25928900929037724,0.0,0.0,116,29,0.0622914349276972
MBtoji84lhvTCRTjfLwTDw,-0.22554609385630298,0.0,0.0,90,6,0.0
MCLO8oPfEmpUlL0mzAiqgg,-0.29495982937460974,0.0,0.16666666666666666,30,10,0.0818181818181817
MCNO7rSHfFj4tllpFkMwSA,-0.11146789276094249,1.0,0.0,231,11,0.13986013986014
MCONblFmdE6NdZWN-BoDpQ,-0.24494481052811035,0.0,0.0,108,59,0.0
MCxXobDMaNDCp4lwzUIlNw,-0.27962400356690786,0.0,0.0,232,35,0.0
MDMSLmczSxB2fjT_ybMpGw,-0.3559988582092549,0.0,0.0,32,15,0.1481481481481481
MDavek3zTU_ywK0hDbf_RA,0.12828677799029586,1.0,0.0,153,25,0.0999999999999998
MFngbjvbrLnLl7j-zBO2sg,-0.20550008323333913,0.0,0.0,184,60,0.0
MG5FKykJ8gvvZlgv3Xhe0w,-0.3701486707140999,0.0,0.0,457,161,0.0291850632343038
MHEbn9ASZzsFrgwlttNyrw,0.10201309392334112,1.0,0.0,70,51,0.0
MJ3sdlP7ye_ui7ZJ1YBRww,-0.27457644532421377,0.0,0.0,94,12,0.0
MJDsMlul6Nd7nQd-xQE7Pg,-0.1303965894486251,0.0,0.0,249,42,0.0817805383022776
MK83TvLeXUkyQwAzO4Mpdw,-0.12728201338447098,1.0,0.0,50,10,0.0
MKnde7vpyigJIn76p-85cw,0.4858621131699341,1.0,0.0,13,6,0.0
MLHZ9MOx1NlIqTOkeWKipA,-0.1755101732325428,0.0,0.075,132,57,0.0852130325814535
MLNZIwvYb7MiVkSm0lFFhA,0.022637592484698876,1.0,0.0,84,36,0.0262762762762762
MM_v-KIUJiXLCxnkIqPKWA,-0.14319116411332733,0.0,0.0036363636363636364,890,299,0.0376818763509663
MNTak2VqYlxifS1i7FjHcQ,0.16983557351002676,1.0,0.0,15,6,0.0
MNnCUYhi8JGEF7isbLXAFg,-0.08767392971904697,1.0,0.0,299,101,0.0097068530382449
MNwTcsnjhe22ShOLYbxm2A,-0.14099855725119625,0.0,0.0,641,60,0.0311827956989247
MOKiCrc626sbmzMxIez5yQ,-0.2153026930490478,0.0,0.0,151,90,0.0418439716312057
MOy8qGtBOoJzRnHnv3Y3JQ,-0.24300698321448488,0.0,0.014285714285714285,168,75,0.0479324894514767
MPTi75aYZzjuKXB8e9jvBQ,1.0,1.0,0.0,11,10,0.0
MQke0whcwgjP25g1yfv3cg,-0.17394002654547014,0.0,0.0,54,22,0.0
MRV9lLRXThjcRYEAmUl9Lg,0.06276552607141073,1.0,0.0,61,43,0.0606673407482305
MSnWYdS0w5m9JLcr1wHO4w,-0.03416808666133331,1.0,0.017543859649122806,120,73,0.0923389142567223
MSrMMtj7S4OFvW3J9o-G-g,-0.20751451391313125,0.0,0.0,118,18,0.0497076023391813
MTB9CelShC-x4jj31BJYAg,-0.2344376397930581,0.0,0.0,641,248,0.011807608276571
MTSW4McQd7CbVtyjqoe9mw,-0.3422655696555863,0.0,0.014925373134328358,422,80,0.0751436781609196
MTm2ttAKyfkn2c55PySsPA,0.1123553494256242,1.0,0.030303030303030304,158,52,0.0527972027972027
MU6oyNoZoYZJtEZvsrnwOQ,-0.10266803798275903,1.0,0.028846153846153848,565,175,0.0372998430141287
MU7zynS0IW_m-d54qvkfPQ,-0.24304666949612064,0.0,0.0,211,47,0.0390794615718628
MUBk0fgk0ViHwEiNnRitWA,-0.061391440219627946,1.0,0.0,188,44,0.061411992263056
MUOCeTGhL5llXe8GAuqOMA,0.24797275474102765,1.0,0.0,349,63,0.0559109215825635
MUQDp-1rzSN3lCjUycNLug,0.019836561555460208,1.0,0.0,55,16,0.0
MUQGkZQqPx5dpM6yhajkDQ,0.16442114680754816,1.0,0.0,27,21,0.0
MVGzq4J1vOaXOfbewCD0jg,-0.28790270560618103,0.0,0.0,189,20,0.0
MVLKOf25mj0MnqivWmdUwA,-0.1525013645704243,0.0,0.0,29,14,0.0
MVke1hgAyoGfEAfDop_2qw,0.05142861012536992,1.0,0.0,22,9,0.0
MWWtxj3R0WGqPzZg1uFmQA,-0.1165181992161235,1.0,0.015625,544,67,0.0281202682240968
MWrSqr3VmBcSKT4Uhk695g,-0.30764679985224586,0.0,0.0,18,10,0.0
MX7qpwwwdBry69K-V4432w,-0.2566416800414263,0.0,0.0,125,17,0.0
MYVWCT18urcDDPl7nJ5cFg,0.03847597628444954,1.0,0.0,48,35,0.0
MZssFQddj218X-68N5XwaA,-0.3896438907485893,0.0,0.0,236,112,0.0253881987577639
M_jzsQWIZIZF9LmO_cmaTA,0.19259210631570467,1.0,0.0,33,8,0.1704545454545454
Ma9FrtHwHi6KgtwEbQyXTA,-0.08179342325738714,1.0,0.0,45,29,0.0321839080459769
Mb8xASY4mhS9r8zVU2N_6g,-0.24208427072706118,0.0,0.0,270,127,0.0429814694215855
MbrfN3NB-yRg93GdA5YM9w,-0.15866343236398261,0.0,0.0,47,28,0.0
MbzgGsMQpGyVrUJXi_Jw0Q,-0.1615391261272769,0.0,0.0014792899408284023,1939,807,0.0144341408281927
McE_Yj6-dfRmh3RR3hfVsg,0.14276770014060114,1.0,0.0,86,34,0.0277310924369749
McQZweV9DLoNzbJWksPJ6w,-0.15842139389174992,0.0,0.0,196,82,0.0119012635909492
MdAO6bEVCYmAjw2IaGJ5RA,-0.1298382991951541,1.0,0.0,265,79,0.02406626035318
MdcgaLvlmhYwpb5l3NT19g,-0.23371989307937469,0.0,0.0,235,155,0.0245080137959019
MeA_7cfxh9c7wczQHYQKeQ,-0.19751656498258763,0.0,0.0,133,11,0.0
MeKViQKZmx6kL95MIk8cpA,-0.18732880996388823,0.0,0.009523809523809525,783,220,0.0338118022328548
Mej-T3IEAZHw5hdpWUut0g,-0.0385037068680677,1.0,0.0,26,9,0.0
MeyzmeHKDsy7dEh2GdddOA,1.0,1.0,0.0,8,7,0.0
MfK5DeKjnneIDZTUkUKP8g,-0.2639041344115448,0.0,0.0,136,44,0.0217171717171718
MfWGs8TvGI0vSvGszy5OFw,-0.18928070411392406,0.0,0.0,127,50,0.0192156862745098
Mfss88nOCGdyHkZZCfXNBw,0.14497257126362317,1.0,0.0,91,36,0.0497076023391813
Mgaxy0pJAlhAjdNivhu82A,-0.16883140842385158,0.0,0.01968503937007874,830,343,0.0380233726143517
MgoBAUgSv6UM6RNhwyV-MA,-0.1145670360572757,1.0,0.0,87,37,0.0
MhY13kxJHfnigrA2S5j6Rg,0.02593258740098736,1.0,0.0,36,16,0.0
Mhg8jHWHgX8unab5u9hmvQ,0.06967090024893252,1.0,0.0,31,12,0.0
Mhqq0BaP2CinaPiZCYWVOw,-0.19004860009495106,0.0,0.013888888888888888,333,88,0.0797821969696968
MiHEBc2XAZ0c39WAul-XBA,0.07186127639428508,1.0,0.0,39,10,0.0
MjJ0ZTZxw9Rn5TDWEbLaQg,-0.21736344984597478,0.0,0.0,24,7,0.1071428571428572
MjXZmK9YKOIjKg1GIse51g,-0.09532128329616407,1.0,0.0,61,13,0.0
MjZQqZAmJeMco_Vq-Y9h-g,-0.08615934461193286,1.0,0.0,252,33,0.0757575757575756
MkMTxMvbCPb4wehmDK05IQ,0.005694293673424222,1.0,0.0,100,24,0.1033950617283949
MlDgcQAyr4wLZkS39Z-3CA,0.023885653114023908,1.0,0.0,26,8,0.0972222222222223
MlLct82m1l2RxwC_i_D4jw,0.060465699614592805,1.0,0.0,137,38,0.0927318295739347
MlXH9dWYDFEBbwuGStlfZg,-0.2889837439318105,0.0,0.0,2708,509,0.0296304612218167
Mm2ezriGaCboSy3FuX-WmQ,0.10429652660635158,1.0,0.0,91,26,0.0
MnCs5pIA0BF3FN7T6wTNyg,0.3911147531504957,1.0,0.0,18,11,0.0
MnFKmuHLpv347qCAcxSPzA,-0.3047526470470436,0.0,0.0,303,17,0.0
Mo09V4DcoZmhI4j7M_NCJw,-0.22713115666510308,0.0,0.1,57,19,0.0852130325814537
MoSyhSKj62gqBJyR_e5kIA,-0.2694981725417668,0.0,0.0,76,45,0.021256038647343
MoeWs-0GVW-TJSkGRds5MQ,-0.22266516867743236,0.0,0.0,793,72,0.0262762762762762
Mq9gCgsWS6-_1HMUH7iiXw,-0.08927082275381171,1.0,0.0,257,16,0.0551470588235294
MqBtykhqU_4GgqgNjz079A,-0.028861204642170457,1.0,0.0,17,7,0.0
MqdCs22Lym96IRmt9ivKyQ,0.08279556045468972,1.0,0.0,24,13,0.0
MrMMI9ZFYQy6r_g6TC4UrQ,0.053882560118203304,1.0,0.0,10,6,0.0
MrTwkXSBjYSsX8U8OgnWhw,0.41541192008865246,1.0,0.0,13,9,0.0
MruqWDUrgigjONJHOoE7eg,-0.20714979661674304,0.0,0.0,19,9,0.0
MsWmW4SkisV0uJIBxeNstA,-0.1635534689542122,0.0,0.0,374,160,0.0240091463414633
MsjeqVij6usbF8lSARj4pw,0.13672212340593504,1.0,0.0,30,15,0.0
Mt85lqOEbMxKiokcnvI30g,-0.09848399433720045,1.0,0.0,63,23,0.039855072463768
Mu-ZNo2q_48Z0JAvzgkgfA,-0.12571944007438518,1.0,0.0,164,31,0.0302419354838709
Mu90i2c_9B5LOW4FpCWjEw,-0.14347251625201995,0.0,0.0,55,21,0.0
MuJACN0_RvP2VKT-M51SzA,-0.24240676510365367,0.0,0.0,83,25,0.0
Mxlw3cSKkWv5o4HdRWGTPg,-0.15353576059166574,0.0,0.0,302,65,0.0
My63Hd5kYboH73VNS09YFg,-0.014004094669843314,1.0,0.0,41,12,0.0
MyFC2F-5SXwXTLR99UWiqA,-0.3549521770000711,0.0,0.005154639175257732,929,344,0.0113605987703822
MzedNubJEzEDO_St-AN0Wg,-0.3274820867802865,0.0,0.011049723756906077,504,191,0.0525633715203981
N00XVr8qnUl5DSdTecFJ0w,-0.09004402368510067,1.0,0.0,35,9,0.0
N2ul6gWK3RU07qE5eFp2Iw,-0.11940145571967997,1.0,0.0,110,40,0.0
N3CuXqWoFpBtYMBGhBE2fA,-0.35094602747641523,0.0,0.005208333333333333,605,203,0.0648980883084013
N3_LDzsfR0Xai9CCI3pUsA,-0.27675964677940734,0.0,0.0,18,11,0.0
N3wKFf3q6vJi0g5g0Y1ICw,0.1124093030028156,1.0,0.0,107,18,0.0497076023391813
N4UpSKh-PQNfvk4w1QAYrA,-0.19382519341234639,0.0,0.0,472,129,0.0150304751760459
N4o-T6EeZja_fIatrFwx1A,-0.30377658388764134,0.0,0.0,58,36,0.0262762762762762
N4xmF_96VDb2bRPpBu_O9w,-0.07885865569641626,1.0,0.0,659,60,0.0468253968253968
N6qpuOBs3SE3wn9t0dRNIg,-0.29415602290963766,0.0,0.0,50,21,0.0
N6tFfU1jGAy4AqO3FD174w,0.4054407201211811,1.0,0.0,12,6,0.0
N7jHHDEUtww0YHgNLWcOMw,0.0374619473714366,1.0,0.0,41,29,0.0600667408231367
N7wYxm84QtcqTJZfGWpxzw,-0.08728643679547876,1.0,0.0,83,24,0.0737179487179486
N8NB7lMryKMMf6SJUvzYVQ,-0.033536435139951304,1.0,0.0,119,66,0.0146992311171416
N9g4lGJbzQzJCUf6AF7d7Q,0.1610062535278125,1.0,0.0,49,21,0.0
N9gF1pYdptTrH1thC7dX9g,-0.2909522531418961,0.0,0.0,324,10,0.0
NAfITNb2HzObDVktNs3DmA,-0.1669534797942519,0.0,0.0,49,29,0.0622914349276972
NBjZWsD9C-JwjsQ2mQlmNg,-0.36057411887468355,0.0,0.0049261083743842365,625,260,0.0291331802525831
NBkrB_4GW4YYhopBhMtceA,-0.0027111497704132015,1.0,0.0,63,28,0.0619047619047619
NC2VO-5Y2lmINFSCK1ZOLw,-0.17300865513713498,0.0,0.0,41,19,0.0473684210526317
NCHUoBAMTDqI754PICPN9A,-0.19685401427596083,0.0,0.0,1169,99,0.0464257964257963
NCjb4Lo7VELIV3YcPzKV7A,-0.23044203346099923,0.0,0.0,37,14,0.0
NDHgJsy-4Lb6WhERPXPs0A,-0.020206373231852925,1.0,0.0,33,29,0.0321839080459769
NFE6ThbmVlRmX7uzJ3wJ0A,0.26916591012447444,1.0,0.0,21,13,0.0
NFFS6Qow43IRG6dRPgZCzQ,-0.25369525868029885,0.0,0.0,875,237,0.053288953889085
NFcG56jaGXhWxP4K1KaENQ,-0.08848433765560432,1.0,0.0,63,53,0.018169112508735
NFzfuIFghE-HnrodHpaT6A,-0.26349334909053124,0.0,0.0,2694,896,0.0479934384941675
NG3SFWgDgjMMpIJoQoQ3XQ,-0.3473728303921163,0.0,0.0,34,11,0.13986013986014
NGK31ST2C3sT1uwNtAeFdw,-0.1711894239276872,0.0,0.0,68,5,0.0
NHdLFG6BdE8ddddML0nyHA,-0.11925823856327122,1.0,0.0,106,34,0.0522875816993464
NHpBHlHYekPKsWxw-AOzCg,0.07398953017618837,1.0,0.0,34,18,0.0
NHz8uMabvQ2nXk6CddCK4w,0.14377865779404742,1.0,0.0,107,20,0.0
NIlAb8xuqKyvvqV9mwK6Hg,-0.030157476005057693,1.0,0.0,19,6,0.0
NJg2ookzRGD2Ej-VNpuY-w,0.01958220324595783,1.0,0.0,146,22,0.0
NJsbhSaByhVvpD2986g5bA,-0.06329898516256915,1.0,0.0,36,17,0.0522875816993464
NK9Lcz3LWLBGf42LH38qwQ,0.46052066731233504,1.0,0.0,10,5,0.0
NKZl502pYc-l3DT32aoX7w,-0.1506141752650363,0.0,0.0,160,69,0.0273525209226372
NKnwvuJygWPC42qycr6Hwg,-0.11306861920884881,1.0,0.01694915254237288,505,77,0.0776128633271491
NLaldZMObLqNSoEe7QzVCQ,-0.24295001824923057,0.0,0.0,66,35,0.0
NLugmrrjRqw8jQGvard-eA,-0.1450759862167833,0.0,0.030303030303030304,154,93,0.030689964157706
NMk5Qov6d337c51Ldmpn_w,-0.40505037152135936,0.0,0.0,86,6,0.0
NN67GbhgQioOwA9vN7aHug,0.2023040165872323,1.0,0.0,25,5,0.0
NOG-VrqO18rHyPwz0I_hHQ,-0.2613469239414666,0.0,0.0,46,19,0.0
NOeEa5aJpUF38qxi2Bj5Gg,-0.09296364155919579,1.0,0.03571428571428571,1071,30,0.0311827956989245
NOp5Q_8Lp8yqNKtcvxM1nQ,-0.15109604949334998,0.0,0.0,184,33,0.0285204991087344
NQGCirVWCre3BQ24fodXOA,-0.22487154568560053,0.0,0.0,1984,146,0.0383020908435471
NQNCAfpEpEivlkYFZ-yf2A,-0.24902025452301835,0.0,0.0,483,212,0.0183001397624038
NQQHTCDbvJ3yCHIc0eki0w,-0.11386654957208153,1.0,0.0,26,5,0.0
NQbGOi0OUWt_-ra_nles0g,-0.04724886198441747,1.0,0.0,49,25,0.0942857142857143
NS39nXJ6OFgZQVzzgBaHfQ,0.301364769340966,1.0,0.0,39,12,0.0
NUzUOzkNS1mTJavkVVcdVg,0.16635769674595768,1.0,0.0,27,12,0.0
NVd1jVceqef5u7ZW1aKKyg,-0.005049939534060521,1.0,0.0,97,37,0.0
NX6kQVDE1jeSLAOLyNC4ZA,-0.16561107453398605,0.0,0.0,348,27,0.1968253968253968
NXaw6ox4vQkLfQ13sq_oGg,-0.2593548349409408,0.0,0.0,39,14,0.0
NZ8rkOpkBisCWpfJb2rfzQ,-0.20330027353663527,0.0,0.0625,97,22,0.0757575757575756
NZAvylBiyMPsZfT0r-fD7w,0.15181178179202126,1.0,0.0,19,12,0.0
NZL6CxqSzc4BThjhx21nJQ,0.01317144464302844,1.0,0.0,43,29,0.0
NZd4LDR6pYmKyyB5cKoNTw,-0.2890977735637123,0.0,0.0,122,68,0.0
N_VbYQo9tDf6sXG5hfVV7g,0.08755916019208032,1.0,0.0,22,6,0.0
N_lp4iuSfrJchn8wL51BKA,0.17979556061068436,1.0,0.0,41,8,0.0972222222222223
NbOWECn3ilz4gWL6dm5P6g,-0.11404522084438773,1.0,0.006944444444444444,469,193,0.0248076621133614
NbzrpJu7222uqxNaf8zskg,-0.19601900875042888,0.0,0.0,307,33,0.0285204991087344
Nco5LfpnfjWkE2XoEexF-A,-0.0650011348132884,1.0,0.0,55,20,0.1108695652173912
NdLBRy61OGT78GTn690u5g,-0.2801369492349153,0.0,0.0,31,14,0.0
NeY1bH6IKJxnn4YAixibsQ,-0.09357850392247624,1.0,0.0,537,115,0.0328827183047133
Nej7tlfGF6WHblVTApFsQg,0.0,1.0,0.0,6,5,0.0
NfuQxhkadU9p1nFUs-2sbQ,-0.13701150872593704,0.0,0.058823529411764705,119,23,0.100334448160535
NfyMmdhkwSPjhFrckLbj-w,-0.03487853865570412,1.0,0.0,34,9,0.0
NgEy0AX40Yg4Bpon61wbEg,-0.2028294094433446,0.0,0.0,650,177,0.0163841807909603
NgH1W4V9ZCOkAeGJQ1ON6A,0.4435238593409924,1.0,0.0,23,13,0.0
NghIUbFjp683iyVJtF8u-g,-0.14054707538491562,0.0,0.0,367,101,0.0448346721464598
NhRecETfR6m5yM-iGFlqOQ,0.026867919186231548,1.0,0.0,62,17,0.0
NhZ8lnDbq6cJYJJ0wwfv-g,-0.15228618593602306,0.0,0.0,141,81,0.0545506747057134
NhjZyB8Ep7VkK-qcyFBgHA,-0.15469905523725452,0.0,0.01694915254237288,145,93,0.0302419354838709
NiAirGrRjWdim_mF0MVJJQ,-0.32132339632054824,0.0,0.0,184,106,0.018169112508735
NiNYF7i7FoT3PiZNpTqsXQ,-0.20742788689354774,0.0,0.0,452,28,0.0
NitglJNDVoAM_Wr5q_mM7w,0.3543003713646331,1.0,0.0,28,18,0.0
Nj3tEe9UtEa7SyGunl7Y6g,0.06920174430853643,1.0,0.0,36,5,0.0
Njv2-eMDyGEWEPEOVonwsA,-0.1268745787793042,1.0,0.0,719,239,0.0238749893262744
NlU_lOXB20c5dSC1QV4U4A,0.49811788013297875,1.0,0.0,19,10,0.0818181818181817
NmJX_LZ7ShIZqspI31RVZA,-0.11637415071749857,1.0,0.0,1454,85,0.0428288169200263
Nn3M9Jc-7SJEWsFV17ha3w,-0.049207936072652836,1.0,0.0,30,7,0.0
NnA2n0gbI0YBFKZR53Ad7g,0.4618327733954126,1.0,0.0,12,9,0.0
NpWGrKnmm44CzpZ1Wi1bLQ,0.23959773605113022,1.0,0.0,15,8,0.0
NqE7vN3VT_AphP0cIAatYA,-0.03835360293963763,1.0,0.0,319,53,0.0
Nq_suBLLeDKjND6efdNINg,-0.22418814624972971,0.0,0.0,1290,67,0.0281202682240968
Nr-ew8B5DBXIhdt1oE9_-A,-0.23357668643361107,0.0,0.0,162,32,0.0293560606060605
Nr9EiPqLbE1b_MARnmVxNg,-0.261140467470099,0.0,0.0,57,14,0.0619047619047619
NrsJ_WgLXwPVcOv38N2zQw,-0.3301634762557,0.0,0.0,180,72,0.0604256854256854
NvmCO5xNbN41IRN5mxXUEg,-0.026585035573140403,1.0,0.0,423,177,0.011046933686835
Nvx2MceKWAtikcAxk_TBMg,-0.33043999171220795,0.0,0.0,1489,326,0.0341961012088429
NwXPU4XBNFCpltHf6TlkHA,-0.16159876986075017,0.0,0.0,13,5,0.0
NwscaDjCWWtPNG0xfTjm3Q,-0.2917362358479705,0.0,0.0,66,21,0.0432900432900431
Nx58HlMTrezf5wlCLbvSig,-0.034938758329684516,1.0,0.0,435,6,0.2777777777777777
NxCSxeL-OG2WHYtaB8lKUQ,0.059361770424396165,1.0,0.0,196,18,0.0
NxFuPjGPqM0X1RK4kOzdtg,-0.19858930249908846,0.0,0.0,73,26,0.0356125356125356
Nxa362GcR1WWK2og8uJ_sQ,-0.36106690066897473,0.0,0.00819672131147541,697,318,0.0405584602561186
NyV_2EGhs-YHYYVmZRYmOQ,-0.0038194984444254176,1.0,0.0,32,14,0.0619047619047619
Nz0AJVskEAlMVgF2HMhFRw,-0.3329802552855001,0.0,0.0,108,62,0.0439205955334986
O-XwsROwYk3JoWz7bMuW8g,-0.23667679641431671,0.0,0.0,225,51,0.0188536953242837
O0YIl4pLXiBwpk5y7vFqMg,0.04524850851627993,1.0,0.0,147,64,0.0293560606060605
O0kQGkmlllaN7oU6sQyzPA,0.3639634791526506,1.0,0.0,64,21,0.0432900432900431
O1Q_VOE-Tl2TJhM_Mi_eMA,0.6605206673123349,1.0,0.0,14,9,0.0
O2apTti9QMFHWkRPeo_JNg,-0.2344026018314055,0.0,0.0625,114,22,0.1363636363636364
O3S4jdMvdf1VCPDoLYtqaA,-0.18165224850129935,0.0,0.0,173,60,0.0583333333333333
O3e9xgI92__6qK9a937LeQ,-0.1904221697868731,0.0,0.0,49,16,0.0551470588235294
O3tgAGzkEln5AnpOGOCcYw,-0.48450613548581634,0.0,0.0,69,22,0.0
O56pqlopX5ohaLD12HiN9Q,-0.33932764526392356,0.0,0.0,58,31,0.0302419354838709
O6RCCmz8-x4NhWJpI8KQug,-0.12636999027811202,1.0,0.009259259259259259,466,108,0.0262762762762762
O6fpSQsG6waSug3tccobew,0.057043980743294864,1.0,0.01818181818181818,807,77,0.0468173801507136
O76kDVYNag6w7VJVd69m3A,0.2884037283325731,1.0,0.0,95,7,0.1071428571428572
O88D3UXolC40wsSpYNhvUw,-0.3825228097245572,0.0,0.022727272727272728,342,52,0.0356125356125356
O8BC6z_CCz5mAagYZT9aAw,0.31496670228361734,1.0,0.0,25,14,0.0
O8dpGAUDpHI1ObEuXNf4OQ,0.29562918338660593,1.0,0.0,41,18,0.0497076023391813
O8xd0PQZfwHIIZhNRmZ_5A,-0.030061710887552162,1.0,0.0,283,37,0.0716216216216216
OA3_7cJ1vMWvwdc-Yf83BA,-0.05949792677401511,1.0,0.0,64,7,0.0
OAAh75gVvTZI4bjjrulxMg,-0.2736205446837208,0.0,0.005747126436781609,364,201,0.0281202682240968
OAJvfcLmDhaS2HHs9vxtqg,0.019726081536054596,1.0,0.0,263,41,0.0442427680090753
OAT5j2W8F5ypj0eDGH22Xg,0.37129717933597556,1.0,0.0,11,6,0.0
OAWa1WML2V1ZLJGD6V3nBQ,-0.17587359386688373,0.0,0.0036231884057971015,832,426,0.0204144406669906
OAbrYeHibZHdv3ch8nOrbw,-0.19591649604103145,0.0,0.0,94,9,0.0
OAdo3dcxGc9SHZN_QyMp5Q,-0.13969976619307511,0.0,0.0,127,22,0.0
OAjof8dhS2zScmZh2Xuo1A,-0.2123810275380027,0.0,0.011560693641618497,2799,182,0.0944351215287175
OCuodVY_jdUINB8KADuJqg,0.07743382239135621,1.0,0.0,16,6,0.119047619047619
OD7QQo4wNpmIb10L8gZKDw,-0.21580241871773354,0.0,0.0,806,57,0.0
ODvaMIpjD6bHiwQ9-kmECw,-0.22125903289604631,0.0,0.0136986301369863,272,81,0.023501413059646
OED6sS03t872JCN5WK-TZw,-0.10284215022728838,1.0,0.0,56,17,0.0
OEEzmw7fNGU70M1vmiw_OQ,0.33458957787547694,1.0,0.0,158,9,0.0
OEOpxiewgI7Sr2de0LVuMg,-0.30720497312004136,0.0,0.0,723,140,0.0332512315270936
OEeQTVPtrKq4kPqdIJLrKw,-0.21127221980568633,0.0,0.0,43,30,0.0311827956989245
OFObWXTZlVBLaDZdl2ov-A,0.13449549786503756,1.0,0.0,32,8,0.0
OFeOtZ_8FJvDUb9BEfnyTw,-0.14226635312059788,0.0,0.0,194,71,0.0266255064634381
OFip8f8cVjVPxhIYy46BDQ,-0.3155503888975259,0.0,0.0,414,143,0.0136966481794067
OGWTzjVTIy5Jf3ndPO1STw,0.21688383901860253,1.0,0.0,177,77,0.0788497217068646
OHFLSDbEZAP65Cl0lHfmqg,-0.17556379635587982,0.0,0.0,153,6,0.0
OHIEmhBx2SezWLaHPUljdA,-0.03362523431682862,1.0,0.03076923076923077,158,78,0.1003536693191866
OI_A8VRmMVxIq_ZeNaLVeg,-0.18957520657133164,0.0,0.0,215,12,0.0705128205128204
OI_dtFY0ZiUG5ryHPwucKg,-0.0944555317565492,1.0,0.0,37,7,0.0
OJ8TFOwK5fTQQbvBZl7a3w,-0.29132203951844576,0.0,0.0,59,37,0.0
OJ9DJLWvQV0h-ZU07QEKag,-0.279096867794155,0.0,0.0,462,126,0.0153769841269841
OJEiB_a2I_gxC-ZeayI94A,-0.1648845748445037,0.0,0.003527336860670194,1669,818,0.0142781394526763
OJQ-LAvYrCmGlmN3d99fMg,0.03665526880999359,1.0,0.0,26,14,0.0
OJWt3ccwit_NdthGwjvAaQ,-0.1788489774621831,0.0,0.0,248,55,0.0489028213166145
OJpGFS7e38cncjp2jlWydA,-0.1328807774009947,0.0,0.01639344262295082,217,93,0.0491551459293395
OK2nqgnnsGoDBzrc4N2_YQ,-0.23448293759829725,0.0,0.0,65,46,0.020814061054579
OKmwUmfWO3e3ZpfzhpOE_g,0.448586438549439,1.0,0.0,60,15,0.0
OLKGZL0OVufGZyi2m8JdYA,-0.20865482585187922,0.0,0.0,346,107,0.0265080713678844
OLrLFtCoacBjTjFGG65ckw,0.3310878134742149,1.0,0.0,15,9,0.0
OMIG0o6Jy8mppFO8ry5u0Q,0.19235320014775414,1.0,0.0,20,12,0.0
OMrnDIpzSflcVUm6uJrukA,-0.10686844896884395,1.0,0.0,51,16,0.0
OO5oDYrIYlJaoFAFetrW-g,-0.28395773401389846,0.0,0.0,45,7,0.0
OOVUIzwsMR_251wOpDC1Sg,-0.10421194406699008,1.0,0.0,86,33,0.0285204991087344
OOna4RpWG0AJghKOuVca1A,-0.25327905066523715,0.0,0.0,52,14,0.0
OPQWnVzSu70iE26LOaZiJw,-0.04911195368544541,1.0,0.0,901,209,0.013947819806807
OPW8NuOC_9FVFXsaHOO5JA,-0.29500322296978765,0.0,0.0,726,196,0.0242410396994618
OPhWuFj83RDS9O1qU21X8Q,0.13658852016252954,1.0,0.0,21,13,0.0
OPrvuoKep0_TWK8K3ggKbw,-0.3079644220120626,0.0,0.0,72,24,0.0383333333333333
OQBgwnIHY7vOrbjft8RM8w,-0.16543963949158125,0.0,0.0,47,21,0.1409523809523809
OQIVpOcueFErJiauCi-KQQ,0.28207369135961624,1.0,0.0,16,11,0.0
ORlO0BQgrSIjABOJlGsXMQ,-0.3131767743116573,0.0,0.011235955056179775,272,144,0.0262762762762762
OS-4bz9u46-7sVBTMfhkhg,-0.38130436131755174,0.0,0.0,55,18,0.0497076023391813
OSV4mS8wLuRAu5d1nkmaQA,-0.19073248970479478,0.0,0.0,67,32,0.0
OTBWyXkNsBYHqIlXJXnEDA,-0.1628047462404224,0.0,0.0,413,39,0.0243589743589744
OTK-1bXfze5elfqYIHmfIQ,0.03647139133655963,1.0,0.25,26,7,0.1071428571428572
OTidyJ0pcVB6d73FlkBnag,-0.2874456040169586,0.0,0.0,200,8,0.0
OUvtfVGqDo8ZfD_eDVTALA,-0.04948931382942323,1.0,0.0,918,92,0.0
OV2gDDTGX7ObyK6X1zrD7w,0.03947201744464757,1.0,0.0,184,5,0.1333333333333333
OVmUVXuW7JS_NelnCxHw_Q,0.08207369135961617,1.0,0.0,11,6,0.0
OX1eFYQwN1iYdFd0fkNpqw,-0.253566249192821,0.0,0.0,375,155,0.0245080137959019
OYurSs6SJYqU1cvEivz6xw,0.1938195223274306,1.0,0.0,42,19,0.0
OZEo4EnJ2KDR0Tj0YnH2Zw,0.5890430846056726,1.0,0.0,13,6,0.0
OZcl2HOUXAHuICrh5d2WjQ,-0.3336345425181868,0.0,0.005502063273727648,2937,818,0.0431985924182529
OZnQZ4sZRwd7L1jMc7pv2w,-0.14797963327560637,0.0,0.0,60,25,0.0
O_1sGyWvZsPbAh09-uI-bQ,-0.31013562243142534,0.0,0.02197802197802198,280,135,0.0832832832832835
O_V9eD3bne7DrZtNHT4Tfg,0.12026696907871604,1.0,0.0,26,8,0.0
OaU7V5zZvddcmp8PKLQk6A,-0.2325658165846839,0.0,0.0,34,13,0.0659340659340659
OajzsBY9v5uqZ4Qpj5FuHQ,-0.030479876747333545,1.0,0.0,82,43,0.022198731501057
OazW8HaMRQjo2bDEwl-WiQ,-0.08218437767030695,1.0,0.0,44,22,0.0
Od7ky707Ei3nizTxCmscnA,0.1392088748726159,1.0,0.0,315,12,0.0
OeO23GTZxF5tRnOXsYxCNA,-0.04994784081979342,1.0,0.0,556,24,0.0705128205128204
OepegcksAfr6LDOlRTg1Wg,0.5,1.0,0.0,8,6,0.0
OetKsgbBp_slqg2VIKzxxg,0.2870467835903744,1.0,0.0,126,10,0.0
OevKyf31TBJkGdKCarZiew,-0.07659842650608462,1.0,0.0,20,11,0.1818181818181818
OfHs6WEfuRfrSxTFZPIscQ,-0.21146272390015353,0.0,0.0,310,73,0.0597119775201966
Og0H5yYQoER94o8lxdHDLA,0.24290362210319583,1.0,0.0,79,14,0.0
Og32VlJ-InIa6y_O9cgR8Q,0.26858586976335197,1.0,0.0,101,54,0.0
Ogn9c0QudZBmfOSJF6aIdA,0.03949916152836774,1.0,0.0,84,6,0.0
Oh_T694xSly6_5wNnqAliw,-0.041171199057342345,1.0,0.0,61,9,0.0
OhxH_vLWKwSohst8h0G3hA,-0.2250851626443534,0.0,0.0,394,19,0.0
OiQ1eoqXMPyEUptpUX9JQA,-0.18307619316857043,0.0,0.0,77,63,0.0302808302808303
Oio2er4frY-zuqAXwi2lqw,-0.10984761250341235,1.0,0.0,24,10,0.0
Oiwll1QEUAKhnvex5HePfQ,0.06748790227905643,1.0,0.0,30,19,0.0
Oj3vZFPN5xh-MwK268WqLg,-0.32079373261240196,0.0,0.0,91,38,0.0
Oj4otn-Wfd-JLwh1dL0DbA,0.021876978199069752,1.0,0.0,180,76,0.0128161312371839
OjS4cZZxlyTvq6y9idmkjw,-0.011162936430515358,1.0,0.125,50,15,0.0583333333333333
OjgZGDH-qJ92Enr2le7c-w,-0.12549848582362888,1.0,0.0,531,202,0.0097068530382449
Ok0y3WvijsjmUpGAwlAZOQ,-0.18683771771916247,0.0,0.0,148,38,0.024966261808367
OkWFmXM4sDI02KnDY3X-fw,-0.10731545156930944,1.0,0.0,346,148,0.0196438160014318
OlDnxLaoi4J1hQJNzh3jkA,-0.10211088661501722,1.0,0.0,75,23,0.0
OlKxBWQrutu0kcHq4-on6w,0.09621538323002565,1.0,0.0,94,16,0.0551470588235294
Oloq6p0yeqAq_DUIiAkGiQ,-0.2223257767790564,0.0,0.0,404,46,0.020814061054579
OmvUk_FtthzFtRLfX2Cs0g,0.24483179709577085,1.0,0.0,43,7,0.0
OnR86SBjEMUg60cCyOxQ9w,-0.07242123873300721,1.0,0.02127659574468085,114,53,0.018169112508735
Ops2BTk03uTYdGRqB9haGg,0.08161575371607532,1.0,0.0,177,27,0.0638569604086845
Oq5B0zc5vL0bFCxH7qd9-A,-0.16391029950143443,0.0,0.0,676,115,0.016796729840208
Oq6Pp80T0uLrdJH-XJAAzA,-0.14276270900205235,0.0,0.0,139,40,0.0852272727272727
OqG88rqpX3PvIQK7XVgDug,0.06345967137228159,1.0,0.0,55,33,0.0285204991087344
OqQAPZaJ8IKQCxCjs34sXA,-0.27004580389629607,0.0,0.0,245,74,0.0689189189189187
OsQZo9gzazFARLfjyvJMvw,-0.13312709633393838,0.0,0.0,145,19,0.0473684210526317
OsqIvGhSlyhl_eLuVmzHpQ,0.22260237369741342,1.0,0.037037037037037035,100,28,0.1071428571428569
OtIjTZZmMZwOyITdGx6UMA,-0.06702581705140187,1.0,0.0625,79,28,0.0332512315270934
Otj1O5NM_-RefDjbPkRzYQ,-0.1291109078135415,1.0,0.0,83,51,0.0188536953242837
Oun4NN-u5yiHIxDqtJnxgA,-0.24928589993284006,0.0,0.0019455252918287938,1932,530,0.0446382516628205
Ov8-eg1-2S9a1PpuYRVLTQ,0.21797812573890968,1.0,0.0,18,8,0.0
OvLTP11dUnsE3UrfJwUe6g,-0.06499703513068911,1.0,0.0,77,35,0.0269841269841271
OwSQF9WCbQf1Kvk0HzmEcg,-0.0767529865869565,1.0,0.0,123,13,0.0
Ox6MY2s1Nur-yDCVpKcmDQ,-0.0664952398901581,1.0,0.0,12,6,0.0
OyPQNwQtCuYkFuV3FlsnnA,-0.16158507605932682,0.0,0.06666666666666667,80,36,0.0497076023391813
OyiXfvA4VY6zpK3itsAmjA,0.09419751529872794,1.0,0.0,12,7,0.0
Oz7c0QA1C18Cb6tTdoehwQ,-0.08695215429833114,1.0,0.03333333333333333,173,110,0.0175324675324675
P-1Z19YDcmwpwEazmhJOvw,-0.10336626436563867,1.0,0.0,98,23,0.0
P-N7lqZPSSCplkomm0P1cA,-0.3045088413177486,0.0,0.0,74,12,0.0
P0XD2z0VYEW6VnC7wIPPMw,-0.0068141644257311285,1.0,0.0,69,18,0.0
P0fHDZn2pReUu7BdMxNuyw,-0.11978692089782439,1.0,0.003484320557491289,2018,319,0.0432864678167177
P0ldsyfDWNcWnGSq8w2jFQ,0.16442114680754816,1.0,0.0,17,10,0.0818181818181817
P0u1f6ea6LsyB8m1CXXyNw,-0.2835255440322624,0.0,0.0,50,18,0.0
P1rfYX62C_HD4t3TjO41BQ,-0.3015091125388637,0.0,0.0,528,148,0.0066660620351894
P2Lm1g_RztvIaH4daQsXoQ,-0.35499372890695524,0.0,0.0110803324099723,1083,419,0.0250208136759728
P2hXKZohTtKkLir8SVBbYQ,-0.018886342010116852,1.0,0.0,35,12,0.0
P3Oy6-nfqP46PmHJXNPLYA,0.07257744040725522,1.0,0.0,191,19,0.0
P3qii5-Hch2tDd1e59znXQ,-0.12641015230479835,1.0,0.0,250,34,0.053921568627451
P3u-RmooNdeWOP6utecNLw,-0.23746215403779702,0.0,0.0,78,33,0.0285204991087344
P45CIS48xeQjXwWkjoVoGg,0.33840123013924983,1.0,0.0,15,7,0.0
P4XXOAvrAnHXd0tUWO8-fg,-0.18231010680376636,0.0,0.0,150,47,0.0
P530pEUtDTWljOAoSyaaMw,-0.23841147983747046,0.0,0.0,14,6,0.0
P5VhiFjSfJLoZoxef9x4IA,0.2711387953578296,1.0,0.0,16,6,0.0
P6iHMvttUL4HJ0fXbb_gow,-0.07319539319932677,1.0,0.02247191011235955,229,121,0.0522985537190083
P9ltq8KT6pgKjyZSKspHfA,-0.2261044645624054,0.0,0.0034129692832764505,1057,352,0.0219065656565655
PATq-61JTih0fmhoXSl2Zg,-0.22870282066402448,0.0,0.0,24,19,0.0
PBs6XgKSvSbio3wj8C-dAQ,0.07842962162063027,1.0,0.0,92,54,0.0510071474983755
PCIR3Z78l_nLXu_OnhTweA,-0.15176154060492275,0.0,0.0,25,15,0.0
PCKC8qjaEUHIm8yN9v9Juw,-0.1797202950659742,0.0,0.0,282,105,0.0
PCLfNb3s9xVlUkslcwXZuw,0.015891315711555998,1.0,0.0,17,8,0.0
PCdSjDrU4K8rUzVoxqFyew,-0.15386604174940843,0.0,0.0,78,11,0.0
PCmoZ6i5fXLKti6SmykDNg,-0.11593198975746755,1.0,0.0,141,34,0.0522875816993464
PDdUfkGAsNLUkgHaJg3tVw,0.01916591012447444,1.0,0.0,14,6,0.0
PE5-eg3xvGDoCN1Ikh2rGA,0.050364686037026374,1.0,0.0,47,16,0.0551470588235294
PGCWN8JYSFoNAOqIFwTJUA,-0.062490834759589386,1.0,0.0,661,30,0.1323809523809522
PGd06nrseC2YAIqP6S9gUA,-0.12930308514357824,1.0,0.0004830917874396135,6046,2159,0.0077509842519685
PH41qdysinGhW9iRqQxqcw,-0.4250203576416488,0.0,0.0,138,30,0.0
PHdkmST4x79cJIiweKP65A,-0.42306939119941367,0.0,0.0,150,39,0.0243589743589744
PIedZfXVCr820lB1bTHlMw,-0.020206373231852925,1.0,0.0,14,9,0.1414141414141414
PJLh9DYLcf5JJ_fdwHDbzA,-0.37649744195185786,0.0,0.0,507,128,0.0293560606060605
PKQ8u65he4JlUpUCS200cQ,0.11894950720786046,1.0,0.0,35,18,0.0
PLgwTcTuOPHvJhy7nGjx0A,-0.20878954050033227,0.0,0.0,533,220,0.0418577075098813
PMH5bNPL81bdXboBv0Am5w,-0.09637328459310257,1.0,0.0,59,36,0.0705128205128207
PN63nkTW7UBPeVTMZZ8blg,-0.1922979233277009,0.0,0.0,30,12,0.0705128205128204
PNPREi-W9kVr37KWqD11rg,0.09891211535281275,1.0,0.0,19,9,0.0
PON4EZK8TeqTi3CIuQbXpg,-0.12981772811052716,1.0,0.0,91,58,0.0905172413793105
PPcz-0UtIJ8O7xDT551y2g,-0.273103556443634,0.0,0.0,469,141,0.0203900709219859
PPjb-hFfmyE9uVj-zm5L8w,0.4618327733954126,1.0,0.0,13,10,0.0
PPnzhVLbyGbYdSGmnvzdXA,-0.22226064693266578,0.0,0.0,111,43,0.022198731501057
PQEtMZD-dKNuiYIW2Pbpxg,-0.3114170937342965,0.0,0.0,69,8,0.0972222222222223
PQKY258MwEF9MkL9eVJB1A,-0.2743157845581907,0.0,0.020202020202020204,294,99,0.0536796536796535
PQkJ5J8Qilol-JIhu-alhA,-0.19450559685501334,0.0,0.01282051282051282,303,92,0.0487449574181981
PQuM6c6pdEOLyInZdzoa_g,-0.19609255837776063,0.0,0.0,343,96,0.0561683006535946
PRG-_3mhWa6r3pUFZVlSOQ,0.39897762692347416,1.0,0.0,139,45,0.021256038647343
PRsj49qMOyW9fbztKrRglg,-0.10788380131914321,1.0,0.00819672131147541,712,143,0.0506645672208585
PTn0hZz7BiP5T2muyoxrjQ,-0.12159281650395382,1.0,0.0,383,56,0.0332512315270936
PUR8xK74Js5oAvsarFkHDA,-0.09599175630726897,1.0,0.0,267,101,0.0
PVieWiYn8GK9GSLnNFmOyA,-0.33065728222120916,0.0,0.0013568521031207597,2969,737,0.0258357545764631
PW5eZM5RAQEhy3wgovChhQ,0.1757131013694706,1.0,0.0,54,29,0.0
PWWGbkPC_agn-4s1Hv1W5A,-0.19522438296988043,0.0,0.0,4561,1048,0.0157321793355553
PXWBDGzI4hvZzZzD7Fezpw,-0.2542078422460562,0.0,0.0,143,5,0.0
PXt8karfX_lgc4UAOM1wuQ,-0.09882640783217211,1.0,0.0,47,20,0.0
PYDIhqvAXhEtODBu-TwJ7w,-0.20923642751862637,0.0,0.038461538461538464,108,29,0.0600667408231367
PYtMqV_xv_EAhDbnfREf7Q,0.41541192008865246,1.0,0.0,12,7,0.1071428571428572
PZJqMdFa2zn51Td_jHOsMw,-0.38447650883588436,0.0,0.0,87,38,0.0
PZpp1Z3V8HLK9d4-qLMUgg,0.4618327733954126,1.0,0.0,10,7,0.0
P_-Vz6G55EQenifFwmiing,-0.04569962863536692,1.0,0.0,33,23,0.0
P_AK2eaSpBK6_LuHMlJv6w,-0.03132597006145088,1.0,0.0,290,38,0.0
PaB1RhsPKZBblFCCP0ZF8Q,-0.1475685527091657,0.0,0.0,325,57,0.0
PaP2OwAFRITcjJ_Xb6dUAQ,0.35144644337976816,1.0,0.0,38,15,0.0
PbFG_A7A_fE-6oL4kC_zQg,-0.2701766349908733,0.0,0.0,388,167,0.0334360181371362
PcHhD-Xbs_nZ9TRrHzSTMQ,0.008954638934878356,1.0,0.0,16,9,0.0
Pcyx4NFLTKRF5bdynKI9Pg,-0.20352511546548246,0.0,0.0,180,80,0.0563235294117647
PdcU-86mAF2H1p1dN7m1kQ,0.14295134494858608,1.0,0.0,34,11,0.0
Pdq64df8bTI648RCtHmJ0Q,-0.2983283064293538,0.0,0.03896103896103896,315,94,0.0578723404255319
PeDuQRFosh1DL10ayTVT_A,-0.17021954183793753,0.0,0.0,391,44,0.0785984848484848
PeczUJRFYkZBvAyMxzXPSQ,-0.19732716819933993,0.0,0.0025188916876574307,2146,440,0.0378622469233824
PfmbhnCC7nrcvD6QBMEDhQ,-0.2379075795849369,0.0,0.0,791,48,0.019982993197279
Pftp2bkQD91tiUnnPD0FYA,0.261786500135212,1.0,0.0,33,19,0.0852130325814537
PgD2tnZT9pd-SE9fC8ThBg,-0.3879606609100554,0.0,0.0,878,318,0.0405584602561186
PhS0clf_37zSPrzi8XRG0Q,-0.18781319596621993,0.0,0.0,46,6,0.0
PjimxYZDCn6xYbcgCK9PqQ,0.3310878134742149,1.0,0.0,15,9,0.0
PjknD8uD_0tisZQbomiYoQ,-0.29294252549168753,0.0,0.0,187,48,0.0383333333333333
PkM0FSK9WH_XpQEYtVsrRg,0.23726240110146402,1.0,0.0,105,13,0.0659340659340659
Pl4VWjRSuZFdhN7kczFfjA,-0.13461103207861513,0.0,0.041666666666666664,67,30,0.0583333333333331
PlTAoveKUOY7fOOk4FWS8g,-0.28144209491193406,0.0,0.0,46,13,0.1128205128205128
PlnQ0xuzCNQZUiswBiXcIw,-0.05661374424602539,1.0,0.16666666666666666,265,20,0.0818181818181817
PloafcZfJpOLZ39LuM9AOA,-0.005374477705262892,1.0,0.0,79,45,0.0
Plsx0pcqTVyt8ibKdhnzYQ,0.1270825866531664,1.0,0.0,109,18,0.0
PmpuUEFKQSmAuSxq0SFMqw,-0.4353765775758095,0.0,0.0,37,18,0.0497076023391813
Pn5Suxh1K5Af4wn24Tqswg,-0.12751999951259863,1.0,0.0,80,5,0.0
PnLPuCfVFYZPbapKSpzKZQ,-0.10843141730607442,1.0,0.0,170,97,0.0290721649484535
PnLZ1uKbRZkv6t72gSvCwQ,0.03910456365974413,1.0,0.0,190,26,0.0
PnLhRzyTRCd2gHSmukcy7w,-0.0837461534228674,1.0,0.0,234,28,0.0332512315270934
Pocs24Rhnbqy1tZQm0j7Rw,-0.4488074622829052,0.0,0.0,330,116,0.0748494800218939
PpL37OYAdmBxpmJoNNJQUQ,0.08893064582821641,1.0,0.0,596,28,0.0332512315270934
Ppmdzznk7jR8YRyei79_Xg,-0.053088025398820626,1.0,0.0,26,11,0.0
PqqTZ8ZY54s6nCzQhN7Agw,0.17231379655203877,1.0,0.08333333333333333,26,17,0.0928792569659442
Pr5TeLRBEc59FlRF_Rc7Vw,-0.0033954443259472944,1.0,0.034482758620689655,79,52,0.0185050798258346
PrF1qZ9L9gQJKZkruB1dCg,-0.03284790361128942,1.0,0.0,483,45,0.021256038647343
PrqnVokpplB1Lt-fkBILTg,-0.03110712664673243,1.0,0.0,662,209,0.0511810171252895
PrsGeNU4XGdl2BEKTiQrQg,0.03477665790193635,1.0,0.0,14,5,0.0
PtgLYnVX4tJ9JoDWe7q8QQ,0.0643812439662903,1.0,0.0,32,19,0.0
Ptt6dN1N3_jbdeXmU0eGGg,-0.1973008598847409,0.0,0.0,170,5,0.0
Pux_7mToiJgXRjVldmLkaw,-0.171221182815943,0.0,0.029411764705882353,91,39,0.0462789243277048
PvA1O9wk9YlrYkIZiuztXg,0.10468733343753345,1.0,0.0,53,32,0.0
Pw6fbFqzYt3DfQardKyCBw,-0.18183282188077837,0.0,0.0,39,13,0.0
PwKi85QvANOTcb2f5eHLzw,0.07743382239135621,1.0,0.0,35,24,0.0705128205128204
Px-U9DtzGY3sU6YvAt428Q,0.36826426679769797,1.0,0.0,17,5,0.0
PxORQiDmPhd5xwTd1mFbDQ,0.043941670587422266,1.0,0.08333333333333333,86,60,0.016120218579235
Pxc8z7VOtkGNerrGvqzdHw,-0.17954829021152552,0.0,0.0,273,24,0.0
Pxeb0heJO93VEaU9PpoTmw,-0.20229771724042978,0.0,0.0,84,30,0.0311827956989245
PxwdZDfO9AMFxUYjedhV3Q,0.05152517499356679,1.0,0.0,82,10,0.0
PyB2SdLq41Mt3-79Wv_bMw,-0.2648229936068355,0.0,0.0,109,42,0.0
PybkLq1widON8UAl__tPvQ,-0.07017144108200785,1.0,0.0,13,6,0.0
Pz4BjuaA6cjF0FeC6j-dmw,-0.2847882807316558,0.0,0.0,143,60,0.0
PzreyErPlb73Zgt1oSZdcA,0.09115367572645883,1.0,0.0,196,84,0.0116246498599439
PzvTiZtyVm74RYc5FFq0Nw,-0.2919206975620512,0.0,0.0,164,13,0.0
Q-Hj1zFu1k958BcwEmfVlA,0.008954638934878356,1.0,0.0,12,5,0.0
Q0R2NBaN9JmHW1w4sdFtww,0.013673143736666171,1.0,0.0,31,11,0.125874125874126
Q1-a1z67RdKHjTbIhHaW6A,-0.22066833782198214,0.0,0.0,577,83,0.0649790171923649
Q1LaiKr2C-7avZuCXO-VWA,-0.12819293002470733,1.0,0.0,389,57,0.0169388989715668
Q1jnPDnpmUc6U6U_-wbgAw,-0.08024448769714743,1.0,0.0,320,25,0.0999999999999998
Q3ZVqlnrW0OQsakX-yLwvQ,0.29466892464916405,1.0,0.0,16,9,0.0
Q3_Z2oFu9D67QVB1uJTXyA,-0.12635966692131406,1.0,0.0,43,17,0.0522875816993464
Q4pDFBTzhXFN6ym0g78oWA,-0.21542625400805682,0.0,0.0,45,7,0.0
Q5jjv62ck52e9A8mPY3SPw,-0.18447620145028598,0.0,0.0,185,14,0.0619047619047619
Q5whIn3ifZy4jpwDkiRn2Q,0.23729151130544301,1.0,0.0,33,6,0.0
Q6BQcgabriKd5wPxvzOIWg,-0.24410513333577932,0.0,0.0,2902,821,0.0119135039743436
Q71q-s-BDPn-WCic7lMLtw,-0.16859983485971752,0.0,0.03333333333333333,188,72,0.0262762762762762
Q9T9PKQZSs571tS0lQLoIg,0.4618327733954126,1.0,0.0,8,5,0.0
Q9knOlfU9ppR1HhtK8r7qA,-0.16459317145183316,0.0,0.0,53,9,0.0
Q9poenJ9SS3agpPo4Pgyyg,-0.16807432456879745,0.0,0.019230769230769232,629,181,0.0639061343054052
QAB5tp1anXy-tJxtj6Pwsw,0.06345373504377261,1.0,0.025,84,49,0.0376150460184072
QAMJIJQ7SMO-C5xUN37iIw,-0.2083168318172589,0.0,0.015384615384615385,390,166,0.0437612519041683
QAZvQiR4c_wAlG9qrGJEQQ,-0.05239647803965397,1.0,0.0,245,7,0.1071428571428572
QAlWB_JXJNQyg-kqAK_Ciw,-0.3636372766919111,0.0,0.01020408163265306,462,222,0.0256045519203413
QAnMrj8-uQMNthhrfXAQfA,-0.21972118191284884,0.0,0.0,193,75,0.0252813852813851
QBAzeuugYrhnEokFhPHlIA,-0.22305871994089835,0.0,0.09090909090909091,29,25,0.068148148148148
QBvj3FvJbYJRa9xWb6DyQA,0.027388544580328134,1.0,0.008130081300813009,485,137,0.0339261848463039
QCKYU9YTxa0cLXXedYuxGA,-0.09076243314886989,1.0,0.0,17,5,0.0
QCZvkvipsfyZ_5uBy3PkpQ,-0.3399418642224221,0.0,0.0,135,17,0.0522875816993464
QCaidu0NAS_sseca_xe4hQ,-0.32997678024770183,0.0,0.00641025641025641,2481,383,0.0731699644531127
QD60OSYzQREO836FG_vplw,-0.09185355213554436,1.0,0.0,153,37,0.0
QDIayj7bwqoH-rrBfbBZBA,-0.08761069086725748,1.0,0.0,420,66,0.0285204991087344
QDgGe--XQrPrap3u5EjAmg,-0.30266208617754986,0.0,0.0,66,8,0.0
QDvQmizwCiFGf3y0Om9jyA,0.44082995686356674,1.0,0.0,94,10,0.0818181818181817
QFbKCvNM-RDAXgneleHG2A,-0.2513354505973379,0.0,0.0,543,84,0.0227021040974528
QFh-h_OZ5Io-mBk32HN28A,-0.17149742361697995,0.0,0.0,2093,638,0.0240478176257992
QFr8Txh9fKQsEgapY63hBw,-0.2791320920789665,0.0,0.0,43,9,0.0
QGUj9Za0iG_OJz0CqujE_Q,-0.19888052013469198,0.0,0.0,940,265,0.0110673049845113
QG_CEG2_kb-0af1O0HiADg,-0.08897776460648077,1.0,0.0,20,5,0.0
QIEajLDnaNgFrCHWmiXCaQ,-0.29238251603489007,0.0,0.0,175,57,0.0333035979779958
QJOC6Uz-RCpzPB6aMjtP9Q,-0.28354855188727646,0.0,0.0,276,143,0.0201168694319378
QJaB5FXOOhWjWI2f4Z4SDA,-0.09701921230928101,1.0,0.0,85,47,0.0203900709219859
QJfM8uRNy6KHhj6kIatzmg,-0.29452140358558304,0.0,0.0,508,170,0.0476174827472888
QM2R4q0SGdFcpQ8y7wTSiw,-0.051940358256960195,1.0,0.020618556701030927,276,97,0.071281296023564
QMbbErMrrp5mwg8oZwFE8A,-0.15024595730506196,0.0,0.0,133,42,0.0786749482401656
QMeDIEI1uCN4CWzWwzAnGw,-0.3449563859032003,0.0,0.0,71,6,0.0
QN38TkkGzF5vB1urbvi5nQ,-0.3342813712848703,0.0,0.011627906976744186,851,313,0.0569131431751239
QN_zsAFypp7lCuK7Txr-eg,0.20874995319889322,1.0,0.0,21,10,0.0
QO0ARm4gC4k5JQAWmtGMKw,-0.1757279789008841,0.0,0.0,185,12,0.0
QOyQSgog61fY8kI4IxIBuA,-0.2532039501804513,0.0,0.006097560975609756,905,175,0.027238095238095
QQHRhLed0B6aGqkQOSJr-Q,-0.17742012201210489,0.0,0.0,109,10,0.0
QQUDUU_4bCu2BIeofxaY0Q,0.04675056015042589,1.0,0.0,24,14,0.0619047619047619
QQiFz7ZkslaoPUJKZGKOxw,-0.27501333499525893,0.0,0.0,105,16,0.0
QQq1LwR-X1ZdpDdYIzNh2w,-0.35502893027010174,0.0,0.0,140,46,0.0
QS-MuBTaT5ufY22UGelWtw,-0.20977414388490867,0.0,0.0,19,5,0.0
QS6fgF1QGHC9lABq8S395w,-0.0372087335315372,1.0,0.0,547,44,0.0217171717171718
QSA-x2bb3kum9QLFpy7vUg,-0.10755642507835983,1.0,0.0,88,26,0.0659340659340659
QSzK9qwKPOIuxjflT6GOkg,-0.25048146731025495,0.0,0.0,44,24,0.0383333333333333
QTjtz-bfm8Yrrv6t0PP0FQ,-0.27346257788869766,0.0,0.010101010101010102,345,115,0.0538845331432644
QU3cET055Ewld3x_bxEtqw,-0.1426097808997483,0.0,0.0,246,73,0.0378514780100935
QVDdV_NeGwLho6qtBYtjuQ,-0.26060191724273973,0.0,0.0,136,31,0.0
QWZuvqTYTMncVdhulUU73A,-0.17730447649775993,0.0,0.0,1248,432,0.036536954549204
QZcLPdsNijgiqz-cds3efw,0.1723519681759026,1.0,0.0,191,26,0.0356125356125356
QZqNkjxX7xNg1RPFFVhB5g,-0.26895144679878424,0.0,0.0,49,8,0.0
Q_c7V501_9DFuefGNM1ZkA,-0.23269958760809667,0.0,0.0,69,17,0.0522875816993464
Qbb6nFPzPgvyCDvCd7OHqA,-0.30646635856023563,0.0,0.0,67,27,0.0
QcQjRgBOf_LYum2HALgM5w,-0.2327652919487262,0.0,0.03571428571428571,214,30,0.0311827956989245
QdUbpCOvFbYb_RzlPxOonQ,-0.32009213185267277,0.0,0.016666666666666666,282,99,0.0546416546416546
QdcTrQlwRi9Q3hcmpLi8Vw,-0.3345152458162732,0.0,0.010101010101010102,463,155,0.0245080137959019
Qdt45UfQRMCy7Zdeq1UcvQ,-0.14659226621877364,0.0,0.0,110,24,0.0
QdzVXx4rzlEf_6ERBWEjmQ,-0.0674462512470807,1.0,0.0,85,21,0.0432900432900431
Qe1ukXYUsvM-hOvpGvrVVQ,0.2053744256149359,1.0,0.0,32,9,0.0
Qe7PItqlut81ypED4uQpiw,-0.08602413824795563,1.0,0.0,71,9,0.0
QevbkuS9DhSXLM94bxudNQ,-0.35583408987552556,0.0,0.0,16,8,0.0
QfHcqJgrvBfgnyd9DlsZIw,-0.3884953392900397,0.0,0.0,85,25,0.0
QfO-suqu9rYaX0Bh2iJ4mA,0.004861555531888939,1.0,0.0,263,106,0.0
QfntRgLd_fR0krYYZWbeLg,-0.0679862628861998,1.0,0.0,77,31,0.0302419354838709
QfzhKUUUEOvHK7OuHJ5Cqg,0.3038825601182033,1.0,0.0,14,10,0.0
Qg9Sx8RwqnpYKQeSjfPh2w,-0.15390189137517718,0.0,0.0,150,35,0.0
Qge2dkrXXhXFEk6E8jysNw,-0.04662863813316964,1.0,0.0,265,96,0.0
Qh4SE3580B-nnH3DwuAXOA,0.017469489302207264,1.0,0.0,144,10,0.0
QhFftZD6diXpF11A9U2ZdA,-0.053964529049589594,1.0,0.0,438,115,0.0
QhIY6bUmaHK--NeSOuZ3Hw,-0.07888780800904072,1.0,0.0,51,6,0.0
Qi3hCb03SwNwPj_geMRQXA,-0.2516172599432852,0.0,0.0,116,35,0.0
QjQ-gtUnkne7jch0OLsPIg,-0.4393870022733043,0.0,0.006153846153846154,979,381,0.0250250048667188
QjktE2M71v56CVHERuyiTg,-0.2291379745228994,0.0,0.0,47,21,0.0432900432900431
QkOLTKmHsr2sDWlKxNuvCw,-0.3704903778406261,0.0,0.0,246,127,0.0225317989097517
QkcPjBcJ_ndCG60HWfZ-fQ,-0.3026985685365112,0.0,0.08333333333333333,219,18,0.1296296296296295
QlcQ6cBSKfK_upcBhAt8Yg,-0.3597075084040223,0.0,0.0,172,12,0.0
QlgkDPk0aS19t8L4aKT2zw,0.12367982339816386,1.0,0.0,53,31,0.0
QnFIWz-CgEVqQ8qhzFrl7A,0.18901230953941384,1.0,0.0,30,19,0.0
QnMTRCUEOgYBc3niKCfaUQ,-0.11322417736569057,1.0,0.0,94,10,0.0
QnVOsBJWKZ6nN79VbV6l2Q,-0.10028658327537965,1.0,0.0,1055,34,0.0522875816993464
QniIUsutkKPEUrwMvPGJzg,-0.3491957036130888,0.0,0.0,129,21,0.1071428571428569
QoezRbYQncpRqyrLH6Iqjg,-0.0882249576847488,1.0,0.0,968,339,0.0199157672174195
QpPc51mH86xyrRmnFijpTQ,0.18755554568424837,1.0,0.0,156,50,0.0
QpsBZDw-fE5r5_M6Vto_qA,-0.24641681633410373,0.0,0.0,328,95,0.0103070175438595
QqOKPUl7aNiW4IN_Ij2mBg,0.011284112879571206,1.0,0.0,28,9,0.0
Qrkk_LwIZhNDTlDiy5LYMA,-0.1696635618490812,0.0,0.010752688172043012,320,115,0.0328827183047133
QrsgwJ2YG73Ry3byIcABVw,-0.04406871881594243,1.0,0.0,88,8,0.2159090909090908
Qsd_S2f7fNFqngx2amRE7A,-0.18222707844044217,0.0,0.0,873,276,0.0339262187088273
Qt-yEn_BymopCRwkSJEW2g,0.09006824016058201,1.0,0.0,25,13,0.0
QwH__zx8N0TmF0r4o4yOuA,-0.017681252670927794,1.0,0.0,69,15,0.0
QwlwT9sJrf85RelP0frxcA,-0.039623706132381864,1.0,0.03333333333333333,64,34,0.0786963434022258
QwwNjAyC5I8inmb2lNYrAA,-0.09153475494925956,1.0,0.0,127,20,0.0
QwwljXNHdWjb6UkIFJZTlg,0.21554284463227796,1.0,0.0,16,9,0.0
QyEMjcD8NrWm-tFAUXprhw,0.16442114680754816,1.0,0.0,17,11,0.0
QyFLim8hxJR0jsY0jvJCVQ,-0.0005039043412360389,1.0,0.0,108,73,0.0
QyGPQg1-dIGAwPaBKIKMTA,-0.30465154056075994,0.0,0.0,235,87,0.0219553144775925
QyKBHL5X_02UBrgBxHPoWw,-0.07659842650608462,1.0,0.0,20,14,0.0
QyMpPd5eJCZLzuj-v-sLYQ,-0.007371799925919964,1.0,0.0,55,18,0.0
Qz-ns3UaKe8irtH1wOAjfQ,0.24429115833276305,1.0,0.0,65,6,0.0
R-EoysIkhjXJrIUvEgYYLg,-0.3014958019236529,0.0,0.0,114,8,0.0
R-qbcd-Q8fkY5mrR6b6ivQ,0.1712971793359755,1.0,0.0,12,7,0.0
R13Oidfd96gQqayPMA96VQ,0.5,1.0,0.0,12,7,0.1071428571428572
R22wAKcMz5BsZSQBRcyLHQ,0.20527476397152378,1.0,0.0,20,7,0.0
R2ZVVKXpZVQPj96cyDXZwQ,0.13864056690870386,1.0,0.04,147,43,0.0801583374567045
R2d7A6pIadcVOPPHCpffrw,-0.16212859271247948,0.0,0.024390243902439025,362,58,0.0978779840848806
R3NAV2ACaBFZXIwBTHhPaQ,-0.3072836745682741,0.0,0.0,527,42,0.0937183383991895
R3T_74k4uj2R6chmCruY1Q,-0.23318425371240714,0.0,0.0,1314,300,0.0129824561403508
R4V_g8fR2mB6RjvpBjBElw,0.26143407363558613,1.0,0.0,89,13,0.0
R5ycR4CZc1mNdxDtY2PYAw,0.053882560118203304,1.0,0.0,17,13,0.0
R6IRHj65pEE-YJHVudBuVQ,-0.1133174012835908,1.0,0.03636363636363636,397,77,0.0570161545771303
R6bUGKpWjX0qIVHjgTNOWA,-0.24720804179956857,0.0,0.02,202,87,0.0326947637292462
R6n618g5agn5lYIp3TnEyg,0.10963497785919307,1.0,0.0,59,7,0.0
R722fDi0r2oamiWjbnRP2Q,-0.2590915691288711,0.0,0.01694915254237288,322,103,0.0359314036838762
R7495xRbB78fr_VzGonJBQ,-0.4140290961909484,0.0,0.0,63,21,0.0432900432900431
R7ZqfB-4Z7jyl73iQ58nEQ,-0.39719968046636167,0.0,0.0,831,204,0.0188536953242834
R84qWSVghknKWKXPbKwYLA,0.3038825601182033,1.0,0.0,16,12,0.0
R8CIWGd0SADUQI0X_bydFg,0.06829185831304818,1.0,0.0,39,24,0.0
R8XNdKSd9078txLtRAhvUw,-0.020206373231852925,1.0,0.0,8,5,0.0
R8ty0f2b-G5Qh1h-NGQDrQ,-0.14063696977638585,0.0,0.011695906432748537,570,207,0.0275793245787121
R9VYqhQeGtHpaadx4eK3_A,-0.011904485681988208,1.0,0.0,114,62,0.0302419354838709
R9qdziBWlg89-wHm47SMWg,0.7769412800591017,1.0,0.0,7,5,0.0
RA90yF4DWcRIcDj8S5qkZg,0.06187221352346628,1.0,0.0,18,6,0.0
RArLnyQn4RZrf1SQ9rOJcA,-0.28987497342868596,0.0,0.0,69,30,0.0
RBCtHLVvc230q8zkRWIoyQ,-0.21174292372405146,0.0,0.02158273381294964,321,165,0.0449115431774391
RCakEv95bIHqYkhMXZwGmQ,-0.3122090243308624,0.0,0.007352941176470588,532,167,0.0547379816637911
RCy4M2ND4YK0uRbodV_v8g,-0.19848002023236822,0.0,0.0,917,73,0.0133283968900406
RDSHenlM3jZ58LkVw4qxng,-0.06532564779299921,1.0,0.022222222222222223,115,72,0.0262762762762762
RDXH141tT8d0FabI0dpr8w,0.18891451805565018,1.0,0.0,23,8,0.0
RDbNHzbnZ-gRcB-jkG62Yw,0.7769412800591017,1.0,0.0,9,7,0.0
RFIHFxmNH9dM0ouz2N8ZjQ,-0.24949131188596052,0.0,0.0037593984962406013,672,268,0.0346290132073445
RFISCR-JSYQ7wQ3V_fpkLA,-0.38906207388839203,0.0,0.0,329,62,0.0
RFTz_DEyA1PZANcF1rQYPg,0.10383519882434622,1.0,0.021739130434782608,110,52,0.0659340659340659
RGMPK0znWtlP6Sr9yHntsA,-0.1494834325669534,0.0,0.0,35,15,0.0
RHA7txgJwqFBMOdcGLS3AQ,-0.009285431618436868,1.0,0.0,152,50,0.0192156862745098
RHKhrJeq5iDRxYgobK4mCQ,-0.04574554029578359,1.0,0.0,124,8,0.0
RHj1RITdSwuXTc-lfJPO-w,-0.3398211999234093,0.0,0.011363636363636364,1066,201,0.078647856607374
RJAp_FVSpU1KtbWc96jrvg,0.07312430940619818,1.0,0.0,134,53,0.018169112508735
RJ_FlAlEUf8ALPxsEGn1Ig,0.023534543727130153,1.0,0.0,284,32,0.0293560606060605
RL6BaK196Scg2DEY3Uc1AQ,-0.22174858577080658,0.0,0.017391304347826087,400,160,0.0551470588235292
RLoGgt2GGC8wHpZ7K2ZbRA,-0.1704021614105682,0.0,0.0,640,148,0.0256045519203413
RM7pUkMtXZIO137ShDJsYg,0.23877405345451436,1.0,0.0,21,14,0.0619047619047619
RM8KUqpvhBP5FhGJ6Eqp3A,-0.145890605454083,0.0,0.0196078431372549,257,134,0.0595449326792612
RMRlzkMedvSjxFLN9cIJSw,-0.13256581658468392,0.0,0.0,31,10,0.0818181818181817
RMYjaB5krFGCtlOLf5TBwQ,-0.27031410671768275,0.0,0.0,331,193,0.0101501262123022
RMZOOXWt6S0FkzjsuwjP0g,0.096239133860484,1.0,0.0,38,10,0.0
ROcDKj3OnhC0Uem0dTGAHw,-0.06810081757603037,1.0,0.0,52,38,0.024966261808367
RP8JKUeQHwz_aRYjmipokw,-0.3298522013410218,0.0,0.0,483,156,0.0124959428756896
RPLPto1ejkyE8vsGOV5phg,-0.21031189241834325,0.0,0.0,55,27,0.0
RPgiI4k8cSwta5C2gFkfTQ,-0.022529714097028197,1.0,0.045454545454545456,119,34,0.1006191950464396
RPszRvgRQR5q7WMGhVNLCA,-0.21974470857847006,0.0,0.0,251,22,0.0
RPx5kihFmtHgHRSPsPVC8Q,-0.1990608885707149,0.0,0.0,78,25,0.0
RQ9RnhKijxH3vvBbXm323A,0.09767039275610556,1.0,0.0,36,6,0.0
RQBwDVWNCyhhsLcyD6rkMg,-0.15967331568417187,0.0,0.0,166,40,0.0452380952380953
RQGrUjVhkjO9g-C-vl_nzA,0.19312109878914252,1.0,0.0,57,30,0.0583333333333331
RQpPCFJwPaOOCqX6S3nujw,0.27050551082219765,1.0,0.0,28,5,0.0
RRqSl8wmYpVP1dQZgaEn8Q,-0.23083408987552556,0.0,0.0,20,10,0.1333333333333333
RTEaH3i8X3yCLNjOdPw3Pg,-0.2582004822512488,0.0,0.0,48,5,0.0
RTlW3VQFTlIJSgSbf_1RcA,-0.270124143770694,0.0,0.0,156,74,0.038083538083538
RUW5ahcbLe5kKYnEZtqRpw,-0.32936039844124415,0.0,0.041666666666666664,123,92,0.0106358111266946
RUWCx8WPhq4JwQjv_eGZ8g,-0.23880150522054655,0.0,0.0,255,137,0.0467356042173559
RUgPcPSdvwvCKMzl-au5yQ,-0.10881391229355386,1.0,0.04,70,32,0.0293560606060605
RV4PKQxkJjF7VrUfuZgwLA,-0.15816696722753854,0.0,0.0,44,14,0.0
RVD0t9-pUTbcypj45FBsNg,-0.07856968543807652,1.0,0.0,90,37,0.0256045519203413
RVIDySg190UzD4bipBqSOQ,-0.10673893898013864,1.0,0.0,166,26,0.0356125356125356
RW3iQlF3KB-BNg4V4f4dkA,0.12026696907871604,1.0,0.0,25,16,0.0
RW9kgSc3ijbmnayAlVHzGA,-0.03151512388595501,1.0,0.0,96,21,0.0
RWnrlVDBTWRUaNXwwcoCLQ,0.33746194737143653,1.0,0.0,23,13,0.0
RX3gzXCiKOe2vI7zyB20mg,-0.14022302373983686,0.0,0.0,223,53,0.0648791790797749
RXh8dnA0yZzGmRNrxgDgmg,-0.22305871994089835,0.0,0.0,13,11,0.0
RXhvlDppMyw6vhTxQX5kSw,-0.14629750487705917,0.0,0.0,73,8,0.0
RXulUc5AcuclmU0FdQ2quw,-0.18820015396719902,0.0,0.0,239,12,0.0
RXwaoArqhi_-JnZh5MH_ow,-0.06031012324062146,1.0,0.0,671,49,0.0831443688586546
RYYMQiesuGflwx1IsAM8gg,-0.10019444885920248,1.0,0.0,222,122,0.0159968270756214
RYbqjtb0P6fNQh-Txs4LBA,0.6941975152987279,1.0,0.0,19,9,0.0
RYfl2IphOq0xFN0N8pzXQQ,-0.35907064815676826,0.0,0.0,779,234,0.0361401287327214
R_3EhO4r3kMSw_W9DpbYaA,-0.1592835513385542,0.0,0.0,194,11,0.0
R_8S3Iuhpzoi3nM-xq3kcw,-0.17733558483204037,0.0,0.0,411,101,0.0365865157944365
R_ETro-Bhca3PGyosh56BA,-0.1920315277996626,0.0,0.0,118,63,0.0297924297924299
RaD4AOWsvutdqV-kTpjZjQ,-0.2694749255879203,0.0,0.02197802197802198,1127,107,0.0265080713678844
RbM-F22RcF5i2kDQ3jU1BA,-0.28964494323169254,0.0,0.0,215,85,0.0428288169200263
Rbd9lrMElo7Tzt_v1UvKxg,0.1301381154185124,1.0,0.0,39,14,0.0
Rbu1ie-5KHHbuSCqyRFrDQ,-0.27087112669865177,0.0,0.0,213,73,0.0259360730593607
RdFgbrE_8sf6NImEMopaPQ,-0.22323508656625074,0.0,0.0,478,141,0.0069923084606933
RdIffoaCKPkct-1EjP3JCw,-0.1836758287403546,0.0,0.03225806451612903,309,69,0.1096246748420661
RddG_iqsIhcnBG8vLqc_-A,-0.3005620422408054,0.0,0.0,715,135,0.040661938534279
ReKQjTVB8L2vnaxZKmRUpQ,-0.484589486239762,0.0,0.014150943396226415,911,269,0.044451475124575
ReX09lhufLTAx19krkltDA,-0.279421566656877,0.0,0.0,4804,1260,0.0183639914948325
RelZM_5DBaBdixZDFfyyTQ,-0.2316785698535534,0.0,0.0,177,9,0.0888888888888888
RfDHvt_s1vuR6dnhZ890Ig,-0.45164233404323195,0.0,0.0,240,91,0.0
RfDM_uKnm093LvNnoKq0xg,-0.08994766877210736,1.0,0.0,268,138,0.0140786749482402
RfiyYH8ZEpHflMI9ZMJNGw,0.28207369135961624,1.0,0.0,11,6,0.0
RgVcY0hWnkZkP76cqb5ZhQ,0.3038825601182033,1.0,0.0,15,11,0.0
RhBsbZ8N_bSH-jD9X9FFZg,-0.09436689411572319,1.0,0.010526315789473684,424,116,0.0395411798233116
Rhou4pBQXvlPdw6YAP0VRw,0.07777822515716071,1.0,0.0,37,21,0.0
RhtWU4tTmfzC-715ltmv5Q,-0.11876423467416675,1.0,0.0,57,11,0.0
Rj7TzLBeGt6gq6Cafqz90Q,0.4379218621815767,1.0,0.0,82,15,0.0
RjKTDimEapGJGtxIMnIwbQ,0.23121832075586946,1.0,0.0,45,12,0.0
RjPfO7a5IoGcAljTL9ZxBw,-0.07594806422497025,1.0,0.0,94,40,0.0237804878048781
Rk0SeN8Ur_Z7cVHZttGLKw,-0.11505084179169334,1.0,0.0,28,7,0.0
RkRwYRTQSgLtqRo_lODaLQ,-0.13058054888095028,0.0,0.0,410,86,0.0431524547803616
Rl7W2JPAUWFo2ZZdVeGAWA,-0.2080832440018357,0.0,0.0,131,59,0.0316754654070574
RlKxbcxLSUqjqL4tv4mOKg,0.09916736073066845,1.0,0.0,107,25,0.0
RluKriAcsLRb8WyJs_uubw,0.3131269601014804,1.0,0.0,11,8,0.0
RmEuAg_sbAI7DD3BurvO8Q,-0.23212703494276565,0.0,0.0,109,20,0.0
RmZ9CORyRONwfJYGrPPpbA,-0.0732015497725701,1.0,0.008547008547008548,502,152,0.024966261808367
Rmr_kEVZGzIqzLRjWsmP-A,-0.11632625111463035,1.0,0.0,81,6,0.0
Rn7nEFp5Vj-Wa6SdRONIFQ,0.5035581006263841,1.0,0.0,41,22,0.0757575757575756
RnYIZ1N5xRiA09DiEt947w,0.4483618579075106,1.0,0.0,21,12,0.0
RpY32D_zRYFQPYHlrkDi9Q,-0.14105313967305155,0.0,0.0,87,26,0.0
RpxJ4-rYuqAI2an7WGELFQ,-0.2982618175774965,0.0,0.0,245,35,0.0
Rq3Wjcg5ULV2yn-AwcmirA,-0.149719048673991,0.0,0.0,45,18,0.0
Rr2zNZ6d9_yipQLsdDq4tQ,-0.0475650487780207,1.0,0.0,61,16,0.0551470588235294
RrqRin8BYGrTlJbCDwtLzA,-0.18268350529139477,0.0,0.0,395,50,0.0376923076923076
RrrgvkKwwq9FHayFKwOI3Q,-0.17083668711969668,0.0,0.0,100,5,0.0
RrrqJ2XY0CXNBot7zsdXPQ,-0.33148876148627593,0.0,0.0,320,167,0.043524379811805
RsJE0PIwTgKSB6CHmutjAw,-0.03261454471093417,1.0,0.0,59,12,0.0
RtJC7xavgAxOITQyAlGCbQ,-0.24261669675188247,0.0,0.0,400,95,0.0
RtsxLNG5ta65Gatr09cnPg,-0.18004238237793369,0.0,0.014285714285714285,181,113,0.062458860528048
RvV-egTT16QOsKw7DEu2NA,-0.04041274646370585,1.0,0.0,24,14,0.0619047619047619
Rvgiu99ueTM0i_a7TbsB1Q,0.04223942955634452,1.0,0.0,17,6,0.0
RvidXO1i2keYPsmZE41NBw,-0.1540092759552576,0.0,0.0,142,10,0.0
Rw8Zf_snPdZO_B3XFOsJ6w,0.48493848663921735,1.0,0.010416666666666666,432,98,0.0648202137998057
RwVutdZEZMQn7qfnlWGL8g,0.1345446846411691,1.0,0.0,44,16,0.0551470588235294
Rwirqn9cmt5xhTUZ5V-idw,-0.33702427642573374,0.0,0.0,197,76,0.0364756828780814
S-O5ht3Z52FZiVoOhl9BRA,-0.1862309792055581,0.0,0.0,166,11,0.0
S0-IvLgMuzpjGI_DpLs_pQ,0.46340123013924983,1.0,0.0,31,23,0.0
S0DD7L0Cu-fzIkzHEmjzTg,-0.17125724250815977,0.0,0.0,75,24,0.0
S0UPup0pLE9knjrwc-kAdw,0.41541192008865246,1.0,0.0,22,18,0.0
S18_H6x5IisrGmIW9ITdlA,-0.05648799531932447,1.0,0.0,392,12,0.0705128205128204
S1FwTmCAwv5ulu5gToWi_w,-0.4478891778883001,0.0,0.0,957,290,0.032712643678161
S1HBESEvvKLcMTy1uz08sg,0.058012662057219666,1.0,0.0,124,32,0.0551470588235294
S1JGVt_nIqTpCyjrzQZ9Uw,-0.07226280064468737,1.0,0.0,120,21,0.0
S1yt3sGBqgwAjNzZd2r08w,-0.15065280213129661,0.0,0.0,53,12,0.0
S2I4-Vjo6koQg-kiXwEkjg,-0.26347171266252223,0.0,0.0,179,20,0.0
S2cKcdtOIDFyUfXYNPJUIw,-0.269086758498046,0.0,0.014044943820224719,1323,410,0.0513884977186953
S2f17_R3I2CXculeMDZAig,-0.14101454111536937,0.0,0.018518518518518517,139,77,0.0366883116883118
S2qHo7frBbF7dWwmvxGZTg,0.3310878134742149,1.0,0.0,13,7,0.0
S5LnH1njwFBlq77tIkjI1g,0.38404672674355456,1.0,0.004830917874396135,400,229,0.0043288399468388
S5VH9dR3nCgNO5C0M_HttA,0.795166106728746,1.0,0.0,17,12,0.119047619047619
S5oafgiMvZU5AucxmX2xsA,-0.1064800410362089,1.0,0.0,45,29,0.0600667408231367
S6L5hB5r9_j6UeanowxRvw,-0.3357497954657995,0.0,0.0,1501,254,0.0299332812406083
S6tR7vBAg-3b9mGLB13-Ug,-0.1294809866110781,1.0,0.015625,460,163,0.0557466576828966
S6xjG5thtYKhNpFulIo10Q,-0.17970360916564965,0.0,0.0,46,8,0.0
S7Cl9gYqaC9jlw32yd4_Yg,-0.1266154388984334,1.0,0.021739130434782608,1234,50,0.0192156862745098
S7sKdwrSSzwnJqGY4hPkcA,0.3131269601014804,1.0,0.0,9,6,0.0
S9IFCU4FKCqEriV1Rr2ZcA,-0.26811869230001406,0.0,0.010416666666666666,1134,315,0.0386372435152924
S9w3hD8kv5VIIJZ6t5BvwQ,-0.14788070508666817,0.0,0.0,35,6,0.0
SATUtY_PGhTicpMwDF8nMg,-0.08780484025144708,1.0,0.0,187,33,0.0
SAfcQECTvbjL_go6qn7gHQ,-0.020206373231852925,1.0,0.0,9,6,0.0
SBIvXnAHFPSFk7DNLtNUSg,-0.03733129491738063,1.0,0.0,70,6,0.0
SBs30RyeoiEU2LjeiH1YFQ,-0.020206373231852925,1.0,0.0,16,13,0.0
SCvq_xornY-FU7yGB7ZzeQ,0.20749900685718337,1.0,0.0,71,18,0.0888888888888888
SDF1usj2mnUNqbIy4JBQTQ,-0.047148571116286786,1.0,0.0,105,24,0.0
SDuDbDZfEKKR3mwcrNsz5w,-0.058641795350469206,1.0,0.0,273,58,0.0466365178066705
SETJPjryrcYvo2ezLm0WaA,0.02055112249419333,1.0,0.0,127,18,0.0497076023391813
SF35XOX6vmx_NMzoQ7RLkw,-0.07303281139163531,1.0,0.0,32,12,0.0
SFnD_MIA4w7emObpbf6H3A,0.11164311035515828,1.0,0.0,115,54,0.0343915343915344
SG9_UvGkcsArW6oELZ5XFg,-0.25856372314259535,0.0,0.0,34,12,0.0
SHbYc3bul_1IaifoHlT3iw,-0.11331469344130529,1.0,0.012345679012345678,201,83,0.0445921617504501
SHhgDe3KB2ycYxUG_mI-HA,0.29181402216392494,1.0,0.0,37,14,0.0
SHlngye8ADgmOcU-oXjXaQ,1.0,1.0,0.0,8,7,0.0
SIc1YcqUBMdXO3LxgCur2g,-0.2781360139878618,0.0,0.0,420,145,0.0134177809054656
SIyJZCEjcu8fCnQ7Hh5A2w,-0.35480028171166267,0.0,0.0,102,41,0.0442427680090753
SJ3JA9EwBmQeQJXxC8T0vw,-0.028702820664024464,1.0,0.0,15,10,0.0
SJ_hPrUQa0l3PS2vQi-0yw,-0.09970702858786329,1.0,0.0,30,8,0.0
SK8mugK0lNcb0okR5pQ8pQ,-0.2731602701285577,0.0,0.0,447,250,0.0337451737451737
SKHxYjxnganAHf5l_yB6Yg,0.08279556045468972,1.0,0.0,18,7,0.0
SKKiHIOPKD3wdf0heTBfZw,-0.19087879747661474,0.0,0.0,778,244,0.0158646218931781
SL1CvdV8mqc8xqTJAR4kNw,0.19907233038877914,1.0,0.0,19,5,0.0
SLWYIXWq2hAJAErn_icdXw,-0.3445973492221315,0.0,0.0,214,139,0.020670787313811
SLfImlmwJaSL5qwgzWrscQ,-0.3293076037818621,0.0,0.0,47,17,0.0
SLreQZjicOqB_7MCfJ8MdQ,-0.1650150766202947,0.0,0.0,468,167,0.0445508982035929
SNYpn2BdTbz8QrrfH8rvdw,0.03349696499291965,1.0,0.0,63,12,0.0
SNxj83jaoq3p4NmpLtsPVA,-0.1690251718974941,0.0,0.0,189,80,0.0121913580246915
SNzMPnNJgzaCtDY_uhW4xg,-0.0007052792331507796,1.0,0.0,49,17,0.0928792569659442
SO0dcsQP6I83i4QIZg0Y7A,0.1288843513966924,1.0,0.0,25,5,0.0
SQCqLXBnzU3Bw-SiLLvgqg,-0.18194291250466066,0.0,0.0,200,20,0.0
SRi09Oz23ob1LGDudhUoQQ,0.06743418341531615,1.0,0.0,44,24,0.0
SS4__vpB-2xeX0DFARgl0w,-0.29405875382715485,0.0,0.02127659574468085,168,54,0.0343915343915344
SSKhM0-bEYv76DcExRAiSg,-0.0028608452986841337,1.0,0.0,66,24,0.0
SSYIVVD1qad7Sz6vgJAhpQ,-0.18066776521171113,0.0,0.0,93,7,0.0
SSflsIndvh-xokDPiqZFPA,-0.04866637316587863,1.0,0.08333333333333333,43,17,0.0990712074303405
SSngoZZUm4EwQ7DBCsKNFA,0.1770158234360606,1.0,0.022727272727272728,82,49,0.0195918367346938
SSp4GBRnvdnuLRCIH4v_mQ,0.5712971793359756,1.0,0.0,11,6,0.0
STU4v_QuqjpsUJmWU535pg,-0.10126156066625602,1.0,0.0,393,123,0.0232288037166086
SUpQ7uFtXvdzgVubewMV8g,-0.23359541457967636,0.0,0.0,1085,217,0.0302419354838707
SV04xdj87VOEa4GJ2dZm_g,-0.17578526873832723,0.0,0.0,120,44,0.0415019762845849
SVN5tqic3QoK1hhfPU4u4w,0.12265528129513648,1.0,0.0,28,5,0.0
SVXr9Ta3-o2TJfmDEBuK9w,0.23337822918764023,1.0,0.0,25,11,0.0
SWKjVbrlsrDibS-spyJCDQ,0.16672427056633243,1.0,0.0,49,10,0.0
SWP5Cck3Hd_g-KWfVkF_IQ,-0.021058080794837286,1.0,0.0,46,26,0.0356125356125356
SX_gjDkV6y3iWyTcK9OLcg,-0.5692635426297594,0.0,0.0,277,9,0.0888888888888888
SY8-rMi4JMPEQJ0Wzqd-5w,0.0,1.0,0.0,15,13,0.0659340659340659
SYHDOHRNAH-2xsw3XB5qbg,-0.22502448062250685,0.0,0.0,3387,1108,0.0149049338146811
SYb7oCytGSV6a3RnSFnE1g,-0.19704205821008935,0.0,0.0,344,212,0.030908072714741
SZnKIC9zVn_DJH6eC4ROIw,0.2309378618089074,1.0,0.0,13,6,0.0
Sa09GY2yv5gn15qfZ5JKsA,-0.1353674605900973,0.0,0.023391812865497075,544,215,0.0499129187583238
Sa5Ot5Vuxqabt-qnq0q0aA,-0.1511063342069333,0.0,0.07692307692307693,104,55,0.0628659476117103
SaJHvbrvy-ndxLf85mAVXA,-0.19217694017448805,0.0,0.0,151,46,0.020814061054579
SbGlm_zejxo5hec2Kniojg,-0.3494875999977125,0.0,0.0,168,14,0.0
SbMcDs06t7IPgXALJ2aNZg,0.6464602934348138,1.0,0.0,12,8,0.0972222222222223
SbhE1Ns2EQ_ROA0qsR0dfg,-0.1356862016678937,0.0,0.0,869,47,0.0
Sbr8tgyW9uaM594JIw9AWA,-0.16003630100266852,0.0,0.0,195,22,0.0
Sc6gWuePeh7WnxQMVtSF_w,-0.03127887868144563,1.0,0.0,64,45,0.040661938534279
ScWo1fsKbn6vJftI49bqcw,-0.0671218530277532,1.0,0.0,418,72,0.0497076023391813
Scd-rcsQCn60t1sHHFv-og,-0.2783827407349382,0.0,0.006535947712418301,770,183,0.0538561207819277
Sckvwz-t7-oMXh_JNzxg_Q,-0.13186771985075713,0.0,0.0,19,7,0.0
SdZ9ldwNbAOCf_DeUMN4Ng,-0.20661814764210984,0.0,0.03333333333333333,199,69,0.0273525209226372
Sfml-YTCGYKiCpLlP7dAMA,-0.485246267604108,0.0,0.0,93,27,0.0
SfpJLbqHjLTR6FZ0s7upXQ,-0.3848579980336582,0.0,0.0,47,9,0.0
Sg2i4zlCcsGUlh5TPMz8uA,-0.10320536724891238,1.0,0.0,195,24,0.0383333333333333
Sh92jt5l8UtW3Gs-RbbK1Q,-0.04853438651742381,1.0,0.0,63,51,0.0
SheKIt6Z_h-yzbkU8yjoPA,-0.22994564387959138,0.0,0.01020408163265306,354,134,0.0587099467696483
SjOD3i2vTmPhS4Ez4dUtpw,0.009155857967604875,1.0,0.0,20,11,0.0
SjiRaZoWaDpkCCpq5SsrMw,-0.40611734724357507,0.0,0.0018148820326678765,1397,567,0.0103603977949529
Skjt4qu-ix90v4r4blJ07A,-0.021168165134210604,1.0,0.0,70,17,0.0
Smgf64BYMd1F-W02PSKswA,-0.36785098306512776,0.0,0.0,134,73,0.0378514780100935
SmoEzF8pka2rCG_HgE21zw,-0.09410472748399812,1.0,0.0,32,5,0.0
SoFMoWEQatAfLLktojPJSg,-0.29012508350861177,0.0,0.0,178,53,0.0780741704619387
Sp-LM7L_6M-MPo5NCHw8Og,-0.30828502845472994,0.0,0.0,297,108,0.0262762762762762
SpKppNFimODBt-BZ0c2WbA,0.04675381593818684,1.0,0.0,43,10,0.0818181818181817
SqnMmUeoWrc5g66wAHOq4g,-0.21969300389590485,0.0,0.0,355,132,0.0074618364092049
Sr0MtMVsXpYu8-PTJDg44w,-0.08173470475372979,1.0,0.0,79,15,0.0583333333333333
SrtakCRVHSFOWtI70wdVnQ,0.08185393016170694,1.0,0.0,115,71,0.0136932707355241
SsB0kJpBhIDK8CrcRWXuYA,-0.15998378909307165,0.0,0.0,587,50,0.0869090909090908
StvwzSjNX5Aki0yBafTcmA,-0.3037189878362786,0.0,0.0,382,33,0.0536796536796537
Su1Ghu4OcR0d-xDLGPkNYQ,-0.2612743820421115,0.0,0.0,60,7,0.0
SuzwgDT71HxOccHXsBpJag,-0.19640351521118493,0.0,0.0,50,26,0.0356125356125356
Sv56wBnEoygNYJqYMfyC-g,0.24581596562490382,1.0,0.0,110,14,0.0619047619047619
SvyQvFlUb3R-8KhEIFPRxQ,-0.3010609018393993,0.0,0.0,60,11,0.0
Sw8uw0pmocFqzBhq0AP5Bw,-0.06524502593686832,1.0,0.0,173,75,0.0252813852813851
SwBhaxfQPbyhsi0QHUAN0A,-0.22479675032198343,0.0,0.00644122383252818,6215,739,0.0930644993810971
Swk_Fdv-gRY8zUT2ft18Kg,-0.13593826048996216,0.0,0.0,72,26,0.0
SxN12oF4s2DXL5W2zfqWEg,-0.3521383784629067,0.0,0.009433962264150943,228,125,0.030015503875969
SyKHFYhRzW1hlwDga5EWWw,-0.22248394147538364,0.0,0.0,3596,194,0.0469476450373964
SyiPLENX6wMfagzrsw2aFg,0.017605990170626362,1.0,0.0,471,88,0.0516862170087975
SzCgcj-r-iEzWtRIuhmr0Q,0.21681469716597113,1.0,0.0,53,28,0.0332512315270934
T0L0KltiJMAtrYHjqyuoMw,-0.11984880864467007,1.0,0.0,96,16,0.0
T0qzsFxkHK9w1afnmns4fw,-0.1106603960947522,1.0,0.0,319,102,0.0096135541595279
T1LvW1XqOYk7and065iXYQ,-0.190864768739321,0.0,0.0,906,339,0.0143205049049874
T1a5ODI7B19pLQVdBIs8Gg,-0.05358597982538682,1.0,0.0,32,19,0.0473684210526317
T1ujc3o1TVkr0DIc3kCjHQ,0.008954638934878356,1.0,0.0,35,28,0.0
T3FF-JsbLeBIZJS0RcZdqw,0.1788825601182033,1.0,0.0,17,9,0.0
T3Z5p2_2tJrFdD3ohUE5Jg,0.4513802186507363,1.0,0.0,129,70,0.0269841269841271
T3g3tcBive58pmsbB_nkLg,0.0926122780489611,1.0,0.0,32,17,0.0
T3rmAaYv-zDGMmlQtO_SJQ,-0.17378516660027388,0.0,0.0,85,14,0.0619047619047619
T4-vocFpzwlIxAQIi22FFA,-0.1177585492856501,1.0,0.002890173410404624,892,511,0.024342331306673
T4JsC_1U0ctm0XMy6g8PTg,-0.27704989741969555,0.0,0.0,114,18,0.0888888888888888
T4RdefWsIRfo_36Bv8X15g,-0.10344315042150887,1.0,0.0,62,8,0.0
T5BTWxPdcCodK2JMPcPD0A,-0.1376091171207171,0.0,0.0,132,15,0.0
T6HVr4su70-JEo0XDDV9dQ,-0.0314324158865078,1.0,0.0,142,35,0.0
T6OtDhpyfyI_ZCK5zE8UuA,-0.23974041141997648,0.0,0.0,427,40,0.0
T85Ck4uybby0-klUlxF_nw,-0.28152122722254014,0.0,0.0,439,158,0.02406626035318
T8CRW0yUTIQdW91XQp4EWw,-0.17179080644877043,0.0,0.0,60,8,0.0
T8I4aeFWzcha5Y5C57WsdA,0.38658852016252954,1.0,0.0,17,9,0.0
T8KnchPug4GhrwvueZUspw,-0.032150844837871895,1.0,0.0,46,15,0.0
T9sdnqG0AnXv5xkVy7b4RQ,-0.156873087721757,0.0,0.0,73,17,0.0
TAjUu0R-Owhu0cFZ4R_I7Q,0.2769412800591017,1.0,0.0,7,5,0.0
TBmOpMQfWJy3v3b713X6wQ,0.1475577564430881,1.0,0.0,121,36,0.0262762762762762
TC0SkzAqSdbmX0bYyvoJ8g,0.025890475776546795,1.0,0.0,90,22,0.0415019762845849
TCROPjxfzCZzrQjqLqstSg,-0.09757142957083575,1.0,0.0,217,53,0.0648791790797749
TCYDFBbn6oW3sTO9Ub2hCA,-0.16825848537038923,0.0,0.0,135,36,0.0
TDJosP6sAx1-ONY28Z7-Fw,0.37129717933597556,1.0,0.0,12,7,0.0
TDWeczZPdLs5xhTmuh3vHg,0.18350148047618142,1.0,0.0,17,6,0.0
TEMI8cox1nHyZu3NAnC0dg,-0.15007055031318484,0.0,0.0,154,15,0.0
TEv0kn08Hq2UZ3k74Ieh_Q,-0.25316848641054446,0.0,0.0,695,186,0.0157307845479888
TF3qNGUBUgIYp6u0j79JHQ,-0.369423036260509,0.0,0.01056338028169014,2411,702,0.0543876175596607
TFul4GrkKtL0TOkW6toYig,-0.21497429510336186,0.0,0.0,25,8,0.0
TGicQ2Jbe05WIV4rDUFk-g,0.036656607775773065,1.0,0.0,44,21,0.0432900432900431
THSP3XyEjOgqpXcqwJoCyQ,-0.19088279596345914,0.0,0.0,491,139,0.0863309352517986
TI3Rydw47yBMzY1oW2wJUg,-0.26546570014026194,0.0,0.00684931506849315,786,152,0.0364756828780812
TIMYy-4DvpDEaJGzzMoMCQ,-0.2710697058931284,0.0,0.0,49,19,0.0
TIQz_P42B1BtCJyg2YUhLw,0.44618594174852966,1.0,0.0,14,7,0.0
TIxOovwQuNp5JYh7VaiD_A,0.27590123013924983,1.0,0.0,38,22,0.0
TJUALKgDgyGaEffzmJ7WoQ,-0.28093888458641125,0.0,0.022727272727272728,552,46,0.0907928388746801
TJaImyntBu0ebKugcyj6eQ,-0.24603644619339693,0.0,0.0,346,129,0.0150304751760459
TK31nJa2D8wYzgR0yaxTHw,-0.33557885319245184,0.0,0.2,20,13,0.0659340659340659
TKTJZCIeYx2wGaxjLYnC6A,-0.25889079306652374,0.0,0.09090909090909091,62,11,0.125874125874126
TKpt60GHbIZEt8aA3AB9Cg,-0.2067017582094064,0.0,0.0,117,82,0.0119012635909492
TKzt7jlAgLRJe4vzQje1bA,-0.12618476795541334,1.0,0.0,829,148,0.0194648290674779
TMT9U2da4ewGbk38X54KJA,-0.19583538709097592,0.0,0.011627906976744186,219,102,0.0188536953242834
TMfqKovAdxptiQTqv5gslg,-0.07323268716857567,1.0,0.06666666666666667,110,16,0.1994047619047618
TNtiicqWe0CgdmjWhm60HA,-0.07512584459651372,1.0,0.0,53,21,0.0432900432900431
TOGQERO4hdon5DoVXHooEw,0.0587244623989156,1.0,0.0,14,5,0.0
TOgkopnDE5q9mT074TDeeA,-0.23726408842751778,0.0,0.008849557522123894,457,142,0.0393033878949371
TP3LNjHNph_yacJ_fo3ULg,-0.24096592929360472,0.0,0.0,113,10,0.0818181818181817
TP3dM7jh5_pTp1DKci_eSQ,-0.18394043218435197,0.0,0.0,233,18,0.0
TPNv3aGh3UKoZ8iAcpbWKA,-0.1477561136642095,0.0,0.0,151,13,0.0
TPYRKrXsdUfOUQNFm6w_3w,-0.3013974504751955,0.0,0.0,258,100,0.0452380952380953
TQGnMEbtvn4B3K6ZQIN9cg,0.23137808018982708,1.0,0.0,14,5,0.0
TQHkhkAenVgUQaf4Hf9gkQ,-0.13076980483433487,0.0,0.0,36,19,0.0473684210526317
TQPs9n0t8KUcxhrHO-N6ZQ,-0.10922969401073657,1.0,0.0,68,17,0.0522875816993464
TQloD2_k3J67Q1J_picgfw,-0.2814205088924838,0.0,0.0,316,43,0.0434108527131782
TS-NZ7L-hQtmcGDG79P2cw,-0.3291020370650489,0.0,0.0,95,10,0.0
TSQI_PnJDdGgN8-HtbFALA,-0.16432386352458672,0.0,0.0,164,7,0.0
TSkZWzfBuBr224eBMczZ_g,0.44618594174852966,1.0,0.0,34,27,0.0
TSxF44padg6v9AxLJp-hag,0.02142539227807183,1.0,0.0,475,44,0.0
TTl2V6mG7IAMi_JK16bgow,-0.3179078341512581,0.0,0.0,64,24,0.0383333333333333
TUmDqPWKfovIhDSEh-TC2A,0.043779373502276786,1.0,0.0,23,11,0.0
TUpEcktoaIHfegZywmDbuw,0.0036483524607232587,1.0,0.0,119,90,0.021256038647343
TUtOrI_GnVwSuHHTTEN8MA,-0.38759799992151284,0.0,0.0,1160,301,0.0281641839031188
TVv-Rijul-b1GoIZ_zq-7Q,-0.12631756642574388,1.0,0.0,96,62,0.0439205955334986
TW--ofc3fcj2LM1Y-UK5rQ,-0.017024789451745015,1.0,0.0,1337,176,0.0422430830039526
TWc-JsAnv8fssj3nJz_oRw,-0.0976286325904584,1.0,0.045454545454545456,268,55,0.0489028213166145
TYH8eFPHCvK-7Y0CV7z1Zw,-0.1395343933722356,0.0,0.0,273,26,0.0
TYSI8iapliyWOAmNi2RJzg,0.3310878134742149,1.0,0.0,11,5,0.0
TZ9eAkKBKxj4HF_4rga9Gw,-0.413737261834381,0.0,0.0,297,147,0.0441735135612686
TZiFEVqaVckIANgI6Wx3zw,-0.007149796616743087,1.0,0.0,18,8,0.0
TZvtPXSYAjMFe0-ddll9FA,-0.029948485551244186,1.0,0.0,274,55,0.0
TZw1VM4-B6HLS0ZPXs-hHQ,-0.15408043863108367,0.0,0.0,1170,51,0.0537400145243283
T_bk3j3xvRWYpQ0YAgvhHg,0.17617791463498145,1.0,0.0,68,16,0.0551470588235294
T_dAeyp_OLm8GuyKZL97Hg,-0.3030678205782808,0.0,0.0,428,124,0.0
TbFx64U4Gk2k-Yd0-0jpsw,-0.18223854958589158,0.0,0.0,22,8,0.0
TdyHRkxn334JxtUSdGpIiw,-0.2430310625044197,0.0,0.0017094017094017094,1507,614,0.0111436319480506
Te2NUeKrrwcKbUFuRZEfAA,0.35839998748942076,1.0,0.0,21,14,0.0
TeXzzAsEkkEE6lRj0J_LXQ,-0.15238234973185116,0.0,0.0,465,74,0.013153153153153
TebJaTyTkScemRVHZUAPoA,0.2227910173937302,1.0,0.006711409395973154,674,205,0.0360929806481162
TejtemosB9xICAU-s-auQQ,0.4618327733954126,1.0,0.0,12,9,0.0
TfP0dN1L88RcWyQzp2O7Eg,0.08207369135961617,1.0,0.0,14,8,0.0972222222222223
TfS4WxvQaQ96ts6fprfH0Q,-0.11859860355584606,1.0,0.0,56,17,0.0
TfSOfMR7s3n9rpoy6u60eQ,-0.1353092275368062,0.0,0.0,189,8,0.0
TfYFyl8WFLPKGTcRz8AMpw,0.010563853427556502,1.0,0.0,43,11,0.0
TfcpJBiFNnDaochnmp4M2Q,-0.42090178235477105,0.0,0.0,1591,712,0.0109862671660425
Tgq7FzfhLx97K5NBXGO5fA,-0.3652579519949267,0.0,0.0,133,52,0.0819838056680162
Thksu3pRk_QKFmKYa23mow,-0.14305835016514235,0.0,0.025974025974025976,1272,97,0.0564508057251527
Tho_6e_z8EzWEgj0z7-5kQ,0.04012554910796673,1.0,0.0,190,52,0.0363247863247864
ThzzKyJvXDKmrFvc7SBOoA,1.0,1.0,0.0,14,13,0.0
TiADrFs870HFMGWGXziySg,-0.04565119096824455,1.0,0.0,33,24,0.0
TiapTI04Gtgj8AhIN-9fqQ,0.1283516870484469,1.0,0.0,35,21,0.0432900432900431
TiisuaP4gaBbIKeJ1LVCmw,-0.2600208897937457,0.0,0.0,41,17,0.0
TjwgZj9_4IC8LPoY6W3AxQ,0.4603357601560004,1.0,0.0,28,17,0.0928792569659442
TkEjccBOzVcc7uRjA8nmmQ,-0.251853481620515,0.0,0.0,199,54,0.0497076023391811
TkJnYt23cuH8L3ZeQRtivg,-0.3723142554377214,0.0,0.0,120,46,0.0
TkjhBKKptIu-7xJb-Oxy4Q,0.09815926740600434,1.0,0.0,35,15,0.0
Tl60fwcMb0lzJb5-a7yguw,-0.139479332687665,0.0,0.08333333333333333,19,13,0.0659340659340659
TlokHyfEx0HxFYKDkvpdBg,-0.20940843443624546,0.0,0.00390625,1297,280,0.010487127713276
TlusNUxZToaR7yjn69H5JA,-0.17059658222350726,0.0,0.0,75,18,0.0
TlvnDLrM4p2udHfeUwL82A,-0.15270999958762843,0.0,0.006607929515418502,1401,544,0.0539407169117645
Tm1-GfbxXnpw6cPO_Vh7jQ,0.058818448887655084,1.0,0.0,31,12,0.0
Tm_CKv5VauVFUZIkndo_rQ,-0.14827633931391793,0.0,0.0,112,36,0.0497076023391813
Tn_mh2nvf6XXh9O6EN7QcA,-0.2046391474504694,0.0,0.0,404,35,0.0
TnlbYrBYKN57gct0XiMIuw,-0.3256900066829499,0.0,0.0,45,16,0.0551470588235294
ToHu5wSC8LSMYigsSlkFfQ,-0.20165506734859395,0.0,0.019230769230769232,250,115,0.0404347826086957
TopanQyFir2nX2h3e55OnA,-0.1707915914667013,0.0,0.0,581,252,0.0039368843716669
TpE22_ITBg1ubzNVHE2MHQ,0.3310878134742149,1.0,0.0,31,25,0.0
Tpc-9OGNmHSGzxa5RT4IDA,-0.025337614681316567,1.0,0.0,34,15,0.0
Tpr8CltepNzpRpQC2JM4pQ,0.029014249041497964,1.0,0.0,197,90,0.021256038647343
Tq1qcFHbURcncnR03YiUPQ,0.008954638934878356,1.0,0.0,14,7,0.0
TqE83vo_rs4h4EycnuLI6g,-0.31858547823493466,0.0,0.0,536,38,0.0473684210526315
TrLVI1qVuoiQRgMObsFIrQ,0.363292687605859,1.0,0.0,85,28,0.0
Trag_neVzNhujsh-hdfg4g,0.6464602934348138,1.0,0.0,11,8,0.0
TrcS6ja_Kb3jtRSaNB-36A,0.1550090343829309,1.0,0.0,174,31,0.0834914611005692
TrdQZxhfYui2IkOaq3bDdQ,-0.15249798497185774,0.0,0.012048192771084338,293,93,0.0302419354838709
Ts8RgdXdACrYBUR8md99-w,0.08082384017730493,1.0,0.0,15,7,0.0
TsPJqE3QcQ8TESztAYw0iw,0.7769412800591017,1.0,0.0,7,5,0.0
TsoCCouCudxL2mwn86SFiQ,-0.2723587199278641,0.0,0.015267175572519083,382,170,0.017035022101326
Tt2R4wjIcwEUgD-3SNmT3Q,0.01317066457787508,1.0,0.0,294,106,0.0270901852172407
TtFwubbGIKnVsx-0pa7KiQ,-0.2028771086555985,0.0,0.0,280,58,0.0321839080459771
Ttg0xnJpjDTlVDKC5iBbdA,-0.354821204906535,0.0,0.0,202,41,0.0834688346883467
TuRCuEVeYE0dfF2d2pcnRw,-0.013271292780553834,1.0,0.0,57,17,0.0522875816993464
TvAgXHsAt1s2PgxA1pQa-w,-0.21586169423153245,0.0,0.0038022813688212928,707,343,0.0381867032527296
TvZXS5m7XnjnfRhiXxmLdA,-0.1471986325425717,0.0,0.0,205,78,0.0124959428756896
Tve_ON4rFFWMwIpeRApl1w,-0.33859145295244625,0.0,0.0,55,33,0.0
Tvn4DEIXkRm9QY_IQ_HJJA,0.0016832986579995435,1.0,0.0,29,17,0.0522875816993464
Tw4UzgT76_Yrd2CK6GhAew,-0.0605392362974394,1.0,0.025,634,40,0.0645348837209303
TwXdnMqRlT7mrRCOUcKhJA,-0.11471141415713215,1.0,0.0,49,23,0.039855072463768
Tyie6h1FTsTeyGm-2BnRDA,-0.20675078247216955,0.0,0.09090909090909091,47,16,0.0551470588235294
TzgPHuqYMaU2hafYkJDRgQ,-0.18793272233004865,0.0,0.0,70,15,0.0
U-VlSil0ZxpbfBX6TxKXbw,-0.24237747764648943,0.0,0.0,326,46,0.0756521739130433
U00LMGWuM4nf9TqxFU1vRw,-0.3801057922932474,0.0,0.0,158,45,0.0583333333333333
U0sokqPeNaDJzbhLZnDPzw,-0.017926308640383803,1.0,0.0,15,5,0.0
U11YzwqthKNbpZeyufveEg,-0.1460320341130441,0.0,0.0,255,36,0.1050135501355014
U18r2iiKDtuXtwmiEnsmlQ,-0.23394354966581388,0.0,0.0,298,90,0.021256038647343
U19I-WvCc0SwxXpoe86zZA,-0.04159051644675693,1.0,0.0,35,6,0.0
U1Gao2oKgFaggpksDIctiQ,-0.12493123960670982,1.0,0.012578616352201259,874,213,0.0514553990610326
U1Ni64-U1o5ylGO_pqNDMw,-0.31476272284881246,0.0,0.0,194,75,0.0129824561403508
U2o8Jz66M5ceXfi5C_lT2w,-0.13524742652468547,0.0,0.0,62,20,0.0
U2y7fsqDgxAXskoJNVxbwg,-0.3314726354481923,0.0,0.0,1177,358,0.008240610346802
U30ggGzFpXvc2NZYwOW3qg,-0.2789324843597826,0.0,0.0,1138,458,0.0367417709441855
U3WKSiu7OquPEnRuEchthQ,-0.07739451523144625,1.0,0.0,76,31,0.0566959921798631
U3ymuxVlD8yPVbJZbYqzhQ,0.01571533351361598,1.0,0.0,20,6,0.2083333333333332
U41FZCI4nQIcH8nLR8i1eA,-0.15914410194807527,0.0,0.0,145,23,0.0
U4hibwdvk2pACJeo6FaoIA,-0.054180490415978944,1.0,0.0,17,6,0.0
U588hFqWbd1T9EJ6Nplv2g,-0.22350274884451993,0.0,0.006666666666666667,1196,383,0.0439111099535756
U69aAXYMg9sPlzvsBX6UZw,-0.10482800912652879,1.0,0.0,349,68,0.065068493150685
U6PmPJdNMI_dTUPySS5TDg,-0.14074312403593003,0.0,0.0,520,159,0.018169112508735
U6RX5K67l95kXzAnkmPesA,-0.18361467762633843,0.0,0.0625,112,20,0.0818181818181817
U6oNVSJAngSFXcCzNBXgGA,0.10108316171565435,1.0,0.0,125,36,0.0497076023391813
U8TY8RR3Cz5FuJ1Sbedb-A,-0.2221487701087489,0.0,0.0,136,50,0.0192156862745098
U95M8QQ5kQGnZKQ6HVAFvg,-0.1875146792004586,0.0,0.0,120,7,0.0
UALJipwvpD-M-PzI9uALZA,-0.08500230860079916,1.0,0.0,32,12,0.0
UBj0aJ6FfMR4tdvRbQ3KSA,-0.2452839737381438,0.0,0.0,411,89,0.0589000591366055
UBriJCMES8rsmY0SiYjtSw,-0.1830986506254334,0.0,0.0,89,19,0.0
UCH_WRunWvJ2ROcJfasruw,-0.36743222578592355,0.0,0.0,47,25,0.0369230769230768
UCmTG_e7I2a5dY_3qI6Jbg,-0.12821907297220114,1.0,0.043478260869565216,99,25,0.0369230769230768
UDbFes4IAGEL9C2rbPeUKg,-0.12113735477892706,1.0,0.0,38,6,0.0
UDfOkkn-MX6v8R3CX0T4lQ,0.43752606750630696,1.0,0.0,12,5,0.0
UE-PBEev_8GNq1Bd2NK0Fw,-0.18134431928556327,0.0,0.0,62,45,0.040661938534279
UFHelCWPQkhxOdFjx5Cgog,-0.15407784436321925,0.0,0.0,256,32,0.0
UFNpCQq1_eLnP1oSjMkRCA,-0.15999770078028575,0.0,0.023255813953488372,89,58,0.0466365178066705
UFpCraqzFBAhtZqmxmiWsA,-0.3043380725853546,0.0,0.020618556701030927,377,116,0.0245580991017095
UFrQh57qgzUx2wgTs8mZ0w,0.1342796770999234,1.0,0.0,42,25,0.0
UGADjVkBITKPU7I6sMO1oQ,0.0,1.0,0.0,11,9,0.0888888888888888
UGUVD1fzinNkrEmfJxzW1w,-0.21931614627664692,0.0,0.0,123,50,0.0369230769230768
UH1Baremef79qGhPQ0Ef3A,-0.03433704597124332,1.0,0.0,289,101,0.0097068530382449
UIGf-gCLEm6nTKTNEDFNiw,0.19205758475837342,1.0,0.0,22,7,0.0
UIlOq8dHsaqOqTZJVvI8tQ,-0.2328878243962852,0.0,0.0,169,41,0.0232288037166086
UIxL3xxpmJ6LiOMdqbqFTw,-0.16917615982269507,0.0,0.0,36,27,0.0343915343915344
UJQGJ0tlKO93Lia2JGidZA,0.022901910659333224,1.0,0.0,27,5,0.0
UKg1F0v-3q5V5SCyGWYj1g,-0.14788220573331656,0.0,0.0,78,7,0.0
ULc4qSFQ4ISBs0SqlxmHdw,-0.2244901247471336,0.0,0.0,57,5,0.0
UM17blpuw4l9_K93KZyR4w,0.21554284463227796,1.0,0.0,14,7,0.0
UMEnB4wdUFlBPiAj3iEJnQ,0.7769412800591017,1.0,0.0,8,6,0.0
UMHuKs1sO-wq3XqKaejXeA,-0.3795341232861901,0.0,0.009009009009009009,338,119,0.0721777082926193
UMaNwuJBwO0I_7qJnhjECQ,-0.22766611991968488,0.0,0.0,131,16,0.0
UMdy-hcoLE5-zLgCrURvXQ,0.24387435257955492,1.0,0.0,51,5,0.0
UMyRtM8TBLHrfDoA6us3zQ,0.14736871325794842,1.0,0.0,28,14,0.0
UNcxebA44CQPwyteLFUuXg,-0.12044727449995252,1.0,0.0,142,29,0.0
UNzgGakdjDgdwSNSdhhV1w,-0.640946206023967,0.0,0.0,146,55,0.0501567398119122
UOS2Ef_7g4GX1M11xe_hkQ,0.23093140440557458,1.0,0.0,334,101,0.0097068530382449
UOiqYBdIPRrMm-lnEbbjBg,-0.16682900933303435,0.0,0.0,386,90,0.021256038647343
UPeIqSldWfA5M4gA--z-Yg,-0.24145030628889896,0.0,0.0,88,36,0.0
UQ8UKfNSUT0aKu4naioVqw,0.038002154664335985,1.0,0.0,166,101,0.0365865157944365
UQLWfOGTF-7T2EQlUT92Zg,-0.4253190267837512,0.0,0.0,68,39,0.0243589743589744
USOHCmTPr0CU6UGp6YCYuw,-0.23847296510814442,0.0,0.0,52,15,0.0583333333333333
USakOUYTZZj2_hWfo8vGzA,-0.15581205749915505,0.0,0.0,145,38,0.024966261808367
USskWtGN3NmR3CRRaMX5IA,-0.2663367217662858,0.0,0.017241379310344827,278,135,0.0533540533540535
USvBH2Pqr3ZUDKwo12_FKw,-0.13133271089674792,0.0,0.0,36,9,0.0
UT5FXa3Cbj4siUPh09qGCw,0.08101368537970144,1.0,0.0,209,69,0.0516180266031367
UT9vP1Ww8OlL4nzBOKBCOQ,-0.29485858961793054,0.0,0.0,438,153,0.164202579427493
UUJ5av87wFfxKqJBIerN6A,-0.36589919702381657,0.0,0.0,274,62,0.0581622678396871
UVNNX59l_6qCJWgKuc_mNg,-0.010688502543713452,1.0,0.0,220,38,0.024966261808367
UVZOk4q8Sovcst4N9ZQcKQ,-0.12990906300561,1.0,0.0,45,16,0.0551470588235294
UWAOQGA2cPyGwPoei5uifw,0.023560691940033518,1.0,0.0,171,18,0.0497076023391813
UWB_Oi9dkPwXfhYgFMnjsw,-0.2858179678713632,0.0,0.001697792869269949,2439,625,0.0301990697674419
UWDjZ6ljWGoyyv1pHrztMA,0.20595854230860722,1.0,0.0,49,5,0.0
UWQNx6qZojXlDv1kBAMHug,-0.10705681392852973,1.0,0.0,1143,123,0.030471800781
UWg158bSV1C68C86u42EFw,0.00814495775383095,1.0,0.0,53,6,0.1666666666666665
UX-OIPvEx8ATtVMGjSEcvQ,0.22097862010119462,1.0,0.0,65,57,0.0
UXiqbA_hU-NUd8k7OeWEFA,-0.1515238575748169,0.0,0.0,14,5,0.0
UYhCp9OzvrESmX4aT368fg,-0.0038275304052330927,1.0,0.0,23,11,0.0757575757575759
U_1Dam1j0VasEgKF6QZpGw,0.3503174866305604,1.0,0.0,25,8,0.0972222222222223
U_NCpKQDf3z7qSBjvv4U0Q,-0.15753113251410367,0.0,0.00411522633744856,826,291,0.0498785497610172
U_NagvNEa4k150qLgul_zw,-0.22925842085489911,0.0,0.0,432,157,0.0124183792012178
U_Sw9VC6mCyTbUo2mejS0A,-0.2630281871742481,0.0,0.0055248618784530384,1492,229,0.040598563885184
UaCnhb7NEUAPR2okEIVa1g,0.026179473986862378,1.0,0.0,108,72,0.0383333333333333
Uc-2UziRQMTpV8UqOVOSrw,-0.15703034001653582,0.0,0.029411764705882353,114,45,0.021256038647343
UdDZEoDyqsxqeqvghYxDTw,-0.013624359517633744,1.0,0.0,26,14,0.0619047619047619
UdJmsKwBvkHADwr8imRxNQ,-0.17300437288467985,0.0,0.0,188,23,0.0
UdvFMoayRuRBuHoOXBBqBw,-0.20166692743201708,0.0,0.0,233,10,0.1333333333333333
Ue4AxfCmx6RgFxsr2AqjJA,-0.22466110278533025,0.0,0.0,71,21,0.0786749482401656
UeYZgcORV2Veo_BZzdiaTg,-0.1873553018391344,0.0,0.0025380710659898475,4521,1335,0.013832782876648
UesAtrCdqntO6MvejjGDCg,-0.13962558495783517,0.0,0.0,122,59,0.0163841807909606
UfjOESkPzTXkV2o5suvkBg,-0.3071093415763987,0.0,0.0,90,11,0.0
UgnHg8cdrPqxJKD9MpHNPw,-0.10899768826188228,1.0,0.0,200,51,0.0537400145243283
UgvyukRCZidKkqtIeOVDMg,0.01696509980775862,1.0,0.0,57,22,0.0
UhekcbvU2xnBZ93KCb9cYA,-0.17947611985608802,0.0,0.0,68,29,0.0622914349276972
Ui8NyjOYYG5FyMPXbw7yeA,-0.1399567886836669,0.0,0.0,58,10,0.2999999999999998
Ui9C_egCZ2_IfptxU4tAiQ,-0.01792837858138019,1.0,0.0,79,23,0.0
UiEv2cjyNN3igsE5kv0wCA,0.037818203507151926,1.0,0.0,96,33,0.0
UiJiURqivPDuvMsFgRF3yQ,0.0029351831860040534,1.0,0.0,386,215,0.0046080964685615
Uif8NGtHlCJmMdrV3pVqCQ,-0.025202461503390894,1.0,0.0,599,22,0.0415019762845849
UjK19Qr4ldenZ-WXkx7d5Q,-0.10081482278588527,1.0,0.0,113,23,0.0
UjXH7iq8eYauQoGswkxGYw,-0.27606745125586507,0.0,0.0,218,28,0.0332512315270934
UjhAD9kZe7-wUTjD0BGh9w,-0.16096652867000716,0.0,0.0,23,5,0.0
Ukkr1N8UApmJsOzbX4XnRA,-0.3384664271479082,0.0,0.0,723,197,0.019496426496957
Ukn2qaxEP0sbjoiwn2LwhA,-0.2399565402381999,0.0,0.0,60,37,0.0256045519203413
UleHqBmIEjXdYMZzSFRLAg,-0.37843932570678473,0.0,0.04,98,60,0.016120218579235
Ulnv0kGvI1qHk9CY-0w4JA,-0.07298728958895939,1.0,0.0,40,12,0.0
UlwE96tted02erwPHY16iw,-0.4275052368768871,0.0,0.0,82,43,0.0626895854398381
UmIOlyZo4ehT9SlsC3Qa5w,-0.3894268685783045,0.0,0.0,41,26,0.0
UmJVrd7hupfRJTFvMBX7BQ,-0.3858079731444988,0.0,0.0,59,37,0.0922874093605801
UmrZshqaASb4yA_LjS9D0g,-0.33168067539376644,0.0,0.0,113,9,0.0
Un-UDVOuv1co3TMmGaumxA,-0.2986041361259779,0.0,0.006696428571428571,1522,534,0.0198914201285091
UnN-wx3ogx0lW3UokqQxRQ,-0.2155624628186934,0.0,0.0,213,54,0.0343915343915344
UoZg0xZepdMXbK_2dtT2nw,-0.06499193442569484,1.0,0.009345794392523364,408,149,0.0427637239717775
Up2hJViJJf61k9V3jFbvzg,0.08207369135961617,1.0,0.0,14,9,0.0
UpWlqQ_jrTF4JAtdGZL33w,-0.16259710524463322,0.0,0.0,171,78,0.0243589743589744
Up_4I0tqoVtyknJJXULdfQ,-0.06327787659406503,1.0,0.0,29,14,0.0
Uq1o6DXKALmjdElXp4mEtQ,0.16442114680754816,1.0,0.0,14,8,0.0
UqM1RE0TsyeM-tdbqAmqfw,-0.07905284665668455,1.0,0.0,149,15,0.0583333333333333
UqYTMszykplowYci8YF_Lg,-0.13976767453102723,0.0,0.0,392,64,0.0551470588235294
UrB8opztqsAB_0ZyN3MnFQ,-0.15309678585531628,0.0,0.0,44,17,0.0522875816993464
UrWsPqcJFlf5sGVRZzsuYw,-0.011553352210388668,1.0,0.0,34,12,0.0
UrYj-HI2I61BK_nsPEa_QQ,-0.19000624363416474,0.0,0.021739130434782608,1116,50,0.1241379310344827
UrvSisML6V1zXDcB-Wb1Aw,-0.12965392566060363,1.0,0.0,84,31,0.0566959921798631
UsfWvnkNmhpD4ntbyIURow,-0.1961174398817967,0.0,0.0,9,5,0.0
Ut7Mz_yPW4hZwunVm8FSYg,0.21854678231129387,1.0,0.0,36,22,0.1109090909090908
UtQ3M7hlmJrZU-WRuIxfzQ,0.16442114680754816,1.0,0.0,12,6,0.0
Uu7jwsfsaU-VJrV8Kpb4uw,-0.24609233019275512,0.0,0.0,359,21,0.1071428571428569
UuRZpgZsHX7PyykHV3wbZg,-0.22171486526226236,0.0,0.0043541364296081275,2633,761,0.0486267904483208
UvMbtn9JNpmd6VADusTV3Q,0.28642524513499756,1.0,0.0,35,19,0.0
UveLPMibXg1KMnYo3MfGKA,-0.03301418007344359,1.0,0.0,49,16,0.0
UwI-vRH7Mu6PmsPR67MXyw,-0.21050906913911183,0.0,0.0,272,112,0.0253881987577639
UxP1VK4lTLKRu9cgjGhdaw,-0.3629058522773097,0.0,0.0,102,26,0.0
UxPNpzKEC4FpdidHz8MCcA,-0.2785637770821018,0.0,0.0,138,23,0.0
UxtQd1lQ96W49oMaVVFunA,-0.17517738379098624,0.0,0.0,267,35,0.0509652509652511
UxzNkaC5944XFQ4Kwiw_ZQ,-0.3192606980403607,0.0,0.0,1632,683,0.0128344011035976
V1RqqnT42tnm5--1nQ7Q1g,0.375578114723535,1.0,0.0,55,18,0.0888888888888888
V1o_BeHcTehuFD7ue-8H2A,-0.18422459316847806,0.0,0.0,317,102,0.0277310924369749
V2aRYSwy862tExL-pBUFtg,-0.35213673179764404,0.0,0.0,162,39,0.0659340659340659
V2hqC0b1d6Yn0JMGg4DCPA,-0.31181888480035913,0.0,0.0,47,20,0.0
V2zPRphk1HtXfSwc8enm8w,0.003547523417824716,1.0,0.0,27,7,0.0
V39dhRv0sbTOkfRflzd4Uw,-0.19026882559198033,0.0,0.0,298,5,0.1333333333333333
V4sRdCecoNS4Uw5LARxVUw,0.6941975152987279,1.0,0.0,16,10,0.0818181818181817
V5Bb9StvahgCSkBKXHMW8w,-0.2393559634052423,0.0,0.02564102564102564,85,44,0.0217171717171718
V5Kaq2WsdsCKJ2JNoWgwxQ,0.5712971793359756,1.0,0.0,16,10,0.0818181818181817
V66EXhrxKanesMhoOqsORw,-0.23674688545623823,0.0,0.00641025641025641,341,174,0.0321839080459769
V6BZHmkKGJSGp_SDpVVKUw,0.2164819041162921,1.0,0.0,27,6,0.0
V71KzO8mXPK7E8no2FN8sw,-0.21327612750685043,0.0,0.0,50,6,0.0
V8CiwDpGxTrtO10QZnr-Ow,0.05920890906390519,1.0,0.0,74,23,0.0730434782608695
V8OAg2UNc3jgoltKAehhLQ,-0.23564953671568611,0.0,0.0,146,8,0.0
V8Xloxz2ozwBHCUSu0QGNw,-0.16101591638634138,0.0,0.0,320,35,0.0952380952380953
V8XvmeJxK8fMjNFsv3VUjg,0.19528039124641827,1.0,0.0,16,7,0.0
V9AitNEoxNsQhfx8Xpu55g,-0.04082664460313623,1.0,0.0,23,8,0.0
V9BACxNu_td_DJY65gWwBQ,-0.21745431445157748,0.0,0.0,487,32,0.0551470588235294
VA3WTqU9b88Zgck34s-0sg,-0.18501261599585161,0.0,0.0,512,79,0.0
VAIOtbsxdNmuhUKkQZFRlA,-0.22160719606715784,0.0,0.008771929824561403,1835,524,0.0271318103924427
VBf70Zn9CWXBAwqz8u0TjA,-0.09335422312707908,1.0,0.0,33,9,0.0
VCjvaX_78oEKG3I9oTJEag,-0.21445037236895803,0.0,0.0,1289,161,0.0510047497259773
VCkSUsdL5P0p16DAPxVROA,-0.13268185749507083,0.0,0.0,48,31,0.0
VENBnW8AF4jYTBbekO8X2A,-0.2432650931727513,0.0,0.0,20,13,0.0659340659340659
VF-xxQsEeWYwdqiGVC7L0Q,-0.3177499864681724,0.0,0.0,75,46,0.0873827791986359
VFCZwUEKRWAGZPatISKHSA,0.3772446934840651,1.0,0.0,21,9,0.0
VF_OIm5uG54cCQ3uzzSc5A,0.39416591012447444,1.0,0.0,16,8,0.0
VFaIfVHLAJduhiBeZ3TlUw,-0.017286605575494107,1.0,0.0,94,34,0.0
VFrmNGmPK-8UsDAXlxX-CQ,-0.14432988653675904,0.0,0.0,1284,32,0.1207770270270269
VGFQZ1BJzA-zE24bSwlb6A,-0.29083297578480727,0.0,0.0,187,92,0.039855072463768
VG_6ZamOZ3-s6ODu9BCmqQ,-0.2808319103646083,0.0,0.0,71,27,0.0
VHAfSIxcdmpQOTD0_ofbfw,-0.15094173797226218,0.0,0.0,405,80,0.0659883720930232
VHWCzIZXpWPyeFe2lkIutQ,-0.15100569068313074,0.0,0.030303030303030304,96,57,0.0327088908712458
VHw4q0f8WmajCUD2wGXBDA,-0.30977189422720547,0.0,0.009836065573770493,1020,369,0.0592206430970163
VI4p14GU7lf8mvztZzs9Xw,-0.05176154060492277,1.0,0.0,20,10,0.0
VId1X5tUXs6ifRUP94VwRA,-0.015522604163947351,1.0,0.0,91,38,0.0
VJ-c-Yjj1qv7dKS5YaYoHg,-0.235297778526389,0.0,0.016260162601626018,1590,454,0.0688213611435764
VK7iPt8e77e61SC7HraJaw,-0.01711786805878568,1.0,0.0,61,15,0.0
VKgaoJO30VPyl_PFGw0S2g,-0.007429099815536633,1.0,0.0,20,7,0.1071428571428572
VKsqpZVSFgvAkTm5NNU47w,-0.161735371024477,0.0,0.0,42,11,0.0
VLZbc-zcSg6crVb4gxTLNQ,-0.2808050207653703,0.0,0.0,153,47,0.0
VM2Pt-FCmKGkds7TB4lKRA,0.06735320014775414,1.0,0.0,14,6,0.0
VM4QU1KR0dmW2IFTkmFTIw,-0.0010250714198642985,1.0,0.0,433,81,0.0343915343915344
VNSJ-UxAXoSpi6KhHkj3Rg,-0.22965768690476124,0.0,0.0,247,97,0.0100988849147907
VN_ZDpbJ3R6F-xOJ-ndr6Q,-0.2556906158494192,0.0,0.0,260,40,0.0237804878048781
VNvJuCTMdGBj4lwC0L1Ghg,-0.3634079892486752,0.0,0.010869565217391304,1138,473,0.0481078648632584
VOEMn_VFIXdURXLPPms_TA,-0.1878152333885288,0.0,0.0,570,228,0.0043476595418678
VP8HMhVt-pKmqGNmDW4-TQ,-0.4341900361986479,0.0,0.0029154518950437317,1231,414,0.0274772629334785
VPH9GIz6rxoL3eViEbRmow,-0.3740543886177055,0.0,0.0,21,6,0.0
VPIHVHsO_vTk2lnAcYxARQ,-0.21485513671729606,0.0,0.0,61,23,0.0
VPZY6vzompsA69myzmQDgg,0.19285134092285316,1.0,0.0,39,7,0.0
VPb3USr9Nm7JjtmsHPRo7g,0.2331151731958172,1.0,0.0,39,13,0.0
VPs2Xxv8ue8NKfV-gDNebg,0.3131269601014804,1.0,0.0,12,9,0.0
VPsiMIDsBsezca87SteVDA,-0.29811833257102294,0.0,0.0,168,38,0.1303827751196171
VPuWZ4dj3ZvFuuaKh7Up3Q,-0.2013253516086253,0.0,0.0,316,38,0.024966261808367
VRf2SIY2glP1YZHHuEM5xg,-0.24242791530876706,0.0,0.0,64,28,0.0332512315270934
VRwqMoWUebBzeg-dGOR9VA,0.1936464516569758,1.0,0.0,24,8,0.0
VSLgzs_x3mc7Mg8DaqsmfA,-0.30806727022527314,0.0,0.016129032258064516,601,215,0.0966666666666666
VSVtG0BfSCRIZfo03VgHCQ,-0.38393687607797655,0.0,0.0,195,72,0.0604256854256854
VTOeRnkozjB4wLJhWhS3BA,-0.3709938203847034,0.0,0.0,91,32,0.0293560606060605
VTx3qBeLMNFmBpcUFVNlQg,-0.18873504198156138,0.0,0.0,884,369,0.0131878324130836
VU9rKbmrj_Oh1VLvUI_yZg,-0.16605572098171284,0.0,0.0,22,5,0.0
VUKM-r3xgNjlW128pEG79A,0.24811788013297875,1.0,0.0,23,15,0.0
VUKhLVz4X4zVS5wwjAxQjg,0.14355486752378932,1.0,0.047619047619047616,78,48,0.0383333333333333
VUilII_2y40BYq0FatRf3A,-0.1897041128475938,0.0,0.0,83,11,0.0
VVHfqUeYyAA9FEsH-6PI2A,-0.28465715251188295,0.0,0.008620689655172414,1263,247,0.0743247326122424
VX7GkJDnhPG8NmrdO1V-6Q,-0.2601863817011041,0.0,0.023255813953488372,368,82,0.034002869440459
VXPpzhD7mA262gIv1T0WPQ,0.08036948094670437,1.0,0.0,276,69,0.01407867494824
VY1Gxa5ctQyYW6JElOOLJA,-0.13393870001427477,0.0,0.0,266,75,0.0
VYZ6-e_vfCBLYwXZxybdfg,0.24296530751833356,1.0,0.0,34,20,0.0
VZFQS0SXzXPuxISbAgIVBA,-0.21863845107062507,0.0,0.014814814814814815,460,166,0.0286408793067003
VZxyWuhu_wF1wqeZHo2uDg,-0.05981119294246062,1.0,0.0,22,9,0.0
V_L4yNgqG1zVbrvy7lgOWg,-0.20789478867616085,0.0,0.0,92,25,0.0369230769230768
V_N2ZVEKMDIbUvATk50UlA,0.27118333697328223,1.0,0.0,37,9,0.0
V_S54QGnokLMshOm8xNTag,-0.09177930418833624,1.0,0.0,154,43,0.0771895101434931
V_jy9Aemc3kjznqhbsu_Dg,-0.32920739801822896,0.0,0.0,1894,383,0.0295733218759295
VaHG9BwrSZ-oNv0mGsTgiQ,-0.34380900891172567,0.0,0.009615384615384616,306,153,0.0422385620915033
VaJdXHK4VQDJO-idOGFbxA,-0.3792805804626361,0.0,0.0,108,39,0.0
VaO7ytke0tj2S52xQbHY3Q,-0.05842392587055789,1.0,0.0,58,27,0.0938271604938272
VavwOmhVo83fOnuOw_WQPA,0.13945878716298882,1.0,0.0,43,26,0.0
VbEm2EN2rpCqSQDVnIZZuw,-0.030157476005057693,1.0,0.0,25,12,0.0
VbGGpt-Q5ZeMxSFPDbPeBg,-0.44577893083956965,0.0,0.0,523,224,0.0172305764411027
VbheehVdnqthjCCmwO1q6g,-0.3528956951437457,0.0,0.0,188,63,0.0
VbtcX28aEOOSgMq8zwwnWg,-0.07667354860707443,1.0,0.0,47,25,0.0
VcXXDz9dsm9klG1uK3R0tw,0.05970912950280205,1.0,0.02631578947368421,123,71,0.0503286384976526
Vd0YOj5GVv-Nxeo06HCfjA,-0.3042574233396065,0.0,0.0,291,34,0.0
Ve3hy3HV40OKUJIcZAK8qA,-0.21349505246181155,0.0,0.0,198,30,0.0311827956989245
VeFfrEZ4iWaecrQg6Eq4cg,-0.1716998979896418,0.0,0.0058823529411764705,661,189,0.047592459652761
VeJP0FaL-UzzChca5f0bkA,-0.14490400636932954,0.0,0.0,460,67,0.0281202682240968
VeJqScDLsoA5WasQSv_Jfw,-0.037725135229857654,1.0,0.009433962264150943,2500,347,0.0428862902009352
Vf2VpSmAHwaQzkIwYdFyRw,0.08480205987584222,1.0,0.0,76,18,0.0888888888888888
VfhexEmkG8sNgRf4tviAJA,-0.28942197318260154,0.0,0.0,20,8,0.0
Vg48ETIyEP9MALSqfDLGmA,-0.10936139036505377,1.0,0.0,48,19,0.0
VgAKmXE8B7J0I_O_R13UKQ,-0.3128151057226334,0.0,0.007159904534606206,4574,512,0.0187829262452108
VgFnAjjhK3AnV3u1-UVB2A,-0.31384017179957785,0.0,0.0,113,75,0.0129824561403508
VgPDZyDLIWe4NVetnvjqig,-0.18923135536260938,0.0,0.011049723756906077,1103,219,0.0498922690703513
Vgkz-0jEkYig7_WPTiTgyw,-0.03525402813027523,1.0,0.0,1273,28,0.0332512315270934
VgsbZSm5NRaDg2ds_FDBrg,-0.1664009166450784,0.0,0.014285714285714285,197,115,0.0404347826086957
VhVc_kxNStk6var7DTCf9g,-0.15037301816576332,0.0,0.0,22,8,0.0
Vho7J8gexa47aDbLqraK-g,-0.043301481811819365,1.0,0.0,33,11,0.0757575757575759
VhrLzGdITj0UTAu8YjkAKg,0.19235320014775414,1.0,0.0,18,10,0.0
ViABP9dkPTBdd4FS6uhi2Q,0.5045304087944735,1.0,0.0,18,6,0.0
Vil6Ox7d0GXkKHIzztyUfA,-0.1901637715885709,0.0,0.0,42,19,0.0
VjAKC7Pb-sW96NZ5mPrHSg,0.1712971793359755,1.0,0.0,22,17,0.0
Vjztqe-JBseYpypb6xv3PQ,-0.0717751340508741,1.0,0.0,30,8,0.0
Vk9Rp6O18mbnjaOy2GnhhA,-0.1823929680375853,0.0,0.0,25,8,0.0
Vk_R5yKXkRqy9nj-Rhm8kw,-0.24419349490948272,0.0,0.041666666666666664,92,31,0.0566959921798631
VkcFsK7_D9qbjnzoTqdQDw,-0.18264679985224586,0.0,0.0,28,20,0.0
VmluS4IPOHcfx8w67h2_Bw,-0.33882937413341296,0.0,0.0,112,16,0.0
Vnh_rLa0jrd4Tqjh4633Aw,-0.029360398441244162,1.0,0.0,36,6,0.0
Vo6qANHRdcJPdGryYZ5YEw,-0.2574785523997132,0.0,0.04,88,46,0.039855072463768
VpK-Q7tzCyAZUjIv19-TFg,-0.14434102610178146,0.0,0.0,399,211,0.0046946257712601
VpqcLFGASg6mB1PK5KqcpQ,0.3131269601014804,1.0,0.0,15,12,0.0
VsFoF_AzglUtSQy5ZvDbKQ,-0.04769189650043337,1.0,0.0,55,16,0.0
VsNS62YHca28ljYbVXp1lQ,-0.002245519859118472,1.0,0.0,19,13,0.0
VtcBA2YXmCPdD4AxZbv7iw,-0.10004850761841022,1.0,0.0,141,32,0.0293560606060605
Vtdv2E8LBEB7K6tyn5ufrg,-0.18264679985224586,0.0,0.0,39,30,0.0311827956989245
VuHknGPkwb7Qjv_EzEdK0A,-0.23698114850417717,0.0,0.0,158,9,0.0
VvfvtuVehnBOn6AeQvovZg,-0.23345606739038494,0.0,0.0,721,116,0.0664137931034483
VvoRA1KLjWs7pUq_mXvHpw,0.16983557351002676,1.0,0.0,18,9,0.0
Vvq9QucD0IokLBlkbttd3Q,0.390568135017075,1.0,0.0,16,5,0.0
VwADinB-DonoikE35VtkCA,-0.11472076370890616,1.0,0.0,244,101,0.0
VxVQSJKTCx-5WFe-clKOaw,0.007194127721231958,1.0,0.0,42,28,0.086405529953917
VxXmaSvT8lv5PdDDduB01Q,0.38062732046999637,1.0,0.0,33,11,0.0
VySIi29-o4hl4Ry4dBIH7w,-0.10435024456707975,1.0,0.0,46,15,0.0583333333333333
VzKca5jeWbfDeqzZZRElzQ,0.3310878134742149,1.0,0.0,12,6,0.0
W-8s3otgvw_vJzPgV7FAog,-0.09958715550534059,1.0,0.0,58,23,0.0
W0JwMDaPz4KxJPqiUuh45A,-0.245319492481058,0.0,0.021739130434782608,121,74,0.0485100485100484
W0QKIbOBpPDD56umLllxsg,-0.10446300644211881,1.0,0.0,73,34,0.0
W2gSKulDUBGTfcSDk8kNvg,0.41541192008865246,1.0,0.0,17,13,0.0
W3XUQEn7v84t_6uz829ATw,0.053882560118203304,1.0,0.0,10,5,0.1333333333333333
W3kFd-uNAkLZZsXEFwz3ow,-0.009641493123805689,1.0,0.0,24,6,0.0
W3oTrqqIEvE5LOgnFPZVrQ,0.3038825601182033,1.0,0.0,12,8,0.0
W41lKwSUobJaTDLd4q9x0g,-0.11198784196593281,1.0,0.0,134,13,0.0
W49fAQGBt9IgduhvqqRQ4Q,-0.24758623449708905,0.0,0.0,457,120,0.0237804878048781
W4ZEKkva9HpAdZG88juwyQ,-0.1846860854095571,0.0,0.0015657620041753654,5583,2064,0.0241364245834616
W5ARobyH_FSQnJl4emgfvA,0.03752055252037978,1.0,0.0,86,58,0.0166569257744009
W5Xn1-IYuMf_0ZimpRs_LA,-0.24622979241983656,0.0,0.0,444,12,0.0
W5bx6PacwlKhEDP_M9jUmA,0.010341879083656025,1.0,0.0,184,64,0.0426772388059701
W5yNQMGeEFiWehSE1EvxQw,0.41541192008865246,1.0,0.0,10,6,0.0
W6Grhi3XihW82rKQKPycig,-0.3146776526188967,0.0,0.0,22,7,0.0
W6de6OniXm3HttgRJvhvsA,0.06507688338827378,1.0,0.0,30,10,0.0
W7IXC4Bq5jXOQVV6Cu1OSA,-0.19078556977897043,0.0,0.0,37,12,0.0705128205128204
W7Lkjxnd189PpBYJniF9Ig,-0.05783646944971721,1.0,0.0,210,49,0.0
W7yaBQpVr2qO4x2i3X0CPw,-0.00831474329925641,1.0,0.0,47,14,0.0619047619047619
W888zYEemWuF4c4Od0_yRA,0.46207109625193854,1.0,0.0,30,17,0.0
W8a_FYH-405MtR9_0U7sQQ,-0.05767072156263858,1.0,0.0,61,35,0.0269841269841271
W8fyKHzZX68SQWFvwq_JMQ,-0.26357390106280265,0.0,0.00975609756097561,2307,459,0.0652003871190127
W8veVYMZidtykCpFozGDYA,-0.11417754962452364,1.0,0.0,43,29,0.0
WAdlP8I0a3DrlsKX4Zd9bA,-0.02055380739832413,1.0,0.0,53,26,0.0356125356125356
WB7-m5YtEhSwMqEOfbFfyg,-0.009700621288114553,1.0,0.0,308,52,0.0185050798258346
WDaJ3F7PmH6yoLxlNih1Hw,-0.05143788604313876,1.0,0.0,46,20,0.0
WFRro-8uIBpKoJ1VSKrpdw,-0.21928872407445676,0.0,0.0,239,73,0.0259360730593607
WGAG5zFj044C5BIhCjT17A,0.2202355401403664,1.0,0.0,22,6,0.0
WGU1LKJp9rLxn5wLWSUqcw,-0.21221881528542286,0.0,0.1,68,11,0.0757575757575759
WH56nCM5KEcFKChDchvKlw,-0.2109321307155434,0.0,0.0,102,32,0.0293560606060605
WHLM6UhwSV0tN3CrmSgsUA,-0.4577458097685755,0.0,0.0,440,177,0.0163841807909603
WHzeDa97M_eU1FEZaLJ_tw,0.08206947767148132,1.0,0.0,338,18,0.0497076023391813
WI4V-quGkyEdrG2__hIr3A,0.025441324459445802,1.0,0.0,125,24,0.0383333333333333
WI8Oucjfr7t2AertQqbYLw,0.02712107835069877,1.0,0.0,55,22,0.0
WIbqJf5SRM6wxLeR-_hMnA,-0.30846029764173677,0.0,0.0,67,35,0.0509652509652511
WJhr0iwDJ-JWpP-BNuUN2g,0.07069836464740531,1.0,0.0,14,5,0.0
WKCTgYenpI-0uWruy1Gh0Q,0.16538487881740982,1.0,0.0,361,32,0.0551470588235294
WKGW6s10eL_xL-xaB2c_og,-0.028702820664024464,1.0,0.0,15,10,0.0
WKMJwqnfZKsAae75RMP6jA,-0.1689110222356004,0.0,0.0,266,40,0.0
WKQnbFHNaENHMHDVhFMk-A,0.4618327733954126,1.0,0.0,13,9,0.0888888888888888
WL0r9Hsb3Mnuvr4b4lKdCA,-0.12613290400908983,1.0,0.0,136,17,0.0
WLPd-ikGqNuizk_TNjbluA,-0.14644380834040593,0.0,0.0,85,24,0.0
WLXceElT2l87hvOS4nHGwg,-0.07724166878035144,1.0,0.0,184,94,0.0390794615718628
WLaT4_8EgunV0UXks3Qukw,-0.17661705966602614,0.0,0.0,50,6,0.0
WLkrmAiAtVRMgSQkVIFV6g,-0.4194128909713316,0.0,0.0,48,17,0.0522875816993464
WLvBB90skD_i757VJHI_WQ,0.12849944006207928,1.0,0.0,9,6,0.0
WM65nRzjQxnVtLTHzUy0RQ,-0.02756917218071131,1.0,0.0,61,8,0.0
WNzi0_1V0YMsrCg_LrJ4jA,0.18154035656697953,1.0,0.0,45,14,0.0
WO0XzkChXtlYjzXSl4My8g,-0.12786382077634628,1.0,0.037037037037037035,392,33,0.0536796536796537
WO_5ViN3KaeYZaAxTSRjdg,-0.16129092836670045,0.0,0.011627906976744186,249,121,0.0235937083444415
WO_ntmoHq0zovM8v0niBAA,-0.29154039145381483,0.0,0.0625,66,22,0.0415019762845849
WOx0k6t0Y0zSYGsuPxIWww,-0.30273617014996307,0.0,0.014705882352941176,127,83,0.0533953997809419
WP3W43z9Dryyunf8J8YhFQ,-0.002245519859118472,1.0,0.045454545454545456,41,34,0.0277310924369749
WPdLRG-jsZmS7RkAfnZJQQ,-0.0036038274696579276,1.0,0.0,251,25,0.0
WPlzKv5eZLC1-1qq64bZQw,0.07668531577165005,1.0,0.0,33,15,0.0
WPyR3UrtsAkHLlNWqU-hsw,0.20188880385690988,1.0,0.02564102564102564,152,43,0.022198731501057
WQv2RGlyOIlDsUmF63nh-Q,-0.08068748707114948,1.0,0.07692307692307693,95,18,0.1296296296296295
WQx928GOxEAIbKWP8GWPuw,-0.5688592820416314,0.0,0.0,138,7,0.0
WRQ75NLY793uvDSlura5WQ,-0.17956162735833914,0.0,0.0,96,20,0.0
WRh6AOkXFl1qtnlCYUUQ6Q,-0.33480480425876225,0.0,0.045454545454545456,92,26,0.0659340659340659
WSi08gApEgsS62TIE78J_g,-0.10164582375342956,1.0,0.0,503,125,0.0305116279069768
WTrmBvsI65Zk5SvRweNZkw,-0.3301538996088178,0.0,0.0,60,12,0.0
WTromeqt10avsjuTPU8vgQ,-0.35241278919475866,0.0,0.0,67,27,0.0
WTyW0nI_zv0T3kB9jR750w,-0.2421378582653142,0.0,0.0,65,6,0.0
WUQYNCFuNMkybusRz2RYfw,0.37129717933597556,1.0,0.0,13,8,0.0
WUUWAzgfbF7r2awdKeNKBQ,-0.03564713853995338,1.0,0.0,36,12,0.0705128205128204
WVYcB73fVpBMznlhhqjL4w,0.2968365685863391,1.0,0.0,48,27,0.0343915343915344
WVtg_Jx7OfJRdbnKzT2p4w,-0.2676841110909485,0.0,0.0,749,122,0.037756550922938
WWUEE5l_tfYkVZtLAascoA,-0.08458807991134754,1.0,0.0,16,12,0.0
WW_qGCrcNqACvA8NLK5AMQ,0.3630587407841957,1.0,0.0,20,9,0.0
WXRZlGsdUjraCAcgtCyk4Q,-0.48650969652391673,0.0,0.0,211,44,0.0415019762845849
WXVb0_TPSNGjqRshykMY8Q,-0.30328622914206455,0.0,0.10526315789473684,62,23,0.1320450885668276
WXvQTyjP4lL94K9aauWVmw,-0.02342385446119577,1.0,0.0,167,37,0.0256045519203413
WXxlJiG1QIae0Dasbf-fzA,-0.20715455513318104,0.0,0.0,166,48,0.0
WY0ji9m-qAOc_6lK8h4pNw,-0.24783693871267476,0.0,0.016574585635359115,643,234,0.0508149070902108
WYDUHaSrkAvj1fjoFOgivw,-0.09955624937924179,1.0,0.0,250,99,0.0642271774347245
WYFbNrYDgw7gNDvMxa0rKA,-0.19979608430565488,0.0,0.007575757575757576,352,194,0.0244780604051184
WYPTqTbf7MHfxuHlIyZCkw,-0.22305871994089835,0.0,0.0,9,7,0.0
WZM-G0aWjfTc2iXo_GrGEQ,-0.24368680093849449,0.0,0.04,167,27,0.0343915343915344
WZMcvu6aG5juT_HFUOiaLQ,-0.0866547173568395,1.0,0.022222222222222223,318,51,0.0362560118386978
WZPCfTRiN4ipajP7gFfziA,-0.17774567296496296,0.0,0.0,69,26,0.1256410256410256
W_F0fVuQRY76_z76veUnQw,-0.26088231783006055,0.0,0.07692307692307693,133,32,0.0551470588235294
W_UOjay9T7Lj2chxT-Jb-A,0.5,1.0,0.0,17,15,0.0
WaHCrE9gQrVh0ANZ4kR7Lg,0.21559602499193053,1.0,0.0,42,5,0.0
WaijMSG7b5VxxJxEIlWQ0w,0.08181799449857441,1.0,0.0,40,15,0.0583333333333333
Wb00MpVcZSU7d8n5EXiWkQ,-0.18652878950292495,0.0,0.0,128,21,0.0
Wb9XhNUocfCsoMWIwjEcxQ,-0.15729008084304263,0.0,0.125,516,17,0.0522875816993464
WbcLJqj84WrGRZ1FWQeQeA,-0.11096934704969275,1.0,0.15789473684210525,81,28,0.1622448979591835
Wbj2EbQQlGgYpFjJZVTAkw,-0.21267135079731925,0.0,0.0,83,33,0.0
WbxPdq_PgVvCI462l0vPEQ,-0.03584734301717418,1.0,0.08333333333333333,80,13,0.0659340659340659
WdUiTm8EZ6l9ukq9Hh32PA,-0.14687852920125466,0.0,0.0,67,33,0.0285204991087344
Wewu2lolL111m_1TVTgR-Q,-0.3017665081162624,0.0,0.0,937,125,0.0436030534351143
WfGXFCu0e0SVr9tZG3-TfQ,-0.2471401967131912,0.0,0.0,561,43,0.022198731501057
WfN-VixjWAbfe8efJEs3yQ,-0.08152943106101884,1.0,0.0,125,57,0.0169388989715668
WfjsGrbSIswLMwGtKVNcwQ,0.22843110042709958,1.0,0.0,154,17,0.0928792569659442
Wg3OzU6Zw25A8MqbqP0GtQ,-0.19063950567539334,0.0,0.008333333333333333,340,150,0.0315268817204301
WgWZDEDf2mbbrmSOIFPDRw,-0.2818057333379798,0.0,0.0,52,28,0.0332512315270934
WgyhlYg3fnSgco4qLa20cg,-0.25749559763423213,0.0,0.0,1081,381,0.0225317989097515
Wh16yXjrNwl2PFaXdvNyIw,-0.11986049555259637,1.0,0.08333333333333333,99,18,0.0497076023391813
WhcPjw9vy8Ug0KjWEVRWcQ,-0.3921803092815265,0.0,0.01282051282051282,259,106,0.0429202787693352
WhzPmavp93LcoFVZSELUSw,-0.08234338642728234,1.0,0.0,41,17,0.0
WjzWl2kUn1eWuLj4OZH47w,0.6654119200886525,1.0,0.0,13,8,0.0972222222222223
Wk21f0DAM7uj3DaJ_rMI-Q,-0.17049103077437522,0.0,0.005263157894736842,578,272,0.0277310924369749
Wk5q7fdSUb2_iiqQ8Eus3w,-0.189162555307123,0.0,0.0,42,6,0.0
WklNC4oBYyPqMb2ILfcV3w,-0.2390446718491367,0.0,0.0,49,9,0.0888888888888888
Wl0NHi-9yIbBElYEvpTEHQ,-0.12802949525631024,1.0,0.0,56,26,0.0
WllnLf3kBK5lGyPoKWICXQ,-0.2750857986744234,0.0,0.0,335,94,0.0104143337066069
WlsLzk-IIwcotjrh4fDo5w,-0.020206373231852925,1.0,0.0,16,13,0.0
Wm4oVYVs4ZjMRoWFctWHoQ,-0.06450303153225256,1.0,0.0,612,114,0.0169388989715668
WmGSfx0JbwNRT03ozyjb6A,-0.37893452415654616,0.0,0.0,336,104,0.0185050798258346
WmnPtMtY0elYVStooCTfng,0.1705045607110921,1.0,0.0,27,12,0.0
Wndkw2PinAwTgjeUJOTdCg,-0.27402717860981096,0.0,0.01652892561983471,1933,286,0.0732686668170539
WnnfNMayJxtPBEHqR9EbrQ,-0.15377370984877414,0.0,0.0,1252,198,0.0285204991087344
Wo2aCm_YFYh48P69ZsEIDQ,-0.23048784317092824,0.0,0.0,20,9,0.0
WoI4kF2nFFu2Nl8mhFQOcQ,-0.15176154060492275,0.0,0.0,18,8,0.0
WoVo347Icg3gfQ1jOnfAUA,0.12866123334665003,1.0,0.0,216,20,0.1333333333333333
Wpw-cUHTjQ65LV6e4bME5g,0.3131269601014804,1.0,0.0,14,11,0.0
WrR6yPcE2Pf-zFR5W9vPxg,-0.18653448481955948,0.0,0.0,26,10,0.0
WrV6iYQyaaOsfwk6fiDDXQ,-0.1539025876796919,0.0,0.0,201,19,0.0
Wryh0Nc-YrLxdntgA0x2Wg,-0.23741013027291064,0.0,0.0,18,8,0.0
Ws_DY9aK0iSr4BqDX2US-g,-0.08035204641921045,1.0,0.0,88,23,0.0
WtC6tR6Wq9g_vguMalpliQ,-0.10697682951621534,1.0,0.025,85,60,0.016120218579235
Wvkf6PHy9pL3MROt2coxhA,-0.1995107587414201,0.0,0.0,114,23,0.0
WwPPNhUpIsPhLumwravwKw,0.16541192008865246,1.0,0.0,9,5,0.0
WwVYDgzRO1KiAu-GRksQ5g,-0.07826803277666539,1.0,0.0,251,104,0.0272286125089864
WwrkYXerVwr49F1BeX0l0Q,-0.23437532706965147,0.0,0.0,115,52,0.0185050798258346
WyV5R02-feXJUTIs53Cm-Q,1.0,1.0,0.0,8,7,0.0
WzMfMJKOpN0j21DvXC-g6Q,0.09011330720695077,1.0,0.0,45,5,0.0
WzykqsihM-Z6HxsLfwJdhg,0.05563811621393788,1.0,0.018867924528301886,426,173,0.0468779775138155
X0SlpSPlckmY2ymbOzdtsg,0.28207369135961624,1.0,0.0,14,8,0.0972222222222223
X2JkEvWPO7_dEPHne7qJKg,-0.12767909655783438,1.0,0.0,415,23,0.0765217391304349
X2nTJDYtXD4-t5aUhdU2gg,0.043474180068489465,1.0,0.0,66,16,0.0
X36Q4Tm3PZUFtyTxJqfKLw,0.15025714016476288,1.0,0.0,31,18,0.0497076023391813
X3AVbLMRGMmD5B-lH0OpQQ,0.08952933290854881,1.0,0.0,154,16,0.0
X3Aqv8WpZEaaGAc2kRqw8g,1.0,1.0,0.0,10,9,0.0
X3Qa-dXb2DFdZZ2UnAfSVg,-0.026916824812171725,1.0,0.0,21,5,0.0
X3jaJDlA5YqN1EZhV9KCkQ,-0.36881154834443025,0.0,0.006191950464396285,1357,422,0.0353069748317427
X4WPH7J7ezt5rJJJtwRs1Q,0.010794144609233447,1.0,0.0,67,9,0.0
X4Z8Iq0hICOjHdc-0NT_jg,-0.08385386347457491,1.0,0.0,78,23,0.0
X5s7U0pPUuSPhV2MK0GeqA,0.039839120208535195,1.0,0.0,25,6,0.119047619047619
X6nMcdEJxt4RISek-DvdKg,0.37129717933597556,1.0,0.0,18,12,0.0705128205128204
X7TvrNg6jY1Q0JHJXjlQ2g,-0.3257051872637283,0.0,0.0,97,36,0.0
X7_PtukZ3uDZwuEVnCmqZg,-0.24358275974717525,0.0,0.0,126,13,0.0659340659340659
X80hD1JrBuyVnj3EZWhm9w,-0.2199237204965051,0.0,0.0,189,78,0.0462789243277048
X85AplVLxxc7LRlM7QmwuA,-0.18380022515063643,0.0,0.058823529411764705,67,25,0.0369230769230768
X8RDdUddf4CKPvhfCS-shQ,0.016652147523193328,1.0,0.0,23,9,0.0
X9A-z_tQGIyr8Z4Efw1wbA,0.15009097343620414,1.0,0.0,292,6,0.0
XAAHadX1iU-ueAMPWZ--_A,-0.12339751526306353,1.0,0.0,256,37,0.0498960498960499
XAAKCdk7KU5qLA42r6F4pw,-0.2555966549862839,0.0,0.0,244,43,0.0423772609819121
XAVsvqv1HWUiiqgJM6zubg,0.11372674350840295,1.0,0.0,28,14,0.0
XAaXtqL1_HsI2t6FEIrA8Q,-0.3372804166387687,0.0,0.0,25,5,0.0
XBFPFjjCYZhd2zmZLqRdEw,-0.061308161232056846,1.0,0.08333333333333333,103,21,0.0432900432900431
XBFa8NAUrTqi_iea1moyiw,-0.1889736925202984,0.0,0.0,25,17,0.0522875816993464
XBGXPRTzUTPdzBRmNCjOig,-0.1865296591127391,0.0,0.0,54,18,0.0
XBhY2uL9rijmAr21bK7cRQ,-0.1964355508442438,0.0,0.0,207,7,0.0
XCEO3zlDSKJvemP5LNwWsQ,0.06271785936462337,1.0,0.0,54,17,0.0
XF1P01OV8o_tB52oo36_ZA,-0.17616827786652361,0.0,0.0,18,6,0.0
XF7qNhRJktAfLoH5GP4tCw,0.18479659093904355,1.0,0.0,237,31,0.0302419354838709
XFOLv6Vxik920W7OP-OStw,-0.20343887733331228,0.0,0.0,120,47,0.0390794615718628
XG5-bigWGG_IFgbCvVs7xw,0.1712971793359755,1.0,0.0,10,5,0.0
XH65ppjM-rlUmMnlH6CAFg,0.15063229122808652,1.0,0.0,66,22,0.0
XHDglv86dSnNt0e3YSlsFA,-0.08207643417805177,1.0,0.0,96,19,0.0473684210526317
XHF3oYylaLPeAynPo3bOKg,-0.08363630069545591,1.0,0.0,74,23,0.039855072463768
XHUdKqKQOzXUkImZvMbiBA,0.06520374130355822,1.0,0.0,86,7,0.0
XIdjpQWEw0-0h41Xbs47kA,0.06551547670945634,1.0,0.0,131,29,0.0622914349276972
XJ1KN2kQGBIo8h1nWvZNzw,-0.23189863730905813,0.0,0.020967741935483872,2081,774,0.0584656681969846
XJvOamdhTQI65jmzTfreDQ,-0.27872886609011943,0.0,0.0,452,173,0.0421550154887746
XK-mrAzh0cxD4U5Kmhy0fw,0.20156409572835565,1.0,0.0,81,10,0.0
XKAF_0hKEpILjSEcZ5EJow,-0.0679404106006758,1.0,0.0,88,39,0.0834824090638044
XKXfUoSD6Igypn-IWGnHoQ,-0.2424589540605575,0.0,0.0,202,58,0.0466365178066705
XKhACCLtkT29uWmEBx-DHQ,0.3811436725091921,1.0,0.0,34,9,0.0
XKquWoKNCBnjdWcJoOPdrw,-0.07898027491206261,1.0,0.0,26,9,0.0
XM3ZCy6mhG9y9FZPIjOHlA,-0.1762427707887787,0.0,0.0,93,46,0.039855072463768
XN6IctwNyZOvmlXCkmettw,-0.19314246677957836,0.0,0.08695652173913043,109,43,0.1860465116279068
XPrSgW88T2EaNvl5v2jukA,0.10347573612839411,1.0,0.0,34,18,0.0888888888888888
XQfwVwDr-v0ZS3_CbbE5Xw,-0.3303526905005761,0.0,0.0,352,169,0.0330684699915468
XR6zkgsFiwnaH2FVkoUVAQ,-0.29734934539641755,0.0,0.016129032258064516,601,235,0.0471013868550262
XRDcLPEmTyZihws-_sC3_A,-0.13518215130305677,0.0,0.0,66,16,0.0551470588235294
XRhKQxw8bQFF9iq-j721_Q,-0.09677250135236526,1.0,0.01092896174863388,468,210,0.0471665589312648
XRmk-rUh2VknJs4tT7QB2A,-0.3905404868101643,0.0,0.0,543,86,0.0113605987703822
XS1wPZeULZtbiP1OsuHFwQ,0.03379060840413961,1.0,0.0,32,15,0.0
XSAAxFlV5XQq3m3a91R4vg,0.0587244623989156,1.0,0.0,28,18,0.0497076023391813
XSL9RuLwRTyhNUwUo7WAPw,-0.060162121661129775,1.0,0.0,51,18,0.0
XSvfmG8EJIfnXLiJ7qZWXg,-0.17263082018733034,0.0,0.0,57,7,0.0
XTFkMivGATF-enFwtD1XTQ,-0.24383000071887412,0.0,0.008771929824561403,674,402,0.0305760354852244
XTJ03MbVT8FrleMzHeqtEw,-0.16891218652578516,0.0,0.0,15,9,0.0
XTcqhIF7Rfm43aHzJPXT_Q,-0.02050476080751229,1.0,0.04,193,40,0.0452380952380953
XTsiutArkvTDr-BU5B_Itw,-0.24645247658217528,0.0,0.0,33,13,0.0
XTssUDUwofqaVzaJ6fG_-Q,-0.20251795427593278,0.0,0.0,40,9,0.0
XU8MGYX9oKQ0bl4r8IMqfQ,0.189442684550437,1.0,0.0,84,30,0.1078431372549018
XUEP6erHkEWyGzR0j0rrvw,-0.1697701382847766,0.0,0.0,171,23,0.0
XUMia3OxaCVk5sB1rJpvpg,-0.05329919464106059,1.0,0.0,172,5,0.0
XUnOrn2ZPom7cJCfG9syXw,-0.09782995529284688,1.0,0.0,37,16,0.0
XVoCYNFCAG8CrLYgYSIe1A,0.12886252041626745,1.0,0.0,26,15,0.0
XWbWhTXkyzfhwh4dbfwEAA,-0.08578133135980359,1.0,0.0,157,23,0.039855072463768
XXkS9cqoT2yom2qS1VcX9Q,-0.057521081027433696,1.0,0.0,34,17,0.0
XXsofYxziipczzc3OFDD5Q,0.0006946383799938394,1.0,0.0,45,8,0.0
XYBSsBx31fUbzIuW4ro1PA,-0.3171886065033926,0.0,0.0,61,37,0.0
XZDp0wF6kmDYnIbH6MKiKA,0.1712971793359755,1.0,0.3333333333333333,21,15,0.0583333333333333
XZN4nDrDivftYhXKvQoZLg,0.177226429433739,1.0,0.0,52,20,0.0
XZPL988dC2lRVAfFcuH7Xw,-0.18307619316857043,0.0,0.0,28,16,0.0
XZRsPZb30NWjgqZBSumsSw,-0.09839602485676047,1.0,0.0,135,88,0.0111082737487231
XZfgiMT8fZtGN1KkecoSrw,-0.112703925387867,1.0,0.0,123,22,0.0757575757575756
X_1RXvYxdaaTXJp3lo0xYQ,-0.09956067250121581,1.0,0.0,47,8,0.0
X_87Bx1bAwGPjPmSuiHWHQ,0.10848786683900513,1.0,0.011627906976744186,204,107,0.0425567423230974
X_T1gP8z1f_sGNX7qV0PJw,0.10829306683022633,1.0,0.0,15,6,0.0
X_X60vlWlPLWcW97LPrSjw,0.06338425043030727,1.0,0.0,26,5,0.0
Xa71VM37G-SdRmGjc_VzCQ,-0.2037461366819091,0.0,0.0,124,42,0.0443722943722943
XaBOwJFCe1odBPYdIwCsPg,-0.0892257922510914,1.0,0.0,17,6,0.0
XaQsV_NIYMOjyKe39gOXDg,0.16515453177526118,1.0,0.0,34,7,0.0
XahxHmkaFOAwXix2VGRAUQ,0.19112927309747485,1.0,0.0,124,50,0.0192156862745098
Xat8Yhqly9GdM7kYcfQJyA,-0.19302503830101403,0.0,0.0,321,152,0.0479440789473684
XauY4RGt_kGgu5otwYZf0Q,0.0,1.0,0.0,9,8,0.0
XbFRkhVgX3jggGxfAaZyuA,0.7769412800591017,1.0,0.0,7,5,0.0
XbXoL8r97I_f5t0hv4BzIw,-0.16653871860954284,0.0,0.0,61,9,0.0
Xbx0B7y0MAKgR4tqQvWazw,-0.23883507277017257,0.0,0.0,97,33,0.0
XcFUxeLcbBt0xefg03Muyg,-0.04911648278280745,1.0,0.0,63,17,0.0522875816993464
Xd3TetLYlPfiIbYA4EpGMQ,-0.2954235094325448,0.0,0.0,428,70,0.0138832997987927
XeBIWRfUAe4ofTGC2AgfJQ,0.13391710435278736,1.0,0.0,255,62,0.0
XeLAOIv2Ky1wyzIjoTa3Mg,-0.21269288860060287,0.0,0.014492753623188406,264,90,0.0311827956989247
XeTD0c0EH4-XSFfvfArq0A,-0.1491386983755173,0.0,0.0,105,9,0.0
Xeqb2RxA3ApFCThIYOstQA,0.0,1.0,0.0,12,10,0.0818181818181817
XeuloGDcqfKza_qlKexzmw,-0.40096082453710363,0.0,0.0,66,28,0.0
XfSRXmUwaCRzxFl9cuVNiA,-0.3434215205973976,0.0,0.0,25,5,0.0
XffCKjkB1qaTU1MNbwJwGg,0.6864599500801482,1.0,0.0,14,6,0.0
XfvJ2iEq0XmciWIJvelZZA,-0.001882119867021248,1.0,0.0,19,11,0.0
XgPaGKEO34UhLtJcaByMxA,-0.06197830493847345,1.0,0.0,32,10,0.0
XgehM3pBZWuXi45J2dqRJQ,-0.07918578470607629,1.0,0.0078125,1566,319,0.0432864678167177
XggfVUV71SMMUhCoIEKhrw,0.16442114680754816,1.0,0.0,11,5,0.0
XiDhSghC-9Hz19hBlLpbyg,-0.2302738516270869,0.0,0.0,1017,354,0.0110469336868352
XiPmvfzsqSUdwBZfSt3AUA,-0.40084837811866825,0.0,0.0,46,5,0.0
XifhhRHdU6Lt9W4BEhAbJA,-0.22886972041644604,0.0,0.0,159,70,0.0138832997987927
XisEaN0YxDeMc-9rQp6Qag,-0.28240912554819897,0.0,0.0,172,57,0.0
Xj2Lym4T6NXYGfmZmZDFFw,0.15384785517305277,1.0,0.0,34,18,0.0
XjST6nGKZ7K_Sb6wKfCPDw,-0.20834472538383364,0.0,0.0,134,40,0.0452380952380953
XjXqBCD1Qyo7RHGGh2eX5g,-0.25343954912738265,0.0,0.0,283,24,0.0383333333333333
XkZVpfDiS_D-xDlqNhVTkg,-0.2905865159612029,0.0,0.0,47,7,0.0
Xl10ezJvJOzOdkr9Oelo2w,0.2596886273764535,1.0,0.0,26,6,0.0
XlbFKW_Keun8qh1S5m3QgQ,-0.11945606934820518,1.0,0.0,171,16,0.0551470588235294
XmQRh4JtW82Aki9dmaoJ8A,0.07984320850378479,1.0,0.0,59,15,0.0583333333333333
Xn9XOYqXa4IHdHnaZr9JAA,0.1271153132705639,1.0,0.0,32,11,0.0
XnbuS6ieFxsDSH9go88juw,-0.32218783687126856,0.0,0.005128205128205128,439,251,0.0117325971703736
XoS-hu_i2Dr8VxzeMxLwVA,-0.05474176876633352,1.0,0.014705882352941176,1726,74,0.0819152485819152
XoX8Erg2hrLdpqfIA468RA,-0.09526439667736164,1.0,0.0,225,20,0.0818181818181817
Xob5FlJ_HINMHAzmnfcu-Q,0.09773356003686196,1.0,0.0,45,26,0.0
Xpue0uHw0dk7HdIXVjhdUA,-0.20250494281014286,0.0,0.0,59,33,0.0285204991087344
XqGNxBmAo2Jm5DibhJcrOQ,-0.21492682851905476,0.0,0.0,32,5,0.0
Xr5ceZ5Gq7cc8YuyLYz2bA,-0.1440356256168357,0.0,0.0,363,26,0.0
XrtJUw6CyipHlFkKrdHbtw,-0.1950445808238669,0.0,0.0,312,149,0.0553054116047913
Xtw1Rpqj3IV-TKn19fIgpA,-0.010590408524408512,1.0,0.0,190,53,0.0819778789850358
Xu2wzTGixa_zSjYQO-GPoQ,0.5712971793359756,1.0,0.0,11,6,0.0
Xu4-OKcr18K-z2PQ_sMgJg,0.4820736913596162,1.0,0.0,13,8,0.0
XuZ0PjtRiRCIOpzWTtQ-Vg,-0.4103866255503723,0.0,0.0,105,31,0.0796963946869071
XvFKxQj9lfLIUxRHrAodQA,-0.16026508015957852,0.0,0.0,577,149,0.0257051366407858
XwpjTjy_jwWGAlG_rt1Hrg,-0.07249577908102722,1.0,0.0,237,128,0.0076913759689922
XwqwayHSA_TJDnk-13AyAw,0.04978163112149292,1.0,0.0,75,9,0.0888888888888888
Xx0rOtPQP_1FwOoYSVFWTQ,-0.029639279114491823,1.0,0.0,46,20,0.0
XxvGmAlvZE-8cjDZF_39nA,0.006862606506611746,1.0,0.0,37,13,0.0659340659340659
Xy1mX8UQWMavQh_tMFjthQ,-0.13396136905386724,0.0,0.0,45,13,0.0
XzgFo5jFPBgeZedVWpwL1g,-0.24838304345857487,0.0,0.0,105,45,0.040661938534279
Y-JwO5yETnBEAXchodyMhw,-0.3365282569358411,0.0,0.005291005291005291,506,222,0.0373815373815373
Y-xCFPYXWd9Ig0R_ZTd9mA,-0.21374456464256497,0.0,0.015151515151515152,305,78,0.0362456473567585
Y0TWCjiiXlFi2XO2cFrUzQ,-0.24333262377604487,0.0,0.0,39,13,0.0659340659340659
Y0WIZpnXFFT5VH6WBVCxlg,-0.10886648578638136,1.0,0.012738853503184714,378,176,0.0217171717171718
Y0izXh4Dv1_YU68tn43Xiw,-0.21327424716936694,0.0,0.006756756756756757,823,221,0.01321105365223
Y0pnoywoHENMzj5n6j4vxg,0.3131269601014804,1.0,0.0,14,10,0.0818181818181817
Y1QKeVZSvhnAZnO26SK6QQ,-0.05765521582455413,1.0,0.0,107,33,0.0791245791245791
Y2ILjbd9nLM_El5KKAwbbg,-0.25638083028744185,0.0,0.0,161,84,0.0116246498599439
Y2Pfil51rNvTd_lFHwzb_g,-0.26434708701410503,0.0,0.0037767519932857744,9181,2688,0.012332821629754
Y2jDVmMpRzQRg6HkNvQc8g,-0.2995466541075977,0.0,0.008064516129032258,244,184,0.0106358111266948
Y331KeixvXEdcOFaXkI4dQ,-0.37539011141867773,0.0,0.0,44,23,0.039855072463768
Y4Mo7G0PRyC-IJ0WSQCkOQ,-0.0009147894911120114,1.0,0.0,163,35,0.0269841269841271
Y50hBZo0V-9mqPkSgRwR-A,-0.10465806825506851,1.0,0.0,78,21,0.0
Y6K9DT44-4Md-ycMkC0nLg,-0.23290136788560267,0.0,0.0,722,182,0.0159489159489158
Y6L5BGGSfj2gVcx3i168bA,0.0587244623989156,1.0,0.0,20,11,0.0
Y6Z9Egp72LM9uwjsmNFwug,-0.3529108237765656,0.0,0.0,161,51,0.0
Y6tnZeHMvK7feBa655lk4A,-0.07452795246652288,1.0,0.0,69,11,0.0
Y7DzF0ZfAIuXbLM4KcOExw,-0.04968786544648196,1.0,0.0,207,45,0.1239316239316239
Y7zk7-V3_K8Z4NUryPYJww,-0.1706044581341042,0.0,0.0,321,46,0.020814061054579
Y8IzgicQSkxNsewSzR7NLg,1.0,1.0,0.0,13,11,0.0
Y8NRpWISLGHN4LsqCOkZDQ,0.053882560118203304,1.0,0.0,10,6,0.0
Y94rTUdjh15qoKR3w8NBaA,-0.05330758829359605,1.0,0.07894736842105263,102,72,0.0799929676511954
Y98F1mtF5zsvZiUc6MjbSg,0.16598836973769981,1.0,0.0,39,20,0.0
Y9cp0wO7SeDn-kpT0Lt-LA,0.16047165603424396,1.0,0.0,28,21,0.0
Y9wxA_5Mwnax3dTLTXxEZg,0.08464968337089007,1.0,0.0,81,32,0.0293560606060605
YBW_smhjRI331LWOwBHQvg,-0.30858785978575654,0.0,0.0,33,16,0.0551470588235294
YBxBdrzQZplVWNUymSGVug,-0.11237275107388423,1.0,0.0,225,37,0.0
YCPSELmCiZGB0xuKd558uw,0.3552661088310516,1.0,0.0,41,10,0.0
YCU16wQbm-3RA_j2srt29w,0.11213561037061681,1.0,0.0,32,18,0.0
YCrlaAAwOadwtd9W0cH6zg,0.16541192008865246,1.0,0.0,13,9,0.0
YD9-VUxnobct_Jv4E9SAvA,-0.11381176729672571,1.0,0.008097165991902834,1678,275,0.0369230769230768
YEAQzv5m87g1MaoEtY9hbw,0.23897748583084388,1.0,0.0,152,16,0.0
YEIZTgcM95btX9n_ibeUuA,-0.10453512908983442,1.0,0.0,89,20,0.0
YEwmI50bso_LYtuivsdwiA,-0.07773113571220547,1.0,0.0,141,10,0.0
YFIk4noVT4mrdF2fiEr85w,1.0,1.0,0.25,7,5,0.1333333333333333
YG1fT80sd9swV0oe1gPh7A,-0.26588245350924433,0.0,0.0,354,103,0.0518393159348
YGUr57Zf4RYb7mswg32qxg,0.18759585517265986,1.0,0.0,60,19,0.0473684210526317
YGp6vEXRRm3DE5GDQJ-WeQ,-0.25213269407827676,0.0,0.015873015873015872,345,161,0.0565181068613565
YH5KqmYkkrJrPP7kcJjKfg,-0.21310917768804982,0.0,0.0,31,9,0.0
YHN77g2zWsEN1F_q9W_WdQ,-0.26540411532168084,0.0,0.0,98,31,0.0
YHVrrdOqBEwRrW5XiNm3Fw,-0.06761799981971728,1.0,0.0,22,9,0.0888888888888888
YICdPG1yr1tzlZBd05xcQQ,-0.3162615261357452,0.0,0.0,104,31,0.0302419354838709
YIMPh1-8zKCQ79ZsfocHBA,-0.23145922663082708,0.0,0.0,112,19,0.0
YJJHFq1_CQnCm_oXcO23Ag,0.13672212340593504,1.0,0.0,34,19,0.0
YJUJqez_Sg0hFDEXHYls0Q,-0.27258844458510795,0.0,0.0,50,19,0.0473684210526317
YJn_vbvLVLySH3ZdMYlSsQ,-0.14753130244989499,0.0,0.0,112,37,0.0
YJx313YT5ibnMvsqSNhdSw,0.024407735669177977,1.0,0.0,84,12,0.0
YK3Kt4It6ACDYC0yrDQdCA,-0.0859001923364009,1.0,0.0,219,80,0.0
YK9kcUVwuI9j00g6o1k7mg,-0.08387975316583407,1.0,0.008,811,171,0.0520177054053181
YKabQr2Ik2mDtBVvKC5ohA,0.3131269601014804,1.0,0.0,9,6,0.0
YLLWDhNYfP1ocOHC5KWBOQ,-0.17339947768969,0.0,0.0,62,9,0.0
YMdXDiRiNoKEAFen3XUWFw,0.3834210032750873,1.0,0.0,11,6,0.0
YMo-kArYFQu7JhyviZfYSg,-0.1604710914745936,0.0,0.0,107,41,0.0232288037166086
YMtSZKXAFVzk0IEdNG9zMw,-0.12707950333829188,1.0,0.0,120,53,0.018169112508735
YMxOjiZfWyN94L8XkZGPRQ,0.30181609067766746,1.0,0.0,132,71,0.0270113833687053
YN3Od6UktX_WJ-TCXoYfvw,-0.2338295244225973,0.0,0.0,88,12,0.0
YNFkP6HqZxwbv-2YMPyZtQ,0.3131269601014804,1.0,0.0,9,6,0.0
YNP9czXLpMaEXZh4Bpi1Jw,-0.1859777863917963,0.0,0.03076923076923077,273,110,0.0731092436974789
YNkDhu7Ba36mUR6vN0491g,0.042375429467632175,1.0,0.0,39,7,0.1071428571428572
YOZWP7qlFpHn9rodJSFWDw,-0.24237441291351836,0.0,0.0,345,31,0.0
YOxtL5o-E-aHrR4cgSFcSA,0.011989958034014037,1.0,0.0,102,29,0.0
YP6IjFUxh9_VcFUWq5ru-g,0.7834210032750873,1.0,0.0,11,6,0.0
YP8qxvmUKHdgZiJN0oCKLw,0.7769412800591017,1.0,0.0,9,7,0.0
YPnksHT2DQA0AhcxP6udxw,-0.10702673179948752,1.0,0.0,278,63,0.0153769841269841
YQD_Gm999Cthin64uLdOdA,-0.41174499344853954,0.0,0.0,50,25,0.068148148148148
YRwpT08JOsezBbBRcvpAGg,-0.12258650545635519,1.0,0.0,34,10,0.0
YTYK2xCNJviDtNkXvPx0Yg,-0.2152141378514929,0.0,0.0,41,16,0.0972222222222223
YVy2DgGfNmG5hWYbA7k8jg,-0.13303471986102167,0.0,0.007281553398058253,1448,477,0.0753262805831243
YZtphZ-zlhiPjzcJjuQc3g,-0.09415599237477479,1.0,0.0,71,14,0.0
Y_wNEd-AtDTo-jdPakoCZA,-0.13794633348092322,0.0,0.0,171,97,0.0100988849147907
YaLZlatMJU_eXurZXtihHQ,-0.23882607948311596,0.0,0.0,35,12,0.0705128205128204
YaMTfCPcyQeq3BVl2vd_Vw,0.46097865122452353,1.0,0.0,26,9,0.0
Yc5HxVlYhixshqzTePwLpQ,-0.13101711895142942,0.0,0.0,67,35,0.0509652509652511
YcY48yvPw6-FE-5DJCY14g,-0.32060207609386016,0.0,0.021052631578947368,328,105,0.0269841269841271
YcbkyXTAWjs4FwIMTUHB5A,-0.33026450568690824,0.0,0.0,54,25,0.0
YdDhLRxF5UJQhQzM5IKjfA,0.0512504567393659,1.0,0.0,377,27,0.0938271604938272
YdMKdHOPbNgzxrC7xFwL1Q,-0.1562296730591387,0.0,0.0,169,20,0.0818181818181817
YdsPB-Wl4CEo56qaFTTlGQ,-0.17135929855657106,0.0,0.0,257,106,0.0429202787693352
YgZwJJDb81jcPHLjJ1mYIA,-0.1506513969356741,0.0,0.0,52,5,0.1333333333333333
YgbIbmfDlB-bZSsjuIfKwA,-0.10689528040387242,1.0,0.011428571428571429,673,219,0.0218118069145467
Yh4yCF2cjDVr2LSuphgrXQ,-0.03463077944319004,1.0,0.0,58,7,0.0
YibYR4ssX-rjTY0JRjcFqQ,-0.3351819268421713,0.0,0.0,82,39,0.0
YjtziUCMEwEZNGHnGtTDdA,-0.08936609050792421,1.0,0.0,406,122,0.045594262295082
Yk62SB_HISNsv85CDbVkKg,0.14355928163482667,1.0,0.0,49,6,0.0
YkNz-yiDQq1hyNXStNrFkA,0.40743006471897236,1.0,0.0,29,14,0.0
YklJC4Lt2rMGfV8JfrTtuw,0.0014216020734462154,1.0,0.0,41,7,0.0
Yl2iZQZ4EB7N2vnZDYqoIA,0.01030541486469072,1.0,0.0,27,9,0.0
Yll7kUVI7j0gArBMQKpEaQ,-0.12920445509137268,1.0,0.0,422,125,0.0571428571428571
YnCvQRwQu9_9eVYuarNKxg,-0.21528750047258882,0.0,0.0,164,82,0.0119012635909492
Ynokyesqb9pXBT9EUlnAbA,0.09674059319398731,1.0,0.045454545454545456,32,23,0.0730434782608695
YoxeI8Bnz6Fwg7glgRCDdg,0.6464602934348138,1.0,0.0,13,10,0.0
YpGSRLzkk8UOCVzd0Dpo3Q,-0.14034964040541476,0.0,0.0,54,29,0.0
YpwiShaS6y8KUOJ6Cm4Vsg,-0.2859174145043406,0.0,0.0,18,5,0.0
YqgX6DHsg097nstJl_cCjQ,-0.15549931021176921,0.0,0.0,718,48,0.019982993197279
YrCCOyNJt3qOi0cbX05Kjg,-0.2963358740432743,0.0,0.017241379310344827,348,82,0.074952041655248
YshBHMZJhbAJ3nmjr9xUGQ,0.21953000187045435,1.0,0.0,141,30,0.0818181818181817
YtKb_4jugA6VQaTxtQv5nA,0.10362671540689761,1.0,0.0,30,19,0.0473684210526317
Yup2oUK2tKI2vvHo3kmscA,0.017846814148542944,1.0,0.0,32,6,0.0
Yuwn7udUEvLiOsTpJHQkQA,-0.15488641043747053,0.0,0.0,17,6,0.0
Yv638OoaYQm3qBuFm30AQA,-0.0805098055953416,1.0,0.0,286,37,0.1119691119691119
YvaeYCBYVTJ1wmFP2VioyQ,-0.020206373231852925,1.0,0.0,11,8,0.0
Yvb0rmlmEFNLIRLfCIjVig,-0.10851771893666506,1.0,0.0,309,91,0.0210327307101501
YvjGdHY7iAKv_ticIACnXQ,-0.251844677426884,0.0,0.0,259,65,0.0944444444444445
YwkYSoViGv2R1-dYpzbebA,0.1273557884257267,1.0,0.05263157894736842,164,19,0.1601830663615562
YwlhxsSsa5WcrR-_myL9qQ,-0.128085076174015,1.0,0.0,218,22,0.0
YxQUHb9b4mREta5_Q012iA,-0.291015893874933,0.0,0.0,66,25,0.0
YxZJXr_a-Oie6O-Lk9C6zA,-0.3319573040448629,0.0,0.010869565217391304,1053,359,0.0188440872490371
YygPa1o7gZKkv-6VYDh_3w,-0.30764679985224586,0.0,0.0,19,11,0.0
Yyn4z5ZysBDYCXfTFzflaQ,-0.4055385349231435,0.0,0.005235602094240838,1445,649,0.0450665091895585
Yz6b3SrI_MXcaVekMISmIg,-0.304135082909931,0.0,0.0,52,10,0.0
YzpmO3Of7eXcL-Gtr7C0mg,-0.09419477729132442,1.0,0.0,33,5,0.0
Z-WED5Dnx6Mejpx-_Agnhg,0.022867020605637944,1.0,0.0,117,31,0.1731748726655348
Z-_juwElEmyk1QrwRw88BA,0.1062113385031479,1.0,0.0,224,38,0.024966261808367
Z03QeLtc9PjlkSNqbdFdXw,-0.20954079084185562,0.0,0.0,422,82,0.0232288037166086
Z0H_XDlMEfLSXrvOm9YFmQ,0.053882560118203304,1.0,0.0,19,15,0.0
Z0UWSWLszjuDn3bpdGVMbw,-0.1616576772499353,0.0,0.0,383,83,0.0437612519041685
Z0mBsgDzDnFAEC5o4X6G9g,-0.1652628405821801,0.0,0.011560693641618497,687,196,0.054699764521193
Z0tqMjLVWNub24JsywCwbA,-0.2207849930889142,0.0,0.02127659574468085,138,66,0.0285204991087344
Z1AcC_khlMgMamH3XtH3-A,0.13519358721776464,1.0,0.0,24,7,0.0
Z1RfR8zskBy_c8vOAhDOFw,0.0824205763181145,1.0,0.0,94,53,0.0648791790797749
Z1whpjCi-3RiuBPUtdK44A,-0.31226561880371934,0.0,0.0,47,22,0.0415019762845849
Z2Dh3nBT7bGIS2IVoV2zAw,0.349750675732149,1.0,0.0,199,7,0.0
Z3AabbdzSsxPPC8Kgbar_Q,0.5415504019201169,1.0,0.0,84,11,0.0
Z3KyNcSMuOj_WxMwSC0Njw,-0.29815288638925797,0.0,0.02564102564102564,664,236,0.039237977125534
Z47HyCOQC6D3kWYZGqe6RQ,-0.3466479160140385,0.0,0.05,59,22,0.0415019762845849
Z4Bg-Z-_ld2onuMdbOvv6A,0.08579361847659539,1.0,0.0,120,12,0.0
Z4vlztrocJo9WWcL5TFeBA,0.0213801163856272,1.0,0.0,42,7,0.0
Z4yrtVsQrBB5dTvAmrIBAQ,-0.08163256522218787,1.0,0.0,32,6,0.0
Z56KCCG4wRBy0zAafFaltA,-0.34869611239404064,0.0,0.018691588785046728,397,113,0.0547197640117993
Z5b1Me1YBZGQAxIx62vmqg,-0.29817267904891565,0.0,0.0,660,267,0.0145390217947123
Z72KDGgmPZV7Aii1L8Mxtw,-0.2247079152380378,0.0,0.0,200,41,0.0442427680090753
Z8c0t6xPfM8u1H1ZUcWlOw,-0.21957510629577182,0.0,0.0,180,121,0.0235937083444415
Z8qGOmU8YxDjLPBbrz84Yw,-0.34028998737486993,0.0,0.0,2122,525,0.0270828924162258
Z9gdO6rGNcRUPkQSqEN9kA,-0.2586809708106338,0.0,0.0,102,19,0.0473684210526317
ZBTVbCcc8OabC9Q5rIaGlw,-0.0027681496423057617,1.0,0.0,62,29,0.0600667408231367
ZCF-HvfbITnNcaomqT5XRw,-0.1933755538506543,0.0,0.0045871559633027525,1145,251,0.0370624780571202
ZDNPWWMny8RzZ9Wg27aMFQ,-0.13822952836835056,0.0,0.0,476,79,0.02406626035318
ZDinrfm2fP1WIy6IqUFyCw,0.26916591012447444,1.0,0.0,19,11,0.0
ZEd_RWWRVGqLlM5DUiXCeA,-0.2911316441209611,0.0,0.0125,723,104,0.0776889040163377
ZFSt9QDyAgz5qKRfxCZWAg,-0.13298511883298492,0.0,0.0,887,40,0.0
ZFXvC4V-YU1U4jzVozqNUg,0.21575053934600924,1.0,0.0,21,11,0.0
ZFcE6HItnUzgGPM0Uxm-DQ,0.16541192008865246,1.0,0.0,11,7,0.0
ZFhNIqxf4CEImg_EvF2anA,1.0,1.0,0.0,6,5,0.0
ZForVw2ZTiwDGfZ0XvZsXQ,-0.3656426410497029,0.0,0.0,291,151,0.0366980216813599
ZGWf9W79UooH4S-Q0D5Z6A,-0.1409187604212555,0.0,0.0,36,13,0.0
ZIfvFrdyT1L9mS-NpGhuMA,-0.25294914032156324,0.0,0.0,811,79,0.0963751438434981
ZJXc_MYDaoNr2n4uRgfzhg,-0.16447541914732577,0.0,0.0,121,5,0.1333333333333333
ZJsjHHgmtxojH2wJWtpvYQ,-0.11086654386380079,1.0,0.0,60,32,0.0
ZKWfCEqvVt7mECgWf53sBA,-0.22962006237115323,0.0,0.0,45,15,0.0583333333333333
ZKgCoC09-92hZAvq6CgbuQ,0.1289153578138018,1.0,0.0,109,32,0.0293560606060605
ZLR0o9tuGaUAdrhJE2z69w,-0.17471593235702998,0.0,0.0,955,250,0.0155905511811023
ZLW8u1n776S7maN4KhN6jg,0.47291500107284545,1.0,0.0,57,18,0.0
ZLrqw4KCwKyBlVqycUfNbg,-0.2101491972842494,0.0,0.0017793594306049821,2046,615,0.0111572948526912
ZMIUDDqBsclQG4kv9424DQ,-0.17650875553898226,0.0,0.0,213,52,0.0356125356125356
ZMeRh7SQS_McYDhopPS84A,-0.0036711167331274774,1.0,0.03125,233,48,0.0383333333333333
ZNB73mij2iG0wfbXBazQdw,-0.2446554357405254,0.0,0.015873015873015872,366,134,0.0214075607364636
ZNLHB8ljPt5jvwxpy8GAhw,-0.18267769079412144,0.0,0.0,115,12,0.0
ZNUmF2BHvp4fovXFTFW9Cw,-0.25240607549993666,0.0,0.0,166,26,0.0686813186813186
ZOBR5vCG0QNJsGnucs2vWw,0.2032990218000733,1.0,0.0,116,75,0.0129824561403508
ZPd6tNapV7y2AFh1RO2WBA,-0.2501381159703442,0.0,0.0,48,8,0.0972222222222223
ZPjokVSTWDyRMWxaW7z_9A,0.007436233267046788,1.0,0.0,410,75,0.0697942386831274
ZQ1xusCuRoHneUw_PfZM3w,-0.3396201768188354,0.0,0.02608695652173913,613,133,0.048657357679914
ZQDylFG7tpQcL9KzI3k6hg,-0.15220602220166124,0.0,0.0,44,16,0.0
ZQXiT4vn7eg6Sf1Cosh5AQ,-0.1634977598233066,0.0,0.0,16,7,0.0
ZRW9dxsm9Peh2zRHNvv29g,-0.27720168488824165,0.0,0.0,39,9,0.0
ZRo0TfOuUogoIHu7Jka5pw,-0.05444346137938327,1.0,0.0,57,7,0.0
ZRy4atrG3YHdb__qtE0FsA,-0.3202196941526958,0.0,0.017543859649122806,158,71,0.0266255064634381
ZSO7isM9z-BkHP0kyE7Tzg,0.06187221352346628,1.0,0.0,17,5,0.0
ZSaKeh2-3U9BiMMqZA0z9Q,-0.2770071294907661,0.0,0.0,388,110,0.0175324675324675
ZSwDwV4o8MvX8cwMgfE0LA,-0.2157738553678068,0.0,0.0,680,302,0.0251228370006408
ZTcCAGRxxXAf_K6mgFoW0g,-0.25237750650757335,0.0,0.0,24,12,0.0
ZTg2GBgQj1WwAO5ySsTAQw,-0.3001031384010804,0.0,0.0,182,55,0.0175324675324677
ZUwdkXBcXAxNnz0sQnw34A,-0.26226023591509595,0.0,0.0,84,9,0.0
ZVADnWGkKSOqW7z0LB9e8g,-0.05238664871219545,1.0,0.0,41,32,0.0
ZVkrLNK2Z6zSeCn4U9A7rg,-0.16046027993815348,0.0,0.0,113,21,0.0432900432900431
ZWKEe2A92sJctVihjBotaA,0.37311788013297875,1.0,0.0,16,8,0.0
ZWTaHa3PUhllOcvlCEgybA,-0.13720263061932803,0.0,0.007042253521126761,291,175,0.0325808997632202
ZYJzr1diF0uwD4Wp7qkKxQ,0.09006824016058201,1.0,0.0,15,8,0.0972222222222223
ZYiHs9ENVw6YgHgduru3Pw,-0.1890646543886566,0.0,0.0,319,78,0.0243589743589744
Z_70Zl2SgHYmAfOXJQzXbw,0.1711387953578295,1.0,0.0,21,10,0.0818181818181817
Z_KNlr8cLxDSPUB055MgOA,-0.19257229911715212,0.0,0.0,684,52,0.0185050798258346
Z_l5dmN5AvLDS0KtVEjZZA,-0.3889444129631921,0.0,0.0,56,33,0.0285204991087344
ZbGExfbZTb3IYZ2PxyFrMg,0.795166106728746,1.0,0.0,15,12,0.0
ZcSdZkosdUL3mFAaNS2xAA,0.005127109767921745,1.0,0.0,1021,176,0.0217171717171718
ZcbhsniFmXZFW8ccPvsSLA,-0.28209319795931065,0.0,0.0,297,60,0.0
ZcwUOOhNNDyRrrq8_bx1gg,-0.16542511085409872,0.0,0.0,273,22,0.0415019762845849
ZdJgP7puNRex0Hy4PWIcAQ,0.009155857967604875,1.0,0.0,23,14,0.0
Ze5WMI88GQGZCA0oOOqPbw,-0.1906125219194743,0.0,0.0,73,25,0.0369230769230768
ZeSfX_NTmOm48hK3kQRxfg,-0.30637891569039855,0.0,0.0,105,12,0.0
ZekJUkrI9XqSx6fZ7Izzbw,-0.1743965530428393,0.0,0.0,122,30,0.0
ZepTeV70GKRBntGBIwev1g,-0.20601907381649454,0.0,0.0,93,7,0.0
ZfOS7Mz-iGseNxBhlhXm_w,-0.2863491976150152,0.0,0.003575685339690107,2352,965,0.0409264742166295
ZfdPbQDz2hXc9x5r2LQiIg,-0.07831265813344734,1.0,0.0,69,27,0.0
ZgmEBmGQbSHj8YZgN2pPLQ,-0.21206737558270716,0.0,0.0,1494,365,0.0184563264103696
ZgqZAKHXZi5HoCRYcTh9Gw,0.010633530419049908,1.0,0.0,28,7,0.0
ZgsIctKamHA8z3KTbTYOoQ,-0.3407123804664295,0.0,0.0,102,13,0.0
Zh7c_1oN5BpPqwyXF8dy7g,0.23941346543145803,1.0,0.0,83,21,0.119047619047619
ZhExDd48ZtOj2DFjXPgfpw,0.030028971031349383,1.0,0.0,304,150,0.0
ZhcVjB2jA5nhzpTKjuR5cA,0.053882560118203304,1.0,0.0,10,6,0.0
ZiQiMlvgk19GrEEkN9kyRA,-0.2799608548060739,0.0,0.0038022813688212928,1261,331,0.0257508441443041
ZipaR6Tyd3IandZHwG6ubw,-0.1116298044835411,1.0,0.01818181818181818,1175,61,0.0307051782461618
Zl8jd_gzZduzMLN4_vUjLw,0.46052066731233504,1.0,0.0,24,18,0.0497076023391813
Zlb0FD8BRAwLFIngXe0saQ,-0.13849603568213442,0.0,0.0,288,32,0.0551470588235294
Zlga4izAoM55RDMzkK-aIA,-0.13552277591415407,0.0,0.0,81,20,0.0863636363636364
ZllDVefj_NbGdsMUR5LS2A,-0.06380246012262358,1.0,0.0,60,12,0.0705128205128204
ZlpC-lTeTFKcqXoCD0rTMg,-0.3580739145980099,0.0,0.0,189,62,0.0566959921798631
Zm3X8i9GsYaxdWHlI-WQwg,0.509904364587311,1.0,0.0,30,21,0.0
Zn-Fm1X8nwjrDtaWV3bQXQ,0.6464602934348138,1.0,0.0,8,5,0.0
Zn6WQQknlNtgiil0rNf9UA,-0.43226988205532146,0.0,0.0,533,111,0.0173802120704775
ZnPlol7SznrIsbCBNS6pOg,0.16739722969489157,1.0,0.05263157894736842,99,44,0.0217171717171718
ZnRFh390K4vgTvbNKi59GA,0.0870304962190439,1.0,0.037037037037037035,64,35,0.0509652509652511
ZnXfiYj1Mq7lf5az2Ir8Gg,-0.26297032606721665,0.0,0.0,215,38,0.0
Znr5C75iByDDIk7C6wqgsA,-0.08943993414134177,1.0,0.0,130,22,0.0757575757575756
ZnssDQyR5H7H2LJ-vT6YyQ,-0.17843013646939787,0.0,0.0625,65,18,0.0888888888888888
Zo4JTq141zH5ggZqX7A7bA,-0.10199692496935642,1.0,0.0,68,30,0.0
ZoI1Nj3uoSper4l5q5nrng,-0.19824448887625445,0.0,0.0,335,36,0.0
ZoSDp6Ycoy9H2spud3PYqQ,-0.4609052491401009,0.0,0.008849557522123894,301,156,0.0303790412486064
ZpgVL2z1kgRi954c9m9INw,-0.2821796721432728,0.0,0.0,627,135,0.021256038647343
Zq4zFbPCaU_vFw4-DAuwzw,-0.23240098876470516,0.0,0.0,269,39,0.1299145299145299
ZqBwsiBlMqiMTSjlXAenMA,-0.295283995022954,0.0,0.0,74,22,0.0415019762845849
ZsA6o-uK1984HaEdP_qO-A,0.04295386783117494,1.0,0.0136986301369863,188,100,0.0369230769230768
ZsAFRyR1J6d1c9MF79o2iQ,0.05086711253365539,1.0,0.0,53,16,0.0551470588235294
ZtZNEwpzAh0uKUKA1Gg-yw,-0.1723661048287728,0.0,0.0,118,52,0.0513986013986014
ZvUymj1wUdQFbg71XrA0Lw,0.026163213849560996,1.0,0.0,48,13,0.123076923076923
ZwkdQGbg27T1jtFSP6-ggw,-0.20031785004731983,0.0,0.0,247,96,0.0383333333333333
Zwyimxd54QZ_2cykFDJ_VA,-0.2632109631838255,0.0,0.020833333333333332,111,58,0.0321839080459771
Zx7n8mdt8OzLRXVzolXNhQ,-0.2655304494521542,0.0,0.002313030069390902,3550,1725,0.0201005686821551
ZyOqGKdr5JetY4jgD_UoGw,-0.22128887238237216,0.0,0.0,223,95,0.0556539864512766
ZyyExneJPXjci7yc2CGAPQ,-0.14874882114064003,0.0,0.0,339,80,0.0452380952380953
Zz1utCut0psbC4brBjvSEg,-0.10777249977654657,1.0,0.0,100,56,0.0
ZzGTfIxIVpNP7PFbyeMAUw,0.017070056849166515,1.0,0.09090909090909091,89,13,0.0659340659340659
ZzKuqTj_fjlStijadL5noQ,0.2880609493206253,1.0,0.0,87,19,0.124401913875598
ZzeRdxutUqZ4CJ7GEA4GlA,-0.2408266446031362,0.0,0.0,31,16,0.0
ZznSNkRERGH8l-wSFJKsEA,0.056362317967985964,1.0,0.0,30,11,0.0
ZzqqkL9mHsOnFHJvVd-10Q,-0.3091145508538278,0.0,0.0,378,36,0.0262762762762762
_-GYicUDtfIfMs2SiXdJIA,-0.2500419603305717,0.0,0.0,104,32,0.0293560606060605
_-otZU2dbPrEZyaVSMmvDg,-0.3204557454899426,0.0,0.0,711,186,0.0053188430797539
_05DcCQmCP5aGnfCnI4r9Q,-0.07818777418626854,1.0,0.005988023952095809,862,178,0.0363498329790465
_0JAjja8Pc2StBrhEgdf5Q,-0.1574987610445021,0.0,0.0,213,66,0.0757575757575756
_1aCRm_YRJ1x9RagRHltLg,0.5890430846056726,1.0,0.0,13,6,0.0
_2KA4HzZb_WxiBQefVV9xQ,-0.27841149561307865,0.0,0.0,123,40,0.0237804878048781
_3Cv3TGUPMgnq7aADi13Wg,-0.0243426530074341,1.0,0.0,66,24,0.0
_3U2YwnbcdtDc1UVvjUrkw,-0.20758621984233916,0.0,0.0,663,263,0.0184155269280972
_3VCzu9a79nrU0YA-WvUCg,-0.29599821652243685,0.0,0.0,163,47,0.0203900709219859
_46NI0zcrnA0HFWdRmGbkg,0.05347305542045211,1.0,0.0,34,12,0.0
_4A9jOgyQGrkI9me_TmRmw,-0.3821152515132666,0.0,0.0,318,96,0.0383333333333333
_4g4EBJowOS_LXbyMB7DnQ,-0.12105809467595907,1.0,0.0,94,18,0.0
_5k9hs8ae9S9Dj46EZrSAg,-0.281379988238857,0.0,0.0,579,98,0.0195918367346938
_5vE7CRfcUPHLIDixqtrMg,-0.2827039016113041,0.0,0.0,814,60,0.0462962962962962
_63cmxCZdWUDMk6HK1uQhg,0.04946647809337901,1.0,0.0,45,15,0.0
_6p_j0UL7ST3b2nvHw82eA,-0.28474705913837806,0.0,0.0,538,160,0.0180598159509202
_7TAm2XyzahdDRDDE-Xb8A,0.5191659101244744,1.0,0.0,19,11,0.0
_7V9Yr8VCMlLzykAo-Lhnw,0.45869114151462875,1.0,0.0,71,26,0.0
_8MkUoObdLpakXbCobbKxA,-0.221210511859516,0.0,0.0029585798816568047,1887,357,0.0590955542321915
_8Wq8lh2uJoMTftYtNAC3w,-0.0023775065075732904,1.0,0.0,39,26,0.0356125356125356
_8bELjUz5tnftBbXAxKyjA,-0.012861557221517828,1.0,0.0,402,34,0.0522875816993464
_8igh2mxuHZTOnm0k2MT_Q,0.03637710182093401,1.0,0.0,27,13,0.0
_9d6vlplnhYFlUJR3I8fQQ,-0.17313381649437154,0.0,0.0,49,10,0.0
_A4JgqZzr3rUsMgHfKer7Q,0.1087364158797528,1.0,0.0,34,7,0.0
_A9HatbhHMesQq8-O_e20g,0.13464585920605754,1.0,0.030303030303030304,75,34,0.0277310924369749
_AJaYqoPRdN7sSxuMDQlVw,0.09126924008041071,1.0,0.0,24,5,0.0
_BCDwsB-WFrFTzbOjbtavg,0.4175026134686405,1.0,0.0,15,5,0.1333333333333333
_BDXbsPPdSj-MbdwdICqAg,-0.10816242967141987,1.0,0.0,72,7,0.0
_BVW1RVFyPELn6K_mhwIMQ,0.3609073803614511,1.0,0.0,97,39,0.0
_BreSZ3-mTEJYqJ1Ot7Akg,-0.36500470577350586,0.0,0.01366120218579235,762,409,0.0342413618120587
_Bvz01G9yJZoYchrw79u4Q,0.15143766722766894,1.0,0.0,29,12,0.0
_CAtatmn5FKtMFXcyQyWdQ,-0.0013286469619808727,1.0,0.0,210,26,0.0356125356125356
_DGULHeb-Pk40QAywiG62w,0.795166106728746,1.0,0.0,8,5,0.0
_EWIAcznqBcCLon_MBf47Q,-0.4179263086403838,0.0,0.0,22,12,0.0
_Eu8C90eKnGj5LY3n4Z5Gg,-0.14313664776149504,0.0,0.0,59,10,0.0
_FNtyJvpNMnGmnO6QkCuOg,0.3845668402342042,1.0,0.0,35,7,0.0
_Fet9vBMM9Y8VBhUX0IYYQ,-0.13957875226183736,0.0,0.0,19,8,0.0
_GWzZ0WCT_ngRXOJiwLj7g,0.16541192008865246,1.0,0.0,11,7,0.0
_GfI_1ViCDVW7WxjVNvl7A,0.09664411569940079,1.0,0.0,32,6,0.0
_JK1veKwxAwk1rp4H7z-1g,-0.29014723301963397,0.0,0.0,397,40,0.0
_L4N2qjUUZWR9BELd4oemg,0.045092648862968154,1.0,0.0,109,5,0.0
_LdViafM7oxU9LH8cZBiMw,-0.21895759599121556,0.0,0.0,125,38,0.024966261808367
_LizRk3ouOvglz8o9z0xyw,-0.1034676555591314,1.0,0.024390243902439025,163,58,0.0600667408231367
_Mbw_orl5EdXJP1XzklQvA,-0.2684140346949392,0.0,0.010101010101010102,1061,338,0.0637647520350452
_NYc2bEyvzleMwhhNRr61Q,-0.24169844080858371,0.0,0.0,525,125,0.030015503875969
_OB65sIprNs4eUm1SHjhxw,0.12410649037356225,1.0,0.0,42,14,0.0
_O_KBH1MStcUkS1xk5pxsg,-0.26778419567398337,0.0,0.0,158,68,0.0277310924369749
_P6AQUbyQltYRcQNrQ8plw,-0.005849488027087513,1.0,0.0,1263,140,0.0463070942662779
_PlmFAlaUQHdQN6rli0gzA,-0.25912014749090706,0.0,0.0,200,8,0.0
_Q3XmBesceFqn9Dk-w6tlA,-0.2732430960998698,0.0,0.006060606060606061,458,194,0.0426844751409274
_QDlxjPJf76c5O9OqY_tqA,0.2816693645554539,1.0,0.0,82,29,0.0883620689655171
_QQHhERJ1WVH05Vc8AJ1kQ,-0.12378163602461711,1.0,0.0,27,14,0.0
_RHKuqA3mCHBaNyoljJTrQ,0.3932336484481126,1.0,0.0,35,15,0.0583333333333333
_RRGOrzVgsEE4MlHHZE6iQ,0.03528820330133475,1.0,0.0,55,26,0.0
_Ri9vkf4KMprP_hIw3vW_g,0.06402582753291264,1.0,0.0,26,5,0.0
_Rw4h7U3Ap-fA90lsGjY6g,0.11820657674261292,1.0,0.0,34,19,0.0
_S7PPbtL2kz-la9A4GuXsQ,-0.05330492631596084,1.0,0.0,181,43,0.022198731501057
_SBxweaeZORapKBJa2qmOw,-0.1540930106019971,0.0,0.0,222,85,0.0328877005347594
_T0cPZE2ZJOTTlYYKMP64Q,-0.22698632534146623,0.0,0.0,151,66,0.0
_T8tOBDr3NKNxd0yl5GwjA,-0.23621559445815343,0.0,0.01,1683,113,0.0489328474752732
_TEWOkqBWDtNigjujuPQfw,-0.34699043864184675,0.0,0.0,58,11,0.0
_T_uAA8QWu55WWerljCYug,-0.08371496318785898,1.0,0.0,53,41,0.0232288037166086
_Tu6ZShT4VuNKoc4d2jP7g,-0.23187469356232782,0.0,0.0,158,94,0.0299407764860715
_U-hsWBK2O8J3-qahtG2pA,-0.37322515212981744,0.0,0.0,626,132,0.0074618364092049
_UMblgA_K4QYgoyszy46QQ,-0.0883625400532746,1.0,0.0,210,28,0.0332512315270934
_Uv4zjcVEqyKC8CtWRZGzw,-0.23730278886704687,0.0,0.0,85,36,0.0
_V6hl1oGkTV2KbGeax_HPA,-0.2904287509002469,0.0,0.0035842293906810036,3352,926,0.0363353883872241
_VYWkhKEy3QO1LTD_rTPYQ,-0.36405196197712364,0.0,0.0,92,16,0.0
_Vm1wFLSe6kanZV1sQjkOw,-0.3288949722175909,0.0,0.0,239,99,0.0194019401940193
_WrL7teoT0im_28inoePwg,-0.20955588820659943,0.0,0.0,399,26,0.0659340659340659
_XM7-X5Lc-e_T1S71ri-GA,-0.30843490500949367,0.0,0.0196078431372549,384,54,0.0510071474983755
_XlYymFKwww0bGIgwvNbcA,-0.147264646248075,0.0,0.0,1266,384,0.0102421606529208
_YfdFmhYhaelhlQXoGCktA,-0.2982000514589833,0.0,0.0,541,150,0.0065783664459162
__2LkeVwTuKar5AE95Idzw,-0.0028231798005319275,1.0,0.0,29,13,0.0
__YGMQexDIqJKtYynxh5gg,-0.43254315624273576,0.0,0.047619047619047616,127,89,0.0214841338436844
_aITm6sZmcPzlAsaMZUQew,-0.13354332814805614,0.0,0.027777777777777776,112,46,0.020814061054579
_ahiaZVH2uVzVaZ0SF2uOg,-0.06948176381122939,1.0,0.0,57,27,0.0
_bofVL_0MxlZYWBa8XEJEg,-0.47838623576643613,0.0,0.0091324200913242,557,239,0.0351936833580781
_btEd4zwjdy80WQTOPm6Hg,-0.2558995109419771,0.0,0.0,17,8,0.0
_czjtkS_XllCJi_1vBc_sw,-0.03484470925177252,1.0,0.0,29,11,0.0757575757575759
_dDW5rc7MKCOzhRewe3Kfg,-0.27354633260324507,0.0,0.07142857142857142,195,75,0.0369230769230768
_e9NcunDgXR1dp1XbP2Mbg,-0.018396118157445573,1.0,0.0,59,18,0.0497076023391813
_ehSDMpnQ67RR0Yy0yv_3A,-0.3428633959968903,0.0,0.0,317,129,0.029142624001865
_evTKuGvzfQJzDlnf6FMdQ,0.32432021550202494,1.0,0.0,81,20,0.0452380952380953
_f654bkrYdNs1wB_fQVS5w,0.5018139426918823,1.0,0.0,66,15,0.0
_fCpxyDgYNULXAUEbLCDHQ,-0.21934191404206316,0.0,0.0,182,53,0.0
_fmZZLy8hWPAxYx7xt2Fdg,0.20657847940260254,1.0,0.0,45,25,0.0
_fwZODmzgXtnW7wAwqV3dg,-0.2755443734539039,0.0,0.0,126,9,0.0
_g76dgDk1E9tC5TXZAF5gg,0.3131269601014804,1.0,0.0,9,6,0.0
_gaOrkYtODrxY0JlWFe-sQ,-0.15617610540563998,0.0,0.0,584,117,0.0243589743589744
_hY_2sTgEqpKnwJxbi5a7g,0.516177735275125,1.0,0.0,30,12,0.0
_hfy-Rj0XtJAxaKRQmKeYQ,0.2809466846211378,1.0,0.0,22,12,0.0705128205128204
_iUlEsWFSQrvujrIssuMNQ,-0.34934872025403985,0.0,0.0,86,5,0.0
_j4MKXubKQfu9v_kd_d9Ng,-0.2625342757117035,0.0,0.0,29,10,0.0
_jYVUusH2qVM5TxxkiWgsg,-0.11964347784672058,1.0,0.0,31,6,0.0
_ju1BXAF5g5QtAFfZZKO1g,-0.08728731824088487,1.0,0.0,421,80,0.0353915662650603
_kKI9PJkZSRs51niGByXZg,-0.1603486267275951,0.0,0.0,41,13,0.0
_kSaLnFZIEpOZEg6ZIxKvQ,-0.30730818059488907,0.0,0.0,49,28,0.0332512315270934
_l05Dd6BKBAiJKX71bLq6g,-0.04571405676303919,1.0,0.0,45,11,0.0
_l2qMhWrwrYp-HoiBkfi-Q,-0.06833134614408243,1.0,0.0,37,13,0.0
_lCaW3aU3yp-acJ8BnCLyQ,-0.10008795686419836,1.0,0.0,1070,83,0.0437612519041685
_ljP8KWwMTSMOv_zGW6nBA,-0.07127199090257597,1.0,0.0,31,13,0.0
_lzdvo1_8RSiseYQOMozKw,-0.22324851946586266,0.0,0.25,47,10,0.2142857142857142
_mGAcxIOqKcL3muEg3LHLA,-0.2757895139417359,0.0,0.025974025974025976,263,106,0.0505390835579513
_mM29ipaSjYo4zJZkswZiA,0.09879351070328846,1.0,0.25,70,31,0.0566959921798631
_ml0rQHmsAqZwXtKSVMyMg,-0.24038819524627697,0.0,0.0,91,42,0.0432900432900433
_oEolwACvc0oFQdd8yM6gA,-0.240555161387614,0.0,0.0,171,51,0.0369959304476508
_oJ5QA131I_XnyaXAa8nsA,0.44757577819693894,1.0,0.0,29,7,0.0
_ouits0qM3TBR8l39sCNHA,0.014512073819227034,1.0,0.0,50,25,0.0
_ozCIOzZtIuAewuMYI_OqQ,-0.007981836552624522,1.0,0.0,56,15,0.0583333333333333
_pm435OrG6fEsSPRh4KE9A,-0.3058024847012721,0.0,0.0,20,15,0.0
_qJqhR3q9TA3SB2BPY3PJw,-0.2518278159905082,0.0,0.0,236,53,0.1224868543148778
_qY6dVBchZloskbrvvxeDg,0.07210738678784773,1.0,0.0,12,6,0.0
_qgqa4X1OiMLqub1hHaMjg,-0.28168755972498527,0.0,0.005263157894736842,435,205,0.0364136035726554
_qidWi35H30-Rjn74a6ORw,0.6941975152987279,1.0,0.0,15,10,0.0
_sJJWbW9hACKCR5fIhbqcg,-0.1981682151913906,0.0,0.0,1151,418,0.0161947649873346
_tC4lXqwdfh3fbjuP40Bsw,-0.2648688937123045,0.0,0.0,468,99,0.0372658625085808
_tTKZJ89dS404ZEVnHa-Cw,-0.07266337637682252,1.0,0.0,1024,75,0.0129824561403508
_tgh9i0r9WPHakd_8PSTNA,-0.11198347732865233,1.0,0.0,93,20,0.0452380952380953
_tnLEdv1H_JYEcfWSpNFow,-0.028760992268730745,1.0,0.0,198,15,0.0
_uEGd2Rx8SzViS9MuHNU0A,0.08207369135961617,1.0,0.0,15,10,0.0
_uIK_DBXx8ekjl5O8ZxgsQ,-0.3355245786825731,0.0,0.0,1318,235,0.0242606162267149
_uvTdEAVbPVch8ESDnvbuA,-0.2744391781926307,0.0,0.0,43,22,0.0
_v-qR0-RePoOX3OD9xDKTA,-0.31871892726526735,0.0,0.0,25,10,0.0
_vZSIIqBsw_IUmxqNVOALA,-0.29777594770165805,0.0,0.0,333,171,0.0279771398192452
_vwnAL8mXsf1xPDsljllvg,0.05875932503742509,1.0,0.0,30,5,0.0
_ws0jviXOt0PXezpUVmHTA,0.12026696907871604,1.0,0.0,22,9,0.2735042735042734
_xRXDraCnehWW4mpMsfP2A,0.390377215143502,1.0,0.0,27,11,0.0
_x_4r6wNkvWjxjeUQ0jRKw,0.3650768833882738,1.0,0.0,15,5,0.0
_y1R6TNotvVid2VzvIXHiQ,0.6654119200886525,1.0,0.0,15,11,0.0
_zA3_LAztT_qJ5IVLHaNbA,-0.07546476688340109,1.0,0.0,185,63,0.0
_zDW4XPZ9w0Yvg6cbSeffQ,0.0,1.0,0.0,6,5,0.0
_zdARZbZNr4k8AD-SJDCgg,-0.2626677470813682,0.0,0.0,907,253,0.0078121367123924
a-MYqHxvpmCz3ZXy2illiA,-0.04916753557900011,1.0,0.0,872,57,0.0169388989715668
a-dPw0ISYHoxMmWgd4mK-g,-0.18755891268548153,0.0,0.0,671,50,0.0192156862745098
a-ouU5dKcMOYgOkftIX1YA,-0.30409168006900167,0.0,0.0,308,37,0.1081081081081081
a0rBn7usm4HTnPcz_Angmw,0.06892850743741119,1.0,0.0,110,19,0.0473684210526317
a1a1RgfaYBeU-jGEgbJj_Q,-0.11019104829796555,1.0,0.0,89,9,0.0
a2FCobBzFzC62IbHPa_oIg,0.03006451782153674,1.0,0.0,26,12,0.0705128205128204
a2UtxqPxstaoyU4yrisDwg,-0.3211278933474184,0.0,0.0,163,9,0.0
a39Bc7eixUE1_vOkBjEfwg,-0.17992028680636485,0.0,0.0,228,100,0.0380769230769231
a3oQcnZHbFooAaevF1IjbQ,5.571610315791009e-05,1.0,0.0,84,11,0.0757575757575759
a3p47WxYVo0BZGJoP1O0qA,-0.16141602743855255,0.0,0.0,980,236,0.0559625903166993
a42bnC6qseReimp6Ot09lA,-0.2986734545919487,0.0,0.0,90,38,0.0
a5TaDLChZDSgZ-en1sxNpw,-0.2841761100557323,0.0,0.022222222222222223,359,121,0.0770097670924117
a5dAEJescHGr_srX8Ckg-Q,0.34652870203672004,1.0,0.0,63,34,0.0
a6t0nb4DrjbCb_gH3Kz8SA,0.13574760214476556,1.0,0.0,55,31,0.1326164874551971
a7RobRBScR0SVQVMKwkJmw,-0.30635849503522516,0.0,0.0,347,30,0.0
a8VS5iOxeEIv3JnUiQLF6w,0.039933606508209984,1.0,0.0,401,21,0.0
a8r64xZqHHyUhnu4sFjN7w,-0.32510411483545154,0.0,0.0,107,81,0.100664767331434
a8yMJkV276XMHh3bJ39odA,-0.166842994141168,0.0,0.0,130,38,0.0889724310776942
a9K3jxNUUe6jr1uh8FsakQ,-0.12490660101502188,1.0,0.0,121,65,0.0149184149184149
a9hEzGG5mYH_sus0r9xfLA,0.08796645038782691,1.0,0.0,74,29,0.0321839080459769
aA-6urKmmlZw9STPOHZNCg,-0.12843187184669969,1.0,0.025,130,82,0.034002869440459
aA8_o9e57ey9QX5Nw4WelQ,-0.28788718414101766,0.0,0.0,354,50,0.0192156862745098
aBJWHzk6jfAj4h92clH21g,-0.3363033175155085,0.0,0.0,183,62,0.0156169994879673
aCAsjSh0aaaq8UsPHGtclQ,-0.11059716635871975,1.0,0.0,30,7,0.0
aD-6NpNI8tHRGCu5EVLdAg,0.290614177829132,1.0,0.0,68,13,0.123076923076923
aDSfrxqOf8lelQ9Ofqt1tA,-0.25703469248166644,0.0,0.0,25,11,0.0
aEEC4D-RylmiUyephE5t_g,0.19992560966969375,1.0,0.0,216,54,0.0178451178451177
aF5m1YyHVh_sFoCgPVZT5g,-0.36413293026933014,0.0,0.0,103,51,0.0362560118386978
aFE0SdcfNN8mEbTv8rV1RA,-0.3175383816857704,0.0,0.0,109,44,0.0217171717171718
aFRB5lGVv4VnKiZt_c1zxA,-0.17979916480478408,0.0,0.0,38,19,0.124401913875598
aFWCSA7GGlpoqOkuxGfB4A,0.260520667312335,1.0,0.0,13,8,0.0
aG8XkIE_TMkr_QKSfaFBBg,-0.16569526978448146,0.0,0.0,54,11,0.0
aHn7NOKQi3XL9_AghoBP1g,0.0,1.0,0.0,8,7,0.0
aI1uVR-RPsE2TmrLJfcZ0g,0.14076339805230564,1.0,0.0,23,7,0.1071428571428572
aI2w94F3TvIuPTcflKVCJQ,-0.13002788012874256,1.0,0.0,572,88,0.0217171717171715
aI58hxqbyOX6irFfljXfQA,-0.1575889925117454,0.0,0.01282051282051282,370,127,0.0869516310461193
aJpDjaMVhWZRLdwZtqQjEg,0.09821562427893771,1.0,0.0,101,24,0.1339285714285714
aJvxWyQIG5OLfBw3qAe8xA,-0.04030806273176557,1.0,0.0,682,65,0.0149184149184149
aMfVQdVbKJnZwdf-c1WNcQ,-0.1651408998828191,0.0,0.0,278,85,0.0114911080711355
aMrBA4LIkGx8CYM9ZbKPBg,-0.06041873656825003,1.0,0.0,342,99,0.077254021698466
aN8-57MAemRhChOE_nxUDA,-0.2827462173394959,0.0,0.03125,67,37,0.0716216216216216
aNXw3PkXVt8ANwLyCfcmpg,-0.04151013734566911,1.0,0.0,43,17,0.0522875816993464
aOHNMIs-N591irOmxQfbFg,-0.2639230427794441,0.0,0.0,566,106,0.0648791790797747
aOJDVHCn9iBIC33l_2HTRg,-0.16765474190545104,0.0,0.004329004329004329,743,248,0.0405872462324075
aPU-qTC0MO2uI05QYVg9lw,-0.14028163055339715,0.0,0.0,165,82,0.0232288037166086
aP_1cPI9DflkfaTSSxakAg,-0.30012083348015184,0.0,0.0,28,5,0.0
aQC_87xrNXm-K29ExZH4qA,-0.17278737840641778,0.0,0.12121212121212122,91,40,0.081818181818182
aROhaLh-dqtt-h6BG-gn2w,-0.2823155829370182,0.0,0.005434782608695652,851,212,0.0267439847671802
aT6dfEcg0bucpmdrE_G1zg,-0.3332883965911805,0.0,0.0,571,167,0.0116925911490628
aTOCTSi1GwigOEcqOKRwFg,-0.11328319579742052,1.0,0.0,50,11,0.0
aTWIhy04A5TA0WTckxu8KQ,-0.10442101953449223,1.0,0.0,70,13,0.0
aUyOBYQW20UiAVGeCdEwGg,-0.25196013891050995,0.0,0.0,183,67,0.0281202682240968
aVmuaNh8Z8gKSkoP418H9w,1.0,1.0,0.0,37,36,0.0
aWQ2ObC8LoMCpl4w33mokg,-0.2692470346235146,0.0,0.0,479,32,0.0551470588235294
aWxc9q4vhd-ajKeKTjHe6w,0.05382766548323192,1.0,0.0,43,10,0.0
aYJjJMN8heS2PmkvsQzaZg,-0.14550282863996078,0.0,0.0,497,137,0.0275405083605113
aYrsT_ReL6vlQIP2GrvLWQ,-0.25156122977207634,0.0,0.0,245,103,0.0274775599926726
aZhwXa17CKUuh7lF8wwFvQ,-0.21042694192876943,0.0,0.0,393,93,0.0584338003692841
a_gAQfVy9Op95AGdZ7PFXA,-0.17862180827399232,0.0,0.03333333333333333,80,41,0.0442427680090753
a_ts6C7QntisENtyitJRBw,-0.2130946836870955,0.0,0.011235955056179775,334,111,0.0422491456974216
aabwu8ObrrrBK-cGzrOkBg,-0.346819475375019,0.0,0.0,52,25,0.0
abvsCLYEOvhsWSlgiTvbCQ,-0.1884657897883128,0.0,0.0,159,67,0.0281202682240968
abyhAtKhZUh8w0VT3Rn_BA,-0.17462405409694987,0.0,0.0,25,14,0.0
adnX5nTg3I_MTrThVkwmQw,-0.1897403406173508,0.0,0.0,278,76,0.0128161312371839
af3WWbBciAD3L6I6ZuXGJQ,-0.32320174867660934,0.0,0.0,262,98,0.0195918367346938
afkw4ZMsFhMyWpYn5xHCYg,-0.17299669350920677,0.0,0.0,135,34,0.053921568627451
agXGQ4DH4SqxtJxBHKjWIg,-0.08189796272718264,1.0,0.0,192,48,0.0
agnZcb-VR74GN01_8pHb7w,0.0353471680411126,1.0,0.04,175,40,0.0645348837209303
agzEfydzvZWlbzpcMxLPBg,-0.12552276508773152,1.0,0.0,612,41,0.1172807472755579
aiTr5RX3RkAwQeCswBaL5g,0.5712971793359756,1.0,0.0,16,11,0.0
aj3ESi3I6WNzGWp3j6OehQ,-0.11236270709556273,1.0,0.022222222222222223,285,106,0.0648791790797747
ajfmcCilbPMKb_VxswIuQQ,-0.05909230298840362,1.0,0.008130081300813009,351,127,0.0363874970174182
ak0PfrI9FZcFaDQv5oXtVw,-0.44394869135297443,0.0,0.0,44,15,0.0
akDpsA4iPc6_0pHbDWFyYQ,-0.21984454601877923,0.0,0.0,58,14,0.0
akXpyB0xk_woUvqnWiAE0A,-0.0938013068908603,1.0,0.0,62,25,0.0
al3Ri6TEqa2rBzjHsn0T_g,-0.09173154864681476,1.0,0.0,2319,649,0.0075863596311427
alIV10COVIoLpd8-jqAx-Q,-0.14409517655513304,0.0,0.0,28,8,0.0
alpF8d_veJy9Isk6f7wgRQ,0.04419262410353597,1.0,0.0,186,9,0.0888888888888888
am5qD6LFjkV8f_4MLp8Img,-0.0039011405952559253,1.0,0.0,25,10,0.0
amdnUjtJG0XwaLuzvwvMcg,-0.3967640235341929,0.0,0.0,37,15,0.0
amnKFpOOoMHgGEW1xinIDg,-0.04256086332622988,1.0,0.0,50,17,0.0522875816993464
anWreIkJb6fph7kNfuIHCA,0.28207369135961624,1.0,0.0,26,21,0.0
aneH2uJ0sIF_nYfYYNXhhQ,0.16541192008865246,1.0,0.0,21,16,0.0551470588235294
ansXZRD996GrOrR3esP_eA,-0.5196852434288685,0.0,0.0,330,186,0.0156169994879671
aoGstjLfJi4p0lcS9rFDmQ,-0.06657038349805089,1.0,0.0,42,20,0.0
apdwYbDYSOgD89eEa8yDcw,-0.13695703349252464,0.0,0.034482758620689655,243,40,0.0464285714285714
apswwLV8HHRmBMPrESCZoQ,-0.004388688714269229,1.0,0.0,253,39,0.1185185185185186
aqcTydf-DwI8GBBB2f2_SQ,-0.036535210246848804,1.0,0.0,58,15,0.0
aqubLw9IW03svL_uDXNJ8A,0.018348275860082253,1.0,0.0,30,11,0.0
aqyDUSUJUg0gKf-R1aGzLw,-0.22019722871313402,0.0,0.0,147,77,0.0246588854183791
asCtJ8rvzle36-vdNZb0kg,-0.08800196994351972,1.0,0.0,300,68,0.0277310924369749
asbWAc2-Tu6hUf3f21-e4A,-0.26256296107251015,0.0,0.0,96,44,0.0
at4PB3mejHy6cX_xNLhMYQ,-0.22059911933937149,0.0,0.0,74,21,0.0
av9TaTSDj96rDEeL5G8N8g,-0.4195634878810274,0.0,0.0,51,5,0.0
avbMNfxpo6A1A5ldMAJR2w,0.06365395030995491,1.0,0.0,70,8,0.0
awVOmVnJj19k6fumwfih2w,-0.036352597229993844,1.0,0.0,309,44,0.0217171717171718
awmy82IdpCC8xK56tO4IEw,-0.3017745230892634,0.0,0.0,138,22,0.0
axLfdXz-hV7_ev2Ne3s9mw,-0.17062794673742043,0.0,0.0,39,8,0.0
ayqh0cxxuLrnY55oZr0kkA,-0.22660367761770295,0.0,0.09090909090909091,45,12,0.119047619047619
ayrKCuN81UEUduBhZJycXQ,-0.20079608736138932,0.0,0.0,126,41,0.0232288037166086
ayw971qfS9gR4jaO7c69sQ,0.42261546998182997,1.0,0.0,222,6,0.0
azp2wLevlaVODNk26MDfEA,-0.14114517135420646,0.0,0.0,50,21,0.0
b-4xNydyGmdv2bGFOHTgdw,-0.2951207342229696,0.0,0.0,146,45,0.0924444444444445
b-XcM-IyX0mNDlGC41jrPQ,-0.017674584590040676,1.0,0.0,742,107,0.0265080713678844
b01W9cJtcB0dtXqnNtsstA,0.09006824016058201,1.0,0.0,13,7,0.0
b0PRhOHyCi4AjQAMfWnjjQ,-0.35181586488347283,0.0,0.012195121951219513,198,89,0.0109862671660423
b0zp6rgcv7ZcjToRoVhcmQ,-0.36847333676367094,0.0,0.0,580,227,0.012871097490902
b19zKm5WRczDGna1bV_Ghw,-0.11119983757947194,1.0,0.0,58,20,0.0
b22gesyVeOOJdsbx5SxK-A,0.12670846832666038,1.0,0.0,44,5,0.0
b2WN3yA79dMvCUMywM3I_A,-0.24140689789199343,0.0,0.0,176,23,0.0730434782608695
b2ZSuQ_7aiH5IycxtY3xZQ,-0.26609068865687335,0.0,0.0,28,9,0.0888888888888888
b36EeutJRvowZMr9TpQm0w,-0.03617560694996702,1.0,0.0,1340,238,0.0239702438352389
b3Tl3r8P4xWX0mAyESO1WQ,-0.3304471933546642,0.0,0.0,23,7,0.0
b4GPlPrcZLZY-TDvr8u3Ug,-0.13963794642529737,0.0,0.0,58,21,0.0432900432900431
b4YPBSnqU5_L6TUz147Dow,-0.26447024730916924,0.0,0.004889975550122249,1600,480,0.0237804878048779
b5hxsRw76UUXcotxlCipuQ,-0.22168887092283807,0.0,0.003367003367003367,1053,353,0.0244627736997793
b5ky9SyX0xm6bNs7r_bQ-w,-0.06879471042998186,1.0,0.05263157894736842,125,45,0.0770975056689342
b5vN05m7zf7cQeIgdw9L2g,0.14890328068925407,1.0,0.07692307692307693,47,17,0.0990712074303405
b66R96v0N-Mmu0jb4cVhiQ,-0.280255159742289,0.0,0.0,156,46,0.0407608695652172
b6kCTSH1kHtfcHxUTm2odA,-0.31739577403418656,0.0,0.0,904,170,0.028
b7ao5G03_c_8YAueJW7pXA,-0.13279409972732803,0.0,0.0,88,10,0.0
b7ih13lmlwnut_4xpk-x6Q,-0.3053555813335679,0.0,0.0,136,98,0.0195918367346938
b8jbsZHfrGZCVPjI9KXV_g,-0.35324517715253334,0.0,0.0,495,70,0.0
b92a3Va0I403KTaZelSdHg,0.11823900012680144,1.0,0.0,48,21,0.119047619047619
bACIZGdHRFfNtrufH0wMbQ,-0.10419805131995807,1.0,0.0,140,82,0.0119012635909492
bBMH0iGXMYVdnT9cf6_hgQ,-0.16665400109887962,0.0,0.0,59,8,0.0
bBPrDU0lA1vgiQOlDhzuWw,-0.33907271282696927,0.0,0.0,66,8,0.0
bCEZL0FqWYvO6VubTieN0Q,0.11097227972634405,1.0,0.08333333333333333,50,16,0.2232142857142858
bDFk_io_k-6To1ul3h3tuA,-0.17749625522979096,0.0,0.0,74,10,0.0
bDNBsMltPLACTkYFIBB0Mg,-0.19514833903503404,0.0,0.0,310,31,0.0
bDT5o-Syv0DNNCTigJDvYA,-0.42484629868495283,0.0,0.0,167,61,0.0575031525851197
bDgmtVzsDOE0hhX0q8YAKQ,0.13658852016252954,1.0,0.0,13,5,0.0
bF30LqHuXYtR8ibaRbq2kw,-0.11625079236628266,1.0,0.0,727,166,0.0117613310384394
bFEqY3r6D049AudUmBAoOw,-0.2341169610018134,0.0,0.0,42,15,0.0
bFQ4ikRVhPDHUyi6n5jLag,-0.02650698378685523,1.0,0.0,81,5,0.0
bGBK1r0I46Oc8eU8fNc0bg,-0.0950249508115868,1.0,0.0,69,8,0.0972222222222223
bGyPEu279nRJmPySkBRMsg,-0.16269373177457735,0.0,0.0,79,49,0.0
bHj1XBczyH84HpDOnj3gWA,0.14322485019096376,1.0,0.0,22,5,0.1333333333333333
bJodYUhoZb-ewnzZS-d3Bw,0.07176484546198458,1.0,0.0,610,7,0.1071428571428572
bKIl8WELw2a09bdeJHU3UQ,-0.12648418027923403,1.0,0.0,59,11,0.0
bKy4goWSRKsEYkQ7NGSu3g,-0.07358525454688969,1.0,0.0,77,11,0.0
bL2bIVv0CFyBp-_XijGzlA,-0.02178930456104322,1.0,0.0,42,22,0.0
bLNSAljXE00oAcfGYJA-FA,0.18207369135961615,1.0,0.0,15,5,0.0
bLVeimoq9gWtW4HBzGblmg,-0.12762342973835228,1.0,0.0,282,149,0.0130672474332191
bLpmJpVfP9sRwzhlnJ2F8g,0.3310878134742149,1.0,0.0,22,14,0.1071428571428572
bMjwZOISK9cnnF8L5jojDA,-0.02879631477490463,1.0,0.0,1071,62,0.0
bMratNjTG5ZFEA6hVyr-xQ,-0.14913319956026938,0.0,0.008264462809917356,252,137,0.0209593326381647
bN8LCQjzfbyrjKbHxRpSeA,0.3069254599037472,1.0,0.0,162,44,0.0
bNB06UwQgfpaLsDl-g1xcg,0.16428916015909334,1.0,0.0,21,9,0.0
bNBi-RVlx71bugXY0GRLtQ,0.029747353507946328,1.0,0.0,61,34,0.0739268680445153
bO11uxR0ipkAc59TawQCew,-0.20620048474939212,0.0,0.009174311926605505,356,121,0.0309421487603305
bO9tyY6kSQUScHtFbc1UZA,-0.1671248688735565,0.0,0.0,61,24,0.0
bOwcOSdNbU2f3obnKZ2_SA,0.11213561037061681,1.0,0.0,24,10,0.0
bP3woTpfO9XZ41_e7TQdMg,-0.12402347605201569,1.0,0.0,189,23,0.039855072463768
bPv2SwR1h818VsgICL_6Ow,0.05193731629299614,1.0,0.0,274,67,0.0144863915715538
bQR4hdYPHPld-6bBW87nZw,-0.2814008418660061,0.0,0.0,221,6,0.0
bRF8nyWgzrzhQ31NoflMBA,-0.09052763876506265,1.0,0.0,69,20,0.0452380952380953
bRRlWJeuPtmI3UuGhh43Wg,-0.4203092382818017,0.0,0.0,882,291,0.0326289230628717
bRkR1YBXijVpQaXqWpJfXw,-0.33895928702031514,0.0,0.0,454,89,0.0315095261358084
bSIrwzXUgh_7CmcLlzENCA,-0.3778240984058564,0.0,0.0,78,6,0.0
bSgnLV5MkJycHpv6l5cnNA,-0.11575307744580943,1.0,0.0,710,83,0.0749665327978581
bTVY4S3fC-ZI4-Vy-fvCsQ,-0.23215458337250672,0.0,0.0,50,5,0.0
bTve2mwLk5Zc01vRKqc2KQ,-0.32477858084393996,0.0,0.0058823529411764705,598,183,0.0354328444060971
bWJZiwXPWgtlmDDyt-YCEw,-0.008844482713873614,1.0,0.0,348,8,0.175
bWMpAxTtVKpNfuVK7xMjQg,-0.25812560624507486,0.0,0.0,640,99,0.0456487956487956
bXhp-p5IHO8cNyznY94-SQ,-0.13880007171159037,0.0,0.0,28,5,0.0
bXsc3GrmXs7qDSB5ujIISA,-0.12108524901581763,1.0,0.0,181,92,0.0
bZ5aVoArjoE6F2Pq3yf0fg,-0.20462674686215487,0.0,0.0,494,132,0.0
bZVx5Tz4Bvlx6Gsqg995WA,-0.13533151482809913,0.0,0.0,354,38,0.0699614890885749
bZbepmBtqt5A-p4x4CWh1Q,0.04019510056389941,1.0,0.0,364,13,0.0
bZcW_CPll-WaAgciSLPyrA,-0.05468601115070004,1.0,0.0,357,212,0.0046726902294267
b_NJFKY3vWv4VC8fPSGO1g,-0.18564571222341497,0.0,0.0,16,5,0.0
baclz9iSEvG9HvEt7u0Bwg,-0.04664837470385441,1.0,0.0,156,33,0.0
bbo8Wzh3LFrysrdaLzufsg,-0.07845059752960926,1.0,0.0,42,13,0.0
bcG5ySKHYxP0NtqCewbcCQ,-0.187860957196758,0.0,0.0,33,12,0.0
bchZXVE4feVx4Q5rhIRCGg,-0.3028761553012365,0.0,0.0,96,52,0.0356125356125356
bcxxBysUzzI8MlotsIG5zg,0.41276681500524137,1.0,0.0,25,12,0.0
bdJXwEREaJTeZrDHIo276Q,-0.2777238536153728,0.0,0.014492753623188406,384,108,0.0505198180636776
bdRy9zeUgvcMkNhmr4QBqw,-0.004921909118176027,1.0,0.0,870,58,0.0321839080459771
bdoSOSj1LPSAlNoKezVdLQ,0.02972686742883912,1.0,0.0,888,233,0.0429536339970448
be_uy8EbtTcCtBVqTYMFrQ,-0.2229109095059556,0.0,0.017543859649122806,877,68,0.0403893951946976
bfpwNZp1TprfhORDNh6iTw,-0.20359915021867692,0.0,0.0,58,22,0.0
bgHVKRpZ6xotlAuw9VSLZQ,-0.16398194696848767,0.0,0.0,94,34,0.0
bh60ZTqnciiH3FlTUJ-6iw,0.0567004228978667,1.0,0.0,70,12,0.0
bhAalBOH552_mOPNxESNQQ,0.015891315711555998,1.0,0.0,14,5,0.0
bhaaBv7YMTYYIMjx0rrO3Q,-0.21931502432880556,0.0,0.0,111,7,0.0
biGlvJh1Fn__C_H41OU3lg,-0.3767307487577177,0.0,0.0,98,20,0.0
bjft5Kd54h16JtuoFoPdhQ,-0.15787943197504517,0.0,0.0,344,19,0.0
bjhCtlYHrkgA5Ku8l-rB3g,-0.1398153009350318,0.0,0.0,384,106,0.0092576265208956
bjw8swV8_e4rVGo-b87Vhg,0.11232462226302642,1.0,0.0,77,9,0.0
bjxpXg1gOwHsN_yaVzJCWQ,-0.19888286298909774,0.0,0.0,105,39,0.0
bkhCiUVfelcjuLG15iSddA,-0.0225526347952123,1.0,0.0,103,78,0.0362456473567585
bllbgSuMIYLHux27cnH3vA,-0.29927962000526476,0.0,0.022727272727272728,274,65,0.1147609147609147
bm5qHk46T4uGBxfaNejkyw,-0.14260209177345207,0.0,0.0,363,94,0.0
bmz7gDuJCwEd7nppmb7pjA,-0.09214061516685412,1.0,0.0,213,96,0.0102018900343641
bnY1-1e0XdPz6zTrG5dacA,0.0011453952274822488,1.0,0.0,88,12,0.0
borNWx_MXnc9Efb6G66CSA,0.11783730296936068,1.0,0.0,36,13,0.1128205128205128
bp482wqF6v80AltDNlPDfw,-0.4411213393838911,0.0,0.007009345794392523,1639,530,0.0300817495084679
bpEiVcivZFHixcDGKXQQJA,-0.5549272441274753,0.0,0.0,53,34,0.0
bpMv-FzY0RjaaNAxeZGXgw,-0.2621049859612453,0.0,0.0,207,94,0.0299407764860715
bqEuDKbVgOALSAkYh_TVIw,0.24419453664523283,1.0,0.0,113,5,0.0
bqT9LFxOiV9hr0361Ph8rA,-0.005313790856774969,1.0,0.0,50,16,0.0
brlew1UwRlO6Qj9QlQ-WWQ,0.3131269601014804,1.0,0.0,10,7,0.0
bsg8I5CyuHEEKcg3VSo7Pw,-0.09828118105700301,1.0,0.0,557,38,0.024966261808367
bspbvVY7GH6AVOKYevJTxA,-0.28125928101996056,0.0,0.0,51,21,0.0786749482401656
btHprfNAOx7akqU-VDLDzA,-0.11489418183408595,1.0,0.0,32,13,0.0
buhO8vRCaEoNvlxU0AJRpQ,-0.1884511215944773,0.0,0.0,487,28,0.0
bvCP5AUnA63vPzuLXD_tbQ,-0.10714979661674306,1.0,0.0,33,22,0.0415019762845849
bvVHopucWYlQtDg6bVY09w,-0.2355666932105397,0.0,0.0,149,56,0.0172305764411029
bvXbo6lPfiOxRSrz6WhnLw,-0.10580248470127207,1.0,0.0,11,6,0.0
bwDeI0YRqn7rToBwH4ptKQ,-0.1626437971110133,0.0,0.0,148,12,0.0705128205128204
bwlSGCjYLNwzXVD9CB_8EA,-0.24646482153558014,0.0,0.0,68,15,0.0
bxSqLGT0kt9zUlhIz5utnA,-0.20372456912127035,0.0,0.25,59,34,0.0522875816993464
bxSy7cZC6OFXNLAV2QPOTw,0.08056920084599595,1.0,0.047619047619047616,154,28,0.0619047619047619
bxs7csQi0UWO2fgGLxoZXQ,-0.1144001975666813,1.0,0.0,81,29,0.0
by2wRASwOKpCZU9KtZ3MHA,-0.20780505921313963,0.0,0.0,377,133,0.0215612560813798
by8mvBBS0pAgq0cMJpRY-g,0.04360896790700364,1.0,0.0,44,19,0.0
bzG2ul_mhdPMvhxsn-8EEg,-0.0483591339236239,1.0,0.0,298,19,0.0473684210526317
bzOCjuydWTkgkbZeaec8Zg,-0.21942784786386482,0.0,0.024691358024691357,307,110,0.0424505928853755
bzQvlz7oUKFez_XMYmfjtQ,-0.04778624383138952,1.0,0.0,89,29,0.0
bzvxt0sP9OMwwks1vLSzKw,-0.2869458246361114,0.0,0.0,275,95,0.0
c-CAcdH2-12g1sQUQfy5xw,-0.2489626746707735,0.0,0.05555555555555555,125,27,0.0343915343915344
c0Y9Fi2KSrthgsczdAPZ_g,0.008954638934878356,1.0,0.0,26,19,0.0
c14bGBk8b76o7No3fdbywQ,0.02444299546997275,1.0,0.0,81,22,0.0415019762845849
c2VdONiIDoAkTCEjPNehjQ,-0.37645329314827836,0.0,0.0,41,23,0.0
c39Y2K2DIch1L2lAgi25QQ,-0.33482156723999423,0.0,0.0,385,104,0.0094322344322343
c3j1irGxpIJ-8RmMBnyXxg,0.19235320014775414,1.0,0.0,14,6,0.0
c4T4fWfNdnlyOgBN0a5JFA,-0.2266360534515921,0.0,0.0,1312,243,0.062551440329218
c4cnGwvSWdOi27p7eOCwlA,-0.1521450368197611,0.0,0.0,129,16,0.0
c4x06huNhVp04VI_MUiQsw,-0.13564453846926605,0.0,0.045454545454545456,143,42,0.0432900432900433
c7GJVA-6lQxcH6QkrRiW0w,-0.34879120205733494,0.0,0.0,189,35,0.0
c7M2aw0m_vhRuA-tqqmi0g,-0.3570190900049908,0.0,0.0,161,93,0.0
c88cG9DstIqOKcurNtx9QA,-0.2519916430395509,0.0,0.0,534,177,0.0316754654070574
c97s-dquA9D56fYAwA-ngg,-0.4010370702252439,0.0,0.0,49,13,0.0
c9xznvN0pQeFwzZCPbO__A,0.6464602934348138,1.0,0.0,24,18,0.1296296296296295
cACFFkkizy5b56xWdGbLAQ,-0.13280072048195413,0.0,0.0,59,20,0.0
cAZzKens_VhKXw002XfJgw,-0.10606161871170994,1.0,0.0,113,58,0.0321839080459771
cAgokhC70lhtn5jyyM8enA,-0.11444448250387684,1.0,0.0,105,42,0.0227021040974531
cBZJKUdFNSKHLI27Efy-uQ,0.4796616401196921,1.0,0.0,17,5,0.0
cBp1fn2LXpSHe4VbTXLYEw,-0.0526881181088219,1.0,0.02425876010781671,1475,470,0.0541057848414936
cCIipUy2DdUS47MawgjMAw,-0.35967165337902407,0.0,0.0,185,21,0.0
cCLINaXaTfB1grCOBfnY1Q,-0.26549331659519526,0.0,0.0,149,22,0.0
cCWoPtjDvx2SvwjYw5YAkg,-0.19167491525635727,0.0,0.0,95,8,0.0
cCwGNGOCvhigKOLSFUaVDg,0.16133907680053794,1.0,0.0,292,60,0.0311827956989247
cELLyBogNeU_QbN5tJsBRA,-0.21632516176336591,0.0,0.0,75,24,0.0
cEk1NBNAE9CyArMkTkhF8A,-0.26649089114744673,0.0,0.0,269,86,0.0325320094068459
cEnlLDbwRJjeIGXGQZN9NQ,0.2309378618089074,1.0,0.0,19,12,0.0
cEx97JX_bRJS5Gw67Y3Vnw,-0.3418620890339043,0.0,0.0,219,65,0.0
cEyPNMvOehbACz_t9p2yNA,0.2809466846211378,1.0,0.0,20,11,0.0
cEyo1UgdluY7bsu2VwcRBw,-0.40588797785959013,0.0,0.0,53,29,0.0321839080459769
cF3ncOTRBxk8QLF2vBX-7g,-0.13957875226183736,0.0,0.0,26,15,0.0
cFFUSPIJfjm5pbgLGu91XA,0.2572180290240652,1.0,0.047619047619047616,124,23,0.1223832528180355
cHOZWSxi93qS9FEsQAonHw,-0.1001659907867753,1.0,0.0,65,32,0.0
cHPeulZjtuyuEJHihAYQ7g,-0.028743181355307512,1.0,0.0,323,25,0.0
cIY42Z8avTO0WCl0uY5anA,-0.09433946391382131,1.0,0.0,24,10,0.0
cJ7qQ8NpF6OTqFye-l4A0g,-0.027907761637216977,1.0,0.009900990099009901,207,138,0.0276587058583384
cK4uyQHRkZfuJYeVFb1TDA,-0.13747074062279663,0.0,0.0,75,32,0.0
cLNyFQ3T7p_Kcf09IburKw,-0.020206373231852925,1.0,0.0,8,5,0.0
cLTASgist2XiaBy6mnjubQ,0.7769412800591017,1.0,0.07692307692307693,27,23,0.0730434782608695
cM6V90ExQD6KMSU3rRB5ZA,-0.242592192736641,0.0,0.0,233,33,0.0285204991087344
cO-EBH0LC5VZEc007C8Gng,0.22085330123343883,1.0,0.0,92,48,0.0
cOSAFwj3NiEYFQpgheCygg,-0.17791745812528947,0.0,0.0,81,32,0.0293560606060605
cOaJqBOKe5xDx9rX3rG2hA,-0.34067466450746575,0.0,0.0,55,8,0.0
cOoTIQ0RcudE1R5aRVZzdw,-0.10798108404571094,1.0,0.012345679012345678,333,92,0.0106358111266946
cQDwJjslebJv5Co7gCm2Yw,-0.11553065556678987,1.0,0.0,167,91,0.0107501194457717
cQF2tZfLvdb4wg7vxvBRZA,-0.2644534833770261,0.0,0.029411764705882353,197,150,0.0252813852813853
cQWrKXD4Nt9Gv-xk609Jdw,0.7769412800591017,1.0,0.0,17,13,0.1128205128205128
cRWfG4bnVec8tiF8VAycyA,0.008305796433525026,1.0,0.0,36,11,0.125874125874126
cSJDhD7a--7nY4TWAVg3sg,-0.06097226125082311,1.0,0.0,59,16,0.0
cTAJ9PrmTvJ6mvf8Uj3hYQ,0.030860874319826426,1.0,0.0,65,16,0.1414473684210526
cTSczU-9-cYUEM2DlNJcQw,-0.09108250493304171,1.0,0.011152416356877323,751,311,0.0331529228495537
cUKteyNt2Gl-m0h9uBJhlg,0.3291947089831849,1.0,0.0,118,16,0.0
cUYw6i8MF_2WEdd2d8t9yg,-0.0010462790468772631,1.0,0.04,387,31,0.0302419354838709
cUvwzWvx1rNJ2wZ8hEyNaA,0.02617118842702848,1.0,0.0,85,39,0.1072261072261073
cVBxfMC4lp3DnocjYA3FHQ,0.020987789136641233,1.0,0.0,43,20,0.0
cVFjnwuSmDKfIudiPHmkPw,-0.13293289268987263,0.0,0.016129032258064516,187,75,0.0583333333333333
cVZ4whFwPNA721C4DIetbg,-0.22910976325665416,0.0,0.011764705882352941,567,102,0.0188536953242834
cVxy5TZv6dAm0KhkpktFcQ,-0.21113930562621486,0.0,0.0,212,24,0.0
cW2jouXxw1XFN8t35hnrDA,0.016670466652723537,1.0,0.0,41,24,0.0383333333333333
cWS680GN3JNEyPb0jIIVQg,-0.3028562640165989,0.0,0.0,220,27,0.0343915343915344
cXfQ9MqoG41RGd8oIaFxag,0.0682426332410625,1.0,0.0,31,17,0.0
cYFan6HA0eXF2gXLPolTtw,-0.27675964677940734,0.0,0.0,14,7,0.0
cYohoNYuY3l2Po1BbSr1XA,0.0587244623989156,1.0,0.0,17,8,0.0
cZqYh_HZB7pS8N7cQkIw6A,0.039681469036685124,1.0,0.0,61,23,0.039855072463768
cZvHhdp5bDqYFcVfRDER4w,-0.11080997815732008,1.0,0.0,19,5,0.0
c_MsK_ra1MB1Q9KvZgNwww,-0.38300707578885684,0.0,0.007633587786259542,921,146,0.0497242483543853
c_YbtTRac_wv5jpzLQElsQ,0.1351156247119597,1.0,0.0,92,20,0.0452380952380953
ca84zCcwO52EgYChKTseLw,-0.09637328459310246,1.0,0.0,15,5,0.0
caGpaptBP4BKJkpH5W6cvA,-0.21787322453627933,0.0,0.005681818181818182,956,218,0.0422098825044261
cb1nUu3c4qD0DymqTlUJaA,-0.2859174145043406,0.0,0.0,22,8,0.0972222222222223
cbimTBHAiibDpq8O6mP4VQ,-0.355135983747581,0.0,0.0,96,36,0.0497076023391813
ccH0aidX_Z7FeAGW2oejog,-0.054692067350104345,1.0,0.0,91,26,0.0
ccSzXV4wi2cJPnkfP7xy5A,0.5712971793359756,1.0,0.0,12,7,0.0
ceB1XkRoJLbBPScXZsAF9g,-0.23243901303107395,0.0,0.0,98,29,0.0321839080459769
cfPs7KkYQslLLlH9r83vMQ,-0.10127428884356315,1.0,0.0,84,28,0.0
cgPke0UtMkQECm07ZRWHDA,-0.35353970656518624,0.0,0.0,10,7,0.0
cga_fZV1egLtyVSLb6TGhg,-0.27482821474949315,0.0,0.0,550,174,0.0221490378406301
cgwydv-BvXL5A_h_SaCTNQ,0.03241718922436165,1.0,0.0,41,14,0.0
chMQVujO9guhdS4saUXAQA,0.1712971793359755,1.0,0.0,30,24,0.0383333333333333
chiXVs9fuaXcxb0OHs-Kig,0.16541192008865246,1.0,0.0,23,19,0.0
chktpCblpN5Kd_yskQXreg,-0.002245519859118472,1.0,0.0,12,6,0.0
ciQrHorElL1_ekMewnsDXg,-0.23002754387229318,0.0,0.0,70,28,0.0
cjNiQ1g1VF3rU3uF7EN3yw,0.12217682019946807,1.0,0.0,33,16,0.0551470588235294
ck0PpuchJLrKdxW5xND1lg,0.02968992512022217,1.0,0.0,29,13,0.0
ckUXjKaqb60XOMTB-EUwbQ,-0.2729314737478394,0.0,0.0,222,118,0.0241630480459449
cl5NjtALgaX7E-WL2DtiYQ,-0.22305871994089835,0.0,0.0,10,8,0.0
cljHYek6vHtqUgUsnJBqmA,-0.5074320195628956,0.0,0.0,250,57,0.0327088908712458
cm2FwmHNxg9LCzOFdwEJSQ,-0.1856524250235867,0.0,0.0,98,41,0.0442427680090753
co28Isl2nsvX4-dd33R_yw,-0.13501876960007153,0.0,0.0,861,98,0.0551412872841445
coBMIDJvLpiOCQhu3uM4MA,-0.13298882245005705,0.0,0.0,118,33,0.1031941031941032
coHajs6hyDloks4xay9SdQ,-0.004896608956833304,1.0,0.037037037037037035,113,45,0.040661938534279
coh8PyHDBdrLQ_OvKtqC5A,-0.4833478524768069,0.0,0.0,13,6,0.0
cosvZvfx1ElZsQV5LW3X0A,0.18901230953941384,1.0,0.0,18,7,0.0
cp2ZSHXibAxCHvJoPPyLag,-0.3171978814634062,0.0,0.0,286,65,0.0544035674470457
cpM1Ia8EozVN0Oovw4ALTQ,-0.2176303038068036,0.0,0.0,129,8,0.0
cpaMCrmG7WK10tJ4c_GXow,-0.07538681878904863,1.0,0.0,87,24,0.0
cq6QhAdGH4sAHFdTr4Tn_A,-0.38532689498883116,0.0,0.011494252873563218,267,94,0.1349795041967596
crDmS2Hux1Rwgylo6S022Q,0.15393955806932857,1.0,0.0,1030,38,0.024966261808367
crW3WgVBvfE14EzHD8jClA,-0.1509826258784447,0.0,0.0,54,24,0.0
csq9VYVCD49otyOurg2vFg,-0.29690326874562406,0.0,0.0,208,64,0.0551470588235294
csykRUzx15yMpFbzD-BApA,0.001143998933602286,1.0,0.0,26,11,0.0757575757575759
cunUzAOeA9fdB8lwNGROtA,-0.20483389327125404,0.0,0.0,18,15,0.0
cvCNRnspcGjrOVMaNtdghA,-0.028597503439985683,1.0,0.0,58,32,0.0293560606060605
cwA7VnaIGWkiUreR3M2NQg,-0.2252972929282685,0.0,0.0,53,9,0.0
cwvpVlg5BE2XXRWTHe3p9w,-0.0026567849053061865,1.0,0.0,73,24,0.0
cwzn8WC2mIUvC4DaXqhsSA,0.01711188398061625,1.0,0.0,23,10,0.0
cxHhdkZ1dQPyzno1oBdDxw,0.15622030690615052,1.0,0.5,86,41,0.1314086610253857
cy1qlowyE-zHmzfVyBFOJg,-0.09262286195866276,1.0,0.2,37,14,0.1071428571428572
cyVZXj7hL2wf4b-3UMD6Gw,0.08758535803311596,1.0,0.0,26,9,0.0
cyt2QmCjELEDn71j8aE8Ow,-0.13717986356369982,0.0,0.0,123,10,0.0
cz79ih5W1PiiSZgyoPIY0Q,-0.178895829562436,0.0,0.0,156,84,0.0227021040974528
czaPJbUz2-Y8_t2bBN7djw,0.48596510475805466,1.0,0.0,40,5,0.0
d-1UpPNpdDvEIGhTdEzdDg,1.0,1.0,0.0,7,6,0.0
d-FXBUOsu1KXFypLt5bGqg,-0.13017197130617741,1.0,0.014492753623188406,254,82,0.034002869440459
d-e9OJzjy-_bWs3r6fKIbQ,-0.2840030779505247,0.0,0.007142857142857143,422,173,0.037315350032113
d0Eb3kHX1QQgk3UUBzuOhw,-0.24404972411839299,0.0,0.0,284,7,0.0
d1UaH-AOp68jk4W2uxuR_g,0.14968075331538688,1.0,0.0,224,56,0.0172305764411029
d1mtX0eI13U7JBY2-1cOPw,-0.30764679985224586,0.0,0.0,20,12,0.0
d3v51cMiLdNvn0GevIQDeg,0.06598672234555136,1.0,0.0,71,5,0.2285714285714286
d4FXXwFDzUv8Qu4hiqLUMQ,-0.3626984230069862,0.0,0.0,773,131,0.0813189143341817
d4ZPdoYxDnT6f70AZPGrcw,-0.17845475371019315,0.0,0.0,2068,836,0.0218151039480678
d4qVVElEjQrsKBg3ytSWww,-0.1121182283282488,1.0,0.0,23,7,0.0
d5WQMTNea__i3nUjz2qYdA,0.07949346812587677,1.0,0.0,59,10,0.0
d5i_Rm7W_2Xics7yl3eT6Q,0.03896764326505356,1.0,0.0,11,6,0.0
d6PFud28NVgYtrgOs9vkfQ,-0.21838276954166835,0.0,0.0,112,6,0.0
d8FgfM31dou00aYDqfx9Dw,0.29610997892083557,1.0,0.0,213,62,0.1299283154121864
d9i5hq9hIjmp7RN2hsOTzQ,-0.267090479903186,0.0,0.0,50,12,0.0
d9sE07OtqGEbOzooGTAFFw,-0.4397109946971808,0.0,0.0,145,44,0.0415019762845849
dAKbutwo3PmXq1G_EMwDlw,0.034452263509292314,1.0,0.0,71,22,0.0415019762845849
dAZASdppYH5DQvXLlzGiow,-0.29930710046578557,0.0,0.0,280,101,0.0190329712582908
dAtU1ilhVlt_uid1vTTbAQ,-0.3022708604814802,0.0,0.0,167,30,0.0
dB0h6ULGQiFuhE2G3zh-uQ,-0.050395588783406775,1.0,0.0,110,16,0.0
dBLJTwDHD_SHGnE4gwPWMQ,0.4054407201211811,1.0,0.0,15,9,0.0
dBNfyR0RRX-w1SMuYYF3-A,0.03391153319260143,1.0,0.0,298,105,0.0185135736537604
dBS571rwNf8V0tnz-ZKnqA,0.0,1.0,0.0,7,5,0.1333333333333333
dBuXIPjZFl1u8WZkSsyJ5A,0.3210429051423853,1.0,0.0,28,12,0.0
dCej8zB_aXDFxxl8kcUC1g,-0.26094186782585604,0.0,0.0,332,26,0.0
dD2p903p8lU0IgXT3OFluA,-0.0010884285310521769,1.0,0.0,1230,245,0.0621280573298022
dD8HFOlOowiEcBv5F38pew,0.795166106728746,1.0,0.0,13,9,0.0888888888888888
dD8qp4Ro74EI4DqQl8FFCw,-0.11027474757405786,1.0,0.0,260,52,0.0
dDU-0EW4Asx-RnM-vULFQw,-0.24141710367085845,0.0,0.0,200,87,0.0112330198537093
dDaMtf0K5fwPx2vhthjnKA,-0.08221043593155775,1.0,0.009259259259259259,233,114,0.024966261808367
dEZoHywgbq5mS0Ytv0vSHw,-0.0031859381875088966,1.0,0.0,42,27,0.0343915343915344
dEotxkNxYaoG_7TS3kzUvQ,-0.5669170010277659,0.0,0.0,26,12,0.0
dF1064EcYXPcJ1ENvLN83w,-0.1952439143139143,0.0,0.0,284,49,0.0
dFTuCfvTv8b7UK-quUWY9A,-0.0897452011452341,1.0,0.0,104,52,0.0185050798258346
dGOvRqPDzEA3bNy3f_fmUQ,-0.2063166963194134,0.0,0.0,98,7,0.1587301587301588
dGlMJzK84qUU8zwdbjUjmw,0.15734309122833423,1.0,0.0,118,10,0.0
dGuXwLXcJOS0l-aazD623Q,-0.21208980729938498,0.0,0.020618556701030927,352,171,0.032708890871246
dHB4vS2CFu2GlQ9ERG5H3Q,-0.21613940768352702,0.0,0.0,177,58,0.0
dHV0igKxOKZgl-P-eQvqmQ,-0.015445294891263006,1.0,0.0,70,12,0.0
dHY0EBrKi7HHjsQoK0inUA,-0.10583408987552556,1.0,0.0,22,14,0.0
dHYGLQkSxp8nFyzydmgeVw,-0.3019919929224052,0.0,0.025,498,45,0.0789115646258504
dHaml_FHbs_wSyl6vvKpxw,-0.06503061634519636,1.0,0.0,195,74,0.0
dIpTuL2T1L98GQGU17IeSw,-0.32585433353755655,0.0,0.0,2399,548,0.021135297184567
dJ6M_mkBIkKignlonnx9Xg,0.3384173565897408,1.0,0.0,30,10,0.0
dJGZ4w3ujr-X44XPOzxOfw,-0.3369878753328942,0.0,0.0,32,14,0.0
dJINO-g_RfwsJcuj9uumdA,-0.2670792409674828,0.0,0.006289308176100629,507,167,0.0340590495309958
dJKg1uEIE7cst91x8F_PSw,-0.2309242141170671,0.0,0.0,438,127,0.0435735006808359
dJffXwctyNWkW0m0jVHE7w,0.30939593641271446,1.0,0.0,47,18,0.0497076023391813
dKIZ6KrbcVwg-p3VnEY5zw,-0.30028248497759036,0.0,0.009523809523809525,354,129,0.029142624001865
dKfm1sngKAGthtEuW2fVWQ,-0.12944096529794846,1.0,0.09090909090909091,79,28,0.1138392857142855
dL0GYNilzv_esQ6GD5Vcqw,-0.1809304532835796,0.0,0.0,1036,74,0.0485100485100484
dLXkx82ZMsR5NLkCRtg0Dw,-0.31471141415713216,0.0,0.0,69,41,0.0631929046563193
dM5ZRYT1SUO86eZtisrKfQ,0.047357094232474806,1.0,0.045454545454545456,74,41,0.0442427680090753
dM70fyF9wqjsmVsJ4gHGyg,0.8550068306942352,1.0,0.0,33,27,0.0
dMOwtXTM1j_RP18Wl1RC-Q,-0.11247062458170087,1.0,0.0,1018,138,0.0140786749482402
dMoc-bvAjAjH1TLd0GFbDg,-0.08231201820439515,1.0,0.3333333333333333,48,33,0.0285204991087344
dN7AMKUhwTa4Kk0bdMRPgA,-0.1931757056002249,0.0,0.003787878787878788,671,286,0.0267351695923123
dNC6G1FhDVQA5D58Oyg06g,-0.059001901200631646,1.0,0.013888888888888888,252,110,0.0496865203761756
dNawpzf7Q8mnHIASvFf6LQ,0.5890430846056726,1.0,0.0,15,8,0.0
dOkg_xoAt2unx0ninDN9TA,-0.09945434359757732,1.0,0.0,46,9,0.0888888888888888
dPIpO6HJ6OuHVvPqooW7IQ,-0.037834399356206694,1.0,0.0,106,27,0.0
dR6RHU-iEOL8e1p9hBzzDg,-0.34299257066018346,0.0,0.0,57,14,0.0
dRKztV_Vtl7AvZg052SgRQ,-0.3057284989518618,0.0,0.0,981,330,0.054008658008658
dRMkNHJbUwHWY56vem8V_w,0.02938250619599536,1.0,0.0,69,11,0.0
dS9HVkAU9IwOIjl4UdJvhA,-0.05882433084072336,1.0,0.0,194,109,0.050099720781811
dS_bp9xxifjXv4Z6Iy_Vaw,-0.1655006588863327,0.0,0.0,46,10,0.0
dTYTEsIpXQAp_frB6UYiYw,-0.09336406536622399,1.0,0.0,305,40,0.0237804878048781
dT_knPUzLKzfh2extWQPsA,0.10521736232092838,1.0,0.034482758620689655,54,37,0.0498960498960499
dU0qqkUwlwS_So3_yhAARA,-0.16917615982269507,0.0,0.0,17,9,0.0
dUoSaa5JPSNCmI_vg3mbsQ,-0.1969119240135122,0.0,0.0,186,42,0.0
dVckWYwsJ8Fr0VcCMUVHyQ,-0.18560612105309504,0.0,0.0,51,37,0.0
dX8dnwxVTpUvHXHlOXjgcw,-0.2574378942290311,0.0,0.0,52,31,0.0302419354838709
dXmx686sTWcyTHB0vXm5JA,0.4071650554668097,1.0,0.0,21,9,0.0
dXtKhR0cORwZMW4GuFxwdg,-0.2818530028141587,0.0,0.0,851,141,0.0390794615718628
dYMb9V0rUmspH-59KnobrA,-0.07659842650608462,1.0,0.0,30,23,0.039855072463768
dYq6OUxFtMVHwqcmum5kOg,0.10114325470609542,1.0,0.0,56,25,0.0
dZ0ys95zBvv_LD6nrwhtyA,-0.09967391602542974,1.0,0.0,102,57,0.0169388989715668
dZ5U0y0PsUp5R4TggYARBA,0.21865568071443675,1.0,0.0,35,20,0.0
daY4oe7psl3gi7l6pgm4-A,0.15153083427363712,1.0,0.0,53,36,0.0
dbUSqTB-p1mBeshyAK4kMg,-0.1794885931272912,0.0,0.013157894736842105,263,103,0.0186777623670828
dbh_Nu_CfbV3zWUHua6xHA,-0.33282385807508974,0.0,0.0,467,98,0.0468595205072321
dbq2TOIs7moyrY1sfo2iFQ,-0.11324838288462247,1.0,0.008695652173913044,367,124,0.0523885742427974
dc98lqGzBSpZZExT_LSiCA,-0.14139280981642388,0.0,0.0,43,26,0.0356125356125356
dclL14pr7OojCOKJ_ZbMbQ,-0.24105362606032554,0.0,0.0,3043,638,0.018244514106583
dcpWZ6Yk_S0HqTlNBi8jiA,-0.03157528118413633,1.0,0.0,147,60,0.016120218579235
dctMpMdLUMad1Umh4knaNg,0.009688627376453485,1.0,0.0,22,12,0.0
ddOSzwvJSdM8inofl-ybdw,-0.1294778142345312,1.0,0.0,583,63,0.0297924297924299
de5kSvAoNNGpRL3dHRPqXA,-0.0634350167777179,1.0,0.0,27,8,0.0
deAXOKrUqydpts6xcbhMwQ,-0.08479437598114958,1.0,0.0,83,31,0.0
deNOTM_X7PF8W3E2cKWXyw,-0.2821097668615856,0.0,0.0,140,40,0.081818181818182
dg3w68b9e4pJsdeCv5pHVQ,-0.24796926569856703,0.0,0.0,156,9,0.0
dh1C733vVNx7BaIBmwMwNQ,-0.2441643615287229,0.0,0.009708737864077669,1378,364,0.0447902882457855
di2U_tMQlkgqwblvjdcXcQ,-0.07500969184540307,1.0,0.0,450,78,0.1159608182080091
diKcuTF11thKjScDB0AATg,0.2695157022078649,1.0,0.0,51,9,0.0
dj84zlrBW3CKjcH8vCkXZQ,-0.24176694357002854,0.0,0.0,241,70,0.0
djj8qE6hQjSeyEt9T2H_dg,-0.16591829353007226,0.0,0.0,98,18,0.0
dkEgU5UNNed9Rhn91Whuhw,-0.16620302501301987,0.0,0.010638297872340425,241,115,0.039855072463768
dkxB_I_3-63HJMmQszE0Kg,-0.019719093124470732,1.0,0.0,583,13,0.0
dl-2ZaDP3POIAR3eL2pi-A,-0.06581955154606811,1.0,0.002680965147453083,886,509,0.0188892800496647
dlFdjPUJI1eqRs8WVPE3QA,-0.40232639149758137,0.0,0.0,453,118,0.0786361844698462
dlqEa58Xf7q5w4e_4Wys1g,-0.1471380957446995,0.0,0.0,75,29,0.0
dms2DI0DgFicvwLPlELlKA,-0.11792630864038378,1.0,0.0,15,9,0.0888888888888888
dmx9rfhDOixCsCA_DcsEEA,-0.10638253028133171,1.0,0.0,924,115,0.0605160834217037
dmyPzMRNgTIOBRT11NFcvg,0.04444439707656633,1.0,0.0,29,11,0.0
dmylotBWcIExhwyyft5bIw,0.116630630762806,1.0,0.0,50,31,0.0
dn7fj6iePzwnvyhtNmiTrg,-0.17880127432624981,0.0,0.0,116,8,0.0
dnQMntrmickWGYLB30KBEQ,-0.06912325821541476,1.0,0.0,116,42,0.0432900432900433
dnxBrWsHasYXofdKVcM1GA,-0.2928108958378811,0.0,0.0,281,63,0.0432900432900433
doN8QSdGtlIAW7BP8afZEg,-0.3427825442648549,0.0,0.0,114,45,0.0743764172335601
doXrSxu1hoYiQNlmyWS5yw,0.08830638951792236,1.0,0.0,16,5,0.0
dogcOCiqIr3Q09VW_lFuEQ,0.13346567058851133,1.0,0.0,83,20,0.0
dpiaAGgEMm9Lf8dbx0yEJQ,-0.21454472332217978,0.0,0.006578947368421052,1423,314,0.0542548918345096
dpsjOpUxxuPkG-9Dd7LLBQ,-0.16966069314549148,0.0,0.0,27,9,0.0
dq-02omJz_ufg1F-BME0kg,-0.14197097723766916,0.0,0.0,163,25,0.068148148148148
dqKqTOD8lUQtvDsG_gpGhw,-0.16188405122292782,0.0,0.0,165,36,0.0262762762762762
dqdEPiPQugiz8sIgMqXmiw,0.08686873729683486,1.0,0.0,77,29,0.0600667408231367
dqhpX2YseNDqoWQCQWSc2g,-0.24424005353741463,0.0,0.0,68,35,0.0
dr_nIjj7A0PYfaN6qS2yng,-0.20144678375441072,0.0,0.0,37,10,0.1499999999999999
ds4P0t6Wp4Q8o-PVnrr0pw,0.018130422694087156,1.0,0.0,197,96,0.0102018900343641
ds7_Qebtt-tSDXHYcefr8A,0.39416591012447444,1.0,0.0,16,8,0.0
dtYPZBWoziDAtT6IQnIR_A,-0.054180490415978944,1.0,0.0,20,9,0.0
dtg4q0ZfJZXjRpaPJa9BvA,0.3215478961823271,1.0,0.0,44,18,0.0
duH8EuGBJPTckGe0s23ecA,-0.05238664871219545,1.0,0.0,21,12,0.0
duf2PORLOL6it1dTGhSnKA,-0.22995691701147392,0.0,0.0,88,20,0.0
duuUYNDVgesTsLRfGCeMrA,1.0,1.0,0.0,6,5,0.0
dvG_QJuIZIQv_6DiWjnh-g,-0.1625733625392557,0.0,0.0,495,137,0.0071934835501956
dv_AMvV9J-6qrke4BUQuEA,-0.17926230480087957,0.0,0.0,93,18,0.0888888888888888
dwkI0-b5PM2-yn-v7j2Agg,-0.3793853850331439,0.0,0.0,137,59,0.0
dwoqTu3q0D_T2UfT7cgHqw,0.06427809880178381,1.0,0.0,89,40,0.0
dxNrscJ65hB8RWkMY6lruw,-0.3289232172406108,0.0,0.0,176,46,0.039855072463768
dy5FimQwL-6xnW-J20xISA,-0.05192461092784706,1.0,0.0,192,28,0.0
dzNHPZmXHFc6_6BZQVYAeA,-0.015566322772461172,1.0,0.0,110,43,0.022198731501057
dzeBiAu0VAaVBbMwcV9GFw,-0.44280291473673083,0.0,0.0016129032258064516,2457,748,0.0229925580486172
e-Oj6-L6oYNdCY2nB5tRqw,0.08207369135961617,1.0,0.0,23,17,0.0522875816993464
e-ZyZc24wgkKafM3pguR2w,-0.083519223244924,1.0,0.004694835680751174,1276,228,0.0288727136991415
e-kmlwJ-CDSiZCLBBKzUHA,-0.0029940264788248516,1.0,0.07692307692307693,36,16,0.0972222222222223
e-uW1RrJGc0XqB5_Q2HKBA,-0.17982087256846535,0.0,0.0,193,32,0.0
e1VGijMQdYT2JujHbf0Xbw,-0.28544730382404515,0.0,0.0,300,85,0.0612798965740142
e1l1IlKpL7FJlM4ivnoO2g,-0.2375098442965875,0.0,0.02040816326530612,353,159,0.0298358643963798
e1o-2If3E-OY2A_yvamrIQ,0.13658852016252954,1.0,0.0,14,6,0.0
e228TnyMNoJLp4zYnunvmw,-0.3704661642934959,0.0,0.0,108,16,0.0
e27sItQBZuFbBPz_Ucq76A,-0.1565515315285746,0.0,0.0,151,35,0.0
e2__bkb8kvgEuFHZO7iScw,-0.4005748258164209,0.0,0.0,50,12,0.119047619047619
e4MoozYGqe_rb4_ZC1rYMQ,0.03940622138927441,1.0,0.0,1230,304,0.0367046968687541
e4__1wpgPI3OfTLamW8L1A,-0.17426273566648232,0.0,0.0,96,6,0.0
e4hdGUQH8IX0Tcx1Aa3Ltw,-0.22870282066402448,0.0,0.0,12,7,0.0
e6lLQKTfAaFKqhlU_SvCYA,-0.10583408987552556,1.0,0.0,17,9,0.0
e75wnGhnZfGajDXXpY-UNg,-0.055585011476823154,1.0,0.0,52,8,0.0
e7I5Kj_kVMFdEW35RN0AEA,-0.16941203238443503,0.0,0.0,216,59,0.1006676938880328
e7NPtfoNcTbL-ceQBsO0PQ,0.0936413454736239,1.0,0.0,75,31,0.0
e7fAEuZ58SEOWB0Rw_4w2w,-0.030206983764041073,1.0,0.0273972602739726,618,83,0.0445921617504501
e85sw6dE3jNu697Hb3BskQ,0.03006451782153674,1.0,0.0,25,12,0.0
e8NRt-1C8eI85C59pKhJuA,-0.16741410855982009,0.0,0.03571428571428571,100,50,0.0369230769230768
e8PPDsGG6zLe9qV6x7B6Qw,-0.2309546092509447,0.0,0.0,73,35,0.0721804511278196
e8VlQHJYDyfMo5J--qyY9g,-0.2963647304509074,0.0,0.014492753623188406,524,87,0.0219553144775925
e8bOuDRCsHOb5IqQrapT2Q,-0.29367068236538973,0.0,0.16666666666666666,188,13,0.1128205128205128
e8x5wMNjiIk5ospmofGZlA,-0.24427368941155791,0.0,0.008064516129032258,371,156,0.0303790412486064
e9aorf7A7aTRh4C6_vpgnA,-0.12357356287129839,1.0,0.0,68,7,0.0
eCZ4jBuyOjVhkrTMcXR0Yg,0.009155857967604875,1.0,0.0,16,7,0.0
eDLnzdEsJTYmqVdRheOyrw,-0.060286286814156265,1.0,0.0,32,7,0.0
eE5w-7yMOwgL2OPsG85Z2w,-0.25670239636342085,0.0,0.005763688760806916,2071,379,0.0965586930893169
eEMqe1vC53vu3bkBSkekSw,0.31527156358705877,1.0,0.03571428571428571,484,65,0.1384615384615384
eEW2LAE2Fb8rZVE2rtNeyQ,-0.32648119452589464,0.0,0.0,41,9,0.0
eEquyJ-Iy8yYjxvAunHW7A,-0.09615214482694723,1.0,0.0,33,15,0.1019607843137255
eFeBGZ8xbYR-LiESfovs_g,0.3625898697270894,1.0,0.0,19,7,0.1904761904761904
eFn-8QlFGdkT_B-bWigtFQ,-0.22660934540590183,0.0,0.009174311926605505,309,115,0.0328827183047133
eFvzHawVJofxSnD7TgbZtg,-0.24763833821476455,0.0,0.0,1158,249,0.0155562963315711
eFwFIh7olBwMHQ6ByoRH-Q,-0.20972905897862437,0.0,0.0,502,158,0.0243006719799967
eGgYses6equ9ZOHj6lYmXA,-0.023024023898211232,1.0,0.09375,62,40,0.1468750000000001
eGi5vLxSXjHkmubADGhFPg,0.06507688338827378,1.0,0.0,20,10,0.0
eGnOXQYoE6qh5LdTHym_Ig,0.16170883585122053,1.0,0.0,37,18,0.0
eHzPkFFmnWJC_YlkjJ4fhQ,-0.17017721063819202,0.0,0.0,60,17,0.0
eIClHkqYqCeaYOZSzu1eLQ,-0.061534484819559476,1.0,0.0,33,17,0.0
eIDC_UAORw0frg030Nw4tA,-0.05988160536183307,1.0,0.0,51,19,0.0473684210526317
eIVfVLwxUXd3GKbPUvljqQ,-0.10763946815168901,1.0,0.0,138,28,0.0619047619047619
eJYvM2Zy5BloOYGldWmAVw,-0.2715461093224254,0.0,0.015873015873015872,292,66,0.0285204991087344
eJaeTZlIdM3HWCq__Ve4Wg,-0.27565990860614886,0.0,0.0035842293906810036,3185,880,0.0458111963793781
eKxKm6fK0-tO_WM4D2_5xg,0.154248403683531,1.0,0.0,72,15,0.0
eLcW0vn5Nu8yTS_ebV6a7g,0.0015446835364606448,1.0,0.0,208,33,0.0285204991087344
eLomxx0tnJJhJ9wPcfUVvA,0.08222913436722035,1.0,0.04,79,47,0.0390794615718628
eLqHSAK0bXcEy6Q8pBYR0w,-0.34269568865603184,0.0,0.015503875968992248,643,170,0.0485376273414392
eM8kmbbkjtvYKL2kHsARsQ,-0.020871535361936866,1.0,0.014492753623188406,209,71,0.0266255064634381
eO47HI7ZqidXMkHyaOsf-g,-0.03293597574727536,1.0,0.0,407,34,0.0786963434022258
eO5MbK-ujRQMwLWqbAMqrQ,-0.15249355779952556,0.0,0.0,226,44,0.0217171717171718
eOJovtfgmGhvHYDKsjvKWw,0.07917702042557129,1.0,0.0,36,13,0.0
eOdJgsNyROi8TDV-F-_juA,-0.24800594292186556,0.0,0.25,36,5,0.1714285714285714
eOeKgRKbs-iAsIEOmHTrYg,-0.11792630864038378,1.0,0.0,15,10,0.0
eQAre7prBUzRQOppgnI4XQ,-0.1051653172564384,1.0,0.0,52,7,0.0
eQG5bKz5S4F0jG8mMw7ohQ,-0.16891218652578516,0.0,0.0,11,5,0.0
eQa7PB6VhomV_DTjCw1B9A,0.048238459395077204,1.0,0.0,15,5,0.0
eQdB1ZjnNspjE7KTFzblzA,-0.048225939061939394,1.0,0.0,82,11,0.0
eQm15lzvMA_0xRG8FyrSSA,-0.23634483722542132,0.0,0.0,346,175,0.0269841269841268
eQo42s9IYFnLbRkFFU86ww,-0.07214479924522421,1.0,0.02666666666666667,200,80,0.0569117647058823
eSI0OtM5lcv5W_gqoJPCiQ,0.16459712900548817,1.0,0.0,21,12,0.0
eT_mk6n1sGovcZS_jT5-bw,-0.13641297222661342,0.0,0.0,69,11,0.0
eUAaIuf6oa_gHnI2j0ep3Q,-0.47876780704101546,0.0,0.0,310,164,0.0286837927550873
eVTLl2F7_r5etLZwFuU_0g,0.6464602934348138,1.0,0.0,9,6,0.0
eWJHUC9ubuxW6fQVtG_mAw,-0.058266915284403864,1.0,0.0,48,6,0.0
eX1E0J6uh8a3oVazer1_yw,-0.3674550569859715,0.0,0.0,114,31,0.0586510263929618
eX1eHyJ6iYD1rzfzEox43w,-0.10723933060423263,1.0,0.0,43,8,0.0
eXTIdWDxaZ4Dh7hB0--kGA,-0.0644340286345918,1.0,0.1,170,14,0.2785714285714287
eYF-P4Dp7zHH1o2cEV39Ug,-0.19507121747716255,0.0,0.0,29,12,0.0
eYQIJF48xAOCrmtLXdv8iA,0.2525437073383575,1.0,0.0,20,5,0.0
eYZBpbi42VoMYsulwalQaA,0.0175217542035373,1.0,0.05555555555555555,132,23,0.0765217391304349
eYoOM8C9mEpdZx_wAsqcug,-0.30093049015148743,0.0,0.013888888888888888,869,262,0.0425419290132056
eZCt3doDaA-l4sg_OM67YQ,-0.17210548959251726,0.0,0.01293103448275862,933,292,0.0466623533086432
eZNBKIqJi5w7-bGh501ovw,0.34352385934099244,1.0,0.09090909090909091,31,18,0.119047619047619
eZfhvDdol03GkF6PaFWO-A,-0.06333311870268221,1.0,0.0,57,34,0.0
eZldAV-8VNSnrlbG270Wzg,-0.17756050308992655,0.0,0.0,45,23,0.1070234113712373
eZm0-iedpPrumpf_4eeJag,-0.25791176184788633,0.0,0.0,905,186,0.0491551459293395
e_3I3UEy6ibfDiABDPQCTg,-0.09581402645683323,1.0,0.0,21,7,0.1904761904761904
eaJCpC6IhYphj7bwCDHTwQ,-0.1533095759092532,0.0,0.005025125628140704,863,249,0.0155562963315711
eaKqicXSSjHstoGm6FQ_NQ,-0.1322406787388244,0.0,0.0,166,19,0.1148325358851676
eaTElJi7NcuqPTYC0qWCpA,-0.2268959273732828,0.0,0.0,358,47,0.0561702127659575
eb_LtLr1D1AT_XTKsq1RSA,0.06825948410876082,1.0,0.0,79,10,0.0
eblnR1cQsR_aeUkNu38VkA,-0.038151542718347975,1.0,0.0,561,132,0.0420509442248573
ebnjBO3r5AMsqLdrJVJvVw,0.2014656134825762,1.0,0.0,37,24,0.0383333333333333
edMDjyhuyaaRo5nOstjlpg,0.49775448014088153,1.0,0.0,12,6,0.0
edWlkjQnmXa8l3RxBQavag,0.21913101044399608,1.0,0.0,49,17,0.0
ee90xw9wB5-2JBlcqEDa1g,1.0,1.0,0.0,6,5,0.0
ef-uoHTDLBaoDZrc-MOtSg,-0.11397629729554581,1.0,0.0,46,17,0.0522875816993464
efNrVvbNw2stIq2PvCDV6g,-0.021541300242999717,1.0,0.0,281,121,0.0159913995834173
efVCzhiCt7bnlWzQyQlYYw,-0.37097591848020484,0.0,0.024390243902439025,182,64,0.0298295454545454
eh3qGDOXDY3I4dk6UgCMFw,0.0975757553170774,1.0,0.0,69,20,0.0
eiQ7HEEuzToQue026gutXw,0.007395801782690503,1.0,0.3333333333333333,27,9,0.0888888888888888
eiSpDSqykFUhKI6-7d9qEg,-0.2492702321631673,0.0,0.0,98,47,0.0578723404255319
ejLlJAajTJbg4q3Q9xCG9A,0.07069836464740531,1.0,0.0,15,6,0.0
ejQS-q3gy2LS4Y5Q08B0_w,0.1764908433176362,1.0,0.0,126,11,0.2828282828282829
ekBDNOCEzskY6VH5SBbGkg,-0.132556111752404,0.0,0.0,45,18,0.0888888888888888
ekWuXfvjArUhET3dOUQaxQ,-0.3547944531432004,0.0,0.2,20,7,0.1071428571428572
ekaEajbGvF3SMwnespdeaA,0.24683656858633918,1.0,0.0,44,23,0.039855072463768
ekrj3Ov-tRqcE9APVlMnHg,0.819037340042093,1.0,0.0,12,7,0.1071428571428572
elEQxid6rZ3tRZF1Kwkr9A,-0.39018805246882937,0.0,0.014742014742014743,3744,486,0.067861892059895
elX9a3nvGMSweRaMWgSb0Q,-0.2759331094528632,0.0,0.0,939,92,0.0
eltuhV8KTDIhqdYgAyknAw,-0.2817730780463358,0.0,0.007633587786259542,562,199,0.0543951987425279
em474WuTw7-OkhPfX4EohA,-0.3071497966167431,0.0,0.0,39,29,0.0
emc9zbb0LeEC6D_f7SZWpg,-0.23639638066939023,0.0,0.0,86,22,0.0415019762845849
emrUsUZvqCkytUu4i3kjLw,-0.15067192427387288,0.0,0.0,682,225,0.0256277056277056
enF3lioValNS3Bwic5nB6g,-0.11558035205922779,1.0,0.0,88,9,0.0
enfQ1SHv5PpO_Pq8BvtCRg,-0.4039349021334914,0.0,0.0,39,14,0.0
enrfGLDwo4We6Oi38qUJxw,-0.08458807991134754,1.0,0.0,11,7,0.0
eoHfkdxrMBo8CkisX6ippg,0.2493060840972383,1.0,0.0,21,10,0.0
eoI-rJfnSV_rLjqRXXSWSw,0.39632830678635883,1.0,0.0,18,6,0.0
eoqpPPlegPddFATQadDsoA,-0.11284205899540145,1.0,0.005390835579514825,1936,388,0.0681078281458096
ep5qO5-HdYH8zKfz0LLqCA,-0.14868325335523902,0.0,0.0,745,46,0.039855072463768
ep7gFSrvNsiCpDXJrapg1g,-0.12560091300132092,1.0,0.0,337,144,0.0497076023391813
epGYbd0_OeSxsSkw-Kx5Rg,0.5712971793359756,1.0,0.0,21,16,0.0
eqLgpNj0DnRpMj63IfGVeA,-0.17896132550874733,0.0,0.0,87,28,0.0332512315270934
eqNutOMnPqKa9QDAY6KfEw,-0.3129323544789815,0.0,0.008733624454148471,635,310,0.0336951060194956
esWy3DlzFeajW5awtFHITQ,-0.183934572699061,0.0,0.0,42,13,0.0
et96-0iMUgkDiQWKqr4k2g,-0.13993163827417143,0.0,0.0,39,11,0.0757575757575759
etK5pTCprPuKJCtiU-iLKw,0.6654119200886525,1.0,0.0,29,25,0.0
etU4of3VovLEW3MVDi_5sA,0.11466612910788099,1.0,0.0,115,12,0.0
etjcQEi4mTFiMBE1DyAIEg,-0.202760450539046,0.0,0.0,99,19,0.0473684210526317
etqiTJ31Bl3Fuh3CWTSHxw,-0.2607195898995731,0.0,0.0,405,49,0.0195918367346938
euEHHwDtpFxR5P0e0T8Gjg,-0.19463160468810348,0.0,0.0,588,155,0.006368899917287
evOg5Cxy0N8IUPcxKof2Uw,-0.3000400268611148,0.0,0.0,26,9,0.0
evrQGHs_lC_fmEniotaX8A,-0.3278894588381581,0.0,0.02631578947368421,326,140,0.0332512315270936
exrvCKEGg1Ays38rKLOdhA,0.04096485697750374,1.0,0.0,41,13,0.0
exsmq71Wm_Ksf-feMK1UJg,-0.17181842068118003,0.0,0.0,113,13,0.0659340659340659
exuQOZA1tvlZbCiheUs1Eg,-0.13013106744644753,1.0,0.0,132,58,0.0166569257744009
ey2F1-Vh60vczNAk0kEnFQ,-0.2701028431682211,0.0,0.0,540,169,0.0115574933388697
ey2XJjoyInbK3TL4x4k5fw,-0.5286464315090779,0.0,0.0,36,14,0.0619047619047619
ezpDnpa1f87EMLlSGgnDxQ,-0.19119933721652627,0.0,0.0,43,17,0.0
ezq75k5TyS_c38jjmQADNg,0.23959773605113022,1.0,0.0,16,9,0.0
ezx74ix7nc7ZpDQ29Rkn7A,-0.2445672160910286,0.0,0.0,29,6,0.0
f-idTk9lhN_c9IqvvZ4fBA,0.16955280664533579,1.0,0.0,26,10,0.0
f-qlRLsQ2vPATmlLTgLHbQ,-0.23061164706629989,0.0,0.0,849,188,0.0154561657569345
f0LN8fAzO8MMIvv88cOrrw,-0.12766072113551574,1.0,0.0,105,9,0.0
f0qy_jMfakYtRQLADjmC3w,-0.17396417569495748,0.0,0.0,161,59,0.0316754654070574
f1ExfzC0Tj6uJgWvve1Pow,-0.10150147968362466,1.0,0.0,321,94,0.0203900709219857
f22prjTaNUWwqvVsI4HWxQ,-0.1989896183662614,0.0,0.0,430,59,0.0163841807909606
f2A0fFtAuSnx9cSrazyzcQ,-0.16908896052714406,0.0,0.0,48,13,0.0
f2KFAhVWZmFm63liyG8rVw,-0.32187166596342914,0.0,0.0,1184,165,0.0338118022328548
f2M-zBeIWFknjzzCRfpeIg,0.507879168690796,1.0,0.0,21,6,0.0
f2bd4yADbdKYGCR_9EjF7A,-0.23938397013743307,0.0,0.0,535,283,0.0267142666326667
f3qKagX8q2lnz1O6Ulck7w,-0.08983556850288377,1.0,0.018867924528301886,347,56,0.0481234866828088
f3umcbFgGLVUx1R7iz9Qnw,-0.16149492137165167,0.0,0.0,235,7,0.0
f3xbrkFqjahlcOs8NSkNsA,0.1705045607110921,1.0,0.0,22,6,0.119047619047619
f44uARFaTuIPmbMn2VlSXg,-0.12356944462674246,1.0,0.0,117,21,0.0
f4QAry-KSSkNT3fZ034NQw,-0.054180490415978944,1.0,0.0,22,10,0.0818181818181817
f4XSOzFOQDydPyqavMV7cA,-0.08880644681901584,1.0,0.0,413,26,0.0
f6eBJT2jiXXBkrlHdJMbcA,0.10944412641182988,1.0,0.0,70,40,0.0645348837209303
f80tPVX_SxnBElz2bNSznw,0.09904866684694935,1.0,0.0,24,12,0.0
f8B1vstbUsW2ynCeqGuiUQ,-0.09961879482067615,1.0,0.0,44,12,0.0
f8d5NwkN4F2-mpx4MMDf3g,-0.37312244019669627,0.0,0.0,386,95,0.0296455424274972
f8p3fbPnCXeYFpygOgbiqg,-0.14691355751378654,0.0,0.0,294,52,0.0185050798258346
f8xDFhZTT2iB8dDZ5fFZmQ,-0.3326213539268913,0.0,0.0,31,14,0.0
f8xDi3rajxvIqS73N93Afw,-0.11711365606694135,1.0,0.0,41,13,0.0659340659340659
f9EcjCMakeDJMRR7nKH6zw,-0.02570083616610508,1.0,0.03225806451612903,76,38,0.024966261808367
f9eWh7vqRryHRS4-H6gOlw,-0.18449597997540812,0.0,0.008620689655172414,323,134,0.0409381663113006
f9qNygjcQvh2vPmZSfEvqg,-0.027072056896945584,1.0,0.004081632653061225,1330,561,0.0255062883739354
fA3SeGrgXYS9nXoAn9q1_Q,0.08435179939758564,1.0,0.0,38,18,0.0
fAiPD2OIEm9wtS7uJqzu5Q,-0.0450160065052817,1.0,0.009615384615384616,538,130,0.0420814479638009
fB8DULHVGkB9jI7M8qzKKg,-0.19205661985493788,0.0,0.0,32,20,0.0
fBNAR1lquwEEqruuR16UqQ,-0.008695673951752747,1.0,0.0,25,7,0.1071428571428572
fBRoUhkpEXLI_QQUJ0du8Q,-0.2083544158819689,0.0,0.0,78,38,0.024966261808367
fBafnubpYG3wbpe2p6SdgQ,-0.2650449368081434,0.0,0.02702702702702703,92,66,0.0423803249890206
fCDMLD21ypv1XZ_EyafCkQ,-0.2299995161590639,0.0,0.006097560975609756,6014,1772,0.0215767469441245
fDMEHZ_0UqQF3CJGYmq4Kg,-0.1589916991043585,0.0,0.0,275,22,0.0
fDhdu4D4nsBC7h3i1mHaOA,-0.16057955373045896,0.0,0.0,57,18,0.0
fEhjxZMXFxM3Mh4ZHZ55nA,0.14416591012447444,1.0,0.0,13,5,0.0
fFA6bjWbq724vB1tW4V9pQ,-0.08808328737822457,1.0,0.0,33,15,0.0
fFb9GJIGQ7dt5dd63xov8Q,0.0,1.0,0.0,17,15,0.0583333333333333
fFj8iQ8eVZui5kcPzPVIJw,-0.28246770968069,0.0,0.010362694300518135,721,259,0.0776582053177799
fGa6oaUxdxqs0JPnwUxn6Q,-0.004481352944102901,1.0,0.0,121,8,0.0972222222222223
fGoVUonpgaeoAenfc3mVzg,-0.26809977253718464,0.0,0.0,22,15,0.0
fGsEVei0W5kyhlL8TRNclg,-0.10913139311396547,1.0,0.0,363,39,0.0
fHa15mzKSuq9Z6gd-m3kAg,-0.28828196337341483,0.0,0.0,165,33,0.0285204991087344
fIJl2U1A8yiul6WX6pOhdQ,-0.005511184434790484,1.0,0.07142857142857142,202,68,0.0522875816993464
fJPpi1toRgY6yocnc5ujWg,-0.047981368144781045,1.0,0.0,188,108,0.0
fJQHj9Sq1R0a9FO08q8HWw,-0.21707753967081977,0.0,0.0,266,30,0.0
fKP9ALt3WZ6WipB98eGIJg,-0.1747235227298919,0.0,0.0,57,29,0.0321839080459769
fKbrDP45PmhwvVkNx3Tuow,0.056500417891792165,1.0,0.0,85,23,0.1384863123993558
fLD1la2uhl9P39CSJkk8NA,-0.3394168248121717,0.0,0.0,40,24,0.0
fLDI6tGJNHfR_jYcP0ejCg,0.07917046665272354,1.0,0.08333333333333333,37,18,0.1296296296296295
fLxtgf3U8iA0yOIfe97D0w,-0.20881726620058588,0.0,0.06666666666666667,50,16,0.0551470588235294
fM6XQeGW70a4EFbjqAAy3Q,-0.29073833463881105,0.0,0.0,1224,436,0.0262532765399738
fM8ZCk2SlMu--joYJQ3EQA,-0.2376608027881127,0.0,0.0,44,15,0.0
fMjyjqrtqNWjHIMfH7vkgg,0.1510382224186162,1.0,0.0,23,5,0.0
fMsfxOQR01YZPRCnqoNuww,0.11576094874496123,1.0,0.0,569,65,0.0289322617680827
fN36I-dXUjXCEgDKRi2hjg,0.09965046446089543,1.0,0.0,234,42,0.0619047619047619
fPMoxNGm2LGXVTuqh0BBTg,-0.37631796239036175,0.0,0.0,209,64,0.066802536231884
fPjjGmgDMGstcYJcH4K19w,-0.11400794044302909,1.0,0.05263157894736842,84,31,0.0302419354838709
fQ6ymHh00-JTr2mjUUjdXQ,-0.028611454653791002,1.0,0.0,27,7,0.1071428571428572
fQAyS1EGx75yDGweJ9YnQw,-0.11621714023591934,1.0,0.0,31,9,0.0
fQtplZtjIkYenwhxSWim2w,0.5538825601182034,1.0,0.0,14,10,0.0
fSCyylUhuA9BSakKPFoUbA,-0.37786633651175694,0.0,0.011764705882352941,338,154,0.0473785473785473
fSfrk_Y9xmcCvMJVdYkJTA,-0.06380828088792057,1.0,0.043478260869565216,84,31,0.0566959921798631
fSrv4o8kvmBFfd2MWnbsDA,-0.19461379257115918,0.0,0.0,59,13,0.0
fTXSAVnzPkHqCzA4l6896g,0.19635998514583797,1.0,0.0,665,177,0.0266964673744334
fTc0orr5IcZMXUlH6iSmww,-0.2903113726235465,0.0,0.0,40,29,0.0321839080459769
fUPT-1LNMCJeZRrQWy67lg,-0.14456941684221647,0.0,0.0,166,6,0.0
fUUWNXN9eL2ZP2-ZaJr-Tg,-0.26180958790672815,0.0,0.0,1615,443,0.013182039847768
fUlCcUBeYRC80S8iWgccAw,-0.21450888810345858,0.0,0.013513513513513514,183,106,0.0520552560646898
fVkyuNElYY3AO4a3SxchCg,0.06601184484400979,1.0,0.0,161,5,0.0
fVtEm37waf_2STWOupyJ_Q,-0.4001934444091535,0.0,0.05,66,30,0.0311827956989245
fVx8Wk9AnV7PAQlheG_y5w,-0.24163967530503694,0.0,0.0,54,38,0.0473684210526315
fWRWzBfQnMcNiaOi5TJVdw,-0.2306453715708613,0.0,0.0,334,140,0.0332512315270936
fWgIjclFlprhS90KH9ltiQ,-0.23064209531886293,0.0,0.0,41,5,0.0
fX57gus0k0WY92W8r-Mlwg,-0.3343315284699785,0.0,0.0,404,209,0.0228055269865403
fYUeuKAPBFvQ3YyyZHrj8g,-0.04273595465815272,1.0,0.0,431,63,0.0297924297924299
fYolPq5NKp-fTDHMBrCT1g,-0.30481861571180835,0.0,0.0,78,31,0.0302419354838709
fZ-VmEkeeY5_zHLuN9xHiw,-0.20741263340649652,0.0,0.0,76,34,0.053921568627451
fZ2RkIwoDCcODCOyoBTplg,-0.07643993835921348,1.0,0.0,194,30,0.0311827956989245
fZzvYELAKZ0A8wePhHvdiQ,-0.42565230598047876,0.0,0.013392857142857142,908,242,0.0418286348936725
f_uHHYGSnfy92YuKvatDTQ,0.5721073867878477,1.0,0.0,11,5,0.0
f_w3vvy3q-p7DFVRo-EUIg,-0.19249248526896512,0.0,0.0,79,23,0.039855072463768
faYU9nWyhiYeSwiP05ojvQ,-0.316105034899205,0.0,0.008333333333333333,496,139,0.0274689339437541
fb8V9SD4DNyRQ3nt9CWQDg,-0.0964615637891949,1.0,0.0,49,16,0.0551470588235294
fb_UwqBl9OB4ct6awajODA,0.0044077375454695256,1.0,0.0,201,67,0.0409381663113006
fcJp711HfLAkPEgWi_GZ0Q,-0.2202526464920535,0.0,0.0,27,15,0.0
fd5dRJa4171XdZ3Px9VztA,0.043911360150731826,1.0,0.047619047619047616,39,26,0.0356125356125356
fdKqGhyMll3WpOqJOQaQPw,-0.062006460853010426,1.0,0.0,81,35,0.0721804511278196
fexmqGkuur7akWvQopTZ8A,-0.08562812983119927,1.0,0.0,32,16,0.0
ffi48yk8tmg6NY9iIKZBBQ,0.0003701856346300936,1.0,0.0,53,31,0.0302419354838709
ffvS2BlFwQra5FTPNk5N2g,0.08574533627012348,1.0,0.0,31,18,0.0
fgDaZkRNZbxdXzsj04xa3A,-0.18702883783919833,0.0,0.0,335,21,0.0432900432900431
fgTOJRkc703E4XRdcr5zRA,-0.16283405504125137,0.0,0.02631578947368421,2154,182,0.075979575979576
fgUV6NErXY1OkflgCjNi2Q,0.2769412800591017,1.0,0.0,11,9,0.0
fh6pTnv_yMWTF6wnaWfmcA,-0.2906582867039037,0.0,0.0,41,6,0.0
fhoqmnw5sXzj91-7yBW0Kw,-0.3242675425223931,0.0,0.0,530,197,0.0622609281401111
fiEOkqKETWUyQ6OkeM_F_g,-0.1602576691463914,0.0,0.0,50,17,0.1624649859943978
fikP9Y0YSVhl8aJiW9xx2g,0.06659827126234763,1.0,0.0,162,96,0.0
fimN43BUUakBXeRUQqkYvA,-0.2361725419023618,0.0,0.0,611,43,0.022198731501057
fjjcwhKHfHh9T4l3B83Pzw,-0.16302632623895963,0.0,0.0,25,6,0.0
fknM8EddFrhj722AeeMV1g,-0.33505930035072606,0.0,0.0,368,130,0.0289322617680827
flAKU5PiUDE0jkZL6h4cLg,-0.11845531470577952,1.0,0.0,99,41,0.0232288037166086
flfkAssP0LzV3f0HSUhQAA,-0.23752073598272339,0.0,0.02631578947368421,261,55,0.0175324675324677
fmFiSeSGjaA8KI-xHB5Xxg,-0.46425766734954654,0.0,0.0,95,61,0.045594262295082
fnBifLT87rhowfaKmbXdXA,-0.0818479997867303,1.0,0.0,48,21,0.1071428571428569
fnXndX296dwWoj_jcDBzNA,0.17671498536444008,1.0,0.0,297,12,0.0705128205128204
fo4TOAiwYEZ5p13kqg1Ukw,-0.12511738629097657,1.0,0.0,655,39,0.0659340659340659
foh6hwQxjCs0SeLT5MO1SQ,-0.24837226451835737,0.0,0.0,455,56,0.0481234866828088
fpvcFLo6A5S9b9pEVGjB7Q,-0.17108593212862427,0.0,0.00816326530612245,683,393,0.0171882951653943
fqD6hooRmTeQnmy2PdzXIw,-0.23437360261392748,0.0,0.0,175,83,0.0
fqStx0SvwMFChX_HIdUeEQ,-0.2700489859861104,0.0,0.0,876,322,0.0180465081048326
frcuwzlHS2BevSEjZnGsJQ,-0.05384291530382723,1.0,0.0,174,47,0.0399478940512376
frjcpNfDx3dnCi-8YCVXVQ,-0.25004278096110377,0.0,0.0,183,19,0.0
ftCK0qmDE3yj8TT0RQh5rA,-0.24139744978677002,0.0,0.0,89,11,0.0
ftYHkyI3cCJSpaj9At86sw,0.28207369135961624,1.0,0.0,17,6,0.119047619047619
ftn9PVzDo1yLsRzPYZ8Dow,-0.1292999744000929,1.0,0.03225806451612903,102,63,0.0676937441643323
fuMYz11sdGwFqckMu0BkGQ,-0.16539936082667628,0.0,0.0,185,60,0.016120218579235
fusQg9Pj0xUC8CzbO2IHrA,-0.19787459392833107,0.0,0.0,1270,195,0.0344249809596344
fvY3H_jCM3yiogUstXsplw,0.41634667533638214,1.0,0.0,352,8,0.0
fvfoKdU_ohKE2InskbOtjA,-0.08320487084745976,1.0,0.0,92,31,0.0302419354838709
fwAKmgDhi6vsxBWm7izc-g,-0.03762423528048253,1.0,0.0,115,54,0.0343915343915344
fwb5klTiDBcBwFY8WqzX9w,-0.1961174398817967,0.0,0.0,17,12,0.0705128205128204
fwsPPYt0By1ivuXSXv3wlg,0.01571533351361598,1.0,0.0,17,5,0.0
fx1532CemYqL8wZivfcDzA,-0.09728747630565437,1.0,0.0,46,15,0.0583333333333333
fx7YdpHn10qQO_7Y2ZJLUA,-0.1274580660969733,1.0,0.0,61,11,0.0757575757575759
fz85ozE9tZCIAPGTplZhTQ,0.016553796119985642,1.0,0.0,116,71,0.0136932707355241
fzVxr26ms8z_srMH2Ypudg,0.4175026134686405,1.0,0.0,22,13,0.0
fzftd8EhMnYCXE7D76zCrA,-0.23862610841950394,0.0,0.0,101,23,0.0
g-0-_hPz-yr_f4gBFbX2Ow,0.23706563805899483,1.0,0.0,55,39,0.0243589743589744
g-IXI3v3fOudMsyLPKb-eQ,-0.19140909048360233,0.0,0.0037267080745341614,3402,983,0.0157553280645854
g-vBH_blPylAXzR-P0DtOA,-0.33312647584503213,0.0,0.0,178,112,0.0551470588235294
g04aAvgol7IW8buqSbT4xA,-0.11980675359060011,1.0,0.0012578616352201257,4655,1865,0.0135848799803781
g07R_b5AIg30pst1enaZVQ,-0.20389280981642388,0.0,0.0,22,5,0.1333333333333333
g0rCtQnK8sYOGCUKg64UyA,-0.4630060401707768,0.0,0.0,140,73,0.0
g16JpEt44JNlGWOGghYO5Q,-0.0892257922510914,1.0,0.0,24,13,0.0
g1n1KgsJcvT36lfxXHbN_Q,-0.27181363108989953,0.0,0.0,373,110,0.0342902711323764
g29mjp_JF_LqNxm7I8_sYw,-0.0926167615358936,1.0,0.0,151,34,0.0277310924369749
g2N8NipQpKIR4h88m2PJXw,-0.26875834857626524,0.0,0.0,26,6,0.0
g2bYK-Z3foqSnCiOPYtdsA,-0.17929148134968265,0.0,0.0,34,9,0.0
g2eWutrVGyfytXepjTXznw,-0.12236881455136128,1.0,0.0,70,27,0.0343915343915344
g2jeKyXYwHUaiop2UPOFXQ,-0.15655724354852862,0.0,0.00749063670411985,1033,297,0.0286965515723685
g2leve1c8LW9ZTlEygMK8Q,-0.08564516955445023,1.0,0.0,58,12,0.0
g2rtbtmL_MTf_cjATokalw,-0.06333587711647315,1.0,0.0,58,12,0.0
g2tZiRNl9Yyo1KWPkvrx7w,-0.040632432893743076,1.0,0.0,231,54,0.0178451178451177
g3G48LvuvwMdOg9J57gkOA,-0.22055003674029527,0.0,0.0,542,127,0.0563429571303586
g3uJf3aqdK6zPsKjMN2UyQ,0.1712971793359755,1.0,0.5,15,8,0.1499999999999999
g4cJA7iabhQywVCDytdUJw,0.11383977917577082,1.0,0.0,57,28,0.0619047619047619
g58J50yqKPpn0B1wn5o22A,-0.14197090646668342,0.0,0.25,19,6,0.119047619047619
g71iYkeIeoxB4ppkemK24Q,0.46934509265241775,1.0,0.0,27,8,0.0
g7sGox7GgILjHwfmHYyyEg,0.34922464904488926,1.0,0.0,20,11,0.0
g8Be92bxww7i4i5pwioIWA,0.14920170276312883,1.0,0.0,119,54,0.0510071474983755
g9Kjz2jJ20WGdhfqZeIgCQ,-0.2379385363793628,0.0,0.0,312,76,0.0
g9p601DS_0uq-aiEA7ypxQ,-0.18548493279910505,0.0,0.0,569,216,0.0178451178451179
g9pWS5r05_fttDfV_hAI0w,-0.22572668101934235,0.0,0.0,159,25,0.0
gCINi30rKixICJXHD6olww,-0.28016205714364234,0.0,0.0,71,7,0.1071428571428572
gCa8Qx33FlAg4rSQoKPqWg,-0.08689227497644691,1.0,0.0,87,15,0.0583333333333333
gFdBHaAKtCycQuVX3fd9Hg,0.19047726804112475,1.0,0.0,60,22,0.0
gG8opRMkztK0GKiSWbfVlw,-0.12389479413042304,1.0,0.0,363,81,0.0120445648900933
gGNWbHg7jGu-vaeqqglZ-g,0.49775448014088153,1.0,0.0,11,5,0.0
gGV8GLMIikXGegF0NWS6Pg,0.6605206673123349,1.0,0.0,12,7,0.0
gG_1AN235A58hOU-gimZkw,0.09006824016058201,1.0,0.0,12,5,0.1333333333333333
gGf7dpWXL13f57CwTIvEkA,-0.25945469181270653,0.0,0.0,375,71,0.0266255064634381
gGmqCZtOAUUqWLUJiL-Ydg,-0.3271968565324067,0.0,0.007874015748031496,2459,999,0.0330097989672457
gH3fKYUCsjIrIvGgXzXdfA,-0.11401714649096573,1.0,0.0,24,6,0.0
gHKQIn_mfTP2JdoH3R05aw,-0.23048784317092824,0.0,0.0,22,10,0.0818181818181817
gHPS6jy5UzfVUDLUE74Y-A,-0.2394322981618182,0.0,0.0,34,7,0.0
gJLJgXz_1pjnDuHfuni1jA,0.628719256027077,1.0,0.0,20,11,0.125874125874126
gLIUwEYhC4Lr2wXVejXRIg,-0.2762279742222786,0.0,0.012658227848101266,264,108,0.0262762762762762
gLKNO0m4kLSqxWQKNJgMKg,-0.1286769281032999,1.0,0.0,389,33,0.0
gLPlHz4xHajEWqQ88w8_tg,-0.13661508802410327,0.0,0.0,172,5,0.1333333333333333
gP2pWousNNGLtD4ahpNEow,-0.04277305201650794,1.0,0.00847457627118644,290,137,0.0339261848463039
gQLrd3TFyLbxyMmr8mP-IQ,-0.2778056257148241,0.0,0.0,530,176,0.0111721144024514
gQmEcvAAy-DplsK34e8ECQ,-0.06979939521210099,1.0,0.0,103,14,0.0
gRSMrEF92ZsC2MBlUr3iOA,-0.261818264188748,0.0,0.0,77,30,0.0
gRZfY0lrS4JyFg4lgQfczA,-0.07017144108200785,1.0,0.0,28,21,0.0
gSj1MMZGIVbx6tNRRUoYxw,-0.2923077274009471,0.0,0.047619047619047616,80,56,0.0619047619047619
gTQhys1slmwDScf7xQ0w5w,0.20968862737645355,1.0,0.0,19,9,0.0
gUIZcY8jYpYNg00J3gQlpw,-0.2503605947542159,0.0,0.0,297,35,0.0509652509652511
gUqEACZc9faE9beaANW9fg,-0.15369821936324268,0.0,0.0,74,6,0.0
gWDeSVOZh8ThPMU2G9dAtg,1.0,1.0,0.0,6,5,0.0
gWE14ed0pcUlQo2IETmFmQ,0.5,1.0,0.0,10,8,0.0
gWiUCJEcv1lnZtMT_d2p5A,-0.291245357047218,0.0,0.02564102564102564,432,103,0.1235212531614586
gXwHMtF-PLNG_9n7t9IxBA,0.009485947442610443,1.0,0.0,29,10,0.0
gYrHa4CckDjgOQc5B-yTKA,-0.4293883352241493,0.0,0.0,924,101,0.0527435921162209
gZkT5f8_7-J5dQQJQgnY5w,-0.18489550072886907,0.0,0.0,152,22,0.0
g_0U8kzf5iTMJ-I9E3MWlA,-0.0590948091749699,1.0,0.0,76,32,0.0551470588235294
g_4FE6yWIihMdVi3eHAtog,0.014614406068066077,1.0,0.0,36,20,0.0452380952380953
g_HU4ecX22Yzy2LGDiPIVQ,-0.11052791430816278,1.0,0.0,66,22,0.0
g__reLE-nkT2HrRDE0R55A,0.03454789724502516,1.0,0.0,32,5,0.1333333333333333
gaBqXU8ipANuXDjogoCAag,-0.21347576487866116,0.0,0.0,28,12,0.0
gad7BwCpIO3_XOvo8aosJw,-0.13046778644051293,0.0,0.0,119,40,0.0
gb7JjRJtzWDsIWpJihZhBQ,-0.3722381975589913,0.0,0.0,56,20,0.0
gbZd0FVBD5VITCnGQnVJOg,-0.12426859858670058,1.0,0.0,389,18,0.0497076023391813
gbd0TWFMHhTyabgPC8eoeQ,-0.07265366515878946,1.0,0.0,30,12,0.0
gcLHVHLDOozjllD-yiAnlQ,-0.2876461799144173,0.0,0.006711409395973154,930,379,0.0154062296542507
gcQSAQIx-KQOdf5E8HF6Lw,-0.1961174398817967,0.0,0.0,15,11,0.0
gdEZfd6RFXYmmXX71RDvbA,-0.251586148819023,0.0,0.0,1072,272,0.0178779995752813
gdklkhsq4C7KANfnXaTlWg,-0.31029063743586516,0.0,0.0,472,152,0.0189728353140916
geMJbmX310M5VYe2f7au8Q,0.031763482061438086,1.0,0.0,61,27,0.0638569604086845
geMqFv2nGXDQB5JPhRKqng,-0.18334264018484886,0.0,0.0,46,22,0.1258741258741258
geqKnxm7PtvGiM3sCRXdYQ,0.09674059319398731,1.0,0.0,12,5,0.0
gfLsBY-xsNE9-ktiTvTvGA,-0.09705552144970109,1.0,0.026058631921824105,1314,400,0.116431718061674
gfTWMLJmNz7YBz6332uxdg,-0.1712086647649772,0.0,0.0,258,94,0.0
ggJXlslLYndvE7n3hgJBCQ,0.24147123695141948,1.0,0.0,34,5,0.0
girDKh9waA2VA81x4h02Lw,-0.17360549767972078,0.0,0.029411764705882353,79,43,0.022198731501057
gjkw7CkbvSnovjpwkfsArA,0.10118516079811635,1.0,0.020833333333333332,102,52,0.0659340659340659
gkB8SvYIgkn3x4bRn9nOSg,-0.019808239179623488,1.0,0.0,48,13,0.0
glqhlr3vcINNstyYRQGliA,-0.269240146950187,0.0,0.061224489795918366,338,101,0.0279893373952779
gm5Y2Q_-MzsnjytoG1Oo2w,-0.006804936490861557,1.0,0.0,234,35,0.0269841269841271
gmCwe5uKZjpJlX05S_NTOQ,0.0587244623989156,1.0,0.0,29,20,0.0
gmeaD_sfeJVImX3mIhdWcw,-0.11377487982956769,1.0,0.0,20,7,0.1071428571428572
gnE7VBl6EDTiy02a4WP4ng,0.16507688338827387,1.0,0.0,17,7,0.0
gnGIQWAwL28OhKlSxbVfyw,0.5,1.0,0.0,10,8,0.0
gnn0wUyQP8foe2_vkIT4fw,-0.08458807991134754,1.0,0.0,11,7,0.0
goK4sOSp_uWTFJclIh3K1A,-0.22034964040541472,0.0,0.0,50,25,0.0
gomlKL3wQVzhHfz6DoAa3A,-0.12419928076826814,1.0,0.0,79,23,0.0
gq3m1jV115bH370JfIK0-A,-0.04724886198441747,1.0,0.0,41,20,0.0
gq4zw-ru_rkZ2UBIanaZFQ,-0.4091272834580436,0.0,0.0,84,38,0.024966261808367
gqKhZNdJ-4GiwnU6s30CcA,-0.11323265783116143,1.0,0.0,59,21,0.0
gt2RX36MNRF1B9V8i8xuRg,-0.3411270883655271,0.0,0.0,49,30,0.0
gtMQHyA0QERHSEFtVAf2Jw,0.055353353719145626,1.0,0.0,195,18,0.0
gtlEuByPIBW1HLA89D22mw,0.01916591012447444,1.0,0.0,16,8,0.0
gurR2NBF1RA-l--XLYV17Q,0.10056675976352802,1.0,0.0,95,47,0.0203900709219859
gvA1QnLqzt7QwuAmDyzbRA,0.011588520162529536,1.0,0.0,50,41,0.0232288037166086
gvAOc8vwczgVscNj-NN6hw,-0.23785066647027275,0.0,0.0,32,14,0.0
gwGLBmNTfIlaTnwFtddbkQ,-0.12408103732487763,1.0,0.0,927,134,0.0346290132073445
gwNlSSV0hGgNgTqPprj4FQ,0.053928538114002555,1.0,0.0,178,43,0.0801583374567045
gwR8awly-RqOmM7_8MIncw,-0.11518131395695375,1.0,0.0,250,69,0.0516180266031367
gwxNttwUgmOn3vsHYe0pDQ,-0.3160802096031661,0.0,0.0,1635,390,0.0314627473436406
gxAfvEbMFgwOPWpeYD8WMg,0.2381135379337782,1.0,0.0,20,11,0.0
gxwut4Ruxc63pY644MldWw,0.5495931760101909,1.0,0.0,18,10,0.0818181818181817
gyOiiM7g2ylYK_WT5vLFyw,-0.090506118258464,1.0,0.0,163,9,0.1414141414141414
gybl_Jycrn8X_CytA-9J8g,-0.18672246003192394,0.0,0.0,109,19,0.0852130325814537
gzQ0kbAHrAJhELi7rrAfaQ,0.30784411906763365,1.0,0.0,60,34,0.0
gzoNgJP5LjaFl3vkYCLJ_A,-0.1270919400458832,1.0,0.0,31,10,0.0
h-bXrwqcxFA5cz_ATTIQeA,-0.3194385783123961,0.0,0.0,119,39,0.0243589743589744
h0z6-ExVdz-FkU02Dd4APw,-0.32244827771183165,0.0,0.004807692307692308,640,281,0.0171714406589851
h1UTMTj52te79ii7_nqF0Q,-0.14051255650624495,0.0,0.0,124,43,0.0423772609819121
h1_eW92xqrPrY-LVKkHPNg,-0.16024409745200396,0.0,0.0,2294,78,0.0873583780560525
h1lWjQMjLdAkC-BARvZAZg,-0.04611654966315559,1.0,0.0,13,6,0.0
h22117eMO-kVtCOLYYL6GA,-0.09445259532678274,1.0,0.0,19,5,0.0
h2di-Poek8cax2_-xyBOVg,-0.11925707570906308,1.0,0.0,30,10,0.0818181818181817
h2t4Fx4v9r0AjTJ7P9Su2w,0.024695760199983208,1.0,0.0,23,11,0.0
h3AI5bjSwdeT_WYbziS16g,-0.19173778200990732,0.0,0.0,30,11,0.0757575757575759
h3dUyHGGx69JUaB5v6OLcA,-0.18727284986739245,0.0,0.0,69,41,0.0232288037166086
h4VyN6sZLqgJ6LBp0P6VPw,-0.22411335312677705,0.0,0.0,548,41,0.0631929046563193
h4emxpoA_pQ-Si8fSzzLig,-0.0736371925158763,1.0,0.0,270,54,0.079409918392969
h5KYnGUvF4XXuy0Q8o0HtQ,-0.23693598818324857,0.0,0.0,297,18,0.0
h5gcHaJUVf9W-ZOQ1fpg0A,-0.23048784317092824,0.0,0.0,20,9,0.0
h5tEpWXExIFwv70QN4wlAA,-0.39995457899079573,0.0,0.0,393,161,0.0402987281869271
h696v2N0hcOOdsg1ebt5Ig,-0.21365465372282588,0.0,0.0,126,49,0.0195918367346938
h6Ng0F_Y4BHj7EfZlm3Jcg,-0.11377487982956769,1.0,0.0,44,31,0.0302419354838709
h6XRiG4QOnuY6n3SRnou1w,0.3500120041187299,1.0,0.0,17,6,0.0
h6fI6-2x0lDpiDZJ3lb0mg,-0.2626941528633121,0.0,0.0,209,26,0.0
h6pRlwoIpAxco0CKcVLxeA,0.06507688338827378,1.0,0.0,23,10,0.1615384615384614
h71Bxbv009IEmwsMzdWZ5A,-0.2579026445635516,0.0,0.0,28,8,0.0
h81N-kVGvV9f_PWJQJN9YA,-0.1617213129939894,0.0,0.011299435028248588,645,231,0.0472093064685656
h85b3MFPWyaopMBy8DpBpA,-0.2147257605028784,0.0,0.01834862385321101,265,142,0.0328159432787198
h8TJV8clolcjqp9aFV4OjQ,-0.25311032469513284,0.0,0.005714285714285714,2351,398,0.0531696487186525
h8t_AMU4FpoD7U9b_s2waA,-0.2535146067950719,0.0,0.0,200,11,0.0757575757575759
h9LVl1yLP69rqWNmsGgALA,0.02814184469918468,1.0,0.0,39,11,0.0
h9SbhQRmoQmPcZlzp3JS9w,0.3109118612549606,1.0,0.0,115,33,0.0
h9c5p5JwhdbMFGTFDvozag,-0.31367968644020694,0.0,0.0,70,34,0.1750700280112045
hB3-7Yg-x_eXMypf5VxKuw,-0.15353131665661202,0.0,0.0,228,85,0.0522875816993464
hBqXAVtrMcjNBK-OiDOblw,-0.09627006153541062,1.0,0.0,121,19,0.0473684210526317
hDGYyMhYXGXfEZmFJgLqdA,-0.32637396351130676,0.0,0.0,131,15,0.0
hDr_bt6MEwlGvGCCKzyzhg,-0.15617361163673216,0.0,0.0,594,187,0.0255681818181818
hEP9apWbN14o3o0P-mg-3w,-0.15558283011657925,0.0,0.0,82,27,0.0343915343915344
hFfrCMOMVvhDwCTGCcs1aQ,-0.07621757409919383,1.0,0.0,435,152,0.0189728353140916
hFfxaiz7GW3oAh9E1nOQmw,-0.3813276509550693,0.0,0.011152416356877323,753,356,0.0189974308973286
hFhkY65hFZD0oFZlR6l4EA,0.09006824016058201,1.0,0.0,34,28,0.0
hGH63m6UmnruW3D-WNQ-xQ,-0.1497568401778001,0.0,0.0,371,15,0.0
hGSrC6THEItv-tsZ_s2VEw,0.26293959128013267,1.0,0.0,239,52,0.0356125356125356
hGUr1HxLfqvhQC1AG8kkVg,-0.335007713046606,0.0,0.07142857142857142,173,20,0.2192307692307691
hGy3actugEISbvEGQeMz3A,-0.0835619902153536,1.0,0.0,61,23,0.0
hH4POQ9ly9VmHgkpqMdOFQ,-0.16024456997897213,0.0,0.0,67,37,0.0256045519203413
hJ4H1fnlqZwepZAo9gHF6Q,-0.3390615452965385,0.0,0.030303030303030304,139,62,0.0449131513647642
hJlz7fa9pvdMRtIp4ADDlQ,-0.3221352585292229,0.0,0.0,214,118,0.0163841807909603
hK59rATCI9o_rmeQu57RWw,-0.21288632172792077,0.0,0.0,105,36,0.0262762762762762
hKfs-tsper4UuAOiG23z2A,-0.12944676871040095,1.0,0.0,34,16,0.0
hLlDzRaDGN-0SlEWk0xTpQ,-0.2249377703377825,0.0,0.006289308176100629,899,388,0.0313327505977325
hMoFsCFz1vBDaglH0Qvwwg,-0.05305471565040021,1.0,0.0,73,6,0.0
hN4B1kS8J5MQykKxrYXB_g,-0.33458807991134754,0.0,0.0,14,10,0.0
hN4n_a3FTedoJP1h8ZbjTg,0.29466892464916405,1.0,0.0,14,7,0.0
hNH1ILskk1qu7TA0rBvvlw,-0.2574389011172308,0.0,0.0,448,50,0.0376923076923076
hOApQmKn3ACCnycMDYEgbA,0.2808773780147318,1.0,0.0,34,12,0.0705128205128204
hOupS2QRNIuMLfcpOqC0oA,-0.40137718711678433,0.0,0.0,687,252,0.0366533381800557
hP0TIqhqjWPyJtSd--nJtQ,-0.2107069578093015,0.0,0.0,53,14,0.0
hPGUmYikkMpTW9EJNEfVoA,0.07563193018800463,1.0,0.0,36,7,0.0
hPzPpfSjgQkpWCD7YjcY-A,-0.361312226035004,0.0,0.004201680672268907,1393,588,0.0275959970765165
hR_j-38v2pOesza1j6akBA,0.1712971793359755,1.0,0.0,16,9,0.1414141414141414
hSGNnn68K4W4Dbzp6GJ2UQ,-0.018940954437211333,1.0,0.07692307692307693,55,17,0.0928792569659442
hSMHzI5jEMk33rVZJv0pEA,-0.22605000655654428,0.0,0.0,127,57,0.0169388989715668
hSgY_2L02kB-1xRDoJKsng,-0.15176154060492275,0.0,0.0,20,10,0.0
hSusrHAzG3QUE8zrYqYYzQ,-0.39900741768545417,0.0,0.0,67,31,0.0302419354838709
hU4gqTl636TJrxlI2WXZSg,-0.2585095049024583,0.0,0.0,496,127,0.0225317989097517
hUcUvCpETeN0hvN32zrOlA,-0.24441843268466557,0.0,0.0,177,30,0.1078431372549018
hUtkmOGwqRbnzkttutDe8g,-0.24598049935745891,0.0,0.0,155,30,0.0
hVRebPv7EKMUGVV2m5IKaQ,0.003625067834446938,1.0,0.0,273,23,0.1103678929765885
hVtsleCxdP7rPx0YbduBQA,0.02867959323261937,1.0,0.0,31,17,0.0
hWiXoJFDZrzPY33RjG8yeA,-0.20522800571715183,0.0,0.0,680,175,0.0372998430141287
hXL6oSqDFIp8DWQzR35QKQ,-0.04520277207601031,1.0,0.0,27,6,0.0
hXfXTxPeiR8HBAtmsMPYzA,-0.27190288364907644,0.0,0.0,144,21,0.0
hYPKB8tm4YIz0K4qm-y_6A,-0.14669251670037753,0.0,0.0,108,47,0.0203900709219859
hYs3ioWpQr-WwV9nRD5lAg,-0.05183618802357293,1.0,0.007575757575757576,351,176,0.0562408847836655
hZCp2jixJy358TeaiMwZ4A,0.17868796118568575,1.0,0.0,81,56,0.0172305764411029
hZQ6pquIrxaI74OA__aOtA,-0.266704805940845,0.0,0.0,70,22,0.0
hZyq5_bP6AHCPxGWapXS_A,-0.2928380605320651,0.0,0.0,523,182,0.0107501194457715
h_RQXD7IKwDkVU_n67UG4w,-0.28952258207619574,0.0,0.005420054200542005,1537,397,0.0461615594174533
h_Z-1d9Fwc_VHoWOYVen-w,0.25481691316047106,1.0,0.0,18,7,0.0
h_hwuftiOMvdRe5HjmFwBw,0.09535462785235238,1.0,0.0,31,7,0.0
h_qlv6CIXGVurFOhFQ945w,-0.09941683254317957,1.0,0.2,296,6,0.2407407407407407
h_rcMQtglIiAs-Oc5d8Ozw,-0.1795369418747793,0.0,0.0,1324,221,0.021783526208305
h_tRcijFYxrUiZ59FXfBOQ,-0.12416011395521342,1.0,0.0,951,169,0.0058475461190392
haIljRs6pruzNI_4fZrjJw,-0.08562812983119927,1.0,0.0,45,29,0.0
haYikT8axUlLyNS7k-osng,-0.4765747869245251,0.0,0.0,189,57,0.0473684210526315
hbef-jw35EGvzEC09MyJqQ,-0.1802793650341129,0.0,0.0,45,17,0.0
hbs43HZRB1nwMzMtiT9lsQ,-0.26454542599036035,0.0,0.00684931506849315,383,167,0.0537230623498765
hc7I_QpCszT3mlIP9uW19w,-0.13684625755906044,0.0,0.0,878,102,0.080532212885154
hco-7K-Kjtoc2SaHBuy9Xw,-0.24435483951034864,0.0,0.0,154,9,0.0
hdVqM-QngiiLRaMOvwXglQ,-0.05402811129108709,1.0,0.0,77,25,0.068148148148148
hfbZ97Te3T4jeWN6GgsGrQ,-0.2282139394039081,0.0,0.0029691211401425177,5528,2010,0.0192282489989077
hfnQgCDLlbUfPHkkMlpb2w,-0.1840645467658829,0.0,0.0,49,23,0.0
hftnzIIZaq7Uip5bKRrY9Q,-0.19105227837931305,0.0,0.0,1233,75,0.0596666666666665
hg-2O1MpZ24DhhR4WWofSw,-0.27635431661235693,0.0,0.023529411764705882,240,112,0.0684031877213695
hgMv8rN-kAY-1DJLSmi0Pg,-0.1414342310100919,0.0,0.0,359,13,0.1900452488687782
hgdh0gKSczCIjLikWtZpGg,0.3131269601014804,1.0,0.0,17,14,0.0
hhC_L7WE5sQB8TkaWxkBwA,0.2769412800591017,1.0,0.0,7,5,0.0
hjHWlYtCRLg7CjAIvtUGGg,-0.16864359062461787,0.0,0.0,71,12,0.0705128205128204
hjRxa6xpKOwnbUgGvVCE5Q,-0.17442808506699092,0.0,0.008,2198,807,0.0473477799525061
hk_bXoZjJQjGUqqCGq6WBQ,-0.16282945358828083,0.0,0.0,86,18,0.0
hkaS8jWbnK0R5uPzQjTZwQ,-0.11282713258229016,1.0,0.0,446,142,0.0202525497814474
hkiJtkvSNBiSkc_op9a54A,-0.029021379898805377,1.0,0.0,14,5,0.1333333333333333
hkzC9Zje7rFffF-2ac6Vdg,-0.48428629664843675,0.0,0.0,146,50,0.0532075471698112
hnGqJ78Y4Ph9gyQmtqnhVg,-0.19534398941743436,0.0,0.0,212,64,0.0293560606060605
hoKAUu79tANdM2AGGLAFxQ,-0.29807239505231,0.0,0.0,44,12,0.0705128205128204
hoNc_KStFGoPRvDq2oI8LQ,0.10968862737645346,1.0,0.0,18,8,0.0
hoqITwtnCoz8x_2CcMylJg,-0.05350953326499064,1.0,0.0,61,20,0.0
hpTU_2MMC9mtWQGq5Jr3ZQ,-0.26553497337787946,0.0,0.0,135,45,0.0
hqIUuqXO6HwUmUb2N4yGWQ,-0.12599733439092708,1.0,0.0,378,13,0.0659340659340659
hq_lYGWzsC27nL8aMfxLIg,-0.05368209700313509,1.0,0.0,488,9,0.0
hqm2zJ1WY5UaVGZ6j07NNA,-0.30851188374463073,0.0,0.004975124378109453,722,243,0.0235014130596458
hr-hd7kkdy4GWocTtj9EfA,0.12922132099297745,1.0,0.0,28,8,0.0
hr1XaVzp6htS41LjwKjIbQ,-0.1377341857703922,0.0,0.0,176,78,0.0124959428756896
hr40aIHgfEGTuzhMxne3AA,-0.2129737566709622,0.0,0.0,127,14,0.0
hrAd9yxS_hsSqeAhOBeQwQ,-0.14276041547426,0.0,0.0,75,33,0.0
hrEtM0WMgwhv19mzVnKiJQ,-0.3477359827666839,0.0,0.0,53,26,0.0356125356125356
hrQxyTItUixWTwaBdv18pQ,-0.2880797864223198,0.0,0.0,39,12,0.0
hrTq1ddt6JHBILeJx2KtPA,0.09006824016058201,1.0,0.0,14,8,0.0
hrxuwAwj7TIgAgo6TkPEMQ,-0.06658257703303982,1.0,0.0,237,42,0.0227021040974531
hs7ADvEl57RKs1fnG9WmNQ,0.14119954992224504,1.0,0.0,35,15,0.0583333333333333
hsCQcQoJZfLYFWOCuDAuQw,0.0877071911981141,1.0,0.0,80,31,0.0
hsFeBJI3k6sxinXWHrHWpA,0.01814827776174799,1.0,0.0,29,16,0.0
ht8lG0gs4-ddM7ap3wwIaA,0.20968862737645355,1.0,0.0,16,5,0.1333333333333333
htO_nlxkEsYHzDrtbiUxew,-0.2563155439783432,0.0,0.0051813471502590676,3116,614,0.0306158098624111
htQEdoqk04sv8tofoHHWfw,0.014928783576147575,1.0,0.0,57,8,0.0
htc3Ten0e1WO0DO1MJM71g,-0.3730915476478087,0.0,0.0,36,7,0.0
htkrEPPQg6iH2QoBDjrEJw,0.12278987639938732,1.0,0.0625,95,22,0.0415019762845849
htx6Uime2SkiE-zC7hxb-g,-0.29938667629985183,0.0,0.00625,554,313,0.0215055910543131
huIIVzj-e0oa2kN0B6-2-A,-0.16327064466725627,0.0,0.0,94,8,0.0
hv-rci0u6KR75ALB_70dHw,-0.28201549450658503,0.0,0.0,1223,348,0.0112330198537096
hxB3ChW_IENkzAn_CyVnZQ,-0.1580438452775461,0.0,0.0,236,37,0.0485100485100484
hxc6TmLzsENk4xsjm497qg,-0.3860182690550273,0.0,0.0,558,238,0.0162511285505937
hxz-ZUqfwcueJu3eIGcBMA,0.09936899501515883,1.0,0.0,63,20,0.0818181818181817
hyMK_bUrIIXuTOFKHJKVNg,-0.25507550792988776,0.0,0.0,49,21,0.0
hyeo7JQr5uLp-St1MibYAA,-0.21014233618267325,0.0,0.007909604519774011,2470,1074,0.0479672385095828
hzkeaiW4tG0H_nHG31JuVA,-0.13653917533025695,0.0,0.0125,350,99,0.0285204991087344
i-DkBuzDLRjs1KBb3jEkjw,0.0,1.0,0.0,7,6,0.0
i19wEwROtj7zBhOczEObTw,-0.06468116204859065,1.0,0.0,89,11,0.0
i1PNxXNO1zlEWJF-GvDuEQ,-0.11417754962452353,1.0,0.0,23,8,0.0972222222222223
i1kwgtoCQN3t5curFYWRUg,-0.37173062730345136,0.0,0.0,57,16,0.0
i2YYT2IV4KrURBZzbzGLTw,-0.20390114059525588,0.0,0.0,28,13,0.0
i2g8Vt3SZu2GnVAv-OuXGg,0.17845316680187862,1.0,0.0,27,15,0.0
i32_0bfMEpQxV_q556R6kA,-0.3320056411157133,0.0,0.0,229,18,0.0
i3GAJ8IL6z_jXj9GLkpFpQ,-0.2331441672879866,0.0,0.0,85,36,0.0
i3KOe32WYfGmnL3CRTj4YA,-0.2956742550529533,0.0,0.0,76,23,0.039855072463768
i3WqokVQlXjOYrqeyi5AiA,-0.1823143864561051,0.0,0.0,121,49,0.0
i3Z8_NDY9KMDfxBGFW86Qw,0.22622687186926604,1.0,0.0,51,12,0.0
i418p2YhZ-owrHhOlWp32g,0.09504452053009727,1.0,0.0,90,13,0.0
i4aX6gdfDMU6OquZp0f-4g,-0.071821496024698,1.0,0.0,38,8,0.0972222222222223
i570mGBY_jIuotRCWotxng,0.39416591012447444,1.0,0.0,29,21,0.0
i5CdJTdTSNUCqtKWzYNRaA,-0.4630111455718028,0.0,0.0,50,14,0.0
i5oTNLL81YW4Y9-xdGb4xw,-0.35614223976208415,0.0,0.0,160,116,0.0166569257744009
i5tz7suqZ_MIZSUpyimI_g,-0.1336951849433582,0.0,0.0,45,17,0.0522875816993464
i6D8QSgr82Yd5PqiUf3hXg,-0.17229879334252385,0.0,0.0,63,11,0.0
i6MKEkH9mOyecsue9uTXfA,0.16754622613211811,1.0,0.0,77,52,0.0
i6_elzfbdvp8rTjQ_AjY6A,-0.31295951347608686,0.0,0.0,236,76,0.0253036437246965
i6jA8vSHrP9LiUPHlqPVwA,-0.24978877393119991,0.0,0.0029154518950437317,1179,371,0.0232231522201731
i7WnyDXKpT-mPaHEMY-HcQ,-0.24751202829156604,0.0,0.0,44,13,0.0659340659340659
i8u6G-4FdqejdKp6hDUhow,-0.3004393504098985,0.0,0.0,86,41,0.0232288037166086
i9ASBmmIJS3RjN_UP-TtKw,-0.19929371294774278,0.0,0.0,561,40,0.0
i9QWaDBCX3DRISUt94GDQA,-0.23083408987552556,0.0,0.0,57,48,0.019982993197279
i9_2zZZAhQwzFe1Pk3QnXw,-0.15632082299214856,0.0,0.0,62,7,0.1071428571428572
iBuu7okC3YxfHO-osHa2eg,0.07935819116882026,1.0,0.0,35,11,0.0
iCZga7FcYiOjYiTrhcAAXw,0.07210738678784773,1.0,0.0,11,5,0.0
iErS6C2sUShAQs4F7qa-1A,0.6001714267765086,1.0,0.0,12,6,0.0
iFunuVzrg10UesZvMPCHHg,-0.2288035189291323,0.0,0.0,480,39,0.0683760683760685
iGGBxdz76mISLVgsH4Dohw,-0.08675508673846788,1.0,0.0,50,21,0.0432900432900431
iH3LWJ6yisLnGEnd6Ch29Q,-0.3313102115644748,0.0,0.0,301,117,0.0084021439953643
iIUZDKozkjRpDQt07VVs-A,-0.11632848247950733,1.0,0.0,352,17,0.0
iJEkWDUE25BbNifWaYEfgw,-0.16058054495912893,0.0,0.05,64,24,0.0383333333333333
iJJYC9k9jtJYU-quIc3Jxg,-0.14752561444927592,0.0,0.0,60,31,0.0302419354838709
iJOwwuhHP_0BCHmpmJ8l4Q,0.12141652597580188,1.0,0.0,33,15,0.0
iJdGuMkctlJyoTTMtn0QWQ,-0.216317522127912,0.0,0.0,116,45,0.0601851851851853
iJp9sq8UddLSrUtIieoD0A,-0.19365939896341777,0.0,0.0,528,108,0.0262762762762762
iKeQ5dOM1M89AFA-U3Mc_Q,-0.198398692717203,0.0,0.0,190,50,0.0192156862745098
iLLCTZJgTucIFTMm0-IfTQ,0.25673490682724875,1.0,0.1111111111111111,21,13,0.1128205128205128
iMTjejk6apJKzCukZnDw5A,-0.24766251279449897,0.0,0.0054249547920434,2066,650,0.019317786286112
iMWGmFrMVEEktWNriZ2cTQ,-0.09196302213682994,1.0,0.0,131,71,0.0388275599543206
iMbqQ3nXS0V33EImLCqXMA,-0.05279929589888621,1.0,0.0,79,24,0.0383333333333333
iMkk09jgIHrgAwnzStbk1Q,-0.28617857180804196,0.0,0.0,131,11,0.0
iOFbMitGdfU6i5xm4nZ8Ww,-0.26466229984348094,0.0,0.01125703564727955,1998,625,0.028695652173913
iOJze9_E17l6DLuIib4H9Q,-0.2079591090560069,0.0,0.0,143,33,0.0536796536796537
iOOL2MWsuYoMgwqPTmq4aA,-0.12555995979159007,1.0,0.0,131,46,0.0
iPyVge5Y_rSK2Ok_DXWeDg,-0.2731361806325462,0.0,0.09090909090909091,213,11,0.0757575757575759
iQKlDgXiM1B0pcKtxXsJHA,0.06346551518044052,1.0,0.0,21,5,0.0
iQ_JNYzwvhSsToR4EHl4cA,-0.35760753871145234,0.0,0.0,126,52,0.0
iQa7kNO5jMkGeJCJzbCPGg,0.03919998833346483,1.0,0.0,66,14,0.0
iRb6rh6J5hveHIIWxsr66A,0.004317565807228307,1.0,0.0,42,19,0.0852130325814537
iUZEGx29miZObLd6_lt7Vg,-0.34060227364373497,0.0,0.0006738544474393531,5340,1721,0.0218140880038033
iUhLGy41VYrLVAhJFH4x_w,0.0018056619993133127,1.0,0.0,37,11,0.0757575757575759
iXPEyHqvaDUWLn4pw-58Fw,-0.2452298906030681,0.0,0.0,816,248,0.00399987044954
iY-LCg0gysYOPvFRrF9Ybw,-0.1111572189853185,1.0,0.0,105,24,0.0
iZNVXy87SXHxlK4I2eLJHQ,-0.360626259259959,0.0,0.0,193,31,0.0
iZedtF9CGBYCDdxF6QAZCQ,0.025753140145802766,1.0,0.0,255,52,0.0659340659340659
iZi0sfFccB8ZiC2NZun3Yg,-0.013737511053954155,1.0,0.0,231,31,0.0
i_KiOo7-DM1ZPnyOXgwgrQ,-0.11616682550913493,1.0,0.0,97,20,0.0863636363636364
iapJoe3OzxeZqOGUJxnG3w,-0.043380874754358256,1.0,0.0,66,8,0.0
ibZ2KjRKzVKKgqjWq4ST8A,-0.13928738801712648,0.0,0.1,65,34,0.1153846153846154
ibe3g1TlMJmlkz_8Go0m1A,-0.3158601734186678,0.0,0.008620689655172414,327,144,0.019982993197279
ibhRPfV4SiqDeBKuuAhpWg,0.08136946777724152,1.0,0.0,37,10,0.0
icGg8xgDJVufg-xptMrDGw,-0.4161896044811382,0.0,0.0,448,158,0.0062495024281505
icZ4cBKO1VvzWnQxgzejog,-0.2261089691901862,0.0,0.0,260,52,0.0
icpUCKIr8oAJEQW64pabjA,-0.007172983902239971,1.0,0.0,38,16,0.0
idVfZKAHYec4C3VevKgkag,-0.41961678963655025,0.0,0.0,14,7,0.0
idz_rIXAJFuXHOQTBZ5IMA,-0.08458807991134754,1.0,0.0,10,6,0.0
ie2xkZABFoBLX64UebMV9g,-0.31056233865652094,0.0,0.0,60,27,0.0
iesJewaACphdFs-ml9WTjQ,0.03153512277081272,1.0,0.0,39,20,0.0818181818181817
ifC2ha-7HZt4xKUVou6wTw,0.1299923937227726,1.0,0.06666666666666667,46,25,0.068148148148148
ifWCzW6H6t2xKQfpoleQgg,0.2769412800591017,1.0,0.0,14,12,0.0
ifxbWY0iuTey-YtC2-p-ow,-0.2117195890138015,0.0,0.0,113,56,0.0172305764411029
igQDFfrOhici5tlZ3JkNhg,0.12528863192764905,1.0,0.0,28,11,0.0
igrDOacqMn7mMn9ARiX5Og,-0.32286838225023823,0.0,0.0,125,41,0.0
ihYl-uK0PYNPeFskcNAr-g,-0.201291188507836,0.0,0.037037037037037035,103,60,0.1147342995169082
ihfw3MPioHrRsn7E0Xqj_w,-0.2032165504122908,0.0,0.0,128,12,0.0705128205128204
ii4nKLMiivPFktWxo1lC5w,-0.11507035938479748,1.0,0.0,40,5,0.0
iibELFthZ_mTJyYs99De_Q,-0.014126638522569679,1.0,0.0,47,5,0.0
ij4m-6fYAq16IlmHEQFAIw,0.3430049703127913,1.0,0.0,13,6,0.0
ikx5LMrD4MjdwWM0yTJzYA,-0.3636823343257676,0.0,0.0,150,76,0.0249662618083672
imfSiNMesWjGTSX7xLDHXg,-0.22290943001804786,0.0,0.0,45,17,0.0522875816993464
ip4LFXDktVPxnyq2Ld5i0A,0.020645165059059112,1.0,0.0,48,23,0.0
ippBb9s-n0O0-MSl495sbA,-0.10481543694234474,1.0,0.0,608,146,0.0133283968900406
iqTHGZyiWasuI8pop3J36A,-0.26049868056986736,0.0,0.0,568,85,0.0114911080711355
iqeI_TWLvK3JabtPTZOkPw,1.0,1.0,0.0,9,7,0.0
iqy00T10_-8fX2yS91LxEw,-0.22305871994089835,0.0,0.0,8,6,0.0
ir-ZYaFU_0YRF5wFEcnGbQ,0.0,1.0,0.0,7,6,0.0
irXywqvfXj9maLLOBQMYvg,-0.31048052765088885,0.0,0.008992805755395683,2431,646,0.0504253561279428
iryPcdtXO3HQfUzXBqzckw,0.12017897797974608,1.0,0.0,49,30,0.0311827956989245
itAhmbhHOyQQparfwicjDQ,-0.12970907647445196,1.0,0.02531645569620253,280,112,0.0172305764411027
iuFgUOCFgE7fBLpBhFQXdw,-0.30214569698558,0.0,0.0,159,63,0.0153769841269841
iuTj4Se42VUto09Stkiq4A,-0.2854959887306344,0.0,0.0,102,19,0.0473684210526317
iuftKhlrXImvtz-OngBJtw,-0.06624750195303386,1.0,0.0,50,28,0.0332512315270934
ivNaN2TmuoLKobiRHJCulg,-0.24127494187857146,0.0,0.0,161,19,0.1291866028708135
ivpULDSBS4mP3mJqmziKQw,-0.05865330133280089,1.0,0.0,277,123,0.0232288037166086
iwYEJXSabFsVK2Au4fdWLA,-0.4840244662321034,0.0,0.0,72,28,0.0
iy-7QUn6s5xGXf1vOmcxDA,-0.3991916633015725,0.0,0.0,128,5,0.0
iyW-OrFw2YnRxsoeQ36skg,0.09891211535281275,1.0,0.0,17,7,0.0
izSgTrqebu8bN8ONOCs6cQ,-0.0581574534202598,1.0,0.0,190,123,0.0079989509572515
j-cfAX-YZJ9i0bfby2kw5g,-0.14163983458051066,0.0,0.0,449,103,0.0095220313666914
j-qtdD55OLfSqfsWuQTDJg,-0.3499598804781624,0.0,0.004205214465937763,8453,2761,0.041310988551154
j0kqlcG_HluOEEFsA7WwCg,-0.2679730740715099,0.0,0.009009009009009009,293,129,0.0429514786103932
j1CCLERiAMYSvCPhDmJN1g,-0.029025909533275107,1.0,0.0,174,17,0.0
j2J573HOZM9afnW_t67sjw,-0.2078530368651884,0.0,0.1111111111111111,128,36,0.0958333333333334
j36UB_KZrjPx6AVPvVLJmg,0.11308068684127981,1.0,0.0,17,5,0.0
j39XNl7bqQ_zSaHimsyBpQ,-0.2057192460206284,0.0,0.0,92,41,0.0
j43CKlz11Id4TQDJ3wA4HQ,0.05646698017980045,1.0,0.1,31,13,0.0659340659340659
j4Fw7dF9W8wV3MrJIKDldQ,-0.5460902045382197,0.0,0.041666666666666664,60,33,0.0536796536796537
j6TDQvbRoMszGR0hyaVxvw,-0.24909180118148588,0.0,0.0,437,57,0.0
j6muHG0zR4G6z1KBt92KtQ,-0.3921943267504946,0.0,0.0,21,7,0.0
j76unyU-BZnZQjOMRb2ldw,-0.11450483249667642,1.0,0.0,119,32,0.0293560606060605
j7JUGY0WtfGaV8DnkmNNGQ,-0.059849225481949264,1.0,0.0,198,22,0.0
j7z0VfA0BjEG6dIVNprH9Q,-0.27911430531847975,0.0,0.0,145,87,0.0112330198537093
j8NhrBzy1op0BfVGdSOiXQ,-0.21972269387252896,0.0,0.0,309,131,0.0148080123974059
j8NpaEvv4AaweMybeADmGQ,-0.4147728606204423,0.0,0.0,20,7,0.0
j8hscD6sTMcmaLzCTJjEWA,0.0845135451719361,1.0,0.0,21,5,0.0
j9fzpALNCgvDwCXmA5Vcjw,-0.31458169493883636,0.0,0.0,126,57,0.0327088908712458
jAhOQ0QBKtF2VlhwYlPS6A,0.10449446237285953,1.0,0.0,37,18,0.0
jBF32PwCB1z_gm58m9ddMg,-0.12515025838729166,1.0,0.0,249,99,0.0372658625085808
jBwfTPuxHgyAhsfTUONXdA,-0.27258395196878327,0.0,0.0,407,86,0.0517505750063889
jC9Fn4tGGYbJg332IJ4MHA,-0.007038156109459348,1.0,0.0,62,7,0.0
jCCFD-0Gi2-bFZokbTt5wg,-0.22305871994089835,0.0,0.0,10,8,0.0
jCZi4-LRB2bU-dxBSPmn9w,-0.07113452555807975,1.0,0.0,145,47,0.0390794615718628
jCyQknyt1mkMTBw60-ABUw,-0.34004575435728623,0.0,0.0,135,32,0.0293560606060605
jDO4n9lAZNlQTcTFEObfyg,-0.27905831410208615,0.0,0.0,1537,218,0.026048492791612
jEKE_T_iTSCTehiB5K1CvQ,-0.20916785248358394,0.0,0.0,81,44,0.0217171717171718
jF5XeCVL6MrA2IcLIHy1JQ,-0.31601122211235455,0.0,0.0,261,24,0.0
jFAj4ZTHKukcEnFZXz2DiA,-0.4903113726235465,0.0,0.0,22,11,0.0757575757575759
jFV2aVEiI7TXjlLqeG92Ng,-0.08287343697160388,1.0,0.0,96,26,0.0356125356125356
jFm2I2vALvWz07_AWKQLlA,-0.15304278708353247,0.0,0.0,173,71,0.0
jGuLNmMIM_7IfulRVBWZJg,0.41541192008865246,1.0,0.0,15,10,0.0818181818181817
jHJCsoQ53CixPE0q-3ATFg,0.7769412800591017,1.0,0.0,9,6,0.119047619047619
jHZi9YI4zUWoBZ0BTj_92w,-0.25860358996792043,0.0,0.047619047619047616,72,27,0.1412037037037037
jHydJjohvKsK8Imh9f_Dwg,-0.2376322994525104,0.0,0.0,544,177,0.0316754654070574
jIuRCFtO7rEOezPAn7rCQg,-0.359055563178317,0.0,0.0,78,33,0.0536796536796537
jJL3HcGjgtcUdLub93ZxNA,-0.25004782501724643,0.0,0.0,912,199,0.0327852856515589
jJrXxt3eQvKVoCNaCaaXcw,-0.16983337703954526,0.0,0.05,74,26,0.0356125356125356
jJvYr8kC7vMKGVeWyHbSWQ,0.1712971793359755,1.0,0.0,15,9,0.0888888888888888
jK58-2RpBsUbGKWRo0NlYg,-0.161050588115063,0.0,0.037037037037037035,97,38,0.024966261808367
jKM6u7Or-0C-UNWD2F8O1w,-0.226213617568312,0.0,0.0,55,28,0.0332512315270934
jKTWcdyXPw_cGUp9fKqapQ,-0.13042722579830812,0.0,0.0,787,347,0.0246251983291778
jL251AHFcygyUEfAAF3h2Q,-0.20856071875958782,0.0,0.018604651162790697,982,260,0.025511380005762
jL3ooM74Zs2maDLKSLi5zA,0.07210738678784773,1.0,0.0,19,13,0.0
jL4fYp0j8Jn31BiYptb10g,-0.1673731043134039,0.0,0.0,76,46,0.020814061054579
jLerIZFpe25jOUf722qzBA,-0.06458009544748855,1.0,0.0,575,120,0.0458994708994708
jNSUyV_W4te2qQHMwo9kSA,-0.1758464667882793,0.0,0.0,203,73,0.0259360730593607
jNvVJBh447ya0UFvz2676g,-0.24379036666942133,0.0,0.0,804,246,0.0377604166666665
jO6zRQLiE1cRuqKA0k6YFA,0.2769412800591017,1.0,0.0,8,6,0.0
jPFFeyh7RmmxzQmYgAAPQA,-0.2382487427568103,0.0,0.0,61,24,0.0
jPVVH8cb_1gEQkcIZGxg9g,0.027130993353881472,1.0,0.0,105,46,0.039855072463768
jQ0uNiLU9mzeuQMS-YdS_Q,0.4016060827181387,1.0,0.0,40,22,0.0415019762845849
jQ2yK-xIOvoxeM3lIJWMdA,-0.06055977960448755,1.0,0.0,58,35,0.0
jRaBuPn1YNfze55LcBCM0g,-0.0010878846471872317,1.0,0.16666666666666666,39,25,0.1158620689655172
jS8VAzNJjjekJwBknEFZFw,-0.03443567472414277,1.0,0.047619047619047616,116,50,0.0369230769230768
jSAOaEVCfZkcDpg-yVJ_Ow,-0.003654541999560834,1.0,0.0,31,13,0.0
jSP0rpPCYJ-FvW6yydY8Mg,-0.15867334087033214,0.0,0.03333333333333333,139,36,0.0262762762762762
jSYu2apG1uYq3eNzSA-OHw,-0.16568637831856636,0.0,0.0,1552,419,0.002375269917036
jSZQ89WehnfYJcYMGQO2og,0.053882560118203304,1.0,0.0,20,15,0.0583333333333333
jSr8KHVtQWgC_S_xNyrG5w,-0.21874525394937439,0.0,0.0,233,65,0.0289322617680827
jStt26nV-CBWRGxjqCzxUw,0.02391571420106009,1.0,0.0,218,49,0.0195918367346938
jTUkZm97QaVb-YxV6q2NLQ,-0.057646799852245856,1.0,0.0,14,6,0.0
jTbOziVO4fGAPCUII5OgYg,-0.20581583326290454,0.0,0.0,72,25,0.0
jUWz9dteCwl9_X7HdkqDDw,0.2668380934431752,1.0,0.0,21,14,0.0619047619047619
jUzhKIPSlBDenYWV1H-ucw,-0.1205653677820544,1.0,0.0,77,14,0.0
jV7FdR7puEdY5ch11jg3vg,-0.0064403782417511435,1.0,0.0,16,9,0.0
jVGKURBMYqOmLirjAQa0yA,0.4997746419126994,1.0,0.0,42,19,0.0473684210526317
jVQkjR0H-xpCzw5xNVhr3A,0.2473240916698407,1.0,0.0,17,8,0.0
jVg0VUu4Z6jgrN_krWXLkA,-0.3658065586688316,0.0,0.0,174,63,0.0573323856905947
jW8RwU6gT4v3enWnAWICng,-0.1539994038380989,0.0,0.011627906976744186,228,126,0.0497076023391813
jWsZ4M0g6ViLdJKRM73C8w,0.07594014182937703,1.0,0.0,23,9,0.0
jXb9PQf1Sss5ukgNVB1a1w,0.10182150870044182,1.0,0.06666666666666667,70,32,0.0776785714285714
jXrcAvkCDOIbXJ7_FZiYdQ,-0.17165107167671678,0.0,0.0,149,21,0.0432900432900431
jZ1Gmk5k42e19WO0mry5wQ,-0.1036654397503971,1.0,0.0,41,16,0.0
jZGqAdBlDnrP-J7--vdPxA,-0.1144458721080549,1.0,0.0,491,188,0.0254382096791974
jZd462wsUBOIB60UEjUOsw,-0.21927560871319107,0.0,0.002638522427440633,2038,418,0.0116789394504959
jZq8xsKyCrRRzJenCKKn-Q,-0.21503237101470174,0.0,0.0,97,34,0.0
j_eImSxsxnW0FCM1b5ekEQ,-0.24363720498575958,0.0,0.0,30,11,0.0
ja7cjawPhBMHsKeL_popDw,0.034510163270889516,1.0,0.0,73,29,0.0321839080459769
jaa0QoRrf2OFIhJIvmBCOg,-0.1910325552929693,0.0,0.0,148,75,0.0479324894514767
jacAaeM-PLorKxy0YAfEWw,-0.08711712033270502,1.0,0.0,214,62,0.0156169994879673
jar_5KMQZtgOseRdUN3L0w,-0.2805846206236373,0.0,0.0024479804161566705,3942,872,0.0323262271405033
jbwJ6wuKBuSZ9-GGPNPVRA,0.08678850238757652,1.0,0.0,26,8,0.0
jcXkAf-4BSsDNVhTHn-fmg,0.12851574356003237,1.0,0.0,33,9,0.0
jcwBfwL68BgGSlKf1t0yNA,0.0,1.0,0.0,6,5,0.0
jdtPT12GXxxjfjUBOTc40A,-0.3372486879437163,0.0,0.0,331,72,0.0
jdx80PbfbXMkUZvhJmdFbQ,0.10981900582974335,1.0,0.0,27,6,0.0
je8HwCtpyIRQOa-QCNBf7w,-0.2401737796945933,0.0,0.09090909090909091,136,15,0.0583333333333333
jfjpExDsvog4CYFsBMmwdw,-0.3992592883236442,0.0,0.0,22,11,0.0
jfv6PEdL5KchI-DGJlnbWQ,-0.12097121257948074,1.0,0.0,30,5,0.0
jgJXtO7dJvMcWL4ERbS4jg,0.11291365026126265,1.0,0.0,53,36,0.0
jgN86blLZPSuBh4ZeVeqMQ,-0.14987577113059847,0.0,0.0,58,13,0.0
jgOgj1gvfPy3DEIpSjQiOQ,-0.1365441147764609,0.0,0.038461538461538464,90,37,0.102960102960103
jgi-7LWLzcGkPvqFryqI6A,0.3310878134742149,1.0,0.0,12,6,0.0
jgmj_apBPNZa5Kq9ZJkSqg,-0.011516125056860171,1.0,0.0,63,25,0.0369230769230768
jh1WZm0fRwnjMv75gvVYhg,-0.3176312231943745,0.0,0.0,89,29,0.0
jh7ltUh43BuzmgPaTf4MWQ,0.7769412800591017,1.0,0.0,9,5,0.1714285714285714
jhSSiLwrq9t3Fij2pVlvug,-0.04018811119995447,1.0,0.0,84,37,0.0256045519203413
jhbJuMrHKP4Vb2kfsVizKg,0.017614513177101054,1.0,0.0,16,9,0.0
jiWx3be6Q6KftyK9M1_mwA,0.011588520162529536,1.0,0.0,26,18,0.0
jjmXrmVu3fiZD90jLMqWjw,-0.2681883588036714,0.0,0.0,173,44,0.0217171717171718
jl0QetAu4Tgf4mq33ZN9VQ,-0.1509803166742143,0.0,0.0,319,89,0.0422858523619669
jl38yx7zzMRbg-kOK8NLDw,-0.29486407012321814,0.0,0.001567398119122257,1724,662,0.0258263728452106
jl8QAeSW1sbBJOvsCcZEqw,0.28207369135961624,1.0,0.0,16,11,0.0
jlaktBNmve9FMOAlsG6PwQ,-0.1976335667625212,0.0,0.0,18,11,0.0
jlkDIOPoRP9SJXTkRVpkMQ,-0.23801891821674048,0.0,0.0,252,92,0.0405344202898549
jmMCUCuErJP7EtR_6RVRig,-0.04803727306364369,1.0,0.007936507936507936,724,150,0.0662939958592132
jmZt66lh8Lv70VoVwXgMow,-0.29460555313901965,0.0,0.019230769230769232,90,62,0.0566959921798631
jns8FlhfwbGfsE10eKLBnA,0.42668543534779585,1.0,0.0,34,23,0.039855072463768
jo37YLQJyWhuKBdjlKpoAw,0.10041149810558281,1.0,0.0,42,26,0.0915119363395224
joCDK7kg-03uo4rZK5X0_A,-0.2104756759755695,0.0,0.0,416,127,0.0077509842519685
jow8Lf_IYI2tUte2uY9ydg,-0.31967216404404636,0.0,0.0,87,24,0.0
jp8K7RPJc3IwwkDYgfAZ5Q,-0.19754288925404306,0.0,0.0,533,120,0.016120218579235
jqK60MutY_MDmzgG1aXWLA,-0.1799063293644697,0.0,0.0,156,37,0.0
jqVyVd07PJnmOmEb0GOJtg,-0.1795202172637098,0.0,0.0,78,30,0.0583333333333331
jrOgLPx0YqKQKd0DF7gRhA,0.3113069246468705,1.0,0.0,36,8,0.0972222222222223
jrSC1bwN2lz9dVBrNTejSg,-0.2747016773029967,0.0,0.0,719,204,0.0323157699098597
jsAqWUT1tbAI6WXxUg8ZSA,0.03687170108549376,1.0,0.0,47,5,0.0
jsDCfwLMjksdVq5SkNMLcg,0.02850453450533208,1.0,0.012658227848101266,255,101,0.0365865157944365
jsZU7VLbyn50MabU86zI1w,-0.25152063868029223,0.0,0.0,79,38,0.0473684210526315
jshnKTsnoXLSez5XD1qo7Q,-0.2573952382805287,0.0,0.0,329,56,0.0
jsk68Xu_iNWn3oGP3BDyKg,-0.27928691315334897,0.0,0.0,71,5,0.0
jtcsbp7trZmXEIaClV7waQ,-0.18279528483175767,0.0,0.038461538461538464,73,38,0.0699614890885749
jtgBkAQuchDYgkdsebzLsQ,-0.1746612480964086,0.0,0.033783783783783786,708,300,0.0587291666666665
jtvJ6JQ4D2z-SKdPkoU07A,0.08128107273473273,1.0,0.0,28,13,0.0
juU0THi7QojPDnGuxlH5Sg,0.2519890140477701,1.0,0.06666666666666667,48,17,0.0522875816993464
jv2Wc3-j8Q225eRgq2JLvA,-0.23630692475083692,0.0,0.0,53,5,0.0
jvHMq4TtoB0hUGFk8YmZkg,0.05907411612270341,1.0,0.0,61,6,0.0
jvKtB1KW8ew7n6yP0xhq0w,-0.037471798400899536,1.0,0.0,131,56,0.0
jvYHP3wLOSYk1S71XLT6WA,-0.2625466864477275,0.0,0.0,29,5,0.0
jvjhFWwbnyn3pqWnBaW_0g,-0.2158213898255904,0.0,0.0,46,7,0.0
jwg_T0_my321ag20O1g97A,-0.28190573441170885,0.0,0.0,256,9,0.0
jwkgVfSLydNMAF2US6bL1g,-0.2481874580135328,0.0,0.0,297,24,0.0383333333333333
jx-yh-gKeGvOmkS_guVYAg,-0.11322497246947638,1.0,0.0,29,8,0.0
jxgJgogcyAHcHW6g4SO7ew,0.1835641817991882,1.0,0.0,34,20,0.0
jyI0Egi-Zij0WLxgW1Qjmw,-0.229538078252444,0.0,0.0,78,16,0.0
jyRQNFeaGhdZBgf4kkWFlA,0.32383172213347644,1.0,0.08333333333333333,32,19,0.0473684210526317
jzXJDMGB81tZK-EISK38IA,-0.16281779871636692,0.0,0.0,786,133,0.0145920356446671
jz_EhugSzDAWhdiClA-jZQ,-0.15283988759406575,0.0,0.0,341,32,0.0293560606060605
k09pb0lnZfJ_TrcCH3VqrQ,0.048404547530360165,1.0,0.0,21,7,0.0
k0AO8X3VzWe_F4lkMb0eSg,-0.176395640692725,0.0,0.006329113924050633,408,202,0.0235567034964365
k1VWscMY1JqCHNVDk-lD5w,-0.09705800373479068,1.0,0.008695652173913044,424,134,0.0214075607364636
k2YJkdLg25xlYjshpeEtkQ,-0.2976171539745025,0.0,0.0,911,251,0.0191421812749004
k2qArgJgsWWrtWT_r0rRlQ,0.2593298075264461,1.0,0.0,34,9,0.1616161616161615
k3tCEcSJ_BJrwZP9_LLHpg,-0.04245126725989734,1.0,0.0,32,9,0.0
k41dv3Pjnx0fHgkoyEz4Jw,-0.3423040604304305,0.0,0.0,87,21,0.0
k4KEydDbRUOY50hkwmGAuA,-0.03173734434529718,1.0,0.0,103,26,0.0356125356125356
k4WBufHPsiz4HgmT_gwK3g,0.08010694172473076,1.0,0.0,444,35,0.0766917293233084
k5bldcjsOytNhNGpR_NxDw,0.10362671540689761,1.0,0.0,20,8,0.1499999999999999
k6WAVICs1yY07JPXLYCj_w,-0.35346320835505235,0.0,0.0,147,50,0.0192156862745098
k6oWYhbUeQUITmKqWgbdiQ,-0.23399166926272785,0.0,0.0,22,5,0.0
k6ti2dkJD_6xGzxjQQ_FnA,0.0019120541176773642,1.0,0.0,240,10,0.0
k7AoT14yuZZ9fFUtGNZ_1A,0.12259529141132464,1.0,0.0,32,8,0.175
k7I4QgxQVnxo-IAooZsvcA,-0.10291583541836058,1.0,0.0,111,19,0.0
k91vKZa8oDHGFEumLyI-KQ,-0.0909850285812821,1.0,0.0,41,21,0.0
k920l7wHSjLZDJLvn-UfyQ,-0.3104008093476759,0.0,0.0,48,22,0.0415019762845849
k9k8KR-HWclyvAWMR71_ZQ,0.07855851754172549,1.0,0.0,298,72,0.0135083713850838
kA6fjfYTg1S7BFb9KNt4yA,0.14933325187118374,1.0,0.013333333333333334,177,92,0.020814061054579
kAhT_pFlNuL3yfhKrpYRWQ,-0.22628755153013624,0.0,0.0,55,23,0.0
kApk7Pr8baAV4FzrIwvHFQ,0.15025714016476288,1.0,0.0,24,11,0.0757575757575759
kBbtYlzHXqMLj_8ZkupvwA,0.3038825601182033,1.0,0.0,9,5,0.0
kBgiy6ulQRiATWFPZjTPKA,-0.2687869792543086,0.0,0.0,1662,581,0.0084589944370361
kBuzuNDQNM26AUbnkRVifg,0.03541911636233541,1.0,0.0,144,64,0.0293560606060605
kCAvqT_3AWOHx80VALz2lw,-0.12425231975534712,1.0,0.0,42,6,0.0
kCrzq7PEBYCMU1xNPNQA8A,0.13746194737143647,1.0,0.0,19,9,0.0
kDNuc4HKzqrKrDEAQ7x19A,-0.278659995093709,0.0,0.0,556,94,0.0104143337066069
kD_NwNmRRbauKge70VUxqA,-0.10241754372078393,1.0,0.0,39,25,0.0369230769230768
kEVptUKa_OUPn_50sTmoTQ,-0.0398515756603266,1.0,0.006369426751592357,923,194,0.0244780604051184
kFSwmSUiHO4FEl33FdA_XA,-0.19262579715835682,0.0,0.037037037037037035,316,32,0.0293560606060605
kFxHQcrCEycaWLEOkkoE1A,-0.23709374474293188,0.0,0.0,544,156,0.0410177756803524
kGXt74i82kOVgfixBuBoIQ,-0.15217310376361215,0.0,0.009708737864077669,201,141,0.0449492045236727
kHCW7RZUdV64CPuX1871Zw,-0.1934922590243705,0.0,0.0,47,16,0.0
kI173572bzkLY8MozgF_jQ,0.41603046384201187,1.0,0.0,49,26,0.0
kINOfJQjPY7kmpfH03fPXg,-0.322020149008507,0.0,0.0,202,118,0.0163841807909603
kI_8RT6-IoVxD-EgXmyFvg,-0.2832349609057751,0.0,0.0,146,71,0.0136932707355241
kJFuE6u9eOsPlwgJdYabbQ,-0.09215215384490627,1.0,0.0,45,6,0.119047619047619
kJiVGHWyW9lrIJmbdEJXFg,-0.18311555412567626,0.0,0.0,220,27,0.0
kK6rYQcyxW_FnuVh8oTT0g,-0.2444707143421222,0.0,0.0,65,30,0.0
kKJbpPjWcFlEpu6y-pV9MA,-0.09827404693020747,1.0,0.0,201,47,0.0203900709219859
kKkw3zsIGMQDFQXP-_yYbQ,-0.2309203713854573,0.0,0.0,459,45,0.021256038647343
kLS3Sth5HvO0IjrXCCvXxA,-0.13642350909252243,0.0,0.0,243,45,0.040661938534279
kLSEk3qXY1KdtFjxHJ9pww,-0.10491640357721677,1.0,0.0,63,20,0.0
kLfkz8Rj74XB67w06iV-7Q,0.47979362676814713,1.0,0.0,12,6,0.0
kMfhJIGdpU4rZeogFKdr1w,-0.12772453077428714,1.0,0.0,154,73,0.0259360730593607
kNcrmaQNneyioUg1MY9ZqA,-0.15859516203022372,0.0,0.0,70,32,0.0
kOOiEcy0UaWLwCPgZ95nmg,-0.33138164600345554,0.0,0.0,654,190,0.0613170858179932
kP5igN3XFPRHvEaunI28tQ,0.2550481037610498,1.0,0.0,114,40,0.0237804878048781
kPK3_DVC3oANl9m2a02m_A,-0.3683637955045186,0.0,0.0,216,110,0.0258246178600161
kPy6jsVWuMREMRWRGTvEyw,-0.2271312405253837,0.0,0.0,288,37,0.0256045519203413
kQRB8RNwd7cEMcURTS-I7A,-0.39856495123884295,0.0,0.0022522522522522522,1459,570,0.0358522996680892
kQSIyrBeeXarRZzovJn-rg,-0.0983145170666937,1.0,0.0196078431372549,91,56,0.0332512315270936
kQhmw4RexXf6rfjpiysjkA,-0.09974285983523712,1.0,0.0,29,15,0.1019607843137255
kQimxI9wOXrQjcdfwsOw-g,-0.16695492584545057,0.0,0.0,64,22,0.0415019762845849
kRSQGsUUNwNWGhhiBZFWcg,-0.10195525314350617,1.0,0.0,14,5,0.0
kRowQIUMYRNno_Rk5LkRgw,-0.18841716300361222,0.0,0.0,485,149,0.0482195528576923
kSHgckYR4YMaWiMNT8arZA,-0.2639397986992851,0.0,0.009933774834437087,1352,354,0.0389279316521979
kSglWloGVOI5evbnx8ub5w,-0.20408632561513185,0.0,0.0,73,26,0.0356125356125356
kSiUu6mgp1awC4n_XrMXVw,-0.11941606962924856,1.0,0.0,56,25,0.0
kURPPbhrJ2j3MtpD66HR3Q,-0.2575603599720721,0.0,0.0,80,27,0.0638569604086845
kUfUsNfgf0PFRH9d2bLSOA,-0.3979247069890002,0.0,0.05263157894736842,146,29,0.1298174442190669
kUjVqYw5nWiHe-1oNxOsuQ,-0.31818106978265026,0.0,0.0,281,99,0.0098989898989898
kW-_2YHMX8KF6li4AwdBEA,-0.1631400011911206,0.0,0.0,187,77,0.0126540126540126
kWHawNFXosP5KsQyM062Gw,-0.43675042301844325,0.0,0.0,499,97,0.0
kWxZoWO-Nw9V_xBgUYrRgQ,-0.15912651166402758,0.0,0.0,327,67,0.0
kX_qrUoz3WYmhLTS-SFvnw,-0.19475251475735533,0.0,0.0,75,22,0.0757575757575756
kXf1ub58e2IRQ3U7eEQjng,-0.2966473306163746,0.0,0.0,108,28,0.0332512315270934
kXfVql_wkaS7agu6gpzEkw,-0.1788722503900081,0.0,0.020833333333333332,491,151,0.0309899813211071
kZVkrF0Cy-xwfpO94g-ylw,-0.21550911139848317,0.0,0.0,166,88,0.0111082737487231
kZdkMY6GeaMebm81h3sfww,0.03437939332475726,1.0,0.0,136,5,0.0
k_W2VhhVe0AjbhqNrbdQHA,0.3038825601182033,1.0,0.0,16,8,0.0
ka-GZEjFKl8lmDXlZPftoQ,0.5538825601182034,1.0,0.0,10,5,0.1333333333333333
kayVS-MPUVp_Vmo54Pjp9w,-0.1578520426747374,0.0,0.0,122,24,0.0
kayZz9qkn24KGspavVYxfA,-0.18969595409803075,0.0,0.03125,89,38,0.0673940949935814
kb2Zvig0OTEqlA1xS2lakA,-0.13560289180073282,0.0,0.006329113924050633,704,189,0.0392662423119274
kbAyAsfRIIVdUondbHLkWw,-0.0630480724648168,1.0,0.0,320,19,0.0473684210526317
kbWKwvLXfJm5sLVfw-Foww,-0.17499782490314575,0.0,0.0,1013,325,0.0207414272474515
kc4I1dNgKXqbWkWrR_NjZQ,-0.05115098840822907,1.0,0.0,36,7,0.0
kdJMzQCyG9X07lEgTWWveQ,-0.3715089771194793,0.0,0.0,985,460,0.0127075947005037
kg6yWp6MJPCMw0kT4l3O6A,0.1814225961242586,1.0,0.0,152,76,0.0689987163029526
kgMEBZG6rjkGeFzPaIM4MQ,-0.30703705959315064,0.0,0.0,141,55,0.0501567398119122
kgzgHWoGBznqRODFLy9FaQ,-0.23039226923410505,0.0,0.0,175,10,0.0
khmaw-iyVP_y32ZWUwuwiA,-0.27673224217392467,0.0,0.0,127,9,0.2037037037037037
kj3Lyh9KooU8GcRBbMDQWQ,-0.20907034574784922,0.0,0.0,876,312,0.0410177756803524
kjDXbqCihUxgDvQn1n57hA,-0.2664899903836883,0.0,0.002304147465437788,1296,547,0.0342158123998466
kjIyHGVbVpQYK_UzetPShg,0.046577984642955816,1.0,0.0,361,130,0.0495788882650196
kjnEPxEUOUqO91ERPP2IVA,-0.2617967570217026,0.0,0.0,100,46,0.0
kjnXnl9767bVQEQUmuuMCQ,-0.03768922154532561,1.0,0.0,188,45,0.0583333333333333
kka9G6czM7e7QdXFQbRo9A,-0.007749251850671102,1.0,0.0,61,5,0.0
kkfHcOukpqNzABf3-NFN7g,-0.020506689483986706,1.0,0.005235602094240838,363,201,0.0529745638007146
kl2aUBT46mTCujJEWYgS8w,0.583407974961722,1.0,0.0,24,13,0.0
km-biOKD173NkcpWk_Wdng,-0.17330220207758096,0.0,0.0,634,185,0.0053472827666376
kn0-Tc4JFnpnlCyqG-3X9A,-0.4795800616643911,0.0,0.0,635,166,0.022962437987243
knP_Le69wM8xv40B99ztCQ,-0.32285933558425306,0.0,0.0,1739,423,0.0115441550120414
kooLdkrNy4bRMXDZnKLzbQ,-0.3478530688790237,0.0,0.0,85,7,0.0
kpRE7eYEYVEtnQOWHCf5ww,0.027618387656746513,1.0,0.0,197,9,0.0
kpl3H_sgfTm-tH3Aa-ML7g,-0.4847499651283455,0.0,0.0,2283,533,0.0331933001604263
kqIENT-CoSkcDGtrZk35Rw,-0.12427109408620418,1.0,0.0,21,10,0.0
kqb0LWCBZBynGYuj-Z1msA,-0.44875190746862764,0.0,0.0,166,49,0.0195918367346938
kqh6VqnflT0PD78A9VAEgA,0.06646510251588444,1.0,0.0,23,6,0.0
krWsMdrE_uglWwOF5BcJcQ,-0.3782704327908696,0.0,0.0,221,116,0.0245580991017095
ksma5FPvWkaZvcwHz_bZPA,0.14216609896303778,1.0,0.0,77,25,0.0369230769230768
kvRjzneD1FWh4Szb-trL4A,-0.3439946467639844,0.0,0.0,120,38,0.0
kvbuD3U93O2w8YYPzsCxlA,-0.05028418427541237,1.0,0.016666666666666666,230,70,0.0393346379647749
kw5EFL8mX4IMd7bQyL5Jew,0.13661095227195486,1.0,0.0,56,10,0.0
kwfWiUkuGh2SHrRrB3qF6w,0.26482455495087864,1.0,0.0,96,29,0.0
kwqXOtLCbNjgvwuMj4H1AQ,-0.05235019017915088,1.0,0.0,123,70,0.0
kxs_y4UlQl3p1ByNPB4H7A,0.39416591012447444,1.0,0.0,13,5,0.0
kxtftrW1gCGAOFufGLv4hg,-0.020381073430542074,1.0,0.0,100,12,0.0
kxxexMsFL4xJLIafhXXFlw,-0.33217208661910763,0.0,0.0,1042,160,0.0121913580246912
kxyP4aeuQW5oLTm5tjweTg,-0.3190400212922748,0.0,0.0,109,29,0.0321839080459769
kyRUZEZThKotuabJQfuXYA,-0.13824594528603618,0.0,0.005291005291005291,791,203,0.0364205168911819
kyrqWqmgn65uVa2oTowAGA,-0.14892275303405467,0.0,0.0,954,117,0.0397926299565645
kzHH50fET6e5nVqk8IIl5Q,-0.1543412971795639,0.0,0.016666666666666666,111,65,0.0289322617680827
kzRHpO0DvaBY4RQSv7srcg,0.04526817747933465,1.0,0.0,1205,24,0.0383333333333333
l-JQja1KoFdjaP8AJp_mvQ,-0.23515866395484608,0.0,0.0,75,35,0.0
l-gbfEu4oye4IZX75W-drA,0.004242144865254094,1.0,0.0,36,15,0.0
l2SdflR7ydSWtxG2UlWA7A,0.6464602934348138,1.0,0.16666666666666666,12,7,0.1587301587301588
l3S_LsPam6ejdQo37V4kVg,0.008012445706508942,1.0,0.007352941176470588,440,189,0.0153769841269839
l3WjRJA2nDkCttUmtkqYmA,0.16372609608848598,1.0,0.0,28,14,0.0
l46sjKxPfJCzCJCTQEEKUg,0.12026696907871604,1.0,0.0,20,11,0.0
l4AjbrjS91Z70AYQbABxvA,-0.2775353295840669,0.0,0.0,541,147,0.0132401954070218
l5-v4ttXyiBccg6zaVHoOA,-0.11698377523624592,1.0,0.0,73,39,0.0243589743589744
l54taYsUYwDxB93lA-w9Vg,0.507857666756808,1.0,0.0,11,5,0.0
l5NgHzWPPHYe-ulHz6MYpg,-0.3161247954365701,0.0,0.0,97,29,0.0321839080459769
l5RjEnNSaO9fiFLj_E3DUQ,-0.09258673046814958,1.0,0.0,30,11,0.0
l64m-rYrUYwUHOoKlJnAOQ,0.3989121153528128,1.0,0.0,28,18,0.0
l6SCfDSkeFdD5ccMK0ZwlQ,-0.10459662676654402,1.0,0.022727272727272728,248,122,0.030705178246162
l6cY2ndR-6GmqhVeuA0VgQ,-0.24950251501761345,0.0,0.005128205128205128,520,237,0.0393583764669707
l6mquWS8G2EziWAO6ZMUsA,-0.1980424002789437,0.0,0.0,210,49,0.0195918367346938
l6vfUuv9KRsCC7WV5he2gg,-0.13217628213853772,0.0,0.0,68,24,0.0705128205128204
l71kgJo4jCr4RcuUD8Re9g,-0.20807889451061423,0.0,0.0,85,31,0.0302419354838709
l79KYZl3I2gi2C0JZ77BGA,-0.41961678963655025,0.0,0.0,14,7,0.0
l8FMRUu-IVSuzcfCIeyHsg,0.028764164275293713,1.0,0.1111111111111111,54,14,0.1071428571428572
l8uzbLGk9CLjElcWGyBZ0Q,-0.3061754611120236,0.0,0.0,113,32,0.0293560606060605
l9NdPiAL1zFK9NZRyfSHbw,-0.05935483494094085,1.0,0.0,40,14,0.0619047619047619
l9PEswjyG6P2fDN2wkbhGw,-0.07659842650608462,1.0,0.0,27,15,0.0
l9eLGG9ZKpLJzboZq-9LRQ,-0.22291156182246175,0.0,0.0,117,11,0.0
l9ir9IOlpC2zxYtFYQu49Q,0.21505169173135485,1.0,0.0,153,15,0.0583333333333333
lA5BOb5Om5cn_dfwiOgbNg,-0.27626426321571484,0.0,0.0,270,111,0.0417831624728177
lAB_RLlu9Xwo1jZ77c4Wsw,-0.22910686615980802,0.0,0.0,55,16,0.0
lAbUj9aQ7BX__vZNYewTJw,-0.2034842457292909,0.0,0.0,864,277,0.0175896766264689
lAeoNBksQeNB5cY8mvYg9Q,0.44618594174852966,1.0,0.0,17,9,0.0888888888888888
lB0QRhfNQQI0-Znf7hkBXA,-0.06749898799019116,1.0,0.015384615384615385,199,70,0.0521235521235521
lBZ0TUZu0S8_syGUTQs7Bg,-0.03659876986075017,1.0,0.0,29,21,0.0
lBmrBQlxJ0gkD3QKtUEVBA,0.4367684586800714,1.0,0.0,77,5,0.0
lCAQGk4QEuF27Gd-iTBm1g,-0.0798666769515517,1.0,0.0,77,38,0.024966261808367
lCpO0y4VR19qMGWprbiGDQ,-0.19665370031136742,0.0,0.013513513513513514,688,96,0.0383333333333333
lDWmc7FpLjYoSFxrtbnMbg,-0.46665397848024187,0.0,0.015037593984962405,676,337,0.0305774412497015
lDyqjSz6s36oeJ9EWQMYYA,-0.05165312061656413,1.0,0.0,240,64,0.0426772388059701
lEAhUFytEPERFroM4h5awA,0.33840123013924983,1.0,0.0,22,14,0.0
lEC_8UDzg206jEawykDguw,-0.20981540097669438,0.0,0.0,46,11,0.0
lGE_dfU58hoOrNxPIwH3xg,-0.21424351894117338,0.0,0.03614457831325301,233,91,0.0577772742721196
lH3tplAcbNrNL0nJoyXCNA,-0.08967183561621606,1.0,0.02040816326530612,348,163,0.0288489628980426
lHOjknsVNLBHB0fs-SM7-Q,-0.2997002086454381,0.0,0.0,152,8,0.0972222222222223
lI072WLVzEXV8Bh1rwmlhw,-0.17637870184873072,0.0,0.0,226,74,0.013153153153153
lIU2BU8iWOoXBXaxdy7V_w,-0.2254984809108067,0.0,0.0,592,50,0.0703703703703704
lIYCKCTJxpvxEUXZ1pZ1bA,-0.18351230036008204,0.0,0.0,173,73,0.0
lJBYrLE3v3d2q5QBIK_S0Q,-0.19263143143854505,0.0,0.014084507042253521,625,253,0.0365199356768211
lKCEFd8Z7tZiBiLT2J741g,-0.20098804837490175,0.0,0.0,547,174,0.0166569257744009
lLOuLDox8qPV0Q5jCX9qtw,0.009244549702851601,1.0,0.003246753246753247,868,360,0.0264114114114113
lLU4ViA0OjsCs9hK2DQEkQ,-0.39194078256279574,0.0,0.0,426,87,0.0112330198537093
lMMK2vSieQb_FtqqZ_VGlQ,0.24379394424870438,1.0,0.0,35,6,0.0
lMRBJZ5dt0c51GizF5EHig,-0.020206373231852925,1.0,0.0,13,10,0.0
lN_iUy3zHqbxPahTxDoKZQ,-0.06459638559769565,1.0,0.0,177,65,0.0420814479638009
lOOePsuwr75TCvIhV1Am1A,0.01984747221571692,1.0,0.0,214,61,0.0807438218742353
lOipP8dh4Daqid9uro4xNA,-0.1699696587742372,0.0,0.0,274,117,0.0319276682913047
lPPYZr1_jx0XeW-xR9WJtw,-0.25230905841040685,0.0,0.0,178,87,0.0219553144775925
lPday_z2XpRJqbFWyCh6dw,-0.07414660458808553,1.0,0.0,27,7,0.0
lQ58_4SzdETRSw0h8tilhA,-0.5409748079034027,0.0,0.00303951367781155,1294,361,0.0081732671760372
lR4yxv8dGwVewvm8g-eW1w,-0.08811788126154407,1.0,0.0,35,8,0.0
lRbHFOIFuusN2WOR_ypQ_A,-0.2707503494250776,0.0,0.002036659877800407,1530,531,0.0406086193885251
lRkJG5xxHpvoV3mkQhbNhQ,-0.14857574014311192,0.0,0.0,376,123,0.0379827235772358
lRznUOtLYY2GP_dvc7kmYQ,-0.17601819728227464,0.0,0.0,469,209,0.0184199294651481
lSe_4H6iy6jmnDh_I_AGCg,0.5622797208049941,1.0,0.0,29,6,0.119047619047619
lSfC1z4mUX_gyDujuB-3og,-0.13747178756682477,0.0,0.0,167,27,0.0343915343915344
lSfMGqkDaMvqm-KCa6Yr2Q,-0.20633090651066627,0.0,0.0,19,9,0.0888888888888888
lSwPJt2ZPX03tEpfXE1BFw,-0.1780781129041783,0.0,0.004392386530014641,2350,696,0.0259203440237922
lTTmtjhLZIj6vWSuIOyxwQ,-0.0058793604916471676,1.0,0.021052631578947368,274,125,0.0442137404580151
lT_VFhU9AF7DiV0s_9XIJg,-0.1510601315185629,0.0,0.0,104,36,0.0
lTk4efVzepR0PIPayrHojA,-0.13503271775589953,0.0,0.015151515151515152,125,75,0.0252813852813851
lV9Zwwau6ToYrh1_F6Q7cQ,-0.25505839699300936,0.0,0.0,820,175,0.016565008025682
lVB55eq-xIzi2J6VV11PYQ,-0.08017737462003727,1.0,0.046153846153846156,252,115,0.0623541887592788
lVDJ8PkEwwdTWVwiqvnDDg,0.13582851063281753,1.0,0.0,91,17,0.0
lWedWkinrM5j13pyimbpbA,-0.3304047859823001,0.0,0.004228329809725159,1591,514,0.0294545187578003
lYPeTDK3fvOL1g5KPIvGCg,0.5253120217654159,1.0,0.0,12,5,0.0
lYR0aZbSxBX2yaP8enIn0w,-0.14218384041871324,0.0,0.0,88,34,0.0277310924369749
lYxKXvDZGX9a3RwGuu0tPA,1.0,1.0,0.0,7,6,0.0
lZ88MntSXZXDvpZAcXgiAg,-0.10393209568343742,1.0,0.0,967,114,0.0169388989715668
lZ9YlsBJlq9jQDQZbQznAg,-0.052052260598600686,1.0,0.0,21,5,0.1333333333333333
lZkp51ME2iBdQbhF4QrpuA,-0.27023240823242733,0.0,0.0,321,38,0.0
lZyINQz8hoGZk-WhqXy0Sw,0.0850985266758334,1.0,0.0,70,41,0.0232288037166086
lZym8zAzq0lWbQYaLVuBlw,-0.3457782699808786,0.0,0.0,84,36,0.0262762762762762
l_xCcePP38yNSPrlziIQSA,0.3302743604592505,1.0,0.0,18,7,0.0
laBlOr7v6w7Sf5yxbHhAcA,0.3369252812563548,1.0,0.0,429,43,0.0
laN9GTzSj9Qz4S2wxyVanQ,0.44214592404188546,1.0,0.0,18,7,0.0
lbMWWUdA3O0V5SsaLilfHA,-0.4741384352930589,0.0,0.0,86,41,0.0442427680090753
lbjJ2ACmmYvhCXcWav-E0Q,0.3352824550156295,1.0,0.0,48,9,0.0888888888888888
lbtx0YX6Hj1F1WEv-QQjbg,-0.023561241328033833,1.0,0.030303030303030304,226,40,0.0452380952380953
lc2iVDg4kjwewPoBrSwqoA,-0.36492970759796517,0.0,0.0,34,7,0.1587301587301588
lcJc6yH1uqwMOBNO6ux5UA,-0.281823929063988,0.0,0.0,442,40,0.0
ldH_8qBe2ps4j7QyeJ5bDg,-0.0431913158013848,1.0,0.0,55,8,0.0
ldL1_lWOtolY1BY5zVBslg,-0.22140511406788665,0.0,0.013333333333333334,256,88,0.0415019762845849
ldczA2r_LlKSfbrGxt3ThQ,-0.11325625755433344,1.0,0.0,294,38,0.024966261808367
lfsVFWNsb_fbeYQenBf-4Q,0.4063902778033517,1.0,0.0,21,8,0.0
lgNRlE9gtXvZTEm_TQqXWQ,-0.39669339407309745,0.0,0.0,70,9,0.2222222222222221
lgOa5IWyHW9_qoCSXeie9Q,-0.2636663800521586,0.0,0.0,215,112,0.0087705436156764
lgSO-bzx0USaPe34zdLyCw,-0.07338081376555605,1.0,0.0,608,71,0.0266255064634381
lgoYB3YiKPBkMq51nv0wPA,-0.09711530891608267,1.0,0.03225806451612903,110,39,0.0462789243277048
lh3ApskP-4XVdsQ-82792g,-0.16890676700365903,0.0,0.0,776,209,0.0228055269865403
liqVJX9k7jCqk9JohlosPw,0.05068879968689066,1.0,0.0,36,10,0.0
ljBjU43MhcFgoJsH9Xcj7w,-0.23282524400818239,0.0,0.014705882352941176,373,70,0.0634285714285713
ljEM0v_KClcruWn22B_V7g,-0.14454319253996428,0.0,0.0,146,6,0.119047619047619
ljRFZy8ZeRnNkTMm3Ssjqw,0.2543003713646331,1.0,0.0,22,12,0.0
lk9IwjZXqUMqqOhM774DtQ,-0.21038288647252168,0.0,0.0,366,159,0.018169112508735
lkQP24RF-W7Hvb2WOPJWAw,-0.20929184371902576,0.0,0.0,500,137,0.0461273317112731
lkhTmJH4iutaPfH44Zm2mg,-0.09455927987881896,1.0,0.0,39,30,0.0818181818181817
lkwj0-9Sc_anMVNlnuqYAA,0.41541192008865246,1.0,0.0,16,12,0.0
llSXs36PjWbDlyDcI4weAg,-0.2670326560219769,0.0,0.0,58,10,0.0818181818181817
llmWFWNqZQ2J0UVECr0bvg,-0.19076530211765785,0.0,0.0625,78,26,0.0659340659340659
llx_S8wac2y_0pNRRAwZ7g,-0.2255138533277603,0.0,0.0,121,6,0.0
lm-KtpMuHoPVCkC7zpr_xg,-0.209451929320582,0.0,0.0136986301369863,182,97,0.1140521965264234
lmx66dQekwC0FkCCp39xww,0.4618327733954126,1.0,0.0,14,11,0.0
lnCLpUgxG8In0M7fv7liFw,0.5721073867878477,1.0,0.0,16,10,0.0
lndVYqfCgFfclrmo2BN6LA,-0.07606800240928202,1.0,0.0,760,40,0.0
lnzvlkjKKPLatw6Y7ThcaQ,-0.31196972553134217,0.0,0.0,187,52,0.0185050798258346
lo2VbA7Lwzu3i23pQpmzlw,-0.12812564806044557,1.0,0.0,49,15,0.0
loKMBVzemBJN0RMGwW8K8w,0.0028759950413003166,1.0,0.0,49,25,0.0369230769230768
lpUn1M5exBmKegS1_f3WHA,0.2766768767720913,1.0,0.0,124,43,0.0423772609819121
lqTXW5uVQZ9q2RUh8Ahyqw,-0.339515814798513,0.0,0.0,73,40,0.0237804878048781
lqaxv42965K15BcyfT24-g,-0.20233374429945894,0.0,0.0,322,7,0.0
lqy_CaGif3Jw-nGWxggUFg,-0.17837901460433125,0.0,0.0,65,24,0.0
lra3ButUZm7ZymM1YSnkWA,-0.2760614368425629,0.0,0.0,40,9,0.0
lra78vwjx7YDfkoblGurEA,-0.24757700140296957,0.0,0.0,179,57,0.0169388989715668
lsyCjtPSGw-wfG6bn7_Wcg,-0.2402172908055441,0.0,0.0,715,252,0.0432900432900433
lu2UpRHLBZfvLG_caNEHKQ,-0.1435010190419972,0.0,0.001937984496124031,1809,566,0.0171095897133883
luwB0KsvoiXUewBvRdcYiA,-0.1185022048404143,1.0,0.0,128,31,0.0
lvL_24Vo9CLg5Cyimkpdaw,0.37129717933597556,1.0,0.0,10,5,0.0
lwcIJiRdoEyQppHm0jc0GQ,-0.16002151848180568,0.0,0.024390243902439025,179,97,0.0464928239336972
lykZwXa9ZhPgnwNUheesqQ,-0.07391422942082515,1.0,0.0,88,47,0.0203900709219859
lzCreRMEgzDCwb90GuPmeg,-0.136975198612868,0.0,0.0,82,32,0.0569852941176469
lzedq7Zh55nISP3z8RAw5g,-0.028026085716650773,1.0,0.0,122,59,0.0
lzwyq1FaMcR24-5qDiEDHg,-0.05477642390537829,1.0,0.0,18,11,0.0
lzx4AFxrByuVxgyZwRMYYg,-0.23487371818000446,0.0,0.023255813953488372,481,53,0.0525606469002695
m0FGtr2iw-0adkyVHsI0Mw,-0.09124664519754755,1.0,0.0,553,63,0.0153769841269841
m0goxK9IkGhjoyfEA9ZvBQ,0.16541192008865246,1.0,0.0,10,6,0.0
m0t-vuBHQOfC1ldTF6Dy7w,0.06646619491164507,1.0,0.0,48,34,0.0
m1FEyb_4FNJcLvMw82King,-0.1096154042873202,1.0,0.0,215,20,0.0452380952380953
m2QC6syUBosOCBNTwpci7A,-0.21743934795195818,0.0,0.0,68,41,0.0
m2iS4YYmcq6pFpaGCtO-Iw,-0.33575440964962966,0.0,0.0,81,14,0.0
m408YCnvuIywzZkJX3K9KQ,0.2671322766787151,1.0,0.0,112,32,0.0776785714285714
m5a-tpuxemrMrLk6BYVb5g,0.3038825601182033,1.0,0.0,9,5,0.0
m7DA8pzug_TcB3EBs1w_vg,-0.20858244717980157,0.0,0.0,135,43,0.022198731501057
m7QwOZSP21kmiZ-HQV5PfQ,0.07038594741102111,1.0,0.0,33,13,0.0
m7YpXsUZOfbmaHxjhCGP_A,-0.23381160713463822,0.0,0.0,1178,48,0.0383333333333333
m87qQsq2SMJruE9tVQTIrA,-0.23632880107907184,0.0,0.0,869,331,0.0257508441443041
m8EZJFtJlVzTLOJvXVGxlw,-0.03244289880713691,1.0,0.0,648,84,0.0432900432900433
m9MVR81RpiI4G8BY8ssWWg,-0.17342406812669686,0.0,0.0,658,29,0.0
mBcvp7NarEQEviJyRiX23Q,-0.26787163691172,0.0,0.017241379310344827,719,63,0.0916099773242631
mCNvZPROAx2AwbYeizPHvg,-0.14649212053977045,0.0,0.014285714285714285,262,76,0.0364756828780814
mC_m-4k9Xo1kzjSL0w7uoA,-0.14609104869875866,0.0,0.005319148936170213,479,225,0.0725318761384334
mDBXgJGoHl5TJThOc7g9rg,-0.009951065997808817,1.0,0.020833333333333332,110,52,0.0356125356125356
mDX0I8AQfro5st8IVufp-g,0.32956416061996197,1.0,0.0,51,31,0.0566959921798631
mDsYJ6H79Eum9XsiqnvUgQ,-0.1974704705519419,0.0,0.0,81,34,0.0
mE4D25vY8SNxpNOZZtEauA,-0.056635072197852354,1.0,0.0,104,13,0.0
mEy4xGKfOqMa3q4nWSM0jA,-0.1376649355565645,0.0,0.0,46,27,0.0
mFWFtD6bXdpLz8bDXe-LHw,-0.09148871896844668,1.0,0.0,96,52,0.0
mFXzS0ogBF8fc_mMMGSLDA,1.0,1.0,0.0,10,9,0.0
mG-JcnRZCAYfznkxhiClkA,-0.22333572360639808,0.0,0.007246376811594203,337,153,0.0127345561880667
mGfmLdBI7kXRWox7Yl7RBw,0.2520194712649759,1.0,0.07692307692307693,115,18,0.0944444444444443
mGxaM5kUC2GhYkp3Dip52Q,-0.26123327288524356,0.0,0.02702702702702703,570,126,0.0510204081632652
mHmIoIGOfpidrS1fYQ9PbQ,-0.24488112984803334,0.0,0.0,280,92,0.0106358111266946
mHqsNKj3UPMcQwGu-akL-Q,-0.05625032140138053,1.0,0.0,625,64,0.0
mI3d2h5I2rbzRmBjAcD-8A,-0.29686194199677374,0.0,0.0,43,23,0.0730434782608695
mIfISzGcOgxifjlYwU9vqg,0.2326147572180386,1.0,0.0,65,14,0.1071428571428572
mIwPIJqIqAaDVZHJTtodbA,0.254927885896159,1.0,0.0,90,8,0.0
mJCSttB63SaPVZOW3YWhhw,-0.28222065181861083,0.0,0.02,130,56,0.0892857142857144
mJVNXkfExLzzsXvbaY-ymw,-0.06327787659406503,1.0,0.0,22,7,0.0
mJYm5ronkSp2hDI71rdKxQ,-0.13926723229418847,0.0,0.0,151,73,0.0
mJ_itjZYQ_OA71q2NaWE4Q,0.008759645718601106,1.0,0.034482758620689655,89,34,0.0771065182829888
mJbTRr_AJ8rDG78L8Min9w,-0.27311569127059043,0.0,0.0,168,64,0.0151442307692306
mKTQek1QqB7xQcPBMzfG6g,0.10017142677650859,1.0,0.0,14,8,0.0
mKZEuPNLVe4yRL0UfxFPTg,0.15024632540022576,1.0,0.0,265,104,0.0361467236467236
mLF5l4rFV0JaD1xsB2IPng,-0.4610358269646585,0.0,0.02702702702702703,100,47,0.0399478940512376
mLJcCIhUdVYAlYHeVdg77w,-0.09790029759601782,1.0,0.0,151,80,0.0121913580246915
mLWZQtqebGFaHGN6Ix6Tew,0.07113879535782952,1.0,0.0,15,5,0.0
mLWsfI_NGEFyEEDyzwBfxw,-0.03173971569727618,1.0,0.0,264,96,0.0
mM4vtt-BVT_80J9JSKdw7Q,-0.05176154060492277,1.0,0.0,19,9,0.0
mNEWPsCO8ARHEERFw8JREw,-0.4060532183302567,0.0,0.0,216,51,0.0362560118386978
mNO9pUXwxP2VgOhXIPOdgw,-0.1993540563210473,0.0,0.0,789,45,0.021256038647343
mO_QmDdeC3mXzd1EVvL-JQ,0.06923839666534592,1.0,0.0,24,7,0.0
mPEemzmB68ThtuKhVXE3BA,0.16541192008865246,1.0,0.0,15,11,0.0
mPUHKEOvrmH-uLzvzrOt-g,1.0,1.0,0.0,10,9,0.0
mPZzpjFxy5lN-3yTMDDbnw,0.07490310039809045,1.0,0.0,206,46,0.020814061054579
mPd-C_r_ElrhJWfeH_CMTw,-0.2917247847944021,0.0,0.0,136,56,0.0
mQ8qDT7Y4X7e45bSHOqL_g,-0.1810291698117089,0.0,0.0,452,97,0.0197854837030095
mQtDQblKR8-RY295XLyGMA,0.04042209755951187,1.0,0.0,59,14,0.0
mRTRMo-M0B_9fMOnzzMtsQ,-0.10984284755719753,1.0,0.0,139,50,0.0192156862745098
mRZ9QFaMTbUOhdrzrYQ8fg,-0.25237750650757335,0.0,0.0,39,27,0.0
mRpk0A4u0hnF0lNe1h4hGg,-0.21664689109998497,0.0,0.013311148086522463,2013,886,0.0286716329714507
mRtGKvoxQLSh-tf2qBBoLg,-0.2597776066500451,0.0,0.0,147,34,0.0739268680445153
mTEbLavIWB1gNKX-cjqATw,-0.08600526830324606,1.0,0.0,179,29,0.0
mU8d9qbaUqJ-XTd5Ood6Kw,-0.13390250392226455,0.0,0.0,12,5,0.0
mUPwpNYMyoqxqXOmUOFmSA,-0.13478163010624478,0.0,0.02702702702702703,86,41,0.0232288037166086
mUt4Bdk36wcfA7ySWqAoYQ,-0.22853891358686274,0.0,0.0,115,57,0.0
mVKutQZg508LcqRYXeAdWw,-0.29291257403453747,0.0,0.0,33,10,0.0
mVZhzTJ5xoneXa9XMWRyCg,-0.1515238575748169,0.0,0.0,18,9,0.0
mWZOPkusdImQRGwhyrymaQ,-0.09749005575979452,1.0,0.0,206,83,0.022962437987243
mYOFkbJq_SDnUaN_BDEkZw,0.29285020338325696,1.0,0.0,16,6,0.0
mYpMQvpdD78ZCZj_8XPUQg,-0.10671084408724751,1.0,0.0,64,17,0.0522875816993464
mZhgrM010o3JkaCZO3dXRw,-0.1985589998973447,0.0,0.08333333333333333,36,13,0.2081447963800906
m_5jK3w7t4CS2ReIZI_grQ,-0.4118669097703805,0.0,0.00558659217877095,717,196,0.0148446313198646
m_HRFuR2STSP-8pqDvLH3A,0.07321699357302647,1.0,0.0,867,108,0.0178451178451177
m_K5001QBKloP7FVnDyLUg,0.02867959323261937,1.0,0.0,22,8,0.0
ma9v_hyIJtb63dtXfVnamQ,0.4820736913596162,1.0,0.0,15,8,0.175
maDs1YYOCLPm3-qlRNAePg,-0.020206373231852925,1.0,0.0,16,13,0.0
maJZn4JZtCQRdVCSzD0Org,0.0,1.0,0.0,6,5,0.0
mabF2emQIQUf0QX2QA9LsA,-0.027806215157086922,1.0,0.0,24,7,0.0
mb1NchJIUHRvGJcNInjv_w,0.0,1.0,0.0,28,26,0.0356125356125356
mbzW1gqMXxy5hDkB3h2tmg,-0.28716197119054954,0.0,0.009259259259259259,474,126,0.0438912938912938
mc1uhOwSoZ-lMMcRiRd4iw,0.28219784089460087,1.0,0.0,28,13,0.1128205128205128
mciSzNKFRZ3HGgeSDuwUcw,-0.19667557195033186,0.0,0.0,119,91,0.0107501194457717
mcmOeaoHlryrtogjd3tooQ,-0.03258687214183886,1.0,0.0,430,177,0.0266964673744334
mdNm8X3vcedYXQ-vwc7OKQ,-0.27890407209436363,0.0,0.0,128,81,0.0343915343915344
me-gE1a7-DRGK9oeuCmbrw,-0.17345648529024693,0.0,0.0,657,95,0.0201844818231144
mf1udZPfiikBAND9upDdoQ,-0.40315211821621433,0.0,0.0,226,126,0.0153769841269841
mf7M1IxaoCRoM4-jJsyblQ,-0.24558347225555566,0.0,0.020833333333333332,162,58,0.091594827586207
mfTE6x39X0vjNhy8mBwp0A,-0.21897828920601936,0.0,0.0,51,16,0.0
mhEClxuKxv8UWXPm1tSPyQ,0.3131269601014804,1.0,0.0,9,6,0.0
mhI0-30BOKtoWNmUJw21Ig,-0.11556845827695716,1.0,0.0,340,106,0.018169112508735
mhK2uIu7F06ypYdQ5ndmzg,0.04360064935632135,1.0,0.0,82,9,0.0888888888888888
mhj9KWNqKnEAb55-94ZzfA,-0.25937626739784875,0.0,0.0,479,197,0.0196479531277622
mhkPodUyu4xQe5QBXXlYdA,0.021798747417159703,1.0,0.0,21,5,0.1333333333333333
mi7JfdCRLfxzFG71oW0I1g,0.03413857686478883,1.0,0.0,108,57,0.0473684210526315
mioOXRIczhdsavNtFjnnoA,0.1744141527971922,1.0,0.0,39,8,0.0
mkfZtqEYfekrKiJgI6TS6A,-0.3755888683577996,0.0,0.0,28,11,0.0757575757575759
mlaj6BRLOVtlEMRTZhUVvw,0.00944342087520944,1.0,0.0,1032,75,0.1113725490196078
mlwJfMFNERB9cGgrB4Uppg,-0.20875118492154265,0.0,0.0,42,17,0.1235294117647058
mlxJy8BKHKpRglLXWCyoNQ,-0.22752974789889258,0.0,0.0,41,12,0.0
mmSTPGfCVNtR30ymISw6Lw,0.3737950046660503,1.0,0.0,17,8,0.1499999999999999
mmrDkJEIxvXqBs-cDCnVZw,0.10829306683022633,1.0,0.0,15,6,0.0
mpf51URhzEQQjc186BKUcA,0.01878603893145525,1.0,0.0,306,114,0.0252661568451042
mq4iu4S3FDvX-z59hGzpqA,-0.19951790734278285,0.0,0.0,145,64,0.0151442307692306
mqI7dRVusi8Ktwvx5-p0hQ,-0.04315883228951384,1.0,0.0,21,10,0.0
mqKz51qAxfcBaUhNCGcysg,-0.16844924549182994,0.0,0.01912568306010929,1463,486,0.0504857250579582
mqlriZ2dy-tf9-jtYRdRqw,-0.27809813312830256,0.0,0.0,576,48,0.0
msIS0f3xGr0SQFqkQ1wM3A,0.35552283318196254,1.0,0.0,18,6,0.119047619047619
mskYyOH-xVyBlBn9OLqu4Q,-0.32041095287667726,0.0,0.00966183574879227,817,241,0.0663900414937759
mtXTk0-IRTS8d0w16ihRPw,0.27444200761641335,1.0,0.0,24,5,0.0
mtowE4p6gOgyGrHAsMz-rg,-0.4111587309841395,0.0,0.0,99,31,0.0302419354838709
mv9uuDPJDaxl0zJ5cEhpXA,-0.2836056121351691,0.0,0.025,456,95,0.0556539864512766
mvJazJqQvm7CO7kykpDptg,0.016670466652723537,1.0,0.0,35,17,0.0990712074303405
mvL5FhxCmZ1Im8lFgMu4fQ,-0.34744338939818836,0.0,0.0,80,26,0.0356125356125356
mvd1kW4JG3zghPyUHQO24g,-0.22355557356882605,0.0,0.0,171,69,0.027760767503572
mvhxTBUXIsM4judjBE9u0A,-0.28215200234464954,0.0,0.0,81,40,0.0237804878048781
mw-Vn0mmSTYR1ZkQaHdeBQ,-0.18221877412114895,0.0,0.05,79,27,0.0343915343915344
mwEZX3sq5gvUTGzpm-E9Jw,-0.007131180077877275,1.0,0.0,160,41,0.0232288037166086
mwHeR8ad_drLy95cf69TPw,-0.04935355070006048,1.0,0.0,63,22,0.0
mx31XU-QJIxObRGH_qvy3w,-0.17581798704392576,0.0,0.0,40,23,0.0730434782608695
mxSD-ijR1IXCliF_m9G4wg,0.5267489494441214,1.0,0.0,60,8,0.0972222222222223
mzcC8OPdnkKbfimmvqedOg,-0.2726004931938125,0.0,0.0,126,42,0.1409523809523809
mzrrU4MbX0CHuDAnZb7jXw,-0.04582074215512533,1.0,0.0,36,11,0.0
n-WO5netYEXLiC6bBJrF4A,-0.43264679985224586,0.0,0.0,16,8,0.0
n-qNp5n_GJTntIyiZWzeJg,0.13472066683910922,1.0,0.0,64,34,0.0739268680445153
n04MPaNrNSUJI_ogOfb3Ow,0.08846541408382647,1.0,0.0,21,6,0.0
n07XNC-z_uWZWG8xJZ8YfA,-0.36863364569483187,0.0,0.0,27,11,0.0757575757575759
n0Mf1XEY90VplwcqR_2tGA,-0.1398615103697055,0.0,0.0,49,6,0.0
n0s2eCijdheztrvfk8BeTw,-0.32169829352274953,0.0,0.008695652173913044,243,144,0.019982993197279
n10ZO6Bx75kqYtQg6pkJdg,0.6464602934348138,1.0,0.0,10,7,0.0
n1i7yciuoS2_6_g7ix9jlQ,-0.07693600954277413,1.0,0.0,191,62,0.0439205955334986
n27SxISfVxNPWZARYIYwzQ,-0.35263232717366766,0.0,0.0,59,30,0.0
n2LA9JJRhrC5DzpkFhhy-w,-0.11672781327044923,1.0,0.0,110,29,0.1128526645768024
n2PM7rljiYFN8HROzdneeQ,-0.2501535672780536,0.0,0.0,409,141,0.0203900709219859
n4Q9OvVDD4I8OjAsMziZhg,-0.051467480796450915,1.0,0.0,59,19,0.0
n4XdEzFBySM8_D_uJqSToA,-0.22611042084853994,0.0,0.01639344262295082,231,90,0.0818181818181817
n4iXrGYnpfTeR2_y006xPw,-0.4287028206640245,0.0,0.0,14,9,0.0
n6zEr09OC7WigrxfQ4rjQQ,0.6464602934348138,1.0,0.0,8,5,0.0
n7i8dOHL-RTBcSv47u73Hg,0.3204775313468499,1.0,0.0,19,8,0.0
n8F6d2M3vGfQSZCXy_2ptg,-0.14985251373889774,0.0,0.0,182,9,0.0
n8KfQqY4U2j8iZ4cjq8dPQ,-0.1730328113916353,0.0,0.0,38,17,0.0522875816993464
n8yGo_YJneGjOWQHNHLj8Q,0.05308454364190285,1.0,0.0,437,132,0.0483431436668846
n9T2k7tu_5uLAYi5r4Y_Yw,-0.0935125942477486,1.0,0.018518518518518517,365,150,0.0430148619957537
n9mvAPvzNjEE3qmly4vOLg,-0.2971773509350795,0.0,0.0,105,49,0.0376150460184072
nA8OwIMCvBXVbEJALcF4Yw,0.3131269601014804,1.0,0.0,11,8,0.0
nAZEMdurfbWLxl9dryfgeA,-0.0960593446992748,1.0,0.0,1415,116,0.0321839080459771
nB0dV8yPv29F3-CFMPG8cw,-0.43211008182167326,0.0,0.0017006802721088435,2826,726,0.0298892554627474
nB6wv6EY7ExXdehFs6sB4A,1.0,1.0,0.038461538461538464,89,80,0.0838068181818181
nB9dev-4Wzxo4NHJkQQmUQ,0.003080915744390067,1.0,0.0,57,38,0.024966261808367
nC2hMQoR57q_a5lHdAZOxw,0.14416591012447444,1.0,0.0,20,12,0.0
nEAxkQ4m0rbSAjD8mxaVrQ,0.19235320014775414,1.0,0.0,18,10,0.0
nEP-AgKGA_-sEpotsTIhjg,-0.0799606693821513,1.0,0.0,62,24,0.0
nEvSHcdH7IE0zVdqcxlc-A,0.2074302756928479,1.0,0.0,24,15,0.0
nF9pEi7NxvMWXZYTHOhdew,-0.028426350136169565,1.0,0.0,89,20,0.0
nFKHu5DJMMXktBsSrOpU2w,-0.3073067867881855,0.0,0.0,249,49,0.0
nFdDkQNfy3bOLrs1Wdn7ow,-0.18773813705020137,0.0,0.0055248618784530384,496,221,0.0602423498734565
nGFWg8F1dvDW3iasvyOEBg,0.0772847313914572,1.0,0.0,29,15,0.1481481481481481
nGOxr26XkyuUuihyK8RsXg,-0.08604620596123358,1.0,0.0,163,19,0.0
nHsoeVL1dXs9ZNjmdrlPuA,-0.07780374864201123,1.0,0.0,348,72,0.0618686868686868
nIE7ph1w_bttQMJQx5hUEQ,-0.04489740259524988,1.0,0.05555555555555555,149,91,0.1419497933259401
nIitlcVPluCbjA6fbKJhJA,-0.019432258268824665,1.0,0.0,100,6,0.0
nJaofGlu3gAClv_1Kw5sUg,-0.04648768868692066,1.0,0.1,32,13,0.0659340659340659
nJcpA8LGYWg2XKSK8T5aug,0.5890430846056726,1.0,0.0,16,9,0.0
nKGHbVaymrq2xjMM9mxydg,-0.017766071257614535,1.0,0.044444444444444446,216,57,0.0735710243350311
nKdvOAenRN4WllzGJ3hd4g,-0.3391947635808273,0.0,0.010309278350515464,332,102,0.0096135541595279
nKgQfX62h5aJJA0m4gMX-Q,0.09006824016058201,1.0,0.0,31,25,0.0
nLCZiZrqZ3LtdifCv8et7g,-0.15104967774606004,0.0,0.0,99,32,0.0
nLSxxer8E-c2Zs_asUvbzg,-0.16327970767962918,0.0,0.0,143,43,0.0423772609819121
nLjDhc5lzWe6g5b6iUpzMA,-0.020181504797396332,1.0,0.0,22,6,0.0
nMDteyIwo3zLbqm45xBwFw,-0.27906762339743274,0.0,0.009708737864077669,365,176,0.0164740985271711
nMLZh1mfsg9RpmwtIAlq4A,-0.27596574033398114,0.0,0.0,295,64,0.0426772388059701
nMn4CTJQPXqpgLltYQrxMA,-0.24328408954424985,0.0,0.0,998,240,0.0121913580246912
nN4-5uvtqTsBBI4Gsf8jcQ,-0.3093568605224507,0.0,0.0,156,22,0.0
nOEuF2LUxnHSqjLLbg8VKQ,0.49775448014088153,1.0,0.0,12,6,0.0
nOc4sJvuD04e2yqYmIos4g,-0.0754878251791663,1.0,0.0,24,5,0.0
nOtxdJst7a0oxMWb7Sdteg,0.6745243334234746,1.0,0.0,13,7,0.0
nOuYFVtC-I1-dPOToQqB7A,0.38582245037547647,1.0,0.0,20,6,0.0
nPfUxvE41sjRJqZTUj-qGw,-0.23928884239822323,0.0,0.0,258,86,0.022198731501057
nROgQ9JIN0sjv-i5R1rHcA,-0.13280110627002661,0.0,0.0,73,21,0.0
nRv9MgxFMhONywEpxyI6uw,-0.10541097311445169,1.0,0.07142857142857142,35,15,0.1019607843137255
nSKLosQgplp35Y5MiYtOUA,-0.3480591127564762,0.0,0.0,131,62,0.0566959921798631
nT8O_5KgbgGvMyIRVqL6pQ,-0.18327770947419608,0.0,0.0,121,43,0.0
nTBStZYJfHGdSZJbpaBiPA,-0.29699473253791264,0.0,0.001072961373390558,2951,933,0.0125350890624202
nTXcWsIA8gPpnNYrmmkhKw,-0.19293328520469,0.0,0.0,33,7,0.0
nTq_BaEGkIjTHhKvnuc4Ng,-0.24670775091319042,0.0,0.0,129,49,0.0195918367346938
nVUg4KZp8ZeHtkaVSO-1Lw,0.5601845807780106,1.0,0.0,16,5,0.0
nWhAxQw3bAsvXg3Oe91okw,-0.31122936311155924,0.0,0.0,37,13,0.0
nXG84STJU1y_AvevXABHuA,-0.3242640416054582,0.0,0.037037037037037035,92,37,0.0485100485100484
nXJ1dAI-UGbXfeaI_b1abA,-0.024048129325040524,1.0,0.0,111,44,0.1136363636363637
nXs1n8LOS10SpxfqEshFsQ,-0.0270337940016111,1.0,0.027777777777777776,114,51,0.069162210338681
nZ1p5FRHlrtMSXx18jRFqQ,0.053486017894377014,1.0,0.0,28,19,0.0
nZZc4_SPb3UxD2AtDEtugg,-0.12889837286818895,1.0,0.0,394,58,0.0166569257744009
n_7EQxn0ciucIOJfpWVaTQ,-0.11786449361418594,1.0,0.004622496147919877,3113,738,0.0463169857505028
n_RyzuCAiR4yW2JLkl0Jng,-0.4934850134899146,0.0,0.0,59,21,0.0
n_kAyrRnu5UApY2jfAhvvw,0.16541192008865246,1.0,0.0,13,9,0.0
n_wXu0dBd7hoBeMgMgQl0g,-0.2413979235271283,0.0,0.0,1222,83,0.0341832446063323
naN3lrbHYjCTVZjBgFb53Q,-0.052098216257825514,1.0,0.0,398,25,0.0
nacRf5nG7Cm5Dhfl7Ijlmw,-0.24265748530928832,0.0,0.0,90,19,0.0
nd1wLaVXyk86yECj1ffwJw,0.16979150681138944,1.0,0.0,199,73,0.0259360730593607
ndQEgmIjLxSsDel3U-hPhQ,-0.05409779282510652,1.0,0.0,346,132,0.0
nePr9450kf-eEGYD-Qn21w,-0.27431391453837073,0.0,0.004597701149425287,2112,619,0.017201323178706
neR6xLcJKsAunowFe5Yf-g,-0.02326672529505447,1.0,0.0,63,14,0.0619047619047619
netWsdUBNbYMkCgUr5a0dQ,0.15317665210388454,1.0,0.0,35,7,0.0
nfZswvgO6iC-zIcWKbCFCA,0.12849944006207928,1.0,0.0,16,13,0.0
nfa_qLZeaDKI80h3TS0wcg,-0.29048169286754477,0.0,0.0,281,139,0.0139803051176081
ngN3yfabddV-YkTO6WI4_A,-0.023764374594725468,1.0,0.015384615384615385,330,86,0.022198731501057
ngkjYkjJcPQ28gDub3R0IQ,-0.03425262343876956,1.0,0.0,85,36,0.0
nhxrObNImLPh94m40Q8HAQ,0.3734096051100245,1.0,0.0,35,12,0.0
niV3iDWcxuKFOJr3qWp9pQ,-0.24628052359058172,0.0,0.0,906,96,0.0561683006535946
nj2Dah8x5kVwOEBZ46FX1g,-0.11589292311095123,1.0,0.0,215,45,0.021256038647343
njdcYRIB9FqwMwAE_wJuVA,-0.2033863552411861,0.0,0.0,168,20,0.1108695652173912
nk9CYmNy0mxuu3dosjyV3Q,-0.26765690887032517,0.0,0.0,126,45,0.040661938534279
nkqjHy8jqKkxBhmBB_-Dyw,-0.15459701741131715,0.0,0.0,767,108,0.0090893645939515
nkw6BhHRlJc2jhDSJy9dtA,-0.3650332773338838,0.0,0.0,99,64,0.0426772388059701
nlBbduGlFLoHMQ1Icln3Nw,1.0,1.0,0.0,7,6,0.0
nmDK6a60DErPjLD9lxcjfg,-0.5026270526146893,0.0,0.0,142,61,0.0307051782461618
no8Sj8Eflgka2LFdrYFG_Q,-0.218614128358121,0.0,0.012594458438287154,1811,439,0.0623467261183539
noBinj5ChHbPCHfqTcUO6g,-0.3073816311160358,0.0,0.0,808,247,0.0303564340716044
noRCd744AD5cAT0nuq5Aaw,-0.14897019977836878,0.0,0.0,33,16,0.0551470588235294
noRT1heGkIflS0_S2ciF2Q,0.05510318510936285,1.0,0.005714285714285714,470,207,0.0273525209226372
np56UXojrRQOaBvBHoLHkw,-0.03275916754928565,1.0,0.0,81,25,0.0
npDpDAJ2-tjAabqN4p3c5Q,0.4245077488731269,1.0,0.0,331,25,0.0
nphMADgWEWqQ_CM_-tWFMw,-0.08765227509616458,1.0,0.0,100,42,0.0
npyH-DyEMLhDMIqEedmB-g,-0.2477796428589566,0.0,0.0,263,16,0.0
nqGjZMGQ7ypfxn2KmyBW0g,0.10777480269650153,1.0,0.0,593,149,0.0257051366407858
nri-2NUmwBZU17pC_SQlXw,-0.015852220620741986,1.0,0.0,58,33,0.0
nrkJ9yY915jq3LjWywkruw,-0.4180135818214336,0.0,0.0,76,37,0.0
nrlYIT438hkDub2ifE8DHg,0.025944881455140067,1.0,0.0,55,21,0.0
ns0RYfhXBADuEeuEQmTl7A,-0.2982493808685824,0.0,0.0,68,22,0.0
nsZYVtv9l7Vyf9ZolUmYUw,-0.45923588833563656,0.0,0.0,34,15,0.1481481481481481
nt3s_bLQirMU2WysUQ62Sw,-0.005838598163580899,1.0,0.0,92,11,0.0
nu271G06WiOoxi5QEhmvnA,-0.10557102734350043,1.0,0.0,45,9,0.0
nuXgC0Jvks85kwEnog7Paw,0.21790137276735255,1.0,0.0,34,11,0.0
nwUFPclGP8sMNyjJXiSPZQ,-0.30317585591781815,0.0,0.0,59,10,0.0
nwfUGLlKaF3D3OPS4idFtw,-0.0934233384401485,1.0,0.0,64,12,0.0
nyyPT7L3MnNp-jUTFdsibg,-0.13851426835793124,0.0,0.0,180,77,0.0126540126540126
nzGPYlzhmvCxTfPKKRQurg,1.0,1.0,0.0,9,7,0.0
nzqqtNencRTeCaAMS75Z_g,-0.1716638444118873,0.0,0.0,134,8,0.0
nzqx3NJ1Yf-1bugLNikSCg,-0.09793645539954676,1.0,0.0,707,215,0.0266021256445332
o-JguBmC-oWAShOmFdWxcQ,-0.23599867223416082,0.0,0.0,16,5,0.0
o-KbL5aNSNEIxeINaihQMA,-0.253593315869056,0.0,0.0,29,7,0.0
o0jh0G07cEmL4EYusZe3JQ,0.7769412800591017,1.0,0.0,10,8,0.0
o0mk2xOzMpVlhGtzMXdp6Q,0.24042986198075778,1.0,0.0,107,16,0.1041666666666667
o1Vs7jjK0_hu5L5h_ZgBNw,-0.18233652856899185,0.0,0.0,104,25,0.0369230769230768
o1bd3WLl4McflqjDTJTdHQ,-0.10397993980376907,1.0,0.0,772,364,0.0260034083563496
o1j6x_XniimFUe45JIusBw,-0.033398782722663056,1.0,0.0,58,6,0.0
o2547RNviHXFBXIzGTatlg,0.6464602934348138,1.0,0.0,8,5,0.0
o2k6jpXlYFPrDck3j7bHgw,-0.04574143035780964,1.0,0.0,53,12,0.0705128205128204
o30cpvfgxHr6NQ5pvSb0Qw,-0.18582326681267625,0.0,0.0,119,39,0.0462789243277048
o3RGMdSY37_PX1k1vZsXpA,0.069412957720285,1.0,0.0019267822736030828,1504,541,0.03124142332327
o3th9ES21lN4V97XwDa4eg,0.16053431703552912,1.0,0.0,282,13,0.0659340659340659
o4vxgBM0_fcwu14O_EqgMg,-0.40294222152025355,0.0,0.0,230,104,0.0094322344322343
o5DMQMa45xWM3mZqTVmsuw,-0.002173089226745195,1.0,0.015267175572519083,392,153,0.0670231729055259
o61HRHnzNDcU6eMKZaB5wQ,-0.23841147983747046,0.0,0.0,18,10,0.0
o6QW19rG1Xsy_ySsxqkpxg,0.1330182891235422,1.0,0.0,66,26,0.0659340659340659
o6UMWlDpZQDaMZrQhCwHiw,-0.12024578983858702,1.0,0.0,33,16,0.0551470588235294
o7mN59QlAoL6dJctc014MQ,-0.1397550517950975,0.0,0.0,41,7,0.0
o7maiIUu3OmqMvmUB8YW-Q,0.24676596846149523,1.0,0.0,37,18,0.0
o8LebIdVCcy1o0bSD6nT2w,-0.27387887089877544,0.0,0.0,304,220,0.0298558269923907
o8VR_4C-krOcgHiMoi-g6g,-0.08099272207935027,1.0,0.00392156862745098,1113,296,0.0556464107419523
o8aFtFrZcWp-twnIgdqwyQ,-0.26448686823001033,0.0,0.0,124,10,0.0
oAyDxwEJ5pT-cCwNnc6dRQ,-0.143057755225236,0.0,0.0,192,22,0.0
oBMzl8M5hexc1ZviiWl4TA,-0.3086375731333501,0.0,0.030303030303030304,52,39,0.0243589743589744
oBNrLz4EDhiscSlbOl8uAw,-0.1054042390872042,1.0,0.00236630383341221,15473,5193,0.0133373075867266
oBXdVA8_gHq2ML2dkv6nhg,-0.1474161147709886,0.0,0.0,41,12,0.0
oCzilfqdkNW0ihGVSXQWjA,-0.38547616373581595,0.0,0.0,101,27,0.0
oDDQUnbC0RCYJBjc00NRew,0.0,1.0,0.0,6,5,0.0
oDKGXVSQfegQt1QU9KLiJA,-0.1812512830797236,0.0,0.0,92,50,0.0
oDl1Zh9L7rM3o5RNur0kZA,-0.06401942133727734,1.0,0.0,77,18,0.0
oDlF5bfcQrYkjK4D4_Nw9A,-0.18010780086155448,0.0,0.0,702,240,0.0390999999999999
oEAnZPD8Z27Us5SEGgqHTQ,-0.24206642699402486,0.0,0.0,213,46,0.0
oEcWJZDKjFbTXcOt4sqE1A,-0.030854223127079083,1.0,0.0,61,13,0.0
oF1UsRAffQ5c7cw-1AUvew,-0.22967090773535837,0.0,0.0,245,58,0.0466365178066705
oGQb9Cx9Sk0Lvuns1Wf3tg,-0.025447653292380967,1.0,0.0,64,28,0.0910138248847924
oGS8C5zuCqqj8AbsH7R8Uw,0.07743382239135621,1.0,0.0,16,7,0.0
oGdbvXKXVCQ8WC_GQePDkQ,-0.35360168763273914,0.0,0.009900990099009901,873,358,0.01620725643072
oGlMIii5HyrvOx-GtTzsbw,-0.2872730038746737,0.0,0.0,65,36,0.0262762762762762
oHMUB2xSWRY_7fXXKRZ-_A,0.18063811464117052,1.0,0.0,407,85,0.022447599729547
oI9KX_Hd_ofs6c-xJdX6JA,-0.01640952650190375,1.0,0.0,29,17,0.0
oIS7C1oeQHS8-CxKB6uqFg,0.3129745203900589,1.0,0.0,28,11,0.0
oIr50siZDtDYCE_p5K8nYA,-0.25758567299654833,0.0,0.01282051282051282,440,246,0.0344492268452094
oJXKb2Y80tiRi16jYNmpIg,-0.14066624701896902,0.0,0.0,475,97,0.0197854837030095
oJaf0e6k7vcolmRO96ckUQ,0.1603929024148365,1.0,0.0,42,23,0.039855072463768
oKvzmVhA1dKf-UARX4EpzQ,-0.25312010047798206,0.0,0.0,161,60,0.0311827956989247
oLV14RPXy_gCS9gvlAofSg,-0.12588224017755223,1.0,0.0,132,39,0.0659340659340659
oLawoBd5XG8-56bYZHk1aQ,-0.09586972289262707,1.0,0.0072992700729927005,495,174,0.0471389988066075
oMwgGoawoMEqvgcy2FKVug,-0.315713720742807,0.0,0.0,51,13,0.0
oNZBLadCTPGpm25rmtoiUQ,-0.029076003127944894,1.0,0.0,27,5,0.0
oOTk19z-imx6Dp2rlPOv-w,-0.3314500428589634,0.0,0.0,75,20,0.0452380952380953
oOmEd0K-1rpGo5FmvijMgA,-0.2744318564687037,0.0,0.0,97,15,0.0
oOpC3Xp-aV_y5yqOSSx1PA,-0.3994480302456761,0.0,0.0,94,17,0.0
oPN5j1BNvFFM13AvFSBXjg,0.1792342446780768,1.0,0.0,22,7,0.1071428571428572
oPiqiBdRbvaMTzPlYNeZ7Q,-0.09364770813796508,1.0,0.0,146,41,0.0232288037166086
oQUcuppwkPqDjkhXBXNwcg,-0.03261523600722582,1.0,0.0,131,11,0.125874125874126
oRY9axuwOQSN4HbTu7obtg,0.029843084712785295,1.0,0.0,63,7,0.0
oS02owt-XB2RtDbogYyn-A,-0.23271093977874902,0.0,0.0,663,50,0.0
oS91GprO3PRFDd2La4nz4Q,0.10710942857395678,1.0,0.0625,39,24,0.0705128205128204
oSHQxAD_q9MwRHQo9UGBPg,0.29466892464916405,1.0,0.0,13,6,0.0
oS_i_WSEMwNulxRECiM00Q,0.3459786201011946,1.0,0.0,14,6,0.0
oT5Bidkfa7cGOp1806ryXQ,-0.3148894203165137,0.0,0.045454545454545456,159,28,0.0619047619047619
oU-vzdE38Nk6gAr4yDy6ew,-0.32272503503764527,0.0,0.0,130,54,0.0975308641975307
oUL_aYOsontAz-zJ7pUQ0g,-0.1659056837132198,0.0,0.0,190,42,0.0227021040974531
oVMf5FvsD7_HmBc3B62Zxw,-0.2311476635226225,0.0,0.0,139,53,0.0806766428106702
oWTakomAvtGSB85UwnIOSA,-0.1367784423999212,0.0,0.0,306,141,0.0
oXr3EhnQCqA8SNWIZ3H4Fg,-0.295333645188605,0.0,0.0,1061,358,0.0343853995693355
oY6osC4Ch3PvguA7D1hh_w,0.020766926821579323,1.0,0.0,19,7,0.0
oYF96W1boB-0E3g3i8U_zw,-0.24123955573261424,0.0,0.0,328,113,0.0404979751012448
o_zQZbVFi665kqa_u2YoTQ,0.047189678775634514,1.0,0.0,163,14,0.0619047619047619
oa4bCkow1hrF6pqQCT6EGQ,-0.16054122493538092,0.0,0.09090909090909091,39,15,0.1098039215686275
oaboaRBUgGjbo2kfUIKDLQ,-0.2622849756315042,0.0,0.0,2140,593,0.0131315710465693
obIckr-3bLCOTGatfedk6A,-0.2761520321570864,0.0,0.0,147,26,0.1802884615384614
oc6_IVWcfALGuXM7ZEz9uA,-0.24300826479491533,0.0,0.0,268,13,0.0
ocNvlc_zH3VdBbRpB6kwoA,0.08094777073762283,1.0,0.0,305,126,0.0432900432900433
ocvQV-47kkkG19z8tmedpw,-0.06739096898329355,1.0,0.0,86,28,0.0619047619047619
odPkQbmZAfsqe2GI760Q0g,-0.26408104710492053,0.0,0.0,194,30,0.0
oe_mNXHcqx_NTKL6YCfw4A,0.14346677165311705,1.0,0.0,163,77,0.0570161545771303
oenwq6HeMQGonbzrMNGoQg,0.4193407534670564,1.0,0.0,23,11,0.0
ofoNjqi3JY_m7Iuy5oJzdA,0.5,1.0,0.0,9,7,0.0
oftZCuhr2tw4kv2Bsixeww,0.03760922068780337,1.0,0.0,53,9,0.0
ogS8iBWPsN0BsaTjYqXMew,-0.1817875078553014,0.0,0.0,129,46,0.0
ogbVNDA-sYfO7oX0KzqOCQ,-0.17916747664531885,0.0,0.0,149,57,0.0473684210526315
ohIBOQgD3M5CohT4BGpJNQ,-0.3530842394245878,0.0,0.0,56,36,0.0
oklGt-CSgK6EyAIUT94Ukg,-0.2974489442547237,0.0,0.0,157,43,0.0434108527131782
ol6ATB97MdIuhm6yAGOeMQ,-0.22132269556903583,0.0,0.005076142131979695,1953,486,0.0366825571446034
ol6Z_mQyAEKI3bW4Cd01sA,0.08048160013473271,1.0,0.0,47,5,0.0
olqTsVDufyeaqXx585Uv2Q,0.11596648279121191,1.0,0.0,177,15,0.0
ompDR5sUDpoI6gnTldmneQ,-0.24469633422006432,0.0,0.0012987012987012987,1993,770,0.0258246178600161
omwO39xLkwrW5cU7glOeWw,-0.07659842650608462,1.0,0.0,25,19,0.0
on8IOJvb1mkHx_eXiMnV1w,-0.432529392766007,0.0,0.043478260869565216,72,31,0.0302419354838709
onLvuAKTdabG_tSXkuqYCQ,0.021638284981124634,1.0,0.0,201,76,0.0249662618083672
oo3Jpr_Nqw73fybrQjpcHg,0.5538825601182034,1.0,0.0,9,5,0.0
ooUI-JC2tu0J-vavmOHZYQ,-0.251811019646754,0.0,0.0084985835694051,1407,440,0.053969957081545
opU4dlmPxPNQBrgzgy7TDQ,-0.1235694386258206,1.0,0.0,27,9,0.0888888888888888
opXKYWR9jYc7ZdQsjfQSDA,-0.050871577243363775,1.0,0.0,141,47,0.0
opjF_JN6Kpr5zWxBhkGC7w,-0.0448428315878564,1.0,0.037037037037037035,52,33,0.0536796536796537
oqJw3lpaoUMz5LtEpZ4Y0A,-0.22870282066402448,0.0,0.0,12,7,0.0
oqVdjXJCEOkzLkmQvrBBPg,-0.14802030771787555,0.0,0.0,1022,165,0.0230948538640844
oqYUDzhTzsw9N_Z8f0Q9IA,-0.1502428949239919,0.0,0.0,166,46,0.0
oqZrIL_hCfWKrbETRVmvlQ,-0.29843352272843926,0.0,0.0,141,49,0.0
oqbhVgliVJH-iRa3AnD-3A,-0.23180644182080834,0.0,0.0,4030,810,0.0178451178451177
oqw60IDy9yAf8euM0C4eNg,-0.0064403782417511435,1.0,0.0,16,8,0.0972222222222223
oryxEQldKf-FVqRgP5SfrA,0.029788602486205074,1.0,0.0,257,15,0.0
osOONoA8wMF5ZpLWUS7VOw,-0.1404716148967422,0.0,0.0,1355,232,0.035895693232222
oskXqC-K0AFLtgbTA4D3gQ,-0.2762092831493824,0.0,0.017857142857142856,557,199,0.0374335445342657
otJAPyE7thHcLuFCM8Wtvw,-0.1636480158204967,0.0,0.005,560,255,0.0261637479419247
otlORLZ8uZM3_orBFl2z7w,-0.2485762136951536,0.0,0.0,434,151,0.0065353781805506
ou24typ9w08S_WS8piWa1A,-0.20316143469895942,0.0,0.1,77,15,0.1019607843137255
ouXwzUhtm3hnVUo79IebLw,-0.19461661491319038,0.0,0.023809523809523808,277,58,0.0466365178066705
ov8_PI6uHVEMODtdwX96gg,0.5721073867878477,1.0,0.0,16,10,0.0
ovBGKwbm-x9mQ-Vd-L0QgQ,0.3131269601014804,1.0,0.0,8,5,0.0
ovC2avD35bouIDnxJfWHGQ,-0.03733665091236904,1.0,0.0,999,52,0.0
ovTOR6ci8a43WEWm_W7MMQ,-0.21774328047914737,0.0,0.0,454,141,0.0203900709219859
ovWd_lbvnK1dQSkSkQRfpg,-0.22287537643644728,0.0,0.0,376,97,0.0100988849147907
ovXCLLeR56KBxAMyEdM15w,-0.20334411374033934,0.0,0.0,87,37,0.0256045519203413
ovui6FywmF-MCY8QnwoBLw,-0.17420090954737355,0.0,0.0,296,69,0.039855072463768
ovvpslfuo-XDQ8PSvjszxQ,-0.2858207421551253,0.0,0.0,49,24,0.0
owjryf1VM333UrGOnHzqDQ,-0.22635237258618468,0.0,0.0,26,11,0.0
owrGcj5a7W0QnWA7HwJ2Ag,-0.4086853017598441,0.0,0.0,301,92,0.0405344202898549
oxFAic55QhHFgLph4jERzw,0.06289927194555722,1.0,0.0,23,6,0.0
oxsTUf9HsYXVdJSXsJdabQ,0.10446632436546266,1.0,0.0,113,28,0.0
oyJdcjCTGEM2KiGqyJaFwA,0.2256841116655791,1.0,0.0,36,17,0.0
oynwmvwg1CUYCk0-VpZlAg,0.03187721803246868,1.0,0.0,65,42,0.0432900432900433
oyrz4wG_0cI2xStw8Ct22Q,-0.14343502766271798,0.0,0.0,118,40,0.0237804878048781
oz5GyYc_R2-CB10nrV1Psw,-0.2493371838933518,0.0,0.0,39,24,0.0383333333333333
p-P6Vwx5TVXgnk6mNcV0zA,0.1292434011779895,1.0,0.0,187,31,0.0
p076WpKLPb0IDlo-6c39GQ,-0.21971655698775772,0.0,0.0,555,43,0.0920542635658914
p0WJbIveBMc2B4jZ3ZjLqw,0.12368551908350256,1.0,0.0,108,24,0.0
p0mxscqr7BgMR-I4pGM3Kg,-0.21015026472586373,0.0,0.0,433,132,0.0
p1BPKxK3LFyy9lkXGA-0zA,0.0679292300973191,1.0,0.0,43,12,0.0705128205128204
p1Y8bMd0ixx1dzj9oTjEOw,-0.27282870065875,0.0,0.0,127,59,0.0163841807909606
p24n1vScP_MHxJVPrao-jA,0.017757472770789318,1.0,0.0,29,14,0.0
p2SakAsYqdAvLqPpAhkekw,0.10685056166774987,1.0,0.0,58,10,0.0818181818181817
p2kC-cD22QAQzIGD8ZuqFA,-0.11842067636709908,1.0,0.0,819,73,0.0259360730593607
p3qatJIq6b8Gd_k7hwpHOg,-0.24175197405391524,0.0,0.0,52,21,0.0786749482401656
p5pQ5PKXiEc4yLxsL4TsFA,-0.17935295480053648,0.0,0.0,404,32,0.0293560606060605
p6JxfR9ebAlIlpm674F-dg,-0.17497220409176406,0.0,0.0,2048,280,0.0367574864997546
p6yHZaiijFq4b4P3sYSRjA,0.06378368735077877,1.0,0.0,60,34,0.0
p73i2GDzPRZJbYBa8qtpSQ,-0.26106071709866385,0.0,0.0,767,146,0.0067561271083775
p7UGlPkE3Gagm9Mq7aHfYg,-0.2638466178707828,0.0,0.0,1293,251,0.0333741955255899
p82PWptZxgIY34qRbKMk5Q,0.04925955708870544,1.0,0.0,43,20,0.0
p8V4zEEYZvZnZh9f8k5KZA,-0.3297863644522865,0.0,0.0,389,52,0.0
p8sIj80pLuzyDZW_gLAIlA,-0.17776401023967991,0.0,0.02127659574468085,132,53,0.018169112508735
p8sgZPvVq39bIklMO7x6ng,-0.20044422430998476,0.0,0.0,127,43,0.022198731501057
p9eonMRsRquzgmwIy0s9qA,-0.3449861544103684,0.0,0.0,637,71,0.0266255064634381
pARcoIwXlijaXVCfp5jdsQ,-0.1520793252248046,0.0,0.0,47,20,0.0452380952380953
pAwtNwMQC_EcuX6opGskWQ,-0.12169733131680127,1.0,0.0,69,18,0.0
pBl1CSeYKbWMSrqgglIMDw,-0.29615196663821064,0.0,0.02040816326530612,678,356,0.0504870906048289
pCdHHSIYirmUVSQC0y4YaQ,0.3847753474950496,1.0,0.0,40,18,0.0497076023391813
pCjWFP6aC0hE9QugVCTpiw,-0.1465271131340946,0.0,0.0,95,71,0.0
pCpHrr2sUS58szoseyF2-w,0.025238382430884165,1.0,0.0,56,28,0.0332512315270934
pCxSjSpNUh4ry3dBWPEvmw,0.04971105340784321,1.0,0.0,53,17,0.0522875816993464
pDDwhEfUVhXYqpZ0NFLNcw,0.3131269601014804,1.0,0.0,9,6,0.0
pDInXOZ56x0oa4qI-YMSbA,-0.19358762181391487,0.0,0.0,323,41,0.0631929046563193
pDUcsN79bDwhOMBaD_tm-g,-0.17043757587857433,0.0,0.0,909,229,0.0210502743253835
pDo76a2t94988yqfaMWeBQ,-0.16741398130155094,0.0,0.0,478,85,0.0227180527383368
pDqwlUlcYZUIzRGHLYFr3g,0.09793242301763772,1.0,0.0,51,19,0.0473684210526317
pFQSo_TvT8-RDTHc_-PhlQ,-0.16472265711587808,0.0,0.017241379310344827,719,97,0.0100988849147907
pFoBM2CKL6PORYUplVvuFA,-0.18021664576053065,0.0,0.0125,610,96,0.0642192556634304
pFpQAuoPfhHCbXnHarxxtg,-0.1328761115477134,0.0,0.058823529411764705,109,56,0.1028911564625851
pGRl61t6HcvqvvRz0Shr7Q,-0.08562298467913554,1.0,0.009433962264150943,509,267,0.0315095261358084
pG_VmYfvQ7ELc3ySasCN_Q,-0.23112282200321377,0.0,0.0,112,56,0.0332512315270936
pGwrPSAlwMvEnOsFHqB72Q,-0.17453287563621245,0.0,0.0,420,105,0.0093441150044923
pHJW935sD41OiCgQ2MAOBw,-0.09805871994089835,1.0,0.0,20,12,0.0
pICJRcyqW1cF96Q3XhLSbw,-0.1263301579127839,1.0,0.0,225,58,0.0
pJguU0TyaIcrqIxp30d_kA,-0.2710439740692732,0.0,0.0,37,15,0.0
pJlg7kXLJC5HFNTTSINNhw,0.30332879889138686,1.0,0.0,16,9,0.0
pKJu-pK6GWgPSaYhaEzZGg,0.33746194737143664,1.0,0.0,19,9,0.0
pKccrz26dHNUcR5ShhoKJw,-0.1961174398817967,0.0,0.0,19,15,0.0
pKykk7lnD6Tf9wSzJYRyJA,-0.1999771958619635,0.0,0.010869565217391304,1573,111,0.0335291813552685
pM1M2A14mNXz48KCcQtz2w,0.037547812639664446,1.0,0.058823529411764705,183,17,0.1352941176470588
pMIps0jIDadJuWqxP6MNQg,0.053882560118203304,1.0,0.0,12,8,0.0
pMK3BNK9Mk0jopvoVACwbA,-0.36392162969205777,0.0,0.0,85,11,0.0757575757575759
pMLv5hzklGgcNMKr4xnhbw,-0.334565100959198,0.0,0.05555555555555555,111,36,0.088888888888889
pNf55jk_wLt8KO6yuz70MA,-0.41953537564763277,0.0,0.0,337,39,0.0462789243277048
pOCjLcWQskQjRPi6zdLvAw,0.16659161196207162,1.0,0.0,62,35,0.0269841269841271
pOQGEGN_UrH8rtKea0WKRA,0.04656202488968475,1.0,0.0,44,26,0.0356125356125356
pPy84w7aFZ6kD0qvMT_0Ng,-0.23259962360504227,0.0,0.0,218,29,0.084051724137931
pQdlYJiblnNDP2L987daBQ,0.25351270440075513,1.0,0.0,71,12,0.0
pQx2aFqw5s7N5ThMYlqDzQ,-0.25684832412039293,0.0,0.0,414,34,0.0277310924369749
pRf9_8_RNSjlRo8YrfqtOQ,-0.27430842835456504,0.0,0.015267175572519083,813,147,0.0376150460184072
pRuQpgFGDh4wYP3nU-mg9w,0.2769412800591017,1.0,0.0,7,5,0.0
pSjT5Att7iCjpTi5hDhsAQ,0.35839998748942076,1.0,0.0,18,11,0.0
pSquMmdxtM5FFQYeNlcGAA,-0.07504879975489354,1.0,0.0,167,56,0.0332512315270936
pTDG360oGFvWJV29BY0tSw,-0.05278799899204689,1.0,0.0,83,5,0.0
pTRRpEu3Nz2xTExQljL7TA,0.3150207781623332,1.0,0.0,31,12,0.0
pTanA4AfvywjZCYWupCeug,-0.34576505464721696,0.0,0.0,109,37,0.0
pTeatktHioSoawLSCzfgKg,-0.04667806452333978,1.0,0.0,18,6,0.0
pTy5tFm9y8uzMjXhjWweFA,0.09898919739700618,1.0,0.0,114,66,0.0
pV6N5Ku0FoybJpKRRiZl2A,0.09969103007929103,1.0,0.0,21,5,0.1333333333333333
pWAmi4uwpLGjInPSb7Et2w,-0.03659876986075017,1.0,0.0,17,7,0.1587301587301588
pWDE_rueENu_f5HKA_AsWw,-0.19700035203624766,0.0,0.0,713,159,0.0239225218968244
pWny9VNzQlvDXV_Fw3snjQ,-0.16192782132702677,0.0,0.0,110,28,0.086405529953917
pWuoHHu0LuVrD0HjadDygg,-0.3564407118184606,0.0,0.01182033096926714,2459,1065,0.0520851574812999
pXKUrKDnNzEW9rD3urTA5w,-0.13272973418836992,0.0,0.0,59,32,0.0293560606060605
pXb7pDVPayyElIqVlh1FOg,-0.4814894620361748,0.0,0.0,23,5,0.0
pYyShHmDznH4b67OTuMmWA,-0.24388513778384635,0.0,0.0,63,27,0.0
pZl68OjM4Fz0Ms0raK69Bg,0.036728600493111996,1.0,0.0,22,10,0.0818181818181817
p_2-bZDYefZTD21erlZh4g,-0.11376753082116337,1.0,0.0,161,76,0.0249662618083672
p_JcylEbz2yZiJnGOYXEvg,-0.020912877831589127,1.0,0.0,138,29,0.0
p_g_AjXjRGXN_IyGAzuIMg,-0.31946696021798937,0.0,0.0,80,48,0.019982993197279
p_qSQwShIgQnNxGcajI4-w,-0.2665220661321754,0.0,0.005867014341590613,5737,1868,0.0349810948835751
paN9whOcxhHpGwE6oAI1sg,-0.3332293433147802,0.0,0.0,216,79,0.02406626035318
paO0ETshl56TNSaEyzm9Cw,0.4425258134119161,1.0,0.0,112,33,0.0757575757575756
pb1oZS_fVHwBkw3ysqF9pQ,-0.12613371824889108,1.0,0.0,115,70,0.0521235521235521
pbAfraRFRDsyvSB856dryg,-0.16917615982269507,0.0,0.0,33,17,0.0
pbrxNztUAp8M5zoQplPVTA,0.33840123013924983,1.0,0.0,18,10,0.0
pbsxTKD_Yn1RIvjneNVfrQ,0.4351937537859928,1.0,0.0,42,17,0.0
pcbXrSi22TkYvUTqkPK_IA,0.06735320014775414,1.0,0.0,39,30,0.0311827956989245
pciiiaOrxsuruqVVH2YQsg,-0.027911926118238117,1.0,0.0,273,50,0.0547169811320753
pd1XNEPorncrBED2e8CgHQ,1.0,1.0,0.0,9,8,0.0
pdXEjhNzy5YERGk_wBA9Lw,-0.3111104918972647,0.0,0.0,51,21,0.0432900432900431
pdeYZLIkyURty55Rg7vW8Q,0.23573176469010482,1.0,0.0,222,35,0.0
pdrSPbOJVsvTZpAfU2nddg,-0.1548801665314547,0.0,0.0,20,8,0.0
pds8bhq4azIP28OhTiLsDQ,-0.27675964677940734,0.0,0.0,14,7,0.0
pe1uspK6xnVuVgLXFIjQlg,0.0005402590366408999,1.0,0.0,37,17,0.0522875816993464
peIWQGr3YPWNJC7SnS74wg,0.07308645636745525,1.0,0.0,256,9,0.0
peXEcAZSMQZEdKJA5AgXXg,-0.11907728106792537,1.0,0.0,197,121,0.0235937083444415
pgEEHd7S83QsF6IFdWJkwA,-0.15196777958968666,0.0,0.0,252,29,0.0600667408231367
ph54YN8EgbbDjJzW8agf2w,-0.07423777608460003,1.0,0.0,42,5,0.0
phE5cET1ucZrGdfd7-ZY3g,-0.4026365334613949,0.0,0.0,125,33,0.0536796536796537
phQZ65kaARzcL1fAquR8LQ,-0.17257592980771996,0.0,0.0,235,96,0.0199829931972788
phh8Fo60_xBmNXyvdovTbQ,-0.34831213186483534,0.0,0.09523809523809523,130,34,0.1153846153846154
phsLOuBeiYI43hglvWK96Q,-0.25035315741841313,0.0,0.0026041666666666665,1211,437,0.0421212864718163
pi8-7F-RlfGyiaMy9s2oEQ,0.5,1.0,0.0,7,5,0.0
piPnsKY7GE-B5KVQs8ubsA,-0.19105963485216126,0.0,0.0,285,124,0.0230505461010921
piSFtzkXxkpU1q9a66ot2w,0.11681124910777052,1.0,0.0,42,24,0.0
picPFi6JAQ6VDQUCOqftmQ,0.7769412800591017,1.0,0.0,9,5,0.0
pj2A1tMl-p2ozYHS6FvHJQ,0.009959121658034586,1.0,0.0,109,27,0.0343915343915344
pjxRQazeYbjfmlquc2D4Vg,-0.3042884449472546,0.0,0.0,50,24,0.0383333333333333
pk8qkVzhj2M3O3CEiv3veg,-0.10921018701201657,1.0,0.007575757575757576,435,168,0.0227021040974528
pl3uFIN3os6ZAkrhXh_mIA,-0.06136589043144125,1.0,0.0,36,14,0.0
pl5Aa-czd1t0eQBCCFUfTw,-0.10273714358857378,1.0,0.0,59,13,0.0659340659340659
pmnaMretlgmAA96i8Z7NFw,-0.13193518427346962,0.0,0.0,267,145,0.0068020784128484
pmx7I4YUau3RHczvKmXeeQ,-0.36255076054018237,0.0,0.0,27,10,0.0
pnBPGy8iiBVkyVab7SCCsg,-0.4445105514448805,0.0,0.0,102,12,0.0
pnDavnO86ecVdnecksUW9w,-0.33244534765620376,0.0,0.0,166,83,0.022962437987243
pnR9ex4IWiYrnexU6qNP9Q,-0.07880292453885979,1.0,0.0,24,12,0.0
pnpFjGwgCWS7CTbLu6PDpg,0.25558118472231683,1.0,0.0,29,14,0.0
pokplllvDH7X9-n_3IEj_Q,0.036405353416817055,1.0,0.0,90,33,0.0791245791245791
pp1WQCg_2nr7Ght84qSSyw,0.4618327733954126,1.0,0.0,10,7,0.0
pp7n4Oiexz69Beg7Xl8Tjw,0.13895216334141192,1.0,0.0,447,136,0.0211066440964875
ppFCk9aQkM338Rgwpl2F5A,-0.17496070224366378,0.0,0.0,448,56,0.0172305764411029
pppt4oXbVdApscY5UiTHwg,-0.13866814532147076,0.0,0.0,207,82,0.0232288037166086
pq7CAQGsxjaFcMLmhdbbvA,-0.3021235116202078,0.0,0.0,132,18,0.0497076023391813
pq8x9lii-ZV1U4RJVG29Lg,-0.1323016245385058,0.0,0.0,786,156,0.0
pqO3306gXylthbj1nE2Gyw,-0.23605843348386069,0.0,0.0,137,50,0.0376923076923076
pqi8jMdzeYifbQfAnZfj1w,-0.26004379872314204,0.0,0.0,126,83,0.0117613310384394
pqiFIcObG_qW16x9cHcznQ,-0.012879914625193889,1.0,0.0,367,94,0.0104143337066069
prZjGYZFtZ05e80cSEYyjg,-0.3253387348963549,0.0,0.001763668430335097,1733,640,0.0433908582089552
prjIpYF01D2XpWoXy3mSLw,-0.15006679369805043,0.0,0.011494252873563218,574,104,0.0272286125089864
psvwCDbjNu7WhzGk5uLa8A,-0.20658720289432297,0.0,0.0,151,77,0.0126540126540126
pt0SLWdKuqrv7KRMgpOhLw,-0.25814195709568444,0.0,0.0,695,38,0.0473684210526315
ptc5JZ2UOhuuGyVLodbEnQ,0.27551701781695503,1.0,0.0,28,10,0.0818181818181817
puDcIJMwP0H_vy9Ty8HFFQ,-0.258284413850812,0.0,0.0,348,39,0.0
punjQyM6mXEIfvWyYVBa2Q,-0.3038030808849969,0.0,0.0,597,236,0.0356105153925976
pvC022Q2HIsSg0dNksS7bQ,0.6464602934348138,1.0,0.0,9,6,0.0
pvGBHwMceiP6c6L41aL2tw,-0.06904908592989922,1.0,0.0,77,34,0.0277310924369749
pvy9pj_kCKNBX5sdn-YlnA,0.053882560118203304,1.0,0.0,12,8,0.0
px3bYo2g-MGGTYAs0CH6Qg,-0.1291759205818548,1.0,0.0,217,21,0.0432900432900431
pxj9d7QlRzR-bF4rJFCRhw,-0.19557435216879593,0.0,0.0,219,49,0.0
pxuMxh5oC7W-PDN9wwvozg,-0.35900634670856424,0.0,0.0,315,44,0.0217171717171718
py5aKmlTB2NarfsfcOpHOQ,-0.2477427972440186,0.0,0.0,177,55,0.033811802232855
pyC19rtFOuoicvkgk6VcNg,-0.2062825989979039,0.0,0.0,1599,24,0.1033950617283949
pyOOxah5FFNAkENc5ajbyw,-0.04486791924950695,1.0,0.0,22,7,0.0
pzGBno0OEeEIAjB45h3O0Q,0.2769412800591017,1.0,0.0,10,8,0.0
pzclcGZd0fZmLb9R8SNdbA,-0.314124686706187,0.0,0.0,163,13,0.0
q-XV-IvzAekuAvD9yp-4OQ,-0.04079442941155009,1.0,0.0,41,14,0.0
q-dcHGK0ur8O2F9AI_0Ilg,0.024633602867987436,1.0,0.0,81,32,0.0569852941176469
q-m9__XyqMhuX5cValqS2w,-0.21142726634513886,0.0,0.007352941176470588,504,150,0.0311827956989247
q0tB0ch5cFQQBSp5nUXRCQ,-0.2499554826063337,0.0,0.0,645,12,0.0
q0xcJfaHQaP4tR43LQrLPg,0.1259842046859906,1.0,0.0,62,40,0.0645348837209303
q1VOESxR99qJvpubnNxyJQ,-0.3286623803362883,0.0,0.0033333333333333335,822,341,0.0278049310307375
q2s15GwZr6NdTH-HtSirsA,0.5538825601182034,1.0,0.0,11,7,0.0
q3QIAx4u8BLBOhwca2UBjQ,0.006029412781568766,1.0,0.0,83,18,0.0
q3lJFu0b0VuJkbMKnb1F7Q,-0.4287028206640245,0.0,0.0,19,13,0.0659340659340659
q3qHHAMG8v748fe2z0EsCg,-0.3221371749715085,0.0,0.017241379310344827,952,400,0.0398381294964029
q4qBHYyO9d1aMcHUXJJOvw,-0.2917269379592001,0.0,0.0,155,34,0.0
q4wV6JIHvaMp0CQKPDp1kg,-0.36669774078958794,0.0,0.0,364,73,0.0259360730593607
q5Kb63rdNPDJ0MoVtq3KLg,-0.11792630864038378,1.0,0.0,22,17,0.0
q65rexCPby1q3kHpKNkMwA,-0.12532521700801957,1.0,0.0,144,34,0.0277310924369749
q6HaBDtVLApz8f2L9UluNA,-0.18363407756102745,0.0,0.0,98,12,0.0705128205128204
q6Rln6JUAr8ALqbTNZs2ag,-0.295585446463578,0.0,0.00468384074941452,1675,468,0.0471562087415746
q6qZzQbIDnl54kH-4BIA6Q,-0.37235624103979226,0.0,0.0,24,10,0.0
q72up2Av5yNNVPk7vdKg9w,-0.36611491933592744,0.0,0.0,385,133,0.0480128893662727
q7kwvOr9Cr3isDn6r-FaHA,0.3957119441677936,1.0,0.0,33,15,0.0
q88CESQa0al2CQBPi187xw,0.003920418832101924,1.0,0.0,45,17,0.0522875816993464
q91Nic7yJuEAYbKzX-vKcg,-0.19837214606734987,0.0,0.0,104,58,0.0166569257744009
q9Pupuw6Z2b8WaYK-MGt4g,-0.2972673633901276,0.0,0.00411522633744856,686,302,0.0502916813718368
qA3yd3WKjUqMlnfZPBEFjw,-0.10374701032980138,1.0,0.0,316,108,0.0
qAYmjp2zObRayfpYVUN-HA,-0.3750706198256143,0.0,0.0,77,22,0.1850649350649351
qAtqgUcGrwv6yHatMb2w0Q,-0.1911231078157366,0.0,0.0,225,51,0.0
qAwhPrxjEuHjNY9h7X01YA,-0.12322741494512457,1.0,0.0,89,57,0.0169388989715668
qCjN6OhBOSsxd0Tfnvf8pw,0.382454878908273,1.0,0.0,14,7,0.0
qD2fr80U04Fk-Ctx0H_vtg,-0.3262926037590686,0.0,0.0,103,19,0.0
qDheewhaZNDWLfpsrrrRiw,-0.11413243348233293,1.0,0.0,45,22,0.0
qDkAJSYGOsXIr3XhC4Hl4Q,-0.1313932762739244,0.0,0.0,74,13,0.0
qDz3dmLlGrra33ZkDAMkaQ,-0.10492828839525115,1.0,0.0,440,152,0.0473684210526315
qEBL7U0kW4lkptcd_4wWbg,0.08815879263674198,1.0,0.0,194,99,0.0
qEQVDlj9GoNRAHzZ2PF4Vw,-0.3178094380025645,0.0,0.0,82,35,0.0
qFKjD2yN3gDqkoQEs51KZQ,0.039470860155141785,1.0,0.1,29,12,0.0705128205128204
qFbBDbIjAKdqxJnHu7SoOQ,-0.36608745110955687,0.0,0.0,111,15,0.0
qGEcvCAdOGqaHMCg5izq2w,-0.08007219774825325,1.0,0.0,549,47,0.0
qGktl0XjPNgc1nRJavkLGA,0.044561130727446385,1.0,0.0,114,17,0.0
qGtPd-sk178XvrN38D3kzQ,-0.28337917243542954,0.0,0.008450704225352112,1071,394,0.0264022059284325
qHqh7Zt8Wckr1-ylCOaiDw,-0.11983787084339415,1.0,0.0,40,6,0.0
qI41bbsoa2-eiLKHsiVAhA,0.053882560118203304,1.0,0.0,9,5,0.0
qIXKDEIC4jURpJYDUZtyew,-0.10432352593064476,1.0,0.0,180,86,0.0
qJ6pn9u4hl9L-DUbEXff_Q,-0.36802630391868096,0.0,0.0,40,25,0.0369230769230768
qLIb2QTmlj0WWBV5klE6hA,-0.4194132979158865,0.0,0.0,310,147,0.0132401954070218
qMJbwSUJQxzTaHyTvGiiCQ,-0.1609856764081944,0.0,0.037037037037037035,269,27,0.1099163679808841
qMt524_PRxRfpbGkVFaWjw,-0.012469179788665574,1.0,0.0,44,14,0.0
qNWKQTIiE3hxHrqE6itK-g,0.2309378618089074,1.0,0.0,12,5,0.0
qNXAR7i6Tb3m0J0UBurj6g,0.48132333814102546,1.0,0.0,159,84,0.0432900432900433
qPPE4N1zb-lQfAV-Zu15CQ,-0.3059349790742282,0.0,0.017543859649122806,286,72,0.0604256854256854
qQO7ErS_RAN4Vs1uX0L55Q,-0.31880368309587503,0.0,0.0025906735751295338,6994,2062,0.0178102628054133
qQrNp9Q_-1GC1eRGv-HZLg,-0.25220679885206615,0.0,0.0,93,48,0.0705128205128204
qS6aoTPVBLl4yN3AB8bfBw,-0.177145918392843,0.0,0.0,44,13,0.0
qS7uSZdQ3f0HqYSSaiYQ3A,-0.34365884374438327,0.0,0.0,126,10,0.0
qSfTZcLbm50K1i_vgqBhqg,0.04244817707333404,1.0,0.0,137,49,0.0376150460184072
qTGVwZouVL6AbRILdtwSlw,0.08082384017730493,1.0,0.0,32,15,0.0583333333333333
qTtI4lWQo2Y9At3CrlXtDg,-0.21913260225063447,0.0,0.0,95,49,0.0
qUH2FppY7RL96F5tXzA0hQ,-0.25646676885085795,0.0,0.0,3955,633,0.0153506347369531
qV-fAuhroG1am3WpNobEng,-0.15237435825782286,0.0,0.0025575447570332483,911,539,0.0214351373283185
qVM5QFngP4RnTyGQAprIJw,0.35552283318196254,1.0,0.0,25,14,0.0
qVVz1sRZVNH2xt865M64Dg,-0.1194697254220688,1.0,0.0,143,43,0.022198731501057
qWhYKRqQf1RRUzxZdXbM_g,-0.10422292200042138,1.0,0.14285714285714285,51,17,0.1352941176470588
qXctAMyV6n9PSjPQuUSEpw,0.23438457399165924,1.0,0.08333333333333333,116,27,0.0938271604938272
qXzkHqSTxtyTiKqzTtP0Ew,-0.3639046124512458,0.0,0.0,66,29,0.0321839080459769
qYjQyfMw_UOJztjmapyHTQ,-0.4086872687519371,0.0,0.0,246,109,0.0580512496045555
qZF_3GegBnpVC4PjAHDrXg,-0.18081810850754776,0.0,0.0,138,41,0.0442427680090753
qZa7ClLmG89oI09E6QUnyQ,-0.09223279448900756,1.0,0.0,928,154,0.0189014806849201
q_1xjztlLeeYo12GBsuZXw,-0.3727629631672144,0.0,0.00980392156862745,262,120,0.0526902887139106
q_CK-buoiPFNDoNNU1yb1A,-0.1816271868845204,0.0,0.0,256,32,0.0551470588235294
q_CpQ7sOSC-Q1aum7GXbsQ,0.12084851253052409,1.0,0.0,67,12,0.0
q_S1dx9WI54X2Ll1pBW-9g,-0.11623291118127943,1.0,0.0,247,76,0.0249662618083672
qa0LSF3qMsnxFRROeEQaXA,-0.2591730938434641,0.0,0.0,252,92,0.0487449574181981
qaDImxPguQz0jToNYvB1Eg,-0.36823508175692427,0.0,0.0030864197530864196,908,369,0.0257988859571973
qaEqiGzQ67ief_yoKP97Hw,-0.0254209746698143,1.0,0.0,35,16,0.0
qbt1zCsv5aDQoGGjTfbV2A,1.0,1.0,0.0,6,5,0.0
qbuWNMBSqrvHFJsUU-gQlg,-0.03995515152078122,1.0,0.0,30,11,0.0
qcPU5zGuX5yh-m2nd6xQVA,-0.11714224669635742,1.0,0.017094017094017096,1074,148,0.0256045519203413
qcclrilFObdpGcn9Uj4lkA,-0.130190411795849,1.0,0.0,248,28,0.0
qck6waU6WlXBesRKmtsWfg,-0.24344310021130589,0.0,0.0,1394,235,0.0499313658201785
qd-36RpoJTypGyvlRpRp2g,-0.1989922299549184,0.0,0.00980392156862745,277,138,0.0468265867066466
qdKCj1XsTCgTql1iuPB5lg,-0.40702081250944133,0.0,0.012048192771084338,286,92,0.058340727595386
qdvEM3vJY5vi3fM1x0b10w,0.09502144277531555,1.0,0.0,266,69,0.0532062735755409
qfKcc--dmGurMudBkVg8Tw,-0.12679183258959958,1.0,0.0,123,15,0.0583333333333333
qgAIg5FCQl5bUNpYvg_SbQ,-0.49314957955529587,0.0,0.0,145,37,0.0485100485100484
qgwOoCqT86uzrAoDAcWU1w,-0.12070643386071855,1.0,0.0,122,30,0.0
qhoPBAD0RP6F9bWKo6mjcA,0.0006257967879350623,1.0,0.0,107,49,0.0
qhtvmfRicW2pFR6EosVJVA,-0.034160037056527814,1.0,0.0,296,89,0.0214841338436844
qi9hrMHDUnpUsHZPAnhIrQ,0.28207369135961624,1.0,0.0,16,11,0.0
qievsN2fQbRZXywsQFf1AQ,0.3038825601182033,1.0,0.0,13,9,0.0
qjkxF-JjH3JW4hlftSq7KA,0.260520667312335,1.0,0.0,12,7,0.0
qk2g-tKFjNKO8_MtFrOATw,-0.17660315593062226,0.0,0.0,59,10,0.0818181818181817
qkMMO794-59404bUiJ1Odg,-0.10359535045714807,1.0,0.0,667,174,0.0475158595565605
qkMMkIdghXUiN7eMNSpiHg,-0.1485547620476524,0.0,0.0,131,14,0.0
ql3jAWijsUf1-JdPLG2-AA,-0.2528180679373115,0.0,0.010869565217391304,189,112,0.0332512315270936
qlO8LCXgSAQ_Kz2hMM3Zyg,0.13558647737487872,1.0,0.006622516556291391,239,151,0.0535596026490066
qlRE9dbbQdDbdeL59Mkn8w,-0.2600231273364145,0.0,0.0,1061,198,0.0372658625085811
ql_-U6RfqR4hbyZfSIZECQ,-0.368762037701672,0.0,0.0,192,54,0.0497076023391811
qnTszlGgzUBu44tdQR7QgQ,-0.20305226943384314,0.0,0.0392156862745098,666,57,0.0473684210526315
qpFvoENzTuy4WHk5R1qAFg,-0.12317317041538778,1.0,0.0,58,23,0.039855072463768
qpLXjhAYATp_j_SBRUtjIw,-0.22197008192441947,0.0,0.0,80,52,0.0185050798258346
qpgkWql42qgW095udiCLYg,-0.14717750163801224,0.0,0.0,154,44,0.0
qqpMcKlimSqNSJghEDMPbQ,-0.30455869038683403,0.0,0.0,27,5,0.0
qsc66GLioJicWLYn7VG9LQ,-0.39293792758666496,0.0,0.0,53,8,0.0
qsm7SkX60JsajT7Yz248FA,-0.2726669488963114,0.0,0.001394700139470014,2675,800,0.0454642857142857
qtg5d6UmDVFeUw5ZKVBl4Q,-0.2934847470036068,0.0,0.004366812227074236,598,246,0.0445893993823658
qtgKa_QOPJweLiOGceMESw,-0.18763024527743066,0.0,0.0,24,11,0.0
qtyF_DOueK4JwFn8Trsr2A,0.029632170387666412,1.0,0.0,37,16,0.0
qu0qoXXxVVDxMaof1SFzXg,-0.29334232860832454,0.0,0.0,42,21,0.0432900432900431
qu84rS2gClt1MeSb99CrKg,0.04431043686358971,1.0,0.0,30,8,0.0
qv2Jkwp2_Gao3pO0IPqzCg,-0.4377460916144958,0.0,0.0,86,24,0.0
qvZcebJFv1hqdmccs0hoqQ,-0.16574637879714094,0.0,0.0,70,38,0.0
qvnfFOgJOvon_Ak8loYMxw,-0.27389099156109475,0.0,0.0,52,16,0.0972222222222223
qwOHMS_GcwDMY8z55_naUQ,-0.010664419408798365,1.0,0.0,160,56,0.0332512315270936
qxpllw12v4B2seew25aWVQ,-0.27675964677940734,0.0,0.0,18,10,0.0818181818181817
qyGjCSiWBmEGw_zOYcDnSg,-0.1444188152776832,0.0,0.0,42,27,0.0
r-EldXbu3BcEPGudSu0EZA,-0.11268088096643858,1.0,0.0,41,10,0.0
r00ngMUM5cLi5ZmKexELqA,0.39205779573224897,1.0,0.14285714285714285,17,7,0.1071428571428572
r0LJJomHdpbmb8RkxtsbZQ,-0.16015178682986608,0.0,0.0,58,7,0.0
r28E3Magy-W_w2V_0jfMdA,-0.12397497897813814,1.0,0.0,390,23,0.0
r2yGJDvwCCSneV5pM9bGtg,0.46324372041329737,1.0,0.0,46,11,0.125874125874126
r3dO-D1qFn4Jct7KDNvImg,-0.014950350476966134,1.0,0.0,482,143,0.0201168694319378
r4Fb5mUHIhjjpGABPGitqA,-0.16250494281014283,0.0,0.0,71,45,0.021256038647343
r4X9jW4K311nFkutYWrFyg,-0.17342636843545073,0.0,0.0,122,68,0.0277310924369749
r4grxU_cFpq_QE3OCXGAVQ,-0.05863757313335016,1.0,0.0,34,21,0.0432900432900431
r5--kPhTvamXmN7ZMbUUYQ,0.0,1.0,0.0,8,5,0.1333333333333333
r5sQtvsO4OVJgEH5H3uEAg,-0.2811338768351682,0.0,0.0,776,73,0.0
r5yb5JfWV4TryNZlMBHPng,-0.21543669652867525,0.0,0.0,450,104,0.0272286125089864
r7iK-eZzarezCOIChpa8hA,-0.001728410902174904,1.0,0.0,94,56,0.0332512315270936
r8DNf74pfvCdy29fGuwAoA,-0.5399908587186121,0.0,0.005494505494505495,520,228,0.0086193745232647
r926yelr_EJAKQCjdD6AWA,-0.38153239779878745,0.0,0.0020325203252032522,1552,520,0.0149694055944056
rApszehZejreNYb4yymzTw,-0.09391901031370942,1.0,0.0,162,24,0.0
rBdmyvBm0JvnArhcHwg3mQ,-0.24010570466265213,0.0,0.0,282,30,0.0
rBxbG3uiqfYZjRXr40YXQg,-0.18960358022745394,0.0,0.0,30,8,0.0
rC8BSNd6Anq41TVkP92kOw,-0.23705816419226278,0.0,0.0,93,10,0.0
rDV7gCvKjXrF2CZhzZTG-g,0.013462931069815665,1.0,0.0,58,13,0.0
rDk_O0KRIqEYvoBhonLmjA,-0.20433263664658852,0.0,0.022727272727272728,224,59,0.0855280312907431
rDuHKSzTFJT_iyetAsTboQ,-0.3060376274078692,0.0,0.0,522,176,0.0217171717171718
rEQihqQgfngM3nzRl9Qb1w,-0.257920912371959,0.0,0.0,157,20,0.0
rEYWXkpgUbLeWaCylWuJNw,0.6654119200886525,1.0,0.0,11,6,0.119047619047619
rEmjV0nYnFs6OpYSR1QBWA,-0.38912526026516425,0.0,0.0,62,6,0.0
rFZhTARrrlJSEFKDVMib5g,0.6464602934348138,1.0,0.0,9,6,0.0
rFcKVcKc_kCksZWHiJO91w,-0.15642002475922656,0.0,0.0,59,29,0.0
rFj1un-9Eg-3FYGarc1S_A,-0.0023913884676386443,1.0,0.0,82,53,0.0
rFoap6lcuZ2IU6WzQsH1yQ,-0.29924749044024934,0.0,0.0,27,10,0.0
rG0UTjvbmVVsh9-kGzeliQ,-0.2916124349655511,0.0,0.0,274,112,0.0253881987577639
rH0FgPdxWWhH4YFz4mempg,-0.25350026643713275,0.0,0.0,63,39,0.0
rH80UXr5YBv4um7phwwwMw,-0.11265256301800153,1.0,0.0,307,53,0.0505390835579515
rHofsMAKj62iBE8x4iVCwg,-0.313889025346922,0.0,0.041666666666666664,166,24,0.0383333333333333
rIPy-Q-w4hrvcdSbCakXpg,-0.14420483809030515,0.0,0.012658227848101266,452,94,0.0401650021710811
rIYVTWCHyrlHPLIPMnnOfA,-0.274182888709407,0.0,0.0,170,43,0.0
rLIcgitJX35DqjnRIfhKDQ,-0.0921711209856303,1.0,0.0,44,22,0.0
rLVwdLibZQ2XQpTNqrsYjw,0.10265826986659676,1.0,0.0,39,7,0.0
rL_DCiDWJS901E1LqH3xvA,-0.3330876099634548,0.0,0.0,38,22,0.0415019762845849
rLiG5i1Ct2q8qEbqZWwG4Q,0.21839021116315072,1.0,0.0,45,21,0.0
rLkqMqQu4uf-iE4j749fzw,0.04668821867950601,1.0,0.0,100,8,0.0
rLy6X5J4tPvzQ9BTHpsLRQ,0.35843520278095187,1.0,0.0,17,8,0.0
rMXX7YgI45rBXAFYcrPKjw,0.0,1.0,0.0,13,12,0.0
rN3oijuukag6Yp9xfHdMVg,-0.23094072617546169,0.0,0.0,190,41,0.0232288037166086
rNlG6yEM3tI8TBoPyzyPhg,-0.1079026445635517,1.0,0.0,30,7,0.2571428571428571
rOIFpBba2nWVrr7reKgYKQ,0.10683819632090785,1.0,0.0,74,14,0.0619047619047619
rOgdan7fJiLo0FQ2sUGwjQ,-0.2698584268341814,0.0,0.0,180,28,0.0933179723502304
rPBO4EMvyPaXc8XKaBlu-w,-0.24509770847328416,0.0,0.0,64,10,0.0818181818181817
rQiXAJVQxIAEQD1DVTAvKQ,-0.30910285571666857,0.0,0.0,194,102,0.0362560118386978
rQkGuMsXdQ5AQtqk6mzpAg,-0.4071036956634483,0.0,0.0,206,78,0.0243589743589744
rQyJXOiZ39eRJ2l9OMpw-g,-0.31993426615703857,0.0,0.0,320,159,0.0403121921648859
rRj29aGgqsZEELTmoYlYkA,-0.2132567030728013,0.0,0.0,175,82,0.0232288037166086
rS2z1SZHNFHIU0_KWcUgsw,0.43350476010984196,1.0,0.0,13,7,0.0
rShPcpEDUniXVAcC62FrVA,0.44618594174852966,1.0,0.0,37,30,0.0
rTng9EtHrqu_nmLfGWFjyA,-0.0344454471789758,1.0,0.0,39,10,0.0
rUlrzgX_hVZo7xtzbdKwRw,0.053803986420073446,1.0,0.0,460,10,0.1923076923076923
rWS8yiQtgtIelNX8wL0KBQ,-0.3217457851349953,0.0,0.0,84,42,0.0619047619047619
rWfV3Ii_C0iEbMI0PBByaQ,-0.2644083500216371,0.0,0.032520325203252036,468,200,0.0532075471698114
rXAEZx0zt-iCaWlx3woxeQ,0.003080915744390067,1.0,0.0,33,14,0.0619047619047619
rXROtgLbpHRnkqWfEL6YhQ,-0.007942415241626533,1.0,0.0,27,12,0.0
rYTdFa_sH5eE41wfg9LMhA,-0.08245943253687238,1.0,0.08333333333333333,140,14,0.0619047619047619
rZIoDcsE7vsneLXRzkXlfQ,0.26036228333418887,1.0,0.0,16,6,0.0
rZd29McH59UhpsXfDXf_Lg,0.07585339541191449,1.0,0.0,31,11,0.0
rZm_ttIRjTaQyVmD-Rk55A,-0.12112884649969136,1.0,0.0,368,30,0.0
rZtkmrnb-uFhnTFP7lgOEA,0.10141029968454651,1.0,0.0,77,13,0.0
rZvy8V52zR2_2Jt-_WsvzA,-0.11998509403703594,1.0,0.0,43,21,0.0
r_3mqYyAKuGICx8jhwXxyA,-0.05770718318739887,1.0,0.0,115,45,0.0
r_N9LaJuiTaLKIkCAXxM8g,-0.15791205883599368,0.0,0.0,93,28,0.0642857142857142
r_oscENLKdrF2KNyWP4oow,-0.11104775453317461,1.0,0.0,643,105,0.035299257317606
ra8-KYlESFGeK11BG7SCrQ,-0.10794220426775103,1.0,0.0,35,16,0.0551470588235294
ra8alrdPcPn3h65TH3G2zQ,-0.38516452991599676,0.0,0.0,136,41,0.0631929046563193
rbPK4jSyFS10zhWYvo_Srg,-0.23649944756171454,0.0,0.0,245,172,0.022198731501057
rbhFtPqq8ZCKmEU-rY6VDQ,0.09631916458173684,1.0,0.0,19,9,0.0888888888888888
rcXGrE-U7b9MjOJiYZ9SBw,-0.24392560869348745,0.0,0.0,40,21,0.0432900432900431
rccTGDEgn7kwc9-KLx2Trg,-0.3239332444082086,0.0,0.0,76,12,0.0
rdDC5Ts8NZjuGHJn4bqMAQ,-0.2547070957196236,0.0,0.0,98,46,0.020814061054579
rePMk8vWD1fFrg3WoQ_DKA,-0.08730919285135907,1.0,0.0,236,86,0.0423772609819121
rfFJTymwtgcnSdb1BXb7xw,-0.13755555997642488,0.0,0.0,49,9,0.0
rfZXwpaBoXBYWz47NzzyKQ,0.20192579873733696,1.0,0.0,32,5,0.1333333333333333
rfsFB_Z4B-CNTBktcUEbmA,0.2583302429555674,1.0,0.0,68,21,0.0
rgCh1nIqJUPRf8QJM_YjSA,-0.08020851655764138,1.0,0.0,39,18,0.0497076023391813
rgeuy1qbw6Z8B6CSVANHIA,-0.30884576403139186,0.0,0.0007246376811594203,4922,1464,0.0216037722074387
rh3c8tgPyPXD4vj7nC0TuQ,0.43350476010984196,1.0,0.0,15,9,0.0
riJXTWzl2sz2iJSBHL2MsA,-0.037882508644722535,1.0,0.0,73,38,0.0
riMs1_xoDD143yY4i1QVDQ,0.04022290016989638,1.0,0.0,25,8,0.0
rjdUiKAXXYHIH20zVTcPXw,-0.20979623396852254,0.0,0.0,187,69,0.0516180266031367
rkqsFfbdeuXevR4Z3VgFuA,-0.22051001390236724,0.0,0.014925373134328358,164,84,0.0817805383022773
rlVL-Q-fActNnxip07Z1kw,-0.237246712370616,0.0,0.0,387,120,0.016120218579235
rlWSIBm8rpEKZzpG9X9Jsw,-0.2967678397020074,0.0,0.0,106,54,0.0178451178451177
rmPlBsLaXv9mMPltIZO5hw,-0.2885788694066565,0.0,0.0,43,24,0.0
rmvEN4p8to8hx7o7lo8Xlg,-0.3580392516306217,0.0,0.0,144,55,0.0175324675324677
rmzEhkDx9ra4gZ-cVI2TVw,-0.22647861900987254,0.0,0.0,33,6,0.0
rnYZY-xF7qmBCAXKY19LqA,-0.22738247119719923,0.0,0.0,80,21,0.0786749482401656
rpdC86_GmmRBKTvF2_DnEA,0.3131269601014804,1.0,0.0,11,6,0.2083333333333332
rs2OZH_vIKgW2Zk59OnZ2A,-0.15480528036250585,0.0,0.0,102,54,0.0343915343915344
rtvDfe1YXglHBBFG6aQx8Q,0.5191149183233736,1.0,0.0,15,6,0.0
rv1KUBVNQkJ5WUQb49dU0Q,-0.33473788177761904,0.0,0.0425531914893617,326,158,0.051428787993633
rvV9TgsRtMnyTG-KfwaoEw,-0.18183479716901474,0.0,0.0,155,62,0.0302419354838709
rv_1S0yg-YtulZ6gGAVE1A,-0.2664095265019038,0.0,0.0,29,17,0.0
rx1VeHzhyLdMSjdHqU5f2A,-0.23677929784869334,0.0,0.0,97,7,0.0
rxGN3mljUEwNLyE2q-DWcA,0.06187221352346628,1.0,0.16666666666666666,20,7,0.1071428571428572
rx_88M6zPns-IqMTMkpKWw,-0.31208391880767067,0.0,0.0,109,58,0.0466365178066705
rxuRBvc9vSkSEf35VsL4qQ,-0.166877856891262,0.0,0.0,86,27,0.0
rydGLnO6XqB5OIUuGDVMiw,-0.16917615982269507,0.0,0.0,24,8,0.0
rz1xDgl7epuXNqT7k7eZdQ,0.06276552607141073,1.0,0.0,22,7,0.0
s-74t4aQKL2pWeQmIB-c1Q,-0.17439782709731355,0.0,0.0,137,93,0.0302419354838709
s0NYfUhZ4wa5c1c0EPdlRQ,-0.22597602535565353,0.0,0.0,210,57,0.0
s0VpsfcyxwqvSGvvTPyPiA,-0.1721282104589702,0.0,0.0,173,32,0.0293560606060605
s0fsISDcNrNSvGokGRjq3Q,-0.08065001077184641,1.0,0.0,109,15,0.0
s27GlS3WCN7b4dxTpainrg,-0.15379345515470022,0.0,0.0,55,7,0.1071428571428572
s2F9H5wDvH3LJqBfThmflA,-0.16357037433653931,0.0,0.015384615384615385,730,69,0.0730434782608695
s2OOs9ra249GiNQu4idFGA,-0.061534484819559476,1.0,0.0,32,14,0.1160714285714286
s2cSf1IV8t8FtrbK3MLc5A,-0.01857023264370572,1.0,0.0,98,49,0.0195918367346938
s30pUay0opzvriFweACWEA,-0.32635167077444016,0.0,0.011764705882352941,238,108,0.0783113622096671
s3ZR7G5l-YN5fqms8vRSRw,-0.1780714235496501,0.0,0.0,1024,248,0.0371967991997999
s4VzQaUCrgwPuViQYOqC2w,-0.03768194044311102,1.0,0.029411764705882353,205,39,0.0475297060662915
s4aArjOavl28bL5rPQRhRQ,-0.043215293452010584,1.0,0.0,493,43,0.0434108527131782
s4eTJGMrxmnet8FYTOXOtw,-0.08981696470364653,1.0,0.0,63,12,0.0
s4nlPf6kXz97uk0yerqmHg,0.053882560118203304,1.0,0.2,17,12,0.0705128205128204
s4sR4VUo5bzMcpXuiAj-EA,-0.12804490029669158,1.0,0.0,157,49,0.0541601255886969
s5J4_ZJpBqsPYuq8ddZkOw,-0.27460908190829314,0.0,0.0,30,15,0.0
s5LHJu6ALBj0ujBZODHK5A,-0.21953006578412826,0.0,0.0,92,25,0.0
s5bTkc3YfTz2gyiNzlpfIw,-0.342526309217007,0.0,0.0,51,33,0.0285204991087344
s6Q05wZpitOCDU6aIKVx-Q,-0.04602194270295268,1.0,0.0,111,28,0.0
s6nOfGZJpkZ3JplCO9lGiA,-0.08022077668859795,1.0,0.0,715,57,0.0169388989715668
s7MaEXwDnzUcqG16pG7Wfg,0.05738730923443258,1.0,0.0,206,112,0.0499394673123487
s8WKM0XUoNvg9b0vOYHxCA,-0.08698556613005148,1.0,0.0,32,8,0.0
s8eXjE9r0vo78hzb3Br7cQ,0.5861394067821781,1.0,0.0,23,10,0.0818181818181817
s9BgSa45FigvXA-g56JHDA,0.03971443471262104,1.0,0.0,300,42,0.0432900432900433
s9WOS_6UI-E78zw2HCRX9w,0.5157505393460093,1.0,0.0,19,8,0.0972222222222223
s9jc9fcMlsRyoXnWKFal_A,0.3131269601014804,1.0,0.0,18,15,0.0
sA-jrCH-R5741DQ3LWi9Mw,-0.19532391157946838,0.0,0.0,61,32,0.0293560606060605
sBRKxVbRBmeXY9mVwliqYw,-0.2324527737090648,0.0,0.0,97,63,0.0297924297924299
sC0nPDdjkErUhoT1BAduLQ,0.3131269601014804,1.0,0.0,10,7,0.0
sCd7CNY3gqF4hUXdcWJWOg,-0.0005403344775605223,1.0,0.0,133,41,0.0232288037166086
sCkBUXw-GrMvRRxcun-Alg,0.13315873665591393,1.0,0.012345679012345678,643,191,0.0553993758543316
sD2yBIzp0SNYRMD4QfH9Jw,0.09385128133566267,1.0,0.0,92,13,0.0
sDi4t17ttgcIVZqd48EECA,0.08584251353915096,1.0,0.0,181,57,0.0327088908712458
sEMXzxvqmv_HiGJ1KMl6zA,-0.11006751023442929,1.0,0.0,79,28,0.0332512315270934
sG-Z7aIlkmKW7EstH1dH5Q,-0.19617270433358847,0.0,0.0,574,296,0.0
sGMdX8Nfc5OttDsxX1QxQw,-0.20483389327125404,0.0,0.0,11,8,0.0
sGdpqF3LRPMJfr7ickXlgg,0.11784086228980228,1.0,0.0,16,5,0.0
sGnSlJffPkhXb6C61y2ywQ,-0.07463971977455153,1.0,0.0,29,11,0.0
sHwNZLuLZvlVBX17b7RgTw,-0.14994289949565243,0.0,0.02824858757062147,478,221,0.0602423498734565
sIgFetlP6tX1vYWYjkyq1w,-0.1763331679423219,0.0,0.0,135,53,0.0
sKiwf8xmLzp11hmewV_jEQ,-0.26878796051304765,0.0,0.0,1456,176,0.0371025832091407
sKl7n8k58Y1f08SeHv7PKA,-0.041786612542044244,1.0,0.0,37,23,0.0
sL5Rmq0WB3MWOeLlav8bBA,-0.3028322936642089,0.0,0.02,243,70,0.0521235521235521
sLj0JhR6vnR23D2o84ULlA,-0.025337614681316567,1.0,0.0,24,5,0.0
sLw1rA-NK3vm4Pbvzczb8A,0.26549469463470354,1.0,0.0,43,17,0.0522875816993464
sMZe5nmFqffApI_-ReO4xQ,-0.22044321723342208,0.0,0.0,101,26,0.0356125356125356
sMwK2RWL3vpkAH2nCmSV6g,-0.2788925244277417,0.0,0.012738853503184714,1247,184,0.0355964033689961
sNLCzeCWwNBi0QRrIHfwqw,-0.04041274646370585,1.0,0.0,17,8,0.0
sNoPDi--2hYuB2Z_VI8NXA,-0.30773091036527256,0.0,0.0,297,126,0.0366533381800557
sNsTaKQVajoHTltd_HK-_Q,-0.3344437584966192,0.0,0.0,105,13,0.0
sObr37op3k51WFriY2zbkA,-0.15092022753344025,0.0,0.006060606060606061,614,171,0.0758347481607244
sOjbtBWo-m6rpjHv4tA_oQ,-0.16468806460559948,0.0,0.008928571428571428,471,112,0.0408272283272284
sPFVy3YI8viClkH08SPLeg,0.26158852016252954,1.0,0.0,16,8,0.0
sPMAnWj-uipCJwFPc1ROTQ,-0.2913551616623241,0.0,0.0,44,9,0.0
sQWe9s0LgpIAZlGZDIFcKg,-0.11975928695699412,1.0,0.0,65,27,0.0
sRJFxyCjZnmXuZLk6uKW6Q,-0.10621189617408955,1.0,0.0,182,35,0.0
sSB94mIBt36jdFdKisK8Sg,-0.46400177063932757,0.0,0.0,216,38,0.0
sSY87quBd3LjV5Rk-KcPPw,-0.31256640651175405,0.0,0.0,19,7,0.0
sSbbUmWhNmMKRZOHG1BnYA,-0.36233293276808065,0.0,0.0,81,28,0.0
sSzqY2DFUp40XxLlR7ZmNA,0.00995391470153395,1.0,0.0,154,71,0.0
sTQDxlvt1fxBXvu-bvE7Kw,-0.2796381070408568,0.0,0.0,277,27,0.0343915343915344
sTQZ6WHggp7pBnn7mW7y0w,1.0,1.0,0.0,12,11,0.0
sW6AmF-EUVRoOCtd5FJyCg,-0.18441454654804723,0.0,0.0,42,10,0.0
sWPnsdr580BiXjUwUTQK4A,-0.1125868678695312,1.0,0.0,51,17,0.0522875816993464
sWZnoOJwHTQD7RgdrmFA6Q,-0.36405157334958704,0.0,0.0,313,57,0.0735710243350311
sWpXlvhu-4luyc85kL0Ncw,0.19116415575473666,1.0,0.0,28,10,0.0
sX-HF1WzCOpvePr4EMSlHA,0.1712971793359755,1.0,0.0,17,12,0.0
sXMC2ZZD_8hss_BuVlfB7g,-0.1405041030711598,0.0,0.0,97,28,0.0332512315270934
sXSUzImYOcRRI3xtG2M85g,-0.12698500179624295,1.0,0.0,497,218,0.0
sYKSRIQ1jrI9sYqbNXBv1A,-0.38100728018252444,0.0,0.0,92,51,0.0
sZs1UrdLUMQ6khJGXSvObg,-0.3738583890317041,0.0,0.0,44,12,0.0
sZyBB8wv0O1We1x40-Edug,0.13167953454268178,1.0,0.0,60,30,0.0311827956989245
s_E3MJF7CjZZB1AhfSJjmw,0.044167221525650335,1.0,0.0,542,14,0.0619047619047619
saJFbz12EnzanelpD8_xXQ,-0.1795581124610599,0.0,0.012987012987012988,630,95,0.0658410732714138
sankqYOVWpYX_T5kGZRRKQ,-0.27331018906974713,0.0,0.0035714285714285713,787,399,0.0262118711412677
scbhmEZlGBKELaLdIlNbnA,-0.14474303439518332,0.0,0.0,107,10,0.0818181818181817
scoHdh0XDA_W7xAZW3zAKQ,0.09209622627068914,1.0,0.0,60,33,0.0
scvINAyroSODU64b73QEBw,0.04656202488968486,1.0,0.0,24,7,0.0
sdUQjlWN9y6yowVcvqomnw,0.23959773605113022,1.0,0.0,19,12,0.0
seH9xqqQEqL5Gw_psdXSig,-0.29842300613148093,0.0,0.0,75,38,0.0
seyS6QybAaG_1spjTa6CGw,-0.15080892360956877,0.0,0.0,101,28,0.0619047619047619
sfOA8djNfmZqilSzTwi0SQ,0.11756422787664422,1.0,0.0,78,11,0.13986013986014
sg09rwt2WMCI8KAaOqOu2A,-0.2701729183768523,0.0,0.0,120,25,0.0
sg4zySgp0Al1WNk-JhTbHQ,-0.21004185009075615,0.0,0.0,80,17,0.0928792569659442
sgCUMv2spV-tpCHWBO1Etg,0.3131269601014804,1.0,0.0,10,7,0.0
sgxg7pc3UAQrULu32GAwPA,-0.21826982329344352,0.0,0.0,42,25,0.068148148148148
shIAkjO9IFa4yTM5EENPTQ,0.3336950692440561,1.0,0.0,177,41,0.0
shc1UzNA1jo2BOjdstsqpg,-0.22305871994089835,0.0,0.0,9,7,0.0
si6ydGbemo4qmljtLy3EEg,-0.200159572972187,0.0,0.0,118,17,0.0
sixpNRu5DfSP-nAiciiBnQ,-0.027451049351412626,1.0,0.0,48,26,0.0
sjH_9PYtfGhzZYsaZmPPzQ,-0.13552169998037533,0.0,0.015209125475285171,1193,302,0.0252723776970733
sjosv3U_wxN3Zigr7gIx2g,-0.06486700827197622,1.0,0.00641025641025641,920,177,0.037153033652665
slReJ8PFVwozP3FBdj6ufQ,-0.051840732593995686,1.0,0.047619047619047616,58,33,0.1180223285486443
slZvJtFnrFsP9fS2lIg80Q,0.013887304011704682,1.0,0.1,159,12,0.0705128205128204
slzazSp3F_HhT-bTpw970g,-0.25185115292668103,0.0,0.008086253369272238,1519,453,0.0352073646141561
smRQA9crZ6SwUrLATMSVPg,-0.2596220242472267,0.0,0.0,70,9,0.0
smhunYEIv0HjziHb7VSa7Q,0.31496670228361734,1.0,0.0,26,14,0.0619047619047619
smoEsBXQ72n2gyyctrKaOQ,0.2074302756928479,1.0,0.0,14,5,0.0
snFTGTO_TIpJMh7Qdlb6tA,0.008954638934878356,1.0,0.0,14,7,0.0
soaZ7_oU7xcphlw6gpWblg,-0.22538765193991028,0.0,0.0,431,47,0.0390794615718628
solZespjuuKYogZQHvXEGQ,-0.0887940010700099,1.0,0.0,532,243,0.0198791981946102
sophKEDc2rBDe-cuOaJDkA,-0.26515263018466173,0.0,0.0,564,127,0.0435735006808359
sosDznJyyJWHc0OYoVEWRA,0.0,1.0,0.0,6,5,0.0
spm1KEE-5jAJVTE0ldpzFA,0.008954638934878356,1.0,0.0,13,6,0.0
sqWlikw8elQr6GkNT1qaMw,-0.09637328459310246,1.0,0.0,36,24,0.0705128205128204
sr-5EY6bmp4jINhea06MjA,-0.27960003929534594,0.0,0.002304147465437788,2551,996,0.0266279963604416
su7GpBsXIzEWtkOkNwk5Lg,0.5538825601182034,1.0,0.0,18,14,0.0
su7Yky-5T1ZD7FTGg1qMag,0.046926508271713185,1.0,0.03571428571428571,119,36,0.0497076023391813
suO_107nxddoUK6J-hK8GQ,-0.16504073776395223,0.0,0.0,144,62,0.0439205955334986
svMo6g8n3oyvSOIvROj5GA,-0.51086770023906,0.0,0.0,69,21,0.0786749482401656
svc-qbIhSu_gGPPrA3fbfw,-0.37541907450294654,0.0,0.0,233,51,0.0
sxx4KozLiedkxZ79U9W5qQ,-0.16473710452948342,0.0,0.004056795131845842,1361,606,0.0235567034964365
sy9erwW0yTpjsTQ1eLtnUQ,-0.291090709254367,0.0,0.0,1089,218,0.0262532765399736
syX56DgsypCm35ZGASzuxA,-0.1957581445305948,0.0,0.00228310502283105,1501,541,0.0109283708482159
szamoM9NWmqMgNmhCIWztQ,0.08108232706277296,1.0,0.0,22,6,0.2407407407407407
szreY58d1Ag-XeiGYa6KNw,-0.2053386868420628,0.0,0.06666666666666667,106,18,0.0944444444444443
t-9qBSRxzU1yilfqVa61cQ,0.1592375668511301,1.0,0.0,37,25,0.0
t-ROSN9X4QqbGFd6cchDNQ,-0.17514622345906983,0.0,0.0,365,9,0.0
t-XRW66FDaRQqlt7FPCSTg,0.3075506684066531,1.0,0.0,80,6,0.0
t-ZpeItaWnYymUK1Hrzr1A,-0.27160163519584934,0.0,0.0,95,18,0.0
t-kcwzZPiF2hKTPWJEeF7w,0.4618327733954126,1.0,0.0,16,13,0.0
t-r5BbNosi0aM-0aNQ9t9A,-0.16146840057562395,0.0,0.047619047619047616,215,112,0.0902937788018434
t-siznLJ3Mj6Ols8SAWz-Q,1.0,1.0,0.0,7,6,0.0
t07Pof3RG7i-4DdZ5pYdaQ,-0.01895858743864831,1.0,0.007142857142857143,880,331,0.0418594904213889
t0T-rQQ2wLJ-9_MEhSfRtA,-0.2286293558137213,0.0,0.0,51,25,0.068148148148148
t1KiSVmxADW1LaxA2Wtj9g,0.3468517368246834,1.0,0.0,77,32,0.0293560606060605
t1bLT6fQTKNhJnIlccVPFQ,-0.3294907758662192,0.0,0.0,109,42,0.0
t1o0DX6aEUVm9ur43kQ_Yw,0.047347656151072615,1.0,0.0,45,22,0.0757575757575756
t1qF12NdW8KvCqxqbvy-Hg,-0.3011183702812319,0.0,0.0,3163,447,0.0131166323441536
t2vxEpIP8ntB4OBHrNAcVw,-0.10812107973376228,1.0,0.011363636363636364,213,110,0.0342902711323764
t4Wdgfto05xRBd_ggd5T7g,0.5541465334151132,1.0,0.0,11,5,0.0
t4mRS4ErJhzJh6vAbev15g,-0.30751384324799097,0.0,0.0,74,26,0.0356125356125356
t5-yexCcAQaxuPw6EZZwnw,0.6464602934348138,1.0,0.0,9,6,0.0
t5Ca7rn3NsjfZcpfbhRZKA,-0.09429869193851714,1.0,0.0,176,46,0.039855072463768
t5n5IBvXYG55xXrq6hga3Q,-0.16500061086117745,0.0,0.0,58,33,0.0536796536796537
t5u0uDavOY6M9qu8FLAs0g,-0.15095284437214274,0.0,0.0,94,36,0.0262762762762762
t5xOcXSHGfJPevy_gavrDA,0.3982193441953873,1.0,0.0,111,18,0.1349206349206348
t67btAFoivLLR53lktwsfA,0.08464868272422854,1.0,0.0,138,51,0.0522875816993464
t6g6Lj8WzjIXXucCl9jdTQ,-0.3012835787008705,0.0,0.0,1241,401,0.0145827078495408
t6nstSOOXkjSiGDE1i7WTQ,-0.1182276198969554,1.0,0.0,407,167,0.0334360181371362
t7TqCOZ6p6Do_SMhTcVDMQ,-0.47373769525010406,0.0,0.003663003663003663,1227,361,0.0262075247702175
t8wLtNmA64m8UtJ8eK0c4Q,-0.3013893446862368,0.0,0.0,117,26,0.0
t99FUZpRk5eMd1G33T-05Q,-0.0021462765477352486,1.0,0.0,374,105,0.0093441150044923
t9erINpCM8JOj2Iz9BmBUg,-0.3437207289619019,0.0,0.0,48,10,0.0
t9pr2WIsBEuglq-5MS4aVQ,0.382454878908273,1.0,0.0,17,9,0.0888888888888888
tA0bhhroDjar8irGCZXObQ,-0.39065234691779066,0.0,0.0,28,11,0.0
tA5YemAX8F_A26gD5flkww,-0.29729273078446716,0.0,0.0,123,17,0.0
tARR9jhv5gi9TjsfSVmjmw,-0.23224144685542758,0.0,0.031746031746031744,1213,454,0.0405119054257514
tBvW2eH5DIwSRci4LRAezg,-0.23064828038640373,0.0,0.01904761904761905,567,119,0.0596837160060874
tCKx9bkvughZdZK4vbiJ1w,-0.14271194789878638,0.0,0.027777777777777776,237,84,0.0539058319957197
tDbF0IWQq-mHPi7OBla6eg,-0.13981351863572478,0.0,0.0,27,10,0.0
tEWZp2wIkNmOblKgZr32lA,-0.02950977479051564,1.0,0.0,34,8,0.0972222222222223
tFNSLWl2Tcaf0tkeu48JSA,0.01477596409170967,1.0,0.0,36,14,0.0
tGc2cbNouGKD2DfqeDPrvQ,-0.06585392459580297,1.0,0.0,835,86,0.0325320094068459
tHc3x4ESA3vyr9UiJlL6Pg,-0.18372612564732815,0.0,0.0,471,93,0.0
tHeWQO2G2-HL-XOCuE4h4w,-0.0626834215337363,1.0,0.0,141,58,0.0166569257744009
tHrf1mS06yMxqF78Ormyuw,-0.17713239958709726,0.0,0.0,135,41,0.0
tJPaPZwRqFmDSEc8VEx9hA,-0.1458957651131464,0.0,0.0,383,70,0.0269841269841271
tJRqP1scsqrDatoAoD_DTQ,0.3378278731642096,1.0,0.0,53,27,0.0343915343915344
tJxrkonV5iuVZUNJev0jWA,-0.38455539331391664,0.0,0.018518518518518517,141,55,0.1363636363636364
tKIY9qXUUHIqOXXyT5EB6w,0.07730667107611766,1.0,0.0,80,31,0.0
tKL_MbA8s_ZeU4RV5m-0QQ,-0.41961678963655025,0.0,0.0,16,9,0.0
tKlc76aRPioRfIuGJi_1Kg,-0.3802467875495484,0.0,0.014285714285714285,309,94,0.0486782720825273
tM-ObyoUno83kylE283iXw,-0.248733126419527,0.0,0.0,655,299,0.0098341048528207
tMj79H5v1nOWmg9tsMfWiQ,-0.22866916026095374,0.0,0.0,269,35,0.0269841269841271
tMtI6ECD6hwM-nFp2kXLKQ,-0.3400266859465031,0.0,0.0,5324,835,0.0315651431783015
tMzJ15VLjqIuitCXs6_bsw,-0.24875021318433255,0.0,0.0,131,65,0.0544035674470457
tN5Q82mcwOeVJVWVo_2AFA,-0.1829836259509089,0.0,0.0,455,124,0.0230505461010921
tNEK7YiRXcdoaXnAkI2uhw,-0.0557246179547205,1.0,0.0,36,7,0.0
tOfaMOiMrXSmTDuPjLOCuw,0.0541909479755327,1.0,0.0,391,30,0.0
tP8wd-9CrI_RkHK424oifQ,-0.14825543620375703,0.0,0.008403361344537815,712,128,0.0712182971014492
tPpxOb2HvefqsS6z9EoxZQ,0.272311641825282,1.0,0.0,50,24,0.0
tPuso2lzqdPM3sje6gWzsA,0.19090802302610743,1.0,0.0,121,52,0.0
tQ8uGMhqDWcPfXMqukZJRg,0.1139958502106051,1.0,0.0,133,21,0.0432900432900431
tQDS0UOVk2DyB0zfTtT1Jg,-0.05238664871219545,1.0,0.0,14,5,0.0
tRGmKAtSfPwe4Sl7uY7P9Q,0.0,1.0,0.0,6,5,0.0
tRQd4vpyxy6Mvn3DxEZDCA,-0.22988712950525814,0.0,0.05263157894736842,143,82,0.0119012635909492
tRdnYLHDgdj6n-xzqTQeCQ,-0.30992252861104425,0.0,0.0,336,114,0.0086193745232645
tRo8kUT8DmVsKl-d00cgvQ,-0.238564986151088,0.0,0.0,164,93,0.0205998868138086
tSfeCQ9uasc5hlPu5gjGhA,0.15262296438098732,1.0,0.0,37,10,0.0
tTbYIQk08cO-uyXmYIdVOg,0.44618594174852966,1.0,0.0,12,5,0.0
tU692E8N0xBQ7Ogc78gN2g,-0.21663358955517265,0.0,0.0,966,178,0.0109862671660425
tUAG5hK3O3M52isPh98DMw,1.0,1.0,0.0,15,14,0.0
tVDGkK9AVU0ad-24Phrahg,-0.5033377311554258,0.0,0.0,97,53,0.018169112508735
tVELQMCI0485CPvgtTlMDA,-0.37357698155181684,0.0,0.0,606,281,0.0070168378959545
tVNP5Ap6EAypgwsiPHWW2g,-0.06626888828664479,1.0,0.0,231,74,0.013153153153153
tVfJPW14AeuAHDJeleWWdQ,0.0371786701071134,1.0,0.0,51,15,0.0
tVghfIsGDOOx_6j6IBfNiA,-0.07894444673719181,1.0,0.0,31,17,0.0
tWFRO1kaw3wghhzFb6D-hA,-0.2907920452199642,0.0,0.008695652173913044,344,198,0.0240085584913172
tX7fAS6C9vArD88yaPeqnw,-0.26413342892506714,0.0,0.0,95,39,0.0462789243277048
tYCok-NtWvg8_k7woeB83w,-0.3407870620110322,0.0,0.0024330900243309003,1505,422,0.0434903819347642
t__uF8kJWMYlWGGJ84pFyw,-0.2831560147058062,0.0,0.0,26,9,0.0
t_n6iMoQh3tLIULRTDfzYA,-0.05599607862588474,1.0,0.0,83,43,0.022198731501057
ta8B_P1j_gN22rEy_yO21Q,0.06072521184296298,1.0,0.0,28,8,0.0972222222222223
tbAonEfkzYL7RDcjsznTRQ,-0.09637328459310246,1.0,0.0,20,10,0.0
tc6Qtzos9S09eRlHHrNUbQ,-0.07017144108200785,1.0,0.0,13,6,0.0
tcDpEgmd14W4szC0DU3Pgg,-0.08088977496214855,1.0,0.0,104,43,0.0
td1ykOOoMhGkW76D0N9dYw,-0.1952498145234991,0.0,0.0,491,31,0.0
td_BI5T5qP01T5QfD4j3Sg,-0.1369193131587202,0.0,0.0,27,14,0.0619047619047619
tdalPINw11qFnrb2YL0ayQ,-0.18478850504630617,0.0,0.0,152,25,0.0369230769230768
teNfxYX0estS2Bdr2Snobw,-0.18918459767738038,0.0,0.0,62,8,0.0
teWJvpV5UuMZKdWtMONvFQ,-0.02976227663872355,1.0,0.047619047619047616,95,34,0.0522875816993464
tfhmTE3ORFmHuo7phIY-KA,0.2095135451719361,1.0,0.0,39,23,0.0
tgOSbgbTZ1zipBZakE-aqw,-0.11304182918655914,1.0,0.0,92,20,0.0
tgUkNxkYHss_X4Db6ng1tg,-0.10188868199246093,1.0,0.07692307692307693,63,17,0.1352941176470588
thex4QGdkbLms1mOdlSkiQ,-0.31335317256018824,0.0,0.0,111,65,0.0149184149184149
thlyktt2c7v1DyOpSVSibw,-0.3500009340351326,0.0,0.0,2382,897,0.0255139280773042
tiSIiacOzflrMMwJEXVFIA,-0.25868491883347255,0.0,0.0,257,93,0.0302419354838709
tiZ6mTB6zT7lSBvOKgssPg,-0.10065722334685301,1.0,0.0,65,17,0.0522875816993464
tjEKEDmyR_VmeBkJGwreLA,-0.0552837942221438,1.0,0.07142857142857142,102,21,0.0432900432900431
tjcbw-0JVLrjrEcWenio1g,0.3905714854086194,1.0,0.0,77,13,0.0
tk2kG_HL54lqiue6-pXQdQ,-0.38384254029056075,0.0,0.0,369,111,0.0335291813552685
tmGfIaU4GIFbcPHzr3C-Lg,-0.1480067477062802,0.0,0.0,217,67,0.0542358629388268
tmYDjisEHdbgngUwL_KuyA,-0.16013746801864404,0.0,0.0,202,33,0.0285204991087344
tmiGdoFefTVsfalYO7uMHw,0.7769412800591017,1.0,0.0,9,7,0.0
to6wzDW0qBkrY6zttmngZg,0.19248518679620913,1.0,0.0,18,6,0.0
tooCLsBJgtfcZLcpO_0hsg,-0.05882732075304009,1.0,0.0,218,26,0.0356125356125356
toyrKJg9cZgssxGfQ_kRgA,-0.10793809464917026,1.0,0.05263157894736842,86,28,0.0332512315270934
tp9YEQXd0HoWC-SFVjLH4Q,-0.039097418549600804,1.0,0.0,62,23,0.0
tpDJ0vOYiBLxMqtGvhBSmw,-0.17186758703676164,0.0,0.0,339,37,0.0
tpSAVc6bvo9cHOrzwDQycw,-0.3137386025451126,0.0,0.0,117,75,0.0129824561403508
tpW26ob4-YTGLQr6xC7mbA,-0.0824293594626403,1.0,0.0,46,22,0.0
tpmXakPzEw-AapddjxAx_Q,-0.13686409968177982,0.0,0.0,66,17,0.0
tpo4IsLJDU5agU2TjLO-jw,0.08207369135961617,1.0,0.3,44,31,0.0796963946869071
tqBkgu2wyCjYBWuTQoy2aw,0.23877405345451436,1.0,0.0,40,34,0.0
tqMRd6zXx5kGes8PedR4Lg,-0.25604849514843264,0.0,0.0,101,32,0.0
tqUQHX7gsWK2d2rsUuUUMw,-0.07123217181929486,1.0,0.0,329,85,0.0114911080711355
trwHwsXOVV-ZmF-MtP98BA,-0.2862074904044166,0.0,0.001310615989515072,2298,807,0.0214727197626825
ts28to44UDqPxIKIlt68yQ,-0.13763919317802975,0.0,0.0,87,16,0.0551470588235294
ts9AK83XM3506jXA8xd2Tg,0.002990103821669976,1.0,0.0,109,28,0.0
tsqyVhSaI72JTNpy4u7QGg,-0.2544380364251505,0.0,0.0,61,23,0.039855072463768
ttBk7z_0A_RFTawj5qWIpQ,-0.16679964075055365,0.0,0.0,130,48,0.0391666666666667
ttPZOjbUVxHkXWwof6nuzg,0.028622078052399025,1.0,0.0,52,18,0.0
tt_QH5mWv4FhiP3-82NOTg,-0.08789760673243996,1.0,0.0,311,122,0.0236721311475411
ttmO7eejS-ZkDMSnuVn4HA,-0.16186396131967318,0.0,0.0,217,32,0.0
tubjTe68wKhldVs8W2_weQ,-0.2564206632702915,0.0,0.045454545454545456,64,23,0.0730434782608695
tueA4ip6XgUhHRGG-2-EJg,-0.19481526838619623,0.0,0.0,243,34,0.0277310924369749
tuos6bve7ktOER5Fgz71-Q,-0.16528349512138496,0.0,0.0,449,179,0.00552451893234
tvKZ9NxjgR5VwIZMKb32aA,0.32598453266127947,1.0,0.0,33,12,0.119047619047619
tvPEc_fEMhx7kymxFiSQlg,-0.32679640647876707,0.0,0.0,34,10,0.0
tvQqqSi6qnwYGMTSYfjWQw,-0.13629452940511222,0.0,0.0,42,20,0.0452380952380953
tvlElS5cQ6YVEVOb34ujqQ,0.22013655015402522,1.0,0.0,25,9,0.0
tw_PmFjjCyg0t8Ek_kQz0Q,-0.2834383071815858,0.0,0.02040816326530612,142,58,0.0466365178066705
twzNU32q_CLrjtnAqMjLRg,-0.0889779143504269,1.0,0.0,596,24,0.0383333333333333
txPjpADdwFJ7fExRLgw0eQ,-0.21792630864038381,0.0,0.0,25,14,0.0619047619047619
tyFuhfn1BDGHWpmwpkwBAQ,-0.20963375481354096,0.0,0.0,310,9,0.0
tzSKydKgvXCDp2bzdynoLQ,0.06742999004237071,1.0,0.0,154,7,0.0
tz__wL5D6vb6g3f7Xda84w,-0.28720251275704883,0.0,0.0,45,7,0.0
u-8sFq05DQ6PYCR5HiKZ2w,-0.3165177576648823,0.0,0.0,587,159,0.0609692933777283
u-LC1VfzdpBHDNYr2H-Gxw,-0.21186110435074512,0.0,0.0,117,6,0.0
u08-CrCg_f9sdGD5BtL-QA,-0.252036199455864,0.0,0.0,105,47,0.0
u0U5IQEQzQauLnP54rMUOA,-0.17630924953974203,0.0,0.0,1378,529,0.0271391637940621
u0erOT96yooGb5mdOqtsSQ,-0.23005617765853592,0.0,0.0,343,114,0.0086193745232645
u12BYcjx2VGy8L_N1Q_sPA,-0.07017144108200785,1.0,0.0,17,10,0.0
u2FUWB2xMipayzmNmJ2Mhg,-0.25109670742031054,0.0,0.0,299,71,0.0
u3LMhfKLLWCIy9aImc3aUw,-0.38948049606278723,0.0,0.0,141,65,0.0149184149184149
u4P6hqDz6-QG9PR2Pj5KIw,0.34807075725644876,1.0,0.0,111,82,0.0119012635909492
u4Y3FY1VmVWaaZUdGdJMJg,-0.17943825825696547,0.0,0.0,488,78,0.0462789243277048
u4YM2N8-9Q2tr7kEU-ubGQ,-0.3419066213819537,0.0,0.0,110,29,0.0
u5dDEh6EO7PyTzOSwJV92A,0.29378767704699443,1.0,0.0,50,15,0.0583333333333333
u6ymLCUNz0WQwsSIJ21BAg,-0.14648244440834124,0.0,0.0,192,72,0.0497076023391813
u7KZF5EegKTUt9xtr0yMYQ,-0.0914122998316127,1.0,0.005050505050505051,478,224,0.0370746474555485
u7MJKcNdZXYyTeb67vD5jw,-0.3433734485808631,0.0,0.0,69,17,0.0
u7WBOKDV5JAqV4RACM1dxg,-0.22640162572612144,0.0,0.0,67,24,0.0705128205128204
u9VBun-zmcF59afKELs_NQ,-0.17727627839254578,0.0,0.0,307,36,0.0930555555555556
uAg0M9xi_ijuMw5T2peymg,-0.16281597631832734,0.0,0.06779661016949153,232,88,0.1184743474347433
uCBEcUgXHrKH72fB8TwKAg,-0.05891500154982521,1.0,0.0,152,26,0.0686813186813186
uDQxX5LiFAnv4JeNJe9ORA,0.23877405345451436,1.0,0.1111111111111111,24,17,0.0522875816993464
uD_M9stPZ7X1O28LWb7cKw,0.015750539346009285,1.0,0.0,21,11,0.0
uEv1I-0r82Krj4eEysjC4A,-0.24004191811154518,0.0,0.012658227848101266,302,122,0.0158646218931783
uGOEl8AfKsMJKebNcX3uNA,-0.022140332064401025,1.0,0.0,108,73,0.0378514780100935
uGacI_nMwg8hxdg6PloiOw,-0.23350895409460748,0.0,0.0,331,27,0.088888888888889
uGo0TCVNOcDQxMArUU0Jrw,-0.22806830716558057,0.0,0.004132231404958678,2077,561,0.0188536953242837
uGqgf0SNirwrezTrv3GLJQ,1.0,1.0,0.0,15,14,0.0
uHfHKZj_RsNwP03ar_vwQg,-0.32161491026573963,0.0,0.0,397,226,0.0170834936514043
uHfI3MPfF3vvKuoeY0-0EQ,-0.2835209215885854,0.0,0.0,290,131,0.0353614728334081
uIFRFef7l43YxA8G3dU6Tg,-0.20716938635131166,0.0,0.010638297872340425,477,125,0.0442137404580151
uIUjRtUh8fsoczFL6ttWYQ,-0.15010101249752406,0.0,0.023255813953488372,150,53,0.0349914236706689
uIYodhuKvXEWd6jEGK9l0g,0.42289522072177266,1.0,0.0,1068,13,0.0
uJITgt5t7j-KpDChsXPV5w,0.29233128105526396,1.0,0.0,185,33,0.0791245791245791
uJc9lKaxLNBZch866x4_pA,-0.036266576875468526,1.0,0.0,212,47,0.1027699718988359
uJvTBGksfErVDSOeBsmOyA,-0.19392972497634442,0.0,0.0,281,139,0.0334732214228616
uKEZQ_j3B8kMd-ThoGZDYQ,0.6464602934348138,1.0,0.0,8,5,0.0
uKGuZYme6UO1DBexhtW5cw,-0.05273592497674118,1.0,0.0,119,51,0.0670231729055259
uKnoHpDQTQZiqsOldeMx7Q,-0.18412105525057354,0.0,0.0,48,15,0.0
uLM1kVK3-gYuUYkgnCoTyw,-0.20290200190668073,0.0,0.0,249,133,0.0283189726140167
uM1ahq0ZG5utDIV3JwjHyA,-0.07027097670726568,1.0,0.0,69,42,0.0
uN9d_m0ZG6KM4zYVUS-ZDg,1.0,1.0,0.0,9,8,0.0
uNln_EqOfvtsLDor2NqhvA,-0.33458807991134754,0.0,0.0,11,7,0.0
uO8ITLi5jQJpfN-TCoIh0Q,-0.13839198433464273,0.0,0.0,77,14,0.0619047619047619
uOf1XvY9yPEssWP8WBfgZA,-0.23193886836564792,0.0,0.022727272727272728,177,45,0.0743764172335601
uOjNbkw8nExqS7dylRcZmw,-0.14501982893738086,0.0,0.0,412,73,0.0259360730593607
uPQVKBptNqOxiYfXQyFxwA,-0.008689983996043593,1.0,0.0,141,38,0.0
uQSCNdPI0dC_sPsOh1U8NQ,-0.2584782042328154,0.0,0.0,134,41,0.0232288037166086
uQcKo8m34OULhySxwRaOAg,0.03323514179005327,1.0,0.0,70,9,0.0
uQgZitYr2ni6ZjL6LPOzBA,-0.1982747379832246,0.0,0.0,261,71,0.0266255064634381
uQub6nYRyGH7bjNwuwCUMw,-0.2443319767858193,0.0,0.0,68,7,0.0
uR--z40doqUJNP5WVsSKLQ,-0.2808711713666815,0.0,0.0,84,20,0.0
uSBO3RM6JTbckZ63PEIW2w,-0.031490162812265354,1.0,0.0,129,22,0.0
uShHLfwPhalzCPxh5VwgUQ,-0.18264679985224586,0.0,0.0,22,13,0.0659340659340659
uSw3X8i2qisTUmuoHbXsIA,0.26829185831304825,1.0,0.0,39,24,0.0
uTq9qVkOuxjBPjqC7K0XYA,-0.09993098486378116,1.0,0.0,310,147,0.0376150460184072
uUgRgEdYbp4IPOUK2j-60Q,-0.20159356180849053,0.0,0.047619047619047616,103,28,0.0619047619047619
uV2UIrCxSng1tQ1Gi9n_Sw,0.03065093126771823,1.0,0.0,54,20,0.0
uVIOgGhOYozGPwpptrF3Cw,0.388889749201071,1.0,0.0,115,11,0.0
uVJkqQ1U9MH7hBorrwGhBg,-0.2143783720069241,0.0,0.0,456,191,0.0385171932963246
uVNzMzly3ICsE_tgR-IlqA,0.7769412800591017,1.0,0.0,7,5,0.0
uVXm-khx_kNEnhKLgn8jUg,-0.2542585319321813,0.0,0.0,73,6,0.119047619047619
uVtTkB1EVevu-0EIQygVMg,-0.029360222539901448,1.0,0.0,351,41,0.0
uWHPd11jHXyR1Mu0LI725w,-0.10377283709003937,1.0,0.07142857142857142,51,19,0.0473684210526317
uWJ8yes4D6f7e0bUQdBeJg,-0.31539123437726924,0.0,0.0,160,14,0.0
uWJx0gRuynGEjgRtxUu-dw,0.22539489548297886,1.0,0.0,176,57,0.0473684210526315
uWLFplSCk3lI9rf84ZDwUw,-0.19353985948478247,0.0,0.0,226,90,0.0311827956989247
uX31y8tMkt918miAJaSIgQ,-0.10585107422567153,1.0,0.013888888888888888,943,82,0.0550883095037846
uY7um5bWKhiVwzL0wakJXA,0.05794338014506217,1.0,0.0,36,22,0.0795454545454545
uYBHf5LLq3f7YbBjncQdCg,-0.237393387105448,0.0,0.0,293,78,0.0462789243277048
uYrw8JU3qLBMGRlcMoXG-A,-0.21379801645966812,0.0,0.0,59,35,0.0
uaKXyCNVXWdfOOdbM88pMA,0.05593381159721311,1.0,0.0,348,125,0.030015503875969
uaTq-_gVT8XWHdBfVPzsRg,-0.23176499200829193,0.0,0.10344827586206896,71,39,0.0659340659340659
ub8HSWJPsD_CqImzCehrZg,0.08808071895176461,1.0,0.0,29,20,0.0818181818181817
ubRXFSsER3_MYb4BmvvnLA,-0.221775591154328,0.0,0.02857142857142857,841,38,0.0473684210526315
ucA1W2jGl-PwKK2gCr05yA,0.08207369135961617,1.0,0.0,11,5,0.1333333333333333
ud1DYfS8px87ApE5uDdRAw,-0.17748817544199258,0.0,0.0,44,19,0.0
udsU77Rh2wAN7tEOmIUY7w,-0.04881747993825314,1.0,0.0,44,25,0.0
ue-Me7wcOixhdHNOEQ6j3Q,-0.14323074721763118,0.0,0.023809523809523808,634,46,0.1320450885668276
ueSknQNYtV0jQmGEoDTerQ,-0.15307437037767102,0.0,0.0,72,38,0.0
uf-vkwfYYO5-4tOTNntQcw,-0.16891218652578516,0.0,0.0,14,8,0.0
uf8uvDhevgyaUwMk8UxTIQ,-0.20104036834686323,0.0,0.0,30,11,0.0
ufR8XREY2d0UTK5DUV2CzQ,-0.032836257955744075,1.0,0.0,64,33,0.0554112554112553
uflDYdHGrCawgr1JSQ7Ypw,0.3208273425016117,1.0,0.0,448,40,0.0237804878048781
ugfoID6LrdwiqYUSdhkqAw,-0.18287710141283464,0.0,0.0,364,118,0.0163841807909603
uh25a36RgVbIeq99Qy4a0A,-0.265740614931525,0.0,0.0,92,20,0.0
ui4DfohP2wEh-BJbr_2D-w,0.005920749432878791,1.0,0.0,181,91,0.0107501194457717
uiK29Gh9OVX3kk9TOgP-Fw,-0.5279587745895962,0.0,0.0,441,136,0.0211066440964875
uiv7dH5PsqjOvIWr91iDDA,-0.11477476774839046,1.0,0.0,31,6,0.0
uizQiDP3fYaDvCxuwMaSew,-0.21420023789313625,0.0,0.0,300,74,0.0373815373815373
ujWCzhA9YS2fXzXPW9Lc9Q,-0.23456953987810852,0.0,0.0,259,78,0.0472170106316447
ujYhU3bX35BCVj1NUbSQpQ,-0.18138170649442842,0.0,0.0,752,138,0.020814061054579
ukQX8e7o-DDRglKdF9fk4g,-0.18698474956229472,0.0,0.0,456,25,0.0369230769230768
ukpvdbvKsxh8-oAxY3nsZQ,0.008954638934878356,1.0,0.0,15,6,0.2083333333333332
ul7RY7S80zD3EpvoYMNyAA,-0.10286721655277398,1.0,0.034482758620689655,213,85,0.0612798965740142
ul97zyH40F8OMTwRIgJqDQ,0.021095999664159093,1.0,0.0,51,25,0.0
ulwns2OavT81v6zG-Sk6ng,-0.3477598742882513,0.0,0.0,127,8,0.0
um8npcImasA0sPITsPB_Hg,-0.12276020191163783,1.0,0.0,21,6,0.0
umR6HgRVWYHcXzsxCQ92Ag,-0.21115468567344164,0.0,0.0,249,71,0.0136932707355241
un20fcU_7BEQzWueoVZT0w,-0.2911223512550692,0.0,0.0,129,44,0.0217171717171718
unK5BCRWoMZ3ZCWhcKe-ow,-0.10084367896185309,1.0,0.0,79,43,0.022198731501057
unkAACN449zW3jtS8N2yiA,-0.21912776568838532,0.0,0.0,326,147,0.0442618605883911
uoU7b-XfnWJfJ0jVa7_Uog,-0.06978321616117167,1.0,0.029411764705882353,218,72,0.0135083713850838
uotTfs2JtXxKG9hymg0ReQ,0.16541192008865246,1.0,0.0,17,13,0.0
upYJCCzwEw8ylTZ8RLcBJA,0.12621301681635666,1.0,0.0,51,20,0.0
uppHXQH6tuNFtqxT8dRHig,0.49775448014088153,1.0,0.0,11,5,0.0
upxQiiUF-6NM9jOJCxS_hg,0.26916591012447444,1.0,0.0,16,8,0.0
uq98rLs4rkWRtuDAggiR8w,0.2382716893341138,1.0,0.0,60,11,0.0757575757575759
uqXYVxIwoEsFFjEHBlMZQA,-0.33947585635288496,0.0,0.007326007326007326,994,315,0.0445021645021646
uqc5jOWOiPLTPibyy1yI4g,0.2548147789843377,1.0,0.0,136,47,0.0203900709219859
urEO2v7ydkJ-j9tUUmXpZQ,-0.11386654957208153,1.0,0.0,28,7,0.0
urV1Ir6TCjSNx_Cvfx7xbQ,-0.32954707251031023,0.0,0.0,144,51,0.0
urqTD_JA6CphlyU0I-AyKg,-0.244289904293024,0.0,0.0,62,32,0.0293560606060605
uswNPK8UQ44QmopDal6Fxg,0.25673490682724875,1.0,0.0,13,7,0.0
ut9lc20Dq7tUH0tZMKic1w,-0.2907940758182118,0.0,0.0,49,16,0.0
utJPIg1UrXG_PpE1QLOomQ,0.27409673138563906,1.0,0.0,26,10,0.0818181818181817
utJbQdm48JxR39EWnZ6k_w,-0.2741972105862253,0.0,0.006711409395973154,420,165,0.0343788764841395
utUdOwhOK7bnleFIT8lxpA,-0.22519554289083177,0.0,0.0,147,57,0.0
uttovmgZMrYTv-lW859tjg,-0.11853109175822152,1.0,0.0,47,17,0.0
uuEdVSddKBJ5CtStDifE3g,-0.25188211986702125,0.0,0.0,30,22,0.0
uujAlHvgCzo8oinElyWFcw,-0.010937895960250854,1.0,0.018867924528301886,211,130,0.0356125356125356
uv5EeYMn3giMqBXYu-ejKA,-0.046090182546242975,1.0,0.037037037037037035,101,34,0.0522875816993464
uvG4QThFmQswhHCnPCGJyw,-0.2899452747679284,0.0,0.021505376344086023,241,110,0.0338118022328548
uvGfk8eirExWR-B9zsIN5Q,-0.06184979257904477,1.0,0.0,5510,227,0.012871097490902
uvb3NcpqBEaCrrcyfNF-wA,-0.1531744219050304,0.0,0.0,1356,81,0.0120445648900933
uwtZHsvaENUXhUD--_JU2A,-0.18468833881089108,0.0,0.0,91,13,0.0
uxZENO1iy7tz8MK77L3_GQ,-0.3594069915020622,0.0,0.0,1031,271,0.0314443858724302
uxoQdZD3mEptaPohiLQg1w,-0.0903113726235465,1.0,0.1111111111111111,72,56,0.0892857142857144
uxxzyw4UCu-rw0uZiK6g0Q,-0.2574950931397642,0.0,0.0,62,38,0.0
uxzICSaSJuAgvWH5TOMXOQ,-0.13492311661172618,0.0,0.0,22,11,0.0757575757575759
uy_x3_mSkzcjod2fM1ZdRw,-0.275163150672154,0.0,0.024390243902439025,130,61,0.0307051782461618
uz2D0y3CQkt7LeNxVei6HQ,-0.2704986837300634,0.0,0.017241379310344827,174,74,0.0893210283454184
uzhiTCvVaK_0fZwa7rWDzw,-0.21327580407297908,0.0,0.0,625,39,0.0243589743589744
uzp1k2LiBBwEjmSd8dv0DA,-0.2619306591631261,0.0,0.0,93,46,0.039855072463768
v-Xb8mYFiezNRDFZoKYifg,0.011919468494279939,1.0,0.0,69,17,0.0522875816993464
v-oSCziSbc_S8Ko5nUOI9A,-0.21079715072179417,0.0,0.0,67,23,0.039855072463768
v1kfHazPIbHf3u9ybTnLRg,0.3310878134742149,1.0,0.0,19,12,0.0705128205128204
v30UfHgDVZJSjLriIwnh3w,0.1223843962054616,1.0,0.0,308,31,0.0302419354838709
v3cbEy9tUWqeVVHQM5ZZ4A,-0.010925022653208716,1.0,0.0,77,46,0.0
v4V3ZDGNae7vUAOfzDd3Og,0.16442114680754816,1.0,0.0,11,5,0.0
v4s3xYzkXZB6sAY5yszyRg,-0.037410130272910624,1.0,0.0,23,12,0.0705128205128204
v5KBQIMZaa87gtK4BAq4Kg,-0.30764679985224586,0.0,0.0,27,19,0.0
v5doqJn6cJ3vHJuVOghMzA,-0.11792630864038378,1.0,0.0,16,11,0.0
v5ur7Ceat3IiRyFzEzLqHw,-0.23598961274469665,0.0,0.0,368,128,0.0223640267175573
v7DDirUL-ZA-CmRgl7m-pg,-0.3298853113693176,0.0,0.0,134,80,0.0121913580246915
v7j08QnDuWfQlY6s-NKHPg,0.3169238068314295,1.0,0.0,24,12,0.0
v8GLvA8kl1_1L8I2Ie1RCw,1.0,1.0,0.0,9,8,0.0
v9dUfpQMn09sLJUaxlGMvQ,-0.35965106752727827,0.0,0.0,342,98,0.0099979385693671
vADvPGRUDVpVdeprVoidHQ,-0.11357131628973682,1.0,0.0,59,42,0.0
vAlG57_mZtazKbHBH39T8w,0.28942909425761787,1.0,0.0,134,60,0.0452380952380953
vBQNbW_aiKCteAp756VQgw,-0.019031351084254355,1.0,0.0,84,25,0.0
vCHNWdW-ys-nWUx3Cpvk8Q,-0.23011726517888376,0.0,0.0,763,261,0.049153605015674
vCuax8KsAt5kZ8DkaYIOKA,-0.00945950982896604,1.0,0.0,36,11,0.0757575757575759
vDC3NC8T9QpPMZlrCAnnIA,-0.11277959849491004,1.0,0.0,28,8,0.1499999999999999
vDVTecHXPkKp9OkVXX_boA,0.2346920781620394,1.0,0.0,62,16,0.0
vDb4ioypKzJ0Wshp5i3-bw,-0.1369193131587202,0.0,0.0,23,11,0.0
vDgT0MyVtWZNX4X9j6EsMg,-0.3619530649783641,0.0,0.0,22,11,0.0
vDhOjSNfgA4eE1Rj88-XDA,-0.1684551959610815,0.0,0.0,60,23,0.0
vE8J5mGtFYPF1ya0SLOshg,-0.23912925904133175,0.0,0.0,137,61,0.0445696721311474
vEJ9dWt5If-u8BmTHocuEQ,-0.2778196368263348,0.0,0.010752688172043012,488,222,0.0417831624728177
vE_Y-3EWeu-IWlzpDKagvg,-0.08664195532550656,1.0,0.0,24,10,0.0
vEfA3V3pCrnigUFlLJ3gLw,-0.2856049711734589,0.0,0.0,595,140,0.0393346379647749
vEgKBcuZxPsaExMXBP0SgQ,0.010326948643931133,1.0,0.0,422,87,0.0112330198537093
vFAw4rLTTtMyRz1zQ54RsQ,-0.12553319377686845,1.0,0.0,110,69,0.01407867494824
vFhOCxCeY_oniyoceyzGpg,-0.22949909818264946,0.0,0.0,19,5,0.0
vG0uDzd0eoqryYUNfXwgjA,-0.27917265368686794,0.0,0.014285714285714285,167,78,0.0462789243277048
vG6_ZC5sHRP8Jso09-WjsA,0.18238200018028272,1.0,0.0,17,5,0.0
vGWxHSjUQrS3fLJdax2V6Q,0.07860589824996322,1.0,0.012987012987012988,1090,97,0.0197854837030095
vGa5Xwkp1zw4kmANvL54Zw,-0.3147771763972531,0.0,0.04918032786885246,301,110,0.0639445300462249
vH7J9jSry4QgOR1MqTuRLw,0.2769412800591017,1.0,0.0,11,9,0.0
vHAO6KAlcvt1dpIWVkFdCA,-0.3892638148406355,0.0,0.0,116,43,0.0
vHAjYdA3c4G3E7HKMl3OgQ,-0.11072024060565216,1.0,0.024691358024691357,168,93,0.1218637992831541
vI06_INa6NT0HA2rCXZX0w,-0.13957875226183736,0.0,0.0,47,33,0.0757575757575756
vIT19IkXjNd39r55YTeq2w,0.25529317921085337,1.0,0.0,114,20,0.0
vIozkqGCcKZteMYouua5Cw,0.023759601114290874,1.0,0.0,34,6,0.119047619047619
vIqc98__17LMLk0ZCOuiLA,0.29466892464916405,1.0,0.0,12,5,0.0
vJLbVnnZFb_kiUMjGIWsSg,0.3131269601014804,1.0,0.0,11,7,0.1071428571428572
vJShIp6EhBANULgQhkd1Kw,0.16796805969291184,1.0,0.0,49,23,0.0
vJlbggc3FsyeOqUOPhVfiA,-0.41934980224312746,0.0,0.0,37,5,0.1333333333333333
vJpRfwM1MT3gWjKBZf_9sw,-0.002245519859118472,1.0,0.0,14,8,0.0
vKCIQCvbWV9_NXpQI0iejA,-0.2356189957079592,0.0,0.0,66,40,0.0
vKZC_4qYGyAHSXkalLVSVw,-0.36102367092884335,0.0,0.0,41,23,0.0
vKq53JMpZGATGhq-KqzOEg,0.3131269601014804,1.0,0.0,10,7,0.0
vLobB_Q9BB6cJDE_P9KsHQ,0.053882560118203304,1.0,0.0,17,13,0.0
vM0eMwU8W9id0YHLCzukgA,0.17370465136378066,1.0,0.0,28,16,0.0551470588235294
vMD5bn1mbL18spr7Mmzlyg,-0.16609159109847682,0.0,0.0,835,50,0.0192156862745098
vMWBVI5ky6c1gfuPB7ZTLQ,0.3832522734410573,1.0,0.0,96,17,0.0522875816993464
vMp55ea__Pk0fYbBDCn6jg,0.1242163658664196,1.0,0.0,310,23,0.100334448160535
vN6v8m4DO45Z4pp8yxxF_w,-0.07543427278988635,1.0,0.002068252326783868,6305,2084,0.0167036359685655
vN8fxTmzCU7omio4yf0hjg,-0.12740825145083623,1.0,0.0,21,8,0.0
vNQVDDBhMfsXAQkK75Iebg,-0.013384796315308423,1.0,0.0,117,47,0.0
vP08ToWNiC3y_fLgNgMhCQ,0.16541192008865246,1.0,0.0,15,11,0.0
vQMAQ5msSBgsCrECS6QhqA,-0.13320745824978608,0.0,0.0,214,9,0.0
vQMcJ0hvM--o9qPYFn6Xvw,-0.018622189954952684,1.0,0.0,305,46,0.020814061054579
vQ_rxK8TV37QOS-uJvGGQA,-0.12759703963901603,1.0,0.0,110,45,0.0
vSRdQJkcExJqR5l3QPmy5w,-0.30804667543971304,0.0,0.0,387,152,0.0191426146010187
vTBKqG5hmIta0NqtpbGg6Q,-0.17934062064386086,0.0,0.0,31,18,0.0
vTNSSvjc2J3DSOsNRdXtRA,-0.3588991808119022,0.0,0.0,60,5,0.0
vTNm04guTgOT5hCmGSN5HA,-0.3736694623189545,0.0,0.0,473,23,0.0
vUrTGX_7HxqeoQ_6QCVz6g,-0.38392302665793776,0.0,0.011349306431273645,2336,1121,0.0302221207913357
vV00GT_L1_fJYbLg_yEIxg,-0.29604955066754524,0.0,0.018518518518518517,132,68,0.0277310924369749
vVfy055EfLMdd0yJYHxiMQ,-0.28175757489153674,0.0,0.006956521739130435,2224,691,0.0402399786435867
vWKTTbYHSi2tGA6hksCRkA,-0.1546717040362019,0.0,0.0,355,79,0.0351960481630131
vWdBOZdE8KwxAxyE3LcJRw,-0.31426183973427013,0.0,0.012345679012345678,236,117,0.0246438746438746
vY1u5rmhsOIxTO_ezdbqjQ,-0.05776316834422279,1.0,0.0,26,7,0.0
vYr5IUI8MDEAPBAuZJdNPQ,0.19895312408649268,1.0,0.0,28,17,0.0
vZKDU7nRGB_5pzJGR12efw,0.11516395991731865,1.0,0.0,161,46,0.0572315882874887
v_QABT3I_rG8swgkiEu3Jw,-0.2320492328051444,0.0,0.0,61,20,0.0
v_iJS6_qhIPiiziqybmjKw,-0.17529221996298072,0.0,0.0,42,7,0.0
va40jWz1dr0CHG4fIJgaHA,-0.3674195971343043,0.0,0.0,96,31,0.0
vaoSpYVAFXLvRfJGK1IF2g,0.048238459395077204,1.0,0.0,45,35,0.0
vb-xBIlGWHCsFrJeXFfnuA,-0.0994943097714619,1.0,0.0,101,35,0.0
vbKckewFfz7vVRhFmOh4UQ,0.28207369135961624,1.0,0.0,12,7,0.0
vbNmk49PJji5pC3JhniMOw,-0.2802335236968282,0.0,0.0,388,189,0.0297924297924296
vcbe4MIUNemUvuxl7qPfxw,-0.24792187681988398,0.0,0.019230769230769232,124,60,0.0452380952380953
vdoA5t_zL0nTTww1PQkTVw,0.03479894681590956,1.0,0.0,21,9,0.0
vdpxxb6fxjYtJMnW_V0GZg,-0.15435307792226183,0.0,0.0,411,135,0.0072984749455338
veLho7eH9YvS4ylnJ8LsLw,0.12224785138898342,1.0,0.0,22,7,0.0
veSSeeVWzRbZvPD3xyc9mA,0.18854493350246737,1.0,0.0,15,6,0.0
venWfi69QVylbyrvaPt0nQ,-0.2736216131306488,0.0,0.008032128514056224,1069,276,0.020814061054579
vf81tOiPd08VGI28EkB6OA,-0.08593558901503429,1.0,0.0,147,76,0.0249662618083672
vfD5568Nt1B_ImDC75fBIQ,-0.21139150065840706,0.0,0.03125,152,41,0.0442427680090753
vgJDi6bYu02k6h9_ZodulA,0.4495535132157332,1.0,0.0,19,5,0.0
vgYFLyWDsXsGbHTwfa2ONQ,0.19126169038750296,1.0,0.0,34,20,0.0
vgaDkuxjt8-w-0PtE8tTCA,-0.2785166377292884,0.0,0.00528169014084507,1997,680,0.018451319921908
vh62OClh9wi-hsGCR4bNjA,-0.4477121463650616,0.0,0.0,83,22,0.0
vhGQBkw05SrbnMT99vshAw,-0.028702820664024464,1.0,0.0,15,10,0.0
vhYqMJa5dxZfDNuRHwVlfA,-0.2317684972181549,0.0,0.0,48,14,0.0
vhd0gUXen6B4km2VQlljVw,-0.0010814046578190295,1.0,0.0,47,11,0.0757575757575759
viWf8dERfdNPxxHdG37B6g,-0.21976873946227804,0.0,0.0,144,75,0.0
vilQ4JC8lHKkngWvqOI9Aw,-0.19645247658217524,0.0,0.0,41,19,0.0852130325814537
vj6m5eqsIxV7INR9bgoYNA,-0.07501589317317969,1.0,0.0,92,52,0.0
vjZyFjcc8A9HAUuJczOgqA,0.3320910576055047,1.0,0.0,49,20,0.0
vkIhDz7eJScEN2CZnGAkjg,-0.2247452668400337,0.0,0.0,102,17,0.1235294117647058
vkrNaPsYX37nu8ndgFxLxw,-0.1035275786999108,1.0,0.0,190,63,0.0297924297924299
vloE7oh2OzOYGvZSt6aVFQ,-0.1938947345767008,0.0,0.0,463,77,0.0126540126540126
vlqcTafHh27AuDbYtoG8rw,0.13635710681888724,1.0,0.0,46,28,0.0
vnEwE9OVCdQbXAJDYcCh1g,-0.1335841741763799,0.0,0.0,367,37,0.0256045519203413
vnHL_GrlfdmptInzFTU_5w,0.16983557351002676,1.0,0.2,19,9,0.0888888888888888
vnQgWhtfE2dkqooJEo39rw,-0.10033106142762749,1.0,0.09090909090909091,48,11,0.1818181818181818
voFurH0uTiM10El9y8mYNg,-0.2075302130539225,0.0,0.0,92,22,0.0415019762845849
vpAgKeDIdzEtsqdSn8yHUw,-0.09605629311823138,1.0,0.0,26,8,0.0
vpLMV6pHa1oI71jYaCVFzA,-0.2091295788522799,0.0,0.004166666666666667,969,240,0.0386333333333333
vp_hPIvAcUJ7xjuWxYLZAg,-0.06556812699707681,1.0,0.0,201,32,0.0551470588235294
vpb8wjdX38PFHO0XoXzX_g,-0.23518212008765438,0.0,0.0,147,25,0.0
vr7LLo3Y-A1FbN3azFGZkQ,0.15169865037905994,1.0,0.0,19,5,0.0
vsM7RsJNrP6ukSgy1Ew5xA,0.06748790227905643,1.0,0.0,27,16,0.0
vsU6uRvqqf-Mls3GrDm1og,-0.028447068970671174,1.0,0.0,87,55,0.0906110283159464
vsjZ6QzDk-gZwh3b1a9r0A,0.34442957537718,1.0,0.0,62,13,0.0
vsrryxBR2Jykl71qa1H6SQ,-0.28976810227167993,0.0,0.0,304,114,0.0551689140205886
vt80VTnTbTloFODYKBFA9Q,-0.15396120782597578,0.0,0.0,114,31,0.0
vtJzY7yw636iiEH5tz3B-g,-0.09475860691482996,1.0,0.0,238,21,0.0828157349896479
vt_esoDw6HG5ClM12OPkMg,-0.08895971560628402,1.0,0.0,311,115,0.0247605011053795
vtn32S6zcfPWTYiZuhuFYw,0.3310878134742149,1.0,0.0,11,5,0.0
vuzilOmzlFbrSTiwZfOSOA,0.6259891843990677,1.0,0.0,23,11,0.0757575757575759
vv6sIXQHy4JQzaG4mt9jvg,0.07472722598412196,1.0,0.0,38,5,0.0
vvtZWCcOw-wA9CF-79U0jw,-0.14156017276102728,0.0,0.0,141,29,0.0
vwT-Gac13DmYw4ij1ksbvQ,0.06503115733656928,1.0,0.0,54,6,0.0
vwqqOKV8enOLmuvNSY3s8A,0.15127859759837337,1.0,0.0,401,28,0.0332512315270934
vxHqkD2ZMcDefFh_hhRd0A,-0.06493971195486226,1.0,0.0,186,110,0.0258246178600161
vxL059Pde-q3XgU9Fqv6Vg,-0.1359798100003149,0.0,0.0,47,16,0.0
vxiJGUttvQkNim9Sa5KkLg,-0.2079424152416265,0.0,0.0,56,38,0.0673940949935814
vxrGNnuEef7YCfB7mN08rA,0.2769412800591017,1.0,0.0,10,8,0.0
vyWlrMyMypGPnipA7ovgSg,-0.023332072000065596,1.0,0.0,54,14,0.0
vyYMaj0HZPr5xqzhY7WPUg,-0.18644684740129247,0.0,0.0,41,16,0.1041666666666667
vyyr3G874jpRYSQo2KPZow,-0.07901722628281016,1.0,0.07894736842105263,231,117,0.0243589743589744
vzG8THG9K2lDu-Ah6vFAVA,-0.23204157493696786,0.0,0.01694915254237288,325,164,0.034002869440459
w-XtBQ3qraVCkJ1JtSTRIA,0.23864206680605937,1.0,0.0,22,10,0.0
w0OBYjoFdChfFDsP6f1KYg,-0.2789512115860614,0.0,0.0,479,210,0.0518232518232517
w0XIMGG5xwEwFdbXzkp8mw,0.09674059319398731,1.0,0.0,29,22,0.0
w0iWxESZA0Oaseol_MbD0Q,0.01594382861282173,1.0,0.0,64,29,0.0321839080459769
w24xAj7dmjE0SPkNrKE41g,-0.061180078643728875,1.0,0.0,38,21,0.0
w2COOqbypjJd-HbJAa-0pw,-0.26146894665611986,0.0,0.0,146,45,0.040661938534279
w2ReK1oQ9EUTgrN6Y0GSRw,0.03204716469982272,1.0,0.0,44,30,0.0
w2_KbhAWZ42u3ea_lPh1Tg,-0.19422772482566697,0.0,0.0,110,39,0.0
w2zvMPmyqxalHQ5LVmFktA,-0.17537593134482488,0.0,0.0,549,209,0.0273283631912764
w4BzWRJ3xh0uRBvfqo28RA,-0.29909759708108524,0.0,0.0,302,143,0.0201168694319378
w4_14pVOLW2Tdm9LTczORg,-0.1720361777932501,0.0,0.0,414,91,0.0308627542670096
w4nHq_elJwPpI4iZ6ro3JQ,-0.11790219104194366,1.0,0.0,164,71,0.0136932707355241
w5fyVRnGWXl_ldGt0Hu5uQ,-0.17470020609741888,0.0,0.0,400,26,0.0
w5uSvE0aMDKQn_0l9vuNxg,-0.007149796616743087,1.0,0.0,19,9,0.0
w5wfWE6skJDi_-mS56DB-g,-0.20305134582022555,0.0,0.0,515,82,0.0645787139689577
w6yF2Y88KhzTld0WXgICtA,0.03805189062616332,1.0,0.0,130,59,0.0316754654070574
w7SV07hCkl0cOTtrEVuf5Q,0.031320937930991,1.0,0.0,25,6,0.119047619047619
w8Imup3Dy0-v377-ixFuWQ,-0.15768208289238417,0.0,0.0,153,76,0.0576673164392462
w8tS6xq3k3lmySn-L3FrEw,-0.26972999630720795,0.0,0.0,438,107,0.0346888945019787
w9_EQB0SuAFYxPMcfY_P_g,-0.28635811683211754,0.0,0.0,1296,203,0.0364205168911819
w9yOn6SCa9i7z59n5oLEDw,-0.13005097325838666,1.0,0.0,67,13,0.0
wA5kqFd2XtxcuUAmwuqWdg,-0.11198480178490333,1.0,0.0,111,56,0.0332512315270936
wAIZDurYmEeSR9vQxge89w,-0.13445897127319073,0.0,0.0,36,5,0.0
wAPXYljzn9YDTvQqqL54pw,-0.16736866024899777,0.0,0.0,105,8,0.0972222222222223
wAUkOyvAoyE6F7zuQ3g_UA,-0.16333262377604485,0.0,0.0,50,25,0.0
wBa-Abx8y5SLOqbohCA4nQ,-0.2941300281912528,0.0,0.0,692,239,0.0041492329149233
wCWtAobVuZ0N7XJTb1ugGA,-0.1489628916574426,0.0,0.0,65,13,0.0
wCgIJhH_CTuwsSZPcafkng,-0.06925827228726433,1.0,0.0,798,19,0.0902255639097744
wCml58X_fTAbWXVLTQY_4A,-0.03520722079461114,1.0,0.05263157894736842,87,25,0.068148148148148
wD-dPZMlF59K2Z7mnhvPYg,-0.3565494644214115,0.0,0.0,335,70,0.0
wDE1AfRVCKUL11hKehQEfQ,-0.028702820664024464,1.0,0.0,31,26,0.0
wDOWuUyB7DzYRaYZYI-YNA,-0.33576855388174265,0.0,0.0,86,39,0.0
wE0DNA2dGzwLUTy6rxz3IQ,-0.09455927987881896,1.0,0.047619047619047616,33,26,0.0356125356125356
wEI-j7yCt-voSHgbjgnhIg,-0.2762042820422046,0.0,0.0,551,126,0.0497076023391813
wEkvzwQqT1yxpPf0VtlGWw,-0.1011047645911679,1.0,0.0,69,33,0.0
wEtG1X39TB6c78OlkKrVyw,-0.2941455207741303,0.0,0.0,311,133,0.0590913904479508
wF3EdgYbUm6ARXDCzbpUEA,-0.09204353515483421,1.0,0.0,583,109,0.0493019545273234
wF7TFhN7iupGSMZA0Se6Bg,-0.21704263460426088,0.0,0.0,231,101,0.0371522866572371
wFFHt-ixlw_3kZ6kfioMMA,-0.2564038010241414,0.0,0.0031545741324921135,1340,375,0.0348243359040274
wFZCwLkn8pegsmprBOpa4Q,-0.14550377765459455,0.0,0.0,54,10,0.0
wFysdfCAQl6alhpJRh9Hbw,0.30469226327473165,1.0,0.0,69,8,0.0
wGWnJ71EHjyrP7vuHxYoRw,0.012124619618324672,1.0,0.01694915254237288,294,136,0.0530024509803921
wGhd5EmqVwxlKLZPkca1lQ,-0.07419431981299263,1.0,0.0,105,69,0.0
wH94vFPKNVtBmQX5c7AfRA,0.3483503306439635,1.0,0.0,131,46,0.020814061054579
wHpOgSutd4QmV_X7gXZ3dw,-0.3367376515087458,0.0,0.0,64,17,0.0928792569659442
wIFiBEXMMtMuP9kgxYMQZA,0.6464602934348138,1.0,0.0,28,24,0.0383333333333333
wJ3zqDpuxUKFtUWIVeAukg,0.27445044635918514,1.0,0.0,101,22,0.0
wJGuXhM6Tmx4gEp2IiTBHA,-0.21302858393915064,0.0,0.0,19,12,0.0
wJPK_kvtnlbcY6JExUxngg,-0.30166691117944544,0.0,0.0,986,141,0.0137876308089075
wLGOcxzFFM3uWl9X97Fg9w,-0.21732704799003255,0.0,0.0,78,7,0.0
wM4Zy0_yibPty__-WMiSSQ,-0.18847549181153023,0.0,0.0,121,51,0.0362560118386978
wMJlbZt2vOTG_FV96gkRVA,-0.1048154348687258,1.0,0.0,98,6,0.0
wMMGNjWlsxjCkB6P5_X9Qg,-0.19878357931381618,0.0,0.0,1035,213,0.0431166971936249
wMcl1F6EEa3ngDh0HsN_vA,0.4618327733954126,1.0,0.0,14,11,0.0
wNkfYzasTvhspDmiPNB4dg,0.2627456013314097,1.0,0.0,33,16,0.0
wNuyxdg5wGoMFG19k1j59Q,-0.06906498438949571,1.0,0.0,316,187,0.0485355194223513
wOFbUo9D-JSdMeuUgLyL5g,0.19289961839422465,1.0,0.0,375,79,0.0457526307762696
wOKMPDy1oixxGgI1RYDEqg,-0.2996501773379289,0.0,0.012195121951219513,300,181,0.0404571896284602
wObna18K6-5V-rutqz-jTw,0.2805475058285156,1.0,0.0,37,9,0.0
wP2ok4O0GsR9td7Iiv1zKA,-0.11187772534832585,1.0,0.013559322033898305,936,355,0.0291233741245287
wP7GPGHVd79vx92g9QJclg,-0.21115094744752505,0.0,0.0,338,71,0.0
wP9Cx-jxLflhv6c1mGIjYA,0.4618327733954126,1.0,0.0,10,7,0.0
wPQ01R13kkpWKGqLIwxTzA,-0.1674191495859304,0.0,0.0,49,10,0.0818181818181817
wPSQ2EGGlpTpjC4fsICQsg,-0.22494917289673422,0.0,0.0,128,77,0.0
wPecvQ0Hj7s58xxtiaKcbQ,-0.30119987490911143,0.0,0.0,69,34,0.0277310924369749
wPwxfwrSNMmqxEHMzGG1Jw,0.09285020338325689,1.0,0.0,21,10,0.0818181818181817
wS1cKdAunElzf9ztRx14Ew,-0.27560392427780644,0.0,0.0,668,63,0.0297924297924299
wS2y6L0kV7_FSDroT3HETw,0.1712971793359755,1.0,0.0,13,8,0.0
wT-pzGY8rJ_xbTJDKaSl8A,-0.30325843066164304,0.0,0.0,135,21,0.0
wTDuyCnQuPEvArtcX46FFQ,0.025101869447618497,1.0,0.2,35,25,0.0369230769230768
wTKdsD4AccJAQak1R2k73Q,-0.140046238783343,0.0,0.0,161,53,0.0349914236706689
wUCMIE7mRpS6oijQzJBgDg,-0.27006846735333934,0.0,0.0,91,7,0.0
wUHUyTrOpUcTVTQpyZFo8w,-0.22671814264669465,0.0,0.0,228,34,0.0
wUJqfAtMvxG2m2oKeGXRGg,-0.17980165099962697,0.0,0.0,108,10,0.0818181818181817
wUMuvdUeVZODZk7TjaD2jg,-0.30803377155855827,0.0,0.015873015873015872,434,89,0.0315095261358084
wUZXm4KN2wIqlfkvXVZXUw,-0.19361170916851944,0.0,0.0011086474501108647,3906,999,0.0173802120704775
wV9ye9P6APb2Cnn6vr7RTw,-0.06662805888786516,1.0,0.0,83,22,0.0
wVLJwTaeTlTFr4il0pVJ5g,-0.15256780814806548,0.0,0.006622516556291391,353,185,0.0354166666666666
wVgo5MaohDWNuudZWWwfJg,-0.14960246629164742,0.0,0.0,310,33,0.0999180999180999
wWoX5l58K8YTokEWRcFstw,-0.2320711947844466,0.0,0.0,1130,57,0.0473684210526315
wX4ap0Qy5ZK6Hy2iKvBqXA,-0.31984943949629074,0.0,0.0,255,51,0.0522875816993464
wXUg9bsJ9b4PS4pie8GVIA,-0.15029474344098498,0.0,0.022099447513812154,546,246,0.0544030152945207
wY9y0cOAzNALZ7BELMwozQ,-0.19899552614908733,0.0,0.0,91,9,0.0888888888888888
wYkH0leEO12XKnVz3VtfiQ,-0.11485364420964184,1.0,0.0,43,7,0.0
wZjHlM6t-kMhnPDaeGzZ8g,0.8389676432650536,1.0,0.0,10,5,0.0
w_Ruik_McXjaJ1YqOLoaog,-0.1547114141571322,0.0,0.0,31,6,0.0
w_SsLvj6Xir_B4OQv6v8OA,0.04022290016989638,1.0,0.0,25,8,0.0
waMeR43MNRlowsLDY02HXA,0.46052066731233504,1.0,0.0,19,14,0.0
waU0sq7ThK4uY-30YZ5h8Q,-0.18264679985224586,0.0,0.0,18,8,0.1499999999999999
waamstonAxP48FXcJqxBfw,-0.1627087194919824,0.0,0.0,55,28,0.0
wacMqAA_9USygYvgJAkfgw,-0.38496181879389857,0.0,0.02,621,129,0.1088435374149658
wbDjLbShJ-ZJfm6jJZp-Aw,-0.28154357591418894,0.0,0.0047169811320754715,1073,270,0.021256038647343
wcpL6sD6jKsBO0tbdK2KEA,-0.10390787936121082,1.0,0.0,124,34,0.0277310924369749
wd1AqgQQdeoMCMEwvvs4ow,-0.16585710622562927,0.0,0.029411764705882353,55,34,0.0277310924369749
wdFMJH5synpdp0jMNdCHNw,-0.20598479695649918,0.0,0.0,92,32,0.0551470588235294
wdmRWiuUD6oOv9XC3v31Iw,0.5012571303465636,1.0,0.0,15,8,0.0
weIYxWpFp1TLoaX6XE4Elw,-0.3460772555621749,0.0,0.0,201,80,0.0237804878048781
wf2BEEcyK2HxxQiHSUI2Vg,-0.13498187906709935,0.0,0.0,45,19,0.0
wfBEbpPmIm6PX4oclmOt7Q,-0.07288573089748229,1.0,0.0,82,16,0.0
wgPpwKJ6oyp3XN0jGUFhOg,0.2515399100759461,1.0,0.0,75,43,0.0423772609819121
wgaSFjDljjQ5kKaP4evgrA,0.12026696907871604,1.0,0.0,21,12,0.0
whUR7TFShhEhPT0X2REk-A,-0.36244158921888464,0.0,0.0,33,8,0.0
whh_h_yJaF2kz-ieB7Dcig,-0.23431818380009756,0.0,0.005813953488372093,527,226,0.0329778382875729
whiNQ0Z2AUkyBKucejQNTA,-0.23983036229312288,0.0,0.0,721,293,0.0553098559090459
wi4F4NUvxn7UWHvQ1Iiz7w,-0.17578026405491076,0.0,0.0,89,46,0.0
wiDpuSCBqbq7jzw_vMuQWQ,-0.3176982208613982,0.0,0.007246376811594203,602,150,0.0532075471698114
winkCYdiTroKdbPbV0DfRA,-0.3602814153989147,0.0,0.004962779156327543,2216,494,0.0533011820623774
wjUlOsBLLnxpprgI-sSiDA,-0.32270659489636555,0.0,0.0,125,28,0.0332512315270934
wkIwr6GfkhoodGV-thcICg,0.12764375896020774,1.0,0.08333333333333333,30,15,0.0583333333333333
wlOkr1iIQep-08o6r5bnjg,-0.007149796616743087,1.0,0.0,30,20,0.0
wlUOgJ63PmhkX5ms-QGoDw,-0.5039115648485724,0.0,0.0,292,115,0.039855072463768
wlzn5BhVMS2Kz3BYcTZIRg,1.0,1.0,0.0,7,6,0.0
wm23rnUccF_3en3NSN7afw,-0.3388381936807632,0.0,0.004464285714285714,833,235,0.0280640056268683
wmEZ3OqLuD1Z6b3mJSl1yg,-0.006196441926304419,1.0,0.0,188,55,0.0175324675324677
wmRZAjOxxY78Lwk6KXlxbg,0.7401990197764512,1.0,0.0,47,8,0.0
wnjFEC-w0qWnyDnO8k1RpA,-0.25677022284241935,0.0,0.027237354085603113,760,390,0.0420814479638009
woJ6EMlZtBtpl8kG7aoffw,-0.46015647304915736,0.0,0.0,122,29,0.0321839080459769
woNKqqAki96qvJX3JONQfw,-0.22588546044627322,0.0,0.0,135,24,0.0705128205128204
wocwfwSFrNfYJRyfYSi1Cw,-0.14585486982122864,0.0,0.0,1156,367,0.0307851581316098
wopwoiKIllIzcggK7HkTmw,-0.3816032322673652,0.0,0.003389830508474576,1015,312,0.0412733994022338
wr46ByJI0i_7TwvvN9U38A,1.0,1.0,0.0,24,23,0.0
wrSS3bnu0u1Vh4znhbBXwA,-0.1266291983185186,1.0,0.0,80,18,0.0497076023391813
ws-gbVjt56zCQC-CR5pjTQ,0.05688226239879668,1.0,0.05555555555555555,97,29,0.1044932079414837
ws0mjFrkanX_sXoUVRh8Uw,-0.24722269633680016,0.0,0.0,214,63,0.0153769841269841
wskZf-c4YAmtLA1i2WBKww,0.09564191642888553,1.0,0.0,45,13,0.0659340659340659
wu9X1NOPhKKl8lgZ3vDpsA,0.2325434805875235,1.0,0.0,36,13,0.0
wuAMhHbHPs1Rm2SOY4kWCA,-0.22949909818264946,0.0,0.0,29,15,0.0
wuoYvojFNWuRrUO2UyM47Q,0.09571440560944589,1.0,0.0,161,9,0.0888888888888888
wuzoQhym6ll3fjAiVgIJbw,-0.26067969417709347,0.0,0.0,332,109,0.0176874121828249
wvM7vXUZnPCvYYzdYlbV1Q,-0.10881945047589264,1.0,0.0,19,8,0.0
wvi3MRCklSZgu2nQQMyhQA,-0.012056664848622445,1.0,0.0,85,11,0.0757575757575759
ww-fKGfc4XJHOAxDH0ac5Q,-0.23537715274461224,0.0,0.0,76,30,0.0
wwcqbb78SGqWSdzbq9j-Ww,-0.18380413258956985,0.0,0.0,183,55,0.0175324675324677
wwneev53BfrW7iVuS4pzrA,-0.31471282877236084,0.0,0.0,77,29,0.0321839080459769
wx3W6sRXMC1IPWRaw4Z2EA,-0.25036455438848193,0.0,0.037037037037037035,77,43,0.022198731501057
wxO1S4NuUTX7M2BfSvkRhQ,0.011081187434598738,1.0,0.0,44,6,0.0
wyXUQfes79poDhsJpk6AjA,-0.3018093893905127,0.0,0.0,386,128,0.0226025763358779
wyZX3RxQLDVIzBiXFP4P3A,-0.11961109505510847,1.0,0.0,133,26,0.0356125356125356
x-waJIgYyDLprk6xniUjlA,-0.23452342174422536,0.0,0.0,81,7,0.0
x063XOQJCfTsKvS7iPLSsQ,-0.2502716687934462,0.0,0.0,1116,408,0.016578077013938
x0YRWf9_vPoJC9wUPoJUrw,-0.020206373231852925,1.0,0.0,10,7,0.0
x0hzVPfxWXRIu0yOSEnLCQ,-0.3016052919148197,0.0,0.0,222,121,0.0235937083444415
x15WdO1CEan8yqexBNNOhA,0.08604321039172447,1.0,0.0,97,40,0.0237804878048781
x1CpCXik31TwTtMPMcrcug,-0.18482099285088127,0.0,0.0,134,78,0.0462789243277048
x1zvE33a3y4lSKnbCsaAUA,0.02638777104876955,1.0,0.0,487,25,0.0369230769230768
x2B34QWTjOt2-HhXXinyjA,0.39205779573224897,1.0,0.0,27,18,0.0
x2ILIoH7NLPHuYKSItNPTw,-0.05285967970595906,1.0,0.05555555555555555,75,26,0.0915119363395224
x2PYuKmTUiQfzOhAAM9_Cg,-0.04770929278328606,1.0,0.0,27,10,0.0
x39G7-aTCVh-972fgogKtA,-0.23968595618510036,0.0,0.0,936,239,0.0082293095366239
x3K-ifqEkj7A386Crl6jog,0.02398241387561817,1.0,0.0,33,9,0.0
x3jRG95AVMBFcxVovRwIRg,-0.10363226229655464,1.0,0.0,200,89,0.0
x4BSeDfK8AFeguTRELNgUg,-0.29663472169240135,0.0,0.0,181,47,0.0561702127659575
x4CW-FWI7BslcgBYK3gcDA,1.0,1.0,0.0,6,5,0.0
x4CzqJ75DhtZf_RmZwyH_w,-0.17919005852966774,0.0,0.0,135,56,0.0332512315270936
x4L77IWKk9Yd_d-WNxVb_w,-0.2588556161446691,0.0,0.0,296,73,0.0259360730593607
x4XipmTC_-o-3BLS9jst5A,-0.09191970192821342,1.0,0.0,101,25,0.0369230769230768
x5-7JNoYyh8VgCp5pCsiUw,0.34119100009014125,1.0,0.0,11,5,0.0
x589U7fFPB-1G121HE8Jiw,0.0879675875388033,1.0,0.0,36,8,0.0
x5GkG0oI_S107wLlgdBxVA,-0.12199448648641198,1.0,0.0,384,203,0.0530186733875586
x5T4yJGM3m94btiepuZe4w,-0.2505013163092743,0.0,0.0,703,128,0.036595394736842
x5c_Lna3CYLQH4pAXFCBLg,0.16935445937926563,1.0,0.0,913,185,0.0156986774008052
x5zkOBa82aH9dsB8-ZUNNg,0.022867033634635714,1.0,0.0,147,27,0.0
x67huqR9qbjoodRBu3KWfg,-0.28044154649623426,0.0,0.0,18,6,0.0
x6P31MbaYPECYWNA3BsYyw,-0.03320342401978227,1.0,0.0,74,14,0.0
x74ddt2X1j6SLbuCo0vV8w,-0.06225110433304637,1.0,0.0,63,14,0.0
x7NoPYyVKjsye4yJVARL9w,-0.0789403966312433,1.0,0.0,53,31,0.0566959921798631
x7xUdoBe6rSpuxyJ53w1UA,-0.20686969545658818,0.0,0.0,107,48,0.019982993197279
x8xBo3sEACCBBFWXMptnog,-0.18781305167211793,0.0,0.0,115,37,0.0256045519203413
x975oi4VWOxHJWE6dwSPzw,-0.2385815511457613,0.0,0.0,90,21,0.0
xA6daGPW81vmyg9iRFEGbA,0.042567384283773047,1.0,0.007246376811594203,620,168,0.0574288374567704
xB3gyIdQ7sR0cjMi2NL7wg,0.20630069035170773,1.0,0.0,32,9,0.0
xBFNCseDehGAf5D--HWG5w,-0.16621680622293622,0.0,0.0,29,10,0.0
xBS2bMESuefLuhZMltM_ww,-0.1510623565849617,0.0,0.0,382,64,0.0426772388059701
xB_YNhUqfsvKOfyZHwQsnQ,-0.34286975597592306,0.0,0.002127659574468085,1387,536,0.0265561936235338
xBmLaYKPIzUnrdEpg5BLYw,-0.25060896127928955,0.0,0.045454545454545456,278,23,0.039855072463768
xCFnaOepneUAace3dYgfqg,-0.18529164357274497,0.0,0.0,55,16,0.0
xCVncT73OioOAC9Adt1a7g,-0.13696992475291814,0.0,0.0,119,61,0.0158646218931781
xCW-s1hBP23-HkyqW-kngA,-0.07339753060336662,1.0,0.009174311926605505,267,140,0.0516409266409265
xCXGV3wEvYd4xBGx8ZRFQA,-0.24395665746677175,0.0,0.0,1141,201,0.0450354860767252
xDgY4bksYHiNO0hPmT4gYw,0.46340123013924983,1.0,0.0,15,7,0.0
xEzEJd-ECXOlIhEw7p-j-Q,-0.37763761259953116,0.0,0.038461538461538464,71,44,0.0757575757575756
xFdZbv00SJwv5YSgwAGwqQ,-0.03317306049725832,1.0,0.011111111111111112,175,98,0.0287936956961003
xG5NtjLZ6S7KGBNFGDqoZw,-0.19124593076258,0.0,0.0,421,31,0.1069124423963134
xGBHv5kA1Cm4eYyqzxy7Kw,0.013885890290449399,1.0,0.0,303,34,0.0277310924369749
xHM8vXtgOpKZKkDRxMsgpQ,0.008897612179493364,1.0,0.041666666666666664,80,47,0.0390794615718628
xIDR-NE20QJfuBvpBmNb_w,-0.07640250023059802,1.0,0.0,89,39,0.0
xJ3aziMabFEjF8X0kvPfLw,0.15158633316243053,1.0,0.0,116,27,0.0
xJMIT3fJsbrGVQ1-AhQUvg,-0.2862057880186203,0.0,0.012195121951219513,280,91,0.0210327307101501
xJly7BzeX92hyQ0IMkEQ_A,-0.19349033362039314,0.0,0.0,52,14,0.0
xKl0C6DiWa7T3z1Qncptqg,-0.08046614537187458,1.0,0.0,211,9,0.0
xKobpA4w0P_J2jFMP7wcnw,-0.04719729051800592,1.0,0.0,129,53,0.0349914236706689
xLuEfxyJ8BnDtI9pG-mGAw,-0.19266883533684775,0.0,0.0,413,152,0.0419976828864614
xM-HnG-yurTNI38ui0Akzw,-0.15622498842687904,0.0,0.058823529411764705,51,18,0.1666666666666667
xM2zutXv11alems5TnlC5Q,-0.020206373231852925,1.0,0.0,19,14,0.1160714285714286
xNFOIAjbqge_fqoUJu3vDA,-0.26221802971475616,0.0,0.0,480,73,0.0
xNXQkCkiUzswX5rd7DM-Dg,-0.13951110313692938,0.0,0.0,39,15,0.0
xNlIIm07eJ3jdsXF2KW2nA,-0.00861570742347062,1.0,0.0,938,42,0.0
xPUAToEmtkJlRjIKDkpWIQ,-0.020206373231852925,1.0,0.0,14,10,0.0818181818181817
xQ6CMjWbhm_sDWKvthgCWQ,-0.03349720411459001,1.0,0.0,116,23,0.0
xQ850u4BgjrN0tpun1zGXA,0.17188402898759514,1.0,0.0,28,13,0.0
xR97Lcp_HwWm_yaBlfOXTQ,-0.26361559056696415,0.0,0.0,182,29,0.0600667408231367
xRbgH1yBAo6_NWBUlYtYEw,-0.23686110912804514,0.0,0.0,47,12,0.0
xS4DRl1z2mQQgBUdJwzsjA,-0.2184495686664949,0.0,0.0,107,19,0.0
xSMPGUKxl7p3ls2KBMaNHg,-0.3710448788239275,0.0,0.008695652173913044,251,142,0.0388275599543206
xTUcyLMpKTKm6miCN_4VgA,-0.1115345859161736,1.0,0.0,21,6,0.0
xTyQYFaPzxe-XRza7Xoobw,-0.3667235429360334,0.0,0.011363636363636364,198,89,0.0685861423220972
xUd0QOyVzx9SQhWulcOPAw,0.16358451193811996,1.0,0.0,158,61,0.0307051782461618
xVLoxYL8Jrvj1JQlM_bfLw,-0.08870409740403928,1.0,0.0125,121,81,0.0343915343915344
xVbVhae2MfC_7-2bEAVg3w,-0.24997665298040583,0.0,0.0,178,27,0.0638569604086845
xW6anc3eKbijsELT7FLr9g,0.3131269601014804,1.0,0.0,9,6,0.0
xWrns9oes6rEf1NmGtz1bQ,0.6001714267765086,1.0,0.0,11,5,0.0
xX4uThZwMEKWOwLqgqltig,-0.026485823481163462,1.0,0.0,156,98,0.0195918367346938
xX5X62eyo8OkvmhoI84tjw,-0.08089058218605127,1.0,0.0,53,25,0.0
xXAWWlpXGlDfgGzy9TTJIw,0.21174538404418464,1.0,0.021739130434782608,268,63,0.0153769841269841
xY1W8nRMHLREeV8W3ald5w,-0.27018150479739633,0.0,0.0,25,9,0.0
xY9QKt3W_khOmvKNyArhvg,-0.1369709689343056,0.0,0.009615384615384616,289,128,0.036595394736842
xYiFhIxwluJ_qYIyScWufA,0.2093586593736374,1.0,0.0,33,5,0.1714285714285714
xYjQ1BtBUD__olSZe7tZhQ,-0.20642059446540384,0.0,0.0,220,104,0.0094322344322343
xYmyJQiCnsMdxHpMQomxqQ,-0.12531628726935717,1.0,0.0,65,22,0.0415019762845849
xZc-23PEAKIzE9vg8hVd1Q,0.3169150841544459,1.0,0.0,83,19,0.0
xZxAoUnClT5wm0-QuZPFwg,-0.11931017023786183,1.0,0.0,125,16,0.4159482758620689
x_Bipuc1nuQDXxyZC2ih8Q,-0.29899362380812144,0.0,0.0,294,100,0.0192156862745098
x_iJuJSJ52ptHur08V86HA,-0.21129010854501118,0.0,0.0,71,26,0.0
xa49Z4ar0PXDgjZyHrqbHQ,-0.15514831735773216,0.0,0.0,69,46,0.020814061054579
xb-qtXVZ7xFr51Se5fAZjg,-0.2710439740692732,0.0,0.0,26,14,0.0619047619047619
xbX3gQtqaki0LCZTPhY-jA,0.100217023949709,1.0,0.0,48,14,0.0
xbaxgLzJEM7AtrNJCPhkmg,-0.34558809247432487,0.0,0.0,158,50,0.0369230769230768
xbgzX-_EpV6yH-6nf2LCNw,-0.18142863575597334,0.0,0.0,96,23,0.039855072463768
xbjq4lKiZnr8b4_PhjPI6w,-0.1289204295207519,1.0,0.0,77,26,0.0
xcdT294axowe3Tj-04tHIA,-0.13185207980706615,0.0,0.0,104,16,0.0
xd2QyNuEA6gt6Yqn_Yt5iA,0.4618327733954126,1.0,0.0,8,5,0.0
xdIUHgxMScxlGiiEdwsgnA,-0.20926509246402292,0.0,0.0,273,43,0.0423772609819121
xdferXKwbgXAxbtmAShhAQ,-0.19083088511057933,0.0,0.0,727,124,0.0581622678396871
xdpMd5zgtnigfU02w6Fs_w,-0.27236681392527234,0.0,0.0,61,24,0.1033950617283949
xf4hdY-izcbyzcYTOUy2Rg,0.12700242682266705,1.0,0.0,15,5,0.1333333333333333
xg2BYY0tswiEDz2HvTRq2w,-0.1409187604212555,0.0,0.0,48,25,0.0
xg2v-Lf39AVEo4we0dnbtA,0.06903734004209303,1.0,0.0,11,6,0.119047619047619
xgJMQq0uVY4KB9EfnccXzg,1.0,1.0,0.0,7,6,0.0
xhlzD6EnttQ9U02Y9YqQ9A,-0.20229241586512914,0.0,0.0,405,80,0.0240853658536586
xhmgQtl9gooBJybCuXBZPA,-0.09676175745035276,1.0,0.0,304,75,0.0
xhxP_Gixld0hhD74tqDLmA,-0.1873245682969723,0.0,0.0,145,26,0.0
xiYFy6hcF2dXYSRUqXIjbQ,-0.25764109859004947,0.0,0.0,73,21,0.0
xivK47F81CxFEaVE6rUyJA,0.4320514190570426,1.0,0.0,66,16,0.0551470588235294
xjZHp1slZNUBJvQLuHSTTA,-0.12609221556390093,1.0,0.0,135,12,0.119047619047619
xjoeCDmeRteRsMh_HTdOGw,-0.11341147983747046,1.0,0.0,16,8,0.0
xkgbgwTlkhzwo4ya_eIW-g,-0.2880920575945146,0.0,0.0,478,127,0.0
xkloXCI9qCOxOIPlgM7tiQ,-0.09249273803755009,1.0,0.045454545454545456,74,33,0.0808080808080808
xkv-67koB_8kqLXOe2BBiA,-0.18426663175236846,0.0,0.0,67,7,0.0
xlKnyisd_MiBpZIsESo0bA,-0.22919612106534992,0.0,0.0,325,50,0.0532075471698112
xlqqHO-iL5VEqPGZUOyIyA,-0.33118198592170306,0.0,0.023255813953488372,399,148,0.0430252833478639
xmKMkJwP1k1SSzFfE4VBCw,-0.14370893901461756,0.0,0.03278688524590164,276,84,0.0432900432900433
xnDX9i4RfIRrxMEFARlPtQ,0.16047165603424396,1.0,0.0,14,7,0.0
xq4TwzlGLM5FXwSvu6hndA,-0.2923808023185501,0.0,0.0,64,30,0.0604166666666665
xqWUMFEEbQla7B8lbUTrlA,0.08332059251951474,1.0,0.0,1080,39,0.0243589743589744
xqrlUnrLo1t9UP38S02qeg,-0.3833383225072204,0.0,0.0,647,124,0.0449131513647642
xr6tLZ6MMyBmOr8EGVAWQw,0.32590423351779674,1.0,0.0,17,5,0.0
xr9YuIfv4ZqgLTAMF1FrXw,-0.1887320927573739,0.0,0.0,27,10,0.0
xsbUN2133MlOmQlAqRPVtA,-0.3177076991701957,0.0,0.0,175,28,0.0
xvrmpEUp1P6wolmuZ5LQiQ,-0.10189394798999862,1.0,0.0,59,23,0.039855072463768
xvvKErRSIryWpluElU9kJA,0.08191530738147024,1.0,0.0,26,6,0.0
xvzsFqLC__nyri2ch3Pgmg,0.15761972063795726,1.0,0.0,31,17,0.0
xwAj5spllAq9s-eCAHB3oA,-0.13933834946527202,0.0,0.0,72,23,0.0
xwk_8nCLpolbdZpKcWicRA,-0.31146959975715993,0.0,0.01,686,249,0.022962437987243
xywaDaIL8_udyftSvgPmAQ,0.7769412800591017,1.0,0.0,9,7,0.0
y-XX_c8EVK4m3oQda42Y3A,-0.05138904324157678,1.0,0.0,183,79,0.0351960481630131
y-Zx4DHEsDPmVAwlo0m40w,-0.07084550436680459,1.0,0.0,180,21,0.0
y0_n8AHgfhIjIF3z4lRQwQ,-0.3991158700000259,0.0,0.05405405405405406,202,79,0.0457526307762696
y0pfoNQOyrb98aEIdH6cnA,0.10448973310546206,1.0,0.0,57,20,0.0
y1YYRnAHxWz88FZGSN5mYA,-0.30776892331821626,0.0,0.0,36,7,0.1904761904761904
y23lxMHt3EAs8qffEwpULg,-0.02750891546569889,1.0,0.0,108,19,0.0473684210526317
y2hSDX4fRNRONjTPRh8RFg,-0.24668467745533085,0.0,0.0,92,11,0.0
y3ApB9iM9tlsksQJEANHkg,-0.020206373231852925,1.0,0.0,13,10,0.0
y40Xvbq0Ahut5IcSaKn2XQ,-0.35537135427527866,0.0,0.00980392156862745,420,121,0.0449014121168738
y5JFtXvdV9hUsRAZS9v2OA,-0.2820754206160128,0.0,0.0,69,46,0.0
y5fT2Nx49cWtmQTJzkphmg,-0.14106422057035517,0.0,0.0,36,16,0.0
y5mX8NllPt30Nfw8oCcLuA,-0.09473662131432403,1.0,0.0,18,7,0.0
y6HD7qhOsXt-BTnkuJLUSg,-0.11289503073895057,1.0,0.03225806451612903,126,35,0.1200000000000001
y6_8bLLUTLZWMYu4JQq_hg,0.06416872406273433,1.0,0.0,56,8,0.0
y6jIrZYjVaxDbGXKpSlacA,-0.06301885703073018,1.0,0.016666666666666666,126,88,0.0318431568431567
y6qX5EfymzNEei5Ry45hHQ,-0.11796073758689773,1.0,0.0,180,14,0.0
y7MSJWmNPaVbSoQAaeCTBA,-0.2699652312314037,0.0,0.0,129,56,0.0332512315270936
y8R6_RZsBO-b__bJaQjuaw,0.021578932596544198,1.0,0.0,55,34,0.0277310924369749
y8RbDyDJd-zGcgThqIZWDg,-0.3933390091509838,0.0,0.0,73,36,0.0
y9WUY6Gh3GcVqtXkDre3fA,-0.10755081115518517,1.0,0.0,75,13,0.0
yBrK-DwpdbJY2F795ZStcw,-0.1981820733720261,0.0,0.046511627906976744,571,55,0.0628659476117103
yBz96I6CDRDDA9rYchHeUw,-0.07001390500771054,1.0,0.0,23,10,0.0
yDi27lJ-GDv_yC0iiL_68Q,0.6654119200886525,1.0,0.0,9,5,0.0
yEmEDomLUofVtbZoUeFV5g,-0.1567492291848197,0.0,0.0,1979,312,0.0094322344322343
yEsntN33ff9rNOuNXdjsNA,-0.13921185521449142,0.0,0.0,83,11,0.0
yFpOyYTVc2p2I-vNxe4nQw,-0.3823551634379745,0.0,0.0,519,139,0.0271670775267898
yFrX5aM1_mKdRb9s4fQSMw,-0.1971995325362128,0.0,0.0,32,7,0.0
yGFkdrYdndizAPymvyq2WQ,-0.24125812021248894,0.0,0.017241379310344827,738,130,0.0659340659340659
yGGaBvdHbzPCZCzR7s_uog,-0.09996777833509407,1.0,0.0,973,64,0.0
yGH9V9WTNGSZ6AHOW3kH-w,-0.11097947341231551,1.0,0.0,540,160,0.0237804878048779
yHUWxfunpzerdiehxNFI8g,-0.1777036869160773,0.0,0.0,307,88,0.0507086999022481
yHg5PkXbrY9lHnFSBe-haA,-0.23182725252500858,0.0,0.0,498,126,0.007811523559555
yHgRhWWUC1C8oQx8lChooA,-0.061958204497558844,1.0,0.0,165,20,0.0452380952380953
yIAgFdYQY3UdfDn-qO0K7g,-0.12567400464931427,1.0,0.0,238,67,0.0281202682240968
yIAhT0JRN05LRIJA16Lx5w,0.41541192008865246,1.0,0.125,32,21,0.2244897959183673
yIIibdtcOnGsjtvgNuBqKA,-0.10399802940215686,1.0,0.0,304,76,0.0364756828780814
yJw38SIIn9EaQuSSdxRHUA,-0.00037021062825015605,1.0,0.0,72,12,0.0
yKLYA_R5mpt4Ho5YJhqY_Q,-0.09621512620785366,1.0,0.0,46,8,0.0
yKVE6F2qqkVJpW55bWLmqQ,-0.17979916480478408,0.0,0.0,27,11,0.0
yL-xeorNGIryLE2AY8nGnw,-0.08458807991134754,1.0,0.0,11,6,0.119047619047619
yL1yC5OOawjSamAb9Wjm5A,-0.18264679985224586,0.0,0.0,31,23,0.0
yLjQA1TnnX0nGdsHJRwTdg,-0.18287039973235553,0.0,0.02127659574468085,116,59,0.0163841807909606
yLriMqgy4CKmkajLPjtjJw,-0.14937558137423773,0.0,0.0,25,14,0.0
yM8LlTInbQH4FwWC97lz6w,-0.3163295815537329,0.0,0.012987012987012988,252,100,0.0889090909090908
yMLdnKqOErWTvaE8djPzDA,-0.09247318329581,1.0,0.0,1139,47,0.0203900709219859
yOc3BbR4pua-7El5ce8lHg,-0.05565026155642616,1.0,0.025,185,46,0.039855072463768
yOoTTOsIBk10XCszYVnrDQ,0.07327023854106784,1.0,0.0,776,376,0.0205701462765957
yOvGqROeTabICY7c80h98Q,-0.20472908661984968,0.0,0.0,149,15,0.0
yPXqCvd-I5OEs8Lep7sigg,-0.3266236373355434,0.0,0.0,69,33,0.0791245791245791
yPrNoVfE90iZxSYzty7RNw,-0.21255611175240408,0.0,0.0,40,13,0.1128205128205128
yPt6y_CWuYiztCYE9UBcxA,-0.2309820192238045,0.0,0.0,97,32,0.1024305555555555
yRVRqGIjfIwEICeRWDfxtg,0.0,1.0,0.0,8,7,0.0
yTJ2Ir6CMBzThLK5dmACvQ,-0.17844455885087784,0.0,0.0,536,155,0.0302419354838709
yTTsiHs9q4I1Mg7_R-137w,-0.20612552319675265,0.0,0.0,70,32,0.0
yTY4Mtn9eNUj35mj452DMQ,-0.04673672527219708,1.0,0.0,30,17,0.0
yUcIuR557TA3GY_pGDj1-g,0.3038825601182033,1.0,0.0,11,7,0.0
yV5K0oZL4SSyEVHqBMGCGA,-0.36353755109965785,0.0,0.0,64,11,0.0
yVBTwIJdbtScInZ7G8eDwg,-0.1667320712639231,0.0,0.047619047619047616,150,32,0.1365131578947369
yWbLO04FlSDJzIZbKr8t5A,-0.2145097754541342,0.0,0.0,50,8,0.0
yYG2XDKCaf5yOLgJSKMw6g,-0.3068568647160903,0.0,0.0,1004,191,0.0436125654450261
yYwNi8Ul3P3JK605fVUlDA,0.08750089471772937,1.0,0.013986013986013986,529,176,0.0367300049677099
yZHiutcbym-xLGkmFhP-9A,-0.3200558907333485,0.0,0.005633802816901409,3317,852,0.0213275442936995
yZUdzAVPpc57Q--rYeHOUg,0.795166106728746,1.0,0.0,9,5,0.1333333333333333
yZYx6GiDN9pc8hutC_1qIg,-0.007056356577887057,1.0,0.0,135,44,0.0941558441558441
yZs3y-RGYYysNVgDZ4I-Fg,-0.18579707996143796,0.0,0.0,34,15,0.0
y_7L0twQeuce5heUxXKzww,-0.0637410520581071,1.0,0.058823529411764705,69,33,0.0536796536796537
y_IE3f8NMAyVdn0WQddIRA,-0.37116215250284856,0.0,0.0,264,99,0.0194019401940193
y_s9BsVRsAp3hzNVXUichQ,-0.15596234655818808,0.0,0.03571428571428571,170,30,0.0583333333333331
y_xJzKTkZN96V5hvXahX9A,-0.2580053165693671,0.0,0.0,82,20,0.0863636363636364
ybQem1jFkGPI1F-PEfEZBQ,0.08574533627012348,1.0,0.0,25,12,0.0
ybpCdZgY43JGcuAeGfm4Bw,-0.20934527635015376,0.0,0.0,212,73,0.0259360730593607
yc76PdPdke67hWc8OAyQCA,0.07654140652576424,1.0,0.0,33,10,0.0
yeZfgAw4LvWnri7ecPkiYA,-0.2706624018543693,0.0,0.007194244604316547,1202,324,0.0447349310094407
yecLfvB2rSvm0p_vkEkDsA,-0.04159844405883417,1.0,0.0,327,50,0.0192156862745098
yefPoFFKlR9xHTqlAR_BWA,-0.17309346857939778,0.0,0.0,61,35,0.0908424908424909
yfL0PSbSPeOb5QQ5uvGjrw,-0.16891218652578516,0.0,0.0,11,5,0.0
ygx4Pfk51sR4aFGDwv1xUg,0.09626297795958139,1.0,0.0,332,129,0.0363299780168921
ygyLBdPZhXpFmfq6EAZ62Q,-0.30102791356958325,0.0,0.0,46,8,0.0
yh4OvNj73ioPYPhJv6MNjA,-0.1634977598233066,0.0,0.0,18,9,0.0
yh9LdwO06dCtk-sV4HjBUQ,-0.39127729886337687,0.0,0.14285714285714285,28,8,0.0972222222222223
yhYJPnYn8n47o2mMnnKQlA,-0.05848049157703861,1.0,0.047619047619047616,59,29,0.0600667408231367
yhYkF6ZWeX_omCXgtQ40Iw,0.19401711662952958,1.0,0.0,27,10,0.0
yi1qt3cUK-RojZPXEjVFXQ,-0.26836946675762874,0.0,0.0,597,50,0.0192156862745098
yiE_Iym7A9wa6tyJHkWzhw,-0.16892936253821622,0.0,0.0,107,43,0.022198731501057
yiR60hi1GUqVJ4Wu7U9dqA,-0.11112289818793852,1.0,0.0,240,90,0.040661938534279
yj0bwjpMvBuNgJ0IQIC8mQ,0.10275615992662468,1.0,0.0,321,23,0.0730434782608695
yjXSQDwuI49poc3MA7AGdw,-0.15132902665666226,0.0,0.0,530,39,0.0462789243277048
ykJ9zt1fJ1cOpxz5FkpVOQ,-0.3044684844453703,0.0,0.0,677,186,0.0053188430797539
yklgi4y_mRyjayUuWApwGw,0.22475614926417498,1.0,0.0,117,18,0.0497076023391813
yknD6Knbr_aw_9Co6zP8tQ,0.0914594711843898,1.0,0.0,73,41,0.0
ym3e_a1L4gyKZWU1-LuRYQ,0.3435607253685432,1.0,0.0,59,11,0.0757575757575759
ymLl9bWlfHpL-ooWx8ko5w,0.11793685257958764,1.0,0.0,51,17,0.0522875816993464
ymurmddywqW-2D9Yp-X6jg,-0.08458807991134754,1.0,0.0,11,7,0.0
ymvSAcuCX9iIF8gKamfc3A,0.3131269601014804,1.0,0.0,9,6,0.0
ynIeFwYcNI82cM9LuuqJWA,-0.12121499038125039,1.0,0.0,115,27,0.0343915343915344
ynwPpC1G2vn-BC9p_dO4Qw,0.10197086015514178,1.0,0.0,37,21,0.0
ype7l-G4zuw3pmIG-HpvZA,-0.21084157392515768,0.0,0.0,640,34,0.0
yqKGAqAh9WIeIKIN6ZNBfw,-0.16001144960105096,0.0,0.0,22,9,0.0
yqYywLM3t-FgbEXgnhTYNA,-0.18160665167827306,0.0,0.0,85,34,0.0
yqnxbt0GBPZ5IDACqqMkBg,0.3131269601014804,1.0,0.0,8,5,0.0
yqw13sFpy1dXe6MnaZcGZw,-0.2299881272098322,0.0,0.0,522,197,0.0148730964467005
ytIh9UMN8mhMgICpd9aHcA,-0.13961490049276015,0.0,0.0,131,46,0.020814061054579
ytSd4wezO1NqUDuJJwFzNQ,0.4226969553608072,1.0,0.0,35,20,0.0
ytaVHTK7kdHxUscf2PCrow,-0.35455054947844505,0.0,0.0,45,14,0.0
ytalLxZdNZvyEw0UYfvRug,-0.11399890648770816,1.0,0.0,93,28,0.0
ytynqOUb3hjKeJfRj5Tshw,-0.23835230423010578,0.0,0.0011476664116296864,24393,5721,0.0097797255065035
yuCHAXdpgbQdvDbzTTyzdA,0.12849944006207928,1.0,0.0,8,5,0.0
yuO-Qy1QQVumIhO0ijvl3w,-0.04417615982269507,1.0,0.0,18,10,0.0
yuW60QyweNNcyHa_3fkrYA,0.0416359294566373,1.0,0.0,157,86,0.0431524547803616
yucn3Ygi3tr1LyVDgSWjvQ,-0.1173627025829812,1.0,0.06451612903225806,603,47,0.0916530278232405
yueX2QEsXa5_mTsp_CffjA,-0.04044293959104028,1.0,0.0,71,5,0.0
yug67xx7T6yIqzxiAOPMqw,-0.409574173316891,0.0,0.2,203,77,0.0864782276546982
yulGdN0Ezh0lbP81Wrki5w,0.023978820159992198,1.0,0.0,22,5,0.0
yvk6mmjToQHHqeT17nrQ_A,-0.11899822196429155,1.0,0.0,38,17,0.0
yvwIsOBQyTDsOhfS1sIVvQ,-0.27057935787490944,0.0,0.007894736842105263,1188,391,0.0333301758706703
ywBRJjqtj2xIfsWzs8ungg,-0.17257152160794464,0.0,0.0036101083032490976,557,332,0.051342120619229
yx31OWOldAFmgJ8PDzgMYQ,0.015891315711555998,1.0,0.0,17,8,0.0
yx32jmqWOQ2ZB3RsRRfRrA,0.20090833810682518,1.0,0.0,41,15,0.0
yyJ-cNLt44n9DnNI4xrDXQ,0.09369015350404997,1.0,0.0,68,13,0.1634615384615385
yypfHgPJw6V65cLTOZiPSQ,-0.4181255992893085,0.0,0.0,450,128,0.0361254699248121
yzMxuQYGIqHZCds5J21g2A,-0.14608154765845838,0.0,0.0,167,92,0.020814061054579
yzz9gwayRptbwV7l5cHtRQ,-0.1097365730474642,1.0,0.0,111,20,0.1108695652173912
z-7fgq0DHYB7-jO_6iGnJg,-0.1961174398817967,0.0,0.16666666666666666,22,17,0.0522875816993464
z-KhjAolUgorZVWSFbVqnQ,0.33840123013924983,1.0,0.0,16,7,0.1071428571428572
z00F0RSAGimvSU9IrTevOw,1.0,1.0,0.0,6,5,0.0
z1d3dFsEJ8wXB2v0W97LFQ,-0.002181617451765927,1.0,0.0,56,12,0.0
z2d0Pg8dqLUkrCMVvyYhxw,-0.16977474637666334,0.0,0.0,586,152,0.0364756828780812
z37fpa6lh-HOIQh0MbQXag,-0.07641974853076372,1.0,0.0,75,29,0.084051724137931
z3JIp32V1eTem1NNVCjsnQ,0.35658210690155745,1.0,0.0,117,10,0.0
z4M9rU6CZjHG8qm4xlUurQ,-0.11070716835435374,1.0,0.0,31,18,0.0
z504bZq0L1ypJmIoXL7C4Q,-0.3914774973762076,0.0,0.0,99,56,0.0172305764411029
z5HXbl8oiPAwp4vKhMqArg,-0.06329090057537201,1.0,0.0,28,8,0.0
z5N7vgaNSBpjKT_gbY53sw,-0.2497091345033169,0.0,0.0,172,58,0.0
z5QMBDD468EImgmr0pbilQ,0.5541465334151132,1.0,0.0,13,7,0.0
z5c4GinIQ5COwvBCeF05hA,-0.07514134607413125,1.0,0.0,49,6,0.0
z5nU7jIyr-_Hv5ZDH0nY1A,-0.17214359158178327,0.0,0.0,663,200,0.0541509433962266
z6-Nxhr-JX4OBOpmknkkgw,0.12652705136964992,1.0,0.0,25,5,0.0
z6-UhljI4jqBMyMrCUoz0Q,0.21794806569134462,1.0,0.0,41,14,0.0
z6xFUwsrwZHmuNZp1bKaLA,-0.008689616281196355,1.0,0.0,279,41,0.0442427680090753
z7A9nIWxFPOnbgz7drHZyA,0.0016832986579995435,1.0,0.0,20,8,0.0972222222222223
z7GXmSfRl92A_NWB7Zz4Og,0.06296673427200605,1.0,0.0,155,51,0.0
z8ZreCzxKUGzmCojZU1TKQ,0.1712971793359755,1.0,0.0,29,23,0.039855072463768
z8pwLBm3m6E8GJko5PhxgA,-0.14991446506509776,0.0,0.0,130,47,0.0203900709219859
z9wCTHYI2VZy9YIblwSsgg,0.5538825601182034,1.0,0.0,9,5,0.0
z9xBQXT6Ru19ySOjdGDIqw,-0.04016894872515331,1.0,0.0,84,9,0.0888888888888888
zBHAoHU-SD7wECkKpTGImg,-0.25767462841783556,0.0,0.015873015873015872,245,93,0.0738848078356222
zBs8GENWVLpX7KcBIPiB0A,0.018881683316647857,1.0,0.0,1818,334,0.0437810094097519
zCglWMsODFnewijW7S5KwQ,0.10780567324950541,1.0,0.0,45,30,0.0311827956989245
zClx6vjZMfECZZML9RZUIA,0.16204592740349577,1.0,0.0,25,5,0.0
zDEzXNbn84HD0lR0KD0seg,-0.12004471357257285,1.0,0.0,182,53,0.018169112508735
zDSZ1o-FYC2U7rrBg_kH7w,-0.34569692380323497,0.0,0.07317073170731707,94,60,0.0583333333333333
zELwtjWxnYXVAzOu82Xw1Q,-0.19805615294034284,0.0,0.0,46,8,0.0
zEZO2ySF7ym3rWyXBln0zQ,0.12107142895095757,1.0,0.0,257,78,0.0124959428756896
zFvHFdx2lDsxnmtbpf79bw,-0.018381512584885962,1.0,0.0,35,8,0.0972222222222223
zG3ijcNz5_KyxQb3w29OZg,0.053882560118203304,1.0,0.0,14,9,0.0888888888888888
zGSgPMzY9Vk5iYOkHNreHQ,-0.19330776729454968,0.0,0.0,301,99,0.0378542708639795
zGXgO4L7UdRB5Z1fzYWr7A,-0.04760127586281915,1.0,0.0,63,29,0.0321839080459769
zGbycl5wGZXkbtq4c6-qYw,0.10924343502724487,1.0,0.022727272727272728,156,52,0.0513986013986014
zHXYNXlSO3vMrWlISzmwlQ,0.1368746802706391,1.0,0.02702702702702703,172,54,0.0497076023391811
zIOsk_X3bUTakbDcodGPMA,-0.10347248078783244,1.0,0.07692307692307693,78,21,0.1150793650793651
zIeGu-ZfWF-THM8Y3lQwFg,-0.2850484494526142,0.0,0.0,529,120,0.0081955922865013
zJYLn2m_LWeJb8eqGmi_TA,0.10860719018357612,1.0,0.0,30,14,0.0
zK-BfS0xMgDRGvb_KJL4Kw,-0.35363052634876824,0.0,0.0,294,82,0.0119012635909492
zK2OGhkJqMj4pZsbSckSwA,-0.1606238516954821,0.0,0.0,127,48,0.0
zKC6BvDRMtwmtj2aNvIapQ,-0.1612341945082415,0.0,0.0,60,28,0.0332512315270934
zKbpzL0w2vAE68MuyekDAw,0.25617068843643,1.0,0.0,27,7,0.1071428571428572
zKu9lcDwlkCEmVDWJnJ8WQ,-0.28339473356595923,0.0,0.0,204,83,0.022962437987243
zLULLZsVKZrv7QNn_EmRUA,0.5538825601182034,1.0,0.0,13,6,0.2777777777777777
zLa1ItT12xW4gDmlHE0sIA,-0.13455849981530732,0.0,0.0,30,14,0.0
zM73Lntxy3Qgpm_jWmmTzw,-0.3571628325474658,0.0,0.0,363,133,0.0215612560813798
zMLA0-Qd9_4nHvovBaAMzQ,-0.008907824666573139,1.0,0.0,47,26,0.0
zMMSWTHxkLWYR359o-IuAg,-0.044716311005014164,1.0,0.0,240,103,0.0359314036838762
zMy3Pr6j2ZndQyD0Q0ToIw,0.5274979343599029,1.0,0.0,80,23,0.0
zN1nWYBHTL4T4onTRoqE6g,0.04325476023121888,1.0,0.0,194,28,0.0
zNbRWVCKNe6gBShmnuAQNw,-0.30075382625002045,0.0,0.0,344,112,0.0332512315270936
zO0UwsrbwCLYFWpn5jZ2DA,-0.09227887928861511,1.0,0.02631578947368421,96,38,0.024966261808367
zRS07E7aUBLePn0La-WcfQ,0.3227110998421171,1.0,0.0,326,8,0.0
zS7ygYwgDMh5HSDzG3oShA,-0.22371997291760515,0.0,0.0,801,185,0.0259459459459459
zSEqhlaHqY8sIDxznturEQ,-0.13957875226183736,0.0,0.0,45,32,0.0551470588235294
zTwWBZxB_G30buh26RKsHg,-0.03611741770872934,1.0,0.0,58,36,0.0
zV_tX3gSMon0Hqp8TH3Xsg,-0.2602285054320729,0.0,0.0,371,97,0.0197854837030095
zVvdqWz7_qjJf3X87Yqp2A,-0.1419859004020919,0.0,0.0,546,26,0.0356125356125356
zWDESCEtvhzpi8YRXaukNA,-0.058360766634708905,1.0,0.0,49,18,0.0
zWNz-y5mVcJA364mVV-XRw,-0.41030916500540093,0.0,0.0,394,144,0.0383333333333333
zX5bp2_1O9cJFQoGOjFwyA,-0.057646799852245856,1.0,0.0,14,6,0.0
zXCB28oFHB3SFNPKIDpdfw,-0.22235276702591744,0.0,0.0,465,22,0.0415019762845849
zXNx6wFZsoYPtMAZmdlvWw,0.5712971793359756,1.0,0.0,17,12,0.0
zXXzimAYL2m4Jkul0iHUPw,-0.4750262767383177,0.0,0.0,69,23,0.0
zXk8R3KLuGcJ5ZS093MWUw,-0.16500779392357245,0.0,0.0,97,64,0.0426772388059701
zXvjFr3lftIlkuFNlY4PRw,-0.03768246093681171,1.0,0.0,1013,65,0.0788732394366198
zY4ObZaMfkguE37G2gmabw,0.7769412800591017,1.0,0.2,10,7,0.1071428571428572
zYCrmx7qSuT-6ut1_F22iw,-0.35193417728474696,0.0,0.0,51,19,0.0
zYnYOzhlG9jPoX9ANecEUw,-0.18229879870538812,0.0,0.0,1041,121,0.0640813731722822
zZKnptPeSPSkza6SKq00HQ,0.003826298682583662,1.0,0.0,39,17,0.0
zZNFMQrCQ9GHXXT9D9BgEQ,-0.3509959833195205,0.0,0.011904761904761904,309,100,0.0541509433962263
zZ_xsIQfotnHe25MxQyg0g,-0.25880789123668535,0.0,0.0,207,59,0.0316754654070574
z_37EXfWEVMV4telxsbGMw,-0.3122259138689656,0.0,0.0,543,140,0.0070415400202634
z_7TZeTXsDH6MmkPHQN8nQ,-0.46884413156888183,0.0,0.006038647342995169,2920,961,0.039413368891769
z_RyP9WuygubNj--wuwuUQ,-0.15197634617575417,0.0,0.0,54,20,0.0
z_bTPCOeRv7IDHSNF0bxzg,0.00890711357971452,1.0,0.0,285,46,0.039855072463768
z_nuzYCFJbfQ83eozdBMnA,-0.34673654114416497,0.0,0.010869565217391304,342,98,0.0551412872841445
zaC6coZ5Gp8mLjeg7Slh6A,-0.11303685874354841,1.0,0.0,394,77,0.0246588854183791
zaCX8VFkfunbp3yH60Zg_Q,-0.1469067931028254,0.0,0.0,66,18,0.0
zaVDhiikQDCV_kSmLBWflg,-0.33557885319245184,0.0,0.0,11,5,0.0
zarrSwnR7PDD-7w9usNVYQ,-0.16294247401734785,0.0,0.0,286,41,0.0
zb-HVLBwbnfiUTPt42Os-w,0.37311788013297875,1.0,0.0,24,15,0.0583333333333333
zcBaGiS6dNDdco1wgp35fg,-0.34028356860818487,0.0,0.0,699,177,0.0055862375420554
zdG9d52hqH0JIk65LQzcaA,-0.2801958271192725,0.0,0.0,98,34,0.0277310924369749
zdJCe6BLDB03FBC4U_9bYw,-0.05125776218312439,1.0,0.0,34,11,0.0
zezqFvepI43vrYCVHwr-Mg,0.043779373502276786,1.0,0.0,19,7,0.0
zfZa3Csq1HjhQjY0HkhdxQ,-0.0459569057878626,1.0,0.0,55,19,0.0
zfivKUpA9MPwVVrqRrrDIQ,-0.2194434105365709,0.0,0.0,36,14,0.0619047619047619
zfqfw3FizcBMfU1vJvLWMQ,-0.41836668515642367,0.0,0.0,114,44,0.0217171717171718
zgb1ylb-Ic1sneuOrdEYSQ,-0.3235114801061487,0.0,0.009569377990430622,886,255,0.0718385905086671
zhdJZc19FDnARtn_r9WDjA,-0.23943393203434127,0.0,0.0,65,10,0.0818181818181817
zi5cMfvS1imWog3TFfuFnA,-0.1424785173699893,0.0,0.05555555555555555,107,20,0.1108695652173912
zjNcjqgQlPrbnn-pV5YCSg,-0.2266356095799522,0.0,0.0,111,39,0.0683760683760685
zjTBfbvbN2Ps6_Ar0w-fuQ,-0.3298249911048807,0.0,0.0037174721189591076,878,292,0.0378514780100938
zjsZ6DROAotlcuWR7MQYzg,-0.13505827320234087,0.0,0.0,101,6,0.0
zkUGrri25CXfZc4OS2BtPg,-0.25883229059171575,0.0,0.0,69,22,0.0
zkUHHsE-ktfrNlhL6CXalQ,-0.26653371456579994,0.0,0.012658227848101266,400,91,0.021269053527118
zkevOUm1kDU7PUKte4GKpQ,-0.2863652835772297,0.0,0.0017667844522968198,1190,600,0.0192156862745098
zlp7KfaESwgnTPvyVk9gSQ,0.25254412395719783,1.0,0.0,20,7,0.0
zm9aNqkHHtp1f-VT3ZlOZw,-0.21522835960103315,0.0,0.0,261,80,0.0121913580246915
zp2q74KG6d7CTsRWYrTecA,-0.17124972766554447,0.0,0.0,119,39,0.0462789243277048
zpKTPWoW56wF6d9qNnxM3Q,-0.26063072881367166,0.0,0.0,1726,433,0.0324665951831077
zpPeS4x_9EFBobT_OHipQQ,-0.17011528263190573,0.0,0.0,97,64,0.0
zqAPDoI34MDtNjvCWe3WKA,-0.28659876986075017,0.0,0.0,13,5,0.0
zraJ8MD-n5ob6s7dSNzKFg,0.10347573612839411,1.0,0.0,28,14,0.0
zsDjnBHyJsYfkdry96x75g,-0.14776689220735262,0.0,0.043478260869565216,191,92,0.058340727595386
zszv_H7xTUo6SjCebQbbGg,-0.32915273378550114,0.0,0.0,70,37,0.0256045519203413
ztcOE7NN0WdleNOCbje8ng,-0.12999055256858116,1.0,0.0,57,15,0.0583333333333333
zuJmP1Uh8txOpGdwzZDOiQ,-0.2066319378742263,0.0,0.0,124,57,0.1014254385964912
zuhraj8YI2SZazlUS4GFew,-0.4869087926155463,0.0,0.0,322,86,0.0431524547803616
zujdPV3HT-Y-CKE1GgkMHQ,-0.2889829482260949,0.0,0.0036231884057971015,1287,346,0.0299946568222666
zupI44qitH6T8Bo9OjA6Yw,-0.12270962278906361,1.0,0.0,222,107,0.0091727241259953
zurZgdE3W9jJnU6VAgTdSg,0.022346892479607416,1.0,0.0,181,53,0.0
zvXK340RFrQqaPU22U7zcA,0.2668380934431752,1.0,0.0,25,19,0.0
zwBvdDWFQpYJE1UMDTlSyw,-0.08585107288158766,1.0,0.0047169811320754715,519,277,0.0399985009930921
zwe9H6Xxqb1_E09A20Ptgg,-0.29328064396711306,0.0,0.0,87,33,0.2888459058671824
zwizQO8vSXZBcVO-Nb_cUA,0.3746277252585726,1.0,0.0,43,6,0.119047619047619
zwrgCMuZyFX46mL3piDyjg,-0.3852582138679963,0.0,0.0040650406504065045,3181,862,0.0400922396372354
zxuVnNVAUm16Sro0dS_lmg,-0.27817735951716516,0.0,0.01282051282051282,593,244,0.0482713529374243
zyMkbavgHASQtqVwaock9A,0.2247398319785021,1.0,0.0,90,21,0.0
zzXRdzrVhfNWPHD2MeyWeA,-0.2553361911311719,0.0,0.0,37,14,0.0619047619047619
zziDpuuJw-Km1J4BaGpBKA,-0.18927677141616922,0.0,0.0,26,6,0.0
zznJox6-nmXlGYNWgTDwQQ,-0.0787998209045323,1.0,0.0,97,30,0.0
zzu6_r3DxBJuXcjnOYVdTw,-0.07687251354337654,1.0,0.0,31,8,0.0
