Method,NDCG@10,Hit@10,CI_lo,CI_hi,p,n_users,delta
hybrid_knn_birank,0.11995907283697323,0.13946338736724426,0.10970735199405028,0.1300332585706151,0.008431979288467376,3578,0.020151082240442056
baseline_item_knn,0.118696609400795,0.13946338736724426,0.10864820794675387,0.1288654693146044,0.019370290626472164,3578,0.018888618804263832
baseline_ease,0.11813482627434764,0.13974287311347122,0.10817393727478072,0.12800595565249054,0.02426594904166886,3578,0.01832683567781647
hotel_birank,0.09980799059653117,0.1399055489964581,0.08711951716678751,0.11205269635436198,,1694,0.0
hotel_birank_fsq,0.09980799059653117,0.1399055489964581,0.08711951716678751,0.11205269635436198,1.0,1694,0.0
baseline_popularity,0.09917383957346433,0.1399055489964581,0.08669920279302715,0.11135237881233363,0.2861353028164372,1694,-0.0006341510230668396
baseline_random,0.09722523909907926,0.1381345926800472,0.08445895651073873,0.1086624301575243,0.47118468954690595,1694,-0.0025827514974519072
baseline_rating,0.09264870598306137,0.13754427390791027,0.08069514248207905,0.10381405400821649,0.012880051682059652,1694,-0.007159284613469805
