treated_id,control_id,treated_propensity,control_propensity,treated_outcome,control_outcome
-0eUa8TsXFFy0FCxHYmrjg,YpGSRLzkk8UOCVzd0Dpo3Q,0.5486241986555388,0.5486317556768016,0.0,0.0
-0epFLgYq2C1Jo_W4FOBKw,fDhdu4D4nsBC7h3i1mHaOA,0.5630162722228325,0.5630763221214363,0.0,0.0
-3dkEoYgH8AlUtBMZvzUfg,ivNaN2TmuoLKobiRHJCulg,0.5402658733234948,0.5402722106664749,0.0,0.0
-4jxTEaNONDDsC0Xzzp1UQ,vvtZWCcOw-wA9CF-79U0jw,0.5356165127605247,0.5356105373239219,0.0,0.0
-7CqBmK0zxwyjEqa3LBVSw,h6fI6-2x0lDpiDZJ3lb0mg,0.5295213414226487,0.5294986291031103,0.0,0.0
-7Rx5jVeQmlVoAU_oXrzew,yKVE6F2qqkVJpW55bWLmqQ,0.5769177014916097,0.5769177014916097,0.0,0.0
-7qO7OvcQS7t6v6uHxDAxw,2ZrmEwoZW7Na-JVH9dM_Ug,0.5830094619701813,0.5830094619701813,0.0,0.0
-85kJMtb9wqNWDT8yLbitw,GsDwQ9NzKu8eaAGFhkOtnQ,0.4823743366845471,0.4823545734255598,0.0952380952380952,0.0
-8uatt4iWxUproNMOd1srw,Hxmr7w2ufU4wsFeU68HnMQ,0.5478774792410378,0.5478850384614955,0.0,0.0
-AanHawaDlzWHQjrqRRWig,bDNBsMltPLACTkYFIBB0Mg,0.5074462990784618,0.5074521140575936,0.0,0.0
-BLVl824WRLFIm_uiHmkbA,5TzAmqzksrUBB2tdHDQAUA,0.4296622838893201,0.4295222403510643,0.0,0.0
-Bsw0AjWemVa8D_7g7-9Kg,U00LMGWuM4nf9TqxFU1vRw,0.5083817767013188,0.5084603746204912,0.0,0.0
-FSNRWP_3twzsH-qliHcZQ,BC-lnlxVEFFU49CUmikmAA,0.5729667690255161,0.5729389396786044,0.0,0.0
-H-El0POa4KEtmyDD4QvtA,uuEdVSddKBJ5CtStDifE3g,0.5616847270043854,0.5616847270043854,0.0,0.0
-JcSG0yNk06hpNWagOKj9g,jIuRCFtO7rEOezPAn7rCQg,0.5371454849641513,0.5371202916951991,0.0,0.0555555555555555
-Kro8CtHkk9Ge9MMDK8t7g,1rN5JlJuoJxHppuS49qxDQ,0.578430420486495,0.578430420486495,0.0,0.0
-Lz1eG1xyHk634wVzBD83g,GfKb7u9KLgp6OExvIHf_Cw,0.5590113834397018,0.5589624746235767,0.0,0.0
-M7wzxpUsdSkQd9PDGsJWA,Am_H8-XxtTfV34QmOuWcyQ,0.49958622097850397,0.4995228354651104,0.032258064516129,0.0
-MwKwvY0gG3GyR5ymxsLNQ,P0u1f6ea6LsyB8m1CXXyNw,0.564100501375015,0.5641144849939392,0.0,0.0
-P0cVKNzgqsqBsKkwngvpA,9iFqDUOMifeoJ2v4z6U_Wg,0.5825419581183792,0.5825419581183792,0.0,0.0
-QG6KSRQKTQ80--wqrnLTg,sW6AmF-EUVRoOCtd5FJyCg,0.5760621519322814,0.576048263548142,0.0,0.0
-QbbFXdiWQb2vKaDIky4Pw,AV--_bzb6m-RqUfk269DBA,0.5623785356497885,0.5623764268164371,0.0,0.0
-RZEK75brNtAA6QmDU365g,b3Tl3r8P4xWX0mAyESO1WQ,0.582862861827556,0.5828490349029001,0.0,0.0
-RkGrQUxlwgaR5By4p2tAQ,ey2XJjoyInbK3TL4x4k5fw,0.5687833431843268,0.5687475354868939,0.0,0.0
-RzbRfPnKcwTixtokN-p6A,EwYjw0AD5BrqART5kFr2_w,0.5875604480820151,0.5875604480820151,0.0,0.0
-SFSt3FkjGfavnyMpHsZPA,lSfMGqkDaMvqm-KCa6Yr2Q,0.57673754157185,0.57673754157185,0.0,0.0
-Wd5KqFszREg0XdXfSv5tg,NwscaDjCWWtPNG0xfTjm3Q,0.5556896314348175,0.5556999211341129,0.0,0.0
-WfGgYMcJKttsCu7WDrBrg,vV00GT_L1_fJYbLg_yEIxg,0.48226029361993455,0.48227894460813814,0.0,0.0
-YDYk83kO5ek-h4Fdu-Ugg,HIMC5c38SCBvY_5kX_JVVg,0.5773236042793964,0.5773262201619352,0.0,0.0
-YljbQMbbTC9jwn8kOLitA,TYH8eFPHCvK-7Y0CV7z1Zw,0.5198557818047997,0.5198745918706823,0.0,0.0
-Zb5_s9g-Jo5j4ntcvHK6Q,AxtOW_b6a6iuojs_ObGpzA,0.580019291641206,0.5800331447776633,0.0,0.0
-_LFA5At29YUr5Q48Nuf8A,PCIR3Z78l_nLXu_OnhTweA,0.571828754946433,0.5718501504774638,0.0,0.0
-aUw9tAKRs_Lrw47U-YSBw,wT-pzGY8rJ_xbTJDKaSl8A,0.5473586062097028,0.547400228226131,0.0833333333333333,0.0
-bGw8ARHQucKWEHEkxpGFw,uLM1kVK3-gYuUYkgnCoTyw,0.37792655656003127,0.3780062139704974,0.0138888888888888,0.0153846153846153
-bmzEhftbyGVuUQV9FIxmg,MruqWDUrgigjONJHOoE7eg,0.5807673941523405,0.5807673941523405,0.0,0.0
-cXxMH_oL82mOK6MBAjOHA,qFbBDbIjAKdqxJnHu7SoOQ,0.5591104899314341,0.5591089350495021,0.0,0.0
-iXlYo2AI1iHgpeZnv5sPw,2jGFCdLWvw_XyU1gBdaxcg,0.5628999833145143,0.5629234034699094,0.0,0.0
-ilTnXu41RrxQITuolQhmQ,p3qatJIq6b8Gd_k7hwpHOg,0.5562042202216906,0.556159542182999,0.0,0.0625
-ka45SR1nuoxUU4eTamE_w,oVMf5FvsD7_HmBc3B62Zxw,0.4993806622476439,0.49931908505563893,0.0,0.0
-kz82pLe268Cw59S6fD1BQ,QIEajLDnaNgFrCHWmiXCaQ,0.4906027867327428,0.49061182528750946,0.0,0.0
-lhHSR1Aws4CyYC1XOPVTw,Kt4NZ9IXvRCHI8qvV0h8qg,0.32071332333001107,0.3206134379779082,0.0,0.0
-ltRJOR-r7MhOh7g48HQwg,GiSQ8fXpAs3M9Y27BgEd4Q,0.48411712489480024,0.484106591377879,0.0,0.0
-mBc7M9Q3fEIxuUxwOleZg,Ik878rI6t1MCHf5wMKRwDw,0.46934891259824163,0.4694215596776267,0.0,0.0
-mWySS-oF7Pw-OdgHMCHUQ,o-KbL5aNSNEIxeINaihQMA,0.5819691189918516,0.5819691189918516,0.0,0.0
-nkdsrNAQoHEve7j_k-_qg,tpDJ0vOYiBLxMqtGvhBSmw,0.49492469114163745,0.49485547922831497,0.0,0.0
-qEk9byAfXQvKNVK1tCitw,YQD_Gm999Cthin64uLdOdA,0.5515235224766355,0.5515210838136994,0.0,0.0
-rTJCKclkU_ZnoQb4oKa9w,R_ETro-Bhca3PGyosh56BA,0.4911417123069495,0.49114182014918467,0.0384615384615384,0.0
-rW8eTXkovH1NksTZzJ7Yg,xY1W8nRMHLREeV8W3ald5w,0.5798723978004134,0.5798862522726769,0.0,0.0
-sRtgVuwRz7JJQaHiLV9zw,79-mLS1vvVYkHRCYBMXmzw,0.576195517251518,0.5762094043606233,0.0,0.0
-tdKOhrg4dB3xz1tEYujLw,dS_bp9xxifjXv4Z6Iy_Vaw,0.5755390520172196,0.5754591139271229,0.0,0.0
-uQx0mht-CxM9OSJM92YdA,tCKx9bkvughZdZK4vbiJ1w,0.4432899860881237,0.44353291717600696,0.0294117647058823,0.0192307692307692
-uzQNt-3jsRK5okUuJiQLA,TEv0kn08Hq2UZ3k74Ieh_Q,0.2584080832715954,0.25821757873536877,0.0117647058823529,0.0
-xhTcS5y-7LwHPRfBxJhfw,i5CdJTdTSNUCqtKWzYNRaA,0.5695003152755221,0.5695003152755221,0.0,0.0
-yi4ks8BKZ-_xcJYT9WLjQ,RMRlzkMedvSjxFLN9cIJSw,0.5739178686204378,0.5739510849096381,0.0,0.0
0-XYsSxJhu8ayKx1f3v_tA,q6HaBDtVLApz8f2L9UluNA,0.561875174136417,0.5618624955691286,0.0,0.0
00sOoojttpdZljH8VgOU0A,xbgzX-_EpV6yH-6nf2LCNw,0.5486514280241136,0.5486728013352801,0.0,0.0
03Lu3GNBhAp8pBtnXQ3dXQ,4W9f4R-SQ5_45TZhAbLr1g,0.5682753835899671,0.5682753835899671,0.0,0.0
03YfclexPdS_yrIbU6ahaA,vDb4ioypKzJ0Wshp5i3-bw,0.5774733555675331,0.5775063130691179,0.0,0.0
03u-wHrKSntiQvfxs4z84g,-HL8513QTgQ50vWjtg2Dyg,0.5825696176148197,0.5825557879315287,0.0,0.0
059fmQtYFQv3-hINwfpGsw,z504bZq0L1ypJmIoXL7C4Q,0.5041838606521503,0.5041856265199794,1.0,0.0
06ddjGdyYk580UtBwyfbdw,doN8QSdGtlIAW7BP8afZEg,0.5143190781997704,0.5143443128070444,0.0,0.1666666666666666
06mrRuzYE3zTcVqDDPvzNQ,7CwAjHjTPilN_zBuOSdMxg,0.5607557883042529,0.5607683126076896,0.0,0.1428571428571428
089KGIJDnVJEAe3GiXzlrQ,0t1jvk8ZV3f3xqA0RmDVYw,0.46916512694117657,0.46904669484878575,0.0454545454545454,0.0
08SYU1uLNCned0Oyrh06JQ,jZq8xsKyCrRRzJenCKKn-Q,0.5353734090916763,0.5353898211500696,0.0,0.0
091-A52K-wifGIf3jJ-hgA,YICdPG1yr1tzlZBd05xcQQ,0.5370328337500822,0.5370328337500822,0.0,0.0833333333333333
0ACFnKVLuLhAWU6NOic6JA,mU8d9qbaUqJ-XTd5Ood6Kw,0.5871220045629146,0.5871220045629146,0.0,0.0
0BZdcQAJjI-Kw97mQW_TPg,9gQ3s8WlhHTJen4bCkZYGQ,0.4899056110165441,0.48995599098440573,0.0,0.0
0ERS4_k61Ea7VVunLcxlgA,-vSkeoIujNpKhITwvcYVLw,0.5619956104511058,0.5620011666560255,0.0,0.0
0FIfHHrNbcc_hXbCjhU8HQ,g0rCtQnK8sYOGCUKg64UyA,0.4754290949669689,0.47551959261586996,0.0,0.0
0FQKOh13Tkcfgbu6qeZtXA,rydGLnO6XqB5OIUuGDVMiw,0.5813545363946495,0.5813683772762692,0.0,0.0
0IdDSSNGXZY-qH9In5cDng,xEzEJd-ECXOlIhEw7p-j-Q,0.5220133628429411,0.522122688573073,0.0,0.0909090909090909
0JGG50I4c9iAPrk7H8dRcg,ISFFAMis6f9ozFO2MHnuDQ,0.577050995274125,0.577050995274125,0.0,0.0
0JQgHiPAQQWkdgbBvEL3JQ,IO0zhMADxMmw7NXB2iJbKg,0.5790323254064461,0.5790184632173738,0.0,0.0
0JnsAQFvOFxPltNU_smK3w,wuzoQhym6ll3fjAiVgIJbw,0.39757908702345574,0.39783844343907404,0.024390243902439,0.0161290322580645
0KaePrBSRJwUQaHywCM5Zw,t5u0uDavOY6M9qu8FLAs0g,0.5319832154485693,0.5318945117129242,0.0,0.0
0L23LpzmR-kRsuIr9-zEXQ,_ml0rQHmsAqZwXtKSVMyMg,0.5233564666438298,0.5233564666438298,0.0434782608695652,0.0
0N_HQ2GsT1zNKX-escN2ZQ,H_JO3CNWRTRHmstEyvb31Q,0.502675839568403,0.5026474712669272,0.0,0.0
0Qs-G8Xs-mz-jmQH5lez5A,ns0RYfhXBADuEeuEQmTl7A,0.5560656985714909,0.5560357614447625,0.0,0.0
0TwZfZHis6e4o6sBogUJVQ,hOupS2QRNIuMLfcpOqC0oA,0.1953780981097781,0.1952500992771003,0.0,0.0101010101010101
0VlGRVZ2z62KXgZCc7b5Kw,CjaLZOk0XnBASGxOaMWJrA,0.555105895904266,0.5551003214737469,0.0,0.0
0VwadfoaG9dAFVgBSMcYbg,VY1Gxa5ctQyYW6JElOOLJA,0.4539534650349693,0.45389523172743634,0.0,0.0
0cwYcIySz-bdipKJjD4Keg,hDGYyMhYXGXfEZmFJgLqdA,0.5560711219450655,0.556134030632874,0.0,0.0
0ev1P7-P0nCXHM-0sDmiTg,hSgY_2L02kB-1xRDoJKsng,0.5792846811821263,0.5792846811821263,0.0,0.0
0f93yTITlSOiC83jz2bYUQ,j_eImSxsxnW0FCM1b5ekEQ,0.5764431204441266,0.5764760993688325,0.0,0.0
0h4Vs6PqhRNbNrcel0O8ag,nsZYVtv9l7Vyf9ZolUmYUw,0.5637460914041382,0.5637578970273245,0.0,0.0
0iLgVQpBeIYYwQZIblTTVw,q6qZzQbIDnl54kH-4BIA6Q,0.5786967397407276,0.5786967397407276,0.0,0.0
0jDPdf7kIkjZuNDNVH8Qew,GlrpA_iR78s7vAP1j4CI3Q,0.5846072794309484,0.5846072794309484,0.0,0.0
0l_njS4wGMadAk1b4nZRUA,fqD6hooRmTeQnmy2PdzXIw,0.45651225641277116,0.45662367080441907,0.0333333333333333,0.0
0liks45enqVRV3_ORP2wng,XF1P01OV8o_tB52oo36_ZA,0.584913919503632,0.584913919503632,0.0,0.0
0lxPrv9a3zo68r8ds5ypTQ,UesAtrCdqntO6MvejjGDCg,0.4966466205045557,0.49664508299069193,0.0,0.0
0pMj5xUAecW9o1P35B0AMw,SvyQvFlUb3R-8KhEIFPRxQ,0.572095233961256,0.5720534682042627,0.0,0.0
0qMuzRkFDNO-8OBZf3Yi3w,Wo2aCm_YFYh48P69ZsEIDQ,0.5806067250095505,0.580620572779543,0.0,0.0
0s8M7TmzxKfAibuBmm2uYw,LG9WtCRXx_PAr0y4nO0qjg,0.43411114305744886,0.43410806594894447,0.0,0.0
0sLvh5ODb0W7uL3WWOCTeg,SuzwgDT71HxOccHXsBpJag,0.5516803614162666,0.5516611906395679,0.3333333333333333,0.0
0tamJjc_EA4uLJOhb9dtgw,R722fDi0r2oamiWjbnRP2Q,0.406447584731269,0.40638264407944175,0.0,0.0
0uAdNV5KUFOgbg42MhDwWQ,7SfQg9aLs0Go_BT5C9NoKA,0.5779614991920142,0.5779614991920142,0.0,0.0
0v6_mSaPBuBAKevIpRp-jw,OO5oDYrIYlJaoFAFetrW-g,0.5796139662356216,0.579620138727282,0.0,0.0
0vlisQJ0jKFB16KYi_q3LA,ZtZNEwpzAh0uKUKA1Gg-yw,0.5051744070702986,0.5052166646662757,0.0,0.0
0xkgRnUPJKhfaCTc_Udqeg,1A9p0iMiPsIqC0iDRMfZow,0.46139663117757557,0.4614030506614046,0.064516129032258,0.0
10B8LifXfBtMLbrYzTOy1A,DUDstO-YrNRyQ_gP_mcRNA,0.5239818351631523,0.5240124308591635,0.0,0.0
10M-OPRL1iITxEM7FIqeeg,LyCOaz2ZyzRBMGfFD70rTQ,0.569689968136726,0.569689968136726,0.0,0.0
10kx3j_jGJutjQDJSw_cBA,U95M8QQ5kQGnZKQ6HVAFvg,0.5685560893847008,0.5685628198733822,0.0,0.0
11_eIDfQ146e1J3CMPjpqA,KPnJ3hdHljTWbsq_mx5oZQ,0.5683110249762272,0.5683053900515468,0.0,0.0
12aD4pD1uCJYA4ivdAd3Ug,7aGR18LRkq_yK-r4inL_WA,0.5173250243162855,0.5173245229235633,0.0,0.0
12uWSsgW5wkWzkxPycLtzw,q_1xjztlLeeYo12GBsuZXw,0.39199939496990366,0.39195517264779595,0.04,0.0612244897959183
13N2olEEZ3E6rshOriEGSQ,MJ3sdlP7ye_ui7ZJ1YBRww,0.5656804321054335,0.5656804321054335,0.0,0.0
13UgduZFJXeiTFsJu5Y8gg,6IRlUGtb_PZRR_IXJQ7Kbg,0.5058413023404946,0.5058427037356732,0.0357142857142857,0.0
14ZGwnDyydXdSBsLXpSUrA,Nxa362GcR1WWK2og8uJ_sQ,0.1436406359901021,0.14369465752108243,0.0,0.1666666666666666
15IzVzKuvUCrpM1AFvDT_A,M8AE0_L8zO0HsI8DGRqPJA,0.5829956364283035,0.5829956364283035,0.0,0.0
16F4GypSrqrwObH6IkaOUg,vhYqMJa5dxZfDNuRHwVlfA,0.5698046710497368,0.5697959607352411,0.0,0.0
19ucoG2VHdR2aMGyf4aoNQ,wwneev53BfrW7iVuS4pzrA,0.5437599952872966,0.5437107110555074,0.0,0.0
1AJHVnRGxTWNMaFbIUbWcg,lra3ButUZm7ZymM1YSnkWA,0.5776811802276018,0.5776811802276018,0.0,0.0
1E5h3CFrNZetWcWQut-KwA,IgNDlyLERBwFGphgcC5VDQ,0.4357474804893785,0.4357970285263332,0.0,0.0
1ECGsFgm4FlHbmZyltFdLw,Pocs24Rhnbqy1tZQm0j7Rw,0.3864149967900008,0.38644270387757745,0.0,0.0394736842105263
1Fs3_bjPQwvSXZHGGlFE-A,RYfl2IphOq0xFN0N8pzXQQ,0.20158070982679055,0.20214819700210238,0.0085470085470085,0.0075187969924812
1H-RURg-RoOuSDmwAmMhLA,-H6s1c2NRic5UKxXqi4FdQ,0.5844608406489441,0.5844608406489441,0.0,0.0
1HNvVBmQX6F_0rMVdvKi1g,e1l1IlKpL7FJlM4ivnoO2g,0.3310386825448998,0.3310165112044651,0.0,0.0588235294117647
1J6QlHsJeXFTrL-mdjwjNQ,EWPbRyoG7-JiDyeV52nZBw,0.5680771645490209,0.5680771645490209,0.0,0.0
1JXJbmiVaLK2Wc2-reqQ5w,Nr9EiPqLbE1b_MARnmVxNg,0.5656105707555087,0.5656390152282602,0.0,0.0
1JYW2WmoighRK2b7fGZx4A,ACHVRhkmpCuT7WQQjzt07Q,0.5528795254734518,0.5528694829939441,0.0,0.0
1Jo4UC0YNPoPm9Gfur8tQA,Bfn7SYzvvemCOnjyKd4eaw,0.533818819226728,0.5337843621121408,0.0,0.0
1JtpcHELRrSDoWS80WtzuQ,kj3Lyh9KooU8GcRBbMDQWQ,0.135069964604303,0.1346967014595206,0.0,0.0048076923076923
1KxvbQoLUSnYlgxzJ3FEJw,RXulUc5AcuclmU0FdQ2quw,0.5440692427809867,0.5440889487349367,0.0,0.0
1MbwLxXrQk7H1FOidg8hoA,VbheehVdnqthjCCmwO1q6g,0.4819791781692794,0.48198138887694564,0.0,0.0
1MeIwdbTnZOBFCKOrgaxuw,mciSzNKFRZ3HGgeSDuwUcw,0.4535248090959166,0.4536225828572966,0.0,0.0
1N58_B4IsWcj19QZyJdzag,UdvFMoayRuRBuHoOXBBqBw,0.5415253120488075,0.5415554664431422,0.0,0.0
1ODBqsrWYKcby46CHOYjRw,YpwiShaS6y8KUOJ6Cm4Vsg,0.5863909585303217,0.5862447035162607,0.0,0.0
1P1xD7dYMrd9VseziFi0bQ,UjhAD9kZe7-wUTjD0BGh9w,0.585513200739887,0.585513200739887,0.0,0.0
1Q5c2dyYzgMW0KBDNxahXw,4WWxTisW97Ks7r06Exxx2A,0.562186027793748,0.5622166099431742,0.0,0.0
1TDkOZykS66a7pV6yeAAHQ,FAEUVw8ZrUS4KpsimS38pQ,0.5761677426722737,0.5762094043606233,0.0,0.0
1V1QNsvymonQTNjKVd2gQg,5Z71LWiFuQR-0xcdS8fmMg,0.554176578430127,0.5542206921659893,0.0,0.0
1VUeZg25PebLy9ZMVCddbQ,-fCB9irkaglTWG7rBhcODg,0.586230909112406,0.5860984332894882,0.0,0.0
1_ggjy2ygyhAztMvjLCCEA,AF4eN-oI7IWwjv0M9BiHxQ,0.42609320956096447,0.4261996717267429,0.0769230769230769,0.0166666666666666
1aSABPmktJY072mRN7_h6Q,XM3ZCy6mhG9y9FZPIjOHlA,0.517788299886228,0.5177404330659046,0.0909090909090909,0.0
1bsQMS1SeLxcqXrJQYVfGQ,KMfIryKytcLLRKZjW-bWZw,0.5841679183590085,0.5841679183590085,0.0,0.0
1cqOPqedKmkYhbeF4T8YUQ,IRrUGBV4BjumBG3oiRRF9Q,0.5731100905113574,0.573072559359479,0.0,0.0
1eLL2eTmHwbrC6w1VzMjGw,4yjg0NlNYjTwmrhIb5TqSg,0.5821019741070277,0.5821019741070277,0.0,0.0
1et8GvbWnXrClLli988vJQ,RTEaH3i8X3yCLNjOdPw3Pg,0.5818224154421318,0.5818500883922677,0.0,0.0
1f1ZvvT1qyFFTIW-BdJ95A,hjHWlYtCRLg7CjAIvtUGGg,0.5658285727408808,0.5658662582864143,0.0,0.0
1gsByhy26ZZtg87sJGcpNw,1b3kbq_fIw8QoAYnqOzHfw,0.5785497194371192,0.5785497194371192,0.0,0.0
1gusOUHcPCeorq8EHWZaKA,UsfWvnkNmhpD4ntbyIURow,0.5875604480820151,0.5875604480820151,0.0,0.0
1jx1sfgjgVg0nM6n3p0xWA,deNOTM_X7PF8W3E2cKWXyw,0.5169527576733147,0.5169311051024638,0.0,0.1176470588235294
1lWASQ_QiT_RFPEeSvyF5w,5Mqe-TAK7GzwiZapwNqQbA,0.5645546800200452,0.5645585618895145,0.0,0.0
1lb42lEHaZMhy_1gLQNXoQ,wY9y0cOAzNALZ7BELMwozQ,0.5661108499751706,0.5661056093171052,0.0,0.0
1nFRRAsJ740DLZdXS6_chQ,ljEM0v_KClcruWn22B_V7g,0.5606452842691703,0.5606149316451695,0.0,0.2
1qHkyWDixBqIE_SH4fuCXQ,4ORRY2fYsRhwN0u8QjQNEg,0.5493894104712269,0.5494044443294878,0.0,0.0
1sZKO790Q6C4aV9PKmtWeA,bpMv-FzY0RjaaNAxeZGXgw,0.4354025819750003,0.4355781586692608,0.0,0.0227272727272727
1u_cOXKrpzUSYkAPBhY4Cg,sZs1UrdLUMQ6khJGXSvObg,0.5730864729810409,0.573072559359479,0.0,0.0
1v65CU3ub7VdM6GexSixAw,TSQI_PnJDdGgN8-HtbFALA,0.5619956104511058,0.5620431623864138,0.0,0.0
1vMvq4kXlOmSdPDWp_1shg,AhexobOXNdhg5CuO2tdtlg,0.5769593435877526,0.5769871043777174,0.0,0.0
1xOyqnO5FtxSLwRfT6mzPw,qvZcebJFv1hqdmccs0hoqQ,0.5339705985749924,0.5339830259663382,0.0,0.0
20DL03rDdw1R2mSH4ORVJA,FEFi0AmjHzgSceeLYW3Glw,0.5523760532027214,0.5523253883774385,0.0,0.0
21Yrp9EY9pI09qy-YYBhVg,gfTWMLJmNz7YBz6332uxdg,0.42936780208117337,0.42939682917227884,0.0,0.0
22JMnG7XzPRJC0aj-ipHtg,6Fk7Mlgy8msAC0NCgsun_g,0.5860846374521405,0.5860984332894882,0.0,0.0
25tI2s_AmToGGE2fNQYY7w,2785LQ3MgpXMgQRakACT3g,0.4970202052627533,0.49700281128895946,0.0526315789473684,0.0
262dmM9ixxYp5K5UdmuaCw,JJ6tYuw5Ms_r58DhnMtOCA,0.40546549535422277,0.40553643694644204,0.025,0.0188679245283018
27LOZZ6MvlT9B0RfOca2Ug,CV1ZOJap9ZiEmtqgN3SKNQ,0.5635167543547724,0.5635128812867304,0.0,0.0
27Za9Rl4nmXK6vfEf0Fv6A,fWgIjclFlprhS90KH9ltiQ,0.5828766886218977,0.5828766886218977,0.0,0.0
27wpv4Za6iXAzLp3R19Riw,5syHaITUosZ58Pm519cjBQ,0.5462847232206967,0.5462415061858117,0.0,0.0
29ThPh6IA69V-SfcwfV9Dg,pDo76a2t94988yqfaMWeBQ,0.4080217693448492,0.4080962407022391,0.048780487804878,0.0
2AqEWqRbKhcY-30b9geCRQ,0UVx40zcIeh6wb_I4-QzfQ,0.5532479112680245,0.5532527876479445,0.0,0.0
2Ax2c1Ok3bCa2CO-HKIzHQ,QjktE2M71v56CVHERuyiTg,0.558516472916999,0.5585267491603622,0.0,0.0
2EDFZFFdE3p-ZD7-loI02A,zV_tX3gSMon0Hqp8TH3Xsg,0.407921194953999,0.40791748149094276,0.0,0.0
2EOinQpyU4ChpyJ4KusO2A,faYU9nWyhiYeSwiP05ojvQ,0.3363464909209039,0.3363276115013608,0.0,0.0
2Ec7JLAHcJo4Aj2yvqfkiA,uh25a36RgVbIeq99Qy4a0A,0.5551564994933199,0.5551705437780026,0.0,0.0
2GgFrz1dQ6NzR29UIYQ8Xg,4nJ1L8QMKujkh8_Oe4FK6A,0.4602351514788455,0.4602082760862153,0.1176470588235294,0.0
2HKLaz8nktScK4-1hIFykg,1cxwHtw_UBMSOE6cvNmVmg,0.5773869345114891,0.5773730576871364,0.0,0.0
2HkgsHiqWwEW9e44Vhw8DQ,UmIOlyZo4ehT9SlsC3Qa5w,0.5546293263763384,0.5546394783875865,0.0,0.0
2ISww4-o249VMoy7zKsWBA,8n86Y8qTud6kcHgB1615OA,0.47491950326687493,0.4748923521140839,0.0,0.0
2J6x5uYTXbJzTHbQN1W6eA,-R2w_cB1_nA9ZrgvP2PkUw,0.5681693002804644,0.5681832532903659,0.0,0.0
2JK2p9X5FftFxNwbqWdkdA,j6muHG0zR4G6z1KBt92KtQ,0.5831283989933889,0.5831422232809116,0.0,0.0
2JdCmdTOWBvf-DQ2xaVpJQ,LtG1BloPZmht57B4f8pimA,0.4268989912042083,0.42689655996446146,0.0,0.1
2KIDQyTh-HzLxOUEDqtDBg,rgeuy1qbw6Z8B6CSVANHIA,2.3485811133739236e-05,2.458201877421852e-05,0.0089514066496163,0.0029498525073746
2LJYUjeRv53-FGG0sljByA,2Kqq7D6oj4FNF_9JmVjQJw,0.574897546692319,0.5749114449552984,0.0,0.0
2MUvyUxQ8KDo5_H_re3OKA,uaTq-_gVT8XWHdBfVPzsRg,0.5294145630480463,0.5294145630480463,0.0,0.0769230769230769
2N8aVo6j0PyL5Qj-qL9upQ,gt2RX36MNRF1B9V8i8xuRg,0.548013683882591,0.5480203130988291,0.0,0.0
2N9WHETHcYJsfYpHQ-qN_A,e8x5wMNjiIk5ospmofGZlA,0.33191029352596074,0.33223481419545875,0.0,0.0
2Nvq88a-NLYC0e3Jc_vvTQ,T9sdnqG0AnXv5xkVy7b4RQ,0.5620580913941154,0.5620516047175429,0.0,0.0
2P-pvj_jo0SxNe6jih6sOA,1_BzX6o0O6w_9yx9NczMrg,0.4876970469967894,0.4876152530901754,0.0,0.0
2SLtQI24J5Qwolxil-W-MA,b_NJFKY3vWv4VC8fPSGO1g,0.5863771655622442,0.5865371983074595,0.0,0.0
2SevIwjgGdDdkIfs3Peu-Q,ZoSDp6Ycoy9H2spud3PYqQ,0.34172976028576757,0.3416645424544376,0.0405405405405405,0.0454545454545454
2TYaq5AfaFi8kv_eacQYrA,tKL_MbA8s_ZeU4RV5m-0QQ,0.581207772370577,0.581207772370577,0.0,0.0
2UvdgkdaeIFcakXBvRKLZQ,l-JQja1KoFdjaP8AJp_mvQ,0.5372768110714636,0.5373250354785113,0.0,0.0
2V82l0NAsTWwOaoDQvSqxw,nFKHu5DJMMXktBsSrOpU2w,0.4920492970507016,0.49197191988682576,0.0,0.0
2XK7ZqKSygxnn7iDpIeRbw,70vQqNfFTdA3FmqjFDnVfw,0.47903952500706354,0.4787933665843205,0.0,0.0
2XlnquSnBb1ayfsw3Lk71g,8CXGk1YTeXMpAkZZ_ji6lA,0.581207772370577,0.5812216146091119,0.0,0.0
2Y7h1oxMRfVVGvc02aTn5g,oMwgGoawoMEqvgcy2FKVug,0.5706965308690576,0.5706965308690576,0.0,0.0
2YanqRyvO7nzfwi2SPQa7w,gq4zw-ru_rkZ2UBIanaZFQ,0.5306593081680684,0.5307255989753856,0.0,0.0666666666666666
2YoJUob1RL-LCYGiXdq8dg,XFOLv6Vxik920W7OP-OStw,0.5123598040187667,0.5123402975265418,0.0,0.0
2ceJseysVj1LEp5SmVL9Jg,zK2OGhkJqMj4pZsbSckSwA,0.511745148209355,0.5117312506598971,0.0,0.0
2cfEAFZZee8fq3Xx6yZ87w,H9giitmH1pwUIru-GyF0HQ,0.5446574106583482,0.5446674856769937,0.0,0.0
2dVJ7R-3JMmu2v4DJYtBbw,HguxlcVKp23-NdBGstw9Hw,0.5879987527290672,0.5874143156403773,0.0,0.0
2f5JQR_QxrmqUHSjzpZynQ,6XZlRSgdUsEDPlYurRgpMw,0.4064811422335337,0.4060262726485345,0.0,0.0
2gWAivEMugrIdrl0aol8IQ,o-JguBmC-oWAShOmFdWxcQ,0.5863771655622442,0.5865371983074595,0.0,0.0
2kvPnK4DLK09KHvvwEj1xg,yfL0PSbSPeOb5QQ5uvGjrw,0.5878526666504706,0.5872681677926312,0.0,0.0
2lcgp7-09VXUTnlQ4PPKpw,7fGsiwsL-cg4UIXWys5fNA,0.5474621780078127,0.5474650829979811,0.0,0.0
2oHyI8snh5WtEh83gSczlg,zaVDhiikQDCV_kSmLBWflg,0.5872681677926312,0.5872681677926312,0.0,0.0
2owewxu5r6mLfKv6BBV3Aw,VUilII_2y40BYq0FatRf3A,0.5686828290222365,0.568654930669605,0.0,0.0
2phMafOfwZuzShT7iaHH1g,IIg_XileiB4DRqlTAuVdMQ,0.40798223771310976,0.4079392875652652,0.0350877192982456,0.0
2pov9KtQBTChfCoJ0IvU5A,aMfVQdVbKJnZwdf-c1WNcQ,0.4379854625411386,0.438031474523812,0.0,0.0
2rmpfdyV2POqpXtmPHO_IQ,tqMRd6zXx5kGes8PedR4Lg,0.5375261853588453,0.5375173519482924,0.6666666666666666,0.0
2wd7o7XbEywXTUqx6RITzg,BIyT7Kr7tMJqlfp4oOOYQg,0.5011463463269739,0.5010803924804829,0.0,0.0
2xvxGJu9rWdhZ7AheiOheQ,kgMEBZG6rjkGeFzPaIM4MQ,0.49770028318942955,0.4976945636278553,0.0,0.0
2yhZklZm-4SmAVYRdPK4XQ,NwXPU4XBNFCpltHf6TlkHA,0.5872681677926312,0.5869758259753751,0.0,0.0
31Wj0ypO-F83ca_Q8bboMw,zqAPDoI34MDtNjvCWe3WKA,0.5871220045629146,0.5869758259753751,0.0,0.0
34x_Rkwd4UAcKuHyJui0sg,CoiSfZwEN0KZwZas6846tQ,0.49413953511775394,0.49410476347245363,0.0,0.0
35XA5-HmCdlGig97Lf3WUg,ezx74ix7nc7ZpDQ29Rkn7A,0.5833026182056874,0.5833026182056874,0.0,0.0
35nhYScG8Q8x1ctzPCEUmQ,ut9lc20Dq7tUH0tZMKic1w,0.5669825670847906,0.5669574236604078,0.0,0.0
37yDMpWI6HBO2iW8slv7_Q,lZkp51ME2iBdQbhF4QrpuA,0.4961937848891792,0.49619788347957927,0.0,0.0
390CUkTdCxK89Nb9FdNp1g,pARcoIwXlijaXVCfp5jdsQ,0.5598520070211584,0.5597892081723168,0.0,0.0
3Annr4f7u9KX2bavh2Y47g,VfhexEmkG8sNgRf4tviAJA,0.5819552836900136,0.5819552836900136,0.0,0.0
3ArvoGCDuPYIj-RIInT8Dw,ZQXiT4vn7eg6Sf1Cosh5AQ,0.5838749365968878,0.5838749365968878,0.0,0.0
3BxSsr7QIWI6NGW08MU5JQ,qk2g-tKFjNKO8_MtFrOATw,0.5698099009811318,0.5698174178226094,0.0,0.0
3CDGF41-vPznG9zY0-05wQ,dGOvRqPDzEA3bNy3f_fmUQ,0.564573471580749,0.5645720339331708,0.0,0.0
3D0bjMq82o92hQylTEkDug,K6c5WJDRDTjzb8eCcn0dGg,0.5448372481411932,0.5448226239520205,0.0,0.0
3F777YJJYthdPNrB-7MUNQ,WHLM6UhwSV0tN3CrmSgsUA,0.2985764440545586,0.29895938465275285,0.1463414634146341,0.0333333333333333
3GH1JjRirgs1s2OR6Dk0RA,Wb00MpVcZSU7d8n5EXiWkQ,0.5484965132694092,0.5484457682960393,0.0,0.0
3GcXSZQ65Np5N1N4a-DK_w,kPK3_DVC3oANl9m2a02m_A,0.4129099589414396,0.41301150335222236,0.0120481927710843,0.0
3Ge5qClUv3L3R-a1TyLdYg,seH9xqqQEqL5Gw_psdXSig,0.5332268761810286,0.5332326926585736,0.0,0.0
3Gsjcg0yHhrjaia4SouMSw,axLfdXz-hV7_ev2Ne3s9mw,0.5791515779535712,0.579165438945173,0.0,0.0
3HuJFaspIb8fW2zQh7CP1A,et96-0iMUgkDiQWKqr4k2g,0.5717164341339178,0.5717046073499583,0.0,0.0
3L18kz_SjKpnvSwwsuDw4A,yqKGAqAh9WIeIKIN6ZNBfw,0.5803268872314938,0.5803268872314938,0.0,0.0
3MIsXwx5zVmlwzRx9UnuFQ,Tn_mh2nvf6XXh9O6EN7QcA,0.4876162821432098,0.487801008952307,0.0,0.0
3NueMBnZyyGdqVW4v2-uEw,JXF6HNeYFduO6QzsjjkKCw,0.5844608406489441,0.5844608406489441,0.0,0.0
3RRvxFR5V_p4NicI7DGVEA,0yMuUGGzk0DEEpXxdo5yjA,0.5463670325893973,0.546402129826223,0.0,0.04
3RwqdIWmBgKF3HpKSlHNSg,3dRxeWMbcoaPL_lJQ773pg,0.5043893029518081,0.5043174377368662,0.0,0.0
3TagDMAD_Ciy0_Sg3kJf2w,TbFx64U4Gk2k-Yd0-0jpsw,0.581648021222373,0.5816618593832138,0.0,0.0
3TroNo3SClF2vXc1OnC44A,XfSRXmUwaCRzxFl9cuVNiA,0.5853530518425839,0.5852204938190975,0.0,0.0
3URe59CYXngnHN0OgbMDWg,kayZz9qkn24KGspavVYxfA,0.5279338190527668,0.5280088262496974,0.0,0.0
3Vlftzk7RIe2z87hAjw1Cg,CgweZJAp5Fz-2XzjPE4Htw,0.5830232873815275,0.5830094619701813,0.0,0.0
3WhSMPpreTgGt53lk7NY3g,4lqDUZTUfTDoC1xBjNiLPw,0.5770760962070774,0.5770787544583575,0.0,0.0
3_urfCS-CpLW1NRAVgx3lw,ZTcCAGRxxXAf_K6mgFoW0g,0.576020486419494,0.576020486419494,0.0,0.0
3aG8idCwlP-loKf8_hxcRQ,3kFs_QlJ64oZ2qPu0WqaWw,0.5690443548757781,0.5690428080238925,0.0,0.0
3bDVXWqAZZbSp7bS8aYhfg,ZnssDQyR5H7H2LJ-vT6YyQ,0.5578072548171982,0.5578160194947346,0.0,0.0714285714285714
3bXofhF2Jc1bacUL3p-_Tg,Wk5q7fdSUb2_iiqQ8Eus3w,0.5813924434023146,0.5813960586552087,0.0,0.0
3bmrxhqVpB5XCg-4j6y39A,e228TnyMNoJLp4zYnunvmw,0.5581868460226801,0.5582028746651574,0.0,0.0
3dhah8zpkvc_juFE3xB_pQ,3UgJp_NqcBOrBE9ANvVxRQ,0.5551916377322048,0.555263277277415,0.0,0.0
3gK2T4pGgA7R26jhDqOgwA,Q5jjv62ck52e9A8mPY3SPw,0.5465826884229146,0.5465887863713556,0.0,0.0
3gqWbaq86WGLScQlcMXEyg,KwWmZOV6q6GTva8j6h05Nw,0.5452091958410629,0.5452042716561886,0.0,0.0
3gwwGdwihsmb4TOnUOo6RA,G_6dvmDO3snpl2CimKL9YQ,0.5690433067113522,0.5690428080238925,0.125,0.0
3hHw_c5CI-f2TdZOYDkHcA,LWxplpZ01XtgpkSBSicNCQ,0.575117556410204,0.5751644585811959,0.0,0.0
3hUjlS-wMHJyUrgacwmpAg,F-j6PNGnA8yz77oIZMcPMA,0.3069133074575476,0.306916567668715,0.0092592592592592,0.0
3kNwvKixMwe44dWvQd5PAQ,K5WTakHfyimdWZ87QJJPUg,0.5831283989933889,0.5831560474377058,0.0,0.0
3lLHM-cAPU5VwJC7u7581Q,wAIZDurYmEeSR9vQxge89w,0.5835680754384897,0.5836095354016249,0.0,0.0
3m2SS1OSwVNhPXeNf6erSA,Dq8xEHck5DugMQZVLDpwxA,0.48925809954454247,0.4892428910368236,0.0,0.0
3o7L6OWJzKnjTlwh-hkAhg,D2urir1M5gO0XYdnJxTVQw,0.5850603119743949,0.584927726726581,0.0,0.0
3pLLTz_flVK3r2DFsX6tNA,UXiqbA_hU-NUd8k7OeWEFA,0.5879987527290672,0.5868296320541715,0.0,0.0
3pX1xcKcin65_-LdZu-kkA,WrR6yPcE2Pf-zFR5W9vPxg,0.5783888173797703,0.5784026852056835,0.0,0.0
3qFBE73XxxZRlc6uqZvb-g,YH5KqmYkkrJrPP7kcJjKfg,0.5790883193859395,0.579004600903715,0.2,0.0
3rOPYx_j9bbNztlxuh2wDA,LigHJp25YWNmv22RjhaI-g,0.4002114528056093,0.4001790829427375,0.0,0.0144927536231884
3tABZPOFyYgY05ADJnRT4w,Kul4eM5SoI36a0jWk5Zu0A,0.4672687551000346,0.4672560231128116,0.0185185185185185,0.0
3uZDQ582PUBqawE9uRBtfA,qxpllw12v4B2seew25aWVQ,0.5758871065623588,0.5758668164667522,0.0,0.0
3wILhQIc2A7pip-M9MC5uQ,QS-MuBTaT5ufY22UGelWtw,0.586683422823473,0.5860984332894882,0.0,0.0
40N6HwvUOiRvvdOfMX7wXQ,Xpue0uHw0dk7HdIXVjhdUA,0.5411294122264368,0.5411294122264368,0.1,0.0
41UZPKPojnFz70F8aP5VEg,mkfZtqEYfekrKiJgI6TS6A,0.5733397667100897,0.5733279512988149,0.0,0.0
41Z0d7AvmK5lgzjFuGzrHQ,XiPmvfzsqSUdwBZfSt3AUA,0.5821296418440872,0.5821434755187892,0.0,0.0
422ajFSyytck5b5x63Umdg,YHN77g2zWsEN1F_q9W_WdQ,0.5393544950133639,0.5393297735668883,0.0,0.0
42VF6xwr0Lak0X_9Ox8G2Q,ExNHHLqQDiYdMbzqesSpGA,0.5804737371310554,0.5804737371310554,0.0,0.0
42VQjORKlHh6D41p7lTDhg,T3rmAaYv-zDGMmlQtO_SJQ,0.5614998192979372,0.5614863176962326,0.0,0.125
44QTpz3cx4dHHvOWIPhsYQ,r_N9LaJuiTaLKIkCAXxM8g,0.5412546765614756,0.5411955687874446,0.0588235294117647,0.0714285714285714
45f_mcoZd3tU5VtUbHfr0g,o61HRHnzNDcU6eMKZaB5wQ,0.5795785676929447,0.5795785676929447,0.0,0.0
45siW2fI0Cuv5ZKCS23knA,hZyq5_bP6AHCPxGWapXS_A,0.2828536223521141,0.2831930775103484,0.0,0.0131578947368421
47JfuGySAVhQmIYynH_yfw,OFeOtZ_8FJvDUb9BEfnyTw,0.4689038181900437,0.4689038993876197,0.0,0.0232558139534883
47TOmOqMxeyUSpYoLKqTsA,cEyo1UgdluY7bsu2VwcRBw,0.5473665830938433,0.5472986748970019,0.1111111111111111,0.1
4BC4bMlxww-lMgmYmZsQvg,EzPMG7xCuSZCpA3HSSAjHg,0.5552848934806806,0.555268851301973,0.0,0.0
4BKKBx50oZaEczazjZ1ZEQ,uQSCNdPI0dC_sPsOh1U8NQ,0.5191957358161756,0.5191854823225953,0.0,0.0714285714285714
4C8l_JnoNL_VK2la-micUA,f0qy_jMfakYtRQLADjmC3w,0.4900729650733226,0.49005629824802743,0.0333333333333333,0.0416666666666666
4CdXVM7-7ek6sNs11gaVuQ,kJiVGHWyW9lrIJmbdEJXFg,0.526496932223544,0.5264789577370365,0.0,0.0
4DxbEns9iihpilbffdzvPQ,sSY87quBd3LjV5Rk-KcPPw,0.5834353528699814,0.5834353528699814,0.0,0.0
4E3iIAuCGDz7h3D4nJzuHQ,QQHRhLed0B6aGqkQOSJr-Q,0.5661527558520113,0.5661527558520113,0.0,0.0
4FDOh7BAb0pgLuD8rjl3bg,4D_GsaRoqk7P09VOcgezlQ,0.26096187410650634,0.2611090034933104,0.0,0.0059880239520958
4G9WWWYD_jsklt8WGd_j6g,-Mig1TcxvFWREy-pfx7rZQ,0.5699436224708918,0.5699577038865632,0.0,0.0
4GVLLLEDXDR-CUE1t9DnKw,n0Mf1XEY90VplwcqR_2tGA,0.5803684378457782,0.5803684378457782,0.0,0.0
4HRtArZJtcAs10gAE7_bzw,IEpeqw4tr5vAXKVj1cdRhw,0.5102108886384408,0.5102309071981109,0.0,0.0294117647058823
4INCRF2drQv6ivUZHkCIJA,JU6I33iIJw1UsYWXlaGLWA,0.58476751204083,0.58476751204083,0.0,0.0
4JjrfHvcKzfra3YAWHa7qg,oCzilfqdkNW0ihGVSXQWjA,0.5443703905051615,0.5443260637482465,0.0,0.0
4JkBNoIPKJIxyPsuUgO7xg,oqJw3lpaoUMz5LtEpZ4Y0A,0.5844746522363892,0.5844608406489441,0.0,0.0
4LrN3iUtjMXUxilzE_xMVw,on8IOJvb1mkHx_eXiMnV1w,0.5419132861931137,0.541826725053025,0.0,0.0666666666666666
4MiYEI_-zKyCXNlElbhC0g,vFhOCxCeY_oniyoceyzGpg,0.5875604480820151,0.5860984332894882,0.0,0.0
4OXWn2ytzaq4eTpJy4VvJA,4kTeF5mHEkXzO-q1sxHZ2A,0.33105336778223954,0.3310735576323848,0.0,0.0
4OmYeez1ArtXkHMYGijaOg,x67huqR9qbjoodRBu3KWfg,0.584913919503632,0.584913919503632,0.0,0.0
4SXaGSvFfz870jntat6ueQ,7lpkWY6BPUjNfWpiklxz6g,0.5205221078440316,0.5204264039654652,0.0,0.0
4T8dsk4lvfpdHSrWuRAKdA,bhaaBv7YMTYYIMjx0rrO3Q,0.5698873308014069,0.5698935401313205,0.0,0.0
4TQMOy00KD_54xSFwKgMZw,IoHOUGETebGrG3oDGSoAdg,0.5688964754943951,0.568908875867097,0.0,0.0
4TRaSx4vcKfhm9Jx-heiqg,KqUinf0QEeiZdxko2dFEsA,0.28853017929045993,0.288592084144962,0.0,0.0
4WAgExw8IOQ_mcN1DUy4Iw,MBtoji84lhvTCRTjfLwTDw,0.5743858794544573,0.5743357860975522,0.0,0.0
4WdDY97x4GdMYtyk1KQMnw,qUH2FppY7RL96F5tXzA0hQ,0.004119300260358399,0.004184448602218687,0.0060362173038229,0.0019083969465648
4Y84551O9LXWL8cBVWRWEQ,alIV10COVIoLpd8-jqAx-Q,0.5807673941523405,0.5807812404477136,0.0,0.0
4YDg3XicduxyQZ_qQvHYLg,RmEuAg_sbAI7DD3BurvO8Q,0.5526449170770996,0.5526376229465246,0.0909090909090909,0.0
4Ygd9CYAJSXXOhREELhzNQ,1hRBDT7ajCL7u73SulUP0g,0.5179932333634044,0.5180894073123211,0.0,0.0555555555555555
4ajMQOHEfdHma8deYOXr1A,WXxlJiG1QIae0Dasbf-fzA,0.5059051931125511,0.505853973806999,0.0,0.0
4emJO_9XDV0kDwgnfMdbKA,F43ox1eEedpvt6968xp0sA,0.5218829480139161,0.5218725738653346,0.0,0.125
4fKGv-3XMlxv_vuiFbuwLA,G7fe-mubzI2hrVlYA7WftA,0.4908687159474759,0.4909441562451358,0.0,0.0
4g5Jkyj-bJdFuo7PkMhO_Q,HW1RPSCFfLyBe2pT7_E61A,0.5869758259753751,0.5859521478742264,0.0,0.0
4h7LohcAIj--xLHiF6ydzA,tubjTe68wKhldVs8W2_weQ,0.5519427940685174,0.5519206072497258,0.0,0.0909090909090909
4iHAZo9zk1gc-xBzuLEDig,yV5K0oZL4SSyEVHqBMGCGA,0.5714628970084072,0.5714628970084072,0.0,0.0
4iuNK5svIKV_GrbSwAXM6Q,2-6E1sAD1MKUixksDw-hkw,0.5450465715617808,0.5450460787899946,0.0,0.0714285714285714
4kViSyQIJxn7kg-uGrYboA,TJUALKgDgyGaEffzmJ7WoQ,0.4462898445121625,0.44639341819078115,0.0,0.0
4lkbbB4y_kaoPdDxq0F3Hw,ZMIUDDqBsclQG4kv9424DQ,0.49163245864695615,0.49163048347042326,0.0,0.0
4mSdL2rei9tsT8xwsV-BBA,11oJkLpheKBkgTfmE1mEDA,0.5758668164667522,0.5758593266492529,0.0,0.0
4oI4ikLPM6yDyw0QUrv53Q,7BMDF_d7in05n38QT8h2cw,0.5875604480820151,0.5857920485972304,0.0,0.0
4pwP8B5BpUThYVkOzDOd8Q,gcQSAQIx-KQOdf5E8HF6Lw,0.5787321585640802,0.5786828745417195,0.0,0.0
4qG7aFq9-45830OfYt7gCA,uxZENO1iy7tz8MK77L3_GQ,0.15069251454142157,0.15098421140901244,0.008130081300813,0.0
4sOLSCiwSdHhzcXC9Sd0xQ,-zGlHyBaxib9p7k18i5TSA,0.557063461951268,0.557063461951268,0.0,0.0
4t1VMmixGuvj6jKhWGLVWg,W6Grhi3XihW82rKQKPycig,0.5829956364283035,0.5829956364283035,0.0,0.0
4tgm6KADoZz_hbukxqK7sA,9RvqC8Dh08QAp4qtcSgjpw,0.510158911105143,0.5102585642207794,0.0,0.0
4u4njx79dMrXNhbRFHjG8A,BFPxxguGxBZQ0kR0rWePTQ,0.5419721773099178,0.5420097819065858,0.0,0.0
4vml641OlDNYtl46Fg8cYw,ytaVHTK7kdHxUscf2PCrow,0.5702269445367204,0.5702393355496858,0.1428571428571428,0.0
4w6Z5v0uVt08oSBaA3342A,9yhny3ODCDOAmMrNIOGJtg,0.5806584983078713,0.5806584983078713,0.0,0.0
4y0DlszRtjZHvFSUYOvaxQ,3B-hQrPI6wi92pLcnaErgA,0.5813545363946495,0.5813822180297958,0.0,0.0
4yKBQiY6KCJmZVMSES77Kg,5_OsTZrS1jMEj0Qg2wBSBw,0.5483523587662779,0.5483741453392788,0.0,0.0
4yjgHXfwO94puF7Ac-lCTg,dr_nIjj7A0PYfaN6qS2yng,0.5699303240700714,0.5699612688669102,0.0,0.0
4zK5zmIqQxeDgetjoRmkrQ,2L4ncdPfO7b5k3wyWAz9CQ,0.5609423226100559,0.5609429032769173,0.0,0.0714285714285714
4zY9AoCbvNy5nZhr7J05Lw,5tq8E5TtZi1eq3EbP42aWw,0.5803268872314938,0.5803822877973612,0.0,0.0
4zyj8kBZoMrwAJ1e68cEMQ,F0fr6X9CPLarpzO-zJ9aMQ,0.5821019741070277,0.5821019741070277,0.0,0.0
5-HPQP4UlNgmq0ejihbxuQ,iqTHGZyiWasuI8pop3J36A,0.3957059147592474,0.3955546078248028,0.0,0.0
50FVsnpCK71gkuy5ressIA,bBMH0iGXMYVdnT9cf6_hgQ,0.5762232913493562,0.5762232913493562,0.0,0.0
516L9-ZWyqVgzqjP5uW7Jg,cgPke0UtMkQECm07ZRWHDA,0.58476751204083,0.5847537032718542,0.0,0.0
51jium4RFWESPIPeu3fgAA,cYFan6HA0eXF2gXLPolTtw,0.5841679183590085,0.5841679183590085,0.0,0.0
52DsTBhg8NjKDQ6sVaqB7w,UfjOESkPzTXkV2o5suvkBg,0.5675650111692838,0.5676192931462809,0.0,0.0
54q7tvEh92SREvpgSSBSnw,Dmlo7-awYcxiG3nJWm2mHg,0.5789907384654907,0.5789768759027213,0.0,0.0
56AIvAU0yxOfVKPGwONjuA,w_Ruik_McXjaJ1YqOLoaog,0.5829818107559145,0.5830094619701813,0.0,0.0
57i-zASRB3jO1S6_oPvcZw,YG1fT80sd9swV0oe1gPh7A,0.4009826166980043,0.4010255857703463,0.0,0.0
580Yyv_kzAaZSkHCj1LhBw,whiNQ0Z2AUkyBKucejQNTA,0.15934080074384993,0.15908437479028176,0.0052910052910052,0.0049751243781094
58Vd48_6D1Myd_M1xWepJg,p8sIj80pLuzyDZW_gLAIlA,0.5033332268195867,0.5032802106873077,0.0,0.0
594Hh8RZg__h6DV83cYMmQ,owjryf1VM333UrGOnHzqDQ,0.577050995274125,0.5770648749270704,0.0,0.0
5AQDQGqneAHC8SZLKHgHIA,9TJzfMc4gEKSUxfnGcj6dw,0.536502730518746,0.5364844168431431,0.0,0.0
5AliYk_XYNEu271Sz7EUbw,OJWt3ccwit_NdthGwjvAaQ,0.4817823879344428,0.48163110139388277,0.0,0.027027027027027
5D-Gjagh385iopO3xqjjIQ,BooG5Hd_BTxlAu1JWbXdOg,0.5313012812607609,0.5312952923772772,0.0,0.0
5DSOl68ua27nwknuiFUHhw,WTrmBvsI65Zk5SvRweNZkw,0.5706886771852818,0.5707104639189624,0.0,0.0
5ELqQ2YBM_vDqp10pINlgw,oOmEd0K-1rpGo5FmvijMgA,0.5611732042389449,0.5611888587180893,0.1111111111111111,0.0
5GgCRUSQ4_ejE8YpjDYuEQ,DWeZM01dYX_sMzH1WfCT1g,0.5875604480820151,0.5857920485972304,0.0,0.0
5HRLUzKrs27kuQhgJQijnQ,lCpO0y4VR19qMGWprbiGDQ,0.3632885180160106,0.36315545275062133,0.0,0.0363636363636363
5JyEHdmTufydVTQsw4afQg,E1EuIHgjBvYcs8Uu_SyV4A,0.5106978211507458,0.5107047786185758,0.04,0.0
5RN4m3XO66jK4ThoDX3VnA,kINOfJQjPY7kmpfH03fPXg,0.40487450980186235,0.40487268666962245,0.0161290322580645,0.0204081632653061
5RZPAro3mrnVVIQ9FESIyw,ifxbWY0iuTey-YtC2-p-ow,0.5020798923045404,0.5020752437179503,0.0,0.0333333333333333
5SIXBmfYWS2dVlIm5EER5w,vDgT0MyVtWZNX4X9j6EsMg,0.577653431645577,0.577653431645577,0.0,0.0
5TZsVq3kBcNB7NVXVjH4kQ,91gDFsfejFglVwdQWnkOpg,0.5765388321377974,0.5765316373351267,0.1666666666666666,0.0
5UhVJcfIEI0Lude5csrqpA,GWgiPFdz7rgc3DS-pTkMWQ,0.5728853762554433,0.5729111098699454,0.0,0.0
5X5Nn-jlIoWFhkgewON6sA,S1yt3sGBqgwAjNzZd2r08w,0.5717582081600859,0.5717442835983159,0.0,0.0
5Xo3oIX4IQ6elHzQy1lEDw,MjJ0ZTZxw9Rn5TDWEbLaQg,0.5778498483863754,0.5778498483863754,0.25,0.0
5Y7cqSgUSfLwn7ulBeO_sA,zsDjnBHyJsYfkdry96x75g,0.43945149861846744,0.43935173405116673,0.0384615384615384,0.074074074074074
5YBvmgi0kFkyCTXj0AEFdQ,jsk68Xu_iNWn3oGP3BDyKg,0.5785358529234915,0.5784720224798635,0.0,0.0
5YKOs_VGFHgUv7DSMLaQeA,60A570zht69eAj3Md81nsQ,0.5879987527290672,0.5856595315751771,0.0,0.0
5Yuy8Ygct5QpoMLLM5isMg,DPfp-da67QVFP5wg6Bq3Mw,0.5747223754546044,0.574736275208211,0.0,0.0
5ZUyW2FV8jwtLQPMSbx6wA,ULc4qSFQ4ISBs0SqlxmHdw,0.580620572779543,0.5805291323236199,0.0,0.0
5ZWg9DxQlAOxaOL5KS7rvQ,IOvJW63nFMReO7mMDqPRNA,0.5786967397407276,0.5788853369918949,0.0,0.0
5dXiNZgWI6B1VIFG3wVTqA,Qdt45UfQRMCy7Zdeq1UcvQ,0.5470318983322657,0.5470591513819115,0.0,0.0
5eJcO6AGTntwC-KM3O4usA,JTHHrV0VO99HF7lfazZpOw,0.5859383506056707,0.5856595315751771,0.0,0.0
5hID2DruRwIwit0BcLHTaw,I4cEvMuHycbWp34Ayh57DQ,0.5791515779535712,0.5791731255469881,0.0,0.0
5jrEg0SYV5gnCHXnGzvC4g,xY9QKt3W_khOmvKNyArhvg,0.378438084045314,0.3784201654894822,0.0,0.0461538461538461
5lyF_I3SNJ1fKoBpkuSMjw,3hmjz4VDytVaPy7drmvnDw,0.5787383345930386,0.5788992003765254,0.0,0.0
5miKQIN3VqujzeZNHk-lqw,pt0SLWdKuqrv7KRMgpOhLw,0.4379002628255248,0.43793772531668584,0.0,0.0
5n8bFTaTWsZwb2rgOQsDEg,Brq-BCgyGWnf26eLuYRMyg,0.5469103818803975,0.5468815502034784,0.0,0.0
5nGBo2covUY0PrDO_aNYbw,soaZ7_oU7xcphlw6gpWblg,0.46564784412128957,0.46551508649550927,0.0,0.0
5nYIj79IC6QsZ-JT-UTu6Q,Dokh4OOjKPmtywRcYguH4A,0.5639041888667682,0.563909417752166,0.0,0.0
5oSMIhWSvMyZQs57AsNTSA,kHCW7RZUdV64CPuX1871Zw,0.5672534884653226,0.5672534884653226,0.0,0.0
5pWgwGriPE3LaqADVAtYQg,kqb0LWCBZBynGYuj-Z1msA,0.5034544462894414,0.5035724202126236,0.0,0.0
5q__7PxcjaqxrzZTC_yrug,l6vfUuv9KRsCC7WV5he2gg,0.5501006369513534,0.5500836344358913,0.0,0.0
5tSloJbLGvllqnn9neahLw,l79KYZl3I2gi2C0JZ77BGA,0.5841679183590085,0.5841679183590085,0.0,0.0
5u98TGP6uBs-NO6m35exsQ,fUPT-1LNMCJeZRrQWy67lg,0.5631043040751432,0.5630958662624663,0.0,0.0
5uPl-QMsKnlBwbP7GPcpFA,uwtZHsvaENUXhUD--_JU2A,0.5647936940396826,0.5647773641029191,0.0909090909090909,0.0
5vTos29P7PP1bWOtfSQLbw,xdpMd5zgtnigfU02w6Fs_w,0.5496035026875579,0.549614898423392,0.0,0.0
5vY_YMSIIgDpcxNhUxk_Sg,t9erINpCM8JOj2Iz9BmBUg,0.5751227699135737,0.5751644585811959,0.0,0.0
5wnGMB8tXhNvGcbhPJeeVw,VU9rKbmrj_Oh1VLvUI_yZg,0.5875604480820151,0.5856595315751771,0.0,0.0
61XRu-DYQur5epSxRa0ncg,qa0LSF3qMsnxFRROeEQaXA,0.4307676384380979,0.43075008818673777,0.0185185185185185,0.04
61vAJBC0E_fGjKDEYXJ2Zg,WFRro-8uIBpKoJ1VSKrpdw,0.45947891621942394,0.459459414029548,0.0,0.0
61wOYrhTgEf-Xjif7lCREQ,rC8BSNd6Anq41TVkP92kOw,0.5685462491664838,0.5685209693718192,0.0,0.0
64B7UIqpNy9zQu82oYJMgg,3xHyD9FBsQjHXgwI31czXw,0.5704289084168976,0.570442843614867,0.0,0.0
64tYqfgsfgCkgtXV_9uu-w,a-ouU5dKcMOYgOkftIX1YA,0.4945073378436599,0.4945028166351797,0.0,0.037037037037037
65m_3aPnCbDjm8nOd5TrQA,U41FZCI4nQIcH8nLR8i1eA,0.5432083733900962,0.5431857517949686,0.0,0.0
662o6Z3l7o0PDi8Y-88oWQ,SLfImlmwJaSL5qwgzWrscQ,0.5659487618247879,0.5659068513518214,0.0,0.0
66pIa8VXmTQIHkMxMv_f0w,7a3P2nje3j65pX6d5xYCvA,0.5509153778802507,0.550920568806893,0.0,0.0
68KD674p59qJj4DX6NuTzQ,FyuCXTESXWjQ_H44deA49Q,0.5853530518425839,0.5854993991914269,0.0,0.0
68tT-waXYijVH4WGiFyQMw,_fwZODmzgXtnW7wAwqV3dg,0.564955069714907,0.5649814854932661,0.1111111111111111,0.0
694YRbhnl7NShhEt8OmiSg,uNln_EqOfvtsLDor2NqhvA,0.5844608406489441,0.5846072794309484,0.0,0.0
6Al95KtZ_ob3NpyyiueI6Q,KSaur56waK0T5SEKcy5AIw,0.42646764372346685,0.42641430931025504,0.0454545454545454,0.0129870129870129
6B9wFMzNngXqa1ZZO2JWGg,k6oWYhbUeQUITmKqWgbdiQ,0.5865234067774421,0.5856595315751771,0.0,0.0
6BYBoDOsxYQMTHFTD3L1mQ,L1f5JTTFDIEMkkTBSgof0A,0.5846348996567461,0.5846210896103063,0.0,0.0
6D0ItjpdAw2JRSuW_ge6kQ,5T9jV-wah1mHwKl-MQ5JmQ,0.512018167598334,0.5120205561040738,0.0,0.0454545454545454
6D6QLWKg-pO5yl1u1k25ZQ,E7jw4bNYxy00T1vIkzOdzQ,0.4317926250630122,0.43218211620593355,0.0,0.0
6EHVbuZiER0I0_WPWePBxg,KF1RRfSjz9ljpNXiuMBDCw,0.5799241961627485,0.579900106619057,0.0,0.0
6FNfW_9YaP5Fm7tE1caLyA,rBxbG3uiqfYZjRXr40YXQg,0.580410533317307,0.5804875861193883,0.0,0.0
6H5ZA66G7zmMD_OvipRS5A,htc3Ten0e1WO0DO1MJM71g,0.5809418909882292,0.5809418909882292,0.0,0.0
6HRbMeGq5Y4hqRkgXnG6Ig,73SCAor6x6Acyv5cEp2Whg,0.5521340989381627,0.5521256177700773,0.0,0.0
6HsLzUyVMSj9NTjziJipog,GV6WXHmX13Utqd3j1mDJpA,0.5054407623178245,0.5056321686212703,0.0,0.0
6HvlBeMH1povoskopmp94Q,0fv1QcEpN8Xy3rczz5B7Yw,0.4822506361650647,0.48212463591576254,0.0,0.0
6KpBE-zJW4I3VuEjhFj3Tg,pppt4oXbVdApscY5UiTHwg,0.45193101971467725,0.45212856899960024,0.0363636363636363,0.0
6LmJ1077AVxEMn4Ce5ZSHg,2y2LhpdlHuGU6bkAHFSoQg,0.5432083733900962,0.5432930391365521,0.0,0.0
6MBVjXPYjlNkIcNzlChEsA,TTl2V6mG7IAMi_JK16bgow,0.552164132614263,0.5521606853029478,0.1666666666666666,0.0
6Md7LjLUqf0scKfl78CQDg,t1qF12NdW8KvCqxqbvy-Hg,0.018325903873826422,0.018447293237833888,0.0090361445783132,0.0057306590257879
6Pm_uPNQMnLW3Pmj9N7F7w,3Rn91lErljcpt0sY31bXQw,0.5355398104966543,0.5355256649595717,0.0,0.0
6RBrYMiAf8jFJI4fDoQpcw,P530pEUtDTWljOAoSyaaMw,0.5854993991914269,0.5854993991914269,0.0,0.0
6RKcICXt1s9Mm35d3X5P0w,8Oh9PG45L4bDN3kXzKunVA,0.5365612718997812,0.5365626882910517,0.0,0.0
6RVwHKupjKs8lyu2qDQXtw,pmx7I4YUau3RHczvKmXeeQ,0.5782556370711759,0.5782556370711759,0.0,0.0
6UZfJmVt8O1kpYRjAUFU2Q,kK6rYQcyxW_FnuVh8oTT0g,0.545644110335524,0.5456295072935395,0.0,0.0
6VQ1UhrwqRPkO1Bt4bbxlg,1LGyVebO0VzuaMiFjpH3bg,0.43274232923320066,0.43275863981492924,0.0,0.0158730158730158
6W6UjdRDn2OQlH1Iwo9gew,llx_S8wac2y_0pNRRAwZ7g,0.5697680799114855,0.5697596724650397,0.0,0.0
6WbDVtlU7vGaFV9zHexFIw,Ei0wJeADbNtwvA9CrvknJw,0.5292265099536378,0.5291925486088357,0.0,0.0
6XFAHeS-BTzxpBMg2wRbtg,57WmsMG9ApjYT7zNNX0YYw,0.5841817327557389,0.5841817327557389,0.0,0.0
6Z2ymUlANwtvn7dWLGUE2w,XqGNxBmAo2Jm5DibhJcrOQ,0.5841817327557389,0.5841955470202009,0.0,0.0
6ZZX9XQpBOk7U8FFEnMwbg,QQiFz7ZkslaoPUJKZGKOxw,0.5586629645102742,0.5586489428315461,0.0,0.0
6bP0RhASi3WQuObr-FmTFw,coh8PyHDBdrLQ_OvKtqC5A,0.5868296320541715,0.5856457314510642,0.0,0.0
6ccvTPhcwC-B37eIlqA8fw,DZz6zpI_eKcNyTPhfkF8dw,0.55065910523975,0.5506622025181506,0.0,0.0
6cfNCzL2A0XsmXnjeg0u7w,BA0T9Yh9cSO0zkZweh5e5Q,0.44640476112180577,0.4465086252527484,0.0,0.0
6f8dXcqMrNPMHm1fXFQQbg,QN38TkkGzF5vB1urbvi5nQ,0.13485819888358622,0.13547192429158728,0.0054347826086956,0.0116959064327485
6fJcHm3dNTBILsa646nZBQ,j8NpaEvv4AaweMybeADmGQ,0.5833164408441267,0.5832887954362816,0.0,0.0
6fZWaWkvqrZNCxl_7PMDBg,NiNYF7i7FoT3PiZNpTqsXQ,0.4900869580307727,0.4901605957707953,0.0,0.0
6g2-9mUquEDYw8y9KHJTzg,BKiy6QxpvfTIo_s8j0w--A,0.573690384489413,0.573690384489413,0.0,0.0
6i2h2hYPEEG13A6mamsq9g,VuHknGPkwb7Qjv_EzEdK0A,0.5602416786512706,0.5602332287291819,0.0,0.0
6jTChkWB6cR8wIhw4z1_GA,fTc0orr5IcZMXUlH6iSmww,0.5492275482387531,0.5492401291527358,0.0,0.0
6kP_X6j0Pu7XDVFNWKsi7Q,kRowQIUMYRNno_Rk5LkRgw,0.3248831698755732,0.3248071700248292,0.0,0.0131578947368421
6ko58lgD6RjhINuNcuP6bA,oOpC3Xp-aV_y5yqOSSx1PA,0.5589827634299925,0.5589322492901226,0.0,0.0
6lTzO3wXNTJJODicDjfyJQ,KWIgNJwWWS34AvGaC0HdYQ,0.4098662423292361,0.41001211413257077,0.0163934426229508,0.0769230769230769
6lr3qkrqie9bqxl7DaYvTw,WTyW0nI_zv0T3kB9jR750w,0.5779918065773123,0.578016984956788,0.125,0.0
6mL1WHEloNCQfc7a81pBiQ,BUmzDaCXu44GNjvtdePVTQ,0.5211483711846983,0.5211420135992394,0.0,0.0
6mrC_xP_Hb9TMaQLHsKW1w,oYF96W1boB-0E3g3i8U_zw,0.39215650113840317,0.39215928623329815,0.1875,0.0
6o_nPu2NOnVkdHXvGy1tQQ,CTLnaL6IYK11qbv-zsSk1w,0.5356529727329546,0.53558652417997,0.0,0.0
6p1ef8veye7qmetHBjxrLw,TS-NZ7L-hQtmcGDG79P2cw,0.5682390642476965,0.5682251116707477,0.0,0.0
6pT7TIyrhpeo-LjTlIZBDA,RM8KUqpvhBP5FhGJ6Eqp3A,0.37419088349535273,0.37422494585888666,0.0,0.1333333333333333
6rZkogALtWhE57DpWhK6ow,h8t_AMU4FpoD7U9b_s2waA,0.5477895771114649,0.5477856459883059,0.0,0.0
6rdfC4ESbWEBeKbyQziZ1w,EmTlcS9DVL69iDPciczR2w,0.5228414628549463,0.522915325984606,0.0,0.0
6ro0Uy6TCDZ-R3a90Dnt6w,2EWZLzieEZo8KD-Kw2N91A,0.5683311916863321,0.5683277541301908,0.0,0.0
6rzuiMOivqs6Qc3VS1ugGg,wdFMJH5synpdp0jMNdCHNw,0.5363189645261357,0.5363169077519209,0.0714285714285714,0.0
6tQrTyDTs5hWh5e4LlPLCg,n07XNC-z_uWZWG8xJZ8YfA,0.5734872646235859,0.5734754502582627,0.0,0.1428571428571428
6vXFb9q_dfhI67hma3xRjA,QcQjRgBOf_LYum2HALgM5w,0.5220067655371284,0.5218318380272609,0.0,0.0384615384615384
6wqxuBt2InDipRuUj8BNuQ,TlvnDLrM4p2udHfeUwL82A,0.03115693385114866,0.030731100149536863,0.0100671140939597,0.0138121546961325
6xWQqSQ6nctJ6Ifro4Nrxw,pXb7pDVPayyElIqVlh1FOg,0.5856595315751771,0.585513200739887,0.0,0.0
6yDedrQLDH-IC8eU1DAd2Q,D8lk94uMutsYM0dqBYAFfA,0.5830094619701813,0.5831698714637508,0.0,0.0
6yXQIqM6397s8VY0jutUFg,JyyfpkiQXTWOIhd7YCqjUg,0.5840214348997872,0.5840214348997872,0.0,0.0
6yw6rcys6FuMnbatD0lEcA,2rv-W-PBYciHvOhruq8rlg,0.565047372990001,0.5650458227574734,0.0,0.0
6z3n9bxWvYWDEcrvuahjtA,uEv1I-0r82Krj4eEysjC4A,0.3851916241113079,0.3852459436022425,0.0232558139534883,0.0
7119UBDxs6ugvitzkJ0prw,aP_1cPI9DflkfaTSSxakAg,0.5846348996567461,0.5847813206766713,0.0,0.0
71IDpjWYOP9ZVShNVm8FkA,NMk5Qov6d337c51Ldmpn_w,0.5749754184197238,0.5749253430998607,0.0,0.0
71jPhXJK1GGdGGV09jp0gQ,Dqop6WgHI3m_piEVcaPJ6Q,0.5305455723836316,0.5305600190683075,0.0,0.0
76HRdyRWAJSJwKdAeNkR7w,tpmXakPzEw-AapddjxAx_Q,0.5630623309940096,0.5630903131484881,0.0,0.0
78lXlSJ2Vp3kw0Ds9dZsdw,7_2O7S0_jpKAjQp-iETYXA,0.5857920485972304,0.585206689428811,0.0,0.0
7AAUjAvOS10dMx1F_QMaew,i5tz7suqZ_MIZSUpyimI_g,0.5638179239672613,0.5638133617342188,0.0,0.0
7Bq927oiZRlEVMqQSNR0Lg,qqpMcKlimSqNSJghEDMPbQ,0.5850741177821586,0.584927726726581,0.0,0.0
7DqribLH6y79TLf0VaxxPw,wX4ap0Qy5ZK6Hy2iKvBqXA,0.48601911472000553,0.4858977708230287,0.0217391304347826,0.0
7EAP8bzgJM2SEDU8U5XFfw,ZQDylFG7tpQcL9KzI3k6hg,0.5676974955684726,0.5676974955684726,0.0,0.0
7EIRMyPzlNlvqXOnc3AphQ,gHKQIn_mfTP2JdoH3R05aw,0.5752648950278493,0.5752776006067797,0.0,0.0
7Fqf5nkKkVhXn_DUrPWWEA,k6WAVICs1yY07JPXLYCj_w,0.5050917521061784,0.5050830531759446,0.0,0.0
7KJBDV_gd-ycyz7EiBzprQ,ETMBMbUI7iLB4fzM_GjgGg,0.5418503038830675,0.5417415705858999,0.1428571428571428,0.0
7KZG7LzkzIbPm_r1zZolDQ,cK4uyQHRkZfuJYeVFb1TDA,0.5413982358651727,0.5414123557073687,0.0,0.0
7Kv5lFl-skksZlzTqJpnmw,InGDZzyut2RLtPv5FPiLnw,0.5379104764330651,0.5379659815925459,0.0,0.0
7NITtPelRe_oQRsWACI3yA,QpsBZDw-fE5r5_M6Vto_qA,0.41726882729236964,0.41728656805990344,0.0512820512820512,0.0
7NlcGz2E_pOs8y8N8rDR6Q,Fv_snoYk6oI_t_YfLM3MFA,0.5738517585152838,0.5738475510141653,0.0,0.1428571428571428
7O-BkVJHcxwlxj5qjXArrA,Iipfa9Kaac9XH5Vo8GQwvg,0.573690384489413,0.573690384489413,0.0,0.0
7R_bnIw6n2wSf8SUAL1gLQ,s5LHJu6ALBj0ujBZODHK5A,0.5483694574739567,0.5483894322074937,0.0,0.0
7RinFVNZHfVbXofpeO0cjA,n_RyzuCAiR4yW2JLkl0Jng,0.5587415275436634,0.5587275063894175,0.0,0.0
7U7IgKCBvUqHDoZvmunuAA,JV99g4Lth5iSt0HukavSiA,0.5697680799114855,0.5697820203786853,0.0,0.0
7UFRDoDdwC3_Pt77FzaJfg,bXhp-p5IHO8cNyznY94-SQ,0.5859521478742264,0.5847813206766713,0.0,0.0
7Uju6dZG11IV-veCyJ6lgQ,qvnfFOgJOvon_Ak8loYMxw,0.5620236077818297,0.5620681907399279,0.0,0.0
7Uy5TkrhSW7KN_8RdIvOaA,crW3WgVBvfE14EzHD8jClA,0.5554121785200269,0.5554121785200269,0.0,0.0
7Ycg7RgBswvQ8yQqHe7CYQ,C7vmoLAEnOZQaMqj6ZHn7w,0.5835680754384897,0.5834491742496949,0.0,0.0
7Z2Xr8yowbTILokoXQGU0w,LoT5NnLsC0xdoAKroALciw,0.5859383506056707,0.5840352506977141,0.0,0.0
7ZhN2yp1TAaoRQl99hnbfQ,OTidyJ0pcVB6d73FlkBnag,0.5553475376370922,0.5553390683139552,0.0,0.0
7bnDURjKCOgMxaYz1H7avA,DAcqRGI_u8yNCcUIczfNxA,0.5646795106175895,0.5646571001651943,0.0,0.0
7d_OgR-rNFMh0tScSqtegw,bDFk_io_k-6To1ul3h3tuA,0.5713388645549077,0.5713291503830388,0.0,0.0
7dfl5-n6r_8EJVh811q9hQ,L7mbUPFMAfetY0fzuYtZ_g,0.5813545363946495,0.5813822180297958,0.0,0.0
7dtnDUJuF6cyqkv5Hvuumg,Y0TWCjiiXlFi2XO2cFrUzQ,0.5694724297686439,0.5694649478557342,0.0,0.25
7gqRNDQs9ezTngtXCZ03Fg,vWdBOZdE8KwxAxyE3LcJRw,0.4006838243487586,0.40089038285433404,0.0,0.0555555555555555
7hfstTAr43zIpEt69e-o2A,pTanA4AfvywjZCYWupCeug,0.5294663962147601,0.5294930057740427,0.0,0.0
7kr8QQ33vSkMmQ_mby5JUQ,ZGWf9W79UooH4S-Q0D5Z6A,0.5728971947925133,0.5729111098699454,0.0,0.0
7kv0_b00dLOqKxaHb7Xfeg,MBpl7cTqlJblEj0E8qSS6g,0.5364330972666314,0.5364788026697397,0.0,0.0
7lHSyLOLuW0glxvjcvtBJA,HKhf_mFXd6ETeo2iLVMgAg,0.5788298822097084,0.5789130636367479,0.0,0.0
7nhfY3Z_d_0XD21m7Ha_dA,dU0qqkUwlwS_So3_yhAARA,0.5810886810310587,0.5810609939724486,0.0,0.0
7pTSUbvuKYowZfN0bGSy8w,bllbgSuMIYLHux27cnH3vA,0.4610096407211261,0.46101152394084055,0.0232558139534883,0.0
7tnOEAvPYk2C5M41GEy8PA,qsc66GLioJicWLYn7VG9LQ,0.5771090788519995,0.5771065131558738,0.0,0.0
7zt3kcVAcSoMP_XffifV8w,tmYDjisEHdbgngUwL_KuyA,0.519674147434263,0.5196554940590266,0.0238095238095238,0.0
802zLI8fqGFUVbSojvZZsw,teNfxYX0estS2Bdr2Snobw,0.5757840652097262,0.5757814973838928,0.0,0.0
80cGp3IFlveDqwDiRENOHg,Ok0y3WvijsjmUpGAwlAZOQ,0.521158069709187,0.5211039602345504,0.0,0.0
83wPVS_ikQujVTGiqGfv_g,mvhxTBUXIsM4judjBE9u0A,0.5285287267497233,0.5284989152560646,0.0,0.0
85YOTzRlah5hzasNmNl5uA,LqDzm5YJs07jpyIMYFnFrQ,0.42279617904951694,0.42278648348483444,0.0,0.0
85yjmSbuLVXLpxd71x-Jqw,ExfSwwCB1zQ6ZGd_UQ4wYQ,0.43483239730105666,0.43473982184516147,0.0,0.0
87eWKmI-nxN_76n1OKHcHQ,fDMEHZ_0UqQF3CJGYmq4Kg,0.5250265707162283,0.5250463812260723,0.0,0.0
88CBVHYANgrKdP6Ns9ILlw,ibZ2KjRKzVKKgqjWq4ST8A,0.5348690745390127,0.534852251311265,0.0,0.0
89VqFJf3COkgb6dL2AqXhg,6cJ6PwmP9l7W_xWskfJSWw,0.561393397418992,0.5612987843708344,1.0,0.0
8AdQNUcZdcvxMDsrGQGMAg,cl5NjtALgaX7E-WL2DtiYQ,0.5832749725359302,0.5834215313591047,0.0,0.0
8D-7SxEW-HUOqp-TfM2oLA,fjjcwhKHfHh9T4l3B83Pzw,0.5872681677926312,0.5838887537937121,0.0,0.0
8GCFe81qmoTEcq2BnO-HGg,JuWE5ywjzZetPaanM8QQfg,0.5585423316519337,0.5585002639238152,0.0,0.0
8GV2FoK0nkVKC6xMoKNKHA,bwlSGCjYLNwzXVD9CB_8EA,0.5654643090903213,0.565490359922882,0.0,0.0
8IOOFeWwW9p8auITeMtiHQ,5mfbqMGaexZBtjLOtF9usA,0.5582954789655802,0.5583780616295793,0.0,0.0
8MyjJ5ocf9VFjdscKrQu4A,XQfwVwDr-v0ZS3_CbbE5Xw,0.3190343433889887,0.3189878469840285,0.0,0.0491803278688524
8NKKQv7GL-S3je-A2IQThA,5hyIty7KkRfVE_1gCKbUvw,0.33122566197108005,0.33133656406717227,0.0202020202020202,0.0
8NcCGX7b9sXcYOvd57dFSw,oAyDxwEJ5pT-cCwNnc6dRQ,0.5374890772429137,0.5375088258405399,0.0,0.0
8NqrX9MRsjql8lGiuxlmeg,3tdQCw6mdSTHMNTV0iyX8Q,0.4486411117001214,0.4486718481712462,0.0238095238095238,0.0
8PKxsbyRIPfhe0KMiBYuyg,I1LP0Vg55lwufnoNREE1KA,0.5457306905739707,0.5457000010483559,0.1428571428571428,0.0
8PjqEoQoQKhmsvSDF9dHQA,fwb5klTiDBcBwFY8WqzX9w,0.5738702931345943,0.5738475510141653,0.0,0.0
8TBPpEgCEEpVlPyo9LKcGw,cOaJqBOKe5xDx9rX3rG2hA,0.5768147265323869,0.5768121603599562,0.0,0.0
8TkCsT1AV1xW4Ud_8MaEgA,2qhuQ-tnonyLEQLw2cbvAg,0.5766371970785531,0.5766510803484671,0.0,0.0
8Wq0LZSuHdPTlleQD5sU_w,WllnLf3kBK5lGyPoKWICXQ,0.41776650988135844,0.41758881960772226,0.0,0.0
8X9Urg-r8QmQOAoBJmX2pA,sXMC2ZZD_8hss_BuVlfB7g,0.5417038074270604,0.5420295359251954,0.037037037037037,0.0
8XMrbikOColypHMqLsJoxA,g2N8NipQpKIR4h88m2PJXw,0.5869758259753751,0.583742242068113,0.0,0.0
8YJtf5v76SIz-4udyF4YmA,exsmq71Wm_Ksf-feMK1UJg,0.5585648107957221,0.5584927391636396,0.0,0.0
8YZc7dVxGjFvEyX0L9ugbA,6OTDvhgDHMcQZTSQaj3H4w,0.574736275208211,0.5747578828784056,0.0,0.0
8ZHMr31oBElXmaqSmZJs2Q,HkMjKITEqy0-ekVmCEao0Q,0.5771790710347273,0.5771481502891904,0.0,0.0
8ZN5M6bUQ_KWo8YbxYSVPA,zziDpuuJw-Km1J4BaGpBKA,0.5840352506977141,0.583742242068113,0.0,0.0
8ZhC29t_mepcAQ4OlN15NQ,k920l7wHSjLZDJLvn-UfyQ,0.5571074168975163,0.5571074168975163,0.0,0.0
8_Q7nxgnb6WuAOhhOT0ONw,I9or-Qu47AbReJLS43TcBw,0.5584460300281465,0.5584460300281465,0.0,0.0
8b-DMpY7hDf67vAIJChNWg,EGKqY6jvj-uJczzvPFK24g,0.5846210896103063,0.5837284234746911,0.0,0.0
8bdrXvgQ3pkvR0bCTg_LDA,8Hq-mqE5n9q7RFP5ghnm0A,0.5553981357547407,0.5554337932804733,0.0,0.0
8cGyreYTlXU87DfS8g4P7Q,5cpb23lEQ5brolyKRVBhgA,0.5636836130716362,0.5636836130716362,0.0,0.0
8cvkk0HB-F2Irctug1h3SA,VeFfrEZ4iWaecrQg6Eq4cg,0.25788669803258346,0.2578586794442418,0.0074074074074074,0.0150375939849624
8dBPK7LNnKVAewpouGoADA,NGK31ST2C3sT1uwNtAeFdw,0.5788992003765254,0.5789130636367479,0.0,0.0
8ediP1TG3wJybp-Ixo_N7Q,7TzBf-cZT2qXbfCt1yU8Rw,0.5595127628914064,0.5595127628914064,0.0,0.0
8iiOtnFCXPsq4mbXd-L-Qg,7UCEKJGWBqeJ-L-DHw8Y8w,0.5536643467369528,0.5536809288944196,0.0,0.0
8jkCh4MKxS126H-ld-AFYw,Itg5hXat9PkPVX4cITJBSQ,0.586230909112406,0.5837284234746911,0.0,0.0
8n93L-ilMAsvwUatarykSg,T5BTWxPdcCodK2JMPcPD0A,0.5560357614447625,0.5559851778798484,0.0,0.0
8odXL99ki7fi2YPgvAd14w,bRkR1YBXijVpQaXqWpJfXw,0.40581907450741733,0.40590038518443505,0.0,0.0
8ohbOM0ulHhPuNAbtTMvbQ,3_kZ2pDiKJLZ9kGKKOWqdA,0.5652784163215229,0.5652764171851482,0.0909090909090909,0.0
8pSm6e9I8zUMa00Voc4giw,lqaxv42965K15BcyfT24-g,0.5385194686061657,0.538470242118536,0.1666666666666666,0.0
8q1goL8IPTfNMdEPm5ssQA,HTaTuu_35PfpJMKcd-q-hA,0.48280789977583277,0.482825853272557,0.0,0.0
8qr1cXhqYGOXFNStgcMvhw,MfWGs8TvGI0vSvGszy5OFw,0.5081061730397588,0.5080974754930726,0.0,0.0
8rdnJAHnce3Cgon2w_EvGg,O88D3UXolC40wsSpYNhvUw,0.4723441665316993,0.4722119033474386,0.081081081081081,0.0285714285714285
8tsgnMFsMHuMIgrdjpEHLg,1v5n-Sb3HW_2Uhaq1X1PdQ,0.5381027587428424,0.5381089237111967,0.0,0.0
8u30hH32rp4d3TnULZw9vQ,PlTAoveKUOY7fOOk4FWS8g,0.5663232497240349,0.5662896195476296,0.0,0.0
8usO-H5uFTzlISfGZN8rSg,rkqsFfbdeuXevR4Z3VgFuA,0.4531254147557471,0.45313765383569204,0.0,0.0
8vuulrqX0uw80A53wXmRSw,ZyyExneJPXjci7yc2CGAPQ,0.43410679268162783,0.4341855801203674,0.0,0.0
8xM8akbQhHDQdJO1sPMB1A,E5QDrZPan50Rd7jWcaFyfg,0.5840214348997872,0.5827300752093121,0.0,0.0
8xV1PeAKQ64uJUTrqqe34g,rmzEhkDx9ra4gZ-cVI2TVw,0.5879987527290672,0.5827162470342814,0.0,0.0
9-1C7wFYA53uxXXYTYCbKw,ayqh0cxxuLrnY55oZr0kkA,0.5676192931462809,0.5674997634124405,0.0,0.0
900VYF8eLWoFt2FlMQ_gyA,Vtdv2E8LBEB7K6tyn5ufrg,0.5480484853469656,0.5480775868113715,0.0,0.0
956T4LrfnQCeiCtm9YXxTg,WQx928GOxEAIbKWP8GWPuw,0.5659133250277087,0.5658984259389569,0.0,0.0
96xOmjfSB6RoKUFAF8yzIw,3oFPL2QGawKJ4z9skJD_9Q,0.5515398388026678,0.5515572380242678,0.1666666666666666,0.0
98mYebjHN_VXZapVm8Nmqg,D2v3g5jLjPsaXnswYGW6Dg,0.46074224915058376,0.46079075399644853,0.0,0.0227272727272727
9D--6413BnOOSqlbCFIGkA,AX9ppYZHLiztWo2v4DXO2A,0.5824091425344972,0.5825419581183792,0.0,0.0
9D0aKRGsutg8S0ClIanmrA,wVLJwTaeTlTFr4il0pVJ5g,0.3002329355608469,0.3000189920612192,0.0,0.0
9Ekfby4OgzWs96RO8M4tnQ,AX4bsa-cmMnjOCx0f75cTg,0.5879987527290672,0.582583447168232,0.0,0.0
9Hz4L2kothD6hzwcMa5-zw,JaBxw6oXYaizlh5Y_DoKkg,0.5657401878494821,0.5657447454515022,0.0,0.0
9I3pqS1gTmVX5Hmu5KKU1g,Y7zk7-V3_K8Z4NUryPYJww,0.4842888900716551,0.4842677937952476,0.0,0.0
9Ip7jPc0L8BfqwAYa7Lqzg,Aj44kUBmEfJlUsGCvKJKtw,0.5481630372320423,0.548147085789415,0.1428571428571428,0.0
9L7yi0YRdzbK1KCjBsalNw,QevbkuS9DhSXLM94bxudNQ,0.5832887954362816,0.5825419581183792,0.0,0.0
9LkxqWm0d-UnRWItuDRt6g,7G1dv3W-Lt7IeUUyDymOAQ,0.5657307738708177,0.5657651911176103,0.0,0.0
9OkoIFBL8K8I7ejvZnrgUg,EMoU8F2O4hTDNjXk05TWqA,0.5825419581183792,0.5822486500004282,0.0,0.0
9P6lEvHdJL8dy9VPpIgieg,W0JwMDaPz4KxJPqiUuh45A,0.47476814289153935,0.47475953271001553,0.0303030303030303,0.0
9Q8eNNRnb_Higrs7TvR8lg,ZRW9dxsm9Peh2zRHNvv29g,0.577800536445226,0.5778282824258297,0.0,0.0
9QT1KgrNutANvTzT_UChcg,ie2xkZABFoBLX64UebMV9g,0.5504530324459627,0.5504511227881503,0.1111111111111111,0.0
9QWwqxQkG8Q_cwvkRwPvYQ,NOp5Q_8Lp8yqNKtcvxM1nQ,0.5223561354315323,0.5223641560625374,0.0,0.0
9QdXPBRzVRJ8HYouYKQcHw,dJGZ4w3ujr-X44XPOzxOfw,0.5721230772284935,0.5721593158460879,0.0,0.0
9SDMmYFtwSeQ7-ynEI2cgw,YygPa1o7gZKkv-6VYDh_3w,0.5780947046148839,0.5780947046148839,0.0,0.0
9SVub2VmfgMmyqe3KQh3bA,t5n5IBvXYG55xXrq6hga3Q,0.5401352628101385,0.5401172515528393,0.0,0.0833333333333333
9Wor6FL3k1Ce5cVSUcnbxA,0rM3Izz5hVz-_kf339YMeQ,0.544043627810586,0.544043627810586,0.0,0.0
9Xcj1jOXxzz3IsImANGTNg,CMiTXglTH36Z1Crwpf8nNQ,0.5623539896913105,0.5623344381579354,0.0,0.0
9XjXIqQFQ2SfeHTwPRngIA,l4AjbrjS91Z70AYQbABxvA,0.321256559357454,0.3212437536343738,0.0103092783505154,0.0
9XotjNYdPzWCokrVMRo4Mg,hrQxyTItUixWTwaBdv18pQ,0.5737909111874634,0.5738100364833199,0.0,0.0
9XpU6r6ATXSWYfbU7kibaQ,u4Y3FY1VmVWaaZUdGdJMJg,0.4148529754465824,0.41487075019842773,0.0253164556962025,0.0
9XzPqLGIkuN1rmqWH7aP9A,cz79ih5W1PiiSZgyoPIY0Q,0.4571408684124853,0.45705826106216746,0.0,0.0
9YxqrKuDxwbMqcbKmTQFtQ,IKOtPpMJTtvEkDXMSc_wjQ,0.579459348281833,0.5794732064970853,0.0,0.0
9ZcxmF09BwB7K2R_I0yU1g,tA0bhhroDjar8irGCZXObQ,0.5768847317148346,0.5767705144035067,0.0,0.0
9_g3DU-5BnpTH1DC1kIe-w,goK4sOSp_uWTFJclIh3K1A,0.5546394783875865,0.5546535259009657,0.0,0.0
9c1p8TTOG_F55i3yEiVVDQ,MNwTcsnjhe22ShOLYbxm2A,0.4170307204166149,0.4171198676551942,0.0,0.0
9dTadxqN5hvIVwnhpxlrDA,WoI4kF2nFFu2Nl8mhFQOcQ,0.585206689428811,0.5822486500004282,0.0,0.0
9dTnpsb_tO25h44IAoeRjQ,sMZe5nmFqffApI_-ReO4xQ,0.5440419597727821,0.544043627810586,0.0,0.0
9dW3CVyvnTXdkXg2AOyBfw,Ui8NyjOYYG5FyMPXbw7yeA,0.5599377950306511,0.5599937443367432,0.0,0.3333333333333333
9e3uANpD7iRNNGpdfrt5nA,hyMK_bUrIIXuTOFKHJKVNg,0.5601771839033785,0.5602136565460172,0.0,0.0
9eYm5gwEOhBQdkg9ihV7EA,Q_c7V501_9DFuefGNM1ZkA,0.5602416786512706,0.5602511191279441,0.0,0.0
9fLkROUd4EcFlbf8NKzxbw,Wryh0Nc-YrLxdntgA0x2Wg,0.5841679183590085,0.5822486500004282,0.0,0.0
9fajAXTAT1A_pcGakz64hA,WGU1LKJp9rLxn5wLWSUqcw,0.5675420152954532,0.5674175650315673,0.0,0.1428571428571428
9g9wQVMGXZRJaQccBU9c6A,FSWJmMXXKAXdL6mrc-DzBQ,0.5414405951922173,0.5413655137876787,0.0,0.0
9hWw-Lffnc9jCTgGnnJt6g,HgfwFlwjBpP3uGAFMKFXeg,0.5791377168371837,0.5793539788929665,0.0,0.0
9jnGGPtzKMwIPTnv7HkiNg,ezpDnpa1f87EMLlSGgnDxQ,0.5664853051500955,0.5664992710568488,0.0,0.0
9nBqiimE6bGE1TSxlnDJ-A,_Fet9vBMM9Y8VBhUX0IYYQ,0.5850603119743949,0.5821019741070277,0.0,0.0
9nJLpVhr5EGMU9sdwMauUA,pdrSPbOJVsvTZpAfU2nddg,0.5872681677926312,0.5819552836900136,0.0,0.0
9pbEWyLUfPWqmeOklf2v4A,_lzdvo1_8RSiseYQOMozKw,0.5654753615365383,0.5655477773389012,0.0769230769230769,0.2
9pr6rI87hZTCIAnFGNnvzQ,Hzw_macg-BQ1iwgdxwteHw,0.36660178957208256,0.3665545707678216,0.0112359550561797,0.0
9qFdMKd4LLrLt8AnQq1BnA,83xszo9qxDPI-tv0_IGeOg,0.5847537032718542,0.5816895353192855,0.0,0.0
9rVSinEDIjuOLE0rNDh4qA,ud1DYfS8px87ApE5uDdRAw,0.563655639470184,0.563655639470184,0.0,0.0
9tIP3Ey8swBpTlsHOQbvJw,4M_kLVDf0vq2dKoRcfkGCA,0.5502849107423295,0.5502371230778189,0.0,0.0
9tt8wDtWkXhRd6pYM2iOfA,VhVc_kxNStk6var7DTCf9g,0.5856457314510642,0.5816618593832138,0.0,0.0
9ubQAHmhBHJ9GhDUzhAIjA,bTVY4S3fC-ZI4-Vy-fvCsQ,0.5834353528699814,0.5815566433397008,0.0,0.0
9veZaK_zyKQw0QgOdQDxGA,KkA7sTU3YovKzBmgqxrGRg,0.5642487657870354,0.5643606232170855,0.0,0.0
9wFFQUCn1j35CYea_dqhsg,kFxHQcrCEycaWLEOkkoE1A,0.30889545007302166,0.3090871521356818,0.0,0.0142857142857142
9wicN8U1jTdXG49anAV9JQ,rEmjV0nYnFs6OpYSR1QBWA,0.5786967397407276,0.5784581552724815,0.0,0.0
9xb4prqdGMyLb55r6nUTJQ,82gbDck145sIpkPH3wuc4A,0.5750726991242041,0.5750449052301977,0.0,0.0
9ygXHUaa7_cW2ou98VHaeg,29OSyDLAiX1nxP1SEaSWtg,0.5548586530803621,0.5548165141094334,0.0,0.0
9ziM5f6VHOnMy8Izv8xmVw,jXrcAvkCDOIbXJ7_FZiYdQ,0.543317664991618,0.5433111806662646,0.0,0.0
A0uUOrjRVEmKmn-jt0KUAA,V71KzO8mXPK7E8no2FN8sw,0.5803130367736227,0.5802215777424489,0.0,0.0
A1lAqN3SOaBLoo6NqVcy4Q,fh6pTnv_yMWTF6wnaWfmcA,0.58476751204083,0.5815428042023092,0.0,0.0
A2Jizi4-CZufW1ozFB-oWA,WKMJwqnfZKsAae75RMP6jA,0.501772772702827,0.5017470355849728,0.0,0.0
A8ZtAwFgsW1MNkWvArF7MQ,yFrX5aM1_mKdRb9s4fQSMw,0.586683422823473,0.5815289649365648,0.0,0.0
AAsbz_OrSLtSoQS0aEbkOg,j39XNl7bqQ_zSaHimsyBpQ,0.526592376095391,0.5265811220721456,0.0,0.0
ACVar6kJC_P2aDHDBx6N_Q,LEUrvUGgG-04Dk30M3QUHw,0.5784026852056835,0.5784165529079319,0.0,0.0
AD-CJ3g6_JjKAaJMb4tXqA,FwwbaUc7u5nSiLmkF_Z1Tg,0.43664021023128424,0.4362589728903155,0.032258064516129,0.0
AEmQSOm1OKR5GhxZtTOXeA,TFul4GrkKtL0TOkW6toYig,0.5810886810310587,0.5812216146091119,0.0,0.0
AFVNXoSMJ9VoMSaXGqcQRA,NCjb4Lo7VELIV3YcPzKV7A,0.5714211157684237,0.5714211157684237,0.0,0.0
AGn4ZJwHvMhFDTvLbGsf7w,JkJ9Ui_55OyXI04L6JOpjg,0.5445799530425691,0.5445828611434792,0.0,0.0
AHLQulzMieUxdvpSQwYL4A,BN3LFoIi1AFQ4IZhvrMXsw,0.23810873261954135,0.2377848575947673,0.0076923076923076,0.0
AIN2K4n1wwetGrCMiAIGFA,86BkHfhvm7pVTMUSyJlttQ,0.5418825161137208,0.542088471679542,0.1,0.1111111111111111
AJzAO951NR1LFaBHojeudg,cCLINaXaTfB1grCOBfnY1Q,0.5438992457674918,0.5439478772589466,0.0,0.0
AMVL7n_M6MrIywrnyA0C0A,ogS8iBWPsN0BsaTjYqXMew,0.5141833089279179,0.5141700074697719,0.0434782608695652,0.0
AQfAhiVYzRDH9h0t1TiIIA,n4iXrGYnpfTeR2_y006xPw,0.5836095354016249,0.5815012860201003,0.0,0.0
AR1ZK5MNYNgTzkAQPn3gqw,g58J50yqKPpn0B1wn5o22A,0.5790600494107486,0.5793822434668865,0.0,0.0
ARKqI0061oI44-7pvVDbLQ,lzCreRMEgzDCwb90GuPmeg,0.5377541963518888,0.5377311288183512,0.0,0.0
AS7hUQSS8zg8D7l3hPXj2g,pDInXOZ56x0oa4qI-YMSbA,0.4888740226834431,0.4888475216968203,0.0,0.0
ASKMKkejMCoFA4gIfdhbNw,U6PmPJdNMI_dTUPySS5TDg,0.30920258420270724,0.3095719768377056,0.0,0.0093457943925233
AU5C7IX0mogLK32u2EEOBQ,Nz0AJVskEAlMVgF2HMhFRw,0.49343162316812744,0.4933628976642332,0.0,0.0208333333333333
AUOZWpLFX3o4uyqkcyt07Q,jvjhFWwbnyn3pqWnBaW_0g,0.5791515779535712,0.5794732064970853,0.0,0.0
AV9kGDvqvtWQZkOzJvQKIA,av9TaTSDj96rDEeL5G8N8g,0.5854993991914269,0.5814098991524873,0.0,0.0
AWJyivVwe3t9BO-k8D0ynQ,KYPhGJIibu_7ePIX4HNs6A,0.19416571079125372,0.19418909849708174,0.0,0.0055865921787709
AXRSeJZfr9pi1wJQ61D4UQ,BrtXtNgpCXjcyCKqLW3jPg,0.5555407487554302,0.5555390615309093,0.0,0.0
AapRf_d8zEmq5O3nr6mJWg,dX8dnwxVTpUvHXHlOXjgcw,0.5447747166654245,0.5448190362747333,0.0,0.0
AbR-qyMws6GgQYgZcaBKJw,1QwLNoPJuDaye0uqeE56xw,0.5630854177920679,0.5631204762597563,0.0,0.0
Abd2Md-wQLlUzViL5T3xDQ,hpTU_2MMC9mtWQGq5Jr3ZQ,0.514558782556453,0.5146360809950169,0.0,0.0
Adg_va1mRvZZN9_yaLZn6Q,nTXcWsIA8gPpnNYrmmkhKw,0.586230909112406,0.5813822180297958,0.0,0.0
AefQvASk_wyVDDXIlVoWKQ,Tm_CKv5VauVFUZIkndo_rQ,0.5280557487049818,0.5281054516745135,0.0,0.0454545454545454
Af0RbLKk4U-GU8J9OsRfyQ,8JoO_AUqcqjwHiMrRvaGIg,0.5555891531977571,0.5555876164873624,0.0,0.0
Af7NWqfoTszSyyuMRU6few,apdwYbDYSOgD89eEa8yDcw,0.5028571501758536,0.5030557658445893,0.0416666666666666,0.0526315789473684
Ag_GeZwOrT0nmyhnKQiVBA,Kup9m2JnUJrnnULc9zjDQQ,0.40365953340151844,0.4038848880157508,0.0,0.0
Ahz2VUUpsvbN-cR37dAV3g,MeA_7cfxh9c7wczQHYQKeQ,0.5612138266425503,0.5612448756010308,0.0,0.0
Ai8MnqWUCTT03knlsrDSOQ,i2YYT2IV4KrURBZzbzGLTw,0.5740653151522297,0.574091030527953,0.25,0.0
AjzEFdI4hheVodEJZLLJzA,tA5YemAX8F_A26gD5flkww,0.5546394783875865,0.5546169587403345,0.0,0.0
Akmo0AQ5qhbqYlZ2OZnrQA,5d6Re2uKakZvY-QPJgTvUQ,0.413751931793582,0.4136567309404828,0.0166666666666666,0.0
AkpQwujeWuPYPULJGUlsdw,gHPS6jy5UzfVUDLUE74Y-A,0.5853530518425839,0.5812354567197723,0.0,0.0
AkxNKjmfE1RFnTz_z4wuxw,XKXfUoSD6Igypn-IWGnHoQ,0.4847106111855071,0.48455466096296573,0.0,0.0
Amq1IKeqyyWrx6rt8j5TLQ,ekWuXfvjArUhET3dOUQaxQ,0.5786967397407276,0.5784381107416037,0.0,0.3333333333333333
AnXdp1xcObinHQD2pRP6Ew,MnFKmuHLpv347qCAcxSPzA,0.5276998776225863,0.527672853581459,0.0,0.0
AnxLo-wgSqSWePahtA3zEA,o7mN59QlAoL6dJctc014MQ,0.5801800231054843,0.5802077263231504,0.0,0.0
AqYorZLGd1DP68eL5hQN3Q,uxzICSaSJuAgvWH5TOMXOQ,0.5742384615906798,0.5742127485144731,0.0,0.0
AssP84KHvx8vFAk-1brkog,sSbbUmWhNmMKRZOHG1BnYA,0.5459002805096288,0.5459566700187847,0.0,0.0
Aswic5AK0L2mYhbuE2hFVQ,PhS0clf_37zSPrzi8XRG0Q,0.5840214348997872,0.5808089326567838,0.0,0.0
At7iebut3p14ElmaVBLa0g,7Xs44M4gmghxrJgU_xzppg,0.535497373713957,0.5355029882341369,0.0,0.0
AtIGlkUITdQFhAG_JWp-Og,f9eWh7vqRryHRS4-H6gOlw,0.36602434597126704,0.3657550869428863,0.009009009009009,0.0120481927710843
AuSYrTKWPyTa08AfmEE0Pg,1v2VVeaOFM4NRaxW28tkzQ,0.5592419014742394,0.5592591255098532,0.0,0.0
Auc20f0uYTIwPnJIqcdmNw,aFE0SdcfNN8mEbTv8rV1RA,0.5188421179246916,0.5189120071870201,0.0,0.032258064516129
AweeOEOV-BhSWfJSGCxlug,nzqqtNencRTeCaAMS75Z_g,0.5651520861173338,0.5651436573120157,0.0,0.0
AwgJYeQaefEdGI34fJcQ2A,-eCe9GfRqhbMaB9CylkBSg,0.5859383506056707,0.5807950866158683,0.0,0.0
B3OnO1GsVctDauJ6t2u5Wg,LMXaKchY61sXCr17RBSjdA,0.564234783148249,0.5641340186436126,0.0,0.0
B5YzH2QTnHThzrHPt-qHow,tiSIiacOzflrMMwJEXVFIA,0.4294340352454041,0.4295102895539257,0.05,0.0338983050847457
B5ySdB77BHYyWb_MT-5tEg,Bcsd8ZedTR5VK1DcGnmDtg,0.5654624128607506,0.5656739941000699,0.0,0.0
B62OWlFCOM_w7CWrk42fsg,h71Bxbv009IEmwsMzdWZ5A,0.5856457314510642,0.5807812404477136,0.0,0.0
B6k9V9q3BaSCjWtDyNipfA,kFSwmSUiHO4FEl33FdA_XA,0.5038202085683253,0.5038124120689236,0.0333333333333333,0.0
B6zs6ywn7TfhOmmDtuWQkw,jKM6u7Or-0C-UNWD2F8O1w,0.5483091848103775,0.5483091848103775,0.0,0.0
B93BiuxTi4M533Ll-7XYTA,llmWFWNqZQ2J0UVECr0bvg,0.5460795105926879,0.5460844792608989,0.0,0.1111111111111111
B9MAfqhVw1AxNzwu2ELPtQ,kDNuc4HKzqrKrDEAQ7x19A,0.3854825010025871,0.3855775331673162,0.0,0.0
BAO_V8IMI6W4DhTlS4k9rg,Z03QeLtc9PjlkSNqbdFdXw,0.4202555383977615,0.4202573258949051,0.0,0.0
BAWF37UN61D7P3ITVuDRLA,hZQ6pquIrxaI74OA__aOtA,0.5557364960220686,0.55573803262931,0.0,0.0
BAe6clozuQy2iS44KrIB6A,5YFVP_hmIXyVDU24sTKDxA,0.5783888173797703,0.578430420486495,0.0,0.0
BAv8v-iEDrrlCjvWoY7B3g,_T0cPZE2ZJOTTlYYKMP64Q,0.4834890858564546,0.48344446241511696,0.0212765957446808,0.0
BBBT3Mogjo3hPPA0de--Dw,WLaT4_8EgunV0UXks3Qukw,0.5804598880159625,0.5802215777424489,0.0,0.0
BBVrr3ZqmzfF1eD6hQJSYw,8t3a6XoVbQ0nAOwCzpEsaw,0.579431631475612,0.5794870645870714,0.0,0.0
BFDQyF0mVD9in6ZKMd7aMg,dpsjOpUxxuPkG-9Dd7LLBQ,0.5790883193859395,0.5795924248298417,0.0,0.0
BFZbW19pFZlfKStxlETthA,PYDIhqvAXhEtODBu-TwJ7w,0.5377508592958681,0.5377809879975877,0.0,0.0
BGI6XK85PVeJM8tQ9gimaw,_PlmFAlaUQHdQN6rli0gzA,0.5553449506581103,0.5553390683139552,0.0,0.0
BGLazGm6grYkF_HpodkdDQ,vTNSSvjc2J3DSOsNRdXtRA,0.5857920485972304,0.580088556062259,0.0,0.0
BIP4xWJrTTxjzSIRonVBpw,FGXAeroIJtnpMPx3JQbiIA,0.531102645603818,0.5311168079037322,0.0,0.0
BJauHq_tArHgi0nncImNJg,VOEMn_VFIXdURXLPPms_TA,0.23004238641037877,0.23004061655230934,0.0,0.0
BKvjZNKB5CKcVltuc-2T3Q,CQkbjIY5Jb9qJyHbTADMDA,0.5285648233523716,0.5285774001531472,0.0526315789473684,0.0
BNYs-2TLD6f0tomH0Ieq8w,lOipP8dh4Daqid9uro4xNA,0.3949800430077129,0.3950759977509952,0.0142857142857142,0.024390243902439
BRyPAD7XM9mkBeTa2jAo7w,wEI-j7yCt-voSHgbjgnhIg,0.34406435770288923,0.34395611176432567,0.0769230769230769,0.0
BS7OnkMycH8tD3Bqpz2FAQ,C2JtfhOZ3PPzIS9V5arQ2A,0.11540501161509499,0.11493010337270256,0.0,0.006578947368421
BSSuIk1eV8Pt1WcQnUkofQ,1FLnFCgwTiDoVjBJAViXnw,0.5604967487912331,0.5605107579482804,0.0,0.0
BTRp8zw-XlO9jr7dyYqv6A,uOjNbkw8nExqS7dylRcZmw,0.4340117821610688,0.43368387831057764,0.0,0.0
BYOcAamry9OCJ4vjbdmBYg,C90VRArdfin-06NcvTaaSw,0.5788955791784096,0.5783249808984108,1.0,0.0
BZkgqFORyik4XgPpqRtjLw,-Ot1Qa0V3wNVUroZmItMyQ,0.5859383506056707,0.5800608506722492,0.0,0.0
BZyxr4ocl1hJvFvhlogz0Q,2E5fh57OvOQMWwxxEOkN8A,0.13229779655698082,0.13179001976102261,0.0347222222222222,0.0142857142857142
BbgoWcqBMpP5X61lGSuOMA,JjUsoFUCDHsEloj6Q83aFA,0.461800464769442,0.4617005377576108,0.0,0.0
Bc_Bw3dLw5S5hXM8UCFoqw,v_iJS6_qhIPiiziqybmjKw,0.5860846374521405,0.5800608506722492,0.0,0.0
BebEqKsRAtZj_lPhj-Aptg,642kv5mYCqYr6COe49HMzA,0.555235189784443,0.5553213115967052,0.0,0.0
BerT4C0BFyrRgYzlytNe5Q,Cdf1-VQAUrp5hlT-rZzc5w,0.45124974819325103,0.4511549833361823,0.0,0.0
Bf65X7McIKtxAhehA8jfjQ,h696v2N0hcOOdsg1ebt5Ig,0.509604479584781,0.5096012111133268,0.0,0.0
Bg-XoPfbAF5-U1OGhhBasA,wd1AqgQQdeoMCMEwvvs4ow,0.5404065523073283,0.5404030163275935,0.0,0.0
BifjgBfpv7dA3Q0qHBIlBw,-GJN01qCjGgnNBTbZexNpQ,0.586230909112406,0.5800469977880179,0.0,0.0
BjIIbYXQzxAfP2-l1qzhYQ,whUR7TFShhEhPT0X2REk-A,0.5804875861193883,0.5800469977880179,0.0,0.0
BjW9Vj8nxgRUZS3UrOoolA,BsehmEx5EX1FbEOPPswtfA,0.5554543062847712,0.5554543062847712,0.0,0.0
BoUnMqQc4-ye-DGGxsowlA,HIkgNCI38ga0NWcbmDqzWw,0.5047641504301704,0.5047115053223744,0.0,0.0
BqvKbM7EOI0jXs0G-h2C9g,wiDpuSCBqbq7jzw_vMuQWQ,0.3080611442563794,0.30816163063813,0.0,0.0185185185185185
Bs4VAkR4X1kDaB4Hb7oIKA,0YbIF5pSvcArYqGmpQbP6g,0.5868296320541715,0.5797532012952609,0.0,0.0
BursGHy9rw7um9xd90058g,xG5NtjLZ6S7KGBNFGDqoZw,0.4857391412387239,0.48575322447648367,0.0,0.0
Bv-v7B3Bva_t-sYpNIhzrQ,B3UQC3oMyhRA274_KXDFKw,0.5748697498111918,0.574921712821639,0.0,0.0
Bye73IBqt2u37RKTgwv8sg,t__uF8kJWMYlWGGJ84pFyw,0.5869758259753751,0.5797393456151811,0.0,0.0
C-5bR1H-ynXbIEQaaI92jw,pgEEHd7S83QsF6IFdWJkwA,0.516193738291289,0.5161398532854627,0.0,0.1666666666666666
C-HXHOveDYeIvynd97Bljg,eO5MbK-ujRQMwLWqbAMqrQ,0.5012607190934215,0.5012835428653474,0.0,0.0
C4mWzmxdWDtYR0tFRVGOPA,caGpaptBP4BKJkpH5W6cvA,0.19875060178504272,0.19892299238646216,0.0,0.0081967213114754
C4rnMUEKJTE29QhZP9QZWQ,bwDeI0YRqn7rToBwH4ptKQ,0.5544075592270369,0.5544271842872879,0.0,0.0
C5p3AtEAR_Iim6JjNARmBw,Ka-js9Fn1yRGcyy3VBDPDg,0.5102098442033053,0.5103061364227559,0.0,0.0555555555555555
C73iFAmwEntIONkbd5fOuA,0Q11c6T3ydBung7Sjex5yA,0.5750449052301977,0.5750310081052562,0.0,0.0
C7UNcd4OuXxOZUU36tBalQ,VmluS4IPOHcfx8w67h2_Bw,0.5576225012922683,0.5576079711011969,0.0,0.0
C7tsqS3EHvh8TTbrDHGkYA,g07R_b5AIg30pst1enaZVQ,0.5847537032718542,0.5796303760200412,0.0,0.0
C8_zQVh3L7-yFazQs76fzg,pWny9VNzQlvDXV_Fw3snjQ,0.5376398612967812,0.5376268461748218,0.0303030303030303,0.0416666666666666
C9C-JQOdb5iywv7MzBiUVw,y2hSDX4fRNRONjTPRh8RFg,0.5674852548468833,0.5673232877152433,0.0,0.0
C9PW9WsdbM3COdqhHMR2Og,Q4pDFBTzhXFN6ym0g78oWA,0.5827024187291541,0.579620138727282,0.0,0.0
CA2HX-HS8KSdvB7wW0hdvw,-RLJlk68dmL--ff0lsP0JQ,0.579004600903715,0.5796062818412945,0.0,0.0
CANk57JhjPTrpOkOCvECKQ,499j2YBfJuZLgNOk7SzFCA,0.5753395822737074,0.5753472875184151,0.0,0.2
CBqvnpCA-8SWAr1-iGF0kA,XUEP6erHkEWyGzR0j0rrvw,0.5393692287772393,0.5392929932896658,0.0588235294117647,0.0
CCciHhF3WcrkG-P_NpLi_w,F8H5zuu_eTx8KpmkgO5JAw,0.5837284234746911,0.5783111123799773,0.0,0.0
CD1gNgrodLjVVLpB-Kcn3Q,gb7JjRJtzWDsIWpJihZhBQ,0.5605247670089113,0.5605247670089113,0.0,0.0
CDzHnzj4sStb4oFedQ-fSA,dR6RHU-iEOL8e1p9hBzzDg,0.5684930684937998,0.5684651671810639,0.0,0.0
CFqHpJScxhi1jxkiHpzx0g,xg2BYY0tswiEDz2HvTRq2w,0.5549429286552954,0.5549513994769016,0.0,0.0
CGWi0CL99ilYaUFAtND9IQ,JhjHlvSgBqD-o8-ahT0ccA,0.570534856214203,0.570534856214203,0.0,0.0
CGpwDytO5spD4y11BZy2LQ,USOHCmTPr0CU6UGp6YCYuw,0.5654484391736108,0.5651955635826285,0.0,0.0
CHQDrpMa9AdL0M0vbZrOaQ,PyB2SdLq41Mt3-79Wv_bMw,0.5226910276258784,0.5226570200601707,0.0,0.0
CHcpcv65XtaGuq4gogzpXQ,ak0PfrI9FZcFaDQv5oXtVw,0.5690443548757781,0.5690428080238925,0.0,0.0
CJSSTraJzktYE48l8pBADA,3CAPOtopHuk2W0tBPsTcGQ,0.5738036281922063,0.5738239439440903,0.0,0.0
CKGLRosqPBxH9-V9AfkAhg,USvBH2Pqr3ZUDKwo12_FKw,0.5807673941523405,0.5782695060835947,0.0,0.0
CLIsXugvRCV-h_Suc-xN2g,tDbF0IWQq-mHPi7OBla6eg,0.5835818955575885,0.5782556370711759,0.0,0.0
CLboXaxb9V6tnD69sYbJRw,6om0BH0Cpotw8H0pQm5Uyw,0.5763782292790723,0.5763730958507971,0.1666666666666666,0.0
CLm6JtHXt8ibDkHLnBxggQ,xr9YuIfv4ZqgLTAMF1FrXw,0.5844608406489441,0.5782556370711759,0.0,0.0
CNDFASo4BpgATitxqUfkLA,qQrNp9Q_-1GC1eRGv-HZLg,0.5135897850892563,0.513577389115865,0.0,0.0714285714285714
CP0ozlSic2l34x8Ovz4cYg,zfivKUpA9MPwVVrqRrrDIQ,0.5687107269389934,0.5687475354868939,0.0,0.0
CPdzdO7YuxFSUOWYhqthOA,UrB8opztqsAB_0ZyN3MnFQ,0.5639616483183993,0.5639616483183993,0.0769230769230769,0.0
CR_hm3-T9HEGGWTElXErRw,NOG-VrqO18rHyPwz0I_hHQ,0.5633590078993936,0.5633590078993936,0.0,0.0
CRtP520-w6tZrGN2F53Ccw,geMqFv2nGXDQB5JPhRKqng,0.5535136074449104,0.5535308393949558,0.0,0.0
CSAJxLa_LeuIDe-lHrC03w,AorcIbAAOJI7z0CBwICwoQ,0.5763288714720146,0.5763288714720146,0.0,0.0
CakEW4c5vgDbxqqR8XULWw,Gbe0IX0FBQ-f3hpFxH-6bQ,0.5668587925859212,0.5668931524207959,0.0,0.0
CbMJxmEsm_NFue6NQ0kNpA,eOdJgsNyROi8TDV-F-_juA,0.5758593266492529,0.575842725294766,0.0,0.25
CbpT0UHGugQdpfK5HUekew,N3_LDzsfR0Xai9CCI3pUsA,0.5788298822097084,0.5782417679353126,0.0,0.0
Cc16fTxApkStrec2GSnFoQ,jlaktBNmve9FMOAlsG6PwQ,0.5801800231054843,0.5782417679353126,0.0,0.0
CcYQ5iBvUlG7OOVxacvBEw,vTBKqG5hmIta0NqtpbGg6Q,0.5669294986942753,0.5669294986942753,0.0,0.0
Civ-IjTIL9GmMSPYjSqE1g,pbAfraRFRDsyvSB856dryg,0.5679794854579393,0.5679794854579393,0.0,0.0
Ck_VER3teqjj_8cuVkB1EA,GhLCh9fL9Nc8c33eHszX5A,0.585513200739887,0.5781363155756231,0.0,0.0
CrLhHE69dVJfVIuqFs3egA,S6xjG5thtYKhNpFulIo10Q,0.5879987527290672,0.5781363155756231,0.0,0.0
CsYpEHP2fvZV2yt49fSgJA,ygyLBdPZhXpFmfq6EAZ62Q,0.5857920485972304,0.5781363155756231,0.0,0.0
Cu-UEi18cdlereln29rdww,_aITm6sZmcPzlAsaMZUQew,0.5157685618683082,0.5157636552232714,0.0,0.0
CupDB560BayqHoIEoeEhCQ,QVDdV_NeGwLho6qtBYtjuQ,0.5336317667284642,0.5336319166359004,0.0,0.0
CwiRXD-ovEU6efope9jhxQ,ZNUmF2BHvp4fovXFTFW9Cw,0.5327683547495161,0.5327750607272276,0.1428571428571428,0.05
CxUcM0VdEcHhlm_4_Mbwyw,YBW_smhjRI331LWOwBHQvg,0.5668373001072287,0.5668083491416734,0.0,0.0
Cxh7HIPRhIr_DIetWp3jAg,kxyP4aeuQW5oLTm5tjweTg,0.5389368215848153,0.5389197573974202,0.0,0.037037037037037
CxoRg-ZcXdpqXWmUJliYog,GZdflq6wvOXyOtSFThqNmA,0.5470555607723789,0.5469746016363456,0.1,0.0
CybLEjtw_fhkiITdCN5GZg,jp8K7RPJc3IwwkDYgfAZ5Q,0.3552324666639883,0.3553255111006111,0.0,0.0135135135135135
CyiN_owscPJNvlwul0XJPg,8Aavn4p0d-OX3GtHcLnGgQ,0.46492839907485495,0.4649423023561427,0.0,0.0
CzoyGCILGH7vp2esOCutdA,YN3Od6UktX_WJ-TCXoYfvw,0.5664846272486629,0.5665690990057177,0.25,0.0
CzsnLeW_yFwmmcdvmy9bMw,JpH5dhrs9nB-DEoX2dbZwQ,0.5430577124408321,0.5430423279119324,0.0,0.0
D-Up4cSxOOnmzowXfkI4Fw,zELwtjWxnYXVAzOu82Xw1Q,0.5869758259753751,0.5781363155756231,0.0,0.0
D3_topdyHpAyq-zlEZ_BEg,3eAGbHu2VFz8dVNC_dO5ow,0.4924752677339786,0.49251856287930756,0.0,0.0263157894736842
D4_SY2a4YnoFhrwHeYVioA,Hf3i3PcNDemoVSCHXuNIxg,0.5102671349806303,0.5103518579594558,0.0,0.0
D88Cbal0C-mtgy8f6WdUig,fM8ZCk2SlMu--joYJQ3EQA,0.5690443548757781,0.5690428080238925,0.0,0.0
D88TqtyrAajR6n7eX-JsKg,xBS2bMESuefLuhZMltM_ww,0.44951774259702565,0.44954583328315956,0.0192307692307692,0.0
D9LrenrSj83Bt9QBED7eCQ,6BWcdOv10taQzy5BCVl2rw,0.586683422823473,0.5781224453786147,0.0,0.0
DDFnIMsUjCHVOE72y86TfQ,_j4MKXubKQfu9v_kd_d9Ng,0.5791931605539375,0.5779614991920142,0.0,0.0
DF_cgKLV_YMDkBaNlE0XoQ,sy9erwW0yTpjsTQ1eLtnUQ,0.1870442450085604,0.18690159993595953,0.0,0.0
DKUCYmrxjNHkaQowwKcOQw,Pw6fbFqzYt3DfQardKyCBw,0.5724684248735399,0.5724684248735399,0.0,0.0
DLotTM0D0amdRFKrj-mR-A,u7WBOKDV5JAqV4RACM1dxg,0.5502498666481593,0.5502328651613216,0.0,0.0
DOGobCECSZNaaDCevtG8Vg,83MNJkbTftVfFmNR7WlbwQ,0.5229595251528566,0.5229822381701305,0.03125,0.0
DSz81CMeUgy9zYFLQhNJ4w,kURPPbhrJ2j3MtpD66HR3Q,0.5445405479109003,0.5445215384021299,0.0,0.0
DTb7jw-yK8w-kTgBhTQRvA,BrD8yPqnivir_-PpZ8pjQA,0.44965219921276117,0.44964875687621336,0.0,0.0
DTgQCDiGPk_LS4LMWD2o1w,RPLPto1ejkyE8vsGOV5phg,0.5511830052357822,0.5511970735531128,0.0,0.0
DTyeAYLV9YCc4mG5XTorTA,odPkQbmZAfsqe2GI760Q0g,0.5263018353568143,0.5262860964151942,0.0476190476190476,0.0
DUfvvIwagBe9VK2_0RyOug,i1kwgtoCQN3t5curFYWRUg,0.5657587169277117,0.5657726882994245,0.0,0.0
DX3_ZHbtsl705f0CnHd82g,1FB6qlf7ZuUD22Vyqo_4RQ,0.5575309105969849,0.5575309105969849,0.1,0.0
DZdE09qqCcX7Atf3Df7Yqg,mvL5FhxCmZ1Im8lFgMu4fQ,0.5471662874054457,0.5471829741483168,0.0,0.0
DZxyXqQSmR59wFOTT7UJBg,xBFNCseDehGAf5D--HWG5w,0.5825419581183792,0.5779614991920142,0.0,0.0
D_-w6oXNj_33E7-urbSLLQ,0Z8ps_OfcR9eJaV2JtxigA,0.19017705088408704,0.19001706114294023,0.0117647058823529,0.0
Da1Cc7gaouF_2avorSj-PA,R7495xRbB78fr_VzGonJBQ,0.5561189627933268,0.5561465069942062,0.0,0.0
Da3LmQYuxuCJfRTH6FXsiA,XSvfmG8EJIfnXLiJ7qZWXg,0.5790184632173738,0.5778560279152182,0.0,0.0
DaVWa71vav0Mv1cg2H-gfw,mRtGKvoxQLSh-tf2qBBoLg,0.5244477191882897,0.5244553631018617,0.0,0.0
DbyJYiCIDelX8uLWDsruAw,H-7jCwGugPs_yYM_wX6dDg,0.5707480471839239,0.5707480471839239,0.0,0.0
Ddg-J_j0YFErk7wpMtH_0A,zNbRWVCKNe6gBShmnuAQNw,0.3914631871292775,0.39148812503236446,0.064516129032258,0.0135135135135135
DefRn9bPWVK5iNeGixFbzA,KxmOJPeNaUrEcKE1-p0huQ,0.5381089237111967,0.5380376944163352,0.0,0.0
DekNG7GWeU28-aMpbfJwNw,g9p601DS_0uq-aiEA7ypxQ,0.24167502783596298,0.241553116075768,0.0238095238095238,0.021505376344086
Df-DdXqssj7ZeD8ypAF7Og,6cswuD0Qpsyy0s9CQEDHRw,0.5322271012430041,0.5322658854154861,0.0,0.0
DhkTrLGSI63OrnGt2q0KWQ,3AFJwWG2OcGtRlJhhEbjKw,0.5477356690360038,0.5477281093797152,0.0,0.0
DiBddJx63O8y9mICMJx0xg,74OO_45KTjh6WI3XKdP9Zw,0.5829818107559145,0.5777228021812126,0.0,0.0
Dk4PLmrV93uj5UKxKpqWbA,aG8XkIE_TMkr_QKSfaFBBg,0.5729111098699454,0.5729389396786044,0.0,0.0
DoKwhPThHtweIg-fWcjGgQ,5gsujKYr-TiZsByZZ_vB1Q,0.5669294986942753,0.5669453559467069,0.0,0.0
Dp4xxrLd1EfB-AbQTDPohg,9ZFCaOWsiXF3iQW26gcB7Q,0.5779753708177651,0.5777228021812126,0.0,0.0
DplwsTdPq4QZYBwaQtFxrg,n4XdEzFBySM8_D_uJqSToA,0.435065440979241,0.43504138889306576,0.0256410256410256,0.0333333333333333
DpptAi5gmMiF0O8zwXgxtw,OAdo3dcxGc9SHZN_QyMp5Q,0.5472367405802374,0.5472367405802374,0.0,0.0
Dr2tI5lPLiXQrE0iZRim9A,t-ROSN9X4QqbGFd6cchDNQ,0.5293737703780768,0.5292888082311192,0.037037037037037,0.0
DrazQLX4I8aSEHAkkJEnxQ,BfwzLf3NEt6D51zB8rNwxA,0.5628355742146596,0.5628220817192205,0.0,0.0
DrjRjaQpZJAVFFR68_xq0g,wPQ01R13kkpWKGqLIwxTzA,0.571287365885704,0.5712948763341935,0.0,0.0
DsDXhnFF5a848sgwC1_07A,r0LJJomHdpbmb8RkxtsbZQ,0.5809142012248409,0.5777089283192937,0.0,0.0
DsKm53QrsVk5GZ9QgYQmyQ,qS7uSZdQ3f0HqYSSaiYQ3A,0.5636537106918147,0.5636332170406101,0.2,0.0
DtE_filcjbtVPa3vHu96Hg,3UavdxyL0nmWKVIqxDft3w,0.5625892421658532,0.5626032366742065,0.0,0.0
DusxSc4n6WicPtUusm_N9Q,QZqNkjxX7xNg1RPFFVhB5g,0.5798862522726769,0.5776950543347498,0.0,0.0
DzAiKgi0HH1wDzAt4aEd7g,QDgGe--XQrPrap3u5EjAmg,0.575150562477426,0.5751922504323184,0.0,0.0
E0qpZQLChtbEYSNj3OYrIQ,jCyQknyt1mkMTBw60-ABUw,0.5310759548824207,0.5310577941743834,0.04,0.0
E1A3JTR-9oFWe9PE4pA65Q,bBPrDU0lA1vgiQOlDhzuWw,0.575150562477426,0.5751922504323184,0.0,0.0
E38acoNEJDP7A8Jqpj21Rw,x_iJuJSJ52ptHur08V86HA,0.5502723351116762,0.5501667530038454,0.0,0.0
E5V_PDqAKWceLM-9u8Ayww,yWbLO04FlSDJzIZbKr8t5A,0.5813683772762692,0.5775479396537339,0.0,0.0
E5YB7NywtfmQ2_rpxtjmKQ,1-z7wd860Rii4kbEMCT8DA,0.28643572565618314,0.2862844564263747,0.008,0.0
E6kLNnb8VcgaZHzBp-5uMw,lgNRlE9gtXvZTEm_TQqXWQ,0.5630763221214363,0.5631233822834539,0.0,0.0
E7R9YF9rGIOL9Pd5fJwMAQ,5Bn9CbdNYnZMDYryh6n_0g,0.5717849923655223,0.5717303589229195,0.0,0.0
E7mAwFPNhjNYXoeZh_jvVg,r4X9jW4K311nFkutYWrFyg,0.48381601121592616,0.48378468495227794,0.0,0.0
E9-zXaqJGg97ZqgX_tydTw,eEW2LAE2Fb8rZVE2rtNeyQ,0.5847537032718542,0.5775340642478841,0.0,0.0
EAApVzr9Uib9rvDs67RsNA,RbM-F22RcF5i2kDQ3jU1BA,0.4458636082957406,0.44596333468969784,0.0869565217391304,0.0
EBKLpGREqUFj-fpIB85pPw,JQUQ_wa8JIiSe3YIms6b6A,0.5723904354217142,0.5723930085299013,0.0,0.0
EBonJ5tjkxBEUezwosVlLg,fUUWNXN9eL2ZP2-ZaJr-Tg,0.046701351017688054,0.04658085832582417,0.0043859649122807,0.0
EEOgBTYNuaAHDSOBXauQxQ,G-LyXtmdMt2t1IGHhCUKTA,0.5651044586206894,0.5650877524731244,0.1666666666666666,0.0
EGSR3XIGuwa-CLAQnJmqdw,vJlbggc3FsyeOqUOPhVfiA,0.585513200739887,0.5774249396384674,0.0,0.0
EHUNi6ZX3z8KaXFjGtDd7w,3WDy7uo8g3bR_4IyYLXtWg,0.49483972889824823,0.49468868011019534,0.0,0.0
EI-7c_Zpd9HhBiVywzkIBQ,2gW2AflncKzHvmSvel2LBw,0.5053164936150724,0.505239786822564,0.0,0.0
EJPhcvVqYi6Y1dhDQXP-bQ,mlxJy8BKHKpRglLXWCyoNQ,0.5735011747883643,0.5735150848368551,0.0,0.0
EJ_ua43d33kN-rnc71LPLA,IDXLt6-LwcJTIFtKRJhW3g,0.31753341361209503,0.3173811291940027,0.0232558139534883,0.0
EN93aHUaowPXDXXv01PTZw,T8CRW0yUTIQdW91XQp4EWw,0.5760621519322814,0.5760760401962702,0.0,0.0
EQ9RsmozHxm-q1dEgILAiw,Y-xCFPYXWd9Ig0R_ZTd9mA,0.4424552041785471,0.4423444477293674,0.04,0.0263157894736842
EUtNup4WQZ6UBxou8HsRng,Su1Ghu4OcR0d-xDLGPkNYQ,0.5796062818412945,0.5774146877937484,0.0,0.0
EVu72ZfMe7IpUWhD1el5kA,LRcDPus5f9lm5luwI293yg,0.5550033319478548,0.5549874277731063,0.1111111111111111,0.0
EZ-ZL55vCMjSIneiGe3aqw,ayrKCuN81UEUduBhZJycXQ,0.5203999995886818,0.520389575037913,0.0,0.0
EZQafNN19PO-KICK73BZqA,IThvWu5a659nF3bk-wzgcg,0.5698099009811318,0.5698238411163363,0.0,0.0
EaEWx18JJ6l81U3JvcaoKQ,mVKutQZg508LcqRYXeAdWw,0.5857920485972304,0.5773730576871364,0.0,0.0
EbBing7Y8Y0rjGVfbt9h7Q,esWy3DlzFeajW5awtFHITQ,0.5720802477639365,0.5720256237957558,0.0,0.0
Ee-V8jWifZDvRyFrSW5LIw,GoGss2SqsUPwP0xcI9IUuw,0.012680700165569323,0.012722046116441456,0.0027173913043478,0.0049382716049382
Eg2fNUMwpUPJ37yy2DK7DQ,_oEolwACvc0oFQdd8yM6gA,0.4993418063546869,0.4992677421227378,0.0344827586206896,0.0
Eggbe8TRDB0wPjqymWMk9Q,qtgKa_QOPJweLiOGceMESw,0.5840214348997872,0.577359180740663,0.0,0.0
Ell4MNXqG3r-hwp2EtNFlw,cb1nUu3c4qD0DymqTlUJaA,0.5841679183590085,0.5772562344967933,0.0,0.0
Em5rXI3amBD5Ekvmy0qZUA,RRqSl8wmYpVP1dQZgaEn8Q,0.5732200808861865,0.573230359279768,0.0,0.0
Em9xPtWJst1AYROBkDZYBg,MVGzq4J1vOaXOfbewCD0jg,0.5406410509382777,0.5406834234717017,0.0,0.0
Emrw1nbhx9i3_y05V3Y70w,ATp5s0MCyKxjWQJy4HNPHg,0.552117598073015,0.5521200361264135,0.0,0.0
EmzPQvyNQH-lR81tcFrKSw,Cgb8x1G4mr79Tv2CZc7e2Q,0.5418161986174113,0.5420937805792048,0.0,0.0
EnLLksrGdqMgOOAu9rNtJg,-6nQZ-QCkAyNHdtaxOxDpQ,0.44686639859509325,0.44684547123079155,0.0158730158730158,0.0
ErW31qKCSDBc_oZ4DCziww,ckUXjKaqb60XOMTB-EUwbQ,0.4009562565886488,0.4016225435249218,0.0,0.0103092783505154
ErW5P5HJy90GNzVNpR14HQ,SG9_UvGkcsArW6oELZ5XFg,0.5745332840942609,0.5745471854530316,0.0,0.0
ErvTvPF3vtLYsEqXqr0nUw,cVZ4whFwPNA721C4DIetbg,0.37336142140010986,0.3733169715394796,0.0283018867924528,0.0153846153846153
EtGFDdjui_Hww78JU4XoXg,QFr8Txh9fKQsEgapY63hBw,0.5833026182056874,0.5772397910432391,0.0,0.0
EuzUT3fwPBWAHMXUiX5L8Q,CERGOKhFIaDU1mk4lpWDWg,0.49370393795470674,0.4937815539796548,0.0192307692307692,0.0434782608695652
F-Z2J3GDTNge3K6bsbnKSw,03an5ytHalUpCjfN8vcjRA,0.508838562680459,0.5088746734143581,0.1428571428571428,0.0
F1GL5ew2UMYNjawcR7HPyA,yEsntN33ff9rNOuNXdjsNA,0.5687256030655055,0.568654930669605,0.0,0.0
F6rHQmm_Zbpg_y6GSHJgfw,mCNvZPROAx2AwbYeizPHvg,0.45150793948183754,0.45145361913968474,0.0,0.0
F7FYN-nZ_Vb4o2oaPJjr-A,tvPEc_fEMhx7kymxFiSQlg,0.5795291844179291,0.5772259129250874,0.0,0.0
FAdOnoeDHbcolTN3e7oB5w,7PVFGTeOP2LW8_m8Z1VV7A,0.5790184632173738,0.5772120346850358,0.0,0.0
FAvEJQ0E7n4f_Wasg9UvEw,yHg5PkXbrY9lHnFSBe-haA,0.35308307453980897,0.3529803673388009,0.0112359550561797,0.0
FCcFpitB7F3qxd1bD4Epfg,95Pw5mF_PMbfvXN_K-mXWQ,0.5338917865293165,0.5338920295508938,0.0,0.0
FEpHL55islEkxBHC5V_YfA,aDSfrxqOf8lelQ9Ofqt1tA,0.5844608406489441,0.5772120346850358,0.0,0.0
FJY0EP3DNkrAV2lVpllN4Q,pq7CAQGsxjaFcMLmhdbbvA,0.5496457345644404,0.5496332071776848,0.0,0.0
FKcQbzeClxbTAnAVJXx__w,XeuloGDcqfKza_qlKexzmw,0.5481897015336538,0.5481978366774795,0.0,0.0
FKvkG0Taz8GoGE6gFB061g,wVgo5MaohDWNuudZWWwfJg,0.5002456745957499,0.5000656371015944,0.0,0.0
FL58ckZZ-jB5DgJQKpHqcQ,QMeDIEI1uCN4CWzWwzAnGw,0.5871220045629146,0.577134271366507,0.0,0.0
FNsMxoaTa-HCbAxP0Baj9Q,ZzqqkL9mHsOnFHJvVd-10Q,0.4891315263913043,0.48912722762687577,0.0,0.03125
FOXeWdQCemWMnmYqlDT2jw,sPMAnWj-uipCJwFPc1ROTQ,0.5773730576871364,0.5770926338679656,0.0,0.0
FRBGjZKVmKqcyFb7XQCjXA,LKLm4SgIHz48rQYlBRuaHw,0.5029149585973811,0.5030707954163339,0.064516129032258,0.0
FT-cRqGz3kJBDgXr-9Fdtw,5y4o3Tx2eQhXsnUpgYFolQ,0.5786967397407276,0.5767566321755636,0.0,0.0
FUkVxA0IhTvsBIbwUdkzdw,hUtkmOGwqRbnzkttutDe8g,0.5322215300104074,0.532145118245219,0.0,0.0
FV0AtR_aPKtnp5_RqjkC3A,y5fT2Nx49cWtmQTJzkphmg,0.5688809810512968,0.5688809810512968,0.0,0.0
FVcIeaJY8vTnt9AksAVFaw,gUqEACZc9faE9beaANW9fg,0.5875604480820151,0.5766927294319062,0.0,0.0
FWTkrjnoIVJ4UiUWUVDi-Q,dEotxkNxYaoG_7TS3kzUvQ,0.5757120421497742,0.5757259334359291,0.0,0.0
FX9CL_-hBxRDq6c4uiLCrQ,2jbu_xi_FEghI37kPG5LzA,0.546882480153558,0.5468178886802948,0.0769230769230769,0.1428571428571428
FXSj0mOK_vSTGfKywdHwwg,29mQNZv8dsN8IAJ8uBnjUw,0.578563585826862,0.5766788465251644,0.0,0.0
FZlbI7_mdb79DzaqRIAqtg,xNXQkCkiUzswX5rd7DM-Dg,0.5697841208256256,0.5697820203786853,0.0,0.0
Fag3PLbNg3H7eSjzxiODnQ,L8RfVsIAvNPCKlp5fJkoHA,0.577800536445226,0.5766649634973444,0.0,0.0
Fe54PN-9GABpQM30B5o08A,5PLTCfyndcWM44-yQH-YRg,0.17038889168318097,0.1702559345909185,0.0,0.0
FeMWRqfmWvVR1BPqBN3E1w,Dy4cmOkfS_2e4DNNBx3O9w,0.5757120421497742,0.5757398246024394,0.0,0.0
FiTls64Ll9f9OeqwASM-UQ,rjdUiKAXXYHIH20zVTcPXw,0.47147981799191213,0.4715297839967243,0.0,0.0
FiWGTyWJs4p4dLQc8P6-pg,OqQAPZaJ8IKQCxCjs34sXA,0.45527335888162684,0.45521687209999206,0.054054054054054,0.0
FlSiPPvYiqqDbKb8E_lLNg,2bx_F3UOGmeg5SQR6RoD0g,0.49820285391354946,0.4981832654613011,0.0416666666666666,0.0
Flu8zFsJbX-mRw2yOFBC-w,pQx2aFqw5s7N5ThMYlqDzQ,0.48633850475704465,0.4863762278149602,0.0,0.0
FoIzWtiwffKyfKJHsm7VKQ,SfpJLbqHjLTR6FZ0s7upXQ,0.5782417679353126,0.5766510803484671,0.0,0.0
FozqhmYlHTylkb-Vl-GrpA,Z_KNlr8cLxDSPUB055MgOA,0.42211159473290655,0.42206338066492327,0.0357142857142857,0.0
FpnBK7Rj47VmHQ3zE5oYyA,azp2wLevlaVODNk26MDfEA,0.5599305251224991,0.5600650896499264,0.0,0.0
FqvItVbM-G2AoQeWC-EBMw,-KdeX92-JV2K8GWbAxVj2w,0.48728796929072693,0.4872791692990948,0.0,0.0
FrFK24JWjyc3nhR9mcSoqQ,DpCziU4uvnOdAdIWtfY8Bg,0.5827024187291541,0.5766094301756992,0.0,0.0
FrkGJp1WIxpFFT07Qbos5w,aQC_87xrNXm-K29ExZH4qA,0.5242832182529327,0.5243050502306106,0.0,0.1176470588235294
FtT_HlYiyOrE-TzKl6_qgg,3Nfa2VSW90m3OAOSPV8mvg,0.5708168927046531,0.5707383296825818,1.0,0.0
FtY4uxKAXcZDDFUhfOp-lA,609Lr-Hvo3sr9amdiimOJA,0.5583588346248962,0.5584514474130194,0.0,0.0
FtmlfXAZISZYoZOZJ5o-Cg,d1mtX0eI13U7JBY2-1cOPw,0.5825419581183792,0.5766094301756992,0.0,0.0
FxeakFEI6gObK0CxcOft-A,NgEy0AX40Yg4Bpon61wbEg,0.2731351454935532,0.27311283836455574,0.0,0.0
Fxzm5Yp3yDq_8n5gptP1lw,oa4bCkow1hrF6pqQCT6EGQ,0.5647849017155324,0.5647697625278166,0.0,0.0
G047PcbKKb0YHwtpfZE8yg,4JR06JiS8W8ieXoF1ZWkGg,0.5386919074990169,0.5386961681677388,0.1428571428571428,0.0
G05onTfsBbgpFHejwvDCcQ,Q9knOlfU9ppR1HhtK8r7qA,0.5759009963390912,0.5757676065764421,0.0,0.0
G0boNJD6u5XtkoAMY2-z1Q,h1UTMTj52te79ii7_nqF0Q,0.5171251875843664,0.51706365984733,0.0,0.0
G21MuD1q2SAdZLjTxxPMGw,a_gAQfVy9Op95AGdZ7PFXA,0.5262917237822887,0.5263339686013253,0.0,0.0625
G2n77sQxr0XqPekhTu6HvA,9T0KlT0HW75LM-sTEPBPbg,0.5496767912226203,0.5497330985767789,0.0,0.0
G3fZGozLaJjIVU08mXk5qQ,rnYZY-xF7qmBCAXKY19LqA,0.5520046309410017,0.5519879981210098,0.0,0.0
G4IigHfYODjMJ0NpF3zEhQ,GyEK0xZsYoOsL-5huVB0Gw,0.5266954549909012,0.5267068525282994,0.0,0.0
G4sLH98DHyejB5RcDljaFQ,RtsxLNG5ta65Gatr09cnPg,0.412531682455273,0.41248816515185277,0.0,0.125
G6BsgXWHqddv-bGKS1NcyA,e7I5Kj_kVMFdEW35RN0AEA,0.478729899375812,0.4785695888690048,0.0,0.073170731707317
G6Wm6EqUKaKFGrBulQJ3Tg,SaJHvbrvy-ndxLf85mAVXA,0.5100195870519448,0.5098884290066349,0.0,0.0
G7AEvOxbIUV2Em7FMmwXGQ,KRc2irAIY3pgGlV0p4znmQ,0.5332115599080589,0.5330513789469031,0.0,0.0
G7Hq19GVC-zcAFuvovvIWg,fBRoUhkpEXLI_QQUJ0du8Q,0.5316405278435111,0.5316265688402235,0.0,0.0
G871bjv4Sr0CuxN2TgWcQw,FWA-LNGHisJXq_UP0WfSmA,0.5775063130691179,0.5764899840416183,0.0,0.0
GDtcIsIfH9Up8E-Mls5XCQ,uf8uvDhevgyaUwMk8UxTIQ,0.5860846374521405,0.5764760993688325,0.0,0.0
GEKQqHL78Gkhy1juc7dDww,o1Vs7jjK0_hu5L5h_ZgBNw,0.5448835077161319,0.5448946201701392,0.1,0.0
GEdrmeb5ubO2Gq5MgMxDtQ,_JK1veKwxAwk1rp4H7z-1g,0.48184503710890614,0.4820068590753823,0.0,0.0
GF-GWt4zA4UbXCQIBdFSbw,kooLdkrNy4bRMXDZnKLzbQ,0.5737042929539452,0.5737321095332046,0.0,0.0
GGMPGL1AmXwlNyHyJ4oUXQ,kWxZoWO-Nw9V_xBgUYrRgQ,0.4555956793739637,0.4556526964711889,0.0,0.0
GH8Pxb6n7CDZehbydWyDcg,Z9gdO6rGNcRUPkQSqEN9kA,0.5528654671128497,0.5528591804888737,0.0,0.0
GJ9hLjmKZ_9fmw2XuRhAzQ,lc2iVDg4kjwewPoBrSwqoA,0.5739574926298071,0.5740342284831622,0.0,0.0
GJtRRcx44M9ptMUYxccUeg,XRmk-rUh2VknJs4tT7QB2A,0.39752277908182554,0.3978558239894422,0.0142857142857142,0.0
GLDeniJ20Z0X_ZMbt4Y8Jg,FsWEzgnPsARCH0qmKkWLNQ,0.577912064303195,0.5763844145576748,0.5,0.0
GMc8-oh5IAWYi4j-Ac-ppA,xkv-67koB_8kqLXOe2BBiA,0.5773869345114891,0.5763844145576748,0.0,0.0
GNSiXp4UpopespSb49upUw,VPIHVHsO_vTk2lnAcYxARQ,0.5557099511287149,0.5557239919235074,0.0,0.0
GQvMNxdE4uCIie4D53tE-Q,yh9LdwO06dCtk-sV4HjBUQ,0.5813822180297958,0.5763730958507971,0.0,0.1666666666666666
GU3yKiycK8P4Q_TMGJbj_A,yqYywLM3t-FgbEXgnhTYNA,0.5373002973366134,0.5371892631255555,0.0,0.0
GU6AnPaDqYA7PYIS52CKEA,EWiFvIU1Odf99WQP_0MEfw,0.542693119154404,0.5427368473147016,0.0666666666666666,0.0
GUZCOzK1ssAza9C6Tnxl5A,nk9CYmNy0mxuu3dosjyV3Q,0.5140543492150172,0.5141029017253813,0.0384615384615384,0.0
GUa00RPM2d-H45KBhj_t_Q,_iUlEsWFSQrvujrIssuMNQ,0.5872681677926312,0.5762649515931119,0.0,0.0
GUuLWkqfieTDwORs8z8mDg,E8DYhqJCjfWm6RsEbQesqg,0.5617842840945875,0.5617602874074663,0.0,0.0
GWr6EEZMlXMGlJ9VoKbe0g,uQub6nYRyGH7bjNwuwCUMw,0.5779476274432599,0.5762371782176959,0.0,0.0
GZDUQ9P8oNRa8E3hJWXgmw,bSIrwzXUgh_7CmcLlzENCA,0.5847537032718542,0.5761038163637114,0.0,0.0
GZDkhotwnmGlpYUKxAwobw,FmBvwussMAP_hh5psTcHOw,0.5255041585177989,0.5254721460670949,0.0,0.0625
GabL6KPmrPirzYWiQ9LtBg,cwA7VnaIGWkiUreR3M2NQg,0.5874143156403773,0.5757676065764421,0.0,0.0
GaqEQ5kQx674pGekE2QKpA,YaLZlatMJU_eXurZXtihHQ,0.5711911792071056,0.5711911792071056,0.0,0.125
GcKHHOs_LaI9uHh_NKJQDg,NAfITNb2HzObDVktNs3DmA,0.5464967691251236,0.5465089954547682,0.0,0.0
Gcm1Ob02cfVWlupegB8uQA,O3tgAGzkEln5AnpOGOCcYw,0.5559222649412225,0.5558869020536628,0.0,0.0
GcrYv6PwODfV1NoQGdfKNg,ihfw3MPioHrRsn7E0Xqj_w,0.5574049588752285,0.5574044241997779,0.0,0.0
GjEDg2B1u2ohBMJ0JXD-MA,KSi7EYVE7Xziq4uxH9gHiw,0.5049203772527211,0.5049391674439048,0.0,0.0
GjK8fBJO3sE9vYkK0RE7Jw,pxuMxh5oC7W-PDN9wwvozg,0.4878918127434682,0.48786937580192,0.0476190476190476,0.0344827586206896
GmoYBvRsVa18G5FPiXk8JA,YJn_vbvLVLySH3ZdMYlSsQ,0.5292492237306035,0.5290423120790854,0.0,0.0
GpOC-e2vWYi1gADV1SI8eg,waU0sq7ThK4uY-30YZ5h8Q,0.5759009963390912,0.5754487737219808,0.0,0.0
GpYDs9W3cM5D1mjNx6pxug,gaBqXU8ipANuXDjogoCAag,0.5829818107559145,0.5754313266478732,0.0,0.0
Gqly-fbSiUhgXGgP4hAx7A,INi3exwj3hUpWFoyEl_OGA,0.5533688340023923,0.5533631025341845,0.0,0.0
GrfFulYVrfWIKmwa1dHktg,YgZwJJDb81jcPHLjJ1mYIA,0.5751366662548784,0.5752164121871248,0.0,0.0
GsTHcKsO4c9ZnK0AdwfCpw,b2ZSuQ_7aiH5IycxtY3xZQ,0.5767982784957238,0.5754122202724534,0.0,0.0
Gu5NOPTGyacbzP8TE6cwug,l9eLGG9ZKpLJzboZq-9LRQ,0.563627665463665,0.5636192299256781,0.0,0.0
GuX_h4rctgN9X3p3SyK-1Q,Rwirqn9cmt5xhTUZ5V-idw,0.46109040961818015,0.46117710876156526,0.032258064516129,0.0
GvRA736fSqNZPe_OJRCt-w,5ZjEI6N5iZ_ACQEjlfABFg,0.5857920485972304,0.575381265374266,0.0,0.0
GvjQEhSTB2CyzJVx1boR8A,ftCK0qmDE3yj8TT0RQh5rA,0.5677114522242076,0.567767277772079,0.0,0.0
GxuxCctcz3Hyk0wnuly7vQ,50mfwRz6WA20SS3E080uTg,0.40605900067044237,0.4053055589250262,0.0666666666666666,0.0769230769230769
GzYIDkGgkHa1vghxXGQlJw,-SQv9Kit89XgEik-Rd_5yg,0.5436103982727756,0.5436370805598431,0.0,0.0
H0MScRPcaB_TuFNEhWvJQg,QAnMrj8-uQMNthhrfXAQfA,0.4636132137004855,0.46365736541949243,0.0,0.0
H4eTwVFJvjCL0asz94CSTA,w5fyVRnGWXl_ldGt0Hu5uQ,0.5007521169384046,0.5007401028061225,0.0,0.0
H4t7YAtaDQ8bKOW452zSaA,XAAKCdk7KU5qLA42r6F4pw,0.4990569979453391,0.4989805590304514,0.0,0.0
H5cH1BbNfP5YEkytAQaYrg,MQke0whcwgjP25g1yfv3cg,0.5581242915727013,0.5581187248562784,0.0,0.0
H6C8W2KWgT0E0AZOeO4WAQ,JBYKW1ZEt_lryYanq2O-_A,0.5707480471839239,0.5707383296825818,0.2,0.0
H8Jp8WidE99di2Xapgbe-A,FId1uY73JcswBn6oz5gTEQ,0.532153657168184,0.5323801872308473,0.0,0.0
HCtaslujHiD_j5St_FR5IA,LLx6iXXDWz205YXs6Puzdg,0.4870718642693518,0.48709551523955363,0.0769230769230769,0.037037037037037
HGRR2w9KddspVBYA-4bSlQ,c2VdONiIDoAkTCEjPNehjQ,0.5584454956140872,0.5586994637999799,0.0,0.0
HHWTWs8sa7cE3ksH3_BCTw,wAPXYljzn9YDTvQqqL54pw,0.5649899150223966,0.5649980464333983,0.0,0.0
HIVBMiyukLyx_SbN54LGvA,84fKFTKnYwc8PijJdMkkLQ,0.5427604898252232,0.5428429462519183,0.0,0.0625
HIlzfVDzOeMQgf_yuz_Vlw,8IazNnZkqYlNODBZPS1CGA,0.5643970187115503,0.5644103215124922,0.0,0.0
HLrDflJTscXg3OuuU0SYkg,LO1T3M80J3sqOQjkl3GThA,0.5624408509734272,0.5624548465370128,0.0,0.0
HMyXpfUQud_7B0OsmBuNcg,kQimxI9wOXrQjcdfwsOw-g,0.5546816206657355,0.554725623044241,0.0,0.0
HOUmGe9ij2LS4Vnzqi_Asg,5K6AddwkS4Fi76iPVPMIuQ,0.5815289649365648,0.5750310081052562,0.0,0.0
HPV9-9iNLuVhUrQKXXvf5A,UKg1F0v-3q5V5SCyGWYj1g,0.5803130367736227,0.5747640743609442,0.0,0.0
HSb0mHv23zY42j2vcPtSyA,wLGOcxzFFM3uWl9X97Fg9w,0.5859383506056707,0.5747640743609442,0.0,0.0
HYBuQ2B82DDbXpbXrAIGHg,YIMPh1-8zKCQ79ZsfocHBA,0.5535319139182199,0.553545968245798,0.0,0.0
H_nR5KDpakeNJux8V__ERA,VKsqpZVSFgvAkTm5NNU47w,0.575150562477426,0.5747084755828655,0.0,0.0
HateLNTkY-sxxu2leVfHUQ,Jc7nrhpijP6xSGFxIu0uiA,0.5525648854534942,0.5525813831937122,0.0,0.0
HbJL7pGHREx2kdnAWdDNMw,jF5XeCVL6MrA2IcLIHy1JQ,0.5244618020475634,0.5244165004174327,0.0,0.0
Hbinc1W5pNPuc7cLdIvsRA,DGefID2EzDJl4g_DCMbnYQ,0.5103647625212132,0.5104098816359631,0.0,0.0
HcZCu26W1B4avM3P0S2CBg,E8nFvonCaW63W9d3zUYhgQ,0.5841817327557389,0.5746945755930156,0.0,0.0
Hf5d6683-zPMmN0tQWi7BQ,bcG5ySKHYxP0NtqCewbcCQ,0.5789130636367479,0.5746945755930156,0.0,0.0
Hgjlz4Ekr5rqbLlxNczL4Q,8CfXhST1sJt6IH99PPEZYQ,0.5503159786974243,0.5503997311984042,0.0,0.1666666666666666
HiQwgtgkvkqJmZrCyF2jBQ,JhrvtLpCEQcYrZLbb6CZGw,0.5567258848893515,0.5567142768809364,0.2,0.0
HlaqPcOkOb7AjLpYU5fsoA,JD2SkbWJFpKyMZjqzT8fdA,0.5773730576871364,0.5746754605687538,0.0,0.0
HlwDNFhRZYMwweAPwioGWQ,XbXoL8r97I_f5t0hv4BzIw,0.5791377168371837,0.5745888888220533,0.0,0.0
Hoe1rNQzFe-5BtuOA3MpYA,Yz6b3SrI_MXcaVekMISmIg,0.583756060529917,0.5745749878169487,0.0,0.0
Hp1nkc3c3Q7_8oKXFn0vbw,nePr9450kf-eEGYD-Qn21w,0.013695813941598566,0.013593916808955966,0.0166666666666666,0.01875
Hpe-2Omu5-U3S2NrouHcdQ,aFRB5lGVv4VnKiZt_c1zxA,0.5588240927130401,0.5588500137021756,0.0,0.0
HpgUNMYvOCResSncOjZTTQ,4klH4lQI8DneBUqLP0vHvw,0.5748419524566469,0.5745610866939346,0.0,0.0
HqOdvnCuA5SxRiuf3lNgig,lIYCKCTJxpvxEUXZ1pZ1bA,0.47055087685470254,0.47055942149107655,0.0,0.0
HqjKx2lWhVa8jjhPNkkLEw,ANDbwHhhs1XYFWAGhaqWQQ,0.5290989891929776,0.5290341801199677,0.0,0.0416666666666666
Hs-jwE791t3cX9ErgTcEFg,tw_PmFjjCyg0t8Ek_kQz0Q,0.49360962430341665,0.4935949614097436,0.0,0.0
Hu8AaQE2d3Uo6_EGlpVsUQ,wUCMIE7mRpS6oijQzJBgDg,0.5728853762554433,0.5728470565230245,0.0,0.0
HuUdDS993Qqshv8UA_rRRw,q91Nic7yJuEAYbKzX-vKcg,0.5004170301598326,0.5007167592972936,0.0256410256410256,0.0
HuqKQA8VZuOzkfbnY1pjvA,h3dUyHGGx69JUaB5v6OLcA,0.5291542327758806,0.5289610577547984,0.0,0.0
HydbO3DkCWwU8aQ8wi_42Q,KxQca9d-9Rrn5STR_y9soQ,0.5393297735668883,0.5392873851676198,0.0,0.0
HymyQp7WQycckFTYXFSGFA,7HznGpvXxOP3ILOvBxG8hg,0.577359180740663,0.574441489177472,0.0,0.0
I3xJD0fXyiokQtb_6sn0fQ,HWIukj1MFtVgrBDQPXkbZA,0.5248165452696905,0.5248380697633565,0.0,0.0
I4TFiNX5gTsJBnEGH2Tl8Q,nLSxxer8E-c2Zs_asUvbzg,0.5141558015381393,0.5142022601521373,0.0,0.0
I9Fwoe-BZ9NGqr8YHVg_pw,fSrv4o8kvmBFfd2MWnbsDA,0.5694584868499356,0.5695142578636496,0.0,0.0
IBNx2iuJOryYzHpn5S96VQ,2qnuqB4Q7yVDSnUFRHfVrw,0.5385829896029032,0.538593551435031,0.0,0.0
IC4r-CreIIONpsXIrvtGJg,SbGlm_zejxo5hec2Kniojg,0.5520046309410017,0.5519765037010456,0.0,0.0
IEyDu4UsvIs7ZknW8i4e4Q,YLLWDhNYfP1ocOHC5KWBOQ,0.5825419581183792,0.574441489177472,0.0,0.0
IFXqeJTbIUVhtBDPLJ4ufw,x-waJIgYyDLprk6xniUjlA,0.5801800231054843,0.5743218829490484,0.0,0.0
IFmXNVC3Qj5ZXfAzczle_A,Gtn4_eWhhkjCVI613L2ZqQ,0.5824229735936436,0.5742940762994788,0.0,0.0
IG-FdH40iq-o4aFWIf4zoA,RrrgvkKwwq9FHayFKwOI3Q,0.5755595321190566,0.5742022680220282,0.0,0.0
IGxyVCiLyDhOwC3fDC3NDA,qDkAJSYGOsXIr3XhC4Hl4Q,0.5674294206254897,0.5672953683358022,0.0,0.0
IH8_zFDyFDA2RXwUX2CC0w,-YC81xKbSenKaCrtFZpRfQ,0.5710978870118274,0.5711034158708753,0.0,0.0
IHhg7wim1CZE7dTGCZ-lag,RXhvlDppMyw6vhTxQX5kSw,0.5879987527290672,0.5741605548412752,0.0,0.0
II1ZGMmA0BLGV-EmhPkrEA,HL36medghgieK8QCjnF1DA,0.586230909112406,0.5741327454676514,0.0,0.0
ILgCJSDgPhnPNT8oS5XH4w,MCLO8oPfEmpUlL0mzAiqgg,0.5757398246024394,0.5740985284769234,0.0,0.0
IMVCi-j2InXt_dJn5mnxEg,y_xJzKTkZN96V5hvXahX9A,0.5526587402297407,0.5526922048672684,0.0,0.0833333333333333
INnL20cBKWr-XFs8ROH2ww,MCONblFmdE6NdZWN-BoDpQ,0.4993515440415103,0.49951719250364573,0.0,0.0
IPYuu24deRJ3P5K498no4g,njdcYRIB9FqwMwAE_wJuVA,0.538702192670916,0.5387074011148111,0.0,0.0
IQw4uJsiSzLenDFVnM-DLg,YOZWP7qlFpHn9rodJSFWDw,0.5021952386187974,0.5021764805212946,0.0,0.0
IRJvFUVDEfS7YQJaiaV8zg,abyhAtKhZUh8w0VT3Rn_BA,0.5731802819781026,0.5731922557503506,0.25,0.0
ISi7EprwNSCBAsAGGdyq-g,i9_2zZZAhQwzFe1Pk3QnXw,0.5722523672357913,0.5722505607798823,0.0,0.25
ITmpZnJ6ltL-5iaRRSYaqw,BIOU7gSGgNJQSd72_qe6Tw,0.5874143156403773,0.5735985426845843,0.0,0.0
IVBh5jYrAQ363Wd6yMsDgw,mHmIoIGOfpidrS1fYQ9PbQ,0.4283700901834621,0.42834945314009143,0.0,0.0
IXyGZtmODsQZ2qfVzsd_eA,_Eu8C90eKnGj5LY3n4Z5Gg,0.586230909112406,0.5735429045848899,0.0,0.0
IYdG3pk8DgIcNHz4khph7Q,nwUFPclGP8sMNyjJXiSPZQ,0.5827300752093121,0.5735429045848899,0.0,0.0
IZ5hZD_helapxEPWUY29_g,fKP9ALt3WZ6WipB98eGIJg,0.5466957972892525,0.5467010119182096,0.0,0.0
IbndcMURguByburM72o3SA,ORlO0BQgrSIjABOJlGsXMQ,0.3608499128349107,0.3608146499978452,0.0135135135135135,0.0
Ibo4E5a_nf51egmeFR5Izg,Scd-rcsQCn60t1sHHFv-og,0.25181061899675744,0.2514081732979553,0.0,0.02
IcD4lXY6lT8zZPkGD9Flqg,dn7fj6iePzwnvyhtNmiTrg,0.567669581934631,0.5678091458035631,0.0,0.0
Igfj3Cxs3LXB9xB0GEe9YQ,oBXdVA8_gHq2ML2dkv6nhg,0.5778144094969194,0.5735150848368551,0.0,0.0
IhCbb8ou59_57j5xEKFz9g,H1bbYNKgk6JF9pKcBXyDXw,0.5696118528927412,0.5696620856317259,0.0,0.0
Iiybta6qLb25oakRiS9oLA,O2apTti9QMFHWkRPeo_JNg,0.5428754003637131,0.5428926016539212,0.0769230769230769,0.1428571428571428
Ij5cfoShFFmDWVPaSGitLQ,e4__1wpgPI3OfTLamW8L1A,0.5781779254269719,0.5734510546310381,0.0,0.0
IjZjDGRVXFbT22Om7zJlwg,2tsyQ6I1hjqAmRdnrTV94w,0.5748023497673941,0.5734371440474395,0.0,0.0
IjjUbIP7plAbNVV8o337xQ,AedSMCrVUMZkHgoOSTU4vw,0.5581061923214329,0.5580906741780592,0.125,0.0
IjtQu81tebi_pLWdubVBeA,by2wRASwOKpCZU9KtZ3MHA,0.3603760949537875,0.36032688089833476,0.0,0.0
IjulL_5PvUyJJyIHNQtu-w,ZPd6tNapV7y2AFh1RO2WBA,0.5853530518425839,0.5734258048726238,0.0,0.1666666666666666
IlJ34JsYt_A218sR8edxxQ,ttmO7eejS-ZkDMSnuVn4HA,0.5200534886463708,0.5200904380551233,0.0,0.0
IpCgkwUJ0UizDzvVCdnHow,Ir4-CFGZDfloJkUMax13Og,0.581207772370577,0.5734232333476503,0.0,0.0
IppdfayfahhTBhCt3RID3Q,yVBTwIJdbtScInZ7G8eDwg,0.5238178369183984,0.5238368598243366,0.0,0.0
Iq7LZi_MCUg8xAfboc_r7g,PCdSjDrU4K8rUzVoxqFyew,0.5694863725771798,0.5693943048834912,0.0,0.0
Is_6wfNjL4Qy2kw9u56jIw,kWHawNFXosP5KsQyM062Gw,0.39029358895523175,0.3902920651782748,0.0,0.0
Isaf9-x5hdXWX0cvboGTMA,BSKzmE_KCDGHPXQVR7N0PQ,0.5444210675034812,0.544419202793597,0.0,0.0
ItgkjSjo5rXmnBH3Vww_Xg,Q1-a1z67RdKHjTbIhHaW6A,0.3945642490536889,0.3945016992303915,0.0,0.0
IuJgOIBjBBVqG6lExeq3jw,M99ZH5s10gditCQZCJfCMQ,0.5797608849511762,0.5733927473116284,0.0,0.25
Iy5NjdEmvreKhE43k5nV1g,69vVnH6T6-uwcJK4bxfV7Q,0.5860984332894882,0.573353678106581,0.0,0.0
J179GmDalU-NgZ7nhRwBYQ,SLWYIXWq2hAJAErn_icdXw,0.37550786175272133,0.37556978579231287,0.0,0.0
J1gnPAaw-LoW6khm6P9UOg,XTsiutArkvTDr-BU5B_Itw,0.5879987527290672,0.573353678106581,0.0,0.0
J2Jl-zmU7bjKsc9JZ65c-Q,icGg8xgDJVufg-xptMrDGw,0.3203922358318253,0.32060226474483844,0.0186915887850467,0.0
J3v9wfVtxcQ2DZPXgE8ksA,s27GlS3WCN7b4dxTpainrg,0.5822763149952351,0.5732834446855836,0.0,0.0
J7TNypXgpjMFS7Rp3HXYuA,smRQA9crZ6SwUrLATMSVPg,0.5790184632173738,0.5732618177209201,0.0,0.0
JD4yd4N8HCDziaJKJXk2yA,yLriMqgy4CKmkajLPjtjJw,0.5875604480820151,0.5731922557503506,0.0,0.0
JG0MsBKH1blxSzOgg2HjQA,1NJTnfFfLYnt8-p3iUoGOg,0.5784545330434495,0.5730224263334236,0.0,0.0
JG98smIWipytmzzvo4lBTw,8MzlreHr5tUxXM_Maqm1eg,0.5608009105245348,0.5608078159918285,0.0,0.0
JJMMayeZruzAA_nKAYQTpA,ohIBOQgD3M5CohT4BGpJNQ,0.5387918890697379,0.538809638966995,0.0,0.0
JMlxN6__cSV60gu8LZ-fyw,EtWAtnK13mftCl3TgsWyJA,0.580620572779543,0.572763561144299,0.0,0.0
JMnK4PX12ygMSDe9pnL_KA,nWhAxQw3bAsvXg3Oe91okw,0.5735707238675224,0.572763561144299,0.0,0.0
JNHEadNYIm5eY_4lTjmISQ,mLF5l4rFV0JaD1xsB2IPng,0.515304562880518,0.5153125964398786,0.0285714285714285,0.0909090909090909
JRBfLvTRf8umVgq7ZSOm9Q,5h3uxYuoY40id-EByqQ3Xg,0.5733397667100897,0.5727583401973004,0.0,0.0
JSpgAY6fzCFU4F6_A-1rOg,cWS680GN3JNEyPb0jIIVQg,0.5249708614693739,0.5248843346928059,0.0,0.0
JUiwOZynj3Wid_spJoxUug,3w1bNySoemRzRVvh4k0spQ,0.5279338190527668,0.5278118860677578,0.0,0.0
JYlNxP4j7LX59o9gNaKnKg,pKccrz26dHNUcR5ShhoKJw,0.5871220045629146,0.5727357284297955,0.0,0.0
J_w5J7dgRpyB4GFiBJIDIg,mf7M1IxaoCRoM4-jJsyblQ,0.48850484328094806,0.4884916030044756,0.0294117647058823,0.05
JbI8R-Mjrn_kG7zBObj4vA,TrdQZxhfYui2IkOaq3bDdQ,0.424193169154367,0.4241995660700519,0.04,0.0163934426229508
JcoZFBA7S6X2SQEjfCKwpQ,P-N7lqZPSSCplkomm0P1cA,0.5687330880964864,0.5686409813298896,0.0,0.0
JeoIxdzt5E3QXT1KHXR2oA,nXG84STJU1y_AvevXABHuA,0.5298090273460326,0.5297994326568417,0.0,0.0769230769230769
JlxvJPucR0TygeXiIYtrBg,EoXPPhjf617rKvEtJ-gssw,0.5103950364026785,0.5105471414300219,0.0,0.0
Jn5nZ0b-cdBS2xHnF4msug,ulwns2OavT81v6zG-Sk6ng,0.5661672749447727,0.5661806925777713,0.0,0.0
Jn8bQ86NMVlCG3tY0YVLaw,fhoqmnw5sXzj91-7yBW0Kw,0.2637276102386383,0.2641062620351312,0.0095238095238095,0.0
JqvkVi-aiTjdfdp4wP8XIA,zjsZ6DROAotlcuWR7MQYzg,0.5763705289671609,0.5727134188876005,0.0,0.0
Jr5hwzjNwr-VD9pVWOFa7w,-qCCfmWdjCC16j2AQUtOzg,0.5857920485972304,0.5726855853435768,0.0,0.0
JrRs7f-6LVTDOwtYjZR6zg,3I3m2eT-UURdmr2PgYXtJA,0.5693245861052751,0.569323487324654,0.0,0.0
JreLMvu6O-Ul4elrFKDSnA,FSb8rGb71GbJt48E-t4w5Q,0.56087682274625,0.5608778500771692,0.0,0.0
Jt8hjWJzGM0m5r5xFd6OlQ,xcdT294axowe3Tj-04tHIA,0.5588692572655821,0.5587976112236531,0.0833333333333333,0.0
JtY9OkVp8lfdFVTahNjHdw,dvG_QJuIZIQv_6DiWjnh-g,0.33955142666631766,0.33976043648397575,0.1076923076923077,0.0163934426229508
JvUu_Iez6nKIv-1a6UnBww,DprebG7jJq7AHuZ4Qg_1xA,0.5463500053345404,0.5464320943798285,0.0,0.0
Jx57H8us3w9UNtNyS_D28Q,YTYK2xCNJviDtNkXvPx0Yg,0.5637193425071512,0.5637001852653749,0.0,0.0833333333333333
JyYT5phFLg3BESNL-WXf4Q,-0gRYq5UjMtZbELj0KHxzA,0.3590290327050877,0.35949063054880237,0.0,0.0166666666666666
K-jkw6HUZIGlBjOiYmvvsw,RdFgbrE_8sf6NImEMopaPQ,0.33682355848175605,0.3371526626140727,0.0,0.0
K-xbMAQYJKC5HlpvC0lnDg,7M4acncueqDznH9AwgPjeg,0.2401311680247896,0.2402715278673589,0.0095238095238095,0.0373134328358208
K1NdCTaJWK1ezkZpPyB7-A,m7DA8pzug_TcB3EBs1w_vg,0.5163660237191038,0.5163443264512547,0.0,0.0
K1h9s1n2679DxUM2cuMZXA,Qi3hCb03SwNwPj_geMRQXA,0.5312301044967184,0.5311734566019328,0.0,0.0
K2KJKuC1J4U5WS6Y-9ZWRw,BYKnHEpYaLaUJRREJitOfQ,0.5670691192699251,0.5670830807420734,0.0,0.0
K2Lr663S6apbfMY7b0WLXg,9E-niGRtxsbA0xiTHfsKIw,0.5734872646235859,0.5726674579229479,0.0,0.1666666666666666
K2kdQAsB70WxDQW-6z1Clg,9-ko2uX5p7h17KbpobOGaw,0.5663365388991459,0.5663651508003822,0.0,0.0
K3TITXVTmZcBJdWLeU0LeA,WXRZlGsdUjraCAcgtCyk4Q,0.5026174277103963,0.5026249539190158,0.0,0.0
K51bVqlGcpTMDK3-SDkBeQ,kZVkrF0Cy-xwfpO94g-ylw,0.45063810556903916,0.4506610219995706,0.0294117647058823,0.0
K6rN4W4ErLVItpH_nIZncg,ukQX8e7o-DDRglKdF9fk4g,0.4919558597912976,0.49195333827616594,0.0,0.0
K74RHoIbJG_kIi9RsxQQcw,9sOHuGGwb8uRVu7pANSWfg,0.17697436485516682,0.1767564304730268,0.0314960629921259,0.010204081632653
K7cmAUWUebwIyminFIHqIg,_qJqhR3q9TA3SB2BPY3PJw,0.48271756864265053,0.4827596566335799,0.0,0.0606060606060606
K8NZT_j5bCCYvByzXFLe-g,llSXs36PjWbDlyDcI4weAg,0.5699437648153703,0.5699652200945243,0.0,0.0
K9gaM9XdGqGWsQMdjpxFIQ,hr40aIHgfEGTuzhMxne3AA,0.5580681899927196,0.5580822155267194,0.0,0.0
KBNMK2rD7qrLUm0Mrwa_Hg,UlwE96tted02erwPHY16iw,0.5224795415708119,0.5224422976392578,0.0,0.0833333333333333
KBtJ98QUDu3LCESV33YxcA,LtPMiHSuC9Zvt7HxwXLShg,0.5757676065764421,0.5726438341646949,0.0,0.0
KBuoxDEsxLJvr2QctPRkLg,V39dhRv0sbTOkfRflzd4Uw,0.5386417130911758,0.5386305349883396,0.0,0.0
KDOChZhZt7AvV_QuxXMDrA,6rCL1hsSx2KEzq0oDfBcWA,0.5445687568041099,0.5445687568041099,0.0,0.0
KEIZyGFin1q2zcR9SIS_Ag,5iuNneK8vTYvYB9SmRWRnw,0.5471984940018907,0.5472875092699987,0.0,0.0
KGS2i9T0-WeNw5_dXSOoGQ,AgRp84lRUlo_DoT_kOawCA,0.5356671177546091,0.5355846283780968,0.0,0.0
KIjJP6D4u3aqRvb7e5w5nQ,xRbgH1yBAo6_NWBUlYtYEw,0.5868296320541715,0.5726299168750595,0.0,0.0
KIpghikMrBbxx75tx_ZJUw,MVLKOf25mj0MnqivWmdUwA,0.5736486583964592,0.5726020819509033,0.0,0.0
KJFBsKNGldwoWZJtt8XgkQ,Uc-2UziRQMTpV8UqOVOSrw,0.5169031399664202,0.5168114461950538,0.0294117647058823,0.0
KKWQ-OyBDSEVtPQGt3yxiQ,h-bXrwqcxFA5cz_ATTIQeA,0.5240279355815339,0.5241267245556172,0.0,0.0
KKjpJcDsgRGdNNhgUp5wYQ,fuMYz11sdGwFqckMu0BkGQ,0.4859677968594896,0.4857930730746669,0.0,0.0
KMBkUpq_7uGF20EmXQS1bQ,KgWwa6g40OK1lgXAktYo3w,0.5769038205499933,0.5725881643164246,0.0,0.0
KO8GkU3J9W18hMR5Jn7t7g,_pm435OrG6fEsSPRh4KE9A,0.5784545330434495,0.5725881643164246,0.0,0.0
KRp5xFDLs8JzuqEQgN0oUA,7KFWWjzHOSBl9HDVXkyusQ,0.5410987922572313,0.5411891234277392,0.0,0.0
KWKtIQ2-JvyVwYCc-PFHDA,SSYIVVD1qad7Sz6vgJAhpQ,0.5879987527290672,0.5725519348859364,0.0,0.0
KXVn1sHOBrLvARWYUhI-lg,ZepTeV70GKRBntGBIwev1g,0.586230909112406,0.5725519348859364,0.0,0.0
KXY-Ff8ji6FmVMEDw5Xc7Q,6qCs0NoA6mJpHKWX_3vQaQ,0.5807673941523405,0.5724962620034606,0.0,0.0
KZl-0F4hKwhKSLPmT-A6dw,rG0UTjvbmVVsh9-kGzeliQ,0.4012755592554369,0.4019396586049537,0.0161290322580645,0.0256410256410256
K_kRU8j8th6yBeLbI94pJQ,7x5A_GbTLveFhLHf7MbGXQ,0.580620572779543,0.5724605793209604,0.0,0.0
KaKoNWZGzYgI9RfubGJZBg,PzvTiZtyVm74RYc5FFq0Nw,0.5539423518750993,0.5539282999702222,0.0,0.0
KbrWEdC_jbn1lOLk-M3mHA,5EGhvgDt_E-JPl4EhQkOtg,0.5691543745004984,0.5691543745004984,0.0,0.0
Kg71HUigI1rnY3UMFiLx0w,EzkR89g7pIm12IldI5e6gQ,0.48257619729619833,0.4824647759977015,0.0204081632653061,0.0
KgT-7ufhMfSgboGenmIGBA,ikx5LMrD4MjdwWM0yTJzYA,0.4686721417924761,0.4687597645195564,0.0,0.0
Kgxmyd6epSRqTJGl8EtEwg,RtJC7xavgAxOITQyAlGCbQ,0.4069321607932882,0.4072317662705146,0.0,0.0
KhHSgq56m6lqmVwBezyqcw,gybl_Jycrn8X_CytA-9J8g,0.5501019672351415,0.5500744014162333,0.0,0.0
KhPuIle_oLlKhz5pRaUA0w,zLa1ItT12xW4gDmlHE0sIA,0.5834353528699814,0.5724545061364826,0.0,0.0
Ki-RQ-Q7dL6MScuUCCz5qw,KwJY9y6ss29PCkL52kRxzg,0.5385585087262733,0.5385947427787281,0.0,0.0
KiE0h68HGOO7ZXAqkMBdiw,5FxHK-Uj55d_kadHKeuYYw,0.4711997543465418,0.47119056103814666,0.0,0.0172413793103448
KiNB06Y8hcrIkTbF3XEexw,Tl60fwcMb0lzJb5-a7yguw,0.5843143869501808,0.5724191991974544,0.0,0.0
KmyzlQ4zhlTHw31fwxqo7Q,q3lJFu0b0VuJkbMKnb1F7Q,0.5777228021812126,0.5724191991974544,0.0,0.0
Kn5fJYNiEmzdOgcRgs73zw,ZgsIctKamHA8z3KTbTYOoQ,0.5629721252898447,0.5631462762525136,0.0,0.0
KpXLSMHoozqN8eWzpAUJmw,0PxMeIT6Tj1MH2jip5spMw,0.546321919295826,0.5462178316243649,0.0,0.0833333333333333
KsJP_BEXKQV9nvOmTbgbVQ,JX4tUpd09YFchLBuI43lGw,0.5786967397407276,0.5723723048296471,0.0,0.0
Kybc9ifWDfLGUt7QObEFVQ,D_JgJY5V54i0EYOdTHmWlg,0.18686093415201577,0.18650254554159004,0.0117647058823529,0.0
Kyzpu6B2laW6MYJFhRoPOQ,9t2qXG35tHfXVSXSQ37EXg,0.5764558167273657,0.572362596548174,0.0,0.0
L-UeDOl6WfJWdpWePuVvPA,3vTG6LQyr3obzfvrK1l1hA,0.5616342796446286,0.5617188376569517,0.0,0.0
L0A7KsCubmUscVet0pv8sg,_TEWOkqBWDtNigjujuPQfw,0.58476751204083,0.5723486769395475,0.0,0.0
L0sPQtAKX2V8HDCw5Yn9UA,X7TvrNg6jY1Q0JHJXjlQ2g,0.5326491743358083,0.5326606310372778,0.0,0.0
L3492THPX3WRpAKoPktqMg,2IbyhYMs-JpZTxPNQ2ICQw,0.551810324441069,0.5518077332836299,0.0,0.0
L4JFBsgfLZIL9SJ5uxXgJw,xhlzD6EnttQ9U02Y9YqQ9A,0.42544410543836286,0.42539663888398516,0.0384615384615384,0.02
L6912HNcx8iFWEyyN4cijg,WklNC4oBYyPqMb2ILfcV3w,0.5766094301756992,0.5723156150613008,0.0,0.0
L7wxpQOteDpED0zcn4hsHQ,svc-qbIhSu_gGPPrA3fbfw,0.491791660458925,0.49164207828427237,0.0,0.0
L8rhRyXtpq2nCE0il1KN_g,6195Y62RRPJrfz1T3oABbA,0.543675579487548,0.5435696400861755,0.0,0.0
L9CFXQbU79r6PK8Cy9aAgA,h_rcMQtglIiAs-Oc5d8Ozw,0.16409102290532562,0.16416037138408515,0.0505050505050505,0.0063694267515923
LA99Dl-b9r1nKIZ3gKC_og,GWajXz5cKulo-5A1wCKv8Q,0.5460906181710303,0.5460681131304036,0.0625,0.0
LAUvZGqjB6edmeD1RTX6fQ,NdLBRy61OGT78GTn690u5g,0.580620572779543,0.572306917426496,0.0,0.0
LDRCTgT9TR_71SWkSgEhGw,f8xDFhZTT2iB8dDZ5fFZmQ,0.581648021222373,0.572306917426496,0.0,0.0
LDlpHfx0qjIkoC6Hk9UU0Q,y1YYRnAHxWz88FZGSN5mYA,0.5865234067774421,0.5722949373500125,0.0,0.0
LFOiOxKTB0oDELEJ0yjBhw,hB3-7Yg-x_eXMypf5VxKuw,0.44324110301849534,0.4435931540008665,0.0,0.0
LJeJ29ZQVwai3IGsHkso8Q,hbef-jw35EGvzEC09MyJqQ,0.5662325700727121,0.5662030848536483,0.0,0.0
LJprLiLt2dSC_esTjZc88A,RV4PKQxkJjF7VrUfuZgwLA,0.5703871021533052,0.5703871021533052,0.0,0.0
LK58peZTR54sYsISrTo0cA,dVckWYwsJ8Fr0VcCMUVHyQ,0.5380967331236051,0.5381960906339586,0.0,0.0
LKARmHZQs4cF5_OtE196xw,Ze5WMI88GQGZCA0oOOqPbw,0.5495697602081207,0.5495261034828228,0.0,0.0
LL2Ys1b15RVy9LCv7amnSg,1SI-jPcGxag54hWZvafxIw,0.5456013092792588,0.5455999544861745,0.0,0.0
LM4Ah_JOjqpP9H2YLArokQ,VENBnW8AF4jYTBbekO8X2A,0.577800536445226,0.5722716074061478,0.0,0.0
LMm555z8BReDxgkpF_TEug,d9i5hq9hIjmp7RN2hsOTzQ,0.5757676065764421,0.5721871580617188,0.0,0.0
LOpRqDGLGOKk__bc2-JbBA,_kKI9PJkZSRs51niGByXZg,0.572362596548174,0.5721732370110418,0.0,0.0
LQgWohpJxMcsR-10QV2lgg,gvAOc8vwczgVscNj-NN6hw,0.5746806754850755,0.5721593158460879,0.0,0.0
LR40dPwDG7bVoIPQM9M78g,HvFHRwDDu36nBGSyEv81WQ,0.5825557879315287,0.5719763852554767,0.0,0.0
LTPDLhLysBVVzfDqG_ltKQ,LS0bgbX9fTTTOJe5wDZj-g,0.4182990032527677,0.4183531347771951,0.0,0.0
LVAn0nRWGFaitwtRh1Q3oQ,uShHLfwPhalzCPxh5VwgUQ,0.5809142012248409,0.5719763852554767,0.0,0.0
LWKQm2P7TlrdEYdsLo0uAA,rx1VeHzhyLdMSjdHqU5f2A,0.5730661482299836,0.5719615368669987,0.0,0.0
LX0J0POj4Ul2n474A-JbjQ,PN63nkTW7UBPeVTMZZ8blg,0.5862447035162607,0.5719294786408758,0.0,0.0
LZHiuorqSMLdTJoGCV-UIw,qS6aoTPVBLl4yN3AB8bfBw,0.5785851416197368,0.5717303589229195,0.0,0.0
L_4GDsQT0UXSMxDKdB7rQg,huIIVzj-e0oa2kN0B6-2-A,0.5710337653392675,0.5710616258897017,0.0,0.0
LaqJHvI5NCKYAFvh_G88_Q,eT_mk6n1sGovcZS_jT5-bw,0.5706547310472169,0.5707243968568109,0.0,0.0
Lcoa9IiF84n0OXdcMhyWug,uIUjRtUh8fsoczFL6ttWYQ,0.4996963748304135,0.49978473857546024,0.0,0.0277777777777777
LdKOAUDS7L8wj1ft3GnMmw,OaU7V5zZvddcmp8PKLQk6A,0.5702258970762467,0.5702039830236009,0.0,0.0
LdiNRhW7nBqHub1d3Q4cOw,1YBqzpRWXW_Vb5grCPGRvA,0.5565122101903869,0.5565103508009489,0.0,0.0
LgAuYz5cQe3zTxuteJ4VyQ,CJoO4HYD0tZRXlZqA04wmw,0.04487257270834293,0.044411463520900356,0.0028248587570621,0.0173611111111111
LhtZ0k_dNPWDzk-TlYwQwA,O3e9xgI92__6qK9a937LeQ,0.5643970187115503,0.5644379372903865,0.0,0.0
LiHdRXlcj0GDm_e97oiwKw,aROhaLh-dqtt-h6BG-gn2w,0.21512452943096455,0.21518557217064418,0.0,0.0071942446043165
LjXS6sgzY6-kX2WKPykx_A,UxtQd1lQ96W49oMaVVFunA,0.5060089733262468,0.5060813860767224,0.0,0.0
LnnWq5-4pTnBn96E3lQygw,cF3ncOTRBxk8QLF2vBX-7g,0.5777089283192937,0.5717025092313323,0.0,0.0
Loa01TIJDtjQ4_UomBpbQA,F7J-Kc3fR0vdjcpN9TYLJw,0.5004812596915693,0.5008782204957657,0.0,0.0
LopGlCZ1ANqrTf8BqL0OWQ,1Nvx5xo_cErlEqpubzocSg,0.5773730576871364,0.5716341971093338,0.0,0.0
LrZ5-YoLk-n6OsmE7NUskQ,35yoH8b__Uv8_QJxCAawLA,0.5590827999341081,0.5590949163573661,1.0,0.0
LrxBMhi7qvWrli0z6wRGJQ,i6D8QSgr82Yd5PqiUf3hXg,0.5731922557503506,0.5716105589600918,0.0,0.0
LsHyDO0k4O0mxgxcsQ5A8g,5RvGRnsQGVqh0FM6ij3GiA,0.4910541336417756,0.4909642870657198,0.05,0.05
LtlXh8nNVbo5vbCBHAGUgQ,cp2ZSHXibAxCHvJoPPyLag,0.4618905236003297,0.4620026194195775,0.0,0.0
LuPs7eFsixV6OIGwsNUZug,dv_AMvV9J-6qrke4BUQuEA,0.5536626236043537,0.5536475493093895,0.0,0.0
Luc4Zxqua--lv9SLErxuWA,SIyJZCEjcu8fCnQ7Hh5A2w,0.5229918939401231,0.5230256101579633,0.0,0.0
Lv1-Uwm4aY-cXjxjSJyksA,wjUlOsBLLnxpprgI-sSiDA,0.537869791699344,0.5378355469426228,0.0,0.0
LxhDTlTsNX3PhOiDuiic3g,Xy1mX8UQWMavQh_tMFjthQ,0.5824229735936436,0.5715827073157201,0.0,0.0
LzWvZFkxO-9tHfV0kX1EFQ,cyt2QmCjELEDn71j8aE8Ow,0.5641586154255952,0.5640780841259239,0.0,0.0
LzgxfMu24HbJbUi1cCk70Q,3xwv_lWddQZ2ms4I7uK53A,0.5817947419769214,0.5715334559867993,0.0,0.0
M-FcR2vxZHJ8l-M9882EXQ,CfxaspC1y3xfmL_AnA-7MQ,0.4416778397987114,0.44179564275278677,0.0,0.075
M-mSxEpERB0_Lk7J20WjPA,CBXly4YEShOzxA6524BE3Q,0.5819552836900136,0.5715334559867993,0.0,0.0
M0oI1SxhPqoX7V0YGumP1A,iPyVge5Y_rSK2Ok_DXWeDg,0.5458341837047681,0.5458431072256956,0.0,0.125
M1t2pqGZmSIygY4880a_lQ,54WR2MLumQhfHCKOB-eQKA,0.5854993991914269,0.5714768238620315,0.0,0.0
M3LZKA-tVFRJyPeKA3_2OA,uVXm-khx_kNEnhKLgn8jUg,0.5809142012248409,0.5714271926423642,0.0,0.0
M3el6wWmdwyr9XQEmnGXWA,OhxH_vLWKwSohst8h0G3hA,0.5112402713695724,0.5112393266585147,0.0,0.0
M5HQyQXVOuwT9lSMChKVdg,td_BI5T5qP01T5QfD4j3Sg,0.5700915564286145,0.5700781168180958,0.0,0.0
M5cSoV0agFcGTmm9EsUu6A,-xd2u9BsEOy-CVKopm4VWw,0.5801661713071582,0.5714071884621292,0.0,0.0
M5cX4IYSKpqcr9U7U2zuJA,8aEHSfVjOUC7XSJw3xwrqg,0.5723486769395475,0.571384861464106,0.0,0.0
M5eciMJjAiEmwI_TUWrU1w,fiEOkqKETWUyQ6OkeM_F_g,0.5580524869722459,0.5580248328842418,0.1666666666666666,0.0
M7VaEo-4B9hi4hMkwTQKAw,4qT8pELXdpJVqnLTsHyDeA,0.563493341339392,0.5634974437545984,0.0,0.0
M7j6McAe_k1KQyJ_mCuAUQ,ts28to44UDqPxIKIlt68yQ,0.5589624746235767,0.558796582854318,0.0,0.0
M7qv_LrFhOb-OIl0ma4DSw,OQBgwnIHY7vOrbjft8RM8w,0.5540507454817283,0.554044050857093,0.0833333333333333,0.0
M86tXb_fj7jQEciKEE3cbg,wuAMhHbHPs1Rm2SOY4kWCA,0.5769038205499933,0.571259508989448,0.0,0.0
M8Y9fLh41CLMf9tZBUTaFQ,bjft5Kd54h16JtuoFoPdhQ,0.5186987970816339,0.5187697839779702,0.0,0.0
M8Zxy5yP2XPXdeiGW3lUrA,ZUwdkXBcXAxNnz0sQnw34A,0.583742242068113,0.5711953933372267,0.0,0.0
M8jDdmyOu0HgAJ1iH14yfA,GH1csLX8t8VXHhjQE5KpIw,0.5751366662548784,0.5711396761132919,0.0,0.0
MA5y-O4HDU1e8H_9ghcVwg,b0PRhOHyCi4AjQAMfWnjjQ,0.4444270768063583,0.44453987429078823,0.0232558139534883,0.0185185185185185
MBpZOSw02ZmA7C9LkfLYSw,TQloD2_k3J67Q1J_picgfw,0.4881397172129689,0.4880809261711883,0.037037037037037,0.0
MCNO7rSHfFj4tllpFkMwSA,eaKqicXSSjHstoGm6FQ_NQ,0.5401917626167924,0.5401863435855712,0.0,0.0769230769230769
MDavek3zTU_ywK0hDbf_RA,dq-02omJz_ufg1F-BME0kg,0.5346412189610373,0.534614643518944,0.0,0.0
MHEbn9ASZzsFrgwlttNyrw,3eJlEkRmcJODPMOp-cJkcA,0.5162075046775294,0.5162552889929662,0.0,0.0714285714285714
MK83TvLeXUkyQwAzO4Mpdw,f2A0fFtAuSnx9cSrazyzcQ,0.5748697498111918,0.5711396761132919,0.0,0.0
MKnde7vpyigJIn76p-85cw,enfQ1SHv5PpO_Pq8BvtCRg,0.5856457314510642,0.571125746525484,0.0,0.0
MLNZIwvYb7MiVkSm0lFFhA,lZym8zAzq0lWbQYaLVuBlw,0.5333955621115288,0.5333955621115288,0.0,0.0
MNTak2VqYlxifS1i7FjHcQ,s5J4_ZJpBqsPYuq8ddZkOw,0.5853530518425839,0.5711118168249889,0.0,0.0
MNnCUYhi8JGEF7isbLXAFg,1Bby_pb1ZBojRRcslDk1gA,0.41356995375491873,0.41358887348722584,0.0,0.0
MPTi75aYZzjuKXB8e9jvBQ,d6PFud28NVgYtrgOs9vkfQ,0.5806067250095505,0.5710894859897759,0.0,0.0
MRV9lLRXThjcRYEAmUl9Lg,D7SxS4qCle_Nsv_ataoM1g,0.5256944487769128,0.5256665622056421,0.0434782608695652,0.0
MSnWYdS0w5m9JLcr1wHO4w,KHmgjAWfrj3MZKGY1aArFA,0.4742449907721325,0.47425542575139434,0.0384615384615384,0.0
MTm2ttAKyfkn2c55PySsPA,EMp87GsYkVdwHftE7Ar2_w,0.4991219242348014,0.4991644712189618,0.0769230769230769,0.0
MU6oyNoZoYZJtEZvsrnwOQ,GOSVLhjUT6TnrPhkkmDOpw,0.2848450612933818,0.2847561737234154,0.0408163265306122,0.018348623853211
MUBk0fgk0ViHwEiNnRitWA,30vbjnJEGGpTisVOVU2tBg,0.5051663875960597,0.5052226256368193,0.0,0.0
MUOCeTGhL5llXe8GAuqOMA,j7z0VfA0BjEG6dIVNprH9Q,0.4552241990187581,0.4551516469416104,0.0,0.0
MUQDp-1rzSN3lCjUycNLug,lAB_RLlu9Xwo1jZ77c4Wsw,0.5660689431530028,0.5660689431530028,0.0,0.0
MVke1hgAyoGfEAfDop_2qw,HTFSwE6jGnpbIrmLPH1mfA,0.5803268872314938,0.571069350887012,0.0,0.0
MWWtxj3R0WGqPzZg1uFmQA,wF7TFhN7iupGSMZA0Se6Bg,0.42215458642851245,0.42230286170662396,0.0256410256410256,0.0
MYVWCT18urcDDPl7nJ5cFg,Pxeb0heJO93VEaU9PpoTmw,0.5413699959813494,0.5413482919971999,0.0,0.0
M_jzsQWIZIZF9LmO_cmaTA,c97s-dquA9D56fYAwA-ngg,0.5723067752772396,0.5709919736695621,0.0,0.0
Ma9FrtHwHi6KgtwEbQyXTA,U6RX5K67l95kXzAnkmPesA,0.5484935901125539,0.5484251948103446,0.0,0.0
McE_Yj6-dfRmh3RR3hfVsg,KfBpr_NoldM9w0CugY32ow,0.5357569761837387,0.5357888063133757,0.0,0.0
MdAO6bEVCYmAjw2IaGJ5RA,UqYTMszykplowYci8YF_Lg,0.4475061784877707,0.4474807756542017,0.0,0.0256410256410256
Mej-T3IEAZHw5hdpWUut0g,IZ8MvaGP3O6h7VnpPBhkJQ,0.5797393456151811,0.5709780428879971,0.0,0.0
Mfss88nOCGdyHkZZCfXNBw,h9c5p5JwhdbMFGTFDvozag,0.531259987273803,0.5313392464797757,0.0,0.0
MgoBAUgSv6UM6RNhwyV-MA,54sOo41hxch8D3bRCUVdoQ,0.5327965764745877,0.5327824202788086,0.0,0.0
MhY13kxJHfnigrA2S5j6Rg,zhdJZc19FDnARtn_r9WDjA,0.5688809810512968,0.5689303437265785,0.0,0.0
Mhg8jHWHgX8unab5u9hmvQ,0VPTpRg_99ZoQyYuf4sntg,0.5749893160189299,0.5709490832287337,0.0,0.1666666666666666
MiHEBc2XAZ0c39WAul-XBA,gCINi30rKixICJXHD6olww,0.5764899840416183,0.5709216424188454,0.0,0.0
MjXZmK9YKOIjKg1GIse51g,1pwtjoNAoi7kIXqf1Z-AXg,0.5692185651727478,0.56922608453542,0.0,0.0
MjZQqZAmJeMco_Vq-Y9h-g,P4XXOAvrAnHXd0tUWO8-fg,0.5099309098163777,0.5096359594688809,0.0588235294117647,0.0
MkMTxMvbCPb4wehmDK05IQ,gRSMrEF92ZsC2MBlUr3iOA,0.5437870940388427,0.5438350149998322,0.0714285714285714,0.0
MlDgcQAyr4wLZkS39Z-3CA,6F8BtCbhjXjvXTcdDQ968Q,0.5766675299072772,0.5709139167601338,0.0,0.0
MlLct82m1l2RxwC_i_D4jw,XjST6nGKZ7K_Sb6wKfCPDw,0.5196142787922736,0.5195327090131021,0.0,0.0
Mm2ezriGaCboSy3FuX-WmQ,VRf2SIY2glP1YZHHuEM5xg,0.5471803781916769,0.5469647710117685,0.0,0.0
Mq9gCgsWS6-_1HMUH7iiXw,yPt6y_CWuYiztCYE9UBcxA,0.533392968927481,0.5333793344502968,0.0,0.0588235294117647
MqBtykhqU_4GgqgNjz079A,cCWoPtjDvx2SvwjYw5YAkg,0.5837284234746911,0.5709139167601338,0.0,0.0
MqdCs22Lym96IRmt9ivKyQ,W7IXC4Bq5jXOQVV6Cu1OSA,0.5746806754850755,0.5708957704963876,0.0,0.0
MrMMI9ZFYQy6r_g6TC4UrQ,0U9lMTfd1wtf2fkLOTaPyw,0.5860846374521405,0.5705307639801642,0.0,0.0
MrTwkXSBjYSsX8U8OgnWhw,yZs3y-RGYYysNVgDZ4I-Fg,0.581648021222373,0.5705209217538574,0.0,0.0
MsjeqVij6usbF8lSARj4pw,Ih6pTTWLdFwzG1zhRCuAVA,0.5711118168249889,0.5705069871817438,0.0,0.0
Mt85lqOEbMxKiokcnvI30g,mRZ9QFaMTbUOhdrzrYQ8fg,0.5535954065131047,0.5535825525608213,0.0,0.0
Mu-ZNo2q_48Z0JAvzgkgfA,Bx99-hT49G87I9S1V_6ikQ,0.5280265011283822,0.5282485353703563,0.0,0.0
My63Hd5kYboH73VNS09YFg,3zWNxtRhyR4rLPfXyQgSyw,0.5735150848368551,0.5704085519857924,0.0,0.0
N00XVr8qnUl5DSdTecFJ0w,0lKJ_pClGH_ribos6kPeGw,0.5784165529079319,0.5703752662459451,0.0,0.1666666666666666
N2ul6gWK3RU07qE5eFp2Iw,fHa15mzKSuq9Z6gd-m3kAg,0.5252422158972113,0.5252218698689564,0.0,0.0
N3wKFf3q6vJi0g5g0Y1ICw,Idfc5jjr9hGTtGts1KYIYQ,0.5533619047234833,0.5533847513002694,0.0,0.0
N4xmF_96VDb2bRPpBu_O9w,FXt9SIJT-1JN3K8RRb0-5g,0.41377759522894186,0.4136517631145902,0.0,0.0
N6tFfU1jGAy4AqO3FD174w,txPjpADdwFJ7fExRLgw0eQ,0.5857920485972304,0.5703736648192443,0.0,0.0
N7jHHDEUtww0YHgNLWcOMw,Wvkf6PHy9pL3MROt2coxhA,0.5478067537464508,0.5478201941648484,0.0,0.0
N7wYxm84QtcqTJZfGWpxzw,RpY32D_zRYFQPYHlrkDi9Q,0.5476964622133518,0.547777931944921,0.1428571428571428,0.0
N8NB7lMryKMMf6SJUvzYVQ,RX3gzXCiKOe2vI7zyB20mg,0.4875815323884708,0.4873933599780463,0.0,0.0
N9g4lGJbzQzJCUf6AF7d7Q,EPiFB9rj-RXf8VHdpVV67A,0.5602136565460172,0.5601377394597564,0.0,0.0
NBkrB_4GW4YYhopBhMtceA,DuBmz6aUgECGvIZm1ZOsag,0.5457935977159021,0.5457778070410882,0.0,0.0
NFE6ThbmVlRmX7uzJ3wJ0A,RGMPK0znWtlP6Sr9yHntsA,0.5751227699135737,0.5703731665089502,0.0,0.0
NFcG56jaGXhWxP4K1KaENQ,MCxXobDMaNDCp4lwzUIlNw,0.5136784394579312,0.5137237546639969,0.0,0.0
NHdLFG6BdE8ddddML0nyHA,ovXCLLeR56KBxAMyEdM15w,0.5316192971982506,0.5316111742528742,0.037037037037037,0.0
NHpBHlHYekPKsWxw-AOzCg,DqMK22MKFgpUfmgzMH3G5A,0.5664853051500955,0.5663930843241863,0.0,0.0
NHz8uMabvQ2nXk6CddCK4w,G1MXujpA5g9QU0Cn1N9RqA,0.55293575807011,0.5529909582360873,0.0,0.1428571428571428
NIlAb8xuqKyvvqV9mwK6Hg,EbUHcdCkaIDRUh-rgDerbw,0.58476751204083,0.5703517526241098,0.0,0.2
NJg2ookzRGD2Ej-VNpuY-w,OI_A8VRmMVxIq_ZeNaLVeg,0.544396590869,0.5444261322589315,0.0,0.0
NJsbhSaByhVvpD2986g5bA,TzgPHuqYMaU2hafYkJDRgQ,0.5651475270762171,0.5651940134718426,0.0,0.0
NK9Lcz3LWLBGf42LH38qwQ,u-LC1VfzdpBHDNYr2H-Gxw,0.5874143156403773,0.570350826147522,0.0,0.0
NKnwvuJygWPC42qycr6Hwg,JtLgjIFEPqw38jTqn1H00Q,0.41230140348671296,0.412432578655821,0.0606060606060606,0.0363636363636363
NN67GbhgQioOwA9vN7aHug,PQEtMZD-dKNuiYIW2Pbpxg,0.5852204938190975,0.570325530376816,0.0,0.0
NOeEa5aJpUF38qxi2Bj5Gg,70kwtAF7XEtP2WZkOn34fA,0.39427429264134883,0.3941683527682808,0.0454545454545454,0.0
NQQHTCDbvJ3yCHIc0eki0w,D215IzO-XoSxNFhKDEv2RQ,0.5850741177821586,0.5703090180090717,0.0,0.0
NQbGOi0OUWt_-ra_nles0g,RPx5kihFmtHgHRSPsPVC8Q,0.5504677830299046,0.5504792678035509,0.0,0.0
NS39nXJ6OFgZQVzzgBaHfQ,6O2dPoOJI-TDWPdw4rG09Q,0.5738100364833199,0.5702672088676082,0.0,0.0
NUzUOzkNS1mTJavkVVcdVg,2rnDTrLx9yiWnfDX2P3EFg,0.5755786367549941,0.5701891193527776,0.0,0.0
NVd1jVceqef5u7ZW1aKKyg,96U1zRixy6c4vzmXAxbhHw,0.5312952923772772,0.5313680389706527,0.0,0.0
NZAvylBiyMPsZfT0r-fD7w,JPmd9szvz_YI8_LtcwixFw,0.5767566321755636,0.5701612447875876,0.0,0.0
NZL6CxqSzc4BThjhx21nJQ,X85AplVLxxc7LRlM7QmwuA,0.5502737582463382,0.5504215544014877,0.0,0.1111111111111111
N_VbYQo9tDf6sXG5hfVV7g,amdnUjtJG0XwaLuzvwvMcg,0.5843281999434171,0.5700776184233899,0.0,0.0
N_lp4iuSfrJchn8wL51BKA,pJguU0TyaIcrqIxp30d_kA,0.574457961234342,0.5700776184233899,0.0,0.0
NbOWECn3ilz4gWL6dm5P6g,_Q3XmBesceFqn9Dk-w6tlA,0.277068066572753,0.276632578838153,0.0136986301369863,0.0151515151515151
Nco5LfpnfjWkE2XoEexF-A,Jk7abQBp7BTOt7c5F88Jwg,0.5555887550562368,0.5556172362279115,0.0,0.0
NeY1bH6IKJxnn4YAixibsQ,ZNB73mij2iG0wfbXBazQdw,0.360355535554854,0.3605983737876597,0.0,0.015625
NfyMmdhkwSPjhFrckLbj-w,iy-7QUn6s5xGXf1vOmcxDA,0.578563585826862,0.5700692124615153,0.0,0.0
NhRecETfR6m5yM-iGFlqOQ,5iWGiyNiiiRGvPah8mJJaw,0.5636836130716362,0.5636836130716362,0.0,0.0
Nj3tEe9UtEa7SyGunl7Y6g,XZPL988dC2lRVAfFcuH7Xw,0.5836095354016249,0.5700636803070714,0.0,0.0
Njv2-eMDyGEWEPEOVonwsA,MTB9CelShC-x4jj31BJYAg,0.20393484547881677,0.20392238166059515,0.0057803468208092,0.0
NlU_lOXB20c5dSC1QV4U4A,0vU_OcoHU_hcEfNTpDyOvA,0.5757195326518794,0.5699855816961936,0.0,0.0
NmJX_LZ7ShIZqspI31RVZA,k0AO8X3VzWe_F4lkMb0eSg,0.2760580510527084,0.27460335532074603,0.0,0.0198019801980198
NnA2n0gbI0YBFKZR53Ad7g,hoKAUu79tANdM2AGGLAFxQ,0.5817947419769214,0.5698614435003255,0.0,0.0
NpWGrKnmm44CzpZ1Wi1bLQ,Byo1q14KR5oBRep1MJLHXA,0.5826885902939507,0.5698377811408332,0.0,0.0
NqE7vN3VT_AphP0cIAatYA,aUyOBYQW20UiAVGeCdEwGg,0.4759536625484552,0.47595479984478867,0.0,0.0
NvmCO5xNbN41IRN5mxXUEg,dJINO-g_RfwsJcuj9uumdA,0.3013211094404519,0.3013016066550976,0.0097087378640776,0.0147058823529411
Nx58HlMTrezf5wlCLbvSig,aF5m1YyHVh_sFoCgPVZT5g,0.5099678271764723,0.5095518255442434,0.25,0.0476190476190476
NxCSxeL-OG2WHYtaB8lKUQ,C2fsU9M6qqmo1rPShY4Oxg,0.5423584507780259,0.5423443354422703,0.0,0.0
NyV_2EGhs-YHYYVmZRYmOQ,bFEqY3r6D049AudUmBAoOw,0.5693390286851403,0.5693385300808976,0.0,0.0
O0YIl4pLXiBwpk5y7vFqMg,IVfXcPEwLbZFL3B-2U0Btg,0.4854226797877944,0.4854049880937729,0.0,0.0
O0kQGkmlllaN7oU6sQyzPA,zkUGrri25CXfZc4OS2BtPg,0.5559976550847908,0.5558869020536628,0.0,0.0
O1Q_VOE-Tl2TJhM_Mi_eMA,OAbrYeHibZHdv3ch8nOrbw,0.5815012860201003,0.5697178501997112,0.0,0.0
O6RCCmz8-x4NhWJpI8KQug,MoeWs-0GVW-TJSkGRds5MQ,0.37956524356559346,0.3796213693201643,0.0,0.0
O6fpSQsG6waSug3tccobew,USskWtGN3NmR3CRRaMX5IA,0.3703218738157118,0.3702535466571224,0.0,0.034090909090909
O76kDVYNag6w7VJVd69m3A,1lYgczPofVzbRqBT4XdLZQ,0.5673729071180145,0.567267947708537,0.0,0.0
O8BC6z_CCz5mAagYZT9aAw,jgN86blLZPSuBh4ZeVeqMQ,0.5731922557503506,0.5696620856317259,0.0,0.0
O8dpGAUDpHI1ObEuXNf4OQ,45RduxnVKS8kB1sU_p2mUQ,0.5631757974628337,0.5631966849380655,0.0,0.0
O8xd0PQZfwHIIZhNRmZ_5A,GqE-dUBnMmvJz_3REK6Ykw,0.4999675247339617,0.4999324265887543,0.0769230769230769,0.0
OA3_7cJ1vMWvwdc-Yf83BA,CZgqojhoil3y1qc3UEy_AA,0.5768260421029101,0.5693739364365212,0.0,0.0
OAJvfcLmDhaS2HHs9vxtqg,rmvEN4p8to8hx7o7lo8Xlg,0.4987715206677712,0.49875899002438956,0.0,0.0
OAT5j2W8F5ypj0eDGH22Xg,5dYfXNP5bB45B350bC4b3g,0.5859383506056707,0.5693171035661866,0.0,0.0
OCuodVY_jdUINB8KADuJqg,b7ao5G03_c_8YAueJW7pXA,0.5798230240177027,0.569260399276388,0.3333333333333333,0.0
OEEzmw7fNGU70M1vmiw_OQ,6jNFUIKiCCKnLCpGJpkyrg,0.5602332287291819,0.5603482024760501,0.0,0.0
OFObWXTZlVBLaDZdl2ov-A,5Ubo-2HLRnCCo8Pnq-v-cQ,0.5801938747774886,0.5692046202519349,0.0,0.0
OGWTzjVTIy5Jf3ndPO1STw,eJYvM2Zy5BloOYGldWmAVw,0.46085315381522457,0.4609368416337787,0.0,0.0227272727272727
OHIEmhBx2SezWLaHPUljdA,WOx0k6t0Y0zSYGsuPxIWww,0.461343720371401,0.4613452186836898,0.0571428571428571,0.0
OI_dtFY0ZiUG5ryHPwucKg,OOna4RpWG0AJghKOuVca1A,0.5807950866158683,0.5692046202519349,0.0,0.0
OJQ-LAvYrCmGlmN3d99fMg,xJly7BzeX92hyQ0IMkEQ_A,0.5730447317694589,0.5692046202519349,0.0,0.0
OKmwUmfWO3e3ZpfzhpOE_g,mfTE6x39X0vjNhy8mBwp0A,0.5666752756114034,0.5666613110374948,0.0,0.0
OLrLFtCoacBjTjFGG65ckw,rPBO4EMvyPaXc8XKaBlu-w,0.5813545363946495,0.5690782202903262,0.0,0.0
OMIG0o6Jy8mppFO8ry5u0Q,hP0TIqhqjWPyJtSd--nJtQ,0.5766094301756992,0.5690567542170032,0.0,0.0
OMrnDIpzSflcVUm6uJrukA,KVamI4hQmsT-r91PmCPh6w,0.5666613110374948,0.5666473463577069,0.0,0.0
OOVUIzwsMR_251wOpDC1Sg,ZekJUkrI9XqSx6fZ7Izzbw,0.5370841442273617,0.5370959027678268,0.0,0.0
OPQWnVzSu70iE26LOaZiJw,3KYD10PwNu_gvtcWXWkZNA,0.2132802343038195,0.21311559937430585,0.0063291139240506,0.0178571428571428
OPhWuFj83RDS9O1qU21X8Q,DEULqPtQ5cbGyvc0yfZudQ,0.5751227699135737,0.5690213779336638,0.0,0.0
OUvtfVGqDo8ZfD_eDVTALA,nkqjHy8jqKkxBhmBB_-Dyw,0.3382015558215326,0.3385644182791971,0.0,0.0
OV2gDDTGX7ObyK6X1zrD7w,XBhY2uL9rijmAr21bK7cRQ,0.5556612654997454,0.5556508919708736,0.0,0.0
OVmUVXuW7JS_NelnCxHw_Q,wCWtAobVuZ0N7XJTb1ugGA,0.5859383506056707,0.5686270318812692,0.0,0.0
OZEo4EnJ2KDR0Tj0YnH2Zw,uKnoHpDQTQZiqsOldeMx7Q,0.5856457314510642,0.5684512163617303,0.0,0.0
O_V9eD3bne7DrZtNHT4Tfg,rccTGDEgn7kwc9-KLx2Trg,0.5810748375655816,0.5683451434393962,0.0,0.0
OazW8HaMRQjo2bDEwl-WiQ,8o3w3Tu368WTFz45rMLvYQ,0.5596053092455038,0.5595797981598162,0.0,0.0
Od7ky707Ei3nizTxCmscnA,UmJVrd7hupfRJTFvMBX7BQ,0.5327001819605829,0.5327274239160149,0.0,0.0909090909090909
OeO23GTZxF5tRnOXsYxCNA,NKZl502pYc-l3DT32aoX7w,0.47670412565973364,0.47671409114409186,0.0,0.0
OetKsgbBp_slqg2VIKzxxg,EkYGO5eZJ9litEaBEx6w9w,0.5636332170406101,0.5635653880066095,0.0,0.0
OevKyf31TBJkGdKCarZiew,akDpsA4iPc6_0pHbDWFyYQ,0.5696794298575909,0.5683172398248356,0.4,0.0
Og0H5yYQoER94o8lxdHDLA,TnlbYrBYKN57gct0XiMIuw,0.5652079890494466,0.5650308208294524,0.0,0.0
Og32VlJ-InIa6y_O9cgR8Q,KOs2C0M-S6ipm8LJUhXLTA,0.5074266164311614,0.5074038297328155,0.0,0.0
Ogn9c0QudZBmfOSJF6aIdA,7SWXnS2odT-0EiMFXUgIcg,0.575220041808078,0.568141393936128,0.0,0.0
Oh_T694xSly6_5wNnqAliw,R-EoysIkhjXJrIUvEgYYLg,0.5745888888220533,0.5681050718886802,0.0,0.0
Oiwll1QEUAKhnvex5HePfQ,cpM1Ia8EozVN0Oovw4ALTQ,0.5657307738708177,0.5658844555086776,0.0,0.0
Oj4otn-Wfd-JLwh1dL0DbA,jNSUyV_W4te2qQHMwo9kSA,0.4648196646536133,0.46485519265970837,0.0,0.0
OjgZGDH-qJ92Enr2le7c-w,ykJ9zt1fJ1cOpxz5FkpVOQ,0.26057477411376845,0.26067496086848524,0.0,0.0054347826086956
OlDnxLaoi4J1hQJNzh3jkA,svMo6g8n3oyvSOIvROj5GA,0.5536387681229819,0.5536277249706976,0.0,0.0
OlKxBWQrutu0kcHq4-on6w,-9yzQQ0d_rcOD2CzdTNO_Q,0.557755683682775,0.557849336301535,0.0,0.0
OmvUk_FtthzFtRLfX2Cs0g,XeTD0c0EH4-XSFfvfArq0A,0.579913960839533,0.5680911182728834,0.0,0.0
OnR86SBjEMUg60cCyOxQ9w,Ttg0xnJpjDTlVDKC5iBbdA,0.5059934303772965,0.5061432254479344,0.0,0.0
Ops2BTk03uTYdGRqB9haGg,981Xj6Sey1CjyP6WQ70lzg,0.5299812238290335,0.5300534342620002,0.0,0.0
OqG88rqpX3PvIQK7XVgDug,GY0OfiGt04kur8WlviKacw,0.5417282634275312,0.5413162084640144,0.0,0.0
OsqIvGhSlyhl_eLuVmzHpQ,P3u-RmooNdeWOP6utecNLw,0.5381671356895146,0.5382832754518738,0.0434782608695652,0.0
OtIjTZZmMZwOyITdGx6UMA,8UuBoJmuIf29LqM-zm3Qdg,0.5447225675749493,0.5446815895152551,0.0,0.0
Otj1O5NM_-RefDjbPkRzYQ,W5Xn1-IYuMf_0ZimpRs_LA,0.5133737758873903,0.5132973262567522,0.0,0.0
Ov8-eg1-2S9a1PpuYRVLTQ,F-L_qhgCWukNYwjck9vwzw,0.5822486500004282,0.5679420932369311,0.0,0.25
OvLTP11dUnsE3UrfJwUe6g,52pgQaYBZx8axZK4mPn0Ow,0.5357773798887574,0.5358114811805658,0.0666666666666666,0.0
OwSQF9WCbQf1Kvk0HzmEcg,cACFFkkizy5b56xWdGbLAQ,0.5600286143627422,0.5600791017668809,0.0,0.0
Ox6MY2s1Nur-yDCVpKcmDQ,PXWBDGzI4hvZzZzD7Fezpw,0.5857920485972304,0.5678510128663339,0.0,0.0
OyiXfvA4VY6zpK3itsAmjA,vxL059Pde-q3XgU9Fqv6Vg,0.5844608406489441,0.5672534884653226,0.0,0.0
P-1Z19YDcmwpwEazmhJOvw,pYyShHmDznH4b67OTuMmWA,0.5502089752893244,0.5500034431758724,0.0,0.0
P0XD2z0VYEW6VnC7wIPPMw,RvidXO1i2keYPsmZE41NBw,0.5612953327693468,0.5612588795779432,0.0,0.0
P0fHDZn2pReUu7BdMxNuyw,I7SkoqN88fpKagzKA059Fw,0.06994863285195208,0.06978138925024714,0.0,0.0196078431372549
P0ldsyfDWNcWnGSq8w2jFQ,F6L-QB98RXDfNynYuUIYKw,0.5760140868066533,0.5672395282948967,0.2,0.0
P2hXKZohTtKkLir8SVBbYQ,UmrZshqaASb4yA_LjS9D0g,0.5743997820616998,0.5669071152336556,0.0,0.0
P3qii5-Hch2tDd1e59znXQ,ttBk7z_0A_RFTawj5qWIpQ,0.5098766227432051,0.5094591963988058,0.0454545454545454,0.0
P45CIS48xeQjXwWkjoVoGg,noRCd744AD5cAT0nuq5Aaw,0.5840214348997872,0.5668083491416734,0.0,0.0
P5VhiFjSfJLoZoxef9x4IA,Bl8DF47-weywnngmNbTvzw,0.585206689428811,0.5667954097574163,0.0,0.0
P6iHMvttUL4HJ0fXbb_gow,R_8S3Iuhpzoi3nM-xq3kcw,0.39541334023397995,0.3960956290158107,0.0,0.0612244897959183
PBs6XgKSvSbio3wj8C-dAQ,iQ_JNYzwvhSsToR4EHl4cA,0.5064122482732497,0.506400013437733,0.0277777777777777,0.0
PCmoZ6i5fXLKti6SmykDNg,i8u6G-4FdqejdKp6hDUhow,0.5263609117580859,0.5264062075322313,0.0,0.0
PDdUfkGAsNLUkgHaJg3tVw,TiisuaP4gaBbIKeJ1LVCmw,0.5854993991914269,0.5667954097574163,0.0,0.0
PE5-eg3xvGDoCN1Ikh2rGA,8dsMAUIA8Xk-2B0qrDHSnw,0.5647344022026898,0.5647029091585994,0.0,0.0
PGCWN8JYSFoNAOqIFwTJUA,p076WpKLPb0IDlo-6c39GQ,0.4499252650958357,0.4499566607694188,0.0,0.0689655172413793
PGd06nrseC2YAIqP6S9gUA,qQO7ErS_RAN4Vs1uX0L55Q,2.7682228050897545e-07,2.6554840060345265e-07,0.0055147058823529,0.0044191919191919
PIedZfXVCr820lB1bTHlMw,XBFa8NAUrTqi_iea1moyiw,0.575088326806325,0.5667768910419152,0.1111111111111111,0.0
PKQ8u65he4JlUpUCS200cQ,JUamG9JZEHwFDJGXLrgIFg,0.5663372168548743,0.5663651508003822,0.0,0.0
PMH5bNPL81bdXboBv0Am5w,6LA1ttZl3vLl3YBg4IqZWw,0.5350996904309014,0.5350819407928727,0.1111111111111111,0.0
PNPREi-W9kVr37KWqD11rg,e2__bkb8kvgEuFHZO7iScw,0.5807673941523405,0.5667596113309845,0.0,0.0
PPjb-hFfmyE9uVj-zm5L8w,HR1l5-NNQdD3reR89aFguw,0.5803130367736227,0.5666109945063513,0.0,0.0
PRG-_3mhWa6r3pUFZVlSOQ,rBdmyvBm0JvnArhcHwg3mQ,0.5130461297241321,0.5130415916975974,0.0,0.0
PRsj49qMOyW9fbztKrRglg,ansXZRD996GrOrR3esP_eA,0.30233622882316685,0.30255923302644816,0.0116279069767441,0.037037037037037
PTn0hZz7BiP5T2muyoxrjQ,lI072WLVzEXV8Bh1rwmlhw,0.4607097411040209,0.46063490406039737,0.0,0.0
PUR8xK74Js5oAvsarFkHDA,kUjVqYw5nWiHe-1oNxOsuQ,0.4186966816609042,0.4188633909600935,0.0,0.0
PW5eZM5RAQEhy3wgovChhQ,FqSsVgbOxedTevshj0bfIQ,0.5486317556768016,0.5486817890024352,0.0,0.0
PYtMqV_xv_EAhDbnfREf7Q,1X1vMLF6VnEwOqOrPuWQNA,0.5796139662356216,0.5665830642783624,0.0,0.0
PZpp1Z3V8HLK9d4-qLMUgg,-Ze_1WxQmM_iDlc3kFZ8bg,0.5847537032718542,0.5661415156022586,0.0,0.0
P_-Vz6G55EQenifFwmiing,v_QABT3I_rG8swgkiEu3Jw,0.5598884854434608,0.5597819377393316,0.0,0.0
P_AK2eaSpBK6_LuHMlJv6w,D8NEBGvh1DVHbyEs2cWVAQ,0.500870989921673,0.5008892162245978,0.0,0.0
PcHhD-Xbs_nZ9TRrHzSTMQ,Hx7GFPYqTL6Ws11UJZZwBQ,0.581207772370577,0.5660744875828255,0.0,0.0
PdcU-86mAF2H1p1dN7m1kQ,xCFnaOepneUAace3dYgfqg,0.5758871065623588,0.5660689431530028,0.0,0.0
Pftp2bkQD91tiUnnPD0FYA,iMkk09jgIHrgAwnzStbk1Q,0.5613883787353021,0.5615418255953282,0.0,0.0
PjimxYZDCn6xYbcgCK9PqQ,TKTJZCIeYx2wGaxjLYnC6A,0.5813545363946495,0.5660175424842531,0.0,0.1111111111111111
PkM0FSK9WH_XpQEYtVsrRg,0jJf0DNHvYI0itdQSezsgg,0.5596818788262884,0.5596567979066841,0.0,0.0
PlnQ0xuzCNQZUiswBiXcIw,6bT5PaG9xC-V76O4dtDOrg,0.5254909351373841,0.5254634799984855,0.0,0.0
Plsx0pcqTVyt8ibKdhnzYQ,si6ydGbemo4qmljtLy3EEg,0.5553475376370922,0.5553615807210864,0.0,0.0
Pn5Suxh1K5Af4wn24Tqswg,OHFLSDbEZAP65Cl0lHfmqg,0.5771481502891904,0.5650234166366006,0.0,0.0
PnLZ1uKbRZkv6t72gSvCwQ,ElCZ_9z_1Sx_FtgJokbrqQ,0.5323518717010918,0.5323968479276177,0.0,0.0
PnLhRzyTRCd2gHSmukcy7w,xBmLaYKPIzUnrdEpg5BLYw,0.5214633089123502,0.5213782909680973,0.0,0.0588235294117647
PpL37OYAdmBxpmJoNNJQUQ,HxdaEwpoXKll0Ze4nhS0XA,0.46695406013172247,0.4669990728546427,0.0,0.0
Ppmdzznk7jR8YRyei79_Xg,ZJXc_MYDaoNr2n4uRgfzhg,0.5770648749270704,0.5650197657738625,0.0,0.3333333333333333
PqqTZ8ZY54s6nCzQhN7Agw,2kyczXOKMGqcDdval--KJw,0.5647743289300738,0.5648192997664842,0.3333333333333333,0.0
Pr5TeLRBEc59FlRF_Rc7Vw,XN6IctwNyZOvmlXCkmettw,0.5126225348524127,0.5126497055192916,0.0,0.1
PrF1qZ9L9gQJKZkruB1dCg,umR6HgRVWYHcXzsxCQ92Ag,0.46126960467409983,0.4612516509759218,0.0,0.0
PrqnVokpplB1Lt-fkBILTg,D1fjLsZb7eDnE81XtYXMhg,0.2372032780377013,0.2368952367256534,0.0,0.0
PrsGeNU4XGdl2BEKTiQrQg,BhqDHM4nBjXYAaDTa5ykBQ,0.5868296320541715,0.5650038921111953,0.0,0.0
PvA1O9wk9YlrYkIZiuztXg,WZPCfTRiN4ipajP7gFfziA,0.5447041991248064,0.5446771575619875,0.0,0.0
PwKi85QvANOTcb2f5eHLzw,DnNpi-NbFPXyJHikqxPjSA,0.5550033319478548,0.5549569742773721,0.0,0.0
Px-U9DtzGY3sU6YvAt428Q,m2iS4YYmcq6pFpaGCtO-Iw,0.5863909585303217,0.5649115981885764,0.0,0.0
PxwdZDfO9AMFxUYjedhV3Q,pMK3BNK9Mk0jopvoVACwbA,0.5701473073381503,0.5648997265017247,0.0,0.0
PzreyErPlb73Zgt1oSZdcA,ppFCk9aQkM338Rgwpl2F5A,0.4515894152631497,0.45172559942106183,0.0,0.0
Q0R2NBaN9JmHW1w4sdFtww,AHVRAVhlfRp2UnrVNon3ag,0.5706034615300407,0.5648836425441716,0.0,0.0
Q1LaiKr2C-7avZuCXO-VWA,X80hD1JrBuyVnj3EZWhm9w,0.4592023900570586,0.4591980794725756,0.0,0.0
Q1jnPDnpmUc6U6U_-wbgAw,oUL_aYOsontAz-zJ7pUQ0g,0.5095207786129143,0.509405460944399,0.0,0.0
Q3ZVqlnrW0OQsakX-yLwvQ,Rq3Wjcg5ULV2yn-AwcmirA,0.581207772370577,0.5648556864871506,0.0,0.0
Q3_Z2oFu9D67QVB1uJTXyA,ZeSfX_NTmOm48hK3kQRxfg,0.5641099234646979,0.5640501162554951,0.0,0.0
Q5whIn3ifZy4jpwDkiRn2Q,n8KfQqY4U2j8iZ4cjq8dPQ,0.5827162470342814,0.5648511267312042,0.0,0.0909090909090909
Q9T9PKQZSs571tS0lQLoIg,pnBPGy8iiBVkyVab7SCCsg,0.5877065650934182,0.5644948867229327,0.0,0.0
QAB5tp1anXy-tJxtj6Pwsw,2JBon9dZPJLF8oKkxH7KCQ,0.5150913237259696,0.5150909675547589,0.0,0.0
QAZvQiR4c_wAlG9qrGJEQQ,F3GmlhW3dOkqsdEDFMSefw,0.5450504871947517,0.5450455745351159,0.0,0.0
QBvj3FvJbYJRa9xWb6DyQA,ovTOR6ci8a43WEWm_W7MMQ,0.3399979811538494,0.3398352458076166,0.0129870129870129,0.0109890109890109
QCKYU9YTxa0cLXXedYuxGA,GUapKeZz8THjpuS3urS16A,0.5863909585303217,0.5640436727081737,0.0,0.0
QD60OSYzQREO836FG_vplw,oyrz4wG_0cI2xStw8Ct22Q,0.5228783945448571,0.5229360622568089,0.0,0.1
QDIayj7bwqoH-rrBfbBZBA,gGf7dpWXL13f57CwTIvEkA,0.44182600937935035,0.4418427895911632,0.0,0.0
QDvQmizwCiFGf3y0Om9jyA,KOXS3nJm-e5E5MwQ6Pfrlg,0.5646366789718773,0.5640081636858553,0.0,0.0
QG_CEG2_kb-0af1O0HiADg,eHzPkFFmnWJC_YlkjJ4fhQ,0.5859521478742264,0.563980194797015,0.0,0.0
QJaB5FXOOhWjWI2f4Z4SDA,8Ho1ctSlanp9w_-dPmkFSA,0.5184794137214132,0.5184448761577795,0.0,0.0833333333333333
QM2R4q0SGdFcpQ8y7wTSiw,6_Zf2QsRHCH1RhbzA9inyw,0.41948862065161213,0.4195759877440093,0.0273972602739726,0.0
QN_zsAFypp7lCuK7Txr-eg,Vil6Ox7d0GXkKHIzztyUfA,0.5791377168371837,0.5639522255011113,0.0,0.0
QQUDUU_4bCu2BIeofxaY0Q,o8aFtFrZcWp-twnIgdqwyQ,0.5705214200218178,0.5639298065213164,0.0,0.0
QS6fgF1QGHC9lABq8S395w,1KsRngfDY9Tr5mGvOQaG9w,0.4530323948435088,0.4529759961300045,0.0,0.0
QSA-x2bb3kum9QLFpy7vUg,-xgWMTF_F8E85I_XImNEgg,0.5445893969118564,0.5446464401164042,0.0833333333333333,0.0
QZcLPdsNijgiqz-cds3efw,cbimTBHAiibDpq8O6mP4VQ,0.530552667529476,0.5305091244419656,0.0,0.0
QdzVXx4rzlEf_6ERBWEjmQ,iuTj4Se42VUto09Stkiq4A,0.5528694829939441,0.5528591804888737,0.0,0.0
Qe7PItqlut81ypED4uQpiw,Ptt6dN1N3_jbdeXmU0eGGg,0.5731142998771634,0.5638514461643058,0.0,0.0
QfO-suqu9rYaX0Bh2iJ4mA,VA3WTqU9b88Zgck34s-0sg,0.41262290403545837,0.41211827680178,0.0,0.0
QfntRgLd_fR0krYYZWbeLg,jqVyVd07PJnmOmEb0GOJtg,0.5410781670030401,0.5409929912703717,0.0,0.0
Qge2dkrXXhXFEk6E8jysNw,bzvxt0sP9OMwwks1vLSzKw,0.4256794700803052,0.4255459616054172,0.0,0.0
Qh4SE3580B-nnH3DwuAXOA,mlwJfMFNERB9cGgrB4Uppg,0.5609618877788718,0.5609981706691112,0.0,0.1666666666666666
QhFftZD6diXpF11A9U2ZdA,rlVL-Q-fActNnxip07Z1kw,0.3756600388103757,0.3757388288926882,0.0,0.0
QlgkDPk0aS19t8L4aKT2zw,hXfXTxPeiR8HBAtmsMPYzA,0.5460638504326075,0.546055348822004,0.0,0.0
QnFIWz-CgEVqQ8qhzFrl7A,imfSiNMesWjGTSX7xLDHXg,0.5657307738708177,0.5638133617342188,0.0,0.1
QnMTRCUEOgYBc3niKCfaUQ,H3CGcYrOufoF8gRDQYTMYA,0.5683730466201434,0.5635632804540587,0.0,0.0
QnVOsBJWKZ6nN79VbV6l2Q,s2F9H5wDvH3LJqBfThmflA,0.3904092435630655,0.3904520265843257,0.0,0.0
QoezRbYQncpRqyrLH6Iqjg,IdIOZSbnLRcN1dG5PDXDeA,0.11307913512482455,0.1135483576518962,0.0080645161290322,0.0
QpPc51mH86xyrRmnFijpTQ,9RmCMNxgGe7vX5MYF_TM4Q,0.5046196930758718,0.5046519791534487,0.0,0.0
QrsgwJ2YG73Ry3byIcABVw,NC2VO-5Y2lmINFSCK1ZOLw,0.5620908111112187,0.5619333544726289,0.0,0.0
Qt-yEn_BymopCRwkSJEW2g,JIvfg4W979rqqfGDRD4MXA,0.5745332840942609,0.5635213172884603,0.0,0.0
QwH__zx8N0TmF0r4o4yOuA,XBGXPRTzUTPdzBRmNCjOig,0.5653421925354994,0.5635213172884603,0.0,0.0
QwlwT9sJrf85RelP0frxcA,XYBSsBx31fUbzIuW4ro1PA,0.5366991095388888,0.536697069592251,0.0625,0.0
QwwNjAyC5I8inmb2lNYrAA,1C6IeR5K7vtEPCcb164svw,0.5499527286017951,0.5499386531275644,0.0,0.0
QwwljXNHdWjb6UkIFJZTlg,wf2BEEcyK2HxxQiHSUI2Vg,0.581207772370577,0.5635073293644454,0.0,0.0
QyEMjcD8NrWm-tFAUXprhw,KuCqZJuqs7EEWzxeZ3w94Q,0.5783888173797703,0.5634171442968032,0.0,0.0
Qz-ns3UaKe8irtH1wOAjfQ,mZhgrM010o3JkaCZO3dXRw,0.578016984956788,0.5634147278422262,0.0,0.0
R-qbcd-Q8fkY5mrR6b6ivQ,GsppfYtMMxI86N9FuXzccw,0.5844608406489441,0.5632246651627354,0.0,0.0
R13Oidfd96gQqayPMA96VQ,I_Sxmx6puRYyLS51RtLqtQ,0.5796139662356216,0.5631980051362238,0.0,0.0
R22wAKcMz5BsZSQBRcyLHQ,3emutOUAcgDUtwiXGDnYGQ,0.5832887954362816,0.5627656089594298,0.0,0.0
R2ZVVKXpZVQPj96cyDXZwQ,FvvlLwlLrMXx7ScfKdx3MA,0.5118444538848372,0.5117919063811383,0.0,0.05
R4V_g8fR2mB6RjvpBjBElw,Bb3F76xkJrA-IwXLNK52RQ,0.5650737760046795,0.5627656089594298,0.0,0.0
R5ycR4CZc1mNdxDtY2PYAw,5SiNn7wyc2qOQkOC7EXYOw,0.5757120421497742,0.5627431762736355,0.0,0.0
R6IRHj65pEE-YJHVudBuVQ,-TSPsir3LSLO9vVBkvkqUw,0.42910432092688583,0.4290615334539865,0.0,0.025
R6n618g5agn5lYIp3TnEyg,scbhmEZlGBKELaLdIlNbnA,0.5775618149372002,0.562708741170522,0.0,0.0
R84qWSVghknKWKXPbKwYLA,sNsTaKQVajoHTltd_HK-_Q,0.5771981563231049,0.5627011954413761,0.0,0.0
R8CIWGd0SADUQI0X_bydFg,bfpwNZp1TprfhORDNh6iTw,0.557644488555319,0.5575237978004142,0.0,0.0
R8XNdKSd9078txLtRAhvUw,TQHkhkAenVgUQaf4Hf9gkQ,0.5877065650934182,0.5626753895756644,0.0,0.0555555555555555
R9VYqhQeGtHpaadx4eK3_A,ZTg2GBgQj1WwAO5ySsTAQw,0.49309437332038836,0.49303102386611186,0.0,0.0
R9qdziBWlg89-wHm47SMWg,uO8ITLi5jQJpfN-TCoIh0Q,0.5878526666504706,0.5626737081143968,0.0,0.0909090909090909
RA90yF4DWcRIcDj8S5qkZg,jyI0Egi-Zij0WLxgW1Qjmw,0.584913919503632,0.5626592137109414,0.0,0.0
RDXH141tT8d0FabI0dpr8w,-2BDt9OdGiBONysWCdKgNg,0.5815151255424883,0.5626581872979383,0.0,0.0
RDbNHzbnZ-gRcB-jkG62Yw,u7MJKcNdZXYyTeb67vD5jw,0.5849001121473323,0.5626452196013025,0.0,0.0
RFTz_DEyA1PZANcF1rQYPg,pqO3306gXylthbj1nE2Gyw,0.5057468376714729,0.5057314874561588,0.0555555555555555,0.037037037037037
RHA7txgJwqFBMOdcGLS3AQ,U11YzwqthKNbpZeyufveEg,0.5043293812872204,0.5040069521071977,0.0,0.0
RHKhrJeq5iDRxYgobK4mCQ,EmN85_ePa8uogLdjN0g6Gw,0.566624959461653,0.5626312253919529,0.0,0.0
RJ_FlAlEUf8ALPxsEGn1Ig,oqYUDzhTzsw9N_Z8f0Q9IA,0.508635555535022,0.5085952888642692,0.0,0.0
RMZOOXWt6S0FkzjsuwjP0g,KfnMkNJrQQMmqNs34aAXBw,0.5766371970785531,0.5626172310829136,0.0,0.0
ROcDKj3OnhC0Uem0dTGAHw,lYR0aZbSxBX2yaP8enIn0w,0.5355283145789705,0.5354570096836788,0.0263157894736842,0.0
RPgiI4k8cSwta5C2gFkfTQ,6VZg-hUWOalEUpW71VxtOw,0.5274273590928438,0.5274318927384153,0.0,0.0
RQ9RnhKijxH3vvBbXm323A,zYCrmx7qSuT-6ut1_F22iw,0.5822763149952351,0.5626172310829136,0.0,0.0
RQGrUjVhkjO9g-C-vl_nzA,d0Eb3kHX1QQgk3UUBzuOhw,0.5441357420009669,0.5441594818215663,0.0,0.0
RQpPCFJwPaOOCqX6S3nujw,ZNLHB8ljPt5jvwxpy8GAhw,0.5847813206766713,0.562566807464852,0.0,0.0
RUgPcPSdvwvCKMzl-au5yQ,LeXTkBfmJbGlG5VNLNLRyw,0.5408054786548889,0.5408416866945973,0.0,0.0
RVIDySg190UzD4bipBqSOQ,e8PPDsGG6zLe9qV6x7B6Qw,0.5343054902635587,0.5342865756094949,0.0,0.0
RW3iQlF3KB-BNg4V4f4dkA,wUJqfAtMvxG2m2oKeGXRGg,0.5705069871817438,0.5625603589963197,0.0,0.0
RW9kgSc3ijbmnayAlVHzGA,ZqBwsiBlMqiMTSjlXAenMA,0.5532197989078486,0.5532357172289477,0.0,0.0
RXwaoArqhi_-JnZh5MH_ow,TeXzzAsEkkEE6lRj0J_LXQ,0.4250591975346796,0.4250926393918506,0.0,0.0
RYYMQiesuGflwx1IsAM8gg,mv9uuDPJDaxl0zJ5cEhpXA,0.39672599680327963,0.3966273566149497,0.0238095238095238,0.0
RYbqjtb0P6fNQh-Txs4LBA,JFY8k6JOc-iz1oszqHFgCg,0.5807673941523405,0.5624828373659095,0.0,0.0
RfDM_uKnm093LvNnoKq0xg,me-gE1a7-DRGK9oeuCmbrw,0.3695268539206487,0.36955107883282834,0.0,0.0
RgVcY0hWnkZkP76cqb5ZhQ,5Vrbqr9DK1gkrHGAS7y5eg,0.5786828745417195,0.5624688420011809,0.0,0.0
RhBsbZ8N_bSH-jD9X9FFZg,uHfI3MPfF3vvKuoeY0-0EQ,0.3746298254511709,0.3744708121850071,0.0333333333333333,0.0
Rhou4pBQXvlPdw6YAP0VRw,XRDcLPEmTyZihws-_sC3_A,0.5619956104511058,0.5619161457318587,0.0,0.0
RhtWU4tTmfzC-715ltmv5Q,DPDqL_--3SgiXQ4P8U4kdA,0.5724962620034606,0.562390422837373,0.0,0.0
Rj7TzLBeGt6gq6Cafqz90Q,KsUimGJMBc7hNcNtZVrvRw,0.5634149632712758,0.5623204417399421,0.0,0.0
RjKTDimEapGJGtxIMnIwbQ,62eQzOWKmzsIJnJN33vofQ,0.5729250248319828,0.5623137065618196,0.0,0.0
RjPfO7a5IoGcAljTL9ZxBw,IqocLKWSjSCCRakMon52dA,0.5265451345340477,0.5265442174727241,0.0,0.0
Rk0SeN8Ur_Z7cVHZttGLKw,1MpCSA9931OUqvZ3vTqzvg,0.5821158080401598,0.5623064452227384,0.0,0.0
RlKxbcxLSUqjqL4tv4mOKg,qAYmjp2zObRayfpYVUN-HA,0.5461484291169022,0.5461798718563167,0.0,0.0
RmZ9CORyRONwfJYGrPPpbA,ZWTaHa3PUhllOcvlCEgybA,0.31991885704983886,0.3198509719534018,0.0097087378640776,0.0121951219512195
Rmr_kEVZGzIqzLRjWsmP-A,1MPwu6bFI67m39SUXH1hxQ,0.5756619895672139,0.5619096603257818,0.0,0.0
RnYIZ1N5xRiA09DiEt947w,V2hqC0b1d6Yn0JMGg4DCPA,0.5764622145752729,0.5618611744746651,0.0,0.0
Rr2zNZ6d9_yipQLsdDq4tQ,TP3LNjHNph_yacJ_fo3ULg,0.5626581872979383,0.561818280709252,0.0,0.0
RsJE0PIwTgKSB6CHmutjAw,zaCX8VFkfunbp3yH60Zg_Q,0.5708581904404224,0.561740730021205,0.0,0.0
RvV-egTT16QOsKw7DEu2NA,HFYgRMHh_2LN9nVhagcMuA,0.5705214200218178,0.5611229427720709,0.0,0.0
Rvgiu99ueTM0i_a7TbsB1Q,OS-4bz9u46-7sVBTMfhkhg,0.5850603119743949,0.561097926018027,0.0,0.0
Rw8Zf_snPdZO_B3XFOsJ6w,mQ8qDT7Y4X7e45bSHOqL_g,0.39574603342411785,0.3961761964405954,0.0128205128205128,0.0
RwVutdZEZMQn7qfnlWGL8g,hco-7K-Kjtoc2SaHBuy9Xw,0.565179012721793,0.5608273824617925,0.0,0.0
S0UPup0pLE9knjrwc-kAdw,ekBDNOCEzskY6VH5SBbGkg,0.5682614312949553,0.560788553830203,0.0,0.0
S18_H6x5IisrGmIW9ITdlA,uzp1k2LiBBwEjmSd8dv0DA,0.5178536523949012,0.5177404330659046,0.0,0.0
S1HBESEvvKLcMTy1uz08sg,lT_VFhU9AF7DiV0s_9XIJg,0.531515212982176,0.531609755938872,0.0,0.0
S1JGVt_nIqTpCyjrzQZ9Uw,MuJACN0_RvP2VKT-M51SzA,0.5496401472243708,0.5497330985767789,0.0,0.0
S2qHo7frBbF7dWwmvxGZTg,_VYWkhKEy3QO1LTD_rTPYQ,0.5843143869501808,0.5605808022868365,0.0,0.0
S5LnH1njwFBlq77tIkjI1g,Z0mBsgDzDnFAEC5o4X6G9g,0.24767450057695264,0.24740250773761768,0.0,0.0075757575757575
S5VH9dR3nCgNO5C0M_HttA,tvQqqSi6qnwYGMTSYfjWQw,0.5716389591375783,0.5605320348050878,0.0,0.0
S5oafgiMvZU5AucxmX2xsA,1F_lKVOdC8UN-5UOQ-FSGA,0.5472092065972,0.5474369044138359,0.0,0.0
S6tR7vBAg-3b9mGLB13-Ug,RddG_iqsIhcnBG8vLqc_-A,0.31112509452618503,0.31168014659211785,0.1666666666666666,0.0
S7Cl9gYqaC9jlw32yd4_Yg,bZ5aVoArjoE6F2Pq3yf0fg,0.3463508741323727,0.3463771359082264,0.0,0.0
S7sKdwrSSzwnJqGY4hPkcA,dg3w68b9e4pJsdeCv5pHVQ,0.586230909112406,0.5605303272816474,0.0,0.0
SATUtY_PGhTicpMwDF8nMg,YMo-kArYFQu7JhyviZfYSg,0.5232359973322378,0.5232483204341941,0.0,0.0588235294117647
SAfcQECTvbjL_go6qn7gHQ,C9k02Ejz4RXwRRaKNKAYCA,0.586230909112406,0.5604587226513442,0.0,0.0
SBIvXnAHFPSFk7DNLtNUSg,TlusNUxZToaR7yjn69H5JA,0.5772814246660852,0.560404242610955,0.0,0.0
SBs30RyeoiEU2LjeiH1YFQ,7iiUkblw8yXXsM_P-EjBwA,0.5758593266492529,0.5603902327215523,0.0,0.0
SCvq_xornY-FU7yGB7ZzeQ,b4GPlPrcZLZY-TDvr8u3Ug,0.5569234408736795,0.5568906148406576,0.0,0.0
SDF1usj2mnUNqbIy4JBQTQ,zi5cMfvS1imWog3TFfuFnA,0.5478061068347974,0.547833881983483,0.0,0.2307692307692307
SDuDbDZfEKKR3mwcrNsz5w,lTk4efVzepR0PIPayrHojA,0.47387047993933107,0.47386784130462484,0.0,0.0
SETJPjryrcYvo2ezLm0WaA,QCZvkvipsfyZ_5uBy3PkpQ,0.5503794065506066,0.550423972412246,0.0769230769230769,0.0
SFnD_MIA4w7emObpbf6H3A,sIgFetlP6tX1vYWYjkyq1w,0.5037177830117866,0.5036726199000942,0.0,0.0
SHbYc3bul_1IaifoHlT3iw,RdIffoaCKPkct-1EjP3JCw,0.4506827264764488,0.4505729857223338,0.0142857142857142,0.0444444444444444
SHhgDe3KB2ycYxUG_mI-HA,A8gVrDQNeNOFLep0icvpSA,0.5714211157684237,0.5603553056730725,0.0,0.0
SHlngye8ADgmOcU-oXjXaQ,_uvTdEAVbPVch8ESDnvbuA,0.5850465060330642,0.5597539093594253,0.0,0.0
SJ_hPrUQa0l3PS2vQi-0yw,U2o8Jz66M5ceXfi5C_lT2w,0.5804875861193883,0.5596333396432304,0.0,0.0
SKHxYjxnganAHf5l_yB6Yg,rcXGrE-U7b9MjOJiYZ9SBw,0.5835818955575885,0.5595672665840261,0.0,0.0
SL1CvdV8mqc8xqTJAR4kNw,a2UtxqPxstaoyU4yrisDwg,0.5860984332894882,0.5594902939502072,0.0,0.0
SNYpn2BdTbz8QrrfH8rvdw,ou24typ9w08S_WS8piWa1A,0.5702672088676082,0.5594888414976117,0.0,0.0
SNzMPnNJgzaCtDY_uhW4xg,E4hgF2y1DiDdijo7rcOrLA,0.5613623094315873,0.5593781623342193,0.0,0.0
SO0dcsQP6I83i4QIZg0Y7A,Mu90i2c_9B5LOW4FpCWjEw,0.5852204938190975,0.5593220942535947,0.0,0.0
SRi09Oz23ob1LGDudhUoQQ,UBriJCMES8rsmY0SiYjtSw,0.5569006393886708,0.5569708043229804,0.0,0.0
SSKhM0-bEYv76DcExRAiSg,-Y-t4EXY68Lj6DqVFg08gA,0.5536247143609954,0.5537477347927113,0.0,0.0
SSflsIndvh-xokDPiqZFPA,qu0qoXXxVVDxMaof1SFzXg,0.5619695563905858,0.5592700288812181,0.0,0.0
SSngoZZUm4EwQ7DBCsKNFA,sTQDxlvt1fxBXvu-bvE7Kw,0.5162295895522532,0.5163065034375638,0.0,0.0
SSp4GBRnvdnuLRCIH4v_mQ,5LMTmQJBxP9aONuu8KhLbw,0.5859383506056707,0.5591293489627148,0.0,0.0
STU4v_QuqjpsUJmWU535pg,iJp9sq8UddLSrUtIieoD0A,0.370734816906338,0.37080161964815944,0.0088495575221238,0.0
SVN5tqic3QoK1hhfPU4u4w,1QprdzNzcYKRcSTIfh5BGw,0.5847813206766713,0.5587695695711004,0.0,0.0
SVXr9Ta3-o2TJfmDEBuK9w,hk_bXoZjJQjGUqqCGq6WBQ,0.5772120346850358,0.5587695695711004,0.0,0.0
SWKjVbrlsrDibS-spyJCDQ,7svjXaOKO5638eYiymNP2A,0.575017110861717,0.5581327500563313,0.0,0.0
SWP5Cck3Hd_g-KWfVkF_IQ,S0DD7L0Cu-fzIkzHEmjzTg,0.5522576698330293,0.5522832030998598,0.0,0.0
SY8-rMi4JMPEQJ0Wzqd-5w,lHOjknsVNLBHB0fs-SM7-Q,0.5730094372158346,0.558020246739566,0.0,0.0
SZnKIC9zVn_DJH6eC4ROIw,IlqNE_IDhqRrHAdfCItKwQ,0.5856457314510642,0.5579999190396505,0.0,0.0
ScWo1fsKbn6vJftI49bqcw,Fbq_tc6W5uNmQNrInXpd5w,0.4330565558998841,0.4332121840731395,0.0,0.0163934426229508
Sg2i4zlCcsGUlh5TPMz8uA,7A-q7-bajt0NxMy36dUfIw,0.5325570647024948,0.5325023533273688,0.0,0.0
SjOD3i2vTmPhS4Ez4dUtpw,2GUTsH6BHqasxtBEcXwNzQ,0.5779476274432599,0.5579875623473096,0.0,0.0
Skjt4qu-ix90v4r4blJ07A,C9UIBsRy_mNeSXCQ4WLMxQ,0.5624968326311777,0.5579771199727969,0.0,0.0
SmoEzF8pka2rCG_HgE21zw,AAYzFH0HjSUNL2nLScutxQ,0.5841955470202009,0.55793349677769,0.0,0.0
SpKppNFimODBt-BZ0c2WbA,pdXEjhNzy5YERGk_wBA9Lw,0.5721807435621682,0.5579319363305533,0.0,0.0
Sr0MtMVsXpYu8-PTJDg44w,GUAF7ybULhg68asLfFZYbA,0.5611904120217547,0.5579216572005019,0.0,0.0
SrtakCRVHSFOWtI70wdVnQ,DqqccE7z9veLPUzlrFzyaQ,0.4813826105536482,0.4814261136297426,0.0,0.0
Sv56wBnEoygNYJqYMfyC-g,hfnQgCDLlbUfPHkkMlpb2w,0.5577712417383587,0.557509768595564,0.0,0.0
Sw8uw0pmocFqzBhq0AP5Bw,u6ymLCUNz0WQwsSIJ21BAg,0.4666576708237999,0.4667702431642702,0.0,0.0476190476190476
SyiPLENX6wMfagzrsw2aFg,3UR6sAv6l4rtfSvTPTavFA,0.403847709837863,0.40412366269361033,0.0,0.0126582278481012
SzCgcj-r-iEzWtRIuhmr0Q,HoXdBq2Puaj69d8z6lgiVw,0.5486078484036238,0.5486880864141904,0.0,0.0
T0L0KltiJMAtrYHjqyuoMw,qkMMkIdghXUiN7eMNSpiHg,0.5599865766905152,0.557487278289261,0.0,0.0
T0qzsFxkHK9w1afnmns4fw,wS1cKdAunElzf9ztRx14Ew,0.4093258501683223,0.4092464211753081,0.0,0.0
T1a5ODI7B19pLQVdBIs8Gg,gLPlHz4xHajEWqQ88w8_tg,0.5632688159373008,0.5574470935171554,0.125,0.0
T3FF-JsbLeBIZJS0RcZdqw,t-ZpeItaWnYymUK1Hrzr1A,0.5810609939724486,0.5574311599643634,0.0,0.0
T3Z5p2_2tJrFdD3ohUE5Jg,GLoP6o5UjGa3g-IP1L32JA,0.4800272271818149,0.47994280415519214,0.0,0.0
T3g3tcBive58pmsbB_nkLg,-k1iNvlyQZkZ14Hcqzlk4Q,0.5681274406017357,0.5573469797281189,0.0,0.0
T4-vocFpzwlIxAQIi22FFA,eE5w-7yMOwgL2OPsG85Z2w,0.04936561620477471,0.04934236766293201,0.0,0.0034722222222222
T4RdefWsIRfo_36Bv8X15g,Z1whpjCi-3RiuBPUtdK44A,0.5757814973838928,0.5572561930226865,0.0,0.1
T6HVr4su70-JEo0XDDV9dQ,H6ssEvfwH0LBwljZe51Y_A,0.5272674212173979,0.5273184949711442,0.0,0.0
T8I4aeFWzcha5Y5C57WsdA,KN0IJPxZ6bwVYmqLcAfRdg,0.5810609939724486,0.5572543342709118,0.0,0.0
T8KnchPug4GhrwvueZUspw,40W1u-blvEhffAPrOtUH3w,0.5687470367165591,0.5572037789813684,0.0,0.0
TBmOpMQfWJy3v3b713X6wQ,jgOgj1gvfPy3DEIpSjQiOQ,0.5278388675325291,0.5275769212795725,0.0,0.1111111111111111
TC0SkzAqSdbmX0bYyvoJ8g,em474WuTw7-OkhPfX4EohA,0.5508498885895345,0.5508705805130221,0.0,0.0
TCROPjxfzCZzrQjqLqstSg,ExsrjgDLRUtqDeTsUlCyQQ,0.488297311800498,0.4880484221324225,0.0,0.0
TDWeczZPdLs5xhTmuh3vHg,Du9QRh1EvGO7EXG-m9Sb_g,0.5850603119743949,0.5571336216060967,0.0,0.0
TGicQ2Jbe05WIV4rDUFk-g,FG7_-7LtVdOecAqThoFOOA,0.5589727486831119,0.5571251591728471,0.0476190476190476,0.0
TIQz_P42B1BtCJyg2YUhLw,rmPlBsLaXv9mMPltIZO5hw,0.5841679183590085,0.5570494297469953,0.0,0.0
TKzt7jlAgLRJe4vzQje1bA,TI3Rydw47yBMzY1oW2wJUg,0.2832566173415601,0.2834251888731249,0.0,0.0074074074074074
TMfqKovAdxptiQTqv5gslg,WgWZDEDf2mbbrmSOIFPDRw,0.5487409378549558,0.5487571670834175,0.0,0.0
TNtiicqWe0CgdmjWhm60HA,djj8qE6hQjSeyEt9T2H_dg,0.5576344674683685,0.5569848370371417,0.0,0.0
TOGQERO4hdon5DoVXHooEw,TfSOfMR7s3n9rpoy6u60eQ,0.5868296320541715,0.5569763740215949,0.0,0.0
TQGnMEbtvn4B3K6ZQIN9cg,4VaEkCFqCsk656jQxPpUpw,0.5868296320541715,0.556822008565777,0.0,0.0
TQPs9n0t8KUcxhrHO-N6ZQ,nacRf5nG7Cm5Dhfl7Ijlmw,0.5603996725114974,0.556822008565777,0.0,0.0
TSkZWzfBuBr224eBMczZ_g,MX7qpwwwdBry69K-V4432w,0.554327514249233,0.5543190410894865,0.0,0.0
TSxF44padg6v9AxLJp-hag,kKkw3zsIGMQDFQXP-_yYbQ,0.4648152217734559,0.4648677966270274,0.0,0.0
TUmDqPWKfovIhDSEh-TC2A,BvpSIYibEitPN-SH14I9yg,0.5775063130691179,0.5567804888122863,0.0,0.0
TUpEcktoaIHfegZywmDbuw,u2FUWB2xMipayzmNmJ2Mhg,0.45449766548942316,0.4544000628118046,0.0,0.0
TW--ofc3fcj2LM1Y-UK5rQ,6DTwmhrbm9x-WO-A8Db9rQ,0.19901437552866394,0.19853128687075527,0.0072463768115942,0.0168067226890756
TWc-JsAnv8fssj3nJz_oRw,_O_KBH1MStcUkS1xk5pxsg,0.47862091865878337,0.47836559357451053,0.0,0.0769230769230769
TYSI8iapliyWOAmNi2RJzg,sg4zySgp0Al1WNk-JhTbHQ,0.5872681677926312,0.5567543618724142,0.0,0.0
TZiFEVqaVckIANgI6Wx3zw,n8F6d2M3vGfQSZCXy_2ptg,0.5822486500004282,0.5566647383815306,0.0,0.0
TZvtPXSYAjMFe0-ddll9FA,BORvYBcXG-VbwNBylwUInA,0.47998754958044554,0.47990167732298417,0.0,0.0344827586206896
T_bk3j3xvRWYpQ0YAgvhHg,5vIfUavd23X3lBzjnnc4QA,0.5616192513394711,0.5566451330649174,0.0,0.0
TebJaTyTkScemRVHZUAPoA,mC_m-4k9Xo1kzjSL0w7uoA,0.2403851516366097,0.24059180358614085,0.010204081632653,0.0130718954248366
TfP0dN1L88RcWyQzp2O7Eg,nROgQ9JIN0sjv-i5R1rHcA,0.578432984017827,0.5566451330649174,0.0,0.0
TfS4WxvQaQ96ts6fprfH0Q,kAhT_pFlNuL3yfhKrpYRWQ,0.5645732207497436,0.5566170631563445,0.0,0.0
TfYFyl8WFLPKGTcRz8AMpw,X7_PtukZ3uDZwuEVnCmqZg,0.5745610866939346,0.5565589614537527,0.0,0.0
Tho_6e_z8EzWEgj0z7-5kQ,0nlGy4Q5La_hWomqRIskxw,0.4950639483976937,0.49504649860835115,0.0,0.0
TiADrFs870HFMGWGXziySg,at4PB3mejHy6cX_xNLhMYQ,0.5585367660363196,0.5564963150246333,0.0,0.0
TiapTI04Gtgj8AhIN-9fqQ,C1bqyTxjnyd9WQ3PgLbMDA,0.5603101735660275,0.5563991883920351,0.0,0.0
Tpr8CltepNzpRpQC2JM4pQ,5-uI2a8avO4QtM7l4UHeNg,0.442863763336241,0.44281011949613797,0.0,0.0
Tq1qcFHbURcncnR03YiUPQ,uR--z40doqUJNP5WVsSKLQ,0.5841679183590085,0.5563615235760181,0.0,0.0
TrLVI1qVuoiQRgMObsFIrQ,BfCTFKdKhdQ-N9k6ZuKb_w,0.545358707086231,0.5453985632509136,0.0,0.0
Trag_neVzNhujsh-hdfg4g,kgzgHWoGBznqRODFLy9FaQ,0.5832749725359302,0.5563530581375192,0.0,0.0
TrcS6ja_Kb3jtRSaNB-36A,gad7BwCpIO3_XOvo8aosJw,0.5240543087465633,0.52388876182536,0.0,0.0
Ts8RgdXdACrYBUR8md99-w,S-O5ht3Z52FZiVoOhl9BRA,0.5840214348997872,0.5563390213517478,0.0,0.0
Tt2R4wjIcwEUgD-3SNmT3Q,9LZWyTM6KCr6JvfWEgGeQw,0.40688366148562505,0.40734643722623315,0.0,0.0
TuRCuEVeYE0dfF2d2pcnRw,xM-HnG-yurTNI38ui0Akzw,0.5620330399095594,0.5563302596987236,0.0,0.0
Tvn4DEIXkRm9QY_IQ_HJJA,bspbvVY7GH6AVOKYevJTxA,0.566184560197446,0.5563083831298657,0.0,0.0
Tw4UzgT76_Yrd2CK6GhAew,uYBHf5LLq3f7YbBjncQdCg,0.4435138404207899,0.4436695355575744,0.0,0.0
TwXdnMqRlT7mrRCOUcKhJA,oOTk19z-imx6Dp2rlPOv-w,0.5556806703120195,0.5556245208412657,0.0,0.05
U0sokqPeNaDJzbhLZnDPzw,JdiS_2HdAMtBprXgX0zkqg,0.586683422823473,0.5562688360741224,0.0,0.0
U19I-WvCc0SwxXpoe86zZA,ovvpslfuo-XDQ8PSvjszxQ,0.5824229735936436,0.5561565349594907,0.0,0.0
U1Gao2oKgFaggpksDIctiQ,zxuVnNVAUm16Sro0dS_lmg,0.2111688287558234,0.21117468063046813,0.0181818181818181,0.0165289256198347
U3WKSiu7OquPEnRuEchthQ,7h0GEzhYlE6djSel23xleA,0.5400061760916773,0.5399922249273524,0.0,0.0
U3ymuxVlD8yPVbJZbYqzhQ,vDhOjSNfgA4eE1Rj88-XDA,0.5751834497926361,0.555872862292773,0.0,0.0
U4hibwdvk2pACJeo6FaoIA,TPNv3aGh3UKoZ8iAcpbWKA,0.5850603119743949,0.5558643949733804,0.0,0.0
U69aAXYMg9sPlzvsBX6UZw,uzhiTCvVaK_0fZwa7rWDzw,0.4480120325296751,0.4480552093306156,0.0172413793103448,0.032258064516129
U6oNVSJAngSFXcCzNBXgGA,Qg9Sx8RwqnpYKQeSjfPh2w,0.5261515023565808,0.5260648699273023,0.0,0.0
UALJipwvpD-M-PzI9uALZA,duf2PORLOL6it1dTGhSnKA,0.5748419524566469,0.555766113773858,0.0,0.0
UCmTG_e7I2a5dY_3qI6Jbg,jwg_T0_my321ag20O1g97A,0.5456421805023656,0.5456266002997328,0.0588235294117647,0.0
UDfOkkn-MX6v8R3CX0T4lQ,khmaw-iyVP_y32ZWUwuwiA,0.5871220045629146,0.5555006312766516,0.0,0.0
UFrQh57qgzUx2wgTs8mZ0w,Z47HyCOQC6D3kWYZGqe6RQ,0.5558447825033505,0.5554702089644193,0.0,0.0
UGADjVkBITKPU7I6sMO1oQ,3uvFklejzRPwEPEZQ5vHYQ,0.5779146792064541,0.5554394072362141,0.0,0.0
UH1Baremef79qGhPQ0Ef3A,PQKY258MwEF9MkL9eVJB1A,0.4150331451494797,0.4149786522453555,0.0,0.0153846153846153
UIGf-gCLEm6nTKTNEDFNiw,BuYGuVflKu_pWtS-GXDH0A,0.5829956364283035,0.5551143661107226,0.0,0.0
UJQGJ0tlKO93Lia2JGidZA,c4cnGwvSWdOi27p7eOCwlA,0.584927726726581,0.5550778064361369,0.0,0.0
UM17blpuw4l9_K93KZyR4w,0_gh-ZRllduRLrjaYy0Icg,0.5841679183590085,0.5550702698143808,0.0,0.0
UMdy-hcoLE5-zLgCrURvXQ,mI3d2h5I2rbzRmBjAcD-8A,0.5814098991524873,0.5550500751561909,0.0,0.0
UMyRtM8TBLHrfDoA6us3zQ,1c669rzhfL88tNGuOhMFlw,0.5727496448446223,0.555049716616074,0.0,0.0
UNcxebA44CQPwyteLFUuXg,2QJSPJ8X1tM2eZ6ipLf1AQ,0.5354605510054001,0.5354322592342707,0.0,0.0
UOS2Ef_7g4GX1M11xe_hkQ,VgsbZSm5NRaDg2ds_FDBrg,0.40846094619850104,0.4084905779469562,0.0,0.0588235294117647
UT5FXa3Cbj4siUPh09qGCw,NrsJ_WgLXwPVcOv38N2zQw,0.4682253823465385,0.4680753740631364,0.0,0.1666666666666666
UVNNX59l_6qCJWgKuc_mNg,rN3oijuukag6Yp9xfHdMVg,0.5102612261637913,0.510751374299759,0.1111111111111111,0.0
UVZOk4q8Sovcst4N9ZQcKQ,DQK60HvSqp7hVJ_T77bwxQ,0.5650308208294524,0.5547884210242299,0.0,0.0
UWAOQGA2cPyGwPoei5uifw,59fWFpyDg01BTEH-Hh6jdw,0.5438054430613805,0.5438476964165692,0.0,0.0
UWDjZ6ljWGoyyv1pHrztMA,UMaNwuJBwO0I_7qJnhjECQ,0.5817033730944751,0.5547799495892515,0.0,0.0
UWQNx6qZojXlDv1kBAMHug,2HOWBsPJ1gdOY4_k-iCXPg,0.2723651109297984,0.27241495416767675,0.0,0.0
UWg158bSV1C68C86u42EFw,WRQ75NLY793uvDSlura5WQ,0.5722118358829736,0.5545748152568741,0.0,0.0
UX-OIPvEx8ATtVMGjSEcvQ,Uu7jwsfsaU-VJrV8Kpb4uw,0.5087403500506904,0.508793581527178,0.0,0.0
UYhCp9OzvrESmX4aT368fg,k41dv3Pjnx0fHgkoyEz4Jw,0.5740653151522297,0.5545607672546259,0.0,0.0
U_1Dam1j0VasEgKF6QZpGw,zXXzimAYL2m4Jkul0iHUPw,0.5768147265323869,0.5545326709886186,0.0,0.0
UdDZEoDyqsxqeqvghYxDTw,qJ6pn9u4hl9L-DUbEXff_Q,0.5702258970762467,0.554446959479446,0.2,0.0
UgnHg8cdrPqxJKD9MpHNPw,6JBJTohCP_ixC-8vd4B_Gg,0.49411790514316617,0.49399668303176747,0.0,0.0
UgvyukRCZidKkqtIeOVDMg,WO_ntmoHq0zovM8v0niBAA,0.5576725451083182,0.554427719684333,0.0,0.1
Ui9C_egCZ2_IfptxU4tAiQ,v-oSCziSbc_S8Ko5nUOI9A,0.553042639745707,0.5529992669814772,0.0,0.0
UiEv2cjyNN3igsE5kv0wCA,rHofsMAKj62iBE8x4iVCwg,0.5369035620336904,0.5369076267916042,0.0,0.0
UiJiURqivPDuvMsFgRF3yQ,GTS97x6mFLjGXn3ITKaQuw,0.26388155267990077,0.26443372165541995,0.0119047619047619,0.0
Uif8NGtHlCJmMdrV3pVqCQ,ZRy4atrG3YHdb__qtE0FsA,0.47431830506236716,0.4743132672253286,0.0,0.0
UjK19Qr4ldenZ-WXkx7d5Q,Jci_xPpsvVqhBNJ9oHA31Q,0.5479695587125865,0.547899125361947,0.0,0.0
Ulnv0kGvI1qHk9CY-0w4JA,283P7ZbkvsHfhZTQX5m96w,0.573662567210649,0.5543837115154412,0.0,0.0
UoZg0xZepdMXbK_2dtT2nw,elX9a3nvGMSweRaMWgSb0Q,0.3352974103336977,0.3353731818774901,0.074074074074074,0.0
Up2hJViJJf61k9V3jFbvzg,bO9tyY6kSQUScHtFbc1UZA,0.5815012860201003,0.5543696623291865,0.0,0.0
Up_4I0tqoVtyknJJXULdfQ,jPFFeyh7RmmxzQmYgAAPQA,0.5726020819509033,0.5543696623291865,0.0,0.0
UqM1RE0TsyeM-tdbqAmqfw,WLPd-ikGqNuizk_TNjbluA,0.5507707468003127,0.5507917427615294,0.0,0.0
UrWsPqcJFlf5sGVRZzsuYw,xS4DRl1z2mQQgBUdJwzsjA,0.5745471854530316,0.5542909418307329,0.0,0.0
UrvSisML6V1zXDcB-Wb1Aw,Wbj2EbQQlGgYpFjJZVTAkw,0.5388076856987547,0.5388520337351582,0.0,0.0
Ut7Mz_yPW4hZwunVm8FSYg,biGlvJh1Fn__C_H41OU3lg,0.5557077382931315,0.55427689207121,0.0,0.0
UtQ3M7hlmJrZU-WRuIxfzQ,pjxRQazeYbjfmlquc2D4Vg,0.5857920485972304,0.5542472546653208,0.0,0.0625
UvMbtn9JNpmd6VADusTV3Q,DoLGd8U9bWoNCvbSbegUBw,0.5649899150223966,0.5542423183629319,0.0,0.0833333333333333
UveLPMibXg1KMnYo3MfGKA,Ad8t9T_WH9b7bPLxkni-8w,0.5669574236604078,0.5542206921659893,0.0,0.0
V1RqqnT42tnm5--1nQ7Q1g,AlMozN7JtyrIDsyrgqRZzw,0.5593028181361511,0.5542206921659893,0.0,0.0
V2zPRphk1HtXfSwc8enm8w,CTGvOtbw9dmxtMnZe8FxPw,0.5822624825625431,0.5542206921659893,0.0,0.0
V6BZHmkKGJSGp_SDpVVKUw,KEA0YPercPSPYh1JcpkV2A,0.5835957155453071,0.5541297772137914,0.0,0.0
V8CiwDpGxTrtO10QZnr-Ow,jow8Lf_IYI2tUte2uY9ydg,0.5504289222693571,0.5504933401900682,0.0,0.0
V8XvmeJxK8fMjNFsv3VUjg,x975oi4VWOxHJWE6dwSPzw,0.5838749365968878,0.5541138650739325,0.0,0.0
V9AitNEoxNsQhfx8Xpu55g,QlcQ6cBSKfK_upcBhAt8Yg,0.5815151255424883,0.5540913402164359,0.0,0.0
VBf70Zn9CWXBAwqz8u0TjA,xwAj5spllAq9s-eCAHB3oA,0.5787106048156305,0.5540857632853793,0.0,0.0
VFCZwUEKRWAGZPatISKHSA,80I1vUvNOS9u50Y5oqq8Vw,0.5804737371310554,0.5540772892267981,0.0,0.0
VF_OIm5uG54cCQ3uzzSc5A,pzclcGZd0fZmLb9R8SNdbA,0.5825419581183792,0.5540772892267981,0.0,0.0
VFaIfVHLAJduhiBeZ3TlUw,LVhlQGAochcp0amO6-OX-g,0.5358397698775871,0.5359832256326681,0.0,0.0
VI4p14GU7lf8mvztZzs9Xw,YcbkyXTAWjs4FwIMTUHB5A,0.5792846811821263,0.5540576611510796,0.0,0.0
VId1X5tUXs6ifRUP94VwRA,Oj3vZFPN5xh-MwK268WqLg,0.5308306321531832,0.5308306321531832,0.0,0.0
VK7iPt8e77e61SC7HraJaw,CcaYQDslcBH_PA0wbwZtKQ,0.56652720255344,0.5539132685176085,0.0,0.0
VKgaoJO30VPyl_PFGw0S2g,tsqyVhSaI72JTNpy4u7QGg,0.5784381107416037,0.5538934185937235,0.0,0.0
VM4QU1KR0dmW2IFTkmFTIw,8zBmf2sXiiCl1EuztLWNhQ,0.41947180838074827,0.4193667130661881,0.0,0.0
VPZY6vzompsA69myzmQDgg,-J_HhUwt5pPiHRNf_m7rHw,0.5805014349809404,0.5538495642518143,0.0,0.0
VPb3USr9Nm7JjtmsHPRo7g,InI2O9i59galnR563-A9oA,0.5724684248735399,0.5538439867317178,0.0,0.0
VPs2Xxv8ue8NKfV-gDNebg,vh62OClh9wi-hsGCR4bNjA,0.5817947419769214,0.5538018289503683,0.0,0.0
VRwqMoWUebBzeg-dGOR9VA,lqy_CaGif3Jw-nGWxggUFg,0.5813683772762692,0.5537737233327977,0.0,0.0
VXPpzhD7mA262gIv1T0WPQ,8IBVhpwSRtnbUhrNb7W8xg,0.4599138059597932,0.4598510309635902,0.0,0.0
VYZ6-e_vfCBLYwXZxybdfg,5tZ42WGLm9fr_F4eg7ME7w,0.5637899523131538,0.5534897504221401,0.0,0.0
VZxyWuhu_wF1wqeZHo2uDg,yOvGqROeTabICY7c80h98Q,0.5803268872314938,0.5534531646366403,0.0,0.0
V_N2ZVEKMDIbUvATk50UlA,UCH_WRunWvJ2ROcJfasruw,0.5781224453786147,0.5534039998543924,0.0,0.0
V_S54QGnokLMshOm8xNTag,EGITUFVLb87GRKapMtZg-w,0.5109277145103246,0.5109124883339086,0.074074074074074,0.0
VaO7ytke0tj2S52xQbHY3Q,OsQZo9gzazFARLfjyvJMvw,0.546428781301504,0.5464410367827928,0.0,0.0
VavwOmhVo83fOnuOw_WQPA,Ue4AxfCmx6RgFxsr2AqjJA,0.5543415636960605,0.553329678531237,0.0,0.0
VbEm2EN2rpCqSQDVnIZZuw,RelZM_5DBaBdixZDFfyyTQ,0.575873216665739,0.5533269730832158,0.0,0.0
VbtcX28aEOOSgMq8zwwnWg,4PY2rKHXo7DsRdHvJNwAvA,0.5551003214737469,0.553326667533186,0.0,0.0
VcXXDz9dsm9klG1uK3R0tw,oF1UsRAffQ5c7cw-1AUvew,0.47847816680332944,0.47808164763506283,0.0,0.0
VeJqScDLsoA5WasQSv_Jfw,zpKTPWoW56wF6d9qNnxM3Q,0.046018885179141225,0.04588941251747373,0.0159362549800796,0.0028328611898017
Vf2VpSmAHwaQzkIwYdFyRw,-w31kc6pp2m0fzkTollj5g,0.5561793442195624,0.5533063264562474,0.0,0.0
Vg48ETIyEP9MALSqfDLGmA,etjcQEi4mTFiMBE1DyAIEg,0.5630623309940096,0.5533063264562474,0.0,0.0
Vgkz-0jEkYig7_WPTiTgyw,wEtG1X39TB6c78OlkKrVyw,0.3680476296943179,0.36792538718279416,0.0769230769230769,0.0076923076923076
Vho7J8gexa47aDbLqraK-g,HgzSkvWHctw5pTQVfKNegQ,0.5725902613400267,0.5532973559059186,0.0,0.0909090909090909
ViABP9dkPTBdd4FS6uhi2Q,uWJ8yes4D6f7e0bUQdBeJg,0.584913919503632,0.5531691523302803,0.0,0.0
Vjztqe-JBseYpypb6xv3PQ,OZnQZ4sZRwd7L1jMc7pv2w,0.5804875861193883,0.5531635731666561,0.0,0.0
Vnh_rLa0jrd4Tqjh4633Aw,qyGjCSiWBmEGw_zOYcDnSg,0.5822763149952351,0.5531354597859908,0.0,0.0
VsFoF_AzglUtSQy5ZvDbKQ,Zlga4izAoM55RDMzkK-aIA,0.5660689431530028,0.5528412737024129,0.0,0.0
VtcBA2YXmCPdD4AxZbv7iw,W_F0fVuQRY76_z76veUnQw,0.5301566971577659,0.530163645348601,0.0,0.0666666666666666
VvoRA1KLjWs7pUq_mXvHpw,97PA4BTfAm6OwuDObQ4n5Q,0.5809142012248409,0.5527163998176728,0.0,0.0
Vvq9QucD0IokLBlkbttd3Q,sgxg7pc3UAQrULu32GAwPA,0.5865371983074595,0.5527139623806727,0.0,0.0
VwADinB-DonoikE35VtkCA,fUlCcUBeYRC80S8iWgccAw,0.4220759605045461,0.42199874350802696,0.0,0.0
VxVQSJKTCx-5WFe-clKOaw,CgAthB_K1fmD2OUpmYBRuw,0.5478025172520458,0.5478611242321582,0.1538461538461538,0.0
VxXmaSvT8lv5PdDDduB01Q,je8HwCtpyIRQOa-QCNBf7w,0.5760343750438726,0.5527094801401015,0.0,0.1111111111111111
VySIi29-o4hl4Ry4dBIH7w,TEMI8cox1nHyZu3NAnC0dg,0.5660844615734483,0.5527079207434392,0.0,0.0
VzKca5jeWbfDeqzZZRElzQ,2J36fuglZCzvzfFlneRFjA,0.5857920485972304,0.5526166316410737,0.0,0.0
W-8s3otgvw_vJzPgV7FAog,mEy4xGKfOqMa3q4nWSM0jA,0.5561705729128699,0.5525392024961124,0.0,0.0
W0QKIbOBpPDD56umLllxsg,AV2MB75oRvnbek1_td3kXw,0.538987736915084,0.538981228576638,0.0,0.0
W2gSKulDUBGTfcSDk8kNvg,UIxL3xxpmJ6LiOMdqbqFTw,0.5757120421497742,0.5524488447203403,0.0,0.0
W3XUQEn7v84t_6uz829ATw,5zpFnlaQd90ZNMrvPSzh_g,0.5813924434023146,0.5524322978604476,0.0,0.0
W3kFd-uNAkLZZsXEFwz3ow,1riuPe3T4qcDkYlmEPku_Q,0.5840352506977141,0.5523191246577421,0.0,0.0
W41lKwSUobJaTDLd4q9x0g,cELLyBogNeU_QbN5tJsBRA,0.5583936452197855,0.5522832030998598,0.0,0.0
W5ARobyH_FSQnJl4emgfvA,a7RobRBScR0SVQVMKwkJmw,0.5034301656835388,0.5032459003396718,0.0384615384615384,0.0
W5bx6PacwlKhEDP_M9jUmA,cljHYek6vHtqUgUsnJBqmA,0.4792335394292004,0.4793440502804127,0.0,0.0
W5yNQMGeEFiWehSE1EvxQw,R_3EhO4r3kMSw_W9DpbYaA,0.5860846374521405,0.5521678058558306,0.0,0.0
W6de6OniXm3HttgRJvhvsA,iJEkWDUE25BbNifWaYEfgw,0.5778144094969194,0.5521606853029478,0.0,0.0
W7Lkjxnd189PpBYJniF9Ig,_WrL7teoT0im_28inoePwg,0.497850405847162,0.4978256283823105,0.0,0.0
W7yaBQpVr2qO4x2i3X0CPw,QO0ARm4gC4k5JQAWmtGMKw,0.567119922467683,0.5521537432439904,0.0,0.0
W888zYEemWuF4c4Od0_yRA,vkIhDz7eJScEN2CZnGAkjg,0.5684233143972389,0.5520691894255623,0.0,0.0
W8a_FYH-405MtR9_0U7sQQ,wPecvQ0Hj7s58xxtiaKcbQ,0.5381761480149839,0.5383056252960353,0.0,0.0
WAdlP8I0a3DrlsKX4Zd9bA,hrEtM0WMgwhv19mzVnKiJQ,0.5512137335899031,0.5512137335899031,0.0555555555555555,0.0
WB7-m5YtEhSwMqEOfbFfyg,rDk_O0KRIqEYvoBhonLmjA,0.4781179662177495,0.47806838511126615,0.0,0.064516129032258
WDaJ3F7PmH6yoLxlNih1Hw,vQMAQ5msSBgsCrECS6QhqA,0.5620096091658333,0.55189770216528,0.0,0.0
WGAG5zFj044C5BIhCjT17A,DKsFd47sx8Cz6qsUPLOJ7A,0.5843281999434171,0.5517665332239367,0.0,0.0
WHzeDa97M_eU1FEZaLJ_tw,kjnEPxEUOUqO91ERPP2IVA,0.5187343900310668,0.5185369880484095,0.0,0.0
WI4V-quGkyEdrG2__hIr3A,xq4TwzlGLM5FXwSvu6hndA,0.5430486922934871,0.5429924010857443,0.0909090909090909,0.0
WI8Oucjfr7t2AertQqbYLw,5wLDwv4t6pnI37b2bzmnyQ,0.5579700086622049,0.5517619358003434,0.0,0.125
WJhr0iwDJ-JWpP-BNuUN2g,0UYn-R_LF-V0KSlYFRi3PA,0.5868296320541715,0.5517560303720119,0.0,0.1428571428571428
WKCTgYenpI-0uWruy1Gh0Q,Gkfi3qXHH_FHvJ0_omUztg,0.4958299248428775,0.49580557097177674,0.0526315789473684,0.0
WKGW6s10eL_xL-xaB2c_og,MSrMMtj7S4OFvW3J9o-G-g,0.580019291641206,0.5517219920600251,0.0,0.0
WL0r9Hsb3Mnuvr4b4lKdCA,i3KOe32WYfGmnL3CRTj4YA,0.552679801877374,0.5516573982631158,0.0,0.0
WLXceElT2l87hvOS4nHGwg,7YiLEuHuUONZrMPT0OxXUQ,0.43857231034851896,0.4388893656282477,0.025,0.0163934426229508
WLvBB90skD_i757VJHI_WQ,35BuVcbDU7D9mjmruxmnEw,0.586230909112406,0.551622344112339,0.0,0.0769230769230769
WM65nRzjQxnVtLTHzUy0RQ,kX_qrUoz3WYmhLTS-SFvnw,0.5759287755328101,0.5515115755041643,0.0,0.0
WNzi0_1V0YMsrCg_LrJ4jA,f3umcbFgGLVUx1R7iz9Qnw,0.5702393355496858,0.5514784226670466,0.0,0.0
WO0XzkChXtlYjzXSl4My8g,4GmZ1qVrioP3duIk_YZMxg,0.48985531155406004,0.4897317686060536,0.0,0.0277777777777777
WP3W43z9Dryyunf8J8YhFQ,KD20H4BiOqSaw-0n5LsV1A,0.5424989771109525,0.5424657687575176,0.0,0.0
WPdLRG-jsZmS7RkAfnZJQQ,_LdViafM7oxU9LH8cZBiMw,0.5245527034416547,0.5245639137685871,0.0,0.0
WPlzKv5eZLC1-1qq64bZQw,szreY58d1Ag-XeiGYa6KNw,0.5706686644331636,0.5514540583224856,0.0,0.0
WPyR3UrtsAkHLlNWqU-hsw,x7xUdoBe6rSpuxyJ53w1UA,0.5137839463303358,0.5138158437062641,0.0,0.0
WQv2RGlyOIlDsUmF63nh-Q,emc9zbb0LeEC6D_f7SZWpg,0.5514763066381405,0.5514465695222721,0.0,0.0
WSi08gApEgsS62TIE78J_g,N4UpSKh-PQNfvk4w1QAYrA,0.35258024251779646,0.3524972504284728,0.0,0.0
WUQYNCFuNMkybusRz2RYfw,jTbOziVO4fGAPCUII5OgYg,0.5829818107559145,0.5513743708299176,0.0,0.0
WUUWAzgfbF7r2awdKeNKBQ,t0T-rQQ2wLJ-9_MEhSfRtA,0.5710434811791917,0.5513719320156698,0.0,0.125
WWUEE5l_tfYkVZtLAascoA,6GB7tn2AoXvVIpjYkeIrkA,0.5771981563231049,0.5512533460030059,0.0,0.0
WW_qGCrcNqACvA8NLK5AMQ,f_w3vvy3q-p7DFVRo-EUIg,0.580620572779543,0.5512099405076577,0.0,0.1666666666666666
WXvQTyjP4lL94K9aauWVmw,nT8O_5KgbgGvMyIRVqL6pQ,0.519583548578538,0.5194827572611773,0.0,0.0
WYDUHaSrkAvj1fjoFOgivw,y_IE3f8NMAyVdn0WQddIRA,0.4209557820208358,0.4209298768436133,0.0128205128205128,0.0151515151515151
WZMcvu6aG5juT_HFUOiaLQ,-NvYIxTY2R3vzzSmvRKVLQ,0.4771581293134344,0.4771794453785444,0.0344827586206896,0.0
W_UOjay9T7Lj2chxT-Jb-A,KQ3nXee8hW4GCUEhr0EeOQ,0.5730308178010427,0.5512009748642837,0.0,0.0
WaHCrE9gQrVh0ANZ4kR7Lg,EQrRwkK6yv44_CEHuoZIQQ,0.5827300752093121,0.5510901087785725,0.0,0.0
WaijMSG7b5VxxJxEIlWQ0w,MbrfN3NB-yRg93GdA5YM9w,0.5669729346130351,0.5510338325304273,0.0,0.0
WbcLJqj84WrGRZ1FWQeQeA,IWkB--hat1Q1RCb2-JE9xA,0.5384679044461019,0.5384448897220405,0.0,0.0
WbxPdq_PgVvCI462l0vPEQ,6tfH-0BnhzDc29p712rUUg,0.5633934680491097,0.5509675299434379,0.1111111111111111,0.0
WfjsGrbSIswLMwGtKVNcwQ,LjSvLbbzFnFc6JScXH3r3w,0.5457166341956123,0.5456859024438685,0.0666666666666666,0.0
Wh16yXjrNwl2PFaXdvNyIw,OPrvuoKep0_TWK8K3ggKbw,0.554553841582242,0.5509675299434379,0.0,0.0
WhzPmavp93LcoFVZSELUSw,qv2Jkwp2_Gao3pO0IPqzCg,0.5667954097574163,0.5506425460319586,0.0,0.0
WjzWl2kUn1eWuLj4OZH47w,voFurH0uTiM10El9y8mYNg,0.5785800153813381,0.550551493124982,0.0,0.0
Wm4oVYVs4ZjMRoWFctWHoQ,_gaOrkYtODrxY0JlWFe-sQ,0.3519230218595012,0.35170696718970873,0.0,0.0
WmnPtMtY0elYVStooCTfng,T4JsC_1U0ctm0XMy6g8PTg,0.5755786367549941,0.5505162052713534,0.0,0.0
WoVo347Icg3gfQ1jOnfAUA,obIckr-3bLCOTGatfedk6A,0.53046699370751,0.5304600154585251,0.0,0.0
Wpw-cUHTjQ65LV6e4bME5g,IbNiBar9ClyX9hXvto-7AQ,0.5788298822097084,0.5498457094616421,0.0,0.0
Ws_DY9aK0iSr4BqDX2US-g,waamstonAxP48FXcJqxBfw,0.5517007956787281,0.549840122570633,0.0,0.0
WwPPNhUpIsPhLumwravwKw,fzftd8EhMnYCXE7D76zCrA,0.5875604480820151,0.5497612517761915,0.0,0.0
WwVYDgzRO1KiAu-GRksQ5g,jBwfTPuxHgyAhsfTUONXdA,0.4158112224797615,0.41583103150306755,0.0175438596491228,0.0
WzMfMJKOpN0j21DvXC-g6Q,WXVb0_TPSNGjqRshykMY8Q,0.5822901472984839,0.5495042723886473,0.0,0.125
WzykqsihM-Z6HxsLfwJdhg,ujYhU3bX35BCVj1NUbSQpQ,0.3041630152607295,0.30420625904253246,0.0227272727272727,0.010204081632653
X0SlpSPlckmY2ymbOzdtsg,QfHcqJgrvBfgnyd9DlsZIw,0.578432984017827,0.5494345680379694,0.0,0.0
X2JkEvWPO7_dEPHne7qJKg,ADaZC5PLXRJZaNJQaJnMcQ,0.4990342784929262,0.4986790411268467,0.0,0.0
X2nTJDYtXD4-t5aUhdU2gg,Qbb6nFPzPgvyCDvCd7OHqA,0.5644389627598692,0.549406411153804,0.0,0.0
X36Q4Tm3PZUFtyTxJqfKLw,WTromeqt10avsjuTPU8vgQ,0.5646586392395024,0.549406411153804,0.0,0.0
X3AVbLMRGMmD5B-lH0OpQQ,KM602HnwBiUYkRtSML2dzA,0.551351819632126,0.5492738040096891,0.0,0.0
X3Aqv8WpZEaaGAc2kRqw8g,_kSaLnFZIEpOZEg6ZIxKvQ,0.5820881400447113,0.5492050703390121,0.0,0.0
X3Qa-dXb2DFdZZ2UnAfSVg,JnFpgav_bgPN6aSJDYpzyg,0.5858058472947083,0.5491500818991778,0.0,0.0
X4WPH7J7ezt5rJJJtwRs1Q,4jUHYFw8OPXaVxyH7_8dwQ,0.5737042929539452,0.549113430197996,0.0,0.0
X4Z8Iq0hICOjHdc-0NT_jg,AtXi5Q5fNfvr-oZj3Vc_QA,0.5531916862073339,0.5491078416713907,0.0,0.0
X5s7U0pPUuSPhV2MK0GeqA,5WF3593by2u-aE_WaM7_Mw,0.5785003032005348,0.5490289478067597,0.0,0.0
X6nMcdEJxt4RISek-DvdKg,08-r0VkemADdLZWX5a-cKA,0.5737000850784585,0.5488550775969286,0.0,0.0
X8RDdUddf4CKPvhfCS-shQ,VG_6ZamOZ3-s6ODu9BCmqQ,0.5801800231054843,0.5488092368224201,0.0,0.0
X9A-z_tQGIyr8Z4Efw1wbA,4HEz5_8g2QWfoOU27WndYQ,0.5443231553796307,0.5442853111728321,0.0,0.4
XAAHadX1iU-ueAMPWZ--_A,urV1Ir6TCjSNx_Cvfx7xbQ,0.50504755203235,0.5050576779720243,0.0,0.0
XAVsvqv1HWUiiqgJM6zubg,K00KiknORCOQdIhMisBjbA,0.5727496448446223,0.5487810729526902,0.0,0.0
XCEO3zlDSKJvemP5LNwWsQ,ZVkrLNK2Z6zSeCn4U9A7rg,0.5648696645672272,0.5486921091871942,0.0,0.0
XF7qNhRJktAfLoH5GP4tCw,ra8alrdPcPn3h65TH3G2zQ,0.5170447154063057,0.517028914341419,0.0,0.0333333333333333
XG5-bigWGG_IFgbCvVs7xw,1tm-CQ4-dFxY03fAScQ01A,0.5874143156403773,0.5482478170627315,0.0,0.0
XHDglv86dSnNt0e3YSlsFA,NxFuPjGPqM0X1RK4kOzdtg,0.5537533861956452,0.548228601893706,0.0,0.0
XHF3oYylaLPeAynPo3bOKg,kSglWloGVOI5evbnx8ub5w,0.5519556570220491,0.548228601893706,0.0,0.0833333333333333
XHUdKqKQOzXUkImZvMbiBA,NZ8rkOpkBisCWpfJb2rfzQ,0.5735846333342602,0.5482281292265042,0.0,0.125
XIdjpQWEw0-0h41Xbs47kA,eX1E0J6uh8a3oVazer1_yw,0.5342288952665506,0.5342189998848259,0.125,0.0
XK-mrAzh0cxD4U5Kmhy0fw,4pyR9gY74U0cRWZDB9C6Cw,0.5702950817400014,0.548226006982288,0.0,0.0
XKAF_0hKEpILjSEcZ5EJow,2gTnSpYBmg_5JubGpCtSQQ,0.5260464438342874,0.5259797969524378,0.0,0.0
XKquWoKNCBnjdWcJoOPdrw,jJrXxt3eQvKVoCNaCaaXcw,0.5797393456151811,0.5480792523492948,0.0,0.0
XPrSgW88T2EaNvl5v2jukA,t4mRS4ErJhzJh6vAbev15g,0.5624216045496826,0.5480792523492948,0.0,0.0
XRhKQxw8bQFF9iq-j721_Q,3cyjdxvskRcADylzLI32cQ,0.2581069433710967,0.25776667031854544,0.014388489208633,0.0
XS1wPZeULZtbiP1OsuHFwQ,rFcKVcKc_kCksZWHiJO91w,0.5708163945216156,0.5478850384614955,0.0,0.0
XSAAxFlV5XQq3m3a91R4vg,ciQrHorElL1_ekMewnsDXg,0.5651032675511808,0.5476003795340155,0.0,0.0
XTcqhIF7Rfm43aHzJPXT_Q,dCej8zB_aXDFxxl8kcUC1g,0.5106469268753331,0.5109891811891798,0.1,0.0
XU8MGYX9oKQ0bl4r8IMqfQ,nLCZiZrqZ3LtdifCv8et7g,0.5378067421677752,0.5378171363892597,0.0,0.0
XUMia3OxaCVk5sB1rJpvpg,zKC6BvDRMtwmtj2aNvIapQ,0.5635548446352212,0.5475623740290999,0.0,0.0
XUnOrn2ZPom7cJCfG9syXw,OEeQTVPtrKq4kPqdIJLrKw,0.5687330880964864,0.5474801019144213,0.0,0.0
XVoCYNFCAG8CrLYgYSIe1A,V_L4yNgqG1zVbrvy7lgOWg,0.5717025092313323,0.5466884186266594,0.0,0.0
XWbWhTXkyzfhwh4dbfwEAA,va40jWz1dr0CHG4fIJgaHA,0.5395490213331534,0.5396293893921682,0.0,0.0
XXkS9cqoT2yom2qS1VcX9Q,1l6enor7mUQT7dyJ7WCa9A,0.5678315181839813,0.5466108761444509,0.0,0.0
XXsofYxziipczzc3OFDD5Q,rxuRBvc9vSkSEf35VsL4qQ,0.5782833749725484,0.5465685944501254,0.0,0.0
XZRsPZb30NWjgqZBSumsSw,2f1ZnZg7730yChhV24ARJw,0.45529283522518144,0.4553945684514115,0.0,0.0
XZfgiMT8fZtGN1KkecoSrw,UxPNpzKEC4FpdidHz8MCcA,0.5443422946411365,0.5442329216022381,0.0,0.0
X_87Bx1bAwGPjPmSuiHWHQ,aYrsT_ReL6vlQIP2GrvLWQ,0.4180085219914193,0.41801256329833236,0.0,0.0
X_T1gP8z1f_sGNX7qV0PJw,3GvPXj5n0oig1ebnvwie0g,0.5853530518425839,0.5465515750670538,0.0,0.0
X_X60vlWlPLWcW97LPrSjw,GSFWtWARVqiXIWQGCezioA,0.5850741177821586,0.5465460003505285,0.0,0.0
XaBOwJFCe1odBPYdIwCsPg,FZy-r97c8ifPtl8FMz7r-A,0.5850603119743949,0.5461907174604957,0.0,0.0
XaQsV_NIYMOjyKe39gOXDg,3s3M082JCZCM0KEL-_7fdA,0.5812354567197723,0.5460359633924037,0.0,0.0714285714285714
XahxHmkaFOAwXix2VGRAUQ,tVDGkK9AVU0ad-24Phrahg,0.5085495934192469,0.5085555942527128,0.0,0.0
XauY4RGt_kGgu5otwYZf0Q,mw-Vn0mmSTYR1ZkQaHdeBQ,0.5835680754384897,0.5460296475078108,0.0,0.0
XcFUxeLcbBt0xefg03Muyg,I_51fLQfEbrJoqLEDxssvQ,0.5611422766074146,0.5459920231402795,0.0,0.0769230769230769
XeBIWRfUAe4ofTGC2AgfJQ,ouXwzUhtm3hnVUo79IebLw,0.47326993827196556,0.47326917385363865,0.0,0.0
XffCKjkB1qaTU1MNbwJwGg,awmy82IdpCC8xK56tO4IEw,0.5854993991914269,0.5455928062146118,0.0,0.0
XgPaGKEO34UhLtJcaByMxA,hEP9apWbN14o3o0P-mg-3w,0.5775201887196719,0.5455811997274277,0.0,0.0
XgehM3pBZWuXi45J2dqRJQ,OAjof8dhS2zScmZh2Xuo1A,0.08989425926663755,0.08975360835048918,0.0121212121212121,0.0133333333333333
XggfVUV71SMMUhCoIEKhrw,UxP1VK4lTLKRu9cgjGhdaw,0.5872681677926312,0.5455364091324214,0.0,0.0
Xj2Lym4T6NXYGfmZmZDFFw,Guxfua9nFaZr3aCAwH4bzQ,0.5664853051500955,0.5455223096792571,0.0,0.0
Xl10ezJvJOzOdkr9Oelo2w,Sfml-YTCGYKiCpLlP7dAMA,0.583742242068113,0.5455223096792571,0.0,0.0
XlbFKW_Keun8qh1S5m3QgQ,dlqEa58Xf7q5w4e_4Wys1g,0.546274258290067,0.5454941105539441,0.0,0.0
XmQRh4JtW82Aki9dmaoJ8A,rEQihqQgfngM3nzRl9Qb1w,0.5641579861961492,0.5454715074383084,0.0,0.0
Xn9XOYqXa4IHdHnaZr9JAA,kayVS-MPUVp_Vmo54Pjp9w,0.5761816300220611,0.5452655996819069,0.0,0.0
XoS-hu_i2Dr8VxzeMxLwVA,NQNCAfpEpEivlkYFZ-yf2A,0.25444193821582906,0.25531264739129955,0.0392156862745098,0.0
XoX8Erg2hrLdpqfIA468RA,oT5Bidkfa7cGOp1806ryXQ,0.5315011862855076,0.5314090902681797,0.0,0.1666666666666666
Xob5FlJ_HINMHAzmnfcu-Q,e8bOuDRCsHOb5IqQrapT2Q,0.5540436099543296,0.5451526375553167,0.0,0.2
Xtw1Rpqj3IV-TKn19fIgpA,-FplUfMbM6YNKtwppNddxQ,0.49157125362671195,0.49157993410572914,0.0,0.0
Xu2wzTGixa_zSjYQO-GPoQ,GD0_sWqURBSZARKgNgbwRg,0.5859383506056707,0.5450888106143803,0.0,0.0
Xu4-OKcr18K-z2PQ_sMgJg,RArLnyQn4RZrf1SQ9rOJcA,0.5829818107559145,0.5450314725538834,0.0,0.0
XwpjTjy_jwWGAlG_rt1Hrg,r5yb5JfWV4TryNZlMBHPng,0.3870976183251679,0.38698866279742683,0.0,0.0
XwqwayHSA_TJDnk-13AyAw,DkkosGugBW5g8h2k-elPxw,0.5684738840340599,0.5448721052521764,0.0,0.0
Xx0rOtPQP_1FwOoYSVFWTQ,1VHsBGgnioHuFYINzeplPA,0.5620096091658333,0.5444544155339842,0.0,0.0625
XxvGmAlvZE-8cjDZF_39nA,sg09rwt2WMCI8KAaOqOu2A,0.5697605992547773,0.5442047093180902,0.0,0.0
Y0WIZpnXFFT5VH6WBVCxlg,2kfa2IBX3oy2zQX4PAkEpg,0.3078094034934875,0.3076952836055248,0.0236220472440944,0.0350877192982456
Y0pnoywoHENMzj5n6j4vxg,FOTp2JNMj0_SuDSPKYhixQ,0.5764558167273657,0.5441623903600012,0.0,0.0
Y1QKeVZSvhnAZnO26SK6QQ,9oJinxECxlSutUM0kBOixw,0.5315919698349695,0.5317053333958897,0.0,0.0714285714285714
Y4Mo7G0PRyC-IJ0WSQCkOQ,4cdS6DLtYIQfcpe5w_PyyQ,0.5228583768855163,0.5227563361822098,0.0,0.0
Y50hBZo0V-9mqPkSgRwR-A,WRh6AOkXFl1qtnlCYUUQ6Q,0.5559009417253089,0.5439911373154453,0.0,0.0
Y6L5BGGSfj2gVcx3i168bA,ww-fKGfc4XJHOAxDH0ac5Q,0.5779476274432599,0.5439846001506347,0.0,0.0
Y6tnZeHMvK7feBa655lk4A,eqLgpNj0DnRpMj63IfGVeA,0.5707243968568109,0.5435259780298818,0.0,0.0
Y7DzF0ZfAIuXbLM4KcOExw,j9fzpALNCgvDwCXmA5Vcjw,0.4980249257143075,0.49802501996247783,0.0238095238095238,0.0
Y8IzgicQSkxNsewSzR7NLg,gZkT5f8_7-J5dQQJQgnY5w,0.5789768759027213,0.5434990922973006,0.0,0.0
Y8NRpWISLGHN4LsqCOkZDQ,CPk6ozrDMy0ohC4-z0kGbA,0.5860846374521405,0.5434285427632174,0.0,0.0
Y98F1mtF5zsvZiUc6MjbSg,jh1WZm0fRwnjMv75gvVYhg,0.5630483397662293,0.5434003224615503,0.0,0.0
Y9wxA_5Mwnax3dTLTXxEZg,c-CAcdH2-12g1sQUQfy5xw,0.5391578577332562,0.5391456711202091,0.0,0.0
YBxBdrzQZplVWNUymSGVug,oklGt-CSgK6EyAIUT94Ukg,0.5120382156107437,0.5120452308375962,0.0,0.0
YCPSELmCiZGB0xuKd558uw,QniIUsutkKPEUrwMvPGJzg,0.576195517251518,0.5433573065728251,0.0,0.125
YCrlaAAwOadwtd9W0cH6zg,zSEqhlaHqY8sIDxznturEQ,0.581648021222373,0.5433569565385112,0.0,0.0714285714285714
YD9-VUxnobct_Jv4E9SAvA,2IahpaBR4U2Kdy9HF28EQA,0.10527017330349918,0.10513789146995742,0.0,0.0
YEAQzv5m87g1MaoEtY9hbw,EUiV2nhMgXZHL--ofr3Xdg,0.5516501164598119,0.5432956387781079,0.0,0.1111111111111111
YEIZTgcM95btX9n_ibeUuA,t8wLtNmA64m8UtJ8eK0c4Q,0.5556172362279115,0.5432930391365521,0.0,0.0
YEwmI50bso_LYtuivsdwiA,AJoWmj-UR1NBB6oSNxP_TA,0.5614073590359127,0.5429495324010742,0.0,0.0
YFIk4noVT4mrdF2fiEr85w,frjcpNfDx3dnCi-8YCVXVQ,0.5818326377960413,0.542942940306395,0.25,0.0
YGUr57Zf4RYb7mswg32qxg,nN4-5uvtqTsBBI4Gsf8jcQ,0.5591111207531235,0.5429006025971809,0.0,0.0
YJx313YT5ibnMvsqSNhdSw,0bFgBWMmCTXwGT932s6z2A,0.567161306192518,0.5428441513542618,0.0,0.0
YK9kcUVwuI9j00g6o1k7mg,Y6K9DT44-4Md-ycMkC0nLg,0.2592843705179421,0.2592943181661464,0.0133333333333333,0.010752688172043
YMdXDiRiNoKEAFen3XUWFw,Pl4VWjRSuZFdhN7kczFfjA,0.5859383506056707,0.5426396167940605,0.0,0.0
YMtSZKXAFVzk0IEdNG9zMw,dxNrscJ65hB8RWkMY6lruw,0.5050890551445943,0.5052356275375283,0.0294117647058823,0.0
YMxOjiZfWyN94L8XkZGPRQ,aWQ2ObC8LoMCpl4w33mokg,0.4782059543074888,0.47805569835905376,0.125,0.0
YNFkP6HqZxwbv-2YMPyZtQ,hSusrHAzG3QUE8zrYqYYzQ,0.586230909112406,0.542575094332079,0.0,0.0
YNkDhu7Ba36mUR6vN0491g,2KjXarF28RIn7_APW1b7qA,0.5756419096163014,0.5424522079351782,0.0,0.0
YOxtL5o-E-aHrR4cgSFcSA,fYolPq5NKp-fTDHMBrCT1g,0.5414547148348253,0.5409284330336902,0.0,0.0
YP6IjFUxh9_VcFUWq5ru-g,pXKUrKDnNzEW9rD3urTA5w,0.5859383506056707,0.5424522079351782,0.0,0.0
YP8qxvmUKHdgZiJN0oCKLw,NfuQxhkadU9p1nFUs-2sbQ,0.5849001121473323,0.542446166823136,0.0,0.0
YPnksHT2DQA0AhcxP6udxw,iFunuVzrg10UesZvMPCHHg,0.4677363089152904,0.46772414793257683,0.0,0.0
YRwpT08JOsezBbBRcvpAGg,4EffIBpRHXJP0mNZeRAYvA,0.5772259129250874,0.542446051645065,0.0,0.0
YZtphZ-zlhiPjzcJjuQc3g,AcDQ4C7Plc0IOjMgntaoCQ,0.5663930843241863,0.5421906279601832,0.0,0.0
YdDhLRxF5UJQhQzM5IKjfA,oU-vzdE38Nk6gAr4yDy6ew,0.49847438920526665,0.49852132864261983,0.0,0.0
YgbIbmfDlB-bZSsjuIfKwA,2VPX222bhizLlWZrLQL3PQ,0.22721863790047325,0.22715768384545776,0.0,0.0
Yh4yCF2cjDVr2LSuphgrXQ,1PMAO9O8iQ3gIZlPEaJN3g,0.5777089283192937,0.5421890622670401,0.0,0.0
YjtziUCMEwEZNGHnGtTDdA,2pBNVsJo3a3CPbInUu9lvQ,0.3692164176214104,0.3693469135547339,0.0,0.0
Yk62SB_HISNsv85CDbVkKg,S2I4-Vjo6koQg-kiXwEkjg,0.5803684378457782,0.542180548929134,0.0,0.0
YkNz-yiDQq1hyNXStNrFkA,yTTsiHs9q4I1Mg7_R-137w,0.5726020819509033,0.5421608298991876,0.0,0.0
YklJC4Lt2rMGfV8JfrTtuw,sA-jrCH-R5741DQ3LWi9Mw,0.5802077263231504,0.5421528705319517,0.0,0.0
Yl2iZQZ4EB7N2vnZDYqoIA,jHZi9YI4zUWoBZ0BTj_92w,0.5795924248298417,0.5421496720458782,0.0,0.2222222222222222
Yll7kUVI7j0gArBMQKpEaQ,-KhT2eqHZUj-Sqz3xkt-kw,0.3626625142342589,0.3629507944106914,0.0298507462686567,0.0
Ynokyesqb9pXBT9EUlnAbA,GdEEibDpjjKVkEQzB6jiYg,0.5566875955240348,0.5408981760830727,0.0,0.0
YoxeI8Bnz6Fwg7glgRCDdg,GVzGNqMCzmKK_F6nFJIQiw,0.5803130367736227,0.5408678765025599,0.0,0.1428571428571428
YshBHMZJhbAJ3nmjr9xUGQ,jsZU7VLbyn50MabU86zI1w,0.5304585448477204,0.5304389508256715,0.0,0.0
YtKb_4jugA6VQaTxtQv5nA,3YEBcyWeqno6DzyZcEP0BA,0.5635654613125954,0.5408558091401764,0.0,0.0
Yup2oUK2tKI2vvHo3kmscA,vI06_INa6NT0HA2rCXZX0w,0.582862861827556,0.5407449556890445,0.0,0.0588235294117647
Yv638OoaYQm3qBuFm30AQA,yLjQA1TnnX0nGdsHJRwTdg,0.49763956759073236,0.4975495388304396,0.074074074074074,0.0
Yvb0rmlmEFNLIRLfCIjVig,xNFOIAjbqge_fqoUJu3vDA,0.42494037417952113,0.4248201326197855,0.0,0.0
YwkYSoViGv2R1-dYpzbebA,oc6_IVWcfALGuXM7ZEz9uA,0.5383906772376267,0.5383854419586677,0.0,0.0
YwlhxsSsa5WcrR-_myL9qQ,3yk9H9PPUTbPe6sXJqubaA,0.533609227974491,0.5335526151401601,0.0,0.0
YzpmO3Of7eXcL-Gtr7C0mg,I4DJFpNU-SSZImUa7JnqGQ,0.5840490663635892,0.5407399157971944,0.0,0.0
Z-WED5Dnx6Mejpx-_Agnhg,3RtMd3VZ21WL5auDr6Jp9A,0.5284653715921033,0.5284919574644811,0.0,0.0
Z-_juwElEmyk1QrwRw88BA,jjmXrmVu3fiZD90jLMqWjw,0.5096584744539132,0.5092721139745948,0.0,0.0
Z1AcC_khlMgMamH3XtH3-A,l5NgHzWPPHYe-ulHz6MYpg,0.5827024187291541,0.5407172559338709,0.0,0.0
Z1RfR8zskBy_c8vOAhDOFw,wM4Zy0_yibPty__-WMiSSQ,0.5068367227029751,0.5068391015028558,0.0625,0.05
Z2Dh3nBT7bGIS2IVoV2zAw,ceB1XkRoJLbBPScXZsAF9g,0.5568416122877717,0.5405675041958488,0.0,0.0
Z3AabbdzSsxPPC8Kgbar_Q,kXf1ub58e2IRQ3U7eEQjng,0.5685070189871597,0.540382574349572,0.0,0.0
Z4Bg-Z-_ld2onuMdbOvv6A,u4YM2N8-9Q2tr7kEU-ubGQ,0.5618247315965141,0.5402567853983257,0.0,0.0
Z4vlztrocJo9WWcL5TFeBA,WrV6iYQyaaOsfwk6fiDDXQ,0.5800608506722492,0.5402482665971049,0.0,0.0
Z4yrtVsQrBB5dTvAmrIBAQ,vpb8wjdX38PFHO0XoXzX_g,0.582862861827556,0.5401635141442263,0.0,0.0
ZDinrfm2fP1WIy6IqUFyCw,seyS6QybAaG_1spjTa6CGw,0.5780947046148839,0.5401075163281633,0.0,0.0357142857142857
ZFXvC4V-YU1U4jzVozqNUg,woNKqqAki96qvJX3JONQfw,0.577800536445226,0.5400659663639098,0.0,0.0
ZFcE6HItnUzgGPM0Uxm-DQ,hrAd9yxS_hsSqeAhOBeQwQ,0.5846072794309484,0.5400505072609998,0.0,0.0
ZKgCoC09-92hZAvq6CgbuQ,9DhjKaR2f9wKATnUvxBAgg,0.534960133368121,0.5349319319892344,0.0,0.0833333333333333
ZLW8u1n776S7maN4KhN6jg,WdUiTm8EZ6l9ukq9Hh32PA,0.5630763221214363,0.5399313550506503,0.0,0.0
ZMeRh7SQS_McYDhopPS84A,3VKYbajPpszKNFv32ey2dA,0.4939723389024846,0.49393298150735665,0.0,0.0454545454545454
ZOBR5vCG0QNJsGnucs2vWw,eaTElJi7NcuqPTYC0qWCpA,0.47579145165042747,0.4756894816477566,0.0,0.03125
ZPjokVSTWDyRMWxaW7z_9A,xJMIT3fJsbrGVQ1-AhQUvg,0.42928867626121514,0.4292190468257625,0.0,0.0
ZRo0TfOuUogoIHu7Jka5pw,EEnFk6b4kuoc4q3hRb5Lcg,0.5778560279152182,0.5399204568774847,0.0,0.0
ZSO7isM9z-BkHP0kyE7Tzg,cCIipUy2DdUS47MawgjMAw,0.5863909585303217,0.5399204568774847,0.0,0.0
ZVADnWGkKSOqW7z0LB9e8g,YdMKdHOPbNgzxrC7xFwL1Q,0.5464981234668577,0.5398998208227639,0.0,0.0
ZYJzr1diF0uwD4Wp7qkKxQ,j4Fw7dF9W8wV3MrJIKDldQ,0.578285938746142,0.5398176824727132,0.0,0.0833333333333333
Z_70Zl2SgHYmAfOXJQzXbw,uUgRgEdYbp4IPOUK2j-60Q,0.5754249246969487,0.5398079463096296,0.0,0.0
ZbGExfbZTb3IYZ2PxyFrMg,3XmJrin3l2fbTP201HElCQ,0.5773453036720892,0.5396859009875514,0.0,0.0
ZcSdZkosdUL3mFAaNS2xAA,ILyS_g3ogvCkD1-7_A1Bag,0.23181270856780578,0.23212473910954096,0.0,0.010752688172043
ZdJgP7puNRex0Hy4PWIcAQ,0iXeck2mrz9GVlffx6RF4w,0.5734872646235859,0.5396694962312963,0.0,0.1
ZfdPbQDz2hXc9x5r2LQiIg,3RvolkfkPzFkAHKWEG0Wnw,0.5491078416713907,0.5391940849911397,0.0,0.0
Zh7c_1oN5BpPqwyXF8dy7g,xhxP_Gixld0hhD74tqDLmA,0.5496829334393635,0.5391007820682517,0.0588235294117647,0.0
ZhExDd48ZtOj2DFjXPgfpw,tBvW2eH5DIwSRci4LRAezg,0.34997655744678563,0.35004757533897873,0.0,0.0389610389610389
ZhcVjB2jA5nhzpTKjuR5cA,SQCqLXBnzU3Bw-SiLLvgqg,0.5860846374521405,0.5390357378949537,0.0,0.0
ZipaR6Tyd3IandZHwG6ubw,SIc1YcqUBMdXO3LxgCur2g,0.34029045591759366,0.3398045313992229,0.0,0.0
Zl8jd_gzZduzMLN4_vUjLw,47ZG5ZbGjKypH194HA_HTw,0.5656959422900978,0.5389958438400904,0.0,0.0
ZllDVefj_NbGdsMUR5LS2A,6oeFoOXBcembgDTExuYYww,0.567494990184422,0.5389050215471546,0.0,0.0416666666666666
Zm3X8i9GsYaxdWHlI-WQwg,BiJx6ZmX-JIjYd3FWSCJlQ,0.5630343484381171,0.5386961681677388,0.0,0.0
ZnRFh390K4vgTvbNKi59GA,CB9wKiWLAwP6acj9Ld9uJg,0.5366178041361679,0.536607760713805,0.1,0.0
Znr5C75iByDDIk7C6wqgsA,NLaldZMObLqNSoEe7QzVCQ,0.5432951652492841,0.5386739282332902,0.0,0.0
Zo4JTq141zH5ggZqX7A7bA,SX_gjDkV6y3iWyTcK9OLcg,0.5451809934855015,0.53838013949009,0.0,0.1428571428571428
ZsAFRyR1J6d1c9MF79o2iQ,dqhpX2YseNDqoWQCQWSc2g,0.5638448694284747,0.5383742225225777,0.0,0.0
ZvUymj1wUdQFbg71XrA0Lw,g9pWS5r05_fttDfV_hAI0w,0.565524832807018,0.5383656986449178,0.0,0.0
Zz1utCut0psbC4brBjvSEg,uOf1XvY9yPEssWP8WBfgZA,0.5048358652329937,0.5048509888560208,0.0,0.0
ZzGTfIxIVpNP7PFbyeMAUw,mDsYJ6H79Eum9XsiqnvUgQ,0.5620580913941154,0.5377888642516153,0.0,0.0
ZzKuqTj_fjlStijadL5noQ,mtowE4p6gOgyGrHAsMz-rg,0.5515535462992466,0.5377823535024654,0.0,0.0
ZznSNkRERGH8l-wSFJKsEA,tdalPINw11qFnrb2YL0ayQ,0.5764760993688325,0.5377082277635022,0.0,0.0
_05DcCQmCP5aGnfCnI4r9Q,COclRBaXBjYpomS4syUmvg,0.24676944664850015,0.24677413565708578,0.0165289256198347,0.009009009009009
_1aCRm_YRJ1x9RagRHltLg,5yvs585-TDqiIJ39jHt8qQ,0.5856457314510642,0.5377011316434045,0.0,0.0
_3Cv3TGUPMgnq7aADi13Wg,VTOeRnkozjB4wLJhWhS3BA,0.5536247143609954,0.5376592767048624,0.0,0.0
_46NI0zcrnA0HFWdRmGbkg,tyFuhfn1BDGHWpmwpkwBAQ,0.5745471854530316,0.5375427115347821,0.0,0.0
_4g4EBJowOS_LXbyMB7DnQ,6ZDTBwyQqFrXFK0shwJRqA,0.5575799137017131,0.5375163150298116,0.0,0.0
_7V9Yr8VCMlLzykAo-Lhnw,i32_0bfMEpQxV_q556R6kA,0.5501667530038454,0.5374154744355161,0.0,0.0
_8Wq8lh2uJoMTftYtNAC3w,Sbr8tgyW9uaM594JIw9AWA,0.5533011456431093,0.5370590972291355,0.0,0.0
_8bELjUz5tnftBbXAxKyjA,rvV9TgsRtMnyTG-KfwaoEw,0.4870431124229274,0.4869162634908599,0.0526315789473684,0.0
_A4JgqZzr3rUsMgHfKer7Q,Bsq3-p3cDBi7bfgPDJq7aQ,0.5812354567197723,0.5369713259609554,0.0,0.0
_AJaYqoPRdN7sSxuMDQlVw,woJ6EMlZtBtpl8kG7aoffw,0.5853668548131021,0.5369713259609554,0.0,0.0
_BCDwsB-WFrFTzbOjbtavg,vt80VTnTbTloFODYKBFA9Q,0.5806584983078713,0.5369318416951644,0.0,0.0
_BDXbsPPdSj-MbdwdICqAg,TP3dM7jh5_pTp1DKci_eSQ,0.575648097730593,0.5368158061141846,0.0,0.0
_BVW1RVFyPELn6K_mhwIMQ,-cDVG1zBZPBYU3TAoshgxw,0.5285632292345563,0.5286255371068956,0.0,0.0
_Bvz01G9yJZoYchrw79u4Q,Xbx0B7y0MAKgR4tqQvWazw,0.5752840031395153,0.536753632137442,0.0,0.0
_CAtatmn5FKtMFXcyQyWdQ,6wzg18gopOI6tnj-7ElgMA,0.5276981866636459,0.527539661831332,0.0,0.0
_DGULHeb-Pk40QAywiG62w,UdJmsKwBvkHADwr8imRxNQ,0.5877065650934182,0.5367451040844806,0.0,0.0
_FNtyJvpNMnGmnO6QkCuOg,4B5ORibJ3vhimhW8LTY6Fg,0.5810886810310587,0.536722435391068,0.0,0.0
_GfI_1ViCDVW7WxjVNvl7A,BisFlwuKO09MQdmxwZb7EA,0.582862861827556,0.5366526715204923,0.0,0.0
_L4N2qjUUZWR9BELd4oemg,y8RbDyDJd-zGcgThqIZWDg,0.572874887393776,0.5362613752580941,0.0,0.0
_OB65sIprNs4eUm1SHjhxw,3hzIivDZ-K60Fha0AeqAhA,0.5706825977071176,0.5362272784099468,0.0,0.0
_P6AQUbyQltYRcQNrQ8plw,PLgwTcTuOPHvJhy7nGjx0A,0.2402728980685421,0.24069441320448579,0.0210526315789473,0.0084745762711864
_QDlxjPJf76c5O9OqY_tqA,WIbqJf5SRM6wxLeR-_hMnA,0.5403690866605702,0.5361679567619699,0.0,0.0
_QQHhERJ1WVH05Vc8AJ1kQ,Yc5HxVlYhixshqzTePwLpQ,0.5728971947925133,0.5361679567619699,0.0,0.0
_RHKuqA3mCHBaNyoljJTrQ,5QmWfGLN0E-cjfUs_Y3CDw,0.5677130002245366,0.5361028874296896,0.0,0.0
_RRGOrzVgsEE4MlHHZE6iQ,JYHpxP4OOohJqujb7PisSA,0.552553262812696,0.536077318751947,0.0,0.0
_Ri9vkf4KMprP_hIw3vW_g,fZ-VmEkeeY5_zHLuN9xHiw,0.5850741177821586,0.5360453791745942,0.0,0.0526315789473684
_Rw4h7U3Ap-fA90lsGjY6g,WH56nCM5KEcFKChDchvKlw,0.5651381101253367,0.5360100523342322,0.0,0.0
_S7PPbtL2kz-la9A4GuXsQ,bchZXVE4feVx4Q5rhIRCGg,0.509414641852132,0.5092661287313566,0.037037037037037,0.0
_UMblgA_K4QYgoyszy46QQ,wx3W6sRXMC1IPWRaw4Z2EA,0.5250734040757308,0.5250724751175782,0.0,0.0
__2LkeVwTuKar5AE95Idzw,5k1Hk_ETYdNASh4IrmCXKg,0.5739435862913104,0.5359953535838736,0.0,0.0
_ahiaZVH2uVzVaZ0SF2uOg,EfROb-PLUsXRrK0qksx5FQ,0.5508987206931932,0.5352892151071874,0.0,0.2
_czjtkS_XllCJi_1vBc_sw,5OpUORgAc84h2Z4ctxKCiA,0.5731804392951336,0.5352256786575379,0.0,0.0
_e9NcunDgXR1dp1XbP2Mbg,yefPoFFKlR9xHTqlAR_BWA,0.5605038514706451,0.5352234126446598,0.0,0.0
_evTKuGvzfQJzDlnf6FMdQ,uxxzyw4UCu-rw0uZiK6g0Q,0.5547310496797934,0.5351832380845272,0.1111111111111111,0.0
_f654bkrYdNs1wB_fQVS5w,b2WN3yA79dMvCUMywM3I_A,0.5657866595666192,0.5351665353541142,0.0,0.0
_fmZZLy8hWPAxYx7xt2Fdg,G1vUqy1-vDsCbCFrZkFnuQ,0.5553981357547407,0.5350460184133408,0.0,0.0
_g76dgDk1E9tC5TXZAF5gg,npyH-DyEMLhDMIqEedmB-g,0.586230909112406,0.5350444640731327,0.0,0.0
_hY_2sTgEqpKnwJxbi5a7g,PH41qdysinGhW9iRqQxqcw,0.5751366662548784,0.5346963748864831,0.0,0.0
_hfy-Rj0XtJAxaKRQmKeYQ,XuZ0PjtRiRCIOpzWTtQ-Vg,0.5731100905113574,0.5345955511506906,0.0,0.0
_jYVUusH2qVM5TxxkiWgsg,_Uv4zjcVEqyKC8CtWRZGzw,0.5830094619701813,0.5344614520853728,0.0,0.0
_ju1BXAF5g5QtAFfZZKO1g,af3WWbBciAD3L6I6ZuXGJQ,0.42252700295576606,0.4225527350556171,0.0,0.0
_l05Dd6BKBAiJKX71bLq6g,i3GAJ8IL6z_jXj9GLkpFpQ,0.5742662691799667,0.5344614520853728,0.0,0.0
_l2qMhWrwrYp-HoiBkfi-Q,nrkJ9yY915jq3LjWywkruw,0.572763561144299,0.5344473022562833,0.0,0.0
_lCaW3aU3yp-acJ8BnCLyQ,Jmlqb5UYfygtUXugrpywjg,0.3270061334225445,0.32709440202124174,0.0208333333333333,0.03125
_ljP8KWwMTSMOv_zGW6nBA,l8uzbLGk9CLjElcWGyBZ0Q,0.5736486583964592,0.5343600399400597,0.0,0.0
_ozCIOzZtIuAewuMYI_OqQ,EXTLMOTD6BCgKVogdSx3NQ,0.5646027315619796,0.5342619897001475,0.0,0.0
_qY6dVBchZloskbrvvxeDg,oBMzl8M5hexc1ZviiWl4TA,0.5857920485972304,0.5341921274967814,0.0,0.0909090909090909
_qidWi35H30-Rjn74a6ORw,zszv_H7xTUo6SjCebQbbGg,0.580019291641206,0.5341627936997174,0.0,0.0
_tTKZJ89dS404ZEVnHa-Cw,7Ojkt0_941r2_F3HdZOj0A,0.3442467592901428,0.3442986511852958,0.0,0.0
_tgh9i0r9WPHakd_8PSTNA,AvYzDybffU77KZdXZbTOXA,0.5529430512719942,0.5340820862700233,0.0,0.0
_tnLEdv1H_JYEcfWSpNFow,N9gF1pYdptTrH1thC7dX9g,0.5461399277737672,0.5340791684836003,0.0,0.0
_uEGd2Rx8SzViS9MuHNU0A,UPeIqSldWfA5M4gA--z-Yg,0.580019291641206,0.5340113291840808,0.0,0.0
_vwnAL8mXsf1xPDsljllvg,7BZo_arIR_qvyyVMRBxQDg,0.5844884636911326,0.5339971776025701,0.0,0.0
_ws0jviXOt0PXezpUVmHTA,zdG9d52hqH0JIk65LQzcaA,0.5678918812337981,0.5339567966641702,0.0,0.0555555555555555
_xRXDraCnehWW4mpMsfP2A,IpfLdeexrKmIsQlnoW9B-w,0.5769177014916097,0.5337419713646543,0.0,0.1
_x_4r6wNkvWjxjeUQ0jRKw,rH0FgPdxWWhH4YFz4mempg,0.586683422823473,0.5336687580579452,0.0,0.0
_y1R6TNotvVid2VzvIXHiQ,-6TttC-1-rf5gC0QHWrs_w,0.5786828745417195,0.5329711954881138,0.0,0.0
_zA3_LAztT_qJ5IVLHaNbA,-0__F9fnKt8uioCKztF5Ww,0.4824330594410236,0.48208934507923695,0.0,0.0
_zDW4XPZ9w0Yvg6cbSeffQ,vxiJGUttvQkNim9Sa5KkLg,0.5879987527290672,0.5329649661761341,0.0,0.0
a-MYqHxvpmCz3ZXy2illiA,0bqfOY_rF8HCVrDMgnWLYA,0.3882204324086875,0.38824171912003996,0.0222222222222222,0.0
a0rBn7usm4HTnPcz_Angmw,QkcPjBcJ_ndCG60HWfZ-fQ,0.5516663750610539,0.5329189317339633,0.0,0.0
a1a1RgfaYBeU-jGEgbJj_Q,WZM-G0aWjfTc2iXo_GrGEQ,0.5704567787011866,0.5328471660806376,0.0,0.0
a2FCobBzFzC62IbHPa_oIg,lSfC1z4mUX_gyDujuB-3og,0.5725198878296489,0.5328471660806376,0.0,0.0
a3oQcnZHbFooAaevF1IjbQ,3qGQcQVEn8GYqkVXL-RS-Q,0.5650479286762186,0.5328410471648866,0.0,0.125
a5dAEJescHGr_srX8Ckg-Q,4h5-Tyev0jX1GsuzUo_rYw,0.5404856921075204,0.5324311984426298,0.0,0.0
a6t0nb4DrjbCb_gH3Kz8SA,xsbUN2133MlOmQlAqRPVtA,0.5396446873899898,0.5318731765034154,0.0,0.0
a8VS5iOxeEIv3JnUiQLF6w,393l3MHNAqKv2srwXJ8cCQ,0.5074435415878091,0.5073918021740813,0.0,0.0303030303030303
a9K3jxNUUe6jr1uh8FsakQ,51BQzF_4dOOuIO9s-4Ropw,0.48864019502126804,0.48859171561063197,0.0,0.0
a9hEzGG5mYH_sus0r9xfLA,-ksLHy9XXZVYuIVowdRc_w,0.5441594624629992,0.5317906690678504,0.0,0.0
aCAsjSh0aaaq8UsPHGtclQ,cVxy5TZv6dAm0KhkpktFcQ,0.5818224154421318,0.5317796784636227,0.0,0.0
aD-6NpNI8tHRGCu5EVLdAg,AHzR6p7UMKsRG5RnjkSONg,0.5625593490237909,0.5311649155502953,0.0,0.0
aEEC4D-RylmiUyephE5t_g,nSKLosQgplp35Y5MiYtOUA,0.48926321165357184,0.48930302096165723,0.0,0.0
aHn7NOKQi3XL9_AghoBP1g,a42bnC6qseReimp6Ot09lA,0.5850465060330642,0.5309808039586823,0.0,0.0
aI1uVR-RPsE2TmrLJfcZ0g,Be8U1wz3as45341ZFYimIA,0.5779969347520422,0.5304187869148048,0.0,0.1176470588235294
aI2w94F3TvIuPTcflKVCJQ,_tC4lXqwdfh3fbjuP40Bsw,0.3906008147036897,0.390481327843657,0.0,0.0
aJpDjaMVhWZRLdwZtqQjEg,9ZGG0q8GZ3Mh-HzG0livdA,0.5422284801026119,0.5303935065347908,0.0,0.05
aJvxWyQIG5OLfBw3qAe8xA,2WHu0k5VVM1Pn9AFzkSBlA,0.40522878317495314,0.4052282498690731,0.0,0.0
aMrBA4LIkGx8CYM9ZbKPBg,Af8k2BmCIBjxhWiHnAfGnw,0.4069113182904272,0.4073888177241376,0.0117647058823529,0.0
aNXw3PkXVt8ANwLyCfcmpg,dAtU1ilhVlt_uid1vTTbAQ,0.5641099234646979,0.5303432107566642,0.0,0.0
aTOCTSi1GwigOEcqOKRwFg,hK59rATCI9o_rmeQu57RWw,0.5735289947690373,0.5302426903275513,0.0,0.0
aTWIhy04A5TA0WTckxu8KQ,wDOWuUyB7DzYRaYZYI-YNA,0.5678873400283955,0.5302157239709876,0.0,0.0
aVmuaNh8Z8gKSkoP418H9w,L3u4I6wHtwMQJ-ZtvfrkkQ,0.5416552938920453,0.5300994824146354,0.0,0.0
agXGQ4DH4SqxtJxBHKjWIg,968Pa4ZZRrRLW5KeWL-k2Q,0.5019347898493423,0.5018773836593112,0.0,0.0
agnZcb-VR74GN01_8pHb7w,5fb_BPmweD9oapVqJrWNcA,0.5124623180899072,0.5124640162355226,0.0555555555555555,0.0
agzEfydzvZWlbzpcMxLPBg,3H_MN2ecWlBLsUBWrjs8xA,0.44301374271047955,0.4427907241169607,0.064516129032258,0.0
aiTr5RX3RkAwQeCswBaL5g,phE5cET1ucZrGdfd7-ZY3g,0.5785358529234915,0.5300672500336422,0.0,0.0
aj3ESi3I6WNzGWp3j6OehQ,nKdvOAenRN4WllzGJ3hd4g,0.4064975356541491,0.40743193487466667,0.0163934426229508,0.0181818181818181
ajfmcCilbPMKb_VxswIuQQ,RUWCx8WPhq4JwQjv_eGZ8g,0.3709549553944708,0.371217495917824,0.0,0.0
akXpyB0xk_woUvqnWiAE0A,xVbVhae2MfC_7-2bEAVg3w,0.5528654671128497,0.5298310153692642,0.0,0.0
al3Ri6TEqa2rBzjHsn0T_g,vgaDkuxjt8-w-0PtE8tTCA,0.010231594456888336,0.010458306975798826,0.0,0.0051546391752577
alpF8d_veJy9Isk6f7wgRQ,GSDxAWLxm5OtVptFVVVpOg,0.551985291126284,0.5297792746837693,0.0,0.0
apswwLV8HHRmBMPrESCZoQ,-TboXPMTf45s24FPyD8OAA,0.4995678538026043,0.49988833690459183,0.0416666666666666,0.0769230769230769
aqcTydf-DwI8GBBB2f2_SQ,9shXDmiEvRLgD93R6KlPNA,0.5669713859839858,0.5297282296947077,0.0,0.0
aqubLw9IW03svL_uDXNJ8A,JjSmcvva7SMj6-iXy1dYBA,0.5764760993688325,0.5296432263554407,0.0,0.0
asCtJ8rvzle36-vdNZb0kg,pnDavnO86ecVdnecksUW9w,0.45705199034111466,0.45691072795327664,0.0,0.0555555555555555
avbMNfxpo6A1A5ldMAJR2w,kUfUsNfgf0PFRH9d2bLSOA,0.5746027897092271,0.5288499749356994,0.0,0.0769230769230769
awVOmVnJj19k6fumwfih2w,oKvzmVhA1dKf-UARX4EpzQ,0.4887733686718514,0.488708863657741,0.0,0.0
ayw971qfS9gR4jaO7c69sQ,coBMIDJvLpiOCQhu3uM4MA,0.5547714781224405,0.528824910800637,0.0,0.0
b-XcM-IyX0mNDlGC41jrPQ,J-Gfo-YKtgFPSgCBZbT88Q,0.34245368178395913,0.34249938177161515,0.0,0.0256410256410256
b01W9cJtcB0dtXqnNtsstA,jK58-2RpBsUbGKWRo0NlYg,0.5843143869501808,0.5287728181333767,0.0,0.0666666666666666
b19zKm5WRczDGna1bV_Ghw,RPszRvgRQR5q7WMGhVNLCA,0.5602276676466332,0.5286538784925313,0.0,0.0
b22gesyVeOOJdsbx5SxK-A,GTmwc3AWVB756gDiuHwtuw,0.5824368045231287,0.5286482540547416,0.0,0.0
b36EeutJRvowZMr9TpQm0w,29YqJwOGEuAWqlHZxMc1OA,0.150476095641648,0.151588133669484,0.0,0.0043859649122807
b5ky9SyX0xm6bNs7r_bQ-w,QQq1LwR-X1ZdpDdYIzNh2w,0.5125608794507546,0.5125129642387762,0.0416666666666666,0.0
b5vN05m7zf7cQeIgdw9L2g,3RPeXlx93lC_W3AH89-SjQ,0.5613757393624663,0.5282896860325899,0.0,0.0
b92a3Va0I403KTaZelSdHg,x8xBo3sEACCBBFWXMptnog,0.5549013449977581,0.5274049632894131,0.0,0.0
bACIZGdHRFfNtrufH0wMbQ,hr1XaVzp6htS41LjwKjIbQ,0.46267774576688364,0.46270680612966847,0.0,0.0
bCEZL0FqWYvO6VubTieN0Q,iOJze9_E17l6DLuIib4H9Q,0.5565906724265429,0.5273627465726011,0.2,0.0
bDgmtVzsDOE0hhX0q8YAKQ,bjxpXg1gOwHsN_yaVzJCWQ,0.5869758259753751,0.5273610194648242,0.0,0.0
bF30LqHuXYtR8ibaRbq2kw,DNMDGalFejExZqwb_YVQnQ,0.2760510239011743,0.27782032759373837,0.0074626865671641,0.0352112676056338
bFQ4ikRVhPDHUyi6n5jLag,Pux_7mToiJgXRjVldmLkaw,0.5770009845903981,0.5273201304389082,0.0,0.0
bGBK1r0I46Oc8eU8fNc0bg,h5KYnGUvF4XXuy0Q8o0HtQ,0.570325530376816,0.527207797917838,0.0,0.0
bHj1XBczyH84HpDOnj3gWA,DgF4_72z6UkiGxtPnSJCfg,0.5796303760200412,0.5271965453889818,0.0,0.0
bJodYUhoZb-ewnzZS-d3Bw,nmDK6a60DErPjLD9lxcjfg,0.4901513348864724,0.4902236543100334,0.0,0.0163934426229508
bKIl8WELw2a09bdeJHU3UQ,y_s9BsVRsAp3hzNVXUichQ,0.5722010789980978,0.52718956863483,0.0,0.0
bL2bIVv0CFyBp-_XijGzlA,afkw4ZMsFhMyWpYn5xHCYg,0.5599024987652899,0.5271870593379648,0.0,0.0
bLpmJpVfP9sRwzhlnJ2F8g,dLXkx82ZMsR5NLkCRtg0Dw,0.5687547719197971,0.5271089930476565,0.1111111111111111,0.0909090909090909
bMjwZOISK9cnnF8L5jojDA,p0mxscqr7BgMR-I4pGM3Kg,0.3545580996383479,0.3547510578295002,0.0,0.0
bN8LCQjzfbyrjKbHxRpSeA,n9mvAPvzNjEE3qmly4vOLg,0.5119387514528538,0.5119279424144362,0.0,0.0294117647058823
bOwcOSdNbU2f3obnKZ2_SA,Nr-ew8B5DBXIhdt1oE9_-A,0.5786967397407276,0.5270013472921896,0.0,0.0
bP3woTpfO9XZ41_e7TQdMg,TCYDFBbn6oW3sTO9Ub2hCA,0.5347517617980475,0.5269526365030468,0.0,0.0
bPv2SwR1h818VsgICL_6Ow,UpWlqQ_jrTF4JAtdGZL33w,0.4629202227666802,0.46290792049966745,0.0,0.0
bRF8nyWgzrzhQ31NoflMBA,VaJdXHK4VQDJO-idOGFbxA,0.5565176324595482,0.5269101082280936,0.0,0.0
bSgnLV5MkJycHpv6l5cnNA,IIrLSevZ85oGWw31AaAOBQ,0.3750802183431512,0.3751655346587827,0.0,0.0
bWJZiwXPWgtlmDDyt-YCEw,phh8Fo60_xBmNXyvdovTbQ,0.5250992736337957,0.5250891687607764,0.0,0.1111111111111111
bXsc3GrmXs7qDSB5ujIISA,ODvaMIpjD6bHiwQ9-kmECw,0.44351351583238785,0.44377989432051984,0.0,0.0185185185185185
bZbepmBtqt5A-p4x4CWh1Q,UjXH7iq8eYauQoGswkxGYw,0.5239709457744278,0.5238703114848929,0.0,0.0
baclz9iSEvG9HvEt7u0Bwg,rOgdan7fJiLo0FQ2sUGwjQ,0.5278969253625149,0.5267987124482981,0.0,0.0
bbo8Wzh3LFrysrdaLzufsg,tX7fAS6C9vArD88yaPeqnw,0.5720256237957558,0.5267189003304951,0.0,0.0
bcxxBysUzzI8MlotsIG5zg,q4qBHYyO9d1aMcHUXJJOvw,0.575873216665739,0.5266803611235726,0.0,0.0
bdRy9zeUgvcMkNhmr4QBqw,QTjtz-bfm8Yrrv6t0PP0FQ,0.38653246953118,0.3865227335629006,0.0,0.0224719101123595
bdoSOSj1LPSAlNoKezVdLQ,lsyCjtPSGw-wfG6bn7_Wcg,0.19240921380071496,0.19241898889049205,0.0103626943005181,0.0219780219780219
bh60ZTqnciiH3FlTUJ-6iw,xR97Lcp_HwWm_yaBlfOXTQ,0.5692325099837751,0.5266724621801829,0.0,0.0
bhAalBOH552_mOPNxESNQQ,GE7eT64EHR6udOZUaP3yCw,0.5868296320541715,0.5266236533518114,0.0,0.0
bkhCiUVfelcjuLG15iSddA,GqQSFMLaM25zcM5OnCWnnQ,0.4725654767972002,0.4726263166232185,0.0238095238095238,0.0
bmz7gDuJCwEd7nppmb7pjA,4cCiiDSJ3imRXtQznXPKPw,0.4328966380784193,0.4328540133290707,0.0,0.0
bnY1-1e0XdPz6zTrG5dacA,kvRjzneD1FWh4Szb-trL4A,0.5665690990057177,0.5264733305929389,0.0,0.0
bqEuDKbVgOALSAkYh_TVIw,5N33VO4gB41-8Cqm0FzbGA,0.5722846022149335,0.5264506027200129,0.0,0.0
bqT9LFxOiV9hr0361Ph8rA,pMLv5hzklGgcNMKr4xnhbw,0.5668093733134668,0.5264396565587997,0.0,0.2
bsg8I5CyuHEEKcg3VSo7Pw,4_erkkTFhetoDkez-guUAw,0.45954927025680375,0.459742809372256,0.0,0.0178571428571428
btHprfNAOx7akqU-VDLDzA,mUPwpNYMyoqxqXOmUOFmSA,0.5735011747883643,0.5264062075322313,0.0,0.0833333333333333
bxSy7cZC6OFXNLAV2QPOTw,J1YFY4tPH3JmwfM4o0p_Ig,0.5321597830726869,0.5258719918351208,0.0833333333333333,0.0
bxs7csQi0UWO2fgGLxoZXQ,C6AiAF35zwpAoK5jjm-nhA,0.5445969654113283,0.5256010746974782,0.0,0.0
by8mvBBS0pAgq0cMJpRY-g,LCS2sJH5S2kFquIL_FIqAg,0.563655639470184,0.5253698441771955,0.0,0.0
bzG2ul_mhdPMvhxsn-8EEg,HkAFa-Sxivmj-QSvJuPiHA,0.5234935624479121,0.5234659036195083,0.0,0.0
bzQvlz7oUKFez_XMYmfjtQ,s0VpsfcyxwqvSGvvTPyPiA,0.5434003224615503,0.5253476676753421,0.0,0.0
c14bGBk8b76o7No3fdbywQ,0oX6TJp-yldw9ZNl0ACd8A,0.552192212278335,0.5253444094207849,0.0,0.0
c9xznvN0pQeFwzZCPbO__A,jSP0rpPCYJ-FvW6yydY8Mg,0.5620410566173083,0.525133028546969,0.0,0.0
cAZzKens_VhKXw002XfJgw,MU7zynS0IW_m-d54qvkfPQ,0.4986381929126422,0.49862476122447785,0.0,0.0
cAgokhC70lhtn5jyyM8enA,_2KA4HzZb_WxiBQefVV9xQ,0.5222055140576747,0.5221838580588608,0.0,0.0285714285714285
cBZJKUdFNSKHLI27Efy-uQ,IbpTkANgK_6LgJ_DaS94YA,0.5863909585303217,0.5251202130458196,0.0,0.0
cBp1fn2LXpSHe4VbTXLYEw,B2KGQwnxjpdY4TIVqmG3XA,0.043516699716317206,0.04367826704656871,0.0351758793969849,0.0114942528735632
cCwGNGOCvhigKOLSFUaVDg,KHuc3PjQwmIUlMmdpTnfZw,0.4689988047685912,0.4687718851209582,0.0,0.0
cEyPNMvOehbACz_t9p2yNA,iZNVXy87SXHxlK4I2eLJHQ,0.5779476274432599,0.5250691156944565,0.0,0.0
cFFUSPIJfjm5pbgLGu91XA,zwe9H6Xxqb1_E09A20Ptgg,0.5406796849630888,0.5248786819096637,0.0,0.032258064516129
cHOZWSxi93qS9FEsQAonHw,3C63o6HDQNbIH46XpMn34g,0.5429091138337129,0.5247769223518304,0.0,0.0
cHPeulZjtuyuEJHihAYQ7g,6NpEFQgyQVBfwXNkSuLf0A,0.5137151867473322,0.5138403361370458,0.0,0.0
cIY42Z8avTO0WCl0uY5anA,KOprnHl3K-oXWszxZKESow,0.5786967397407276,0.5246428040348737,0.0,0.0
cJ7qQ8NpF6OTqFye-l4A0g,LkmyxPN4L99fSZR76tV7CA,0.3775430174118035,0.3771465154414657,0.0208333333333333,0.1666666666666666
cLNyFQ3T7p_Kcf09IburKw,2PjqWbfEefH1AMpL4opE4A,0.5877065650934182,0.5246038060491677,0.0,0.0
cLTASgist2XiaBy6mnjubQ,Ve3hy3HV40OKUJIcZAK8qA,0.5574315181156012,0.5242386781405538,0.0,0.0
cOoTIQ0RcudE1R5aRVZzdw,1ivYXPfJCuOrh3O0lTW_Jg,0.4205424318164904,0.42053060768432043,0.0,0.0454545454545454
cQWrKXD4Nt9Gv-xk609Jdw,hUcUvCpETeN0hvN32zrOlA,0.570579380455909,0.5238414068964677,0.0,0.0769230769230769
cRWfG4bnVec8tiF8VAycyA,e-uW1RrJGc0XqB5_Q2HKBA,0.5698645950977311,0.5237014302523801,0.0,0.0
cSJDhD7a--7nY4TWAVg3sg,L9QTAucz_in5f-ufCrvb1Q,0.5654763864438481,0.5236957999626254,0.0,0.0
cTAJ9PrmTvJ6mvf8Uj3hYQ,cm2FwmHNxg9LCzOFdwEJSQ,0.5581104894080752,0.5236272887253204,0.0,0.0
cTSczU-9-cYUEM2DlNJcQw,J-iale4ilYuAXjnfLyYl1Q,0.1445831294938422,0.1446774495208855,0.005813953488372,0.0220994475138121
cUKteyNt2Gl-m0h9uBJhlg,rWS8yiQtgtIelNX8wL0KBQ,0.5567153062535644,0.5235458958842031,0.0,0.0
cUYw6i8MF_2WEdd2d8t9yg,zXCB28oFHB3SFNPKIDpdfw,0.49443938752810823,0.49449610716133574,0.0,0.0
cUvwzWvx1rNJ2wZ8hEyNaA,ZcwUOOhNNDyRrrq8_bx1gg,0.5253965808249627,0.5234222997204712,0.05,0.0
cVBxfMC4lp3DnocjYA3FHQ,zjNcjqgQlPrbnn-pV5YCSg,0.5624548465370128,0.5232882669627437,0.0,0.0
cW2jouXxw1XFN8t35hnrDA,r4Fb5mUHIhjjpGABPGitqA,0.5555876164873624,0.5232830883389531,0.0,0.0
cYohoNYuY3l2Po1BbSr1XA,y5JFtXvdV9hUsRAZS9v2OA,0.5823953113457102,0.5232019931757099,0.0,0.0
cZqYh_HZB7pS8N7cQkIw6A,jEKE_T_iTSCTehiB5K1CvQ,0.5538934185937235,0.5231254603335832,0.0,0.0
cZvHhdp5bDqYFcVfRDER4w,o30cpvfgxHr6NQ5pvSb0Qw,0.5860984332894882,0.523109952966774,0.0,0.0
c_YbtTRac_wv5jpzLQElsQ,zp2q74KG6d7CTsRWYrTecA,0.55309210410691,0.523109952966774,0.0769230769230769,0.0277777777777777
ca84zCcwO52EgYChKTseLw,D7zxhzUgeZhdAYvQXKvkFQ,0.586683422823473,0.5230995411095571,0.0,0.0
ccH0aidX_Z7FeAGW2oejog,6QVxSFKlw30xCyJaasql9g,0.5471803781916769,0.5227345278935066,0.0,0.0
ccSzXV4wi2cJPnkfP7xy5A,t1bLT6fQTKNhJnIlccVPFQ,0.5844608406489441,0.5226570200601707,0.0,0.0
cfPs7KkYQslLLlH9r83vMQ,Pxc8z7VOtkGNerrGvqzdHw,0.5455082101530906,0.5226115300492342,0.0,0.0
chMQVujO9guhdS4saUXAQA,MoSyhSKj62gqBJyR_e5kIA,0.5572247366915843,0.5225309317149242,0.0,0.0
chiXVs9fuaXcxb0OHs-Kig,V5Bb9StvahgCSkBKXHMW8w,0.5667674823270824,0.5225237259022457,0.0,0.0
chktpCblpN5Kd_yskQXreg,LGY50abwQOxJPkq0NKe99g,0.5857920485972304,0.5224327152997993,0.0,0.0
cjNiQ1g1VF3rU3uF7EN3yw,jqK60MutY_MDmzgG1aXWLA,0.5668083491416734,0.5224270795591431,0.0,0.0
ck0PpuchJLrKdxW5xND1lg,G7g_qBWenj0McEQW1Nua3Q,0.5739435862913104,0.5223135685218355,0.0,0.0
cosvZvfx1ElZsQV5LW3X0A,qgAIg5FCQl5bUNpYvg_SbQ,0.5835818955575885,0.5218312703886376,0.0,0.0
cpaMCrmG7WK10tJ4c_GXow,igrDOacqMn7mMn9ARiX5Og,0.5504933401900682,0.5216180441313533,0.0,0.0
crDmS2Hux1Rwgylo6S022Q,2w2L1VAFAY89zcKtPC20jA,0.3899857591077642,0.390001456203311,0.0384615384615384,0.0185185185185185
csykRUzx15yMpFbzD-BApA,USakOUYTZZj2_hWfo8vGzA,0.5736229361483958,0.5215553804874253,0.0,0.0
cvCNRnspcGjrOVMaNtdghA,-DlF6neBa1HKx7aFi3ZxOg,0.542601865156897,0.521274529758231,0.0,0.0
cwvpVlg5BE2XXRWTHe3p9w,JrlYnMIFLq2NWLk9EbM4AA,0.5525813831937122,0.521274529758231,0.0,0.0
cwzn8WC2mIUvC4DaXqhsSA,dqKqTOD8lUQtvDsG_gpGhw,0.5788437460917634,0.5212220289632141,0.0,0.0
cy1qlowyE-zHmzfVyBFOJg,M8gqtBtaryMw4a5QStE1QQ,0.5665349472273542,0.5210381180200334,0.0,0.0
czaPJbUz2-Y8_t2bBN7djw,If7JNzXZB0S5JMG_kFNg5g,0.5830232873815275,0.520993397711236,0.0,0.0
d-FXBUOsu1KXFypLt5bGqg,1O-cOXmPlowTmoGgMi2Vtg,0.4446235606697132,0.4447896173843543,0.0,0.0
d1UaH-AOp68jk4W2uxuR_g,AN0zjd-9W1vq1AS9UnOWrw,0.48534645159643,0.4853885075097426,0.0,0.0
d3v51cMiLdNvn0GevIQDeg,a8yMJkV276XMHh3bJ39odA,0.5680744920663476,0.5208422715624328,0.0,0.0
d4qVVElEjQrsKBg3ytSWww,3qZiXA_i4eQ3i4_QXvkhPA,0.5828490349029001,0.520829639208278,0.0,0.0
d5WQMTNea__i3nUjz2qYdA,c7GJVA-6lQxcH6QkrRiW0w,0.5735429045848899,0.5201983583399054,0.0,0.0
d8FgfM31dou00aYDqfx9Dw,TtFwubbGIKnVsx-0pa7KiQ,0.47356022933814235,0.47348820134017344,0.0512820512820512,0.0
dAKbutwo3PmXq1G_EMwDlw,wi4F4NUvxn7UWHvQ1Iiz7w,0.553682790632765,0.5201927245793997,0.0,0.0
dB0h6ULGQiFuhE2G3zh-uQ,hGH63m6UmnruW3D-WNQ-xQ,0.5579054436551035,0.5201812375565943,0.0,0.0
dBLJTwDHD_SHGnE4gwPWMQ,pPy84w7aFZ6kD0qvMT_0Ng,0.5813545363946495,0.5201449276780482,0.0,0.0833333333333333
dBNfyR0RRX-w1SMuYYF3-A,f8d5NwkN4F2-mpx4MMDf3g,0.40801036345112995,0.407939015237126,0.0,0.0
dBuXIPjZFl1u8WZkSsyJ5A,tHrf1mS06yMxqF78Ormyuw,0.5754313266478732,0.5201131929273559,0.0,0.0
dD2p903p8lU0IgXT3OFluA,osOONoA8wMF5ZpLWUS7VOw,0.15316046201452713,0.1532634069048633,0.0049751243781094,0.0
dD8qp4Ro74EI4DqQl8FFCw,icZ4cBKO1VvzWnQxgzejog,0.48620366584534985,0.48620366584534985,0.0,0.0
dDaMtf0K5fwPx2vhthjnKA,hg-2O1MpZ24DhhR4WWofSw,0.40526948115350236,0.404948766563551,0.0,0.0612244897959183
dEZoHywgbq5mS0Ytv0vSHw,PPnzhVLbyGbYdSGmnvzdXA,0.5515541418910708,0.5199574890947433,0.0666666666666666,0.0
dFTuCfvTv8b7UK-quUWY9A,b-4xNydyGmdv2bGFOHTgdw,0.5088555972070944,0.508683476419887,0.0303030303030303,0.0
dGlMJzK84qUU8zwdbjUjmw,K9urrbEJ0xjKiZ5nCdv9xQ,0.5648192997664842,0.519709885260516,0.0,0.0
dHV0igKxOKZgl-P-eQvqmQ,CGaaHAG28nnxMpbvOHhO-Q,0.5692325099837751,0.519474102512512,0.0,0.0769230769230769
dHY0EBrKi7HHjsQoK0inUA,PHdkmST4x79cJIiweKP65A,0.5736347494657589,0.5194624572137138,0.0,0.0
dHaml_FHbs_wSyl6vvKpxw,33SwdKTU_hhGbb0XZbElMA,0.4658909884397073,0.46594360954707603,0.0,0.0
dJ6M_mkBIkKignlonnx9Xg,XjXqBCD1Qyo7RHGGh2eX5g,0.5778144094969194,0.5193277559767263,0.0,0.0
dJffXwctyNWkW0m0jVHE7w,H-9b7h3NAYamWPH75c5_oQ,0.5622855482626856,0.5192441324851945,0.0714285714285714,0.0
dKfm1sngKAGthtEuW2fVWQ,6OJKoWZY-lLKM4zRcbauiw,0.5410036264169141,0.5184213956912994,0.5,0.0
dM5ZRYT1SUO86eZtisrKfQ,Xa71VM37G-SdRmGjc_VzCQ,0.5272358592940198,0.5183402562568609,0.0,0.0
dM70fyF9wqjsmVsJ4gHGyg,VF-xxQsEeWYwdqiGVC7L0Q,0.5544764774111745,0.5182437047384766,0.0,0.0
dMOwtXTM1j_RP18Wl1RC-Q,mhj9KWNqKnEAb55-94ZzfA,0.2716058397585365,0.27169150856339797,0.0085470085470085,0.0
dNC6G1FhDVQA5D58Oyg06g,MZssFQddj218X-68N5XwaA,0.40668783918402734,0.4074599017041033,0.0294117647058823,0.0666666666666666
dOkg_xoAt2unx0ninDN9TA,zfqfw3FizcBMfU1vJvLWMQ,0.5727583401973004,0.5181593043717673,0.0,0.0
dRMkNHJbUwHWY56vem8V_w,E0EQvhXujng20fskiuZWBg,0.5707243968568109,0.5177330819716742,0.0,0.0
dS9HVkAU9IwOIjl4UdJvhA,ubRXFSsER3_MYb4BmvvnLA,0.4164668667304778,0.4163992357158717,0.0434782608695652,0.0344827586206896
dTYTEsIpXQAp_frB6UYiYw,48hwr-F1xEFfHdTD1ueE2A,0.49476253049566826,0.49467966763576354,0.0,0.0
dT_knPUzLKzfh2extWQPsA,Ev5UloYOXuw1UTxBKYVXuw,0.5354392457362748,0.5176559784166288,0.0,0.0
dXmx686sTWcyTHB0vXm5JA,qZF_3GegBnpVC4PjAHDrXg,0.5804737371310554,0.5176077043944269,0.0,0.0
dYMb9V0rUmspH-59KnobrA,30QeVr3702wSurnf-kLHWA,0.5585075235107692,0.5175570826102416,0.0,0.0416666666666666
dYq6OUxFtMVHwqcmum5kOg,p8sgZPvVq39bIklMO7x6ng,0.553759670395077,0.5175489225835826,0.0,0.0
dZ0ys95zBvv_LD6nrwhtyA,x4BSeDfK8AFeguTRELNgUg,0.502376075848487,0.5023526341458907,0.0,0.0
dbq2TOIs7moyrY1sfo2iFQ,13oEDtCHrOvbhsHzno2Vvw,0.37184864636153986,0.37191190680639474,0.0105263157894736,0.0
dcpWZ6Yk_S0HqTlNBi8jiA,ql_-U6RfqR4hbyZfSIZECQ,0.49151847650227704,0.4913990872756463,0.0,0.0
dctMpMdLUMad1Umh4knaNg,-sdxKwgP6209YUfoFiVuTQ,0.576314985399167,0.517406519131874,0.0,0.0
ddOSzwvJSdM8inofl-ybdw,G1q1IeNbiRJL5bReBLFdzQ,0.4216930108709527,0.42170793690363456,0.0,0.0158730158730158
de5kSvAoNNGpRL3dHRPqXA,I5pKhvba6BZhpHoNqNPkIw,0.5809280461702537,0.5173041576227034,0.0,0.0
di2U_tMQlkgqwblvjdcXcQ,BZUlza2S5sfavO6UsS5mNQ,0.41728957499949454,0.41680561164296825,0.0,0.0
diKcuTF11thKjScDB0AATg,EASb5k7y_w3fEaKEvpt1SQ,0.5760621519322814,0.5172757569461875,0.0,0.0
dkxB_I_3-63HJMmQszE0Kg,lra78vwjx7YDfkoblGurEA,0.4909765562920694,0.4907695648926128,0.0,0.0555555555555555
dms2DI0DgFicvwLPlELlKA,XzgFo5jFPBgeZedVWpwL1g,0.5773262201619352,0.5172654791501102,0.0,0.0222222222222222
dmx9rfhDOixCsCA_DcsEEA,d4FXXwFDzUv8Qu4hiqLUMQ,0.3073968649032108,0.3072782010047687,0.0235294117647058,0.0098039215686274
dnQMntrmickWGYLB30KBEQ,jwkgVfSLydNMAF2US6bL1g,0.5195947430218021,0.5172201095066774,0.0,0.0
dogcOCiqIr3Q09VW_lFuEQ,1-mGtpou2HFwVhUmwUmS5w,0.5565103508009489,0.5170172178475897,0.0,0.0
dqdEPiPQugiz8sIgMqXmiw,EvImrqBh6vad8AxN6KxJ3g,0.5424240722786531,0.5170082536168815,0.0,0.0833333333333333
ds4P0t6Wp4Q8o-PVnrr0pw,KZNgXQJ9Qq2LNi_xOebSvg,0.4352666752918263,0.43516660016595804,0.0,0.0
dtg4q0ZfJZXjRpaPJa9BvA,u08-CrCg_f9sdGD5BtL-QA,0.5650038921111953,0.5164149008413506,0.0,0.0
duH8EuGBJPTckGe0s23ecA,AmLmrWRTBmtlAZHwMFrWDw,0.5764622145752729,0.5163888491194225,0.0,0.0
dwoqTu3q0D_T2UfT7cgHqw,JTgckf2Va1qeHA-4iEwSQw,0.5283987993932522,0.5159197398586618,0.0,0.037037037037037
dy5FimQwL-6xnW-J20xISA,hgMv8rN-kAY-1DJLSmi0Pg,0.5293200665720844,0.5159026163675212,0.0,0.0
e-ZyZc24wgkKafM3pguR2w,0-pY7oEuTT6j9fa1k-YBnw,0.16268913419814707,0.1625183114874843,0.0056179775280898,0.0138888888888888
e-kmlwJ-CDSiZCLBBKzUHA,V2aRYSwy862tExL-pBUFtg,0.5644415473061449,0.5157253327110111,0.1666666666666666,0.0
e4MoozYGqe_rb4_ZC1rYMQ,H5nMeiXJmLpBALeV8A-FeQ,0.1162079072843359,0.11621840478743228,0.0081967213114754,0.0035587188612099
e75wnGhnZfGajDXXpY-UNg,wUHUyTrOpUcTVTQpyZFo8w,0.5772536690394697,0.5156959818511682,0.0,0.0
e7NPtfoNcTbL-ceQBsO0PQ,44K-t7jqrnVqRgth6F3tvA,0.5427735857533892,0.5156633203963619,0.0,0.0
e7fAEuZ58SEOWB0Rw_4w2w,GtfM73QC1y4_j8ghKPSt_w,0.3895129782920809,0.3896039802772009,0.0344827586206896,0.0120481927710843
e85sw6dE3jNu697Hb3BskQ,Fg0vS_HDz2kAJt3Q_VZodA,0.575873216665739,0.5155388394052648,0.0,0.0
e9aorf7A7aTRh4C6_vpgnA,c4x06huNhVp04VI_MUiQsw,0.5762371782176959,0.5155295974604989,0.0,0.0
eEMqe1vC53vu3bkBSkekSw,oS02owt-XB2RtDbogYyn-A,0.4286633876943111,0.42868038958614235,0.0606060606060606,0.0
eEquyJ-Iy8yYjxvAunHW7A,TkJnYt23cuH8L3ZeQRtivg,0.5660171628930635,0.5155255400915097,0.0,0.0
eFeBGZ8xbYR-LiESfovs_g,vfD5568Nt1B_ImDC75fBIQ,0.5748021926047028,0.515499552136327,0.0,0.0
eIClHkqYqCeaYOZSzu1eLQ,Fe8nhiPBaCYZtav9VQ5qEw,0.5679794854579393,0.5154829290857144,0.0,0.0
eIDC_UAORw0frg030Nw4tA,fJQHj9Sq1R0a9FO08q8HWw,0.5604484559874986,0.515451593017852,0.0,0.0
eIVfVLwxUXd3GKbPUvljqQ,QMbbErMrrp5mwg8oZwFE8A,0.5345610052870349,0.5153921829124605,0.0,0.03125
eKxKm6fK0-tO_WM4D2_5xg,fgDaZkRNZbxdXzsj04xa3A,0.5648976204179617,0.5153760650826614,0.0,0.0
eLcW0vn5Nu8yTS_ebV6a7g,ByEfpxv69HFqBYU3_r7HtA,0.5187523420007064,0.5153311115977494,0.0,0.0869565217391304
eM8kmbbkjtvYKL2kHsARsQ,HmmNzS7wwyeXcvtFP036RA,0.4666520777532239,0.46650978422909933,0.0,0.0238095238095238
eO47HI7ZqidXMkHyaOsf-g,NZd4LDR6pYmKyyB5cKoNTw,0.48506318991456426,0.48507263626466746,0.0,0.0
eOJovtfgmGhvHYDKsjvKWw,D9CYDt7ywkIqGnCWhpqyxQ,0.5729111098699454,0.5152023243769844,0.0,0.0
eQAre7prBUzRQOppgnI4XQ,qTtI4lWQo2Y9At3CrlXtDg,0.57859131823461,0.5151817170740289,0.0,0.0
eQdB1ZjnNspjE7KTFzblzA,hYPKB8tm4YIz0K4qm-y_6A,0.5688028301059709,0.5150161191543922,0.0,0.0416666666666666
eSI0OtM5lcv5W_gqoJPCiQ,cM6V90ExQD6KMSU3rRB5ZA,0.5764622145752729,0.5149879561530418,0.0,0.0
eX1eHyJ6iYD1rzfzEox43w,MfK5DeKjnneIDZTUkUKP8g,0.5785774520926992,0.5148464786820884,0.0,0.0
eXTIdWDxaZ4Dh7hB0--kGA,eiSpDSqykFUhKI6-7d9qEg,0.5388344579398342,0.5147812765327412,0.125,0.0
eYZBpbi42VoMYsulwalQaA,iJdGuMkctlJyoTTMtn0QWQ,0.5415995082128126,0.5147022571507557,0.0,0.1111111111111111
eZNBKIqJi5w7-bGh501ovw,oDKGXVSQfegQt1QU9KLiJA,0.5614863690198598,0.5142638099763851,0.0,0.0
e_3I3UEy6ibfDiABDPQCTg,UFHelCWPQkhxOdFjx5Cgog,0.5745074184391888,0.5142182635325737,0.0,0.0
eb_LtLr1D1AT_XTKsq1RSA,qMJbwSUJQxzTaHyTvGiiCQ,0.5705905929374796,0.5140035016783215,0.0,0.0
eblnR1cQsR_aeUkNu38VkA,vSRdQJkcExJqR5l3QPmy5w,0.33554246480597727,0.3354320328693976,0.0,0.0
ebnjBO3r5AMsqLdrJVJvVw,UIlOq8dHsaqOqTZJVvI8tQ,0.5561830744803963,0.5139151405753309,0.0,0.0
edWlkjQnmXa8l3RxBQavag,mzcC8OPdnkKbfimmvqedOg,0.5656105707555087,0.5135537193239055,0.0,0.0
ef-uoHTDLBaoDZrc-MOtSg,VPsiMIDsBsezca87SteVDA,0.5636650637377945,0.5131977319029927,0.0,0.05
efNrVvbNw2stIq2PvCDV6g,KOkkX1YK0kRuxysrwsUD7w,0.3895468739140921,0.38928940775940896,0.0,0.037037037037037
eh3qGDOXDY3I4dk6UgCMFw,qpgkWql42qgW095udiCLYg,0.5585928551815099,0.5131439742251814,0.0,0.0
ejQS-q3gy2LS4Y5Q08B0_w,ytIh9UMN8mhMgICpd9aHcA,0.549299972929609,0.5129018091420426,0.1666666666666666,0.0
ekaEajbGvF3SMwnespdeaA,sYKSRIQ1jrI9sYqbNXBv1A,0.5564249362355659,0.512893874771087,0.0,0.0
enF3lioValNS3Bwic5nB6g,H3iXNL_ZHSwpOA7RLZY1pA,0.5706045268386664,0.5126779388199338,0.0,0.0666666666666666
eoqpPPlegPddFATQadDsoA,AtQLrRpQan7UtJcIAo9hsA,0.05112368604069951,0.0513328092175069,0.0126582278481012,0.0078328981723237
ep7gFSrvNsiCpDXJrapg1g,wWoX5l58K8YTokEWRcFstw,0.35083253071191445,0.35068512575824723,0.0238095238095238,0.0
etK5pTCprPuKJCtiU-iLKw,ZnXfiYj1Mq7lf5az2Ir8Gg,0.5577792000331286,0.5121746659897695,0.0,0.0
etU4of3VovLEW3MVDi_5sA,tueA4ip6XgUhHRGG-2-EJg,0.562566807464852,0.5121483306458768,0.0,0.0
exrvCKEGg1Ays38rKLOdhA,rIYVTWCHyrlHPLIPMnnOfA,0.5721732370110418,0.5121036211962106,0.0,0.0
f0LN8fAzO8MMIvv88cOrrw,sSB94mIBt36jdFdKisK8Sg,0.5680911182728834,0.5120240065035132,0.0,0.0
f1ExfzC0Tj6uJgWvve1Pow,TPYRKrXsdUfOUQNFm6w_3w,0.4191916513114503,0.4193048745742798,0.0181818181818181,0.0133333333333333
f3qKagX8q2lnz1O6Ulck7w,0oogOBGXNj39Wnl2SKoe0w,0.4654193809633535,0.46515589846522903,0.0256410256410256,0.0
f44uARFaTuIPmbMn2VlSXg,RpxJ4-rYuqAI2an7WGELFQ,0.5500878926099685,0.511765309490551,0.0,0.0
f4QAry-KSSkNT3fZ034NQw,z8pwLBm3m6E8GJko5PhxgA,0.5752776006067797,0.5117020480578534,0.0,0.1
f4XSOzFOQDydPyqavMV7cA,iKeQ5dOM1M89AFA-U3Mc_Q,0.49878038486426485,0.4986010781975207,0.0,0.0
f6eBJT2jiXXBkrlHdJMbcA,q_CK-buoiPFNDoNNU1yb1A,0.5282632541821243,0.511656230826689,0.0,0.0
f8B1vstbUsW2ynCeqGuiUQ,i3WqokVQlXjOYrqeyi5AiA,0.573072559359479,0.5112650367479435,0.0,0.0
f8xDi3rajxvIqS73N93Afw,6W7BXh5dHiWml8zwvvtR4Q,0.569169246917052,0.5111437830264681,0.0,0.0
f9EcjCMakeDJMRR7nKH6zw,w2COOqbypjJd-HbJAa-0pw,0.5319268466028236,0.5110898691583764,0.0,0.0
f9qNygjcQvh2vPmZSfEvqg,syX56DgsypCm35ZGASzuxA,0.029415082502551124,0.029681046390264115,0.0121951219512195,0.0070175438596491
fAiPD2OIEm9wtS7uJqzu5Q,sophKEDc2rBDe-cuOaJDkA,0.34110097465556505,0.3412124915581073,0.0136986301369863,0.0
fFA6bjWbq724vB1tW4V9pQ,dUoSaa5JPSNCmI_vg3mbsQ,0.5706686644331636,0.511063163293893,0.0,0.0
fFb9GJIGQ7dt5dd63xov8Q,KW2Ma_0uVm7KmBJhMI_yFA,0.5703747121909171,0.5109894299906355,0.0,0.0
fGa6oaUxdxqs0JPnwUxn6Q,VLZbc-zcSg6crVb4gxTLNQ,0.562625372511626,0.5091838763931753,0.0,0.0
fGsEVei0W5kyhlL8TRNclg,7WrnAUGyB_uyWBSk5imztg,0.4884974868175037,0.48890138211599504,0.0,0.0
fJPpi1toRgY6yocnc5ujWg,71q2UD1A7KL2q4AA8mPobQ,0.4209496596226137,0.42125335895624955,0.0,0.0128205128205128
fKbrDP45PmhwvVkNx3Tuow,nTq_BaEGkIjTHhKvnuc4Ng,0.5457718351268316,0.5091491268567921,0.1428571428571428,0.0
fLDI6tGJNHfR_jYcP0ejCg,3Mdx4S31beGzqC-RFjAAZw,0.5601105793370452,0.5091058817903721,0.0,0.0
fMsfxOQR01YZPRCnqoNuww,vloE7oh2OzOYGvZSt6aVFQ,0.4211161877171025,0.4213937899451563,0.0,0.0
fN36I-dXUjXCEgDKRi2hjg,PjknD8uD_0tisZQbomiYoQ,0.50095115910343,0.5009064429175283,0.0476190476190476,0.0
fSfrk_Y9xmcCvMJVdYkJTA,CCoArdXOGJjTgDVePAUrOA,0.5388076856987547,0.508511377178791,0.0,0.0
fTXSAVnzPkHqCzA4l6896g,hWiXoJFDZrzPY33RjG8yeA,0.2709419569572271,0.27093226469376136,0.0094339622641509,0.0057471264367816
fVkyuNElYY3AO4a3SxchCg,4rLSm1dMWreVLMv7oKml-A,0.565185584853951,0.5085100097900723,0.0,0.0
fYUeuKAPBFvQ3YyyZHrj8g,mqlriZ2dy-tf9-jtYRdRqw,0.4441903667867072,0.4442800523760582,0.0166666666666666,0.0
fZ2RkIwoDCcODCOyoBTplg,Z72KDGgmPZV7Aii1L8Mxtw,0.524840216666257,0.5082678734909253,0.0,0.0
fb8V9SD4DNyRQ3nt9CWQDg,-a0kKyJPMw-8z5AjfQstTw,0.5644379372903865,0.5082527827271545,0.0,0.0303030303030303
fb_UwqBl9OB4ct6awajODA,0h4Oo6W8mG4HEYQzZRkoOA,0.472654195769236,0.4727691462589698,0.0,0.0263157894736842
fd5dRJa4171XdZ3Px9VztA,oqZrIL_hCfWKrbETRVmvlQ,0.5533011456431093,0.5082512390087539,0.0909090909090909,0.0
fdKqGhyMll3WpOqJOQaQPw,6w86pEr2M3_-u9qqv0kedA,0.533086068147268,0.5082112171212035,0.0,0.0
fexmqGkuur7akWvQopTZ8A,b66R96v0N-Mmu0jb4cVhiQ,0.5694724297686439,0.5082079267482531,0.0,0.0434782608695652
ffi48yk8tmg6NY9iIKZBBQ,hxB3ChW_IENkzAn_CyVnZQ,0.544669495732087,0.5081263974904415,0.0909090909090909,0.0
ffvS2BlFwQra5FTPNk5N2g,5ibTRUwZ0dAxRmsqOTqeMQ,0.5669294986942753,0.5079853152647111,0.0,0.0
fikP9Y0YSVhl8aJiW9xx2g,9kjcWWo0pZ5qr1ZpAXBFnQ,0.4409289213884653,0.44097412914834716,0.0,0.0
flAKU5PiUDE0jkZL6h4cLg,UGUVD1fzinNkrEmfJxzW1w,0.5244515579949413,0.507877316433363,0.0,0.0
fnBifLT87rhowfaKmbXdXA,2sGHOKjHl5S0iqRDTmNgMQ,0.5554480511074916,0.5077313115007474,0.0,0.0
fnXndX296dwWoj_jcDBzNA,BGLwAUo3603af9_Wd06PBw,0.5321379153924142,0.5075886135930534,0.0,0.0
fo4TOAiwYEZ5p13kqg1Ukw,ljBjU43MhcFgoJsH9Xcj7w,0.4416785533170984,0.44180480054109306,0.0,0.0
frcuwzlHS2BevSEjZnGsJQ,3w7NRntdQ9h0KwDsksIt5Q,0.5041619558874803,0.5039782248454598,0.0,0.0
fvY3H_jCM3yiogUstXsplw,B0TP0GVKZKAi05p-sTjc6w,0.5326067039453736,0.5073366811309941,0.0,0.0
fvfoKdU_ohKE2InskbOtjA,WwrkYXerVwr49F1BeX0l0Q,0.5388313935643354,0.5071978006936806,0.0,0.0
fwAKmgDhi6vsxBWm7izc-g,hkzC9Zje7rFffF-2ac6Vdg,0.5037177830117866,0.5036536491545078,0.0333333333333333,0.0454545454545454
fx1532CemYqL8wZivfcDzA,26nB0rypwfXXa-dnRREu0g,0.5660844615734483,0.5071204313000984,0.0,0.0
fx7YdpHn10qQO_7Y2ZJLUA,tMj79H5v1nOWmg9tsMfWiQ,0.5684533183850023,0.5068946219473712,0.0,0.0
fz85ozE9tZCIAPGTplZhTQ,DGDW-rIXYACpLZVrhHF-ww,0.48123207348755553,0.481302365045698,0.032258064516129,0.0
g-0-_hPz-yr_f4gBFbX2Ow,Zlb0FD8BRAwLFIngXe0saQ,0.5337419713646543,0.5068339891420697,0.0,0.0
g04aAvgol7IW8buqSbT4xA,-Tskf8WK17rb3ZfeFuRSWA,3.2076131437691025e-06,3.515700884780321e-06,0.0083432657926102,0.0044091710758377
g29mjp_JF_LqNxm7I8_sYw,U8TY8RR3Cz5FuJ1Sbedb-A,0.5259960539987197,0.5067410451982725,0.0,0.0
g2eWutrVGyfytXepjTXznw,_3VCzu9a79nrU0YA-WvUCg,0.5473745399401535,0.5067291029221206,0.0,0.05
g2tZiRNl9Yyo1KWPkvrx7w,s0NYfUhZ4wa5c1c0EPdlRQ,0.48700327278479344,0.48688582349264653,0.0,0.0
g4cJA7iabhQywVCDytdUJw,1h9NXhwX4C4pXuBg7Dq7mg,0.5466903477078502,0.5064464485003167,0.0,0.0
g8Be92bxww7i4i5pwioIWA,34O0RW7K12gB_og8Xv3M3g,0.502342393143215,0.5023155372704687,0.0185185185185185,0.0555555555555555
gCa8Qx33FlAg4rSQoKPqWg,Xr5ceZ5Gq7cc8YuyLYz2bA,0.560002143555578,0.5063174343233301,0.0,0.0
gFdBHaAKtCycQuVX3fd9Hg,Vd0YOj5GVv-Nxeo06HCfjA,0.5572262722525122,0.5062037134441888,0.0,0.0
gG8opRMkztK0GKiSWbfVlw,ZyOqGKdr5JetY4jgD_UoGw,0.43080265837156595,0.43068893207497383,0.0,0.0
gLKNO0m4kLSqxWQKNJgMKg,qAtqgUcGrwv6yHatMb2w0Q,0.4928021956398531,0.4928477696755387,0.0,0.0
gP2pWousNNGLtD4ahpNEow,qd-36RpoJTypGyvlRpRp2g,0.366857979882797,0.3668477984946565,0.0240963855421686,0.0238095238095238
gQmEcvAAy-DplsK34e8ECQ,M4oFZszg38THXefgu-5ydg,0.5616482809000622,0.5058435486050854,0.0,0.0
gRZfY0lrS4JyFg4lgQfczA,rlWSIBm8rpEKZzpG9X9Jsw,0.5633310296085048,0.5058435486050854,0.0,0.04
g_0U8kzf5iTMJ-I9E3MWlA,uGacI_nMwg8hxdg6PloiOw,0.5387152882591937,0.5056381198975627,0.0,0.0
g_4FE6yWIihMdVi3eHAtog,FOJGpcqeben-KUHzVd60RQ,0.5614230686495639,0.504939485005434,0.0,0.0
g_HU4ecX22Yzy2LGDiPIVQ,NbzrpJu7222uqxNaf8zskg,0.5563334500230289,0.5038370380576762,0.0,0.0
gbZd0FVBD5VITCnGQnVJOg,4wy0zuo-j7uOckJeoJw4uQ,0.5110532276275577,0.5031931797392291,0.0,0.024390243902439
geMJbmX310M5VYe2f7au8Q,K4TlU26IH19tM_VvTMnpyg,0.5473615568295501,0.5031431618784933,0.0,0.0
gfLsBY-xsNE9-ktiTvTvGA,VP8HMhVt-pKmqGNmDW4-TQ,0.06781412173053622,0.06717322435259897,0.0263157894736842,0.0145631067961165
gjkw7CkbvSnovjpwkfsArA,JbJmkmPZtz9OlKcs2pUTaA,0.5069526246833097,0.50314179088404,0.0,0.0425531914893617
gm5Y2Q_-MzsnjytoG1Oo2w,xbaxgLzJEM7AtrNJCPhkmg,0.512168827169768,0.5026017731291057,0.0,0.0
gmCwe5uKZjpJlX05S_NTOQ,Y6Z9Egp72LM9uwjsmNFwug,0.5645312796555847,0.5024951178242798,0.0,0.0
gomlKL3wQVzhHfz6DoAa3A,6fqL0jlPqhj0j_--hF3HWg,0.553042639745707,0.5020115183155998,0.0,0.0
gq3m1jV115bH370JfIK0-A,LDjjjDiWfFocyV7YQNFK3A,0.5627516156086083,0.5018136083490324,0.0,0.0
gqKhZNdJ-4GiwnU6s30CcA,523KdtGRd_sx5YBRfvDJLQ,0.5587275063894175,0.5016228716555663,0.0,0.0
gtMQHyA0QERHSEFtVAf2Jw,UFNpCQq1_eLnP1oSjMkRCA,0.5425081128028301,0.5015842370887571,0.0,0.1666666666666666
gvA1QnLqzt7QwuAmDyzbRA,gUIZcY8jYpYNg00J3gQlpw,0.531814677841362,0.5015592480790289,0.0,0.0
gwGLBmNTfIlaTnwFtddbkQ,c88cG9DstIqOKcurNtx9QA,0.2862832260901836,0.2866351623038536,0.015625,0.0085470085470085
gwNlSSV0hGgNgTqPprj4FQ,VN_ZDpbJ3R6F-xOJ-ndr6Q,0.5071729974357505,0.501545983270546,0.0,0.0
gwR8awly-RqOmM7_8MIncw,Mxlw3cSKkWv5o4HdRWGTPg,0.46207482959029383,0.4621191705583937,0.0,0.0
gyOiiM7g2ylYK_WT5vLFyw,Tgq7FzfhLx97K5NBXGO5fA,0.5529993198414014,0.501533744345442,0.0,0.0952380952380952
h4emxpoA_pQ-Si8fSzzLig,T6OtDhpyfyI_ZCK5zE8UuA,0.4782727612524643,0.4774918755425886,0.0,0.0
h6Ng0F_Y4BHj7EfZlm3Jcg,oEAnZPD8Z27Us5SEGgqHTQ,0.5460150674150822,0.5015109862997275,0.0,0.0
h9SbhQRmoQmPcZlzp3JS9w,pG_VmYfvQ7ELc3ySasCN_Q,0.5340537836000586,0.5014812081124224,0.0,0.0
hBqXAVtrMcjNBK-OiDOblw,7rtbIYXGSFdZeKbIaif1vQ,0.5500252992686022,0.5014516526298173,0.0,0.0
hFhkY65hFZD0oFZlR6l4EA,C-zgOpqD2K0xDJU4ty7zKg,0.5529723520071972,0.5014136824437507,0.0,0.0
hGy3actugEISbvEGQeMz3A,kPy6jsVWuMREMRWRGTvEyw,0.5557239919235074,0.5013530894679528,0.0,0.0
hSGNnn68K4W4Dbzp6GJ2UQ,jz_EhugSzDAWhdiClA-jZQ,0.5604712487859385,0.5000437919124922,0.1666666666666666,0.0
hVRebPv7EKMUGVV2m5IKaQ,rx_88M6zPns-IqMTMkpKWw,0.5188580219235387,0.4985692910623958,0.1428571428571428,0.0
hYs3ioWpQr-WwV9nRD5lAg,VZFQS0SXzXPuxISbAgIVBA,0.3099143469082835,0.3086847380065428,0.0481927710843373,0.0194174757281553
h_qlv6CIXGVurFOhFQ945w,wTKdsD4AccJAQak1R2k73Q,0.5325986103198241,0.49812652195194734,0.2,0.03125
h_tRcijFYxrUiZ59FXfBOQ,69ccjOpx2iFvr1y2qas9uA,0.24702232835235374,0.2469425551810514,0.0,0.0384615384615384
hdVqM-QngiiLRaMOvwXglQ,IKSpkuhsivnbvRPghFHARw,0.5474908186805335,0.4980673092586016,0.0,0.0
hkaS8jWbnK0R5uPzQjTZwQ,aYJjJMN8heS2PmkvsQzaZg,0.33969295965701995,0.33864203440952895,0.0,0.0
hoqITwtnCoz8x_2CcMylJg,NX6kQVDE1jeSLAOLyNC4ZA,0.5597819377393316,0.49805775113806505,0.0,0.0666666666666666
hqIUuqXO6HwUmUb2N4yGWQ,x4CzqJ75DhtZf_RmZwyH_w,0.5188047573643328,0.49801402437181114,0.0,0.0416666666666666
hq_lYGWzsC27nL8aMfxLIg,MJDsMlul6Nd7nQd-xQE7Pg,0.5107787324360563,0.4977659453918008,0.0,0.0416666666666666
hrxuwAwj7TIgAgo6TkPEMQ,4kJN-MGz5vrfSXNLqxmgGg,0.5023214090796754,0.49754525824698104,0.0,0.0
hsCQcQoJZfLYFWOCuDAuQw,-M7aI9P2XG79_E0c3sN7gQ,0.5420252671092695,0.49752842218747284,0.0,0.0
htkrEPPQg6iH2QoBDjrEJw,63vCK62HJXpGi8aG0wr58w,0.5501038317718513,0.49750763349166605,0.0,0.0
hxz-ZUqfwcueJu3eIGcBMA,zarrSwnR7PDD-7w9usNVYQ,0.5557315629921697,0.4973611647692519,0.1,0.0
i6MKEkH9mOyecsue9uTXfA,OiQ1eoqXMPyEUptpUX9JQA,0.5137835101770533,0.4972988722533383,0.0,0.0
iGGBxdz76mISLVgsH4Dohw,GzYLKS6vjbZMfr3BYtq2Iw,0.5580806551887406,0.49709995459868345,0.0,0.0
iIUZDKozkjRpDQt07VVs-A,61RiTA-T02sU84FhoCLz_g,0.5203033501683734,0.4970954724510711,0.0,0.0
iMWGmFrMVEEktWNriZ2cTQ,ws0mjFrkanX_sXoUVRh8Uw,0.47780814605854804,0.47735477634838414,0.0,0.0
iMbqQ3nXS0V33EImLCqXMA,UNzgGakdjDgdwSNSdhhV1w,0.549923037143156,0.49694084665415195,0.0,0.0
iOOL2MWsuYoMgwqPTmq4aA,l6mquWS8G2EziWAO6ZMUsA,0.5138687489829525,0.49693961771048345,0.0,0.0
iRb6rh6J5hveHIIWxsr66A,7UWUdyMDyfFFaKA7-ga8EQ,0.5600516583583485,0.4969395801808715,0.0,0.0
iY-LCg0gysYOPvFRrF9Ybw,ZoI1Nj3uoSper4l5q5nrng,0.5478061068347974,0.49682927841984365,0.0,0.0
iZedtF9CGBYCDdxF6QAZCQ,F4Pk3sNtkPCYLColKYpuwQ,0.483894239136193,0.4839812001957737,0.0,0.0
iZi0sfFccB8ZiC2NZun3Yg,u9VBun-zmcF59afKELs_NQ,0.519352067202973,0.49672412138199495,0.0,0.0588235294117647
i_KiOo7-DM1ZPnyOXgwgrQ,bvVHopucWYlQtDg6bVY09w,0.5504550502644819,0.49664838641669595,0.0,0.0
iesJewaACphdFs-ml9WTjQ,Zq4zFbPCaU_vFw4-DAuwzw,0.5593016181217725,0.4966261467644576,0.0,0.0357142857142857
ip4LFXDktVPxnyq2Ld5i0A,fmFiSeSGjaA8KI-xHB5Xxg,0.5576585168778174,0.4966154197899929,0.0,0.0454545454545454
ippBb9s-n0O0-MSl495sbA,XvFKxQj9lfLIUxRHrAodQA,0.3136747768514775,0.313661818331916,0.0151515151515151,0.0
iryPcdtXO3HQfUzXBqzckw,_fCpxyDgYNULXAUEbLCDHQ,0.5465836184778216,0.49658759413709797,0.0,0.0
itAhmbhHOyQQparfwicjDQ,DRa9zJ55Gnc7UHQV4sDh8g,0.4014347219807903,0.4019804494394501,0.0,0.0425531914893617
iuftKhlrXImvtz-OngBJtw,pxj9d7QlRzR-bF4rJFCRhw,0.5490557780774762,0.4964937202252768,0.0,0.0
ivpULDSBS4mP3mJqmziKQw,gWiUCJEcv1lnZtMT_d2p5A,0.38719489611359814,0.3866165819096306,0.0,0.0285714285714285
izSgTrqebu8bN8ONOCs6cQ,0f0l62WKla-j2cfnPn7P2Q,0.400393343679414,0.4000075864683312,0.0,0.0
j76unyU-BZnZQjOMRb2ldw,kLS3Sth5HvO0IjrXCCvXxA,0.5334597138223297,0.49646921402682687,0.0,0.0
j7JUGY0WtfGaV8DnkmNNGQ,utUdOwhOK7bnleFIT8lxpA,0.5366093083150719,0.49637998729038957,0.0,0.0
jBF32PwCB1z_gm58m9ddMg,YqgX6DHsg097nstJl_cCjQ,0.42232545734870147,0.4223460260459553,0.0,0.0
jCZi4-LRB2bU-dxBSPmn9w,lnzvlkjKKPLatw6Y7ThcaQ,0.5085732696847314,0.4963445242565129,0.0,0.0
jFV2aVEiI7TXjlLqeG92Ng,mJCSttB63SaPVZOW3YWhhw,0.5447914182193117,0.4961628175095446,0.0,0.0
jLerIZFpe25jOUf722qzBA,PJLh9DYLcf5JJ_fdwHDbzA,0.34828765936237827,0.3483352036999176,0.0,0.0
jQ0uNiLU9mzeuQMS-YdS_Q,V8Xloxz2ozwBHCUSu0QGNw,0.5582973368109944,0.4960339189819742,0.0,0.0
jS8VAzNJjjekJwBknEFZFw,HidFnrnlxOEbGzg0Xog71g,0.5089322522042006,0.4958747010670433,0.0,0.0952380952380952
jStt26nV-CBWRGxjqCzxUw,SS4__vpB-2xeX0DFARgl0w,0.49573370093956975,0.49572832409612483,0.0,0.0277777777777777
jXb9PQf1Sss5ukgNVB1a1w,VPuWZ4dj3ZvFuuaKh7Up3Q,0.5385731520478722,0.4957909814142335,0.1,0.0
jZGqAdBlDnrP-J7--vdPxA,DTwt8_pCuGyQbiIfXNdhDw,0.2798882516602668,0.28009382815659034,0.0,0.0097087378640776
ja7cjawPhBMHsKeL_popDw,FC8dvE8ilG2x8bV3wpIUHg,0.5443090303698523,0.4957077075129189,0.0625,0.0
jacAaeM-PLorKxy0YAfEWw,abvsCLYEOvhsWSlgiTvbCQ,0.4787119399517337,0.47956557239622877,0.0,0.0
jgmj_apBPNZa5Kq9ZJkSqg,jmZt66lh8Lv70VoVwXgMow,0.5510183405640576,0.4954821696887173,0.1666666666666666,0.1
jhSSiLwrq9t3Fij2pVlvug,1M7b87GZXWOTjQTq3cxRBw,0.5320615840128575,0.4953052764380435,0.0,0.0
jmMCUCuErJP7EtR_6RVRig,RaD4AOWsvutdqV-kTpjZjQ,0.2921993169589157,0.2922398600003699,0.0099009900990099,0.0
jns8FlhfwbGfsE10eKLBnA,7jYC4dxkoiAULgENY7hbMA,0.5579127052807192,0.4951408765851535,0.0,0.0
jo37YLQJyWhuKBdjlKpoAw,zuJmP1Uh8txOpGdwzZDOiQ,0.5502829172567225,0.4951320666332719,0.3333333333333333,0.1
jsDCfwLMjksdVq5SkNMLcg,9RDKqyqXJcupSnA2vCIs_A,0.4188019147002172,0.41888761995975693,0.0188679245283018,0.0
jvKtB1KW8ew7n6yP0xhq0w,9qxMhGWjGsuPUoQB3Y74Wg,0.5001628354111713,0.49502089776726355,0.0,0.05
k1VWscMY1JqCHNVDk-lD5w,TZw1VM4-B6HLS0ZPXs-hHQ,0.35257457349149285,0.35241724124746004,0.0,0.0
k4KEydDbRUOY50hkwmGAuA,FSxREGXCZdsh5wZhOcay8Q,0.5437444558465042,0.49465447811202273,0.0,0.0
k4WBufHPsiz4HgmT_gwK3g,zVvdqWz7_qjJf3X87Yqp2A,0.4782171199746188,0.47709137435648785,0.0434782608695652,0.0
k6ti2dkJD_6xGzxjQQ_FnA,xdIUHgxMScxlGiiEdwsgnA,0.5466587509990384,0.49460908143956045,0.0,0.0
k7I4QgxQVnxo-IAooZsvcA,Rl7W2JPAUWFo2ZZdVeGAWA,0.5536949823133185,0.4945776324320409,0.0,0.0192307692307692
k9k8KR-HWclyvAWMR71_ZQ,1U5ZqhfQZXPw0v_Fa29WBw,0.45256786525195664,0.45235911701746484,0.0,0.0
kA6fjfYTg1S7BFb9KNt4yA,I8KMfyZoEqzLQtChv2X5fA,0.44315355688274033,0.4426273704469503,0.0,0.0
kBuzuNDQNM26AUbnkRVifg,O3S4jdMvdf1VCPDoLYtqaA,0.4858745504616376,0.48563970828754793,0.0,0.0
kD_NwNmRRbauKge70VUxqA,xCVncT73OioOAC9Adt1a7g,0.5545959147964996,0.4943797722493206,0.0,0.0
kEVptUKa_OUPn_50sTmoTQ,f2KFAhVWZmFm63liyG8rVw,0.22474382914642366,0.22472876355186167,0.0,0.0
kI173572bzkLY8MozgF_jQ,sBRKxVbRBmeXY9mVwliqYw,0.5534475861565036,0.4943068422533643,0.0,0.0
kKJbpPjWcFlEpu6y-pV9MA,IkjBNJvMZhea1c3j2H2Ahw,0.50100109295229,0.49428865892116614,0.03125,0.0
kMfhJIGdpU4rZeogFKdr1w,viWf8dERfdNPxxHdG37B6g,0.47221244292076964,0.4721838677454717,0.0,0.0
kP5igN3XFPRHvEaunI28tQ,ogbVNDA-sYfO7oX0KzqOCQ,0.5235377508806521,0.4938766042935754,0.0,0.03125
kSiUu6mgp1awC4n_XrMXVw,vTNm04guTgOT5hCmGSN5HA,0.553759670395077,0.493848668702473,0.0,0.0
kbAyAsfRIIVdUondbHLkWw,SoFMoWEQatAfLLktojPJSg,0.5201834506288887,0.49356126530460426,0.0,0.054054054054054
kg6yWp6MJPCMw0kT4l3O6A,MOy8qGtBOoJzRnHnv3Y3JQ,0.46642109754738215,0.46635971581401287,0.0,0.0
kjIyHGVbVpQYK_UzetPShg,n0s2eCijdheztrvfk8BeTw,0.36515555877048356,0.3651285489334427,0.0126582278481012,0.0384615384615384
kjnXnl9767bVQEQUmuuMCQ,Wb9XhNUocfCsoMWIwjEcxQ,0.5039386678741444,0.49316149488636923,0.0,0.2
kkfHcOukpqNzABf3-NFN7g,A2WOHcAk-BkMyf9Qgv8A8A,0.2800440776423716,0.28032769074705344,0.0288461538461538,0.0344827586206896
kpRE7eYEYVEtnQOWHCf5ww,py5aKmlTB2NarfsfcOpHOQ,0.5544314346507251,0.4930279464567488,0.0,0.0
ksma5FPvWkaZvcwHz_bZPA,wwcqbb78SGqWSdzbq9j-Ww,0.5489289575436012,0.49288030602763855,0.0,0.0
kvbuD3U93O2w8YYPzsCxlA,C_7RWH7_-LZrWqPnuSY9fA,0.46427786727542614,0.46425500396880126,0.0,0.0
kwfWiUkuGh2SHrRrB3qF6w,Pz4BjuaA6cjF0FeC6j-dmw,0.5423528483053136,0.4928705567380035,0.0,0.0
kwqXOtLCbNjgvwuMj4H1AQ,JPTxxPgVUEkb9BJlO6PAhw,0.4821831036530142,0.48203354194390674,0.0,0.0
kzRHpO0DvaBY4RQSv7srcg,2dlQX5sP9X6Dlm1MmNOlSw,0.38258083727691594,0.38246439221802736,0.0,0.0
l3S_LsPam6ejdQo37V4kVg,jHydJjohvKsK8Imh9f_Dwg,0.28539081709175457,0.2854037816614299,0.0,0.0
l6SCfDSkeFdD5ccMK0ZwlQ,iH3LWJ6yisLnGEnd6Ch29Q,0.39232764348278043,0.392234153598869,0.0526315789473684,0.0
lB0QRhfNQQI0-Znf7hkBXA,S2f17_R3I2CXculeMDZAig,0.4683379563291304,0.4685031056062879,0.0188679245283018,0.0333333333333333
lCAQGk4QEuF27Gd-iTBm1g,GsrDb4Zy5VkpuKZlFPDOqQ,0.5317767105983454,0.49286198411113513,0.0,0.0
lDyqjSz6s36oeJ9EWQMYYA,SdZ9ldwNbAOCf_DeUMN4Ng,0.4708129317809949,0.47085116073374167,0.0,0.0512820512820512
lLOuLDox8qPV0Q5jCX9qtw,_Mbw_orl5EdXJP1XzklQvA,0.10757672287394404,0.10731969700103944,0.0040650406504065,0.0161290322580645
lOOePsuwr75TCvIhV1Am1A,CUFPngz_OWQsh404FKjr0g,0.4770584215745152,0.4769214108829372,0.0227272727272727,0.0555555555555555
lVB55eq-xIzi2J6VV11PYQ,tHc3x4ESA3vyr9UiJlL6Pg,0.39952387591695465,0.39956791215366244,0.0434782608695652,0.0
lZ88MntSXZXDvpZAcXgiAg,02qFLwwFi8T804rHcYh7Zw,0.3047756132588081,0.3048525673368449,0.0,0.0
lZyINQz8hoGZk-WhqXy0Sw,7Ljrtr65Q7-uX2Nl4I_7Iw,0.5288108131283956,0.4927254820495406,0.0,0.0
laBlOr7v6w7Sf5yxbHhAcA,9sdu-m075T6qdB46wXP46w,0.4730883484493397,0.4732874265263257,0.0,0.0
lbtx0YX6Hj1F1WEv-QQjbg,XisEaN0YxDeMc-9rQp6Qag,0.5056736168551261,0.49261176779193744,0.05,0.0
ldczA2r_LlKSfbrGxt3ThQ,4QnaPR1FJlONov3ANyuOdg,0.49910733369265026,0.49260641453183657,0.0,0.0
lgSO-bzx0USaPe34zdLyCw,6afesz8yZhjOgijkWl4jig,0.40753054392196064,0.40749310198581107,0.0,0.0
lgoYB3YiKPBkMq51nv0wPA,mNEWPsCO8ARHEERFw8JREw,0.5244636113745301,0.49251904901197846,0.0588235294117647,0.0
lndVYqfCgFfclrmo2BN6LA,U18r2iiKDtuXtwmiEnsmlQ,0.42778613965910545,0.42789377540378454,0.0,0.0
loKMBVzemBJN0RMGwW8K8w,LDRLenZPm945wioD58pu-Q,0.5531059246154285,0.49233666895867334,0.0,0.0
lpUn1M5exBmKegS1_f3WHA,O-XwsROwYk3JoWz7bMuW8g,0.51706365984733,0.49197147454754486,0.0,0.0
lykZwXa9ZhPgnwNUheesqQ,8JEVqaKFy6BNsNIhCnnAmA,0.5180277732058344,0.4913764341480288,0.0357142857142857,0.0
m0FGtr2iw-0adkyVHsI0Mw,0ltwnq7Q2S76Fu-0W0HNPg,0.4267663148545644,0.4267684501631518,0.0,0.0166666666666666
m0t-vuBHQOfC1ldTF6Dy7w,StvwzSjNX5Aki0yBafTcmA,0.542731245568751,0.4913622562200866,0.0,0.0
m1FEyb_4FNJcLvMw82King,z5N7vgaNSBpjKT_gbY53sw,0.5346951821731047,0.49124117890104874,0.0,0.0
m408YCnvuIywzZkJX3K9KQ,puDcIJMwP0H_vy9Ty8HFFQ,0.5322736104991902,0.49075772627889347,0.0,0.0
m8EZJFtJlVzTLOJvXVGxlw,GV1s2EOQX7tLQrDjPGUJUQ,0.38397946345304695,0.38402184309992216,0.0208333333333333,0.0133333333333333
mDBXgJGoHl5TJThOc7g9rg,p5pQ5PKXiEc4yLxsL4TsFA,0.5071562323841924,0.4905478091654886,0.0285714285714285,0.0
mDX0I8AQfro5st8IVufp-g,dHB4vS2CFu2GlQ9ERG5H3Q,0.5437484152886335,0.4904876918594814,0.0,0.0
mFWFtD6bXdpLz8bDXe-LHw,3n7VGTZQKyWycuhU_j0lqA,0.5109210586187439,0.49034826174733814,0.0,0.0
mGfmLdBI7kXRWox7Yl7RBw,TkEjccBOzVcc7uRjA8nmmQ,0.5501113247006334,0.49034420505353465,0.1428571428571428,0.0
mHqsNKj3UPMcQwGu-akL-Q,1vN178lXfJ77EmFRBYzteg,0.4155431376635048,0.4154909302177671,0.0,0.0
mJ_itjZYQ_OA71q2NaWE4Q,vE8J5mGtFYPF1ya0SLOshg,0.5330223031432734,0.49033279957093673,0.0434782608695652,0.0232558139534883
mKZEuPNLVe4yRL0UfxFPTg,-bOcJEs8imqtSXwG644k1g,0.41335984948497767,0.41337855401120904,0.0,0.0
mLJcCIhUdVYAlYHeVdg77w,DuVxQyPxNPUDO66VxfJTIw,0.4637421340359445,0.4637399684874902,0.0,0.0526315789473684
mLWsfI_NGEFyEEDyzwBfxw,7jNNSKeFFJGOz3oW4J0VuA,0.4258268937983393,0.426316870606603,0.0,0.0
mPZzpjFxy5lN-3yTMDDbnw,IVzCqHRuvCIeB5Ma2fOaRA,0.5015985861735445,0.4902925987877133,0.0344827586206896,0.0
mRTRMo-M0B_9fMOnzzMtsQ,pNf55jk_wLt8KO6yuz70MA,0.5062888787255903,0.4902646490279762,0.0,0.0
mTEbLavIWB1gNKX-cjqATw,5nqmmrrm5Ux4i21w-xndPQ,0.5299067748997208,0.4897147328524809,0.0,0.0
mWZOPkusdImQRGwhyrymaQ,x4L77IWKk9Yd_d-WNxVb_w,0.45093210348480284,0.4509359964533437,0.0188679245283018,0.0
m_HRFuR2STSP-8pqDvLH3A,RrrqJ2XY0CXNBot7zsdXPQ,0.32483811931873285,0.3251709813433733,0.0120481927710843,0.0
mcmOeaoHlryrtogjd3tooQ,u-8sFq05DQ6PYCR5HiKZ2w,0.29982195532327927,0.29933206563484,0.0258620689655172,0.0080645161290322
mhI0-30BOKtoWNmUJw21Ig,QFbKCvNM-RDAXgneleHG2A,0.40060571964228037,0.39997994153832866,0.0,0.0
mi7JfdCRLfxzFG71oW0I1g,KQk4DebCDK5thbOhMl3FZA,0.5000569563558128,0.4895406128139904,0.0909090909090909,0.0238095238095238
mlaj6BRLOVtlEMRTZhUVvw,PPcz-0UtIJ8O7xDT551y2g,0.33904651453011525,0.3378090042145268,0.0,0.0112359550561797
mpf51URhzEQQjc186BKUcA,6zxPHDdLUNhCSLSeHlCVNg,0.39469234146520193,0.39467054594958506,0.0133333333333333,0.0
mwEZX3sq5gvUTGzpm-E9Jw,kzHH50fET6e5nVqk8IIl5Q,0.5152707139145388,0.4894957676367264,0.0,0.027027027027027
n1i7yciuoS2_6_g7ix9jlQ,U-VlSil0ZxpbfBX6TxKXbw,0.48085980108522913,0.4809686668561484,0.0,0.0476190476190476
n2LA9JJRhrC5DzpkFhhy-w,vnEwE9OVCdQbXAJDYcCh1g,0.5350401246702076,0.4894455876416726,0.0714285714285714,0.0
n9T2k7tu_5uLAYi5r4Y_Yw,BauybYsfqd0y6KDrJ6ZxjQ,0.33985876914235724,0.3407902762671886,0.0192307692307692,0.0
nAZEMdurfbWLxl9dryfgeA,N3CuXqWoFpBtYMBGhBE2fA,0.2481317352062415,0.24911242080666654,0.0111111111111111,0.0117647058823529
nB6wv6EY7ExXdehFs6sB4A,ZcbhsniFmXZFW8ccPvsSLA,0.46973243181872004,0.4696921200411116,0.4,0.0
nGOxr26XkyuUuihyK8RsXg,8VfQxXmbPdn8zvsVpYcBWA,0.5459340707586993,0.4893984033424649,0.0,0.0
nHsoeVL1dXs9ZNjmdrlPuA,CVJsqDS_XmI0CGbLC1EclQ,0.44288950199365745,0.44229450449366714,0.024390243902439,0.0
nKGHbVaymrq2xjMM9mxydg,q0tB0ch5cFQQBSp5nUXRCQ,0.48256512580106464,0.48300670990880973,0.0,0.0
nXJ1dAI-UGbXfeaI_b1abA,Lswb5BgtMTWCsSw_blU4oA,0.5143423328088597,0.48919860737594334,0.0588235294117647,0.0434782608695652
nXs1n8LOS10SpxfqEshFsQ,6jWxJEIoq5RrEAARWmj0Xg,0.5063646285457688,0.4890888946065083,0.08,0.0
nZZc4_SPb3UxD2AtDEtugg,Pcyx4NFLTKRF5bdynKI9Pg,0.4571056062363852,0.4573588451591524,0.0,0.0
n_7EQxn0ciucIOJfpWVaTQ,qsm7SkX60JsajT7Yz248FA,0.0038877672933606724,0.0036052544401096037,0.0085836909871244,0.0103270223752151
naN3lrbHYjCTVZjBgFb53Q,A_GAAY2LoP3RS1TIwHzuxA,0.5024125273411473,0.4890149119938376,0.0,0.0
nd1wLaVXyk86yECj1ffwJw,FNQfc2Ih5bSKnmRcsHTcKw,0.46545525512582414,0.4657833973283543,0.0,0.0
ndQEgmIjLxSsDel3U-hPhQ,Zn6WQQknlNtgiil0rNf9UA,0.3668487539908063,0.36665558529447567,0.0,0.0
ngN3yfabddV-YkTO6WI4_A,zuhraj8YI2SZazlUS4GFew,0.42849710563193405,0.42872423474396926,0.0263157894736842,0.0116279069767441
nj2Dah8x5kVwOEBZ46FX1g,UnN-wx3ogx0lW3UokqQxRQ,0.5015922562953267,0.48894637216734804,0.0,0.0
noRT1heGkIflS0_S2ciF2Q,IzyQVIJG8JAnOiRQPb0-wg,0.26174836358829867,0.2615088582974678,0.0,0.0108695652173913
np56UXojrRQOaBvBHoLHkw,bZVx5Tz4Bvlx6Gsqg995WA,0.550031593307673,0.4879729854626698,0.0,0.0
npDpDAJ2-tjAabqN4p3c5Q,suO_107nxddoUK6J-hK8GQ,0.512510034668671,0.4879379291305837,0.0,0.0
nphMADgWEWqQ_CM_-tWFMw,haYikT8axUlLyNS7k-osng,0.5240107942773469,0.4878487807163928,0.0,0.0625
nqGjZMGQ7ypfxn2KmyBW0g,6PVqGaFOEibpO4DMXD5Tqw,0.31158858949389423,0.3116968140781971,0.0094339622641509,0.0209790209790209
nri-2NUmwBZU17pC_SQlXw,dF1064EcYXPcJ1ENvLN83w,0.5425957091824894,0.4866981977005214,0.0,0.0
nzqx3NJ1Yf-1bugLNikSCg,lh3ApskP-4XVdsQ-82792g,0.22731393837503405,0.22591227816353848,0.00625,0.0056179775280898
o1bd3WLl4McflqjDTJTdHQ,-Or44IdY51Ukd618kikmtA,0.1110847579500023,0.11099502865743835,0.0097087378640776,0.0054054054054054
o3RGMdSY37_PX1k1vZsXpA,bp482wqF6v80AltDNlPDfw,0.029520581323771874,0.028928608567763678,0.0087209302325581,0.0028169014084507
o3th9ES21lN4V97XwDa4eg,MFngbjvbrLnLl7j-zBO2sg,0.5332363332523234,0.48669255872936956,0.0,0.0
o5DMQMa45xWM3mZqTVmsuw,xLuEfxyJ8BnDtI9pG-mGAw,0.33156388835665684,0.33100443707566257,0.0,0.0101010101010101
o6QW19rG1Xsy_ySsxqkpxg,8BEIpKZu-ddcptxDbqMwLQ,0.5478774792410378,0.4864710157195093,0.0,0.0
o8VR_4C-krOcgHiMoi-g6g,S6L5hB5r9_j6UeanowxRvw,0.12809111868116385,0.12821850965597245,0.0050251256281407,0.0059880239520958
oBNrLz4EDhiscSlbOl8uAw,ytynqOUb3hjKeJfRj5Tshw,5.589032398622229e-17,1.4263267137550138e-20,0.0062137531068765,0.0024894199651481
oGQb9Cx9Sk0Lvuns1Wf3tg,FwvK-Xyi11yDeYmqmL6uSw,0.5443017960036367,0.4863883524090364,0.0,0.0
oHMUB2xSWRY_7fXXKRZ-_A,F96zZwm8zAMxUB2DvLkmEA,0.4184892234017955,0.4184460575561515,0.0,0.0
oLV14RPXy_gCS9gvlAofSg,iuFgUOCFgE7fBLpBhFQXdw,0.5202418842459321,0.48563435551719414,0.0769230769230769,0.0
oLawoBd5XG8-56bYZHk1aQ,aT6dfEcg0bucpmdrE_G1zg,0.29427927931579106,0.29410293533285586,0.024390243902439,0.0068965517241379
oPiqiBdRbvaMTzPlYNeZ7Q,tMzJ15VLjqIuitCXs6_bsw,0.5173789296793787,0.4852993585361581,0.0,0.0
ocNvlc_zH3VdBbRpB6kwoA,JyOfFuVEGnhLdoN3K1WewQ,0.3784377598667373,0.3783719160097389,0.0129870129870129,0.0133333333333333
ocvQV-47kkkG19z8tmedpw,C26YgKWFVsW1MM-n7UJnIw,0.5423533530387648,0.4852833949401067,0.25,0.0303030303030303
oe_mNXHcqx_NTKL6YCfw4A,2-i-GRNg9dYlBJYfb4k0Rw,0.46396097386362806,0.46401307054549934,0.0185185185185185,0.0
olqTsVDufyeaqXx585Uv2Q,bDT5o-Syv0DNNCTigJDvYA,0.5492767983297725,0.4852122058303349,0.0,0.0
onLvuAKTdabG_tSXkuqYCQ,yjXSQDwuI49poc3MA7AGdw,0.46110959423814984,0.4612469802663977,0.0,0.0
opXKYWR9jYc7ZdQsjfQSDA,pCjWFP6aC0hE9QugVCTpiw,0.5109921111783977,0.4850300223724334,0.0,0.0
opjF_JN6Kpr5zWxBhkGC7w,3epzkP3YzaufCMIwPsJaJg,0.5410157840270973,0.4850167722160321,0.0,0.0
oryxEQldKf-FVqRgP5SfrA,Bsnmz3yZQ7sF4zX_CAfOcQ,0.5373079822539752,0.4849072419920901,0.0,0.0217391304347826
ovC2avD35bouIDnxJfWHGQ,_5k9hs8ae9S9Dj46EZrSAg,0.37735039773803897,0.3767300077691574,0.0,0.0163934426229508
oxsTUf9HsYXVdJSXsJdabQ,buhO8vRCaEoNvlxU0AJRpQ,0.5411693978331245,0.4848877579968122,0.0,0.0
oynwmvwg1CUYCk0-VpZlAg,DG_7A-jMSFFYYqmldgGqNg,0.5272658442402383,0.4841832087546577,0.0,0.0
p-P6Vwx5TVXgnk6mNcV0zA,Fvujip8PJg4UTeAcfSH9QA,0.525971245721633,0.48413982861880767,0.0,0.0
p0WJbIveBMc2B4jZ3ZjLqw,Z0tqMjLVWNub24JsywCwbA,0.5473579591866735,0.48407761322881215,0.0,0.0
p2kC-cD22QAQzIGD8ZuqFA,JDZ-yr0SpjMoawlDeke59g,0.37466530302137574,0.3752611589336893,0.0,0.0
pCpHrr2sUS58szoseyF2-w,IVyJwu55f0s42Cg6EWr08A,0.5481598399496916,0.48370009825840227,0.0,0.0
pGRl61t6HcvqvvRz0Shr7Q,hqm2zJ1WY5UaVGZ6j07NNA,0.19937293374426704,0.20011830227356128,0.0169491525423728,0.0075757575757575
pICJRcyqW1cF96Q3XhLSbw,aBJWHzk6jfAj4h92clH21g,0.48325691378999386,0.4833783704103571,0.0,0.0
pM1M2A14mNXz48KCcQtz2w,AzQIIA5d5YFrU03pyhV1fg,0.5394191717305213,0.4835721534538886,0.0,0.0
pOCjLcWQskQjRPi6zdLvAw,zZ_xsIQfotnHe25MxQyg0g,0.5380262756180202,0.4831269992905694,0.0,0.0
pSquMmdxtM5FFQYeNlcGAA,FeEawbq1Hcdfx3GFf1aLZQ,0.4931905066034806,0.4815431574513013,0.0,0.0555555555555555
pTy5tFm9y8uzMjXhjWweFA,jVg0VUu4Z6jgrN_krWXLkA,0.48901784198486514,0.4814272512278491,0.0,0.0
p_2-bZDYefZTD21erlZh4g,RrqRin8BYGrTlJbCDwtLzA,0.46710836078466167,0.4668873521700188,0.0,0.0
p_JcylEbz2yZiJnGOYXEvg,EfLcMyzm24vNxe5XdjRp4g,0.5360604575253473,0.48104974292153824,0.0,0.0
paO0ETshl56TNSaEyzm9Cw,AKAt17U4LQtz_Ro4RoofjA,0.5309971006301809,0.48058968083340026,0.0,0.0
pciiiaOrxsuruqVVH2YQsg,ZlpC-lTeTFKcqXoCD0rTMg,0.4844435982353622,0.48056781092507134,0.0,0.0
pdeYZLIkyURty55Rg7vW8Q,EcvYjxzZ47YmdxbEzoGToA,0.5152299673908568,0.48052836071116645,0.0,0.0
pj2A1tMl-p2ozYHS6FvHJQ,f8p3fbPnCXeYFpygOgbiqg,0.5415419275035157,0.4802247693816923,0.0,0.0
pk8qkVzhj2M3O3CEiv3veg,z2d0Pg8dqLUkrCMVvyYhxw,0.30979798426698846,0.3085437483374561,0.0,0.0105263157894736
pokplllvDH7X9-n_3IEj_Q,td1ykOOoMhGkW76D0N9dYw,0.5341436022220944,0.4801777157145965,0.0,0.0
pp7n4Oiexz69Beg7Xl8Tjw,3UBG2rwjgP-6ifTAuKl3Gg,0.3469389307665348,0.34719653315695437,0.0,0.0
pqiFIcObG_qW16x9cHcznQ,lLU4ViA0OjsCs9hK2DQEkQ,0.4129035358803208,0.4135479752655914,0.0,0.0
pvGBHwMceiP6c6L41aL2tw,efVCzhiCt7bnlWzQyQlYYw,0.5371065022010857,0.48013083240216764,0.0,0.0
px3bYo2g-MGGTYAs0CH6Qg,OTBWyXkNsBYHqIlXJXnEDA,0.5331205796170301,0.4798365753233119,0.0,0.0
q-dcHGK0ur8O2F9AI_0Ilg,M1r6v01bF7GQFH30FTbyAg,0.5378810147242917,0.4795780912019381,0.0,0.0
q0xcJfaHQaP4tR43LQrLPg,V9BACxNu_td_DJY65gWwBQ,0.5294652166592586,0.47685216897692195,0.0714285714285714,0.0
q65rexCPby1q3kHpKNkMwA,-tQ0lqgfY8i5avBVyUMYWw,0.5270483188176536,0.4767657194288403,0.0,0.0
qA3yd3WKjUqMlnfZPBEFjw,UwI-vRH7Mu6PmsPR67MXyw,0.402259570286541,0.40222959186084306,0.0,0.0217391304347826
qDz3dmLlGrra33ZkDAMkaQ,MsWmW4SkisV0uJIBxeNstA,0.3271892943051294,0.3272489398429574,0.0161290322580645,0.0
qEBL7U0kW4lkptcd_4wWbg,ue-Me7wcOixhdHNOEQ6j3Q,0.4321363897718183,0.43232534033328984,0.0,0.0
qGEcvCAdOGqaHMCg5izq2w,KQl_VeezUtEZZYTGVnaUBA,0.44965992838438934,0.44977081464580765,0.0,0.0
qIXKDEIC4jURpJYDUZtyew,qPPE4N1zb-lQfAV-Zu15CQ,0.4517979435372805,0.4521990552042688,0.0,0.0
qNXAR7i6Tb3m0J0UBurj6g,weIYxWpFp1TLoaX6XE4Elw,0.4556596341615429,0.4557185385642452,0.0,0.0
qSfTZcLbm50K1i_vgqBhqg,kI_8RT6-IoVxD-EgXmyFvg,0.5071057991157569,0.47671766825388284,0.0,0.0
qVVz1sRZVNH2xt865M64Dg,xlKnyisd_MiBpZIsESo0bA,0.5151395403542999,0.4766867814306734,0.0,0.0
qXctAMyV6n9PSjPQuUSEpw,VgFnAjjhK3AnV3u1-UVB2A,0.5377475896046242,0.4762426544160266,0.1,0.0
qZa7ClLmG89oI09E6QUnyQ,0f7mlSVIAk25QuEKGmVbPA,0.26486017037131643,0.2646848438322433,0.0,0.0120481927710843
q_S1dx9WI54X2Ll1pBW-9g,0OlOZ3_OEOejomAN0b5OOg,0.4542250172651224,0.45426583839514584,0.0,0.0
qcPU5zGuX5yh-m2nd6xQVA,kb2Zvig0OTEqlA1xS2lakA,0.2540288382177279,0.2532206921191584,0.0217391304347826,0.0157480314960629
qcclrilFObdpGcn9Uj4lkA,XifhhRHdU6Lt9W4BEhAbJA,0.5208996840650713,0.4761213894495721,0.0,0.0
qdvEM3vJY5vi3fM1x0b10w,8qGe4GQYyZstFhYa0rvpIg,0.4596042822111672,0.4593510366105839,0.032258064516129,0.0
qgwOoCqT86uzrAoDAcWU1w,tpSAVc6bvo9cHOrzwDQycw,0.5370959027678268,0.4756410594739088,0.0,0.0
qhoPBAD0RP6F9bWKo6mjcA,hnGqJ78Y4Ph9gyQmtqnhVg,0.5133742210228133,0.47563924620059306,0.0,0.0
qhtvmfRicW2pFR6EosVJVA,phQZ65kaARzcL1fAquR8LQ,0.42952182682050527,0.4291972085427011,0.0,0.0
qkMMO794-59404bUiJ1Odg,c_MsK_ra1MB1Q9KvZgNwww,0.27319450688200236,0.27318968053188447,0.0,0.0
qlO8LCXgSAQ_Kz2hMM3Zyg,uIFRFef7l43YxA8G3dU6Tg,0.3553987650720144,0.35558310672868454,0.0175438596491228,0.0289855072463768
qwOHMS_GcwDMY8z55_naUQ,J96Q1F6TamXl5FCp4wDeoA,0.49424557397218966,0.4755631344912126,0.0,0.037037037037037
r28E3Magy-W_w2V_0jfMdA,lcJc6yH1uqwMOBNO6ux5UA,0.5063600794851082,0.4752357160856531,0.0,0.0
r3dO-D1qFn4Jct7KDNvImg,xqrlUnrLo1t9UP38S02qeg,0.33362632103658024,0.333645753193049,0.0087719298245614,0.0133333333333333
r7iK-eZzarezCOIChpa8hA,7UOJofNZSY6pQkIk6QUOGA,0.5041945737490513,0.4751089081374307,0.0,0.0476190476190476
rApszehZejreNYb4yymzTw,0hcn0TK1-n6-6hiznW1Kgw,0.5392788637219946,0.47504810631578664,0.0,0.0
rH80UXr5YBv4um7phwwwMw,FlWCsBiNoI4XTwZD8f_q0Q,0.4754143815572104,0.4750457185407111,0.0,0.0
rUlrzgX_hVZo7xtzbdKwRw,csq9VYVCD49otyOurg2vFg,0.5046899822624331,0.4750446783488279,0.1428571428571428,0.0
rZm_ttIRjTaQyVmD-Rk55A,mvd1kW4JG3zghPyUHQO24g,0.5000802429436808,0.4750407920462886,0.0,0.0232558139534883
r_3mqYyAKuGICx8jhwXxyA,Smgf64BYMd1F-W02PSKswA,0.517647884722946,0.47466650829612744,0.0,0.0
r_oscENLKdrF2KNyWP4oow,w4BzWRJ3xh0uRBvfqo28RA,0.35816214836303456,0.3581757701406927,0.0,0.0
rePMk8vWD1fFrg3WoQ_DKA,QyGPQg1-dIGAwPaBKIKMTA,0.44150489210914495,0.44123782035052916,0.0,0.0
riJXTWzl2sz2iJSBHL2MsA,fPMoxNGm2LGXVTuqh0BBTg,0.5335328442150499,0.47435384774212963,0.0,0.0
s4VzQaUCrgwPuViQYOqC2w,3tHYTqsJcsZ578bmcneY0A,0.5101025997838389,0.4743510664237774,0.0333333333333333,0.0
s4aArjOavl28bL5rPQRhRQ,6C0IhZMfk7mhpjTBcdsX1g,0.46147283668214234,0.46144247998201365,0.0416666666666666,0.0
s4sR4VUo5bzMcpXuiAj-EA,aA8_o9e57ey9QX5Nw4WelQ,0.5033221022990827,0.4739021806226682,0.037037037037037,0.0
s6nOfGZJpkZ3JplCO9lGiA,UBj0aJ6FfMR4tdvRbQ3KSA,0.41092830597521723,0.41093436672078115,0.0,0.0
s7MaEXwDnzUcqG16pG7Wfg,-v1Ia8G_G00SuygAm6koUg,0.410729185046532,0.41059195710408225,0.0196078431372549,0.0
s9BgSa45FigvXA-g56JHDA,mJYm5ronkSp2hDI71rdKxQ,0.491867912596862,0.4738656169018596,0.0909090909090909,0.0
sCd7CNY3gqF4hUXdcWJWOg,PeDuQRFosh1DL10ayTVT_A,0.5193360063877119,0.4737898330267992,0.0,0.088235294117647
sCkBUXw-GrMvRRxcun-Alg,kOOiEcy0UaWLwCPgZ95nmg,0.25755920809030686,0.25712927704749944,0.008695652173913,0.0
sDi4t17ttgcIVZqd48EECA,1DVFSLWmzyqRHmSyVwN81Q,0.4897353251960702,0.4734135638624572,0.0,0.06
sRJFxyCjZnmXuZLk6uKW6Q,5QCLmv-JrdY0ZGc_D5__iw,0.52125177926554,0.47340345451359195,0.0,0.0147058823529411
sXSUzImYOcRRI3xtG2M85g,QAlWB_JXJNQyg-kqAK_Ciw,0.24816609608428025,0.24712424379656006,0.0,0.0208333333333333
s_E3MJF7CjZZB1AhfSJjmw,Oloq6p0yeqAq_DUIiAkGiQ,0.4929078467811605,0.4717805551331046,0.0,0.0
shIAkjO9IFa4yTM5EENPTQ,9ik4zu2353HJu9QMrVzOiQ,0.5137891488536442,0.4717448055454469,0.0,0.0
sjosv3U_wxN3Zigr7gIx2g,-8luB5pJ7d9UOoiF7wikkw,0.24130174692101097,0.2410198228958754,0.0,0.0111111111111111
solZespjuuKYogZQHvXEGQ,J-ciDDEdIHMcChGIyKZnOg,0.21920363214084407,0.2193238994162141,0.0,0.050632911392405
su7Yky-5T1ZD7FTGg1qMag,Ks3uMmqFr8b7RLsidq1g_w,0.5270534282897333,0.47134512240801457,0.0909090909090909,0.0
t07Pof3RG7i-4DdZ5pYdaQ,TUtOrI_GnVwSuHHTTEN8MA,0.12273140327121838,0.12254019588406932,0.0365853658536585,0.0040485829959514
t2vxEpIP8ntB4OBHrNAcVw,bm5qHk46T4uGBxfaNejkyw,0.4130684083693509,0.41395809349672646,0.0158730158730158,0.0
t5Ca7rn3NsjfZcpfbhRZKA,jSr8KHVtQWgC_S_xNyrG5w,0.5052356275375283,0.47113512543409325,0.0,0.0192307692307692
t67btAFoivLLR53lktwsfA,AcAMVPXz_VyV9VirqeDblg,0.5035314590234711,0.4710592352611317,0.0,0.0238095238095238
t6nstSOOXkjSiGDE1i7WTQ,hftnzIIZaq7Uip5bKRrY9Q,0.31417067172346586,0.31450693552277986,0.0,0.0
t99FUZpRk5eMd1G33T-05Q,c39Y2K2DIch1L2lAgi25QQ,0.3973979774268432,0.3971189054395403,0.0,0.0
tGc2cbNouGKD2DfqeDPrvQ,m7YpXsUZOfbmaHxjhCGP_A,0.3556218960138331,0.3557317246951548,0.0,0.0
tHeWQO2G2-HL-XOCuE4h4w,_0JAjja8Pc2StBrhEgdf5Q,0.4951392457428056,0.4706040606159164,0.0,0.0408163265306122
tOfaMOiMrXSmTDuPjLOCuw,6ZiDuFIsSJxz7U1D98sQyQ,0.4966130962303267,0.47049690727810634,0.0,0.0
tPuso2lzqdPM3sje6gWzsA,9bH5Xc39pDsh70N9vUdBGg,0.5071536136406805,0.4704868809623403,0.0,0.0
tVNP5Ap6EAypgwsiPHWW2g,HC0g0xOuGDqn1jCCMctu8w,0.4598859267183322,0.46035969746910127,0.0,0.0
tcDpEgmd14W4szC0DU3Pgg,jshnKTsnoXLSez5XD1qo7Q,0.5220410448845204,0.4703496081525097,0.0,0.0
teWJvpV5UuMZKdWtMONvFQ,K4iZJUamQfWj9SyiT0udJw,0.5332705387692549,0.4701991659319795,0.0,0.05
tooCLsBJgtfcZLcpO_0hsg,JngvCO_EWSG5r3Mcy_5_9A,0.5264957471069082,0.47005188547450005,0.0,0.0
tqUQHX7gsWK2d2rsUuUUMw,86Mpp2Xlzasg-ntc2fNw7Q,0.43047642445047873,0.4305652220865378,0.0,0.0
tt_QH5mWv4FhiP3-82NOTg,H0nX4N4N3AIDheuIcbVYkw,0.383618121791262,0.38373629042791635,0.0,0.0
twzNU32q_CLrjtnAqMjLRg,RTlW3VQFTlIJSgSbf_1RcA,0.47218209745497547,0.4699827506413123,0.0,0.025
u7KZF5EegKTUt9xtr0yMYQ,nFdDkQNfy3bOLrs1Wdn7ow,0.2429162071043851,0.2431534010036238,0.0223880597014925,0.0
uGOEl8AfKsMJKebNcX3uNA,DV4NwHf8Bt6y1ucG0bSNpQ,0.47857736150937086,0.46995856396682467,0.0,0.0
uIYodhuKvXEWd6jEGK9l0g,Pdq64df8bTI648RCtHmJ0Q,0.41859387343243154,0.41837572035712917,0.0,0.0238095238095238
uJITgt5t7j-KpDChsXPV5w,GU8bT_YS2WbLK749ETzroQ,0.5198653234686512,0.46985954377302613,0.0,0.0909090909090909
uJc9lKaxLNBZch866x4_pA,HmQ5jRUuYrRc8cKGIsA6FA,0.4955131955991276,0.46965302029668626,0.0285714285714285,0.0
uKGuZYme6UO1DBexhtW5cw,tmGfIaU4GIFbcPHzr3C-Lg,0.5057104278399449,0.4696341311103156,0.0196078431372549,0.0
uPQVKBptNqOxiYfXQyFxwA,PaB1RhsPKZBblFCCP0ZF8Q,0.5233154857702561,0.4695844228822845,0.0,0.0
uTq9qVkOuxjBPjqC7K0XYA,hU4gqTl636TJrxlI2WXZSg,0.35130596163313915,0.35137986685730177,0.0,0.0
uVtTkB1EVevu-0EIQygVMg,56x9PUm3JWKqmMsaeiAfrg,0.4875651004044193,0.4695248438431758,0.0,0.0
uWJx0gRuynGEjgRtxUu-dw,sWZnoOJwHTQD7RgdrmFA6Q,0.4898075207335936,0.46797940452898834,0.0526315789473684,0.125
uX31y8tMkt918miAJaSIgQ,-rCB_kCW-u84S-CQir-lng,0.3448397625425118,0.3452802512758317,0.0,0.0
uaKXyCNVXWdfOOdbM88pMA,kGXt74i82kOVgfixBuBoIQ,0.3742186552538534,0.37377897734098187,0.0,0.1025641025641025
uflDYdHGrCawgr1JSQ7Ypw,aqyDUSUJUg0gKf-R1aGzLw,0.47323102915283555,0.4678589838064823,0.0,0.0
ui4DfohP2wEh-BJbr_2D-w,fimN43BUUakBXeRUQqkYvA,0.44437374589240225,0.4448198884737755,0.0,0.0
unK5BCRWoMZ3ZCWhcKe-ow,JHZ9LdG-V9yEcmT2UiBeDQ,0.5247717286524319,0.46784754445032645,0.0,0.0
uujAlHvgCzo8oinElyWFcw,QkOLTKmHsr2sDWlKxNuvCw,0.38698327704233415,0.38645656175319615,0.08,0.0142857142857142
uv5EeYMn3giMqBXYu-ejKA,4MbJl_Pn4xqTHWWf_w5KHg,0.5323699495857256,0.4678221040446688,0.0,0.0
uvGfk8eirExWR-B9zsIN5Q,prZjGYZFtZ05e80cSEYyjg,0.015024140517130974,0.015128335677387934,0.0,0.0107066381156316
v30UfHgDVZJSjLriIwnh3w,psvwCDbjNu7WhzGk5uLa8A,0.5063478903415485,0.4678142780805637,0.0,0.0149253731343283
v3cbEy9tUWqeVVHQM5ZZ4A,UUJ5av87wFfxKqJBIerN6A,0.5219984755904442,0.4677212471694539,0.0,0.0217391304347826
vAlG57_mZtazKbHBH39T8w,etqiTJ31Bl3Fuh3CWTSHxw,0.49212436200190485,0.46758927544188733,0.0697674418604651,0.025
vEgKBcuZxPsaExMXBP0SgQ,ql3jAWijsUf1-JdPLG2-AA,0.4141330611241502,0.4139651099919239,0.0,0.0363636363636363
vGWxHSjUQrS3fLJdax2V6Q,n_wXu0dBd7hoBeMgMgQl0g,0.3087154244671953,0.3075430859578291,0.0181818181818181,0.0
vHAjYdA3c4G3E7HKMl3OgQ,xmKMkJwP1k1SSzFfE4VBCw,0.43850761839468416,0.43822263050599103,0.1020408163265306,0.5
vMp55ea__Pk0fYbBDCn6jg,2Q5gjf_K68145UdUyKGAaw,0.5137522838021595,0.4668077512465434,0.0,0.0
vNQVDDBhMfsXAQkK75Iebg,p8V4zEEYZvZnZh9f8k5KZA,0.5146076706344037,0.4668026120964363,0.0,0.0
vQMcJ0hvM--o9qPYFn6Xvw,w8Imup3Dy0-v377-ixFuWQ,0.4866777172045226,0.4667954628069178,0.0,0.0
vQ_rxK8TV37QOS-uJvGGQA,GdLJIhP0BSI-wSACyUribg,0.5184006439071228,0.4662391676865451,0.0,0.0
vf81tOiPd08VGI28EkB6OA,dnxBrWsHasYXofdKVcM1GA,0.4692102676692552,0.46599409051116675,0.0,0.0
vj6m5eqsIxV7INR9bgoYNA,VSVtG0BfSCRIZfo03VgHCQ,0.5115237458237757,0.46582404143017325,0.0,0.0
vkrNaPsYX37nu8ndgFxLxw,56R9jd6PBz9jEg_WDyP7Sw,0.48029726196002226,0.46512376966694885,0.0,0.0
vp_hPIvAcUJ7xjuWxYLZAg,a8r64xZqHHyUhnu4sFjN7w,0.5199388907263798,0.4648851579753789,0.0,0.0
vsU6uRvqqf-Mls3GrDm1og,GBRQ70B7TOhs8M40w6WGbw,0.503954147604379,0.4647278311367154,0.0454545454545454,0.0
vtJzY7yw636iiEH5tz3B-g,F94hX4z3gqcUZHEh1_r8eQ,0.5281361662920889,0.46458465779623576,0.0,0.0
vt_esoDw6HG5ClM12OPkMg,eFn-8QlFGdkT_B-bWigtFQ,0.39268615632580683,0.39261356268583925,0.0,0.0246913580246913
vwqqOKV8enOLmuvNSY3s8A,YvjGdHY7iAKv_ticIACnXQ,0.49630169820181147,0.4641992992416234,0.0,0.0
vxHqkD2ZMcDefFh_hhRd0A,7Klk8UuK1sdJt5_44eUtDg,0.41740384323174473,0.4180617908985118,0.0222222222222222,0.0232558139534883
vyyr3G874jpRYSQo2KPZow,NghIUbFjp683iyVJtF8u-g,0.40162745459733934,0.40209045802327903,0.3333333333333333,0.0
w4nHq_elJwPpI4iZ6ro3JQ,U1Ni64-U1o5ylGO_pqNDMw,0.4740108026578729,0.46407618894229075,0.0,0.0
wA5kqFd2XtxcuUAmwuqWdg,ybpCdZgY43JGcuAeGfm4Bw,0.5016319544118993,0.46350542665607336,0.0,0.0
wCgIJhH_CTuwsSZPcafkng,Gstw7erE6199OMgsbFAqWA,0.4463518985234512,0.4465822259017124,0.0,0.0
wF3EdgYbUm6ARXDCzbpUEA,tN5Q82mcwOeVJVWVo_2AFA,0.3608424618273363,0.3607981057036381,0.0,0.0112359550561797
wGWnJ71EHjyrP7vuHxYoRw,nfa_qLZeaDKI80h3TS0wcg,0.36674752853302733,0.36643265939894354,0.0379746835443038,0.0263157894736842
wH94vFPKNVtBmQX5c7AfRA,nyyPT7L3MnNp-jUTFdsibg,0.5129018091420426,0.46346326759241985,0.0,0.0
wNuyxdg5wGoMFG19k1j59Q,kyrqWqmgn65uVa2oTowAGA,0.30189212586602204,0.30205711518032957,0.0127388535031847,0.0136986301369863
wOFbUo9D-JSdMeuUgLyL5g,9U2w4rQlIgBQqHuTRgp7Rw,0.43018076658035814,0.430177193670697,0.0571428571428571,0.0
wP2ok4O0GsR9td7Iiv1zKA,7gmgEoLpKdC2nawiBOtGjA,0.10623160526924294,0.10596872143665906,0.0060240963855421,0.0052083333333333
wgPpwKJ6oyp3XN0jGUFhOg,Rbu1ie-5KHHbuSCqyRFrDQ,0.5244374430468178,0.4633554852945452,0.0,0.0
wmEZ3OqLuD1Z6b3mJSl1yg,5GUA13zYgw4_8F6qUMU_LA,0.4921267367942913,0.4633467291002989,0.0,0.0
x15WdO1CEan8yqexBNNOhA,cVFjnwuSmDKfIudiPHmkPw,0.5260941443982129,0.46302868359026833,0.0,0.027027027027027
x1zvE33a3y4lSKnbCsaAUA,AEgaEEWNGuXWBHUkf_fN3A,0.48728220661384164,0.46299565399053216,0.0454545454545454,0.0
x5GkG0oI_S107wLlgdBxVA,MzedNubJEzEDO_St-AN0Wg,0.2753029510939667,0.2740142317951611,0.0373831775700934,0.0212765957446808
x5c_Lna3CYLQH4pAXFCBLg,r8DNf74pfvCdy29fGuwAoA,0.2348336808715294,0.23528121916130731,0.0,0.0253164556962025
xA6daGPW81vmyg9iRFEGbA,pWDE_rueENu_f5HKA_AsWw,0.2851464158703525,0.28504587087903793,0.0202020202020202,0.0151515151515151
xCW-s1hBP23-HkyqW-kngA,T_dAeyp_OLm8GuyKZL97Hg,0.3654940361111296,0.3655548187472629,0.0476190476190476,0.0
xFdZbv00SJwv5YSgwAGwqQ,OJpGFS7e38cncjp2jlWydA,0.4349817877633807,0.43456572878265187,0.015625,0.0384615384615384
xGBHv5kA1Cm4eYyqzxy7Kw,5-aqt6yXDtV5p6vliEBxVQ,0.503105816347592,0.46290033517673224,0.0,0.0
xKobpA4w0P_J2jFMP7wcnw,JPm93BlP-UHYPqFgK66JUw,0.5029504073117276,0.46277841177949436,0.0256410256410256,0.0
xNlIIm07eJ3jdsXF2KW2nA,mBcvp7NarEQEviJyRiX23Q,0.39910650613128307,0.3990729068803371,0.0,0.04
xUd0QOyVzx9SQhWulcOPAw,JyDpriUoqv9kUU3VroNfAQ,0.48781285832458554,0.4625940368418776,0.0,0.0
xVLoxYL8Jrvj1JQlM_bfLw,nMLZh1mfsg9RpmwtIAlq4A,0.4658510369958177,0.46255880355888224,0.0,0.0
xXAWWlpXGlDfgGzy9TTJIw,vG0uDzd0eoqryYUNfXwgjA,0.4692377972827013,0.46249418110727597,0.0,0.0384615384615384
xhmgQtl9gooBJybCuXBZPA,jdtPT12GXxxjfjUBOTc40A,0.4482217650419264,0.4482639600335999,0.0,0.0
xqWUMFEEbQla7B8lbUTrlA,CMovGmSWFCjhOBOYiymetg,0.38156933871655924,0.38158685268606396,0.0,0.0
y-XX_c8EVK4m3oQda42Y3A,IlAvhYscM3UyY5hzBPBlUA,0.4592465309031171,0.4591738101910461,0.0208333333333333,0.0
y6HD7qhOsXt-BTnkuJLUSg,_XM7-X5Lc-e_T1S71ri-GA,0.5241090245401188,0.4624650023704777,0.0869565217391304,0.0
yGGaBvdHbzPCZCzR7s_uog,0YELKCY1VMIA3gmP2DkHSg,0.3656469454920871,0.3656046427533104,0.0,0.0
yGH9V9WTNGSZ6AHOW3kH-w,FyDQ8QKKjmBKagZ2GhNb8Q,0.30561335081765617,0.30568660615531146,0.0129870129870129,0.0175438596491228
yIAgFdYQY3UdfDn-qO0K7g,4BbzHEVKSHuctibot056og,0.4676901958138797,0.46232528562685554,0.0,0.0
yIIibdtcOnGsjtvgNuBqKA,HnHsm7SXKiUoNPsYnXdMvA,0.4451899351219511,0.44515012919125546,0.0,0.0
yMLdnKqOErWTvaE8djPzDA,joCDK7kg-03uo4rZK5X0_A,0.36317704827960107,0.3630867985665671,0.027027027027027,0.0
yOc3BbR4pua-7El5ce8lHg,RFISCR-JSYQ7wQ3V_fpkLA,0.5038790112279765,0.4621615780338882,0.0,0.0
yOoTTOsIBk10XCszYVnrDQ,1Mmo93UBNsaVW7OnpWDuQg,0.104619812970743,0.1038034838368093,0.0,0.0
yYwNi8Ul3P3JK605fVUlDA,5JiDLN6spnuAVrEN6csvzw,0.28818324343177726,0.288276089598014,0.0263157894736842,0.0
yZYx6GiDN9pc8hutC_1qIg,TqE83vo_rs4h4EycnuLI6g,0.511631861109272,0.4616603195155977,0.0,0.0
yecLfvB2rSvm0p_vkEkDsA,5u_eZ2_GYsPtLuRwAajgzg,0.47796291710463407,0.4615061047260164,0.0,0.04
ygx4Pfk51sR4aFGDwv1xUg,saJFbz12EnzanelpD8_xXQ,0.37107162457467224,0.37136798583409486,0.0091743119266055,0.0
yiR60hi1GUqVJ4Wu7U9dqA,Gn34llSvalq0_RNsZLCsfQ,0.4355886732463836,0.43565738594446773,0.0,0.0
yj0bwjpMvBuNgJ0IQIC8mQ,-6kIZWnXPuDC6JiQJ-A1fg,0.5133630861504268,0.45914988809559054,0.2,0.0
yuW60QyweNNcyHa_3fkrYA,j6TDQvbRoMszGR0hyaVxvw,0.45324583446523875,0.4528039970817567,0.0,0.0
yucn3Ygi3tr1LyVDgSWjvQ,yi1qt3cUK-RojZPXEjVFXQ,0.43741743994094223,0.4375741668005997,0.0,0.0
z6xFUwsrwZHmuNZp1bKaLA,DE8wVXVQ5JNsRVZcLpOARg,0.4963596183366681,0.4590870690916717,0.0,0.1
z7GXmSfRl92A_NWB7Zz4Og,YnCvQRwQu9_9eVYuarNKxg,0.5033995727188739,0.45908196287925396,0.0,0.0
zBs8GENWVLpX7KcBIPiB0A,-loV4cB2Uh9TCltTRgGzWQ,0.0724782822365891,0.07242837223713763,0.0,0.0
zDEzXNbn84HD0lR0KD0seg,hNH1ILskk1qu7TA0rBvvlw,0.49574297253321725,0.45894184607974353,0.0,0.0
zEZO2ySF7ym3rWyXBln0zQ,f22prjTaNUWwqvVsI4HWxQ,0.4505886484060492,0.45037860084567666,0.0256410256410256,0.0
zGbycl5wGZXkbtq4c6-qYw,uQgZitYr2ni6ZjL6LPOzBA,0.49948843920064284,0.45885685380526925,0.0,0.0147058823529411
zHXYNXlSO3vMrWlISzmwlQ,7enJKZ9W2Vkq62ryK28taQ,0.4944134265048405,0.4588169564246292,0.0666666666666666,0.054054054054054
zMMSWTHxkLWYR359o-IuAg,yM8LlTInbQH4FwWC97lz6w,0.4183636302190089,0.4182088443045892,0.0,0.0256410256410256
zXvjFr3lftIlkuFNlY4PRw,HUfoljaD3iVbHdQlBAsV4Q,0.3554408041769271,0.35587582498123904,0.0185185185185185,0.0114942528735632
z_bTPCOeRv7IDHSNF0bxzg,GphUtL7kAHxd1CXxntt-Jw,0.48880618358833944,0.4585249305910201,0.0,0.0
zaC6coZ5Gp8mLjeg7Slh6A,0s9wc8XMhxgKbiHUreqeRw,0.431022554072217,0.43108939818667524,0.0149253731343283,0.1578947368421052
zupI44qitH6T8Bo9OjA6Yw,qnTszlGgzUBu44tdQR7QgQ,0.41687873032014744,0.41672282769785207,0.0,0.027027027027027
zurZgdE3W9jJnU6VAgTdSg,AYdS8RWl_6npvX71Of8vog,0.4967383351827986,0.4585027299197805,0.0,0.0350877192982456
zwBvdDWFQpYJE1UMDTlSyw,jNvVJBh447ya0UFvz2676g,0.18959183065517737,0.18937086129178343,0.0714285714285714,0.0
