user_id,total_visits,unique_venues,revisit_ratio,top1_venue_share,burstiness_index,active_span_days,venue_entropy
1000258,1,1,0.0,1.0,,0.0,0.0
1000444,1,1,0.0,1.0,,0.0,0.0
1000804,4,4,0.0,0.25,0.10711834762109657,0.10251157407407407,2.0
100133,82,32,0.6097560975609756,0.25609756097560976,0.3064590762149739,75.19643518518518,3.8918568487592036
1001371,23,15,0.34782608695652173,0.13043478260869565,0.13570080637282855,25.95196759259259,3.7294461949052566
1001481,12,10,0.16666666666666666,0.25,0.14230383356567136,1.120625,3.188721875540867
100158,6,6,0.0,0.16666666666666666,0.1264442787275059,308.2307523148148,2.584962500721156
1002026,2,2,0.0,0.5,,50.72667824074074,1.0
1002475,5,5,0.0,0.2,-0.14546765014155508,1.1771064814814816,2.321928094887362
10028,152,77,0.4934210526315789,0.15789473684210525,0.24096353406033458,450.3790046296296,5.281213150635693
1003031,1,1,0.0,1.0,,0.0,0.0
100309,71,31,0.5633802816901409,0.2535211267605634,0.16637792577831448,418.9019328703704,4.106116837205114
1003547,68,59,0.1323529411764706,0.058823529411764705,0.280872401116863,419.0009606481481,5.793345194191518
100419,213,74,0.6525821596244131,0.3286384976525822,0.47543529392728473,448.69747685185183,4.670898859372193
1005236,2,2,0.0,0.5,,176.92677083333334,1.0
100540,70,44,0.37142857142857144,0.3,0.453817894870661,160.02503472222222,4.629375111509004
100566,48,43,0.10416666666666667,0.08333333333333333,0.01185673552739008,400.03537037037034,5.334962500721157
100595,1,1,0.0,1.0,,0.0,0.0
1006219,6,4,0.3333333333333333,0.5,-0.09859932554415451,11.093842592592592,1.7924812503605778
1007066,109,60,0.44954128440366975,0.07339449541284404,0.45509199990364213,443.0675462962963,5.551639747399608
1007299,26,22,0.15384615384615385,0.15384615384615385,0.6328629932543537,155.30039351851852,4.315824333525707
1007347,2,2,0.0,0.5,,19.342997685185185,1.0
1008732,174,86,0.5057471264367817,0.08045977011494253,0.4027370715855999,352.20931712962965,5.776498436703638
1008930,82,46,0.43902439024390244,0.08536585365853659,0.226321761484066,328.97442129629627,5.136149834881242
1009431,1,1,0.0,1.0,,0.0,0.0
1009661,3,3,0.0,0.3333333333333333,-0.08043251178679314,3.5435185185185185,1.584962500721156
1009982,2,2,0.0,0.5,,0.23570601851851852,1.0
1010257,23,21,0.08695652173913043,0.08695652173913043,0.3132654636426005,10.874247685185185,4.349648912578752
1010258,1,1,0.0,1.0,,0.0,0.0
1010730,9,9,0.0,0.1111111111111111,0.10840314576195989,6.259363425925926,3.169925001442312
1010891,5,5,0.0,0.2,-0.5397046925180923,4.470532407407408,2.321928094887362
1011067,11,10,0.09090909090909091,0.18181818181818182,-0.03958644427055642,1.3461458333333334,3.2776134368191157
1011420,1,1,0.0,1.0,,0.0,0.0
101228,9,9,0.0,0.1111111111111111,0.008090235806385713,4.999513888888889,3.169925001442312
1012341,1,1,0.0,1.0,,0.0,0.0
1012469,131,104,0.20610687022900764,0.061068702290076333,0.4979475797589179,446.08383101851854,6.4484673489947735
101248,3,3,0.0,0.3333333333333333,-0.002537926539967962,372.90300925925925,1.584962500721156
1012767,80,41,0.4875,0.225,0.6958478775629016,443.91260416666665,4.54858702822317
1012859,46,34,0.2608695652173913,0.15217391304347827,0.1516401723491839,97.88703703703703,4.757015761951795
1012960,3,3,0.0,0.3333333333333333,-0.011190836574508712,7.330150462962963,1.584962500721156
1013080,3,2,0.3333333333333333,0.6666666666666666,-0.00017726567693322843,2.8733680555555554,0.9182958340544896
1013167,152,57,0.625,0.16447368421052633,0.18040428819673107,117.41238425925926,4.9446378096410415
101401,7,4,0.42857142857142855,0.42857142857142855,0.2268368094634485,283.0302662037037,1.8423709931771088
1014081,8,5,0.375,0.5,-0.2308466910017242,4.5896875,2.0
1014745,193,83,0.5699481865284974,0.11917098445595854,0.3385093334513785,438.2927199074074,5.609553429124297
101551,20,20,0.0,0.05,-0.00636791163978872,14.131006944444444,4.321928094887363
101577,10,8,0.2,0.2,0.10065934146377688,86.31287037037038,2.9219280948873623
1016350,1,1,0.0,1.0,,0.0,0.0
1017019,13,13,0.0,0.07692307692307693,-0.0017984351124235613,16.878425925925924,3.7004397181410926
101852,1,1,0.0,1.0,,0.0,0.0
101882,2,2,0.0,0.5,,0.9879629629629629,1.0
1019569,2,2,0.0,0.5,,3.8960648148148147,1.0
1019611,68,52,0.23529411764705882,0.058823529411764705,0.15481355918714068,361.0466435185185,5.546949789747938
102032,4,3,0.25,0.5,-0.671818662188783,1.6727314814814815,1.5
102054,1,1,0.0,1.0,,0.0,0.0
1021098,1,1,0.0,1.0,,0.0,0.0
1021828,15,12,0.2,0.26666666666666666,0.10761362799461817,6.127268518518519,3.3735572622751846
102195,70,52,0.2571428571428571,0.1,0.307720643036649,137.96335648148147,5.484122167534537
102278,1,1,0.0,1.0,,0.0,0.0
102316,115,77,0.33043478260869563,0.11304347826086956,0.2005300198084462,446.1695833333333,5.797582708946619
10235,1,1,0.0,1.0,,0.0,0.0
1023874,3,3,0.0,0.3333333333333333,-0.016545826361777267,0.37972222222222224,1.584962500721156
1023923,200,53,0.735,0.155,0.6388517432294347,423.23484953703706,4.793904134734384
1024259,33,30,0.09090909090909091,0.06060606060606061,0.23824412776872092,3.031203703703704,4.862575937540274
10244,104,65,0.375,0.08653846153846154,0.23583271416976292,295.7955324074074,5.6218044729033485
1025137,2,2,0.0,0.5,,1.8413310185185185,1.0
102516,10,7,0.3,0.2,0.47258509913081304,402.03685185185185,2.721928094887362
102517,14,11,0.21428571428571427,0.21428571428571427,0.1394067866343777,3.8312268518518517,3.3248629576173565
1025189,92,41,0.5543478260869565,0.32608695652173914,0.012154931901276197,100.9325925925926,4.210621447429519
1026652,1,1,0.0,1.0,,0.0,0.0
102668,28,21,0.25,0.14285714285714285,0.1606930147200849,68.97348379629629,4.208966082694624
1027331,1,1,0.0,1.0,,0.0,0.0
10279,1,1,0.0,1.0,,0.0,0.0
1028679,3,2,0.3333333333333333,0.6666666666666666,-0.706290124706695,1.6580439814814816,0.9182958340544896
1028995,7,7,0.0,0.14285714285714285,-0.12787651598704974,7.174618055555555,2.807354922057604
1029130,2,2,0.0,0.5,,1.496863425925926,1.0
1030755,15,15,0.0,0.06666666666666667,0.5619590200606384,296.89505787037035,3.906890595608518
103114,22,8,0.6363636363636364,0.6818181818181818,0.36409504115908925,67.96913194444444,1.795642576176944
1031375,3,2,0.3333333333333333,0.6666666666666666,-0.9263327291514915,6.580856481481481,0.9182958340544896
1031401,1,1,0.0,1.0,,0.0,0.0
103211,15,14,0.06666666666666667,0.13333333333333333,0.0055753624152159505,4.5001851851851855,3.773557262275185
1032482,1,1,0.0,1.0,,0.0,0.0
1032689,76,19,0.75,0.6447368421052632,0.4968872217155711,445.842650462963,2.2262155743037697
1033045,5,5,0.0,0.2,0.0035489070198805417,293.8660300925926,2.321928094887362
1033521,89,41,0.5393258426966292,0.24719101123595505,0.38603200304280955,368.01810185185184,4.556873542504851
103420,18,16,0.1111111111111111,0.1111111111111111,0.5426252243959446,415.0284027777778,3.94770277922009
1034485,14,14,0.0,0.07142857142857142,0.048115272841582,3.890324074074074,3.8073549220576055
103450,1,1,0.0,1.0,,0.0,0.0
1034612,2,2,0.0,0.5,,2.6477546296296297,1.0
103471,88,62,0.29545454545454547,0.14772727272727273,0.1850784099562174,70.19653935185185,5.554710126135468
103473,94,52,0.44680851063829785,0.1276595744680851,0.39618396450119,335.5112037037037,5.193807968717691
103481,12,11,0.08333333333333333,0.16666666666666666,0.17246587808277228,4.166030092592592,3.4182958340544896
1034995,36,32,0.1111111111111111,0.08333333333333333,0.26012938272105524,247.79092592592593,4.9057645846554525
1035632,1,1,0.0,1.0,,0.0,0.0
1035740,1,1,0.0,1.0,,0.0,0.0
1036283,6,5,0.16666666666666666,0.3333333333333333,0.30409019995881087,4.926087962962963,2.2516291673878226
1036822,268,79,0.7052238805970149,0.5223880597014925,0.18561765245078055,445.1758564814815,3.827945918871255
103731,1,1,0.0,1.0,,0.0,0.0
1038799,20,16,0.2,0.1,0.44994698303839964,155.32224537037038,3.9219280948873627
1039586,1,1,0.0,1.0,,0.0,0.0
104105,1,1,0.0,1.0,,0.0,0.0
104173,11,10,0.09090909090909091,0.18181818181818182,0.05679658019309701,4.544108796296296,3.2776134368191157
1041781,9,7,0.2222222222222222,0.3333333333333333,-0.19654873117519342,4.952337962962963,2.6416041678685933
104216,13,13,0.0,0.07692307692307693,0.4907120613285515,34.001805555555556,3.7004397181410926
1042488,9,8,0.1111111111111111,0.2222222222222222,0.08534027717306761,3.3055555555555554,2.94770277922009
1042512,1,1,0.0,1.0,,0.0,0.0
104376,19,18,0.05263157894736842,0.10526315789473684,0.1736335545881552,2.9780902777777776,4.142664355548848
104394,8,7,0.125,0.25,0.09801083498573074,0.9971064814814815,2.75
1044003,1,1,0.0,1.0,,0.0,0.0
1044111,1,1,0.0,1.0,,0.0,0.0
1044149,1,1,0.0,1.0,,0.0,0.0
1044401,1,1,0.0,1.0,,0.0,0.0
1044859,10,10,0.0,0.1,0.2588227409741597,7.414583333333334,3.321928094887362
1045085,6,5,0.16666666666666666,0.3333333333333333,0.1842160173612274,6.845381944444444,2.2516291673878226
1045110,41,39,0.04878048780487805,0.04878048780487805,0.7090651100552845,216.24681712962962,5.259991029008325
104520,7,6,0.14285714285714285,0.2857142857142857,-0.12933707298218358,8.315787037037037,2.5216406363433186
1045272,292,105,0.6404109589041096,0.07534246575342465,0.39722362543009054,447.78658564814816,5.943385785660509
104529,126,70,0.4444444444444444,0.1349206349206349,0.2245198428311376,427.3724074074074,5.564325909648806
104557,22,12,0.45454545454545453,0.36363636363636365,-0.02405281339083123,6.686006944444444,3.004886164091842
1045736,1,1,0.0,1.0,,0.0,0.0
1045746,1,1,0.0,1.0,,0.0,0.0
1046280,12,7,0.4166666666666667,0.25,0.029406803074857133,23.024305555555557,2.625814583693911
1046532,1,1,0.0,1.0,,0.0,0.0
1046591,46,31,0.32608695652173914,0.08695652173913043,0.6089063955556012,334.4865740740741,4.7786779885246125
104709,7,4,0.42857142857142855,0.42857142857142855,-0.09389761703685562,52.04951388888889,1.8423709931771088
1047658,4,4,0.0,0.25,-0.0329570087035732,0.816875,2.0
1047950,79,42,0.46835443037974683,0.17721518987341772,0.29406676427950407,99.03680555555556,4.759806021950983
1048574,1,1,0.0,1.0,,0.0,0.0
1049081,3,3,0.0,0.3333333333333333,-0.425,0.0006597222222222222,1.584962500721156
1049628,1,1,0.0,1.0,,0.0,0.0
1049786,4,4,0.0,0.25,0.023426899804423265,0.2975115740740741,2.0
105007,7,7,0.0,0.14285714285714285,0.030000679892697488,3.8404166666666666,2.807354922057604
1050203,2,2,0.0,0.5,,0.001412037037037037,1.0
1051656,20,16,0.2,0.15,0.38472689669398735,183.49635416666666,3.846439344671016
1052262,3,3,0.0,0.3333333333333333,-0.052025792836625874,207.71421296296296,1.584962500721156
1052324,4,1,0.75,1.0,-0.3661019460418656,55.15645833333333,-0.0
105299,3,3,0.0,0.3333333333333333,-0.1485862460926399,0.7484953703703704,1.584962500721156
1053051,2,2,0.0,0.5,,0.11280092592592593,1.0
1053414,2,2,0.0,0.5,,12.380104166666667,1.0
1053636,4,4,0.0,0.25,0.10723582406795883,0.015381944444444445,2.0
1053748,16,16,0.0,0.0625,0.08887827787997553,12.077511574074075,4.0
105381,2,2,0.0,0.5,,3.7555092592592594,1.0
1053876,3,3,0.0,0.3333333333333333,-3.6995069188805056e-05,64.13754629629629,1.584962500721156
1054034,2,2,0.0,0.5,,26.29886574074074,1.0
1054228,19,18,0.05263157894736842,0.10526315789473684,0.5350558206020898,367.2018865740741,4.142664355548848
1054457,10,7,0.3,0.4,-0.07706690317677026,116.13489583333333,2.5219280948873624
1054468,3,3,0.0,0.3333333333333333,-0.48572876633565565,51.979166666666664,1.584962500721156
1054752,1,1,0.0,1.0,,0.0,0.0
1054905,1,1,0.0,1.0,,0.0,0.0
1055175,3,3,0.0,0.3333333333333333,-0.9699063695107477,0.8644560185185185,1.584962500721156
1055499,17,17,0.0,0.058823529411764705,0.16994895904257123,6.3215972222222225,4.087462841250339
105632,59,49,0.1694915254237288,0.05084745762711865,0.12350537116652263,399.9767361111111,5.5180705916613855
105745,11,11,0.0,0.09090909090909091,-0.12070455639118001,7.076793981481481,3.4594316186372978
105787,21,19,0.09523809523809523,0.09523809523809523,0.5936130127611507,80.7121875,4.20184123230257
105796,4,4,0.0,0.25,0.16402246738306753,11.019583333333333,2.0
105900,30,24,0.2,0.1,0.6172126623914332,234.27440972222223,4.456564762130954
1059238,1,1,0.0,1.0,,0.0,0.0
1059418,1,1,0.0,1.0,,0.0,0.0
105956,4,4,0.0,0.25,0.10030459428358177,4.257685185185185,2.0
1060116,9,9,0.0,0.1111111111111111,0.2802634660738583,1.008738425925926,3.169925001442312
1060702,26,25,0.038461538461538464,0.07692307692307693,0.613850093051559,18.670034722222223,4.623516641218015
106087,72,63,0.125,0.027777777777777776,0.4113321735095297,440.07652777777776,5.919925001442314
10610,19,18,0.05263157894736842,0.10526315789473684,0.6002745814039794,337.1770138888889,4.142664355548848
106104,113,61,0.46017699115044247,0.1504424778761062,0.39455389705655125,452.19247685185184,5.3100428226158325
1062958,8,7,0.125,0.25,0.03684120650192102,24.207569444444445,2.75
1063121,4,4,0.0,0.25,-0.07599036036998141,1.0749305555555555,2.0
1063152,2,2,0.0,0.5,,2.4544212962962964,1.0
106327,106,68,0.3584905660377358,0.09433962264150944,0.3740677034383175,410.26262731481484,5.713769927333316
106329,1,1,0.0,1.0,,0.0,0.0
1063339,14,13,0.07142857142857142,0.14285714285714285,0.23021712225091034,11.48005787037037,3.6644977792004623
1063753,1,1,0.0,1.0,,0.0,0.0
1064070,3,3,0.0,0.3333333333333333,-0.0169826410123724,3.2527083333333335,1.584962500721156
106496,38,23,0.39473684210526316,0.2631578947368421,-0.0794281355632596,398.1648611111111,4.01821551467515
1065562,19,19,0.0,0.05263157894736842,0.4639980759606966,3.704699074074074,4.247927513443585
1065632,1,1,0.0,1.0,,0.0,0.0
106598,65,42,0.35384615384615387,0.2153846153846154,0.46058977091651376,412.3669675925926,4.859788868177733
1066013,6,5,0.16666666666666666,0.3333333333333333,0.29855444520468366,153.24498842592592,2.2516291673878226
1066766,6,6,0.0,0.16666666666666666,0.028373722271030206,57.88651620370371,2.584962500721156
1067,84,56,0.3333333333333333,0.05952380952380952,0.10805717100286082,448.7103240740741,5.566316494382877
1067087,6,6,0.0,0.16666666666666666,0.09683169193394175,1.518125,2.584962500721156
106729,1,1,0.0,1.0,,0.0,0.0
1068690,17,17,0.0,0.058823529411764705,0.31641954315519677,9.408078703703703,4.087462841250339
1068929,219,117,0.4657534246575342,0.0547945205479452,0.4539043574807229,452.74059027777776,6.413715190610886
1069020,182,63,0.6538461538461539,0.43956043956043955,0.5196284762091832,438.4344560185185,4.106864668469415
1069064,202,74,0.6336633663366337,0.18316831683168316,0.35559347399292895,440.759837962963,4.872546372843349
1069660,3,3,0.0,0.3333333333333333,-0.5986903539079279,1.5852199074074074,1.584962500721156
1070031,3,3,0.0,0.3333333333333333,-0.9879374787631668,0.13542824074074075,1.584962500721156
1070812,1,1,0.0,1.0,,0.0,0.0
1071003,18,12,0.3333333333333333,0.1111111111111111,0.4766620896105664,75.27164351851852,3.503258334775645
107112,2,2,0.0,0.5,,1.9586574074074075,1.0
1071189,68,28,0.5882352941176471,0.4264705882352941,0.6207046167641987,207.86872685185185,3.5300952108480823
10716,7,7,0.0,0.14285714285714285,0.3696428574051199,317.07574074074074,2.807354922057604
1071701,50,19,0.62,0.38,0.02970276192386533,420.9226736111111,3.2374509251774257
10734,4,4,0.0,0.25,0.15433799072304286,1.985798611111111,2.0
1073400,2,2,0.0,0.5,,1.0075462962962962,1.0
1073603,35,29,0.17142857142857143,0.08571428571428572,0.2356088950773936,319.34681712962964,4.7648576597402945
107405,56,37,0.3392857142857143,0.16071428571428573,0.4345635505282166,429.54744212962964,4.86460514492419
1075270,32,31,0.03125,0.0625,0.3651688502261111,2.8944675925925925,4.9375
107548,92,67,0.2717391304347826,0.09782608695652174,0.3113543396792553,398.76314814814816,5.781129754711381
1076147,2,2,0.0,0.5,,1.0428819444444444,1.0
1076353,70,53,0.24285714285714285,0.11428571428571428,0.3960515127559715,430.30672453703704,5.427577081534057
1077075,3,3,0.0,0.3333333333333333,-4.738259493176092e-06,183.20222222222222,1.584962500721156
1077197,1,1,0.0,1.0,,0.0,0.0
1077547,6,5,0.16666666666666666,0.3333333333333333,0.3310749466431801,5.949189814814815,2.2516291673878226
1078120,6,6,0.0,0.16666666666666666,0.11554816499736306,292.862974537037,2.584962500721156
1078466,66,57,0.13636363636363635,0.09090909090909091,0.47937158836707183,243.89511574074075,5.688185407171681
107885,182,62,0.6593406593406593,0.2087912087912088,0.28829232913211733,437.0960763888889,5.001829982182106
107886,122,36,0.7049180327868853,0.14754098360655737,0.4970665524417752,433.89140046296296,4.099952918211041
1078993,79,58,0.26582278481012656,0.0759493670886076,0.6248198244965013,134.08019675925925,5.62803292557895
1079107,6,4,0.3333333333333333,0.3333333333333333,0.09647337197039632,1.9997569444444445,1.9182958340544893
1079210,2,2,0.0,0.5,,6.052824074074074,1.0
1079298,91,52,0.42857142857142855,0.2087912087912088,0.4505673832216186,313.6883449074074,5.086478011203985
1079616,2,2,0.0,0.5,,15.046631944444444,1.0
107996,58,52,0.10344827586206896,0.05172413793103448,0.16821894086568934,423.11675925925925,5.638069141641994
1080410,4,4,0.0,0.25,-0.5548870200520166,3.6654166666666668,2.0
1080424,1,1,0.0,1.0,,0.0,0.0
108111,5,3,0.4,0.6,-0.407502264969746,2.5525925925925925,1.3709505944546687
1083034,2,2,0.0,0.5,,0.43840277777777775,1.0
1083246,85,32,0.6235294117647059,0.4470588235294118,0.32937778279022273,391.22002314814813,3.564360142403314
108356,2,2,0.0,0.5,,3.616585648148148,1.0
108394,24,14,0.4166666666666667,0.20833333333333334,0.14404508574362643,239.1771412037037,3.5383201891060003
1084084,4,4,0.0,0.25,0.016815574331381828,1.7125810185185186,2.0
1084542,1,1,0.0,1.0,,0.0,0.0
108470,2,2,0.0,0.5,,1.5739583333333333,1.0
1084735,149,66,0.5570469798657718,0.1610738255033557,0.6181025974586887,419.21667824074075,5.307429594503891
1084821,80,51,0.3625,0.0875,0.1449819721114006,416.9236921296296,5.351607433569359
108566,81,31,0.6172839506172839,0.3333333333333333,0.41262277167305134,334.1321875,3.6627365346630167
108579,247,155,0.3724696356275304,0.0931174089068826,0.3024975542903158,444.8870949074074,6.713586298681019
1086828,119,63,0.47058823529411764,0.13445378151260504,0.2867744441867608,334.8663310185185,5.196106875683336
1087155,8,8,0.0,0.125,-0.06786135771417191,3.968449074074074,3.0
1087745,5,5,0.0,0.2,0.17390961466496974,58.08271990740741,2.321928094887362
10879,4,4,0.0,0.25,0.02621093313632541,0.0362037037037037,2.0
1088114,107,88,0.17757009345794392,0.037383177570093455,0.34023114554105993,275.99936342592594,6.353525163930801
108816,4,4,0.0,0.25,-0.9222556910844658,5.680393518518518,2.0
1088352,291,45,0.845360824742268,0.3436426116838488,0.30932538621728284,451.13189814814814,3.616511962316638
1088432,7,7,0.0,0.14285714285714285,0.34196498646539153,3.900462962962963,2.807354922057604
1088481,154,74,0.5194805194805194,0.09090909090909091,0.5598315690765127,426.26780092592594,5.669906045167115
1088540,2,2,0.0,0.5,,4.238333333333333,1.0
1088716,14,8,0.42857142857142855,0.2857142857142857,0.48120953277679857,70.14386574074074,2.753434386188785
1089739,19,15,0.21052631578947367,0.15789473684210525,0.4030660240146367,195.49671296296296,3.7871439606981383
108995,9,4,0.5555555555555556,0.6666666666666666,0.005259244069849103,4.4675,1.4466166676282082
1091119,19,17,0.10526315789473684,0.10526315789473684,0.5377049806395712,6.98974537037037,4.037401197654112
1091294,2,2,0.0,0.5,,0.9015162037037037,1.0
1091832,95,36,0.6210526315789474,0.21052631578947367,0.2939799295313409,393.30333333333334,4.320459090659417
1092055,11,8,0.2727272727272727,0.2727272727272727,0.13145200599297185,16.630208333333332,2.8453509366224363
1092266,3,3,0.0,0.3333333333333333,-0.16439218451002113,0.5352430555555555,1.584962500721156
109232,3,3,0.0,0.3333333333333333,-0.3613575396384812,4.399375,1.584962500721156
1092605,69,29,0.5797101449275363,0.2028985507246377,0.19369743057460365,424.02376157407406,4.031205706476524
109275,1,1,0.0,1.0,,0.0,0.0
109284,78,46,0.41025641025641024,0.15384615384615385,0.17784087156678585,452.0980324074074,4.998176218940353
1092863,11,10,0.09090909090909091,0.18181818181818182,0.25973471563419165,42.60429398148148,3.2776134368191157
1093236,2,2,0.0,0.5,,2.8180324074074075,1.0
1093292,3,2,0.3333333333333333,0.6666666666666666,-0.0545257473101435,333.22996527777775,0.9182958340544896
1093503,4,4,0.0,0.25,0.15990938949699934,0.06592592592592593,2.0
1095112,62,47,0.24193548387096775,0.0967741935483871,0.31901872756709615,449.00193287037035,5.324848729602133
109549,89,68,0.23595505617977527,0.056179775280898875,0.2557880602316338,109.07886574074074,5.8832721281214475
109639,1,1,0.0,1.0,,0.0,0.0
109673,423,168,0.6028368794326241,0.14657210401891252,0.39563534111746407,450.8136226851852,6.187288284948103
1097276,161,67,0.5838509316770186,0.35403726708074534,0.3172557165425092,226.27730324074074,4.635807830924213
1097382,140,89,0.36428571428571427,0.07857142857142857,0.6161013458925255,322.1733564814815,6.110832496816459
1098825,3,3,0.0,0.3333333333333333,-0.002342249496416369,0.49530092592592595,1.584962500721156
1098924,84,68,0.19047619047619047,0.03571428571428571,0.3764664582098074,334.8443634259259,5.966431261935696
109953,59,36,0.3898305084745763,0.11864406779661017,0.5219791925738076,384.42648148148146,4.825345754317709
1100017,487,173,0.6447638603696099,0.09856262833675565,0.39460865801778183,369.29189814814816,5.938986241517271
1100064,40,22,0.45,0.125,0.6525427965931448,313.3546875,4.191446071165522
1100105,66,54,0.18181818181818182,0.07575757575757576,0.3224483723876417,418.1009375,5.614628543955419
1100193,1,1,0.0,1.0,,0.0,0.0
1100738,142,39,0.7253521126760564,0.2887323943661972,0.33183303306207584,413.34688657407406,3.6247867571899652
1100881,3,3,0.0,0.3333333333333333,-0.11553262045361858,0.7280787037037038,1.584962500721156
1101074,7,7,0.0,0.14285714285714285,0.3570345549286274,174.02782407407406,2.807354922057604
1101455,9,5,0.4444444444444444,0.5555555555555556,0.11747220761649524,117.9486111111111,1.8799649487271108
1101846,101,78,0.22772277227722773,0.0594059405940594,0.177233641644377,258.6894791666667,6.1134634628641304
1102652,8,7,0.125,0.25,0.06394355364666418,10.22949074074074,2.75
1102672,136,78,0.4264705882352941,0.07352941176470588,0.29724528385912125,426.4062962962963,5.813884033395519
110301,1,1,0.0,1.0,,0.0,0.0
110346,286,194,0.32167832167832167,0.05944055944055944,0.4423809700657102,448.3551388888889,7.16499126961315
1104500,2,2,0.0,0.5,,83.57467592592593,1.0
1104506,54,10,0.8148148148148148,0.7592592592592593,0.43551754070519716,403.7099884259259,1.5249889893578221
1105460,46,41,0.10869565217391304,0.043478260869565216,0.19667596777763813,190.9460300925926,5.306170651709187
1105537,3,3,0.0,0.3333333333333333,-0.7057205226120838,17.789421296296297,1.584962500721156
1105799,25,22,0.12,0.16,0.45739394134845723,3.8290277777777777,4.323856189774723
1105853,437,112,0.7437070938215103,0.17162471395881007,0.45400961646562876,136.26699074074074,4.965399087420659
1106231,65,46,0.2923076923076923,0.27692307692307694,0.23020712673216248,426.8187615740741,4.794467235672684
1106278,7,6,0.14285714285714285,0.2857142857142857,0.20408471185444108,4.529050925925926,2.5216406363433186
1106289,4,3,0.25,0.5,-0.06075674373684301,3.309953703703704,1.5
110684,1,1,0.0,1.0,,0.0,0.0
1107173,130,88,0.3230769230769231,0.038461538461538464,0.24541847981813397,416.63917824074076,6.239686228706498
1107282,1,1,0.0,1.0,,0.0,0.0
1107350,2,2,0.0,0.5,,8.114803240740741,1.0
1107485,4,4,0.0,0.25,-0.2764547576559199,1.8618981481481482,2.0
110787,4,4,0.0,0.25,0.16081035562490767,336.14957175925923,2.0
110789,20,15,0.25,0.15,0.30257072170338695,387.595,3.7464393446710154
110817,57,39,0.3157894736842105,0.12280701754385964,0.1782134756298935,380.0617361111111,4.943924497269002
1108426,1,1,0.0,1.0,,0.0,0.0
1108585,5,4,0.2,0.4,-0.22278471514332904,173.30405092592594,1.9219280948873623
1108673,2,1,0.5,1.0,,2.214537037037037,-0.0
110891,344,93,0.7296511627906976,0.2180232558139535,0.3766950310584908,448.41596064814814,4.80210130152526
1109483,12,12,0.0,0.08333333333333333,0.21305378410294484,4.993414351851852,3.584962500721156
1110161,10,6,0.4,0.3,0.3182782887181443,149.6486226851852,2.4464393446710155
1110808,100,48,0.52,0.18,0.22444567403822524,396.4452199074074,5.036782284597662
1110862,1,1,0.0,1.0,,0.0,0.0
1110995,8,3,0.625,0.5,-0.20703045271702178,3.8371064814814817,1.4056390622295665
111119,1,1,0.0,1.0,,0.0,0.0
111136,3,3,0.0,0.3333333333333333,-0.914231770081616,10.361643518518518,1.584962500721156
111143,7,7,0.0,0.14285714285714285,0.1573758740676639,1.1991203703703703,2.807354922057604
1111500,8,8,0.0,0.125,-0.010201656885795921,3.0601736111111113,3.0
1112244,1,1,0.0,1.0,,0.0,0.0
111240,108,63,0.4166666666666667,0.10185185185185185,0.2789575582759559,429.27873842592595,5.406630787519751
1112443,1,1,0.0,1.0,,0.0,0.0
111303,100,40,0.6,0.53,0.3434553616528425,356.0446527777778,3.4480583488562293
1113478,9,8,0.1111111111111111,0.2222222222222222,0.06183192593041251,172.9708449074074,2.94770277922009
1113500,2,2,0.0,0.5,,2.2641666666666667,1.0
1113614,203,111,0.45320197044334976,0.12315270935960591,0.29567946874519097,445.4443518518519,6.069974936029674
1113641,7,6,0.14285714285714285,0.2857142857142857,0.11335409791708734,1.8197916666666667,2.5216406363433186
1113692,116,36,0.6896551724137931,0.3620689655172414,0.20360064558521393,445.8434837962963,3.8578160673427284
111494,55,48,0.12727272727272726,0.09090909090909091,0.19754162647294837,429.27288194444446,5.461184432171262
111582,50,40,0.2,0.06,0.430644167872921,427.96625,5.2136606896881865
1115851,7,7,0.0,0.14285714285714285,-0.004818426786651836,5.370092592592592,2.807354922057604
1115912,13,10,0.23076923076923078,0.23076923076923078,0.10592713087505723,58.95061342592592,3.180832987205441
111636,1,1,0.0,1.0,,0.0,0.0
11170,5,5,0.0,0.2,-0.26877639071999576,3.2711111111111113,2.321928094887362
1117430,60,41,0.31666666666666665,0.11666666666666667,0.18524669067373717,444.03905092592595,4.981460805019678
111911,130,44,0.6615384615384615,0.2923076923076923,0.48363853708338084,301.8183333333333,4.135406031874159
1119224,108,48,0.5555555555555556,0.14814814814814814,0.31687796542824553,442.1539583333333,4.895037985908978
1119375,2,2,0.0,0.5,,1.0135532407407408,1.0
1119459,1,1,0.0,1.0,,0.0,0.0
111957,7,7,0.0,0.14285714285714285,-0.0946589512608951,5.97224537037037,2.807354922057604
1119737,1,1,0.0,1.0,,0.0,0.0
111983,9,8,0.1111111111111111,0.2222222222222222,-0.16177725493341963,4.817592592592592,2.94770277922009
1120541,96,60,0.375,0.11458333333333333,0.30199677427924604,261.25016203703706,5.3559854320654505
1120830,1,1,0.0,1.0,,0.0,0.0
1121679,272,144,0.47058823529411764,0.15073529411764705,0.6438226839622645,417.8714699074074,6.368367707837387
1121776,123,26,0.7886178861788617,0.3170731707317073,0.3396600190214263,431.07739583333336,3.4654994700354296
112207,11,11,0.0,0.09090909090909091,0.19087690672899185,3.128877314814815,3.4594316186372978
1122214,69,40,0.42028985507246375,0.11594202898550725,0.612821889184147,206.96913194444446,4.919886595459278
112246,3,3,0.0,0.3333333333333333,-0.050516363166453054,1.1290740740740741,1.584962500721156
1122635,1,1,0.0,1.0,,0.0,0.0
1122734,6,6,0.0,0.16666666666666666,0.20336948171020894,0.22172453703703704,2.584962500721156
112320,303,105,0.6534653465346535,0.1254125412541254,0.7552214467956689,443.8971412037037,5.599066008428698
1123532,32,15,0.53125,0.3125,0.1715101117714424,441.03524305555555,3.149397470347699
1123866,6,5,0.16666666666666666,0.3333333333333333,0.08331187179456331,5.775092592592593,2.2516291673878226
1123925,8,7,0.125,0.25,-0.0393519881617146,1.732164351851852,2.75
11242,4,4,0.0,0.25,-0.06469262823666742,3.3444907407407407,2.0
1124400,1,1,0.0,1.0,,0.0,0.0
1125533,34,25,0.2647058823529412,0.17647058823529413,0.024881869602970695,40.67482638888889,4.3515937233487545
1125933,14,14,0.0,0.07142857142857142,0.4923446231020743,191.38434027777777,3.8073549220576055
1126060,2,2,0.0,0.5,,0.001863425925925926,1.0
1126067,97,79,0.18556701030927836,0.05154639175257732,0.2624197787104105,153.00274305555556,6.1631651310881574
1126154,235,76,0.676595744680851,0.07234042553191489,0.4601030042929972,385.4042592592593,5.623462297384334
112644,35,32,0.08571428571428572,0.05714285714285714,0.6417131766836268,401.1262037037037,4.957854445516395
112647,1,1,0.0,1.0,,0.0,0.0
1126572,13,11,0.15384615384615385,0.15384615384615385,0.5101234692072537,92.88322916666667,3.3927474104487847
1126635,201,115,0.42786069651741293,0.07462686567164178,0.5773189920179587,442.83413194444444,6.429477999930091
1126646,11,11,0.0,0.09090909090909091,0.1399201549114283,6.869826388888889,3.4594316186372978
1126833,6,4,0.3333333333333333,0.5,0.16198733690105646,38.83203703703704,1.7924812503605778
112747,3,3,0.0,0.3333333333333333,-0.012598425196850413,0.037210648148148145,1.584962500721156
1127647,28,27,0.03571428571428571,0.07142857142857142,0.11463275364635911,5.401643518518519,4.735926350629035
1127846,2,2,0.0,0.5,,0.039837962962962964,1.0
1127893,14,14,0.0,0.07142857142857142,0.19110374467145191,1.2783564814814814,3.8073549220576055
1127905,2,2,0.0,0.5,,0.11119212962962963,1.0
1127925,9,9,0.0,0.1111111111111111,0.10291798250199004,4.312303240740741,3.169925001442312
112816,131,62,0.5267175572519084,0.1297709923664122,0.3646572252488113,449.3671527777778,5.185692433608695
112832,3,2,0.3333333333333333,0.6666666666666666,-0.10306965706790507,19.282002314814815,0.9182958340544896
1128879,77,54,0.2987012987012987,0.09090909090909091,0.17685384753409927,426.6015277777778,5.380024528519657
1128911,11,10,0.09090909090909091,0.18181818181818182,-0.08989039981290228,27.203171296296297,3.2776134368191157
1129214,5,5,0.0,0.2,0.08394695620316955,0.9805092592592592,2.321928094887362
112932,5,5,0.0,0.2,-0.05933846911927629,8.80306712962963,2.321928094887362
112959,146,69,0.5273972602739726,0.1917808219178082,0.3126642299470147,424.9328009259259,5.265833975413509
1129715,2,1,0.5,1.0,,5.787037037037037e-05,-0.0
1130007,40,33,0.175,0.075,0.25509646923193624,15.225983796296296,4.934183719779189
113006,126,46,0.6349206349206349,0.2777777777777778,0.716517118690677,399.1256597222222,4.514431565463846
1130126,3,3,0.0,0.3333333333333333,-0.1373981071174572,0.48126157407407405,1.584962500721156
113040,2,2,0.0,0.5,,0.49474537037037036,1.0
1130457,1,1,0.0,1.0,,0.0,0.0
1131220,2,2,0.0,0.5,,6.986886574074074,1.0
1131628,50,26,0.48,0.24,0.1384062585987751,67.62797453703703,4.168367439558378
1131718,5,5,0.0,0.2,-0.3669408397435078,2.2110648148148146,2.321928094887362
113187,2,2,0.0,0.5,,0.0013310185185185185,1.0
1134450,98,37,0.6224489795918368,0.32653061224489793,0.6754784546173929,315.47819444444445,4.023076993944174
1136238,6,6,0.0,0.16666666666666666,-0.08192762248630393,2.0887037037037035,2.584962500721156
1136250,36,13,0.6388888888888888,0.2777777777777778,0.20998320282367033,44.81604166666666,3.044827960775148
1136288,3,3,0.0,0.3333333333333333,-0.9497464788732393,1.0013888888888889,1.584962500721156
1136699,16,14,0.125,0.1875,0.09445536281008222,36.29439814814815,3.702819531114783
113694,1,1,0.0,1.0,,0.0,0.0
1137715,4,4,0.0,0.25,-0.22520754281025357,1.1774305555555555,2.0
1137781,2,2,0.0,0.5,,0.9987152777777778,1.0
1138591,157,68,0.5668789808917197,0.17197452229299362,0.5382623485861433,304.3252199074074,5.08569790672448
1138621,2,2,0.0,0.5,,0.06407407407407407,1.0
1138713,2,2,0.0,0.5,,220.55533564814814,1.0
1138732,17,15,0.11764705882352941,0.11764705882352941,0.39024033567333316,11.093379629629629,3.852168723603281
1138793,3,3,0.0,0.3333333333333333,-0.9822649177905042,0.12418981481481481,1.584962500721156
1138929,3,3,0.0,0.3333333333333333,-0.2192588541216884,2.941377314814815,1.584962500721156
113895,49,43,0.12244897959183673,0.04081632653061224,-0.0125543236367402,409.4065162037037,5.3698118849315355
1138969,10,9,0.1,0.2,0.4624134520451784,120.08991898148147,3.121928094887362
1139379,27,26,0.037037037037037035,0.07407407407407407,0.46570907012317336,15.63019675925926,4.680813428089396
1139868,1,1,0.0,1.0,,0.0,0.0
1140592,145,51,0.6482758620689655,0.2620689655172414,0.4016213408790502,231.1483912037037,4.144974148065322
114069,10,8,0.2,0.3,0.32017569061373596,2.307175925925926,2.8464393446710154
114113,35,23,0.34285714285714286,0.17142857142857143,0.23214993267191958,412.15091435185184,4.229003731107053
1141629,124,62,0.5,0.1693548387096774,0.5675529623705718,451.1869791666667,4.972770683090459
114165,79,48,0.3924050632911392,0.1518987341772152,0.7278810963451957,446.2579861111111,5.173600842922113
114197,1,1,0.0,1.0,,0.0,0.0
114247,1,1,0.0,1.0,,0.0,0.0
114260,1,1,0.0,1.0,,0.0,0.0
11429,1,1,0.0,1.0,,0.0,0.0
11433,67,28,0.582089552238806,0.23880597014925373,0.3231707873609598,403.61721064814816,4.11428471384334
1144370,106,17,0.839622641509434,0.2169811320754717,0.535367802672327,117.34067129629629,2.9908848416581626
1145021,52,44,0.15384615384615385,0.07692307692307693,0.3973342071205924,12.871828703703704,5.33976880463795
1145162,12,10,0.16666666666666666,0.16666666666666666,-0.228310820512774,28.64434027777778,3.2516291673878226
114525,4,4,0.0,0.25,0.15238644152269404,4.151076388888889,2.0
1145360,1,1,0.0,1.0,,0.0,0.0
1145864,12,11,0.08333333333333333,0.16666666666666666,0.049964224723359756,20.32912037037037,3.4182958340544896
1146495,20,10,0.5,0.2,0.49844248955356557,15.834664351851853,3.084183719779189
1146636,1,1,0.0,1.0,,0.0,0.0
1146727,1,1,0.0,1.0,,0.0,0.0
114676,23,22,0.043478260869565216,0.08695652173913043,0.19781604048399673,8.961863425925927,4.436605434317882
11472,56,50,0.10714285714285714,0.03571428571428571,0.23336218336330225,439.1347685185185,5.59306920777189
114822,2,2,0.0,0.5,,4.0497453703703705,1.0
1149091,2,2,0.0,0.5,,0.00568287037037037,1.0
1149427,1,1,0.0,1.0,,0.0,0.0
1149468,7,4,0.42857142857142855,0.2857142857142857,-0.11112649402915137,4.654247685185185,1.950212064914747
115044,17,15,0.11764705882352941,0.11764705882352941,0.24152050299516267,4.260706018518518,3.852168723603281
1151223,2,1,0.5,1.0,,0.9573263888888889,-0.0
1151462,2,2,0.0,0.5,,4.192615740740741,1.0
1151520,94,64,0.3191489361702128,0.05319148936170213,0.30629142344025434,379.14896990740743,5.787153048620004
1152850,224,119,0.46875,0.07589285714285714,0.3024972101070366,445.9745486111111,6.398729200487926
1153340,1,1,0.0,1.0,,0.0,0.0
1153617,4,4,0.0,0.25,-0.15667249884195,3.095775462962963,2.0
1153676,159,80,0.4968553459119497,0.20754716981132076,0.4513230254888456,372.3263888888889,5.347592393944321
1153879,131,40,0.6946564885496184,0.6030534351145038,0.21177998533390394,425.1961342592593,2.9943535772263443
1154924,5,5,0.0,0.2,0.2556310799999028,109.03940972222222,2.321928094887362
115495,12,11,0.08333333333333333,0.16666666666666666,0.2691371650095306,6.725034722222222,3.4182958340544896
1155393,6,6,0.0,0.16666666666666666,-0.026734868335263787,1.9836111111111112,2.584962500721156
115618,385,155,0.5974025974025974,0.04415584415584416,0.4462450658668481,448.8271296296296,6.638833340810734
115647,65,43,0.3384615384615385,0.12307692307692308,0.5261823094952203,446.40112268518516,4.987581275661684
1156532,7,7,0.0,0.14285714285714285,0.043351059636232626,6.504826388888889,2.807354922057604
1156923,2,1,0.5,1.0,,16.743645833333332,-0.0
1158518,13,13,0.0,0.07692307692307693,0.5273271768067809,0.3917476851851852,3.7004397181410926
1158811,6,5,0.16666666666666666,0.3333333333333333,0.3289615478174102,176.8173263888889,2.2516291673878226
115895,5,5,0.0,0.2,-0.1985903120766095,6.038217592592592,2.321928094887362
1159337,22,22,0.0,0.045454545454545456,-0.03219917654091442,53.97391203703704,4.459431618637296
1159390,3,3,0.0,0.3333333333333333,-0.8143372160814784,8.82462962962963,1.584962500721156
1159715,10,9,0.1,0.2,0.4715314657356212,278.8143518518518,3.121928094887362
116005,72,42,0.4166666666666667,0.1388888888888889,0.43224307621683555,446.2758796296296,4.991202481433728
1160235,4,4,0.0,0.25,-0.2159378584499271,1.9421296296296295,2.0
1160680,20,20,0.0,0.05,0.6020042700727206,223.0857986111111,4.321928094887363
1161175,2,2,0.0,0.5,,18.24215277777778,1.0
1161793,1,1,0.0,1.0,,0.0,0.0
1162048,9,8,0.1111111111111111,0.2222222222222222,0.20512839157717225,3.1862962962962964,2.94770277922009
116212,2,2,0.0,0.5,,0.0008101851851851852,1.0
116281,2,2,0.0,0.5,,0.0002314814814814815,1.0
116408,1,1,0.0,1.0,,0.0,0.0
1164514,3,3,0.0,0.3333333333333333,-0.6201307520961987,1.0354398148148147,1.584962500721156
1164627,2,2,0.0,0.5,,0.025694444444444443,1.0
1164923,1,1,0.0,1.0,,0.0,0.0
1165530,24,23,0.041666666666666664,0.08333333333333333,0.12417947888495307,19.98635416666667,4.501629167387822
1166398,1,1,0.0,1.0,,0.0,0.0
1167939,1,1,0.0,1.0,,0.0,0.0
1167954,13,13,0.0,0.07692307692307693,0.11424910998902536,6.977326388888889,3.7004397181410926
1168023,2,2,0.0,0.5,,0.3836805555555556,1.0
1168246,31,26,0.16129032258064516,0.0967741935483871,0.6575103287532162,340.7841666666667,4.607264455478377
1168267,11,11,0.0,0.09090909090909091,0.4978726010513449,20.50224537037037,3.4594316186372978
116894,3,3,0.0,0.3333333333333333,-0.6609606842453455,1.6272800925925925,1.584962500721156
1169032,13,8,0.38461538461538464,0.3076923076923077,0.04896611750900704,9.347060185185185,2.7773627950641693
1169119,1,1,0.0,1.0,,0.0,0.0
116930,7,7,0.0,0.14285714285714285,0.025871223082842697,2.6591666666666667,2.807354922057604
1169361,106,83,0.2169811320754717,0.05660377358490566,0.32878452982041334,390.9915625,6.208868095990993
1170026,1,1,0.0,1.0,,0.0,0.0
117096,4,3,0.25,0.5,-0.24979067020360735,1.5687037037037037,1.5
1170992,1,1,0.0,1.0,,0.0,0.0
1172056,3,3,0.0,0.3333333333333333,-0.007878874775792926,24.895868055555557,1.584962500721156
1173462,456,115,0.7478070175438597,0.12280701754385964,0.5927176920264239,389.90944444444443,5.834663566379538
1174579,94,65,0.30851063829787234,0.09574468085106383,0.08899766163848737,217.65947916666667,5.679016909935105
1174699,1,1,0.0,1.0,,0.0,0.0
1175028,13,12,0.07692307692307693,0.15384615384615385,-0.0522328934474034,2.8275694444444444,3.5465935642949384
1175225,39,30,0.23076923076923078,0.20512820512820512,0.6377526267859358,47.93788194444444,4.56745350091353
1175291,84,37,0.5595238095238095,0.21428571428571427,0.21372636754517033,443.11572916666665,4.405327881612974
1175328,10,10,0.0,0.1,0.35039312037986037,48.65594907407407,3.321928094887362
1176127,2,2,0.0,0.5,,0.18770833333333334,1.0
1176908,1,1,0.0,1.0,,0.0,0.0
117695,233,31,0.8669527896995708,0.23605150214592274,0.40860070050115743,101.42045138888889,3.1741823338109008
1177116,6,6,0.0,0.16666666666666666,-0.03764881225230293,5.619143518518518,2.584962500721156
1177500,1,1,0.0,1.0,,0.0,0.0
117775,8,8,0.0,0.125,0.19702880951522916,6.677731481481482,3.0
11780,7,5,0.2857142857142857,0.42857142857142855,0.36856417803794633,308.84377314814816,2.1280852788913944
1179052,1,1,0.0,1.0,,0.0,0.0
117941,11,8,0.2727272727272727,0.36363636363636365,0.10367320120227293,2.739050925925926,2.7321588913645702
1179448,1,1,0.0,1.0,,0.0,0.0
1179827,131,108,0.17557251908396945,0.0916030534351145,0.338912105485305,425.2015740740741,6.500793707561746
1180679,80,67,0.1625,0.075,0.19229185776779745,396.04199074074074,5.882935401402816
1181360,5,5,0.0,0.2,0.24502337853998649,1.3363657407407408,2.321928094887362
1181385,9,8,0.1111111111111111,0.2222222222222222,0.4266633953632149,16.10494212962963,2.94770277922009
118175,9,9,0.0,0.1111111111111111,0.12499942184133199,5.918402777777778,3.169925001442312
1181767,2,2,0.0,0.5,,6.940092592592593,1.0
118193,209,109,0.4784688995215311,0.0861244019138756,0.3564254421449398,446.1105324074074,6.197352316820943
1182725,9,8,0.1111111111111111,0.2222222222222222,0.03270378551953561,1.3664236111111112,2.94770277922009
1183,17,11,0.35294117647058826,0.17647058823529413,0.4551936915597853,284.24265046296296,3.2927701939369904
118367,4,4,0.0,0.25,0.026376230094735255,1.0332060185185186,2.0
1183841,113,55,0.5132743362831859,0.23008849557522124,0.33349137717590405,397.95524305555557,4.810496644716172
1184609,16,13,0.1875,0.125,0.4742076043631864,222.44945601851853,3.625
118462,7,6,0.14285714285714285,0.2857142857142857,0.3762933389372987,342.85792824074076,2.5216406363433186
1184941,3,3,0.0,0.3333333333333333,-0.9331473828558635,11.992337962962964,1.584962500721156
1185293,1,1,0.0,1.0,,0.0,0.0
1185518,3,2,0.3333333333333333,0.6666666666666666,-9.237547075960233e-05,1.6289699074074073,0.9182958340544896
1185520,1,1,0.0,1.0,,0.0,0.0
11859,105,32,0.6952380952380952,0.6095238095238096,0.23118892198027394,433.27947916666665,2.77470757048133
118601,89,60,0.3258426966292135,0.07865168539325842,0.13031857620059004,434.1204398148148,5.632637223779236
1187602,7,6,0.14285714285714285,0.2857142857142857,0.37548917542505045,146.89049768518518,2.5216406363433186
1188131,2,2,0.0,0.5,,0.0034953703703703705,1.0
118857,116,55,0.5258620689655172,0.08620689655172414,0.22107651707516746,425.75001157407405,5.300357693994794
1188617,96,59,0.3854166666666667,0.10416666666666667,0.42202422468967254,423.9369560185185,5.474074970366009
118891,5,4,0.2,0.4,-0.18943229844189263,1.9801273148148149,1.9219280948873623
1189058,2,1,0.5,1.0,,0.0023263888888888887,-0.0
11891,31,29,0.06451612903225806,0.06451612903225806,0.48059291523970155,205.0203587962963,4.825164052322361
1189492,11,10,0.09090909090909091,0.18181818181818182,-0.07005202984042279,2.7271064814814814,3.2776134368191157
1189493,66,53,0.19696969696969696,0.045454545454545456,0.22311885835937637,229.0590625,5.616141657138903
1189591,67,42,0.373134328358209,0.08955223880597014,0.6087578440905618,243.05947916666668,5.088716900079205
1190787,81,57,0.2962962962962963,0.06172839506172839,0.548496181781587,230.90802083333332,5.64399163280314
1190964,128,80,0.375,0.046875,0.3093476022100343,414.9042824074074,6.061616141105823
1191250,17,8,0.5294117647058824,0.4117647058823529,0.3222153034713173,51.765289351851855,2.578551990991326
1192198,110,50,0.5454545454545454,0.2818181818181818,0.12960052776457667,417.08243055555556,4.638078849075776
1193685,115,54,0.5304347826086957,0.10434782608695652,0.29845037107487854,445.8031134259259,5.216688931194884
119379,1,1,0.0,1.0,,0.0,0.0
1194246,13,12,0.07692307692307693,0.15384615384615385,0.5223887356094313,238.07293981481482,3.5465935642949384
1194609,5,5,0.0,0.2,0.216971901318109,9.361643518518518,2.321928094887362
1194779,2,1,0.5,1.0,,1.3877662037037037,-0.0
1195305,37,21,0.43243243243243246,0.10810810810810811,0.5737485237899981,248.9510185185185,4.15487093296263
1195710,10,9,0.1,0.2,0.45178501396378284,82.57152777777777,3.121928094887362
1195772,2,2,0.0,0.5,,0.9437962962962962,1.0
1196069,3,3,0.0,0.3333333333333333,-0.011120263591433288,0.0568287037037037,1.584962500721156
1196290,66,48,0.2727272727272727,0.15151515151515152,0.1806543681643704,408.0153472222222,5.226603688282134
1196594,10,9,0.1,0.2,0.23735082786772718,2.0859490740740743,3.121928094887362
1196795,14,14,0.0,0.07142857142857142,0.5447725282703415,361.02372685185185,3.8073549220576055
1196832,6,6,0.0,0.16666666666666666,0.09393054248870392,4.392060185185185,2.584962500721156
1197075,2,2,0.0,0.5,,308.0360532407407,1.0
1197478,9,8,0.1111111111111111,0.2222222222222222,0.28832792823283376,6.736215277777778,2.94770277922009
1197557,7,7,0.0,0.14285714285714285,0.3069935808513578,0.43017361111111113,2.807354922057604
1197752,3,3,0.0,0.3333333333333333,-0.1095603551020863,1.1529282407407409,1.584962500721156
1197888,6,6,0.0,0.16666666666666666,-0.039517003633806586,3.9852083333333335,2.584962500721156
119793,59,35,0.4067796610169492,0.2033898305084746,0.3205629870209828,440.07328703703706,4.536440982154713
1198144,6,6,0.0,0.16666666666666666,0.287596252330619,4.257743055555555,2.584962500721156
1198276,52,11,0.7884615384615384,0.6730769230769231,0.02968121298925993,129.56112268518518,1.9093907553043492
119843,5,3,0.4,0.4,0.10317427471831406,167.1411226851852,1.5219280948873621
1198497,4,4,0.0,0.25,-0.1686994215504333,3.0159606481481482,2.0
119853,167,116,0.30538922155688625,0.0658682634730539,0.22326855264136927,445.7448263888889,6.538858123344302
119861,3,3,0.0,0.3333333333333333,-0.47561784223340886,3.219699074074074,1.584962500721156
1199894,17,17,0.0,0.058823529411764705,0.40687524739523,317.21626157407405,4.087462841250339
1200383,4,4,0.0,0.25,-0.017467580376802083,2.5234722222222223,2.0
1201195,7,5,0.2857142857142857,0.2857142857142857,0.20890205697819067,231.26376157407407,2.2359263506290326
1201222,1,1,0.0,1.0,,0.0,0.0
120144,3,3,0.0,0.3333333333333333,-0.050420168067226934,0.013020833333333334,1.584962500721156
1201860,2,2,0.0,0.5,,0.07854166666666666,1.0
1202998,2,2,0.0,0.5,,1.8871875,1.0
1203290,5,4,0.2,0.4,0.08482182101028117,13.056666666666667,1.9219280948873623
1203817,1,1,0.0,1.0,,0.0,0.0
1204163,1,1,0.0,1.0,,0.0,0.0
120511,5,5,0.0,0.2,-0.0643150015130022,1.9560763888888888,2.321928094887362
1205172,5,4,0.2,0.4,-0.11871916900643686,0.9872569444444445,1.9219280948873623
1205334,1,1,0.0,1.0,,0.0,0.0
1206573,141,107,0.24113475177304963,0.05673758865248227,0.17014739951832472,450.9325462962963,6.502853214024204
1207069,3,3,0.0,0.3333333333333333,-0.012987952763441387,5.022696759259259,1.584962500721156
1207374,1,1,0.0,1.0,,0.0,0.0
1207432,87,41,0.5287356321839081,0.41379310344827586,0.43569203931835376,441.05233796296295,3.9863119955457393
1207504,1,1,0.0,1.0,,0.0,0.0
1208688,63,63,0.0,0.015873015873015872,0.4346830138684714,53.29358796296296,5.977279923499918
1208781,1,1,0.0,1.0,,0.0,0.0
1209309,9,8,0.1111111111111111,0.2222222222222222,0.0018304215311763048,6.1178125,2.94770277922009
1210307,1,1,0.0,1.0,,0.0,0.0
121117,12,6,0.5,0.5833333333333334,0.0663767614407136,162.15248842592592,1.9473387961875537
1211320,18,16,0.1111111111111111,0.16666666666666666,0.37433159821451795,377.1960300925926,3.9057645846554525
121163,12,12,0.0,0.08333333333333333,0.040830268696403535,2.837523148148148,3.584962500721156
1212310,7,7,0.0,0.14285714285714285,0.14718702154191415,8.90420138888889,2.807354922057604
1213197,7,7,0.0,0.14285714285714285,0.37499489662788377,299.0164814814815,2.807354922057604
1213480,19,17,0.10526315789473684,0.15789473684210525,0.07410529160152052,20.513784722222223,3.997670276487613
121406,169,69,0.591715976331361,0.1242603550295858,0.645484045561793,438.2202893518519,5.334745540198049
1214481,1,1,0.0,1.0,,0.0,0.0
1214608,15,13,0.13333333333333333,0.13333333333333333,0.5601711086642324,360.7099189814815,3.6402239289418516
121464,5,4,0.2,0.4,-0.485280984830019,1.200763888888889,1.9219280948873623
1214914,74,33,0.5540540540540541,0.17567567567567569,0.2900365576293563,266.1978125,4.457676287640239
1215175,2,2,0.0,0.5,,0.04083333333333333,1.0
121526,176,67,0.6193181818181818,0.21022727272727273,0.3048976839193661,426.34253472222224,4.806563707008365
121569,61,48,0.21311475409836064,0.06557377049180328,0.3330166795926204,434.7847337962963,5.446970534213264
1216413,129,44,0.6589147286821705,0.11627906976744186,0.6224824966827927,428.94530092592595,4.846532272427982
121678,12,7,0.4166666666666667,0.4166666666666667,0.21086400501626837,338.8309837962963,2.4508257945180882
121683,111,53,0.5225225225225225,0.26126126126126126,0.50680020605126,428.8504976851852,4.774005714602778
121686,1,1,0.0,1.0,,0.0,0.0
1217124,5,5,0.0,0.2,0.17585873070313227,3.7824537037037036,2.321928094887362
1217244,1,1,0.0,1.0,,0.0,0.0
1217541,10,10,0.0,0.1,0.22534194735108845,8.98045138888889,3.321928094887362
1218157,3,3,0.0,0.3333333333333333,-0.00862760992578484,5.933298611111111,1.584962500721156
12184,8,8,0.0,0.125,0.20370193589516167,12.025266203703703,3.0
1218483,84,32,0.6190476190476191,0.20238095238095238,0.47813825696115597,349.08945601851855,4.10499604109731
121927,1,1,0.0,1.0,,0.0,0.0
121941,26,16,0.38461538461538464,0.15384615384615385,0.0768091774826408,111.13364583333333,3.7483286603655745
1219629,1,1,0.0,1.0,,0.0,0.0
1220617,112,80,0.2857142857142857,0.044642857142857144,0.543644234476285,437.888599537037,6.090936788508253
1220994,8,6,0.25,0.375,0.40743464235228016,138.40194444444444,2.4056390622295662
1221240,1,1,0.0,1.0,,0.0,0.0
1221838,9,8,0.1111111111111111,0.2222222222222222,0.4469540691342663,124.34850694444444,2.94770277922009
122235,2,2,0.0,0.5,,0.08575231481481481,1.0
122242,84,39,0.5357142857142857,0.14285714285714285,0.37832759035108876,409.2682986111111,4.645768202774416
122246,104,67,0.3557692307692308,0.07692307692307693,0.5058952504064864,419.7109722222222,5.772521511756305
1222570,2,2,0.0,0.5,,11.636689814814815,1.0
1222666,252,88,0.6507936507936508,0.14682539682539683,0.33692534251464645,397.3004976851852,5.503337725054845
122300,114,54,0.5263157894736842,0.14912280701754385,0.2965922063437933,260.90126157407406,5.0052155427447955
122321,4,4,0.0,0.25,-0.39724997575967064,105.01241898148149,2.0
122443,110,85,0.22727272727272727,0.05454545454545454,0.375905089249472,440.04148148148147,6.219773917971775
1224517,2,2,0.0,0.5,,0.9715277777777778,1.0
122503,38,25,0.34210526315789475,0.23684210526315788,0.6763740320058876,174.4275462962963,4.089003828777592
1227499,9,8,0.1111111111111111,0.2222222222222222,-0.005955951202412075,1.5425810185185185,2.94770277922009
1227959,6,5,0.16666666666666666,0.3333333333333333,0.27754305434844023,193.87873842592592,2.2516291673878226
122811,423,123,0.7092198581560284,0.25059101654846333,0.5262649228070854,253.44702546296296,5.2373357831466745
122848,154,90,0.4155844155844156,0.07792207792207792,0.27762304265618587,413.9949305555556,5.933037537749453
122890,73,44,0.3972602739726027,0.136986301369863,0.3228138744115259,408.53596064814815,5.0398473410433855
1229331,23,19,0.17391304347826086,0.13043478260869565,0.6313861570654898,251.92142361111112,4.1429146733542535
1229573,58,30,0.4827586206896552,0.27586206896551724,0.4657693648107904,239.2336226851852,4.185230132909402
122996,111,63,0.43243243243243246,0.36036036036036034,0.4973066394924802,411.47305555555556,4.707640989794632
1230137,6,6,0.0,0.16666666666666666,0.20282470781432116,1.3177083333333333,2.584962500721156
123257,33,26,0.21212121212121213,0.18181818181818182,0.6563707291717983,33.212407407407404,4.4531888161970326
1232625,1,1,0.0,1.0,,0.0,0.0
123276,32,24,0.25,0.1875,0.3861351263564291,450.0962037037037,4.304229296672174
123280,53,37,0.3018867924528302,0.11320754716981132,0.2564301962888813,447.14825231481484,4.939723520396834
123297,22,21,0.045454545454545456,0.09090909090909091,-0.045678752803247416,21.042002314814816,4.368522527728206
123333,1,1,0.0,1.0,,0.0,0.0
123345,45,34,0.24444444444444444,0.06666666666666667,0.37505791498879576,412.14417824074076,4.9694136517890755
1233889,4,4,0.0,0.25,-0.19457240013400048,32.06616898148148,2.0
1234450,96,78,0.1875,0.0625,0.40464964411809295,363.89201388888887,6.107105178003165
123500,31,30,0.03225806451612903,0.06451612903225806,0.022279147986218384,13.53712962962963,4.889680181354619
1235087,28,27,0.03571428571428571,0.07142857142857142,0.48862070239976646,10.505046296296296,4.735926350629035
123526,5,5,0.0,0.2,0.2245397696155085,2.8143171296296297,2.321928094887362
1235651,185,93,0.4972972972972973,0.07027027027027027,0.46332106797245365,357.7301273148148,6.000291359158001
1236000,188,93,0.5053191489361702,0.11170212765957446,0.3624854164280562,441.2365625,5.70683596264303
123637,65,45,0.3076923076923077,0.09230769230769231,0.1963452376618094,417.6086111111111,5.231843536332237
1236813,1,1,0.0,1.0,,0.0,0.0
123691,2,2,0.0,0.5,,3.8594097222222223,1.0
1236920,4,4,0.0,0.25,0.10618980000472271,0.7192824074074075,2.0
1237482,4,3,0.25,0.5,0.1450177225559758,282.056875,1.5
123753,79,57,0.27848101265822783,0.05063291139240506,0.2645992776406851,366.8805208333333,5.6737245771541
123788,1,1,0.0,1.0,,0.0,0.0
123802,94,74,0.2127659574468085,0.11702127659574468,0.13884819251639616,400.50505787037036,5.920934353705966
1239273,25,14,0.44,0.32,-0.10959674252279572,47.783935185185186,3.333660689688185
1239920,2,2,0.0,0.5,,6.112094907407408,1.0
1241391,10,7,0.3,0.4,0.3558951614909448,82.75420138888889,2.5219280948873624
1241800,25,11,0.56,0.52,-0.007510182105576546,47.36364583333334,2.559627536341356
1241965,4,4,0.0,0.25,-0.5483970751295021,2.0702083333333334,2.0
124208,56,39,0.30357142857142855,0.10714285714285714,0.18704687310765283,133.07114583333333,5.039148671903072
12424,2,2,0.0,0.5,,0.029189814814814814,1.0
124304,131,107,0.183206106870229,0.022900763358778626,0.23190173417262383,444.0171296296296,6.6324357876979025
124309,9,5,0.4444444444444444,0.4444444444444444,0.1590412141846456,38.19135416666666,2.058813890331201
1243221,3,1,0.6666666666666666,1.0,-5.481141005937998e-06,35.89769675925926,-0.0
1243231,157,52,0.6687898089171974,0.1592356687898089,0.25892553343503594,387.76005787037036,4.94980313628536
1243556,73,21,0.7123287671232876,0.5068493150684932,0.3203519346224687,412.2093981481481,2.645307099588632
1243714,3,2,0.3333333333333333,0.6666666666666666,-0.00014525508072662274,28.928414351851853,0.9182958340544896
124409,66,58,0.12121212121212122,0.045454545454545456,0.39500777606357085,320.2075115740741,5.790532187507492
1244245,1,1,0.0,1.0,,0.0,0.0
1244267,138,66,0.5217391304347826,0.12318840579710146,0.6315446134286818,427.20846064814816,5.181184167172949
1244330,98,62,0.3673469387755102,0.08163265306122448,0.2878929647400908,168.18145833333332,5.624551043710544
124452,8,6,0.25,0.25,0.01015540648503698,4.590868055555555,2.5
1244524,1,1,0.0,1.0,,0.0,0.0
1244561,338,110,0.6745562130177515,0.3224852071005917,0.6505029931180439,339.05582175925923,4.951421234777453
1244621,838,359,0.5715990453460621,0.10143198090692124,0.6652437000824909,452.9973611111111,7.115298845251174
1244710,9,9,0.0,0.1111111111111111,0.1184261962816221,1.6286805555555555,3.169925001442312
124481,77,63,0.18181818181818182,0.06493506493506493,0.10312993116560122,440.0316550925926,5.810690235775894
1245134,1,1,0.0,1.0,,0.0,0.0
1245551,1,1,0.0,1.0,,0.0,0.0
124629,8,7,0.125,0.25,0.029161401800101565,3.0985532407407406,2.75
124667,13,13,0.0,0.07692307692307693,0.21394118011254024,3.8958101851851854,3.7004397181410926
1246810,19,16,0.15789473684210525,0.21052631578947367,0.12057843251336657,102.85585648148148,3.8268748818646374
124704,8,8,0.0,0.125,-0.08223240522691438,3.5720717592592592,3.0
1247093,96,49,0.4895833333333333,0.17708333333333334,0.2837085613922689,422.18162037037035,4.780157231845395
1247625,4,4,0.0,0.25,-0.27117539178155936,0.5293171296296296,2.0
1248170,12,7,0.4166666666666667,0.3333333333333333,0.5037408255400015,23.271018518518517,2.5220552088742005
1248853,98,64,0.3469387755102041,0.09183673469387756,0.08664605751767826,406.30200231481484,5.593503721313009
1249806,9,6,0.3333333333333333,0.3333333333333333,0.05343819504188433,11.304270833333334,2.4193819456463714
124997,42,9,0.7857142857142857,0.6904761904761905,0.048924803655477446,155.8832060185185,1.7139581529421792
1250729,85,60,0.29411764705882354,0.12941176470588237,0.2051617623153396,443.04431712962963,5.506063833099926
1250859,6,6,0.0,0.16666666666666666,-0.2923432407265441,2.736736111111111,2.584962500721156
125122,5,5,0.0,0.2,-0.13104172365581046,13.107013888888888,2.321928094887362
1251249,96,67,0.3020833333333333,0.0625,0.24660660817479907,425.7746759259259,5.799711688374759
1251605,286,60,0.7902097902097902,0.25874125874125875,0.4688615537874394,440.33625,4.185115266478627
1252474,252,91,0.6388888888888888,0.18253968253968253,0.47537157530536145,205.15563657407407,5.229763385485846
1252939,1,1,0.0,1.0,,0.0,0.0
1252991,153,62,0.5947712418300654,0.17647058823529413,0.5762806285302398,376.9033680555556,5.097759429079542
1253268,57,34,0.40350877192982454,0.15789473684210525,0.11178417792212043,410.7899189814815,4.647822031329046
1253472,1,1,0.0,1.0,,0.0,0.0
1254481,5,5,0.0,0.2,0.26223406315415104,115.58354166666666,2.321928094887362
1254637,19,19,0.0,0.05263157894736842,0.2042994468891774,2.114988425925926,4.247927513443585
12549,13,13,0.0,0.07692307692307693,-0.01841001197695977,15.085277777777778,3.7004397181410926
1256648,1,1,0.0,1.0,,0.0,0.0
1256762,105,41,0.6095238095238096,0.18095238095238095,0.36647749351096665,330.20540509259257,4.494882263638614
125740,10,10,0.0,0.1,-0.20445740263157228,3.9347453703703703,3.321928094887362
1257803,8,7,0.125,0.25,-0.2728166325958496,3.131875,2.75
1258458,1,1,0.0,1.0,,0.0,0.0
125907,68,27,0.6029411764705882,0.38235294117647056,0.14794068646846079,412.27012731481483,3.585586670183251
1259983,17,13,0.23529411764705882,0.29411764705882354,0.1553452950949577,27.032789351851854,3.404542813342292
126014,13,3,0.7692307692307693,0.7692307692307693,0.3899995236387561,295.4419907407407,0.9912642605354288
126023,3,3,0.0,0.3333333333333333,-0.0681700681946872,1.004351851851852,1.584962500721156
126229,8,7,0.125,0.25,0.007310199536597615,0.16166666666666665,2.75
126296,2,2,0.0,0.5,,2.1546527777777778,1.0
1263501,127,109,0.14173228346456693,0.031496062992125984,0.4017587405794224,418.996712962963,6.677584096186914
126363,1,1,0.0,1.0,,0.0,0.0
1263653,7,7,0.0,0.14285714285714285,-0.04672003959194976,6.456087962962963,2.807354922057604
126391,39,28,0.28205128205128205,0.15384615384615385,0.24400035921858385,409.7202893518519,4.4874684886375364
1264591,571,131,0.7705779334500875,0.1085814360770578,0.4315741278230995,67.61474537037037,5.49674170734217
126534,99,64,0.35353535353535354,0.06060606060606061,0.3226487398686104,304.9486111111111,5.756592700949225
126555,2,2,0.0,0.5,,0.050590277777777776,1.0
126577,3,3,0.0,0.3333333333333333,-0.3877621007250638,0.3278587962962963,1.584962500721156
12660,108,62,0.42592592592592593,0.12037037037037036,0.38299969940768985,438.2030555555556,5.465403874090266
1267474,288,78,0.7291666666666666,0.06597222222222222,0.5707367443903201,49.05511574074074,5.535287589794875
1267538,1,1,0.0,1.0,,0.0,0.0
1267768,85,66,0.2235294117647059,0.07058823529411765,0.3161572403766082,421.2784375,5.800279906598673
1268334,3,3,0.0,0.3333333333333333,-0.580373831775701,0.03914351851851852,1.584962500721156
126844,8,2,0.75,0.875,-0.026596363457876884,7.373668981481481,0.5435644431995964
1268502,172,103,0.4011627906976744,0.06395348837209303,0.33526893605311264,441.0376273148148,6.289677904477819
1269951,1,1,0.0,1.0,,0.0,0.0
127045,5,3,0.4,0.6,-0.052399773000270954,1.0539930555555554,1.3709505944546687
1270608,32,25,0.21875,0.15625,0.16990198543196916,7.134652777777778,4.4261085007312415
1270666,19,18,0.05263157894736842,0.10526315789473684,0.15614066332246862,8.426435185185186,4.142664355548848
127088,64,50,0.21875,0.125,0.3663495732003731,419.1123958333333,5.40625
1271324,66,51,0.22727272727272727,0.045454545454545456,0.3048004487568588,366.96994212962966,5.532660217679402
127143,4,2,0.5,0.75,0.13055869403603237,54.15273148148148,0.8112781244591328
127189,115,66,0.4260869565217391,0.19130434782608696,0.12333250420920064,448.1005671296296,5.297482236959546
1271907,1,1,0.0,1.0,,0.0,0.0
1273007,2,2,0.0,0.5,,0.031712962962962964,1.0
127311,1,1,0.0,1.0,,0.0,0.0
1273117,1,1,0.0,1.0,,0.0,0.0
1273475,23,22,0.043478260869565216,0.08695652173913043,0.21948277554876547,3.728946759259259,4.436605434317882
1274097,111,46,0.5855855855855856,0.3783783783783784,0.7175756547018567,444.81175925925925,4.185436161526038
1274743,6,6,0.0,0.16666666666666666,0.004447061440345103,1.8274884259259259,2.584962500721156
1274865,2,2,0.0,0.5,,0.1595023148148148,1.0
1275129,1,1,0.0,1.0,,0.0,0.0
1275386,51,34,0.3333333333333333,0.0784313725490196,0.4106223506255549,62.1703125,4.873309900752604
1276864,100,46,0.54,0.11,0.5789692669548079,282.9580324074074,4.862083631314384
127739,2,2,0.0,0.5,,0.0034027777777777776,1.0
12779,1,1,0.0,1.0,,0.0,0.0
1278573,1,1,0.0,1.0,,0.0,0.0
127890,27,25,0.07407407407407407,0.07407407407407407,0.38017551458879595,20.179930555555554,4.606739354015321
127924,1,1,0.0,1.0,,0.0,0.0
127961,12,10,0.16666666666666666,0.16666666666666666,-0.149010936794009,6.366041666666667,3.2516291673878226
127966,16,15,0.0625,0.125,0.046604611738647835,4.160254629629629,3.875
128059,35,32,0.08571428571428572,0.08571428571428572,0.259055776203482,109.81109953703704,4.936286231168866
128081,68,52,0.23529411764705882,0.10294117647058823,0.39531548621486357,272.17976851851853,5.421858062885047
128089,75,45,0.4,0.16,0.27047314818073814,422.6524189814815,4.96137002348306
1281832,3,3,0.0,0.3333333333333333,-0.4442105263157894,0.007939814814814814,1.584962500721156
128307,57,29,0.49122807017543857,0.17543859649122806,0.21670596988639917,294.7825115740741,4.219761296584492
1283910,1,1,0.0,1.0,,0.0,0.0
1284168,4,4,0.0,0.25,-0.09898790474348877,58.621516203703706,2.0
1284671,108,76,0.2962962962962963,0.05555555555555555,0.2704017807711157,418.01311342592595,5.97152306758821
1284807,2,2,0.0,0.5,,115.26188657407407,1.0
128497,23,15,0.34782608695652173,0.30434782608695654,0.2394913692781998,59.01400462962963,3.4952365449960037
1285562,3,3,0.0,0.3333333333333333,-0.11847638939851526,1.8345601851851852,1.584962500721156
1285924,6,6,0.0,0.16666666666666666,0.2524029862464898,16.13453703703704,2.584962500721156
1286006,1,1,0.0,1.0,,0.0,0.0
1286290,2,2,0.0,0.5,,0.8275231481481482,1.0
128660,3,3,0.0,0.3333333333333333,-0.31978186672711933,1.2128703703703703,1.584962500721156
1286747,6,6,0.0,0.16666666666666666,-0.0020781321407580236,2.0703935185185185,2.584962500721156
1286835,8,8,0.0,0.125,0.2640666134768059,2.954039351851852,3.0
1287350,5,5,0.0,0.2,-0.02821651752144168,2.131238425925926,2.321928094887362
1287666,2,2,0.0,0.5,,0.9915393518518518,1.0
128772,1,1,0.0,1.0,,0.0,0.0
128821,17,17,0.0,0.058823529411764705,0.12582686310178376,14.594398148148148,4.087462841250339
1288526,63,46,0.2698412698412698,0.06349206349206349,0.40532121431775125,411.98484953703706,5.350140637716951
1288671,5,4,0.2,0.4,0.09668852266923914,28.000740740740742,1.9219280948873623
12888,84,58,0.30952380952380953,0.17857142857142858,0.3337671276780193,440.36665509259257,5.3613250545153335
1289898,2,2,0.0,0.5,,0.07418981481481482,1.0
1290320,1,1,0.0,1.0,,0.0,0.0
1290495,2,2,0.0,0.5,,66.02241898148148,1.0
1290624,160,63,0.60625,0.1,0.5388734411566827,445.35805555555555,5.380168351332718
1290660,11,11,0.0,0.09090909090909091,0.36619525033667,3.4955324074074072,3.4594316186372978
1290925,78,22,0.717948717948718,0.3717948717948718,0.1051501827074556,104.01140046296297,3.1550732268898907
1291805,1,1,0.0,1.0,,0.0,0.0
1292139,2,2,0.0,0.5,,0.9216435185185186,1.0
1292352,1,1,0.0,1.0,,0.0,0.0
1292388,2,2,0.0,0.5,,0.004976851851851852,1.0
1292522,1,1,0.0,1.0,,0.0,0.0
1292914,22,21,0.045454545454545456,0.09090909090909091,0.2852702011572627,12.175648148148149,4.368522527728206
1293319,1,1,0.0,1.0,,0.0,0.0
1293337,1,1,0.0,1.0,,0.0,0.0
1293633,85,47,0.4470588235294118,0.09411764705882353,0.1726466165003474,428.92754629629627,5.1554240958559285
129435,8,6,0.25,0.25,-0.06771221502449655,3.0022685185185187,2.5
1295514,265,77,0.7094339622641509,0.23018867924528302,0.2511186608380623,438.5144212962963,4.833427575427628
1296005,4,4,0.0,0.25,-0.3442637880217425,1.4927662037037037,2.0
129636,86,58,0.32558139534883723,0.19767441860465115,0.20284778498311232,410.87091435185187,5.288457821238655
1296508,1,1,0.0,1.0,,0.0,0.0
12968,67,36,0.4626865671641791,0.373134328358209,0.07380737272228902,371.7410300925926,4.1130848285692405
1297975,12,9,0.25,0.16666666666666666,0.39462509132222684,24.68777777777778,3.084962500721156
1298526,1,1,0.0,1.0,,0.0,0.0
1300604,3,3,0.0,0.3333333333333333,-3.801267457285846e-05,324.89180555555555,1.584962500721156
1300883,16,16,0.0,0.0625,0.260503348912314,4.633333333333334,4.0
1301138,8,6,0.25,0.375,0.31624156246279994,113.42975694444445,2.4056390622295662
130196,45,34,0.24444444444444444,0.1111111111111111,0.24650440402418133,370.3634837962963,4.878305530231078
130233,10,9,0.1,0.2,0.08374961341642881,8.986099537037036,3.121928094887362
130326,7,6,0.14285714285714285,0.2857142857142857,0.20167859987655692,8.331342592592593,2.5216406363433186
1303328,12,12,0.0,0.08333333333333333,0.35549600011353705,282.3155092592593,3.584962500721156
1303424,3,2,0.3333333333333333,0.6666666666666666,-0.1543469117817371,2.1919097222222224,0.9182958340544896
130356,32,30,0.0625,0.0625,0.17776597326480345,12.253229166666667,4.875
130359,77,18,0.7662337662337663,0.2727272727272727,0.5691763371056843,337.5071990740741,3.2470862803172524
1304187,1,1,0.0,1.0,,0.0,0.0
130428,122,55,0.5491803278688525,0.22950819672131148,0.40196489537199026,195.96859953703705,4.694304806619113
1304459,78,42,0.46153846153846156,0.1794871794871795,0.33429485381573854,433.1883912037037,4.8613329057901495
130466,17,10,0.4117647058823529,0.17647058823529413,0.5127495932916708,380.0194212962963,3.2195282822995477
1306267,6,5,0.16666666666666666,0.3333333333333333,-0.07218513803156165,64.80496527777778,2.2516291673878226
1306641,59,44,0.2542372881355932,0.1864406779661017,0.18207944731620584,423.5183333333333,5.055378044155507
1306783,59,36,0.3898305084745763,0.11864406779661017,0.2802092236278969,242.17310185185184,4.841525727917425
130680,2,2,0.0,0.5,,0.03269675925925926,1.0
1306968,3,3,0.0,0.3333333333333333,-0.0014813251740873896,2.746539351851852,1.584962500721156
1307185,2,2,0.0,0.5,,3.930949074074074,1.0
1308267,4,4,0.0,0.25,-0.3189266028692261,0.05962962962962963,2.0
1308694,4,3,0.25,0.5,0.1530172470953915,119.19380787037036,1.5
1309307,89,48,0.4606741573033708,0.0898876404494382,0.5106239212459546,402.7420833333333,5.196066965663805
1309723,1,1,0.0,1.0,,0.0,0.0
131024,83,40,0.5180722891566265,0.14457831325301204,0.2955909335411535,286.1733564814815,4.696268825080002
1310324,2,2,0.0,0.5,,0.11533564814814815,1.0
1311283,4,4,0.0,0.25,-0.3532858926774233,12.627847222222222,2.0
13115,14,13,0.07142857142857142,0.14285714285714285,0.31139724610580294,182.7082175925926,3.6644977792004623
1312123,17,14,0.17647058823529413,0.17647058823529413,0.4039617759377064,50.27508101851852,3.6901165175936654
131254,1,1,0.0,1.0,,0.0,0.0
1312914,2,2,0.0,0.5,,0.0018055555555555555,1.0
1313031,150,74,0.5066666666666667,0.06666666666666667,0.14640481624393403,239.73497685185185,5.749741525021644
1313184,5,4,0.2,0.4,-0.04229148011536272,6.714421296296297,1.9219280948873623
1314192,1,1,0.0,1.0,,0.0,0.0
1314750,3,3,0.0,0.3333333333333333,-0.0028879262468066275,0.10450231481481481,1.584962500721156
1315041,2,2,0.0,0.5,,1.298125,1.0
131560,38,33,0.13157894736842105,0.07894736842105263,0.2042995336363319,256.0292592592593,4.9649041581234945
131604,91,18,0.8021978021978022,0.37362637362637363,0.565903424438427,449.04912037037036,3.007116490292608
1316389,99,49,0.5050505050505051,0.20202020202020202,0.1273327272971367,256.2392708333333,4.810948833986466
131696,2,2,0.0,0.5,,0.5305555555555556,1.0
1317468,47,40,0.14893617021276595,0.0851063829787234,0.20438457796615528,332.10630787037036,5.214163319762744
131772,78,39,0.5,0.358974358974359,0.4438028278206519,412.8697916666667,4.114109586557424
1318170,212,116,0.4528301886792453,0.1179245283018868,0.6410051954993348,377.1854050925926,6.101139020110143
1318657,4,2,0.5,0.75,-0.3671703761858451,2.3846064814814816,0.8112781244591328
1318888,245,90,0.6326530612244898,0.17551020408163265,0.30089329223001265,444.8107523148148,5.343194940981487
1319783,4,4,0.0,0.25,-0.2190277173700109,1.8781712962962962,2.0
1320521,1,1,0.0,1.0,,0.0,0.0
1320556,1,1,0.0,1.0,,0.0,0.0
1320605,34,31,0.08823529411764706,0.058823529411764705,0.4599839013764366,162.43041666666667,4.910992253015045
1320609,43,28,0.3488372093023256,0.13953488372093023,0.3623417149012883,13.502314814814815,4.4524437551456515
1321254,5,5,0.0,0.2,-0.1329704802216841,2.1059722222222224,2.321928094887362
1321480,10,10,0.0,0.1,0.07545997974543399,7.097280092592593,3.321928094887362
1321694,2,1,0.5,1.0,,1.583576388888889,-0.0
1321824,5,5,0.0,0.2,0.21903165117215756,15.110034722222222,2.321928094887362
1322130,104,60,0.4230769230769231,0.14423076923076922,0.38578028383384455,365.350775462963,5.345939511981303
1322579,8,7,0.125,0.25,-0.26231427559586934,6.782685185185185,2.75
1323,24,23,0.041666666666666664,0.08333333333333333,0.5277337179794089,226.95251157407407,4.501629167387822
1323005,151,67,0.5562913907284768,0.09271523178807947,0.7755929347286438,449.1679050925926,5.537684370709856
1323308,31,24,0.22580645161290322,0.0967741935483871,0.15613506739827188,5.24050925925926,4.4538809876666505
132360,256,60,0.765625,0.1875,0.3935837099405888,438.5208333333333,4.380971577535885
1324400,8,8,0.0,0.125,0.12119995007964514,237.55002314814814,3.0
1324437,1,1,0.0,1.0,,0.0,0.0
132451,75,62,0.17333333333333334,0.04,0.20235987182650292,407.09479166666665,5.841891357047164
132454,3,3,0.0,0.3333333333333333,-0.520284392028066,0.9429282407407408,1.584962500721156
132513,2,2,0.0,0.5,,1.480925925925926,1.0
132547,72,56,0.2222222222222222,0.05555555555555555,0.49381946190696496,427.24375,5.676733681937772
132596,14,14,0.0,0.07142857142857142,-0.027609722107887202,5.562754629629629,3.8073549220576055
132633,278,23,0.9172661870503597,0.22661870503597123,0.4243076234779838,95.33518518518518,3.2922984690557366
1326710,8,8,0.0,0.125,0.4004772945660986,100.21810185185186,3.0
1326724,108,41,0.6203703703703703,0.1574074074074074,0.33075930569887846,407.2054166666667,4.495515047885677
1328003,1,1,0.0,1.0,,0.0,0.0
132826,20,18,0.1,0.1,0.49776223781113665,387.31957175925925,4.1219280948873624
132880,1,1,0.0,1.0,,0.0,0.0
1329971,12,10,0.16666666666666666,0.25,0.5122541271099645,68.0122337962963,3.188721875540867
1330030,5,5,0.0,0.2,-0.02590320250894657,5.026979166666667,2.321928094887362
133016,1,1,0.0,1.0,,0.0,0.0
1330671,2,2,0.0,0.5,,0.1146875,1.0
1330928,2,2,0.0,0.5,,0.03817129629629629,1.0
1331108,4,4,0.0,0.25,-0.17440699355122774,0.8828935185185185,2.0
133117,192,122,0.3645833333333333,0.057291666666666664,0.33464033146916955,419.70542824074073,6.550424609105658
1331372,69,31,0.5507246376811594,0.17391304347826086,0.3198757214360481,51.85670138888889,4.33900334912197
1331455,73,49,0.3287671232876712,0.2465753424657534,0.05764597457185481,448.42324074074077,4.949161202300722
1331479,2,2,0.0,0.5,,0.26493055555555556,1.0
1331540,3,3,0.0,0.3333333333333333,-0.0027318189952180347,90.21347222222222,1.584962500721156
1332858,5,5,0.0,0.2,-0.15791565264357496,1.6797337962962964,2.321928094887362
1332945,3,3,0.0,0.3333333333333333,-0.3885017421602787,0.009224537037037036,1.584962500721156
1333733,2,2,0.0,0.5,,1.000625,1.0
133401,74,41,0.44594594594594594,0.17567567567567569,0.3554256590344947,301.4060185185185,4.729296091290373
1334174,10,10,0.0,0.1,0.3717110339402547,70.13238425925925,3.321928094887362
133492,32,29,0.09375,0.0625,0.6637529790829442,186.90626157407408,4.8125
133616,226,101,0.5530973451327433,0.1902654867256637,0.7454236596160287,244.19967592592593,5.5675659441881695
13367,4,4,0.0,0.25,0.14905790239731462,306.16641203703705,2.0
1337101,1,1,0.0,1.0,,0.0,0.0
133784,4,2,0.5,0.75,-0.3927713256953326,2.0705671296296297,0.8112781244591328
133787,8,8,0.0,0.125,-0.018818319008559643,1.1130555555555555,3.0
1338437,3,3,0.0,0.3333333333333333,-0.029002181364077912,17.815231481481483,1.584962500721156
1339067,8,8,0.0,0.125,-0.27989856650138156,4.532337962962963,3.0
1339134,7,4,0.42857142857142855,0.5714285714285714,-0.1446642732860905,19.360578703703705,1.6644977792004614
1339263,1,1,0.0,1.0,,0.0,0.0
1339837,4,4,0.0,0.25,0.10187712598643531,15.285185185185185,2.0
134023,12,10,0.16666666666666666,0.16666666666666666,0.3934557017084996,83.275625,3.2516291673878226
1340701,118,51,0.5677966101694916,0.3389830508474576,0.25948673788849985,238.1242939814815,4.401917666078292
1341240,1,1,0.0,1.0,,0.0,0.0
1341268,2,2,0.0,0.5,,25.980393518518518,1.0
1341415,23,20,0.13043478260869565,0.13043478260869565,0.131741618601125,21.796793981481482,4.229871195093383
134316,1,1,0.0,1.0,,0.0,0.0
134355,192,81,0.578125,0.16145833333333334,0.5203570345054281,414.6962962962963,5.268075838562563
1343685,6,6,0.0,0.16666666666666666,0.13267848525194176,2.8778703703703705,2.584962500721156
1343788,1,1,0.0,1.0,,0.0,0.0
1344146,72,31,0.5694444444444444,0.1388888888888889,0.12951066678875758,420.7754282407407,4.4258418096712795
1345815,5,5,0.0,0.2,0.26794212698031467,180.43565972222223,2.321928094887362
134637,1,1,0.0,1.0,,0.0,0.0
1347066,5,4,0.2,0.4,-0.09690005934492334,0.9658333333333333,1.9219280948873623
134763,10,8,0.2,0.2,0.44937232514111936,105.46390046296297,2.9219280948873623
1348237,94,60,0.3617021276595745,0.10638297872340426,0.24342923876803355,404.4161226851852,5.5056169481230866
1348597,1,1,0.0,1.0,,0.0,0.0
13491,4,4,0.0,0.25,0.14055884800423699,2.6281944444444445,2.0
1349137,14,10,0.2857142857142857,0.21428571428571427,0.17620546081931487,3.0910532407407407,3.182005814760214
134931,79,47,0.4050632911392405,0.11392405063291139,0.336955642514056,451.5690509259259,5.164372286552487
1349455,12,10,0.16666666666666666,0.16666666666666666,0.12671558802617416,2.3158333333333334,3.2516291673878226
1349750,88,68,0.22727272727272727,0.06818181818181818,0.20116809979115008,451.8451851851852,5.916540283287102
1350060,25,15,0.4,0.32,0.10096777692945438,310.5752199074074,3.4136606896881845
1350092,2,1,0.5,1.0,,2.244849537037037,-0.0
1350118,53,32,0.39622641509433965,0.24528301886792453,0.13994307862313562,90.36520833333333,4.376684768899782
1350268,7,7,0.0,0.14285714285714285,-0.15523505699074158,6.255902777777778,2.807354922057604
1350400,2,2,0.0,0.5,,2.918599537037037,1.0
135062,83,72,0.13253012048192772,0.04819277108433735,0.25130886842595335,357.1389699074074,6.067692744547806
135076,82,30,0.6341463414634146,0.25609756097560976,0.25039293750918074,426.79453703703706,4.186975518761884
1350852,180,112,0.37777777777777777,0.044444444444444446,0.5994654476975182,436.84761574074076,6.490076568802998
135116,981,162,0.8348623853211009,0.14678899082568808,0.8481503923169824,441.1697222222222,5.2128573171341515
1351203,18,12,0.3333333333333333,0.2222222222222222,-0.14743285432072528,47.01215277777778,3.350209029099897
1351387,1,1,0.0,1.0,,0.0,0.0
1352561,11,10,0.09090909090909091,0.18181818181818182,0.4744991235185471,120.96009259259259,3.2776134368191157
1352687,28,22,0.21428571428571427,0.14285714285714285,0.0016885912590681802,19.621365740740742,4.307354922057605
1352758,3,3,0.0,0.3333333333333333,-0.25018494213101067,1.2127083333333333,1.584962500721156
1353023,104,48,0.5384615384615384,0.11538461538461539,0.6274291181300408,424.1405787037037,4.998449459217671
1353542,136,40,0.7058823529411765,0.4338235294117647,0.3428947613770376,451.94988425925925,3.641744166407085
135404,4,4,0.0,0.25,-0.40163542227491816,6.837662037037037,2.0
1354403,33,30,0.09090909090909091,0.06060606060606061,0.16528776166447504,242.03804398148148,4.862575937540274
1354841,1,1,0.0,1.0,,0.0,0.0
1354919,315,125,0.6031746031746031,0.11428571428571428,0.40959922568782026,435.2395833333333,6.081338409022249
1355103,5,5,0.0,0.2,0.2674678899393019,164.00181712962964,2.321928094887362
135512,5,4,0.2,0.4,-0.3113469679524594,18.281666666666666,1.9219280948873623
1355229,8,8,0.0,0.125,-0.13289310243801783,4.950104166666667,3.0
135549,1,1,0.0,1.0,,0.0,0.0
1356313,9,8,0.1111111111111111,0.2222222222222222,0.311156182034548,223.9636574074074,2.94770277922009
1357192,14,6,0.5714285714285714,0.5714285714285714,-0.1131377262820782,116.88263888888889,1.950212064914747
1357917,136,74,0.45588235294117646,0.0661764705882353,0.2851393630745999,336.2473958333333,5.771471686935228
13585,2,2,0.0,0.5,,1.5040277777777777,1.0
1358513,1,1,0.0,1.0,,0.0,0.0
1359019,41,31,0.24390243902439024,0.0975609756097561,0.2083347971071278,411.0465972222222,4.802554748467752
1359039,4,4,0.0,0.25,0.019726343205239555,0.9015277777777778,2.0
1359074,3,3,0.0,0.3333333333333333,-0.9439712536598348,1.690625,1.584962500721156
1359076,7,5,0.2857142857142857,0.42857142857142855,0.327470693401544,40.80501157407407,2.1280852788913944
1359919,148,91,0.38513513513513514,0.10810810810810811,0.2607538199841837,216.90226851851853,5.938654716746413
1360,117,49,0.5811965811965812,0.3418803418803419,0.32135282892340217,429.9853125,4.423330140431993
1360202,1,1,0.0,1.0,,0.0,0.0
136041,191,84,0.5602094240837696,0.2931937172774869,0.32319861444770626,329.9949074074074,5.147994924445694
136042,36,29,0.19444444444444445,0.08333333333333333,0.26609610240644316,387.4315277777778,4.760067015271105
13610,1,1,0.0,1.0,,0.0,0.0
136179,7,6,0.14285714285714285,0.2857142857142857,0.12016914716916874,57.760810185185186,2.5216406363433186
1362027,2,2,0.0,0.5,,1.9322916666666667,1.0
13621,8,8,0.0,0.125,-0.12104631974879852,3.228101851851852,3.0
13624,34,28,0.17647058823529413,0.08823529411764706,0.023275269514434965,371.2948611111111,4.6901165175936645
1362472,2,2,0.0,0.5,,0.11613425925925926,1.0
1363213,7,7,0.0,0.14285714285714285,0.13557166321273,134.71724537037036,2.807354922057604
1363992,122,61,0.5,0.1557377049180328,0.6506491839838009,352.0707175925926,5.1882954679844975
1364264,2,2,0.0,0.5,,0.1566087962962963,1.0
1364387,77,52,0.3246753246753247,0.11688311688311688,0.3112584389907173,395.70434027777776,5.3116063456087375
13645,2,2,0.0,0.5,,0.0005439814814814814,1.0
1364714,230,87,0.6217391304347826,0.16956521739130434,0.302637732035678,259.03178240740743,5.207240579506608
1364994,26,19,0.2692307692307692,0.19230769230769232,0.23467313355703662,318.21458333333334,4.023145853739676
136522,1,1,0.0,1.0,,0.0,0.0
1365583,17,15,0.11764705882352941,0.11764705882352941,0.5778160774978683,0.16304398148148147,3.852168723603281
1365735,2,2,0.0,0.5,,1.0088310185185185,1.0
1366975,5,5,0.0,0.2,0.251024326205124,31.185717592592592,2.321928094887362
1367198,407,153,0.6240786240786241,0.07616707616707617,0.6217939177363428,440.7185185185185,6.543657867551007
136780,4,4,0.0,0.25,-0.4805875528431357,0.9974305555555556,2.0
1367879,127,50,0.6062992125984252,0.07874015748031496,0.17170257413430817,359.3767824074074,5.138164298717739
1367929,5,5,0.0,0.2,0.2585292235593511,178.11534722222223,2.321928094887362
136797,2,2,0.0,0.5,,0.27034722222222224,1.0
136810,5,4,0.2,0.4,0.20129329586364375,0.8051388888888888,1.9219280948873623
1368299,4,4,0.0,0.25,-0.4889967049225562,3.1148842592592594,2.0
136984,206,129,0.3737864077669903,0.12135922330097088,0.25829062350457765,448.2462615740741,6.466816448346133
1370852,1,1,0.0,1.0,,0.0,0.0
1370892,110,71,0.35454545454545455,0.09090909090909091,0.2348618955635951,430.2124189814815,5.698925600971588
1371116,1,1,0.0,1.0,,0.0,0.0
1371567,3,3,0.0,0.3333333333333333,-0.04436359385730361,8.272592592592593,1.584962500721156
1372425,1,1,0.0,1.0,,0.0,0.0
1372826,16,13,0.1875,0.125,0.5708572238669652,190.13065972222222,3.625
1372869,1,1,0.0,1.0,,0.0,0.0
137320,91,70,0.23076923076923078,0.06593406593406594,0.5423728408553987,414.84225694444444,5.955435711555947
1373220,83,46,0.4457831325301205,0.07228915662650602,0.18556222468856212,261.2473958333333,5.19734538361374
1373745,1,1,0.0,1.0,,0.0,0.0
1374352,7,7,0.0,0.14285714285714285,-0.3285865659401445,6.4459837962962965,2.807354922057604
1374378,1,1,0.0,1.0,,0.0,0.0
1375399,2,2,0.0,0.5,,0.8635648148148148,1.0
137558,6,6,0.0,0.16666666666666666,0.15371013932248662,4.019930555555556,2.584962500721156
1376001,2,2,0.0,0.5,,18.289224537037036,1.0
1376181,4,3,0.25,0.5,0.06310430696951694,1.4336805555555556,1.5
1376351,1,1,0.0,1.0,,0.0,0.0
1376399,1,1,0.0,1.0,,0.0,0.0
13766,3,2,0.3333333333333333,0.6666666666666666,-0.6727243711225038,1.9410185185185185,0.9182958340544896
137758,60,53,0.11666666666666667,0.03333333333333333,0.3389319545761101,356.31135416666666,5.673557262275185
1378187,3,3,0.0,0.3333333333333333,-0.5992770273236839,1.2647800925925925,1.584962500721156
137841,1,1,0.0,1.0,,0.0,0.0
1378448,5,5,0.0,0.2,0.05162299084426368,2.672222222222222,2.321928094887362
1378469,6,5,0.16666666666666666,0.3333333333333333,-0.02940765759185381,3.7100347222222223,2.2516291673878226
1378601,1,1,0.0,1.0,,0.0,0.0
137911,5,5,0.0,0.2,-0.18792264066851008,0.21638888888888888,2.321928094887362
1379115,1,1,0.0,1.0,,0.0,0.0
137974,1,1,0.0,1.0,,0.0,0.0
1379899,4,4,0.0,0.25,-0.48743011275253445,1.7683217592592593,2.0
137998,6,6,0.0,0.16666666666666666,0.09272794338703948,4.843472222222222,2.584962500721156
1379990,97,65,0.32989690721649484,0.07216494845360824,0.10925424020421771,443.2680208333333,5.773306559018221
1381005,220,141,0.35909090909090907,0.18181818181818182,0.3156105867185823,366.35524305555555,6.370891323703228
1381013,1,1,0.0,1.0,,0.0,0.0
1381835,4,3,0.25,0.5,0.16933255959994017,1.059236111111111,1.5
1382049,6,5,0.16666666666666666,0.3333333333333333,-0.1962917708502022,50.9315162037037,2.2516291673878226
138205,364,145,0.6016483516483516,0.1510989010989011,0.3401199478282197,441.0374537037037,5.799521559749165
138231,7,7,0.0,0.14285714285714285,-0.03892731839917525,7.177523148148148,2.807354922057604
1382364,3,3,0.0,0.3333333333333333,-0.057434428635508177,19.26310185185185,1.584962500721156
138371,1,1,0.0,1.0,,0.0,0.0
138391,2,2,0.0,0.5,,0.03179398148148148,1.0
1384306,3,3,0.0,0.3333333333333333,-0.1235329413176527,0.5418055555555555,1.584962500721156
138493,3,3,0.0,0.3333333333333333,-0.08135339050564688,0.5341435185185185,1.584962500721156
1384965,7,7,0.0,0.14285714285714285,-0.2382225623130139,4.156898148148148,2.807354922057604
1385142,1,1,0.0,1.0,,0.0,0.0
138536,131,45,0.6564885496183206,0.21374045801526717,0.5370659874454604,158.30128472222222,4.655218866497557
1385422,1,1,0.0,1.0,,0.0,0.0
1385701,83,50,0.39759036144578314,0.07228915662650602,0.19865600712518483,404.9259143518519,5.322219214657116
1386078,196,104,0.46938775510204084,0.15306122448979592,0.29119478059897175,425.1199189814815,6.00894575564109
1386198,1,1,0.0,1.0,,0.0,0.0
138697,95,37,0.6105263157894737,0.3473684210526316,0.31352233441102767,415.42466435185185,3.9785899430862903
1387430,6,6,0.0,0.16666666666666666,0.025946242549814324,3.070034722222222,2.584962500721156
1387478,1,1,0.0,1.0,,0.0,0.0
1387690,1,1,0.0,1.0,,0.0,0.0
1388789,1,1,0.0,1.0,,0.0,0.0
1388815,1,1,0.0,1.0,,0.0,0.0
138905,4,4,0.0,0.25,-0.09036992933233869,0.4521759259259259,2.0
1389290,3,3,0.0,0.3333333333333333,-0.29354384904256425,1.2877199074074075,1.584962500721156
1389347,400,114,0.715,0.3275,0.4167918091296761,414.6907638888889,4.567517932503835
138958,86,62,0.27906976744186046,0.1744186046511628,0.25452103778188523,449.6694791666667,5.485938923997235
13901,1,1,0.0,1.0,,0.0,0.0
1390368,199,89,0.5527638190954773,0.09045226130653267,0.7289078251402102,327.8783912037037,5.81565545720577
139134,2,2,0.0,0.5,,0.8702083333333334,1.0
1391802,1,1,0.0,1.0,,0.0,0.0
139185,6,6,0.0,0.16666666666666666,0.0005880060860072148,4.184456018518518,2.584962500721156
139186,66,44,0.3333333333333333,0.07575757575757576,0.20867097768114265,344.83078703703706,5.228116801465617
1392153,3,3,0.0,0.3333333333333333,-0.35120374058880777,325.56971064814815,1.584962500721156
1392276,3,3,0.0,0.3333333333333333,-0.7615737415041167,1.844861111111111,1.584962500721156
1392749,2,2,0.0,0.5,,0.9807175925925926,1.0
139296,188,40,0.7872340425531915,0.4521276595744681,0.3185251268302317,413.0828935185185,3.0409606824575293
1392995,29,14,0.5172413793103449,0.27586206896551724,0.4709698033369622,207.37421296296296,3.409705133058607
1393201,198,122,0.3838383838383838,0.0707070707070707,0.3151517807054729,209.10289351851853,6.38907597872554
1393623,42,22,0.47619047619047616,0.47619047619047616,0.15213239338535203,444.4320138888889,3.2866373775943023
139413,58,50,0.13793103448275862,0.06896551724137931,0.19393910457088456,145.33980324074074,5.534620865779925
13944,6,5,0.16666666666666666,0.3333333333333333,0.14243984020364403,15.216041666666667,2.2516291673878226
1394448,1,1,0.0,1.0,,0.0,0.0
1394614,43,35,0.18604651162790697,0.06976744186046512,0.3416007943575949,151.18278935185185,5.019060684834029
13951,24,22,0.08333333333333333,0.125,0.20733033704292947,245.00810185185185,4.386842188131011
1395628,155,81,0.4774193548387097,0.2,0.16927075891506427,449.07427083333334,5.417800499573785
139591,119,69,0.42016806722689076,0.09243697478991597,0.22200609181583303,402.12939814814814,5.603553231899415
1396731,194,71,0.634020618556701,0.07731958762886598,0.2515702257572075,430.23100694444446,5.395676143584751
1397780,7,7,0.0,0.14285714285714285,0.13035920968844977,0.9718055555555556,2.807354922057604
1398347,13,12,0.07692307692307693,0.15384615384615385,0.4596219765147046,98.37744212962963,3.5465935642949384
1398366,74,32,0.5675675675675675,0.2972972972972973,0.5524048165721518,370.10952546296295,3.9429265149508193
139898,64,52,0.1875,0.0625,0.27923638467769485,390.9362962962963,5.581954882778696
1399,2,2,0.0,0.5,,1.1022685185185186,1.0
139903,4,4,0.0,0.25,0.12448379107653323,13.066898148148148,2.0
1399409,1,1,0.0,1.0,,0.0,0.0
1399829,125,72,0.424,0.096,0.5037795690422218,233.74820601851852,5.7305552607108226
140023,10,5,0.5,0.6,0.18156702166559563,11.378298611111111,1.7709505944546688
1400618,154,82,0.4675324675324675,0.09740259740259741,0.3548420975658145,448.0640162037037,5.806836081125447
140073,159,74,0.5345911949685535,0.1949685534591195,0.2916096441214916,430.03239583333334,5.142260561299274
1401060,6,6,0.0,0.16666666666666666,0.2779845163027507,194.00258101851853,2.584962500721156
14012,73,56,0.2328767123287671,0.1095890410958904,0.2774444895788541,428.7086111111111,5.58708483285262
1401273,2,2,0.0,0.5,,348.75135416666666,1.0
14014,3,3,0.0,0.3333333333333333,-0.4482784319570726,0.44983796296296297,1.584962500721156
140223,4,4,0.0,0.25,-0.7188889071039731,0.9460069444444444,2.0
1402785,36,21,0.4166666666666667,0.25,0.28585393982906593,249.85957175925927,3.967585764910526
140282,11,11,0.0,0.09090909090909091,0.12697748027368483,2.1651736111111113,3.4594316186372978
1403088,18,14,0.2222222222222222,0.2222222222222222,0.08375363747108011,27.843055555555555,3.614369445886757
1404,9,8,0.1111111111111111,0.2222222222222222,0.4355501080522756,352.80586805555555,2.94770277922009
1404064,1,1,0.0,1.0,,0.0,0.0
140408,4,4,0.0,0.25,-0.17348873121531572,3.799282407407407,2.0
140448,1,1,0.0,1.0,,0.0,0.0
1404855,7,7,0.0,0.14285714285714285,0.024935236069186434,10.201527777777779,2.807354922057604
140497,34,26,0.23529411764705882,0.14705882352941177,0.3910086880782686,391.16894675925926,4.4885061360562135
140508,146,86,0.410958904109589,0.08904109589041095,0.36613060021213656,444.7577662037037,6.029796495167583
1405123,1,1,0.0,1.0,,0.0,0.0
1405324,1,1,0.0,1.0,,0.0,0.0
140545,1,1,0.0,1.0,,0.0,0.0
1406422,7,3,0.5714285714285714,0.5714285714285714,-0.13642201428084863,7.137662037037037,1.3787834934861753
1406566,232,135,0.41810344827586204,0.05603448275862069,0.7869517521205955,448.0162962962963,6.602074570062658
1406572,73,47,0.3561643835616438,0.1232876712328767,0.19268823166560842,445.82060185185185,5.074438558844925
1406661,101,64,0.36633663366336633,0.09900990099009901,0.7509642171552859,449.03814814814814,5.6498107755046245
1407319,142,88,0.38028169014084506,0.1267605633802817,0.18075687579489222,429.666087962963,5.84801221806015
140739,65,51,0.2153846153846154,0.07692307692307693,0.2545093714281159,382.1439699074074,5.512838344124397
140821,197,59,0.700507614213198,0.3096446700507614,0.330412989874401,235.2522337962963,4.289640083051802
1408213,3,3,0.0,0.3333333333333333,-0.03409588744479747,2.376828703703704,1.584962500721156
1408964,8,5,0.375,0.5,-0.28892586134087683,67.0044212962963,2.0
1409145,7,7,0.0,0.14285714285714285,0.1763697056817505,30.762962962962963,2.807354922057604
1409924,2,2,0.0,0.5,,0.15583333333333332,1.0
1411349,1,1,0.0,1.0,,0.0,0.0
1412438,1,1,0.0,1.0,,0.0,0.0
141251,2,2,0.0,0.5,,1.2386226851851851,1.0
141262,78,40,0.48717948717948717,0.2564102564102564,0.5004473507221511,383.94083333333333,4.603434918863394
141283,3,3,0.0,0.3333333333333333,-0.6769632040697547,0.9004166666666666,1.584962500721156
1413300,4,4,0.0,0.25,0.17086845017147317,364.52828703703705,2.0
1413360,7,7,0.0,0.14285714285714285,0.21064478271388576,242.3666087962963,2.807354922057604
141426,1,1,0.0,1.0,,0.0,0.0
141433,1,1,0.0,1.0,,0.0,0.0
141436,5,5,0.0,0.2,0.26275503215818563,189.20800925925926,2.321928094887362
1414722,1,1,0.0,1.0,,0.0,0.0
141663,4,4,0.0,0.25,-0.10699499762606723,8.735,2.0
14172,10,8,0.2,0.3,-0.12574229058052908,2.23650462962963,2.8464393446710154
1417350,1,1,0.0,1.0,,0.0,0.0
141762,9,9,0.0,0.1111111111111111,-0.021267205091106592,13.474328703703703,3.169925001442312
1417802,10,6,0.4,0.5,-0.06435947337712362,2.7358101851851853,2.1609640474436813
141818,3,3,0.0,0.3333333333333333,-0.008428413652895267,33.3209375,1.584962500721156
141830,77,24,0.6883116883116883,0.2077922077922078,0.30052292326291846,444.3811342592593,3.644344322695713
1419088,67,50,0.2537313432835821,0.07462686567164178,0.6778141604119013,443.0392939814815,5.470950339996172
1419194,128,85,0.3359375,0.078125,0.19206698893171859,419.8798263888889,5.922480426928818
1419858,50,34,0.32,0.14,0.6711993130880937,259.3144907407407,4.706440881709188
142153,506,125,0.7529644268774703,0.10869565217391304,0.37065339590780494,452.39649305555554,5.664600075403072
142175,7,7,0.0,0.14285714285714285,-0.01646970452393401,4.156157407407408,2.807354922057604
14218,4,4,0.0,0.25,-0.1826033899461059,2.437361111111111,2.0
142182,179,83,0.5363128491620112,0.25139664804469275,0.32839813023938136,418.14201388888887,4.733520824591052
1421933,56,34,0.39285714285714285,0.08928571428571429,0.5053280936703259,83.1361111111111,4.8078161997176565
1422389,181,48,0.7348066298342542,0.14917127071823205,0.48593306568296485,446.9918402777778,4.808165980895181
142259,23,14,0.391304347826087,0.17391304347826086,0.5700390163741768,71.80594907407408,3.5342190211803404
142316,12,12,0.0,0.08333333333333333,0.5140266854953346,245.28449074074075,3.584962500721156
1423262,1,1,0.0,1.0,,0.0,0.0
1423275,62,50,0.1935483870967742,0.11290322580645161,0.18955063045836282,419.33753472222224,5.4114304320900475
1423355,58,54,0.06896551724137931,0.034482758620689655,0.15431410310216565,355.9033449074074,5.720049960644811
1423397,1,1,0.0,1.0,,0.0,0.0
142352,2,2,0.0,0.5,,1.0319907407407407,1.0
142357,77,33,0.5714285714285714,0.19480519480519481,0.6250785426119807,437.8593287037037,4.307797061582496
142377,2,2,0.0,0.5,,0.22599537037037037,1.0
142385,8,7,0.125,0.25,0.20802736510181605,0.8080092592592593,2.75
1424,5,4,0.2,0.4,0.24268613860096577,208.95802083333334,1.9219280948873623
1425329,78,37,0.5256410256410257,0.19230769230769232,0.09006626754139894,396.62354166666665,4.41435966432017
142598,291,72,0.7525773195876289,0.3024054982817869,0.3460603250975203,452.2289236111111,4.207484305595772
1426019,2,2,0.0,0.5,,1.7921875,1.0
142646,1,1,0.0,1.0,,0.0,0.0
1427145,3,3,0.0,0.3333333333333333,-0.18949502807855303,109.00902777777777,1.584962500721156
1427325,2,2,0.0,0.5,,6.133449074074074,1.0
1428460,5,5,0.0,0.2,-0.15031653841002132,8.020717592592593,2.321928094887362
142849,2,2,0.0,0.5,,2.153460648148148,1.0
1429206,2,2,0.0,0.5,,4.696481481481482,1.0
1430595,210,79,0.6238095238095238,0.15714285714285714,0.2208441979590432,79.98190972222223,5.330599913872476
1430933,1,1,0.0,1.0,,0.0,0.0
1431360,5,5,0.0,0.2,0.10110369679030358,32.075509259259256,2.321928094887362
143202,103,69,0.3300970873786408,0.08737864077669903,0.29327777497026636,418.067025462963,5.770930017243433
143308,87,74,0.14942528735632185,0.06896551724137931,0.18299723808500584,420.8190162037037,6.080762173959911
143311,6,3,0.5,0.5,-0.2485120490742627,3.8558564814814815,1.4591479170272448
143336,4,2,0.5,0.5,0.06458767774831688,68.03997685185185,1.0
1433622,1,1,0.0,1.0,,0.0,0.0
1433705,1,1,0.0,1.0,,0.0,0.0
1434310,149,61,0.5906040268456376,0.42953020134228187,0.1717194420600817,438.3470486111111,4.199207658374666
1434747,12,11,0.08333333333333333,0.16666666666666666,0.28586162320901665,7.16869212962963,3.4182958340544896
1434771,2,2,0.0,0.5,,219.37355324074073,1.0
143480,3,2,0.3333333333333333,0.6666666666666666,-0.7335892199914628,293.1735532407407,0.9182958340544896
1434903,4,1,0.75,1.0,-0.03343410311150406,4.62761574074074,-0.0
143492,52,44,0.15384615384615385,0.057692307692307696,0.18078477060037745,405.8615972222222,5.378230343099488
143501,113,31,0.7256637168141593,0.1504424778761062,0.30270090520351145,314.5313888888889,4.079138087301147
143523,18,10,0.4444444444444444,0.2777777777777778,0.44758354034419096,275.98006944444444,2.996624141510993
143536,8,6,0.25,0.25,0.2966354512375389,233.0707060185185,2.5
1435618,7,7,0.0,0.14285714285714285,0.22607761323340395,7.844814814814815,2.807354922057604
1435670,114,44,0.6140350877192983,0.17543859649122806,0.27361869889472673,184.91199074074075,4.598571219750939
1435962,3,2,0.3333333333333333,0.6666666666666666,-0.4898268531167974,4.493414351851852,0.9182958340544896
1436030,1,1,0.0,1.0,,0.0,0.0
143606,123,50,0.5934959349593496,0.23577235772357724,0.3786168591261679,410.0379976851852,4.483918429702045
1436859,3,3,0.0,0.3333333333333333,-0.03092222198873271,182.2666550925926,1.584962500721156
1437859,245,36,0.8530612244897959,0.2530612244897959,0.6709651495292033,376.7685069444444,3.457366781362274
1438012,3,3,0.0,0.3333333333333333,-0.07274890068030847,0.9289583333333333,1.584962500721156
143827,62,22,0.6451612903225806,0.16129032258064516,0.7234948973763285,228.28219907407407,3.8693837141581446
1438321,11,10,0.09090909090909091,0.18181818181818182,-0.05480821881209794,1.9045833333333333,3.2776134368191157
143852,1,1,0.0,1.0,,0.0,0.0
1438524,68,19,0.7205882352941176,0.3382352941176471,0.21347910081428653,420.6275925925926,3.0701058155890117
1438602,79,46,0.4177215189873418,0.20253164556962025,0.48766870543951657,262.10246527777775,4.856128495308747
143872,2,2,0.0,0.5,,105.42782407407407,1.0
1438905,9,7,0.2222222222222222,0.2222222222222222,0.018874646066139786,7.9596527777777775,2.725480556997868
1439839,11,10,0.09090909090909091,0.18181818181818182,0.4646196374442847,209.7403125,3.2776134368191157
14402,156,108,0.3076923076923077,0.1346153846153846,0.2422706485416125,421.920162037037,6.280479200328054
1440230,8,6,0.25,0.25,-0.05505106487753508,4.002303240740741,2.5
144048,9,9,0.0,0.1111111111111111,0.19618621319817564,10.340590277777778,3.169925001442312
1440863,4,4,0.0,0.25,-0.42458042233771404,1.8259953703703704,2.0
1440874,4,3,0.25,0.5,-0.38702825914890543,1.8744791666666667,1.5
1440911,5,5,0.0,0.2,0.25848402958264577,145.04699074074074,2.321928094887362
1441277,1,1,0.0,1.0,,0.0,0.0
1441470,9,9,0.0,0.1111111111111111,-0.3186828552326811,0.005138888888888889,3.169925001442312
1441472,2,2,0.0,0.5,,0.00038194444444444446,1.0
1442728,23,20,0.13043478260869565,0.13043478260869565,0.14323341236054532,2.6966666666666668,4.229871195093383
1442827,25,20,0.2,0.12,0.05217833734402911,158.3277662037037,4.213660689688186
1443316,12,12,0.0,0.08333333333333333,0.2069608080122779,1.9915509259259259,3.584962500721156
1443589,5,5,0.0,0.2,-0.23490784177649437,0.8069212962962963,2.321928094887362
144364,170,77,0.5470588235294118,0.09411764705882353,0.5294750242793719,424.2116203703704,5.46975787695048
1443649,1,1,0.0,1.0,,0.0,0.0
1443699,441,47,0.8934240362811792,0.1927437641723356,0.3450401166893669,422.57283564814816,4.145355030691839
14440,4,4,0.0,0.25,0.16693147399188327,201.34048611111112,2.0
144403,4,4,0.0,0.25,0.1690134456464936,50.76012731481482,2.0
1444629,1,1,0.0,1.0,,0.0,0.0
1444972,69,50,0.2753623188405797,0.08695652173913043,0.13581612489403902,275.13175925925924,5.390991485700967
144520,1,1,0.0,1.0,,0.0,0.0
1446434,1,1,0.0,1.0,,0.0,0.0
1446651,1,1,0.0,1.0,,0.0,0.0
144672,17,13,0.23529411764705882,0.23529411764705882,0.13507560867680304,163.10755787037036,3.499227547132693
1447091,73,32,0.5616438356164384,0.1917808219178082,0.019769393635862716,148.30934027777778,4.396501142671205
1447862,4,4,0.0,0.25,-0.15700374314383214,6.804398148148148,2.0
144797,56,43,0.23214285714285715,0.08928571428571429,0.20412145534569892,418.0686574074074,5.265131208189743
144920,93,75,0.1935483870967742,0.043010752688172046,0.43854084137606597,420.21444444444444,6.1062054508231896
1449204,7,7,0.0,0.14285714285714285,0.2712586912501653,19.80545138888889,2.807354922057604
1449269,5,4,0.2,0.4,0.0856054042536059,5.501701388888889,1.9219280948873623
1449382,4,4,0.0,0.25,-0.974126853792729,0.1272222222222222,2.0
145027,2,2,0.0,0.5,,0.05042824074074074,1.0
1450634,139,84,0.39568345323741005,0.07194244604316546,0.4108340755541245,445.3033796296296,5.9846622747181275
1450808,16,12,0.25,0.1875,0.02946822426271504,4.111122685185185,3.452819531114783
1450869,85,61,0.2823529411764706,0.08235294117647059,0.4637538924921719,228.41127314814815,5.614477625369504
145106,12,11,0.08333333333333333,0.16666666666666666,0.1236319352773655,2.3399537037037037,3.4182958340544896
1452149,27,22,0.18518518518518517,0.14814814814814814,0.5638727541986326,372.1821180555556,4.3104430577190245
1452517,1,1,0.0,1.0,,0.0,0.0
1452688,33,19,0.42424242424242425,0.24242424242424243,0.23667849480178435,146.31935185185185,3.8322729072372415
1452949,101,73,0.27722772277227725,0.07920792079207921,0.47769544403382086,420.9084490740741,5.894238616823774
1452963,1,1,0.0,1.0,,0.0,0.0
1453359,1,1,0.0,1.0,,0.0,0.0
1454096,4,4,0.0,0.25,-0.12148958321708622,2.8637847222222224,2.0
1454394,1,1,0.0,1.0,,0.0,0.0
1455,191,67,0.6492146596858639,0.225130890052356,0.3752948862137108,406.0965972222222,4.58639239145213
145511,55,46,0.16363636363636364,0.05454545454545454,0.05818860344291488,117.20799768518519,5.426636531627805
1455144,2,2,0.0,0.5,,2.0722337962962962,1.0
1455345,71,58,0.18309859154929578,0.07042253521126761,0.08940350437469613,424.00614583333333,5.722077711383552
1455611,1,1,0.0,1.0,,0.0,0.0
145572,100,73,0.27,0.07,0.24360792440922407,452.4207523148148,5.957145845144153
145582,2,2,0.0,0.5,,1.560289351851852,1.0
1455862,160,53,0.66875,0.23125,0.20738011502664394,100.28326388888888,4.7286904641683805
1456152,3,3,0.0,0.3333333333333333,-8.749237311823708e-05,95.7839236111111,1.584962500721156
145665,69,52,0.2463768115942029,0.10144927536231885,0.21218803778276657,407.97648148148147,5.430685327311981
1456783,65,28,0.5692307692307692,0.4,0.02935515946717813,189.1226736111111,3.6244767803196605
145693,3,3,0.0,0.3333333333333333,-0.0021325750844143373,0.0652662037037037,1.584962500721156
1457884,41,11,0.7317073170731707,0.5121951219512195,0.18951686847302182,225.70087962962964,2.448815031764234
1457897,115,73,0.3652173913043478,0.11304347826086956,0.5624406316125681,329.69060185185185,5.717190426356735
1457925,1,1,0.0,1.0,,0.0,0.0
1459070,263,99,0.623574144486692,0.13307984790874525,0.30311097876318505,446.9564699074074,5.811051788168597
145908,65,12,0.8153846153846154,0.5384615384615384,0.27890607879920626,97.95520833333333,2.141140226947881
1459142,2,2,0.0,0.5,,89.60267361111111,1.0
1459387,2,2,0.0,0.5,,143.06181712962962,1.0
1460083,2,2,0.0,0.5,,0.0002662037037037037,1.0
1460203,55,39,0.2909090909090909,0.09090909090909091,0.0385902376471517,337.0398726851852,5.031918241726956
1460302,4,4,0.0,0.25,0.15819569745417564,158.2565972222222,2.0
1460598,67,36,0.4626865671641791,0.26865671641791045,0.5516767486949158,275.93590277777776,4.340895533160124
146076,104,67,0.3557692307692308,0.11538461538461539,0.18502804183380647,427.7996064814815,5.657694795315377
146113,10,7,0.3,0.3,0.265863546524364,3.8169675925925928,2.6464393446710153
146132,5,5,0.0,0.2,-0.2243453954221066,3.1286689814814816,2.321928094887362
1462321,2,2,0.0,0.5,,11.278055555555556,1.0
146261,5,4,0.2,0.4,-0.2430401694142703,2.0689467592592594,1.9219280948873623
146290,1,1,0.0,1.0,,0.0,0.0
1462915,140,96,0.3142857142857143,0.07142857142857142,0.17317344565282694,440.97086805555557,6.234929718152724
1463607,18,18,0.0,0.05555555555555555,0.32161940081058193,42.30636574074074,4.169925001442312
146395,1,1,0.0,1.0,,0.0,0.0
1463981,80,56,0.3,0.1,0.3212576741027886,426.9575925925926,5.51406321384873
1464374,5,5,0.0,0.2,0.1178027638233528,1.068136574074074,2.321928094887362
1464678,5,5,0.0,0.2,-0.06260501834142819,7.850069444444444,2.321928094887362
146556,98,67,0.3163265306122449,0.061224489795918366,0.5152509338271373,398.6940046296296,5.817373461590541
1465663,3,3,0.0,0.3333333333333333,-0.02007411794154815,1.9338078703703703,1.584962500721156
146594,77,47,0.38961038961038963,0.14285714285714285,0.21904416782612718,414.21777777777777,5.161938517140824
1465973,30,18,0.4,0.36666666666666664,0.0881784981916211,59.78596064814815,3.4799360853693946
146604,2,1,0.5,1.0,,119.10363425925927,-0.0
146609,51,28,0.45098039215686275,0.19607843137254902,0.1686553367567337,428.1503125,4.308036931668086
146617,55,44,0.2,0.07272727272727272,0.22826163153586826,350.7957523148148,5.331270849848959
1467432,1,1,0.0,1.0,,0.0,0.0
1468753,8,7,0.125,0.25,0.21472360244455796,171.9717361111111,2.75
1469040,1,1,0.0,1.0,,0.0,0.0
146905,87,43,0.5057471264367817,0.2413793103448276,0.3348840539489552,416.12998842592594,4.596264757159943
146967,9,9,0.0,0.1111111111111111,-0.07345107365750748,1.3811574074074073,3.169925001442312
1469914,2,2,0.0,0.5,,0.2713888888888889,1.0
147000,1,1,0.0,1.0,,0.0,0.0
147124,39,29,0.2564102564102564,0.10256410256410256,0.20645702975688796,404.69913194444445,4.6632313853624945
1471582,2,1,0.5,1.0,,2.9796064814814813,-0.0
1472348,67,51,0.23880597014925373,0.11940298507462686,0.29571213812283226,394.91390046296294,5.356988070990206
147369,8,5,0.375,0.375,-0.15868397146016391,5.961631944444444,2.1556390622295662
147391,62,34,0.45161290322580644,0.11290322580645161,0.6878753922013219,446.0129861111111,4.723862843653102
147446,151,69,0.543046357615894,0.06622516556291391,0.15980481866041513,447.8983912037037,5.607535853359853
147457,10,10,0.0,0.1,0.0013565254289354591,3.400613425925926,3.321928094887362
147489,188,159,0.15425531914893617,0.031914893617021274,0.33833886484265957,451.5565046296296,7.180840646855881
14750,70,52,0.2571428571428571,0.04285714285714286,0.29333633683614024,391.8999768518519,5.5502926596166695
1475076,1,1,0.0,1.0,,0.0,0.0
147542,1,1,0.0,1.0,,0.0,0.0
1475430,59,51,0.13559322033898305,0.0847457627118644,0.36797948969718947,427.80193287037036,5.537481558233023
1475843,3,3,0.0,0.3333333333333333,-0.37787918999687137,5.9128240740740745,1.584962500721156
14770,75,37,0.5066666666666667,0.21333333333333335,0.3508942982779719,433.2326388888889,4.613893150779032
1477169,41,36,0.12195121951219512,0.0975609756097561,0.5272615813066897,37.47894675925926,5.0648690777888135
1477405,1,1,0.0,1.0,,0.0,0.0
1477437,20,15,0.25,0.15,0.51017317457459,81.08490740740741,3.7464393446710154
1477533,2,2,0.0,0.5,,0.23925925925925925,1.0
1477561,2,2,0.0,0.5,,0.002685185185185185,1.0
147794,8,8,0.0,0.125,0.0014590744019679902,9.991516203703704,3.0
1478388,111,53,0.5225225225225225,0.11711711711711711,0.36307791016587293,346.19631944444444,5.0860871625359385
1478808,1,1,0.0,1.0,,0.0,0.0
14789,6,5,0.16666666666666666,0.3333333333333333,-0.0014363700916055339,5.144652777777778,2.2516291673878226
147944,127,69,0.4566929133858268,0.07086614173228346,0.7212555192878667,440.8829513888889,5.738690714349545
147969,52,47,0.09615384615384616,0.057692307692307696,0.17319082192035995,414.1396990740741,5.4936149584841045
147998,67,47,0.29850746268656714,0.22388059701492538,0.15131531980581192,393.2900231481481,4.982456967560342
1480032,107,29,0.7289719626168224,0.34579439252336447,0.36576507924153967,337.56230324074073,3.6621542703134606
148024,142,54,0.6197183098591549,0.4084507042253521,0.41997342215020456,444.78582175925925,4.089487364315454
148086,1,1,0.0,1.0,,0.0,0.0
1481402,9,9,0.0,0.1111111111111111,0.4247029082686684,2.3942824074074074,3.169925001442312
1481551,4,4,0.0,0.25,0.1647225739906294,146.40616898148147,2.0
1482367,3,3,0.0,0.3333333333333333,-0.1018862428082441,0.17511574074074074,1.584962500721156
1482585,3,3,0.0,0.3333333333333333,-0.6265123165971194,3.4963425925925926,1.584962500721156
1482838,31,17,0.45161290322580644,0.1935483870967742,0.3031913686077469,380.38081018518517,3.8001821971347027
1483194,2,2,0.0,0.5,,0.510162037037037,1.0
1483723,4,4,0.0,0.25,-0.5808424835844286,3.761041666666667,2.0
1483977,1,1,0.0,1.0,,0.0,0.0
1484107,2,2,0.0,0.5,,3.9957523148148146,1.0
148510,13,12,0.07692307692307693,0.15384615384615385,0.41763605414104527,17.532789351851854,3.5465935642949384
1485315,28,21,0.25,0.10714285714285714,0.02186875339994672,12.726064814814816,4.280394654123195
1485592,4,4,0.0,0.25,-0.09377845513000507,0.9658796296296296,2.0
1485897,30,22,0.26666666666666666,0.1,0.1324223318882788,54.99144675925926,4.298068512058839
1485920,133,46,0.6541353383458647,0.21052631578947367,0.4002384526512085,426.9798611111111,4.5130978633770376
1487518,5,4,0.2,0.4,0.24719352012346585,2.9878009259259257,1.9219280948873623
1488061,41,34,0.17073170731707318,0.07317073170731707,0.21996227819019984,234.9263425925926,4.960852919093927
1488250,71,49,0.30985915492957744,0.18309859154929578,0.10222422238756114,448.78215277777775,5.129039453132366
1488716,38,32,0.15789473684210525,0.07894736842105263,0.4071084564567463,447.40695601851854,4.9122725791761255
1489002,90,55,0.3888888888888889,0.17777777777777778,0.37159023039407624,428.8535763888889,5.18618892961493
148954,89,62,0.30337078651685395,0.06741573033707865,0.5077241611094049,227.3670486111111,5.731186661230551
1489784,1,1,0.0,1.0,,0.0,0.0
149027,4,4,0.0,0.25,-0.14394958653893955,1.6329398148148149,2.0
149030,74,46,0.3783783783783784,0.10810810810810811,0.14936148047938,363.6588194444444,5.086218021321334
1490308,4,4,0.0,0.25,0.17107553624843286,3.5425694444444447,2.0
1490422,12,11,0.08333333333333333,0.16666666666666666,0.03155462601905114,6.889432870370371,3.4182958340544896
149278,2,2,0.0,0.5,,3.579664351851852,1.0
1493273,5,4,0.2,0.4,-0.11094141392146678,190.4808101851852,1.9219280948873623
1493529,1,1,0.0,1.0,,0.0,0.0
149423,7,7,0.0,0.14285714285714285,-0.33152274651869396,8.086423611111112,2.807354922057604
1494955,12,8,0.3333333333333333,0.4166666666666667,0.027974426321443285,8.985601851851852,2.617492461184755
149498,118,83,0.2966101694915254,0.15254237288135594,0.3202391969816908,445.3801736111111,5.870227608831941
149545,121,39,0.6776859504132231,0.2975206611570248,0.776938375602175,382.20652777777775,4.23714405263354
1495513,4,4,0.0,0.25,0.007591698063310445,10.16699074074074,2.0
1495582,16,16,0.0,0.0625,0.19497101197115888,3.1145949074074073,4.0
14964,5,4,0.2,0.4,0.2669144184049286,365.2768287037037,1.9219280948873623
1496595,148,75,0.49324324324324326,0.14864864864864866,0.2446177457980801,438.4256481481481,5.3379774068686086
1496711,98,51,0.47959183673469385,0.14285714285714285,0.2674873607932354,184.82024305555555,5.09503002968412
1496880,1,1,0.0,1.0,,0.0,0.0
1498103,15,14,0.06666666666666667,0.13333333333333333,0.27996138585516367,10.329085648148148,3.773557262275185
149880,109,72,0.3394495412844037,0.10091743119266056,0.21857940837491882,445.7690162037037,5.782132308536278
149894,217,85,0.6082949308755761,0.10599078341013825,0.37268449879131643,424.91832175925924,5.621577722539528
1499015,6,6,0.0,0.16666666666666666,0.2690557162884034,69.44208333333333,2.584962500721156
1499303,10,10,0.0,0.1,0.2602169769999608,1.6425,3.321928094887362
1499538,5,5,0.0,0.2,-0.2540900400587892,1.338287037037037,2.321928094887362
1499601,1,1,0.0,1.0,,0.0,0.0
149981,61,51,0.16393442622950818,0.09836065573770492,0.05263862858829921,441.8261111111111,5.512544304705067
1500117,72,60,0.16666666666666666,0.05555555555555555,0.17640888451250697,450.45087962962964,5.798329341690043
1500150,4,3,0.25,0.5,-0.27391326924553816,3.5895717592592593,1.5
1500198,6,5,0.16666666666666666,0.3333333333333333,0.32740593036923477,377.99881944444445,2.2516291673878226
1500594,105,62,0.4095238095238095,0.18095238095238095,0.07331009784589723,182.28148148148148,5.34870592510912
1500901,18,14,0.2222222222222222,0.16666666666666666,0.36422602503934115,368.6217013888889,3.6835423624332306
1500921,2,2,0.0,0.5,,0.3032523148148148,1.0
1501124,5,4,0.2,0.4,0.22818119201107995,18.224409722222223,1.9219280948873623
15015,1,1,0.0,1.0,,0.0,0.0
1502294,68,37,0.45588235294117646,0.14705882352941177,0.3868342658086748,252.04054398148148,4.6707173055497915
1502779,7,6,0.14285714285714285,0.2857142857142857,0.3680704781603575,325.8189351851852,2.5216406363433186
1502988,1,1,0.0,1.0,,0.0,0.0
150394,80,53,0.3375,0.075,0.3388865226905369,423.1890509259259,5.470191026294642
1504350,2,2,0.0,0.5,,0.35445601851851855,1.0
1504540,2,2,0.0,0.5,,0.12431712962962962,1.0
1504743,1,1,0.0,1.0,,0.0,0.0
150480,193,88,0.5440414507772021,0.10880829015544041,0.25138505779790254,411.97380787037036,5.606223371414555
150497,59,39,0.3389830508474576,0.1016949152542373,0.34815732706455577,403.18850694444444,5.005110210195445
1505103,4,4,0.0,0.25,-0.6117679645619152,3.0486458333333335,2.0
1505388,68,30,0.5588235294117647,0.29411764705882354,0.4031811914195059,254.97607638888888,3.855969741153961
150578,2,2,0.0,0.5,,15.978842592592592,1.0
150643,86,33,0.6162790697674418,0.2441860465116279,0.5122500082126975,409.8518402777778,3.8861310313562254
1507037,1,1,0.0,1.0,,0.0,0.0
1507418,1,1,0.0,1.0,,0.0,0.0
1507601,80,60,0.25,0.0625,0.6168705690053391,424.35202546296296,5.672250989249399
1507825,1,1,0.0,1.0,,0.0,0.0
150825,220,125,0.4318181818181818,0.08636363636363636,0.43694570501937363,438.6390509259259,6.394540813769008
1508835,4,4,0.0,0.25,0.16758004000879778,0.4683101851851852,2.0
1509041,75,57,0.24,0.06666666666666667,0.42041819214920817,439.9867708333333,5.6805598174456975
1509169,3,3,0.0,0.3333333333333333,-0.013292744799594124,14.100601851851852,1.584962500721156
1509657,47,22,0.5319148936170213,0.19148936170212766,0.21751022184880434,171.16819444444445,4.030147564619242
1509847,2,2,0.0,0.5,,0.1766435185185185,1.0
1509860,273,186,0.31868131868131866,0.05128205128205128,0.2628643665510371,52.234710648148145,7.183959393308054
151090,3,3,0.0,0.3333333333333333,-0.32613266056974666,0.8760763888888888,1.584962500721156
151112,75,57,0.24,0.05333333333333334,0.3056446372401413,210.02027777777778,5.6587535238003674
1511479,60,28,0.5333333333333333,0.2833333333333333,0.4438736357723291,402.93121527777777,4.0886154493469755
1512237,2,2,0.0,0.5,,15.853483796296297,1.0
1512520,1,1,0.0,1.0,,0.0,0.0
151338,178,92,0.48314606741573035,0.11235955056179775,0.17600558377191958,436.75056712962964,5.7429796954012415
1513551,1,1,0.0,1.0,,0.0,0.0
151360,96,64,0.3333333333333333,0.09375,0.48413909630135277,403.199212962963,5.650685579140834
1513970,80,55,0.3125,0.175,0.08012041302661342,430.58575231481484,5.286768795973194
1514577,2,2,0.0,0.5,,1.9392476851851852,1.0
151509,219,41,0.8127853881278538,0.3607305936073059,0.17134899713927693,417.1584375,2.9223136460740315
1515396,10,10,0.0,0.1,-0.2043597999143597,7.271724537037037,3.321928094887362
1515532,7,7,0.0,0.14285714285714285,0.23913242866838216,273.5742939814815,2.807354922057604
1515590,14,14,0.0,0.07142857142857142,-0.04867949998251265,18.23650462962963,3.8073549220576055
151564,133,68,0.48872180451127817,0.19548872180451127,0.16180161023488096,417.9091203703704,5.342657893493932
151581,197,166,0.15736040609137056,0.030456852791878174,0.33383174934668114,403.3421064814815,7.267866857472534
1516671,17,13,0.23529411764705882,0.23529411764705882,0.3976267857258465,8.323333333333334,3.499227547132693
1517926,128,77,0.3984375,0.0625,0.4577849430783468,425.0898148148148,5.876058719820564
1518024,10,7,0.3,0.4,0.07961372925666145,1.9635532407407408,2.5219280948873624
151890,67,20,0.7014925373134329,0.43283582089552236,0.14097323139538992,242.0121875,3.2204789461366237
151950,116,83,0.28448275862068967,0.0603448275862069,0.1962645274780054,418.89278935185183,6.088350500646162
1519696,1,1,0.0,1.0,,0.0,0.0
152066,15,14,0.06666666666666667,0.13333333333333333,0.5522312416779973,145.50774305555555,3.773557262275185
152095,100,35,0.65,0.14,0.35697952629814095,255.97009259259258,4.487628751138645
1521271,4,4,0.0,0.25,-0.25165628124396777,1.027048611111111,2.0
152148,66,33,0.5,0.09090909090909091,0.48101469843485006,36.09832175925926,4.655776839180505
1521497,44,37,0.1590909090909091,0.09090909090909091,0.2675133054650628,393.1009375,5.050340709546386
1521759,4,4,0.0,0.25,-0.009878402624439148,62.10803240740741,2.0
152242,5,5,0.0,0.2,-0.022573439354237432,1.9856828703703704,2.321928094887362
152331,1,1,0.0,1.0,,0.0,0.0
1523426,66,26,0.6060606060606061,0.3181818181818182,0.10830620186449069,420.6296875,3.6042212437298575
1523552,15,13,0.13333333333333333,0.13333333333333333,-0.02490232828609026,13.023101851851852,3.6402239289418516
152437,104,50,0.5192307692307693,0.21153846153846154,0.3475703055190485,418.5489351851852,4.93067209783249
1524739,1,1,0.0,1.0,,0.0,0.0
152503,339,143,0.5781710914454278,0.07079646017699115,0.7168529896447766,443.06912037037034,6.4295502949046295
152535,128,97,0.2421875,0.0625,0.3252207275242937,417.9662152777778,6.316531691754968
1525412,4,4,0.0,0.25,0.03561961041926779,1.0001157407407408,2.0
152564,3,3,0.0,0.3333333333333333,-0.13657774755031613,2.088935185185185,1.584962500721156
1526061,11,10,0.09090909090909091,0.18181818181818182,-0.079555892753693,197.30295138888889,3.2776134368191157
152622,21,16,0.23809523809523808,0.19047619047619047,-0.10860167054710275,35.29775462962963,3.7849418274376427
152631,4,4,0.0,0.25,-0.5340320707117211,1.9675462962962964,2.0
1526367,1,1,0.0,1.0,,0.0,0.0
1526557,1,1,0.0,1.0,,0.0,0.0
1526857,1,1,0.0,1.0,,0.0,0.0
152742,102,69,0.3235294117647059,0.0784313725490196,0.40839630192004694,279.2087037037037,5.787730920819266
152746,284,175,0.38380281690140844,0.05985915492957746,0.31003073869432884,451.92130787037036,6.935671000655777
152765,235,90,0.6170212765957447,0.09787234042553192,0.2180326776639666,430.0012962962963,5.491214321549685
1528387,1,1,0.0,1.0,,0.0,0.0
1528572,7,5,0.2857142857142857,0.2857142857142857,0.03574031011786891,2.4197685185185187,2.2359263506290326
1528582,5,5,0.0,0.2,-0.6020858315735993,3.0236342592592593,2.321928094887362
1528905,9,4,0.5555555555555556,0.4444444444444444,0.11009787128705076,27.177094907407408,1.7527152789797045
152980,58,54,0.06896551724137931,0.05172413793103448,0.6630437953058701,255.100625,5.707034658883373
153007,8,8,0.0,0.125,0.4196725757967689,133.99421296296296,3.0
153008,61,31,0.4918032786885246,0.11475409836065574,0.3172532939284343,385.9234259259259,4.559139027966053
153098,69,51,0.2608695652173913,0.08695652173913043,0.2857765791786982,444.89934027777775,5.432739087458014
15310,12,11,0.08333333333333333,0.16666666666666666,-0.19809418742120835,4.983229166666667,3.4182958340544896
153101,78,51,0.34615384615384615,0.10256410256410256,0.4977378141385947,288.66061342592593,5.228910270701139
153143,219,91,0.5844748858447488,0.0867579908675799,0.4740829443973458,434.98859953703703,5.753874604274809
153154,152,96,0.3684210526315789,0.1118421052631579,0.20267914222909575,452.84006944444445,5.964529302309021
153172,270,64,0.762962962962963,0.4148148148148148,0.4042448339194784,445.9941782407407,4.102952293027499
1531932,51,35,0.3137254901960784,0.13725490196078433,0.7284427877346309,250.5777314814815,4.8409278526270505
153247,9,7,0.2222222222222222,0.2222222222222222,0.12471234172320422,38.08605324074074,2.725480556997868
1533284,9,8,0.1111111111111111,0.2222222222222222,0.07502071936445785,7.333125,2.94770277922009
1533868,3,2,0.3333333333333333,0.6666666666666666,-0.02982914553007362,7.239305555555555,0.9182958340544896
1534163,5,5,0.0,0.2,0.2510919780936538,1.4634837962962963,2.321928094887362
153418,100,23,0.77,0.48,0.3623251379632997,366.78336805555557,2.821266094754729
1534207,2,1,0.5,1.0,,0.6600462962962963,-0.0
153477,74,45,0.3918918918918919,0.12162162162162163,0.3271862794623923,438.6174189814815,5.114066203115956
153514,76,44,0.42105263157894735,0.27631578947368424,0.47161870224354474,427.4835532407407,4.688673192590371
153517,100,74,0.26,0.05,0.24240109308079633,410.42774305555554,5.989016755221084
1535809,1,1,0.0,1.0,,0.0,0.0
153586,271,55,0.7970479704797048,0.25830258302583026,0.6433217326494728,435.75189814814814,3.949251032834368
1537341,109,28,0.7431192660550459,0.11009174311926606,0.489626942354767,294.93238425925927,4.4380258675273065
1538375,42,32,0.23809523809523808,0.16666666666666666,0.07225664939560178,74.24925925925926,4.7339487452929685
1538577,116,66,0.43103448275862066,0.1206896551724138,0.6217354598893556,420.2303935185185,5.426171673808804
1538810,1,1,0.0,1.0,,0.0,0.0
153894,8,8,0.0,0.125,0.2757328237436571,420.2794097222222,3.0
154001,134,101,0.2462686567164179,0.1044776119402985,0.6025488681495094,429.1268171296296,6.337227273402497
1540438,13,12,0.07692307692307693,0.15384615384615385,-0.10040964130394861,14.196296296296296,3.5465935642949384
154048,2,2,0.0,0.5,,0.025324074074074075,1.0
154052,61,44,0.2786885245901639,0.14754098360655737,0.14555526159244384,406.84524305555556,5.1023877471861505
1540838,151,51,0.6622516556291391,0.2781456953642384,0.35764690074040284,409.38012731481484,4.093268557231647
154245,5,5,0.0,0.2,-0.025178433176108458,8.140543981481482,2.321928094887362
154332,161,61,0.6211180124223602,0.19254658385093168,0.22193335269143588,448.80412037037036,4.835134261427627
154342,124,93,0.25,0.03225806451612903,0.1940270510767247,443.9926041666667,6.401540463507994
1543838,3,3,0.0,0.3333333333333333,-0.021164453267329214,3.7627546296296295,1.584962500721156
154399,218,59,0.7293577981651376,0.13302752293577982,0.35936637997617316,437.10622685185183,4.95765803424259
154414,1,1,0.0,1.0,,0.0,0.0
1544391,1,1,0.0,1.0,,0.0,0.0
1544549,6,6,0.0,0.16666666666666666,0.039867307456962466,5.573703703703703,2.584962500721156
154455,254,99,0.610236220472441,0.2440944881889764,0.22209174773199208,422.9110416666667,5.19299304914958
1544674,4,4,0.0,0.25,0.10682733429673713,11.10920138888889,2.0
1544679,114,42,0.631578947368421,0.2807017543859649,0.5046852037779379,307.03375,4.330483054540314
1544776,8,7,0.125,0.25,0.2750263211919904,38.44305555555555,2.75
1545030,11,9,0.18181818181818182,0.18181818181818182,0.4532516275369588,87.73064814814815,3.095795255000934
1545140,32,24,0.25,0.21875,0.15060110072146582,298.0100115740741,4.260891110799899
1545478,9,9,0.0,0.1111111111111111,-0.05020191481424429,6.298368055555556,3.169925001442312
1545533,1,1,0.0,1.0,,0.0,0.0
1546771,112,43,0.6160714285714286,0.16071428571428573,0.32855925415089693,269.54894675925925,4.858326355600639
154772,94,58,0.3829787234042553,0.10638297872340426,0.20369018916472717,245.92626157407406,5.406202288889615
1548059,6,6,0.0,0.16666666666666666,-0.13075279208546117,47.62599537037037,2.584962500721156
154825,2,2,0.0,0.5,,0.6561226851851852,1.0
154867,139,118,0.1510791366906475,0.02877697841726619,0.20024344907854844,439.8224652777778,6.773617331716316
154871,135,84,0.37777777777777777,0.15555555555555556,0.3880687768998882,423.69025462962964,5.827903049977097
1548926,81,46,0.43209876543209874,0.1111111111111111,0.33432477439016445,407.0175347222222,5.103368794015226
1549062,2,2,0.0,0.5,,0.00028935185185185184,1.0
1549237,4,3,0.25,0.5,0.04142094482533042,5.1559027777777775,1.5
154959,7,6,0.14285714285714285,0.2857142857142857,0.33386992246149394,85.68378472222223,2.5216406363433186
15501,19,19,0.0,0.05263157894736842,0.246203333643714,10.06480324074074,4.247927513443585
15509,8,6,0.25,0.375,-0.0011112528935327518,6.199918981481481,2.4056390622295662
1551059,74,44,0.40540540540540543,0.17567567567567569,0.5918525931008675,415.02283564814815,4.83435605765277
155111,105,79,0.24761904761904763,0.13333333333333333,0.21661137003189665,450.405462962963,5.924601618778091
155159,241,110,0.5435684647302904,0.0954356846473029,0.6616619979036155,452.8023263888889,5.937540929574649
1551781,6,5,0.16666666666666666,0.3333333333333333,0.21763864909770736,33.26152777777778,2.2516291673878226
155201,155,63,0.5935483870967742,0.11612903225806452,0.1780925097101857,433.2200578703704,5.067680604920854
1552207,1,1,0.0,1.0,,0.0,0.0
155237,82,38,0.5365853658536586,0.1951219512195122,0.4142272936481716,249.83311342592592,4.6212039508668195
155238,216,134,0.37962962962962965,0.0787037037037037,0.6714643292988425,433.9503935185185,6.517805822931303
1552814,3,3,0.0,0.3333333333333333,-0.3213172955812703,4.152453703703704,1.584962500721156
1553074,1,1,0.0,1.0,,0.0,0.0
155337,78,38,0.5128205128205128,0.16666666666666666,0.2656347447244945,420.8510185185185,4.565409088851425
15537,2,2,0.0,0.5,,1.0809259259259258,1.0
155403,13,11,0.15384615384615385,0.15384615384615385,0.5024288627957683,49.52603009259259,3.3927474104487847
1554079,131,42,0.6793893129770993,0.26717557251908397,0.34896626077361875,443.0471412037037,4.155279754938326
1554276,10,8,0.2,0.3,0.06078307113566589,5.081990740740741,2.8464393446710154
1555058,12,12,0.0,0.08333333333333333,-0.03801631601844427,2.636574074074074,3.584962500721156
155546,17,16,0.058823529411764705,0.11764705882352941,0.16237157322400414,2.958113425925926,3.9698157824268097
155561,254,91,0.6417322834645669,0.12992125984251968,0.3892986340076618,425.96945601851854,5.534746977391487
1555631,1,1,0.0,1.0,,0.0,0.0
1555741,24,21,0.125,0.125,0.331667694203152,2.8753125,4.303508854797678
1556155,81,38,0.5308641975308642,0.16049382716049382,0.32395154468210424,442.03462962962965,4.59514971153185
155627,195,103,0.4717948717948718,0.24615384615384617,0.37169122834788054,441.0742824074074,5.648399016145252
15569,12,7,0.4166666666666667,0.4166666666666667,0.1511286584206994,3.958125,2.4508257945180882
1556967,3,3,0.0,0.3333333333333333,-0.339450953825309,2.013796296296296,1.584962500721156
1557136,65,49,0.24615384615384617,0.09230769230769231,0.4262795538943721,376.3944328703704,5.414525120654194
155727,1,1,0.0,1.0,,0.0,0.0
1557654,1,1,0.0,1.0,,0.0,0.0
155766,154,105,0.3181818181818182,0.09090909090909091,0.4026091221747356,452.45523148148146,6.343430554341735
1557716,19,19,0.0,0.05263157894736842,0.45015211498625873,319.9266087962963,4.247927513443585
1558922,64,44,0.3125,0.125,-0.028462548728897072,55.27048611111111,5.120864648336087
155959,75,50,0.3333333333333333,0.21333333333333335,0.24588780754269257,449.66730324074075,5.062021690438188
1559786,296,155,0.47635135135135137,0.10810810810810811,0.3482690655398012,451.0349537037037,6.753553968753161
1559814,2,2,0.0,0.5,,120.9265162037037,1.0
156006,9,8,0.1111111111111111,0.2222222222222222,-0.1266602168004165,4.137800925925926,2.94770277922009
156099,54,30,0.4444444444444444,0.16666666666666666,0.07060940042596589,394.74950231481483,4.376267650795422
156173,43,35,0.18604651162790697,0.11627906976744186,0.2547291015657792,429.886099537037,4.923714976226823
1561944,180,65,0.6388888888888888,0.12222222222222222,0.26358373036370114,433.3454976851852,5.2758331677000205
1562095,1,1,0.0,1.0,,0.0,0.0
1562275,34,30,0.11764705882352941,0.08823529411764706,0.2600472380432442,405.40994212962966,4.829966150010237
156233,149,95,0.3624161073825503,0.06040268456375839,0.24815320788986164,427.14173611111113,6.296865312391279
1562600,63,39,0.38095238095238093,0.12698412698412698,0.37273665255756994,142.7905324074074,4.905696193272506
1562823,62,41,0.3387096774193548,0.20967741935483872,0.21461735015940203,424.8775,4.823458950131484
1562842,347,106,0.6945244956772334,0.23631123919308358,0.2869730763380503,451.985625,5.122067197392891
1563593,1,1,0.0,1.0,,0.0,0.0
1563967,178,114,0.3595505617977528,0.0449438202247191,0.21345766041856692,423.1023148148148,6.51175604310717
1566120,221,66,0.7013574660633484,0.2850678733031674,0.5458755520205252,330.2533912037037,4.309813896106446
156645,4,4,0.0,0.25,0.16284181393375358,13.651886574074075,2.0
15667,2,2,0.0,0.5,,0.44577546296296294,1.0
1566979,1,1,0.0,1.0,,0.0,0.0
156733,35,29,0.17142857142857143,0.14285714285714285,0.45476446250443786,368.86206018518516,4.683293289103914
1567356,1,1,0.0,1.0,,0.0,0.0
1567781,1,1,0.0,1.0,,0.0,0.0
156804,1,1,0.0,1.0,,0.0,0.0
156851,130,69,0.46923076923076923,0.35384615384615387,0.307564013736326,401.02078703703705,4.773533101604508
1568539,96,58,0.3958333333333333,0.10416666666666667,0.34994864853577196,422.9163541666667,5.382273835029478
156895,187,82,0.5614973262032086,0.13903743315508021,0.3698192447123589,424.95241898148146,5.690970456268426
156910,2,2,0.0,0.5,,0.0003356481481481481,1.0
1569687,28,24,0.14285714285714285,0.10714285714285714,0.07524066085513849,9.098472222222222,4.494680368408909
157014,136,64,0.5294117647058824,0.0661764705882353,0.26335616111011,447.66819444444445,5.61862552926358
1570178,57,13,0.7719298245614035,0.45614035087719296,0.31032888292244004,397.80452546296294,2.5191625205730657
1571051,3,3,0.0,0.3333333333333333,-0.680672268907563,1.7708333333333333,1.584962500721156
1571052,1,1,0.0,1.0,,0.0,0.0
1571200,6,5,0.16666666666666666,0.3333333333333333,-0.02160056902835715,3.61931712962963,2.2516291673878226
1572694,18,18,0.0,0.05555555555555555,0.484395134807518,28.211018518518518,4.169925001442312
157357,9,7,0.2222222222222222,0.3333333333333333,0.1578834800896476,45.07818287037037,2.6416041678685933
1573642,34,25,0.2647058823529412,0.11764705882352941,0.08501718287959137,11.765543981481482,4.454822399946606
157383,60,53,0.11666666666666667,0.05,0.2670982374385766,400.8246875,5.660975803905794
157388,17,17,0.0,0.058823529411764705,0.037353415547602783,73.6513425925926,4.087462841250339
157401,3,3,0.0,0.3333333333333333,-0.13444077940626384,0.7722337962962963,1.584962500721156
1574295,1,1,0.0,1.0,,0.0,0.0
157477,265,150,0.4339622641509434,0.0830188679245283,0.6604355409666336,452.2506597222222,6.609077706451409
157480,204,93,0.5441176470588235,0.12745098039215685,0.33044651968540023,124.68530092592593,5.634409080966169
157483,1,1,0.0,1.0,,0.0,0.0
157527,117,83,0.2905982905982906,0.11965811965811966,0.11504621474144244,444.9187615740741,5.87041981889522
157563,2,2,0.0,0.5,,8.129108796296297,1.0
1575774,29,24,0.1724137931034483,0.06896551724137931,0.25767460431108097,74.4030787037037,4.513153408920675
1575830,4,4,0.0,0.25,-0.08812885609379342,3.271990740740741,2.0
1575919,64,39,0.390625,0.203125,0.37329218722092666,376.9139236111111,4.66004373765254
1576881,5,4,0.2,0.4,0.20829627220817087,2.066550925925926,1.9219280948873623
1576899,2,2,0.0,0.5,,0.2523148148148148,1.0
1577122,4,3,0.25,0.5,-0.1266573905354009,8.2578125,1.5
1577194,2,1,0.5,1.0,,2.907002314814815,-0.0
157731,102,71,0.30392156862745096,0.0784313725490196,0.10591507297415512,402.05332175925923,5.853955308095378
1577382,4,4,0.0,0.25,0.13420814969535955,1.7570486111111112,2.0
157746,175,125,0.2857142857142857,0.11428571428571428,0.297467361467528,423.92140046296294,6.53432782995375
157784,65,37,0.4307692307692308,0.2,0.5509082638446597,427.1662962962963,4.407501348815656
1577971,18,18,0.0,0.05555555555555555,0.1896358448582142,4.292696759259259,4.169925001442312
157807,176,72,0.5909090909090909,0.2556818181818182,0.3805261474023795,436.0448611111111,4.956623580827004
15782,111,54,0.5135135135135135,0.17117117117117117,0.3433044614032966,447.22425925925927,4.999732600275218
1579471,4,4,0.0,0.25,0.11344378052006826,5.33130787037037,2.0
1580246,61,51,0.16393442622950818,0.14754098360655737,0.13903892837387566,60.097627314814815,5.397469714399265
158121,213,109,0.48826291079812206,0.051643192488262914,0.22202485829825164,452.45296296296294,6.228373211998644
158343,73,58,0.2054794520547945,0.0547945205479452,0.3034620804634649,422.1425925925926,5.720445620434944
1583707,173,104,0.3988439306358382,0.06358381502890173,0.7277148424133518,161.97849537037038,6.361930012158795
158374,81,41,0.49382716049382713,0.12345679012345678,0.3014168069298996,405.6218402777778,4.955737238212345
158392,2,2,0.0,0.5,,1.1223726851851852,1.0
158420,82,46,0.43902439024390244,0.14634146341463414,0.2593360558488663,401.0492708333333,5.0739132123475805
15844,80,54,0.325,0.15,0.6466749144094456,429.933587962963,5.365311532225102
1584426,101,43,0.5742574257425742,0.27722772277227725,0.2333574267417238,404.05221064814816,4.380550456931227
158443,1,1,0.0,1.0,,0.0,0.0
158496,14,13,0.07142857142857142,0.14285714285714285,0.051758535950054384,93.62483796296296,3.6644977792004623
158567,229,96,0.5807860262008734,0.23580786026200873,0.2779177324758887,448.04630787037036,5.519878268220983
1586215,6,4,0.3333333333333333,0.3333333333333333,0.0653027374541561,46.4971875,1.9182958340544893
158637,448,129,0.7120535714285714,0.10491071428571429,0.6649812876747422,451.04497685185186,5.770973840035657
1586516,126,52,0.5873015873015873,0.15873015873015872,0.1696146396308322,402.23251157407407,4.814448479592276
158693,120,69,0.425,0.08333333333333333,0.559743565323361,422.73052083333334,5.677398463077892
158756,4,4,0.0,0.25,0.14132238917187165,75.0274537037037,2.0
158873,91,68,0.25274725274725274,0.054945054945054944,0.3127498973098878,346.8027777777778,5.921156420580521
159174,182,93,0.489010989010989,0.11538461538461539,0.33484393427409465,439.78461805555554,5.802848834050989
159183,28,24,0.14285714285714285,0.14285714285714285,0.31019914113327,424.02550925925925,4.450212064914748
159196,25,17,0.32,0.32,-0.08628309887153716,87.14200231481482,3.6038561897747243
159238,4,4,0.0,0.25,0.14878093002332846,233.0019675925926,2.0
159241,15,15,0.0,0.06666666666666667,0.4369080200919396,180.88645833333334,3.906890595608518
159341,71,38,0.4647887323943662,0.15492957746478872,0.2966347711113415,443.02122685185185,4.634767925006974
159359,185,39,0.7891891891891892,0.2702702702702703,0.24950919188906273,422.8406597222222,3.973652183490522
1593758,8,7,0.125,0.25,0.40029065217163357,159.10922453703705,2.75
159405,161,49,0.6956521739130435,0.33540372670807456,0.5460329739917124,381.79850694444445,4.143423148998898
1594150,32,29,0.09375,0.0625,0.1619605573575637,13.932094907407407,4.8125
1594157,6,6,0.0,0.16666666666666666,-0.0824951045421622,2.710115740740741,2.584962500721156
159450,38,29,0.23684210526315788,0.13157894736842105,0.11545860588873522,245.13721064814814,4.6593873035330535
1596109,26,20,0.23076923076923078,0.11538461538461539,0.2823573407876622,15.918726851851853,4.209867121904035
15964,1,1,0.0,1.0,,0.0,0.0
159687,142,90,0.36619718309859156,0.06338028169014084,0.18546399527366977,410.922662037037,6.124661601969617
159709,101,52,0.48514851485148514,0.15841584158415842,0.47173704385079357,359.0617361111111,5.109660710534882
159782,49,23,0.5306122448979592,0.1836734693877551,0.25789489138713534,236.2082986111111,4.078824518274772
159808,3,3,0.0,0.3333333333333333,-0.3071665316343816,1.027048611111111,1.584962500721156
1598367,8,8,0.0,0.125,0.00024064839229623485,5.766412037037037,3.0
1598967,2,2,0.0,0.5,,22.12230324074074,1.0
1599223,9,7,0.2222222222222222,0.2222222222222222,0.3742413052652089,26.108900462962964,2.725480556997868
1599896,2,2,0.0,0.5,,1.9963425925925926,1.0
1600085,2,2,0.0,0.5,,1.8014930555555555,1.0
1600433,9,8,0.1111111111111111,0.2222222222222222,0.004183285807152901,3.028449074074074,2.94770277922009
160048,138,71,0.4855072463768116,0.16666666666666666,0.19373239767393227,419.0676736111111,5.27369625858174
1600564,3,3,0.0,0.3333333333333333,-0.9375165223276126,2.1207060185185185,1.584962500721156
160061,92,58,0.3695652173913043,0.08695652173913043,0.4627344341973441,402.7287152777778,5.494983798632115
1600613,59,34,0.423728813559322,0.15254237288135594,0.455990838068518,10.429166666666667,4.7588504642127205
160080,78,49,0.3717948717948718,0.1794871794871795,0.15458341577623183,448.03886574074073,5.028581387298058
160104,82,34,0.5853658536585366,0.17073170731707318,0.6181513101745839,222.19399305555555,4.2019811859586405
160120,135,82,0.3925925925925926,0.1037037037037037,0.19590355426831618,438.5230208333333,5.785180624534947
1601519,8,2,0.75,0.75,-0.05285978120580494,15.032604166666667,0.8112781244591328
1601605,5,5,0.0,0.2,0.053630907392848794,292.4345949074074,2.321928094887362
160178,189,88,0.5343915343915344,0.13756613756613756,0.25535063450924744,427.93766203703706,5.5200406672164615
1602043,1,1,0.0,1.0,,0.0,0.0
1602443,2,2,0.0,0.5,,0.9390162037037038,1.0
1602477,7,6,0.14285714285714285,0.2857142857142857,0.1411761432500114,12.087372685185185,2.5216406363433186
160269,24,21,0.125,0.125,0.5151639092135433,401.3620138888889,4.303508854797678
1602733,89,59,0.33707865168539325,0.0898876404494382,0.16532565237369712,431.1100347222222,5.565691650520432
160392,22,14,0.36363636363636365,0.2727272727272727,0.4135145217949761,381.8712962962963,3.447401504705914
1603944,12,11,0.08333333333333333,0.16666666666666666,0.03877036748433158,67.89681712962962,3.4182958340544896
1604458,10,7,0.3,0.2,-0.20172259839678897,5.0925115740740745,2.721928094887362
1605016,1,1,0.0,1.0,,0.0,0.0
160533,3,3,0.0,0.3333333333333333,-0.014231107723010415,227.2849652777778,1.584962500721156
1605431,1,1,0.0,1.0,,0.0,0.0
160556,118,60,0.4915254237288136,0.3220338983050847,0.3733697395121271,429.3105208333333,4.8069564348263905
160560,88,51,0.42045454545454547,0.13636363636363635,0.3258615205993893,386.2870833333333,5.2491646474552764
160577,17,12,0.29411764705882354,0.11764705882352941,0.5558162236259119,239.92900462962962,3.499227547132693
160578,110,81,0.2636363636363636,0.05454545454545454,0.2898758392324619,449.9544328703704,6.132413550022348
160592,200,102,0.49,0.06,0.411048478417628,423.364375,6.182246891465294
160602,83,53,0.3614457831325301,0.13253012048192772,0.6293458285365726,450.0020138888889,5.20699604827956
16062,31,27,0.12903225806451613,0.0967741935483871,0.222728487730415,433.11974537037037,4.6717805845106355
1606298,2,2,0.0,0.5,,13.927094907407408,1.0
16063,12,12,0.0,0.08333333333333333,0.13933194592951129,2.1826273148148148,3.584962500721156
160638,99,46,0.5353535353535354,0.35353535353535354,0.49499445384383806,368.97403935185184,4.3208267655167045
160667,2,2,0.0,0.5,,81.7603587962963,1.0
1606746,2,2,0.0,0.5,,44.85472222222222,1.0
160707,122,53,0.5655737704918032,0.1885245901639344,0.5133957871069348,381.1386342592593,4.668081520379315
1607903,13,13,0.0,0.07692307692307693,0.13393144715148844,3.1371990740740743,3.7004397181410926
160795,69,45,0.34782608695652173,0.14492753623188406,0.19596285653472897,239.44927083333334,5.0781826606940985
160800,56,44,0.21428571428571427,0.07142857142857142,-0.01713572234352386,416.35453703703706,5.3073549220576055
160803,43,33,0.23255813953488372,0.06976744186046512,0.4339214903403878,417.7545486111111,4.890926382407821
1608175,64,62,0.03125,0.03125,0.034620424896611816,447.0265625,5.9375
160929,118,89,0.2457627118644068,0.0423728813559322,0.4433997250256784,424.90417824074075,6.281001367500054
160933,79,62,0.21518987341772153,0.11392405063291139,0.18991528700038243,435.7639351851852,5.6691102989692865
160958,71,60,0.15492957746478872,0.056338028169014086,0.31427392175022834,415.9379050925926,5.801086732150267
160984,62,31,0.5,0.3064516129032258,0.28162763858232925,412.74038194444444,4.142579161518086
1610205,1,1,0.0,1.0,,0.0,0.0
161055,13,12,0.07692307692307693,0.15384615384615385,0.49573477809750927,290.9908796296296,3.5465935642949384
1610882,1,1,0.0,1.0,,0.0,0.0
1611558,1,1,0.0,1.0,,0.0,0.0
161174,568,49,0.9137323943661971,0.3204225352112676,0.48447209410726483,433.4955092592593,3.229238391275763
161180,198,103,0.4797979797979798,0.1111111111111111,0.4124534365149024,273.93524305555553,6.002402289813942
161185,3,3,0.0,0.3333333333333333,-0.3533833857607468,3.2317824074074073,1.584962500721156
1612599,8,7,0.125,0.25,0.21084819600146779,2.84,2.75
16128,4,4,0.0,0.25,0.07750711285786964,2.7187384259259257,2.0
161301,70,38,0.45714285714285713,0.17142857142857143,0.25767494361148363,296.9683101851852,4.764299088064472
161316,95,41,0.5684210526315789,0.12631578947368421,0.17054318239509908,436.97548611111114,4.766283766610363
161337,109,29,0.7339449541284404,0.45871559633027525,0.14234229721821412,409.0390625,3.173372629133072
161350,175,67,0.6171428571428571,0.16,0.37203713400374855,432.9126851851852,5.085294731028168
1613961,61,39,0.36065573770491804,0.08196721311475409,0.20807540425973006,412.26184027777776,5.039515567454683
1614590,1,1,0.0,1.0,,0.0,0.0
1615500,1,1,0.0,1.0,,0.0,0.0
161571,76,30,0.6052631578947368,0.2236842105263158,0.05062178250281933,64.31143518518519,4.062189897860081
161573,1,1,0.0,1.0,,0.0,0.0
1615930,73,60,0.1780821917808219,0.0410958904109589,0.26782479489485783,416.9719097222222,5.7922964765696925
161608,310,103,0.667741935483871,0.4129032258064516,0.2777831681172268,428.9940277777778,4.582636807277227
161616,53,47,0.11320754716981132,0.03773584905660377,0.07898669902823711,286.4198148148148,5.501505360223576
161637,154,110,0.2857142857142857,0.03896103896103896,0.2994159429845798,438.1203587962963,6.5547817323069495
161641,192,71,0.6302083333333334,0.3072916666666667,0.2350771008849777,426.1065972222222,4.558365401958101
1617215,6,6,0.0,0.16666666666666666,0.33192752607120096,319.92130787037036,2.584962500721156
161727,144,68,0.5277777777777778,0.09027777777777778,0.16045470367331444,414.72627314814815,5.649002516763425
161861,91,66,0.27472527472527475,0.07692307692307693,0.08112337525117502,231.33143518518517,5.774048487086973
161908,2,2,0.0,0.5,,2.6469675925925924,1.0
1619300,3,2,0.3333333333333333,0.6666666666666666,-0.004717768676366483,12.46730324074074,0.9182958340544896
1619406,12,12,0.0,0.08333333333333333,-0.04289008544518271,5.215648148148148,3.584962500721156
1621429,35,26,0.2571428571428571,0.14285714285714285,0.4974570335539154,180.34938657407406,4.490296503327815
1621856,123,52,0.5772357723577236,0.3170731707317073,0.6334121877769184,442.38256944444447,4.426628334054039
162247,109,53,0.5137614678899083,0.08256880733944955,0.29739524788202665,268.1158101851852,5.223582316201072
162302,5,4,0.2,0.4,0.07221048497063019,9.674537037037037,1.9219280948873623
1623228,1,1,0.0,1.0,,0.0,0.0
162357,4,4,0.0,0.25,-0.22204639142115,1.4906481481481482,2.0
162402,68,44,0.35294117647058826,0.07352941176470588,0.3971653029150928,376.6513541666667,5.218059672444992
162409,53,39,0.2641509433962264,0.1320754716981132,0.1198869288719699,397.09825231481483,5.041007776137413
162526,111,62,0.44144144144144143,0.1891891891891892,0.23566484888193404,297.2261805555556,5.141588860107299
162587,10,7,0.3,0.4,-0.10861970707508903,5.875902777777778,2.5219280948873624
1626185,21,19,0.09523809523809523,0.14285714285714285,0.02179728503456685,161.76743055555556,4.165894208390024
1626539,11,11,0.0,0.09090909090909091,0.49317881372230943,194.9809837962963,3.4594316186372978
1626686,11,9,0.18181818181818182,0.18181818181818182,-0.09555787711508756,8.705266203703705,3.095795255000934
1626805,86,47,0.45348837209302323,0.11627906976744186,0.2094123617958383,404.68734953703705,5.044833477093406
1626851,1,1,0.0,1.0,,0.0,0.0
162709,74,43,0.4189189189189189,0.12162162162162163,0.5402992000750287,365.18015046296296,5.058662615682039
16273,15,14,0.06666666666666667,0.13333333333333333,-0.13969122914159937,5.082592592592593,3.773557262275185
1627472,17,14,0.17647058823529413,0.11764705882352941,0.3244286981138486,9.357013888888888,3.7345216647797517
1627887,1,1,0.0,1.0,,0.0,0.0
16285,60,38,0.36666666666666664,0.21666666666666667,0.13770498982637389,409.80905092592593,4.725880531641891
1628721,3,3,0.0,0.3333333333333333,-0.00023071239691498953,12.394027777777778,1.584962500721156
1629433,7,4,0.42857142857142855,0.5714285714285714,0.17648929691249182,344.110162037037,1.6644977792004614
1629972,11,9,0.18181818181818182,0.18181818181818182,0.4877558412868922,351.9652199074074,3.095795255000934
1631024,43,37,0.13953488372093023,0.11627906976744186,0.4669530439236082,419.06038194444443,5.063249859947753
163110,69,50,0.2753623188405797,0.11594202898550725,0.14506271438284318,226.84427083333333,5.351065579872511
163124,9,9,0.0,0.1111111111111111,0.16812842934819597,312.5310763888889,3.169925001442312
163130,69,50,0.2753623188405797,0.10144927536231885,0.15342207968229868,422.1497800925926,5.325077262416286
1631305,3,3,0.0,0.3333333333333333,-0.0503520048974594,2.859583333333333,1.584962500721156
163140,80,77,0.0375,0.025,0.3138617847108401,237.7977314814815,6.246928094887363
1631411,58,22,0.6206896551724138,0.41379310344827586,0.29087677045527455,322.9355439814815,3.424213486574616
163147,5,5,0.0,0.2,0.26617704515649254,362.7964236111111,2.321928094887362
163176,62,56,0.0967741935483871,0.04838709677419355,0.5003332545774574,436.3400810185185,5.748472318416495
163203,108,94,0.12962962962962962,0.046296296296296294,0.1802705348683204,440.3417708333333,6.455215946824575
163205,68,46,0.3235294117647059,0.17647058823529413,0.16442852905998837,422.16108796296294,5.056007466435377
163208,2,2,0.0,0.5,,0.9579513888888889,1.0
163314,88,72,0.18181818181818182,0.03409090909090909,0.3599617735095951,418.22246527777776,6.078638720860856
1633398,9,1,0.8888888888888888,1.0,-0.36344798525928107,3.759201388888889,-0.0
1633463,149,74,0.5033557046979866,0.087248322147651,0.33419472413362267,438.84222222222223,5.749828059272146
163380,116,87,0.25,0.05172413793103448,0.16776700464420496,447.14273148148146,6.259842391806414
163416,54,26,0.5185185185185185,0.4444444444444444,0.11945459926227474,95.14869212962962,3.5179618073584464
1634181,4,4,0.0,0.25,0.036024793041623836,5.803252314814815,2.0
163483,55,45,0.18181818181818182,0.09090909090909091,0.49599470823428454,383.9716898148148,5.315729886716716
1634894,12,11,0.08333333333333333,0.16666666666666666,0.4814650794729856,195.44015046296298,3.4182958340544896
1635155,1,1,0.0,1.0,,0.0,0.0
1635296,2,2,0.0,0.5,,0.22251157407407407,1.0
1635449,1,1,0.0,1.0,,0.0,0.0
1637189,384,187,0.5130208333333334,0.078125,0.6830438715914917,413.797662037037,6.794161887580805
163745,59,42,0.288135593220339,0.15254237288135594,0.48336578642669586,413.2735648148148,5.047317413511938
163746,114,61,0.4649122807017544,0.15789473684210525,0.22972827923865646,447.9800925925926,5.306623812449749
163747,155,57,0.632258064516129,0.2645161290322581,0.59749041935504,342.0681134259259,4.5241669787639545
163781,114,80,0.2982456140350877,0.07017543859649122,0.21369473272754508,435.3846990740741,6.108948566682452
163789,55,26,0.5272727272727272,0.32727272727272727,0.24085125564080628,416.96880787037037,3.7035791503458366
1638060,84,59,0.2976190476190476,0.11904761904761904,0.42375619999641895,315.82675925925923,5.516319697475499
163878,74,66,0.10810810810810811,0.04054054054054054,0.1853364900507327,414.19306712962964,5.972834784489398
163939,97,25,0.7422680412371134,0.4948453608247423,0.06252524516863012,433.41856481481483,3.145563166988092
163947,11,11,0.0,0.09090909090909091,0.2632702313982003,0.014699074074074074,3.4594316186372978
163958,96,40,0.5833333333333334,0.2916666666666667,0.41733916308108626,419.0684259259259,4.233054066269629
1640128,1,1,0.0,1.0,,0.0,0.0
1640190,1,1,0.0,1.0,,0.0,0.0
164028,90,57,0.36666666666666664,0.15555555555555556,0.3674628847796815,426.175474537037,5.376048825356673
1640611,5,4,0.2,0.4,-0.01683196839366595,3.5293402777777776,1.9219280948873623
164097,107,76,0.2897196261682243,0.04672897196261682,0.2617412914897844,447.78961805555554,6.062689505250766
164190,76,13,0.8289473684210527,0.75,0.17935331095475537,287.07498842592594,1.5574705291358184
1642560,2,2,0.0,0.5,,0.07888888888888888,1.0
164322,65,57,0.12307692307692308,0.046153846153846156,0.0497208337416551,62.86763888888889,5.764600312995169
164348,80,68,0.15,0.05,0.12893621840832994,396.96944444444443,5.978055907333276
1643778,33,25,0.24242424242424243,0.18181818181818182,0.5464488784386676,104.11563657407407,4.392582755590971
1644120,1,1,0.0,1.0,,0.0,0.0
164524,70,32,0.5428571428571428,0.17142857142857143,0.13461743955993669,52.13282407407407,4.3322765892046675
164529,82,66,0.1951219512195122,0.06097560975609756,0.12090427309145987,416.9869675925926,5.880485962194136
164542,90,77,0.14444444444444443,0.044444444444444446,0.19819501099362447,412.7861226851852,6.180741985218564
164583,33,27,0.18181818181818182,0.15151515151515152,0.1257590951646773,378.8200810185185,4.571374711042188
164588,3,2,0.3333333333333333,0.6666666666666666,-0.0036794115299033123,86.72528935185186,0.9182958340544896
1646211,57,39,0.3157894736842105,0.14035087719298245,0.7089274955814788,336.5107638888889,4.9510538298403475
164702,118,68,0.423728813559322,0.0847457627118644,0.21130052178468384,449.54052083333335,5.668588973377254
164740,1,1,0.0,1.0,,0.0,0.0
1647813,2,1,0.5,1.0,,6.0039699074074075,-0.0
1648191,158,30,0.810126582278481,0.2468354430379747,0.4067871493949216,158.57436342592592,3.4438823039084268
1649622,1,1,0.0,1.0,,0.0,0.0
165028,313,130,0.5846645367412141,0.05750798722044728,0.40803733870087683,356.08629629629627,6.453853424747971
165041,78,44,0.4358974358974359,0.08974358974358974,0.38104490593679724,448.8083217592593,5.066997572199977
165047,56,38,0.32142857142857145,0.16071428571428573,0.1874022864537345,359.1242476851852,4.9137995646056805
1650684,8,5,0.375,0.375,0.12726616026704485,314.8713773148148,2.1556390622295662
165089,121,77,0.36363636363636365,0.09917355371900827,0.3327741983846963,316.0208333333333,5.84925019593111
165092,57,47,0.17543859649122806,0.07017543859649122,0.40405774710511116,445.7830324074074,5.4118373825857935
165160,67,42,0.373134328358209,0.14925373134328357,0.2393625958102231,418.7420486111111,4.871861302870536
165220,81,63,0.2222222222222222,0.13580246913580246,0.2942743798280474,369.1951736111111,5.66320018427754
165301,129,59,0.5426356589147286,0.16279069767441862,0.3427543255923577,438.1344212962963,5.113676842071792
1653087,1,1,0.0,1.0,,0.0,0.0
1653238,16,15,0.0625,0.125,0.03408039600434628,46.93811342592593,3.875
1653630,4,4,0.0,0.25,0.17156848597925575,209.22190972222222,2.0
1654041,124,56,0.5483870967741935,0.18548387096774194,0.4284536101220378,441.0643865740741,4.901410677698736
1654092,15,12,0.2,0.26666666666666666,0.34526926479872466,3.5244444444444443,3.3735572622751846
1654536,1,1,0.0,1.0,,0.0,0.0
1654676,73,48,0.3424657534246575,0.2054794520547945,0.269216229163303,430.2546875,5.0205335118075345
165494,70,50,0.2857142857142857,0.1,0.6560094454995575,222.09721064814815,5.3412650246773925
165547,13,13,0.0,0.07692307692307693,0.14785386437697182,7.45306712962963,3.7004397181410926
1655773,5,5,0.0,0.2,0.035497732406919086,2.7531712962962964,2.321928094887362
165578,13,10,0.23076923076923078,0.15384615384615385,0.5100035840265128,384.2950231481482,3.238901256602631
165591,61,48,0.21311475409836064,0.04918032786885246,0.18317448572842007,369.64269675925925,5.442631804598667
1657626,188,127,0.324468085106383,0.05319148936170213,0.32049541787778446,397.47461805555554,6.6535245409528665
1658115,2,1,0.5,1.0,,0.028877314814814814,-0.0
165855,57,39,0.3157894736842105,0.10526315789473684,0.2883949809659575,420.10585648148145,5.001590400388352
1658776,11,9,0.18181818181818182,0.18181818181818182,0.25714418552078044,24.54201388888889,3.095795255000934
1659450,1,1,0.0,1.0,,0.0,0.0
1659657,9,9,0.0,0.1111111111111111,0.22925912601686738,23.68947916666667,3.169925001442312
1659696,8,8,0.0,0.125,0.338801364830636,2.520960648148148,3.0
166038,1,1,0.0,1.0,,0.0,0.0
1661157,3,2,0.3333333333333333,0.6666666666666666,-0.953115807575689,0.9990277777777777,0.9182958340544896
1661199,14,11,0.21428571428571427,0.21428571428571427,-0.036368556453725595,166.9217013888889,3.3248629576173565
166134,110,68,0.38181818181818183,0.10909090909090909,0.47821251837874706,431.17457175925927,5.703464940522037
1661922,112,42,0.625,0.16071428571428573,0.6384260267928793,414.99083333333334,4.664031677356898
166220,11,11,0.0,0.09090909090909091,-0.20334946813060953,0.45564814814814814,3.4594316186372978
1662407,15,12,0.2,0.2,0.3295232180024872,115.0471412037037,3.456564762130953
1662595,72,38,0.4722222222222222,0.4027777777777778,0.16659470845088634,421.1338310185185,4.018793767293706
166344,144,78,0.4583333333333333,0.2777777777777778,0.35362169143658323,393.8121990740741,5.184420235920426
16637,2,1,0.5,1.0,,5.991747685185185,-0.0
1664724,5,3,0.4,0.6,0.0868341128387413,1.3109837962962962,1.3709505944546687
1664861,3,3,0.0,0.3333333333333333,-0.9822064056939501,0.16761574074074073,1.584962500721156
166613,205,119,0.4195121951219512,0.15609756097560976,0.588685297457763,426.4027893518519,6.126904826457468
1666769,16,15,0.0625,0.125,0.41089702022639324,175.5974537037037,3.875
1667,7,7,0.0,0.14285714285714285,0.025277956887502135,1.8822800925925927,2.807354922057604
1668306,95,43,0.5473684210526316,0.16842105263157894,0.27231600840336007,411.47870370370373,4.768870514333044
166874,715,345,0.5174825174825175,0.08251748251748252,0.5188533713088237,448.0268981481481,7.25540550994798
166895,192,103,0.4635416666666667,0.052083333333333336,0.3549235970074466,452.1078356481481,6.266916441663834
166905,104,62,0.40384615384615385,0.10576923076923077,0.44737902906979676,269.8167824074074,5.4437190381497045
1669468,8,7,0.125,0.25,0.13206593577139092,1.0428240740740742,2.75
1669565,7,7,0.0,0.14285714285714285,0.22106031019156167,1.2882291666666668,2.807354922057604
166973,85,53,0.3764705882352941,0.07058823529411765,0.3674333899764851,407.71841435185183,5.437282812807223
167001,51,42,0.17647058823529413,0.058823529411764705,0.11328600039147074,373.00600694444444,5.289880734043516
167021,46,41,0.10869565217391304,0.08695652173913043,0.26786596357614906,418.0043518518519,5.2626923908396215
167035,57,49,0.14035087719298245,0.10526315789473684,0.4988563397526979,360.9900578703704,5.45552554040462
1670351,5,5,0.0,0.2,0.07522058765285895,26.964675925925928,2.321928094887362
1670419,29,23,0.20689655172413793,0.13793103448275862,0.3724074181218345,5.115347222222222,4.349191770915038
1670494,1,1,0.0,1.0,,0.0,0.0
167054,109,61,0.44036697247706424,0.13761467889908258,0.1979018697651747,428.0599074074074,5.324767674434465
1670742,69,44,0.36231884057971014,0.07246376811594203,0.16406121154406586,217.79413194444444,5.176079581015308
167075,53,47,0.11320754716981132,0.05660377358490566,0.3234328344644976,443.37002314814816,5.487262199805397
167124,84,67,0.20238095238095238,0.047619047619047616,0.23101110536594655,320.9356828703704,5.918812214316649
1671280,4,3,0.25,0.5,-0.2294426822279266,2.057847222222222,1.5
1671367,106,82,0.22641509433962265,0.07547169811320754,0.3410944037952582,416.6904166666667,6.1324542708012775
167138,2,2,0.0,0.5,,0.0032175925925925926,1.0
16715,65,35,0.46153846153846156,0.2,0.20163840740558178,365.5954976851852,4.594140547043304
167151,1,1,0.0,1.0,,0.0,0.0
16717,12,9,0.25,0.16666666666666666,0.3402293535698083,339.22314814814814,3.084962500721156
1672769,5,5,0.0,0.2,-0.13143784131939037,3.012939814814815,2.321928094887362
1673859,10,10,0.0,0.1,0.0931775211386742,7.108368055555555,3.321928094887362
1675008,6,6,0.0,0.16666666666666666,-0.05935151436149143,12.088576388888889,2.584962500721156
167535,3,3,0.0,0.3333333333333333,-0.01815380368075269,3.1586689814814815,1.584962500721156
1675505,12,11,0.08333333333333333,0.16666666666666666,-0.07089212072955883,10.854016203703704,3.4182958340544896
167566,3,3,0.0,0.3333333333333333,-0.4967042171755417,316.9559953703704,1.584962500721156
167582,181,94,0.48066298342541436,0.16022099447513813,0.5010381647852239,428.98375,5.647943601241359
167586,12,6,0.5,0.4166666666666667,0.08340741315261539,206.45119212962962,2.2841591278514217
1675970,4,4,0.0,0.25,-0.14049546176625574,13.317858796296296,2.0
1676051,15,13,0.13333333333333333,0.13333333333333333,0.42264994878439766,210.00083333333333,3.6402239289418516
167611,109,67,0.3853211009174312,0.1559633027522936,0.3202231824433419,441.4045138888889,5.449362941219622
167632,2,2,0.0,0.5,,0.13748842592592592,1.0
1677433,1,1,0.0,1.0,,0.0,0.0
1678243,69,34,0.5072463768115942,0.18840579710144928,0.12133102637557738,396.05541666666664,4.431864670382399
1678517,51,9,0.8235294117647058,0.5098039215686274,0.42794962788993485,228.84733796296297,2.1219932535466706
1678816,6,6,0.0,0.16666666666666666,0.00029890307086007664,58.16863425925926,2.584962500721156
1678870,52,42,0.19230769230769232,0.07692307692307693,0.4003847938293273,284.930474537037,5.224384189253334
167922,117,80,0.3162393162393162,0.05128205128205128,0.19570891205684218,427.0048726851852,6.057599044969723
1679323,2,2,0.0,0.5,,1.5786342592592593,1.0
167957,65,57,0.12307692307692308,0.06153846153846154,0.33285883689013973,417.7842013888889,5.745444736105377
168011,2,2,0.0,0.5,,0.43395833333333333,1.0
168051,83,47,0.43373493975903615,0.08433734939759036,0.3425208339345455,445.08972222222224,5.25412904050768
168070,153,86,0.43790849673202614,0.13725490196078433,0.36901190369459247,377.5232060185185,5.870923912690791
168079,57,17,0.7017543859649122,0.17543859649122806,0.42905202877065857,397.9607291666667,3.5978007086163615
168108,14,13,0.07142857142857142,0.14285714285714285,0.11076037085412538,1.879351851851852,3.6644977792004623
1681202,61,39,0.36065573770491804,0.14754098360655737,0.21294344667751836,401.10990740740743,4.934114591342045
168130,2,2,0.0,0.5,,0.00738425925925926,1.0
168142,48,32,0.3333333333333333,0.1875,0.186182980328881,251.70930555555555,4.566340563438216
1682527,8,8,0.0,0.125,0.1315739565333159,1.0600578703703705,3.0
168276,107,86,0.19626168224299065,0.06542056074766354,0.30907343743710536,435.1513194444444,6.258742832621677
1683344,4,2,0.5,0.75,-0.06403694339027766,441.92082175925924,0.8112781244591328
1683383,6,6,0.0,0.16666666666666666,0.1356676741590558,2.5926157407407406,2.584962500721156
1683808,9,9,0.0,0.1111111111111111,0.14606159468539429,11.292777777777777,3.169925001442312
1684024,1,1,0.0,1.0,,0.0,0.0
1684628,2,1,0.5,1.0,,1.076886574074074,-0.0
16849,107,80,0.2523364485981308,0.102803738317757,0.26764175003444723,452.24332175925923,6.016574249865285
1685712,10,10,0.0,0.1,0.23820147834538588,1.9224305555555556,3.321928094887362
1685950,11,11,0.0,0.09090909090909091,0.008547136464814349,7.552453703703704,3.4594316186372978
168603,414,90,0.782608695652174,0.2463768115942029,0.5702045555130196,449.1916550925926,4.4673735784782025
1686060,4,2,0.5,0.75,-0.17713460529294314,4.985081018518518,0.8112781244591328
1686144,153,40,0.738562091503268,0.24183006535947713,0.48465393138126284,140.11069444444445,3.8857718987806544
168623,28,22,0.21428571428571427,0.07142857142857142,0.18579604892634236,334.1464236111111,4.378783493486177
168635,46,37,0.1956521739130435,0.08695652173913043,0.24407815794137802,96.19483796296296,5.088779347361361
168653,258,120,0.5348837209302325,0.11627906976744186,0.2561970058790039,430.1555787037037,5.998012672946469
168712,285,182,0.36140350877192984,0.06315789473684211,0.30231850005533795,446.08811342592594,7.0490530445832595
1688560,11,9,0.18181818181818182,0.18181818181818182,-0.04766697451358135,19.712337962962962,3.095795255000934
168877,21,15,0.2857142857142857,0.19047619047619047,0.6217417988925997,291.6930208333333,3.7256507561120924
1689009,3,3,0.0,0.3333333333333333,-0.00290213903362335,27.69787037037037,1.584962500721156
168915,69,34,0.5072463768115942,0.08695652173913043,0.08386477061771416,428.9837615740741,4.737461283819795
1689165,240,69,0.7125,0.3375,0.5500983401240559,402.96493055555555,4.213607077409396
1689238,5,4,0.2,0.4,0.2640570646351031,344.4016898148148,1.9219280948873623
1690038,51,37,0.27450980392156865,0.13725490196078433,0.4099358010546171,238.98859953703703,4.928971479993189
169023,327,96,0.7064220183486238,0.3149847094801223,0.2790156931132187,445.9790625,4.565118894224804
1690532,5,4,0.2,0.4,-0.4968481278371673,20.1884375,1.9219280948873623
169067,160,44,0.725,0.61875,0.20494095773367282,409.7404513888889,2.9357390396170793
1690726,177,67,0.6214689265536724,0.12429378531073447,0.22522558010152394,306.16130787037036,5.215846692525998
169165,112,70,0.375,0.16964285714285715,0.23488683927613288,447.83119212962964,5.547381754986221
1692758,1,1,0.0,1.0,,0.0,0.0
169283,276,168,0.391304347826087,0.03260869565217391,0.3611249265764992,427.77591435185184,7.053134377555235
1693023,4,3,0.25,0.5,0.015055197552990847,0.21336805555555555,1.5
1693440,24,11,0.5416666666666666,0.5416666666666666,0.11096308739731178,161.9887037037037,2.497224320061398
169366,18,18,0.0,0.05555555555555555,0.20158295646357957,6.743680555555556,4.169925001442312
169374,1,1,0.0,1.0,,0.0,0.0
169406,2,1,0.5,1.0,,7.967395833333334,-0.0
169502,112,31,0.7232142857142857,0.5535714285714286,0.19022642819449662,175.6228125,2.857058493505191
169559,3,3,0.0,0.3333333333333333,-0.13549675374123563,2.3298842592592592,1.584962500721156
1696093,2,2,0.0,0.5,,2.242233796296296,1.0
169627,80,44,0.45,0.2125,0.17344940123531757,442.1614699074074,4.723262591664581
169634,82,44,0.4634146341463415,0.2073170731707317,0.23264764956005907,124.0422337962963,4.833517714903209
1696665,351,165,0.5299145299145299,0.10256410256410256,0.5535077068059857,345.0235300925926,6.603874465462389
1697147,2,2,0.0,0.5,,3.2929166666666667,1.0
1697290,11,5,0.5454545454545454,0.36363636363636365,0.4278942070176044,323.628900462963,2.1180782093497093
1697718,12,12,0.0,0.08333333333333333,-0.05854399887377971,3.8746180555555556,3.584962500721156
169778,66,44,0.3333333333333333,0.09090909090909091,0.10924718281689125,406.5069212962963,5.205241422612179
169786,120,76,0.36666666666666664,0.10833333333333334,0.12780066170513296,391.9475347222222,5.7264356676296115
1698007,43,37,0.13953488372093023,0.06976744186046512,0.4463059141014876,417.63680555555555,5.12963946395411
169810,84,54,0.35714285714285715,0.20238095238095238,0.40593082422233984,438.3380902777778,5.166166907236108
1698219,7,7,0.0,0.14285714285714285,0.2073624356291211,1.253599537037037,2.807354922057604
16990,1,1,0.0,1.0,,0.0,0.0
1699249,26,11,0.5769230769230769,0.5,0.12650935268944827,46.128738425925924,2.619450628301315
169936,7,7,0.0,0.14285714285714285,0.12212441506701945,8.122893518518518,2.807354922057604
1699739,1,1,0.0,1.0,,0.0,0.0
1700057,5,5,0.0,0.2,0.027639531004347868,1.0692824074074074,2.321928094887362
1700912,2,2,0.0,0.5,,241.3821875,1.0
1701033,83,24,0.7108433734939759,0.4578313253012048,0.29765412168343697,351.15653935185185,3.109536577720209
1701190,149,31,0.7919463087248322,0.5302013422818792,0.39229117892366877,440.76259259259257,2.829676579884126
170127,84,43,0.4880952380952381,0.36904761904761907,0.4506089384152435,366.8131828703704,4.269282028443563
170141,78,62,0.20512820512820512,0.07692307692307693,0.1643207908540043,417.9702314814815,5.769188596984169
170366,131,57,0.5648854961832062,0.17557251908396945,0.20216758273483268,443.73212962962964,5.125687742541983
170367,38,38,0.0,0.02631578947368421,0.21888823939864868,4.014201388888889,5.247927513443588
1703753,2,2,0.0,0.5,,2.018310185185185,1.0
17040,5,4,0.2,0.4,0.23396786238130862,53.10458333333333,1.9219280948873623
1704557,1,1,0.0,1.0,,0.0,0.0
1705202,12,9,0.25,0.3333333333333333,0.4936296443701568,70.64793981481482,2.9182958340544896
170552,91,47,0.4835164835164835,0.2967032967032967,0.09938383777852777,445.8665162037037,4.365098799621319
170558,85,55,0.35294117647058826,0.07058823529411765,0.23836617539147642,396.80436342592594,5.50787104810134
1705660,4,4,0.0,0.25,-0.19006016726949101,3.196701388888889,2.0
1707640,1,1,0.0,1.0,,0.0,0.0
170872,137,102,0.25547445255474455,0.043795620437956206,0.16945116841601526,424.09335648148146,6.4511036852737345
1708858,2,2,0.0,0.5,,116.22857638888888,1.0
1710073,1,1,0.0,1.0,,0.0,0.0
1710496,1,1,0.0,1.0,,0.0,0.0
171062,13,12,0.07692307692307693,0.15384615384615385,0.5191800041241089,171.2666087962963,3.5465935642949384
1710727,85,51,0.4,0.1411764705882353,0.260193461618188,442.14479166666666,5.245933842142629
1710966,88,43,0.5113636363636364,0.1590909090909091,0.5355847407290627,421.3056712962963,4.640441563190539
171142,62,58,0.06451612903225806,0.03225806451612903,0.21577675348452785,421.1616550925926,5.825164052322357
171205,143,79,0.44755244755244755,0.0979020979020979,0.2998769703573192,206.2792939814815,5.891227260923418
1712866,4,4,0.0,0.25,-0.19753800377035974,8.140578703703703,2.0
171290,115,95,0.17391304347826086,0.034782608695652174,0.24390925880122052,438.4649074074074,6.467144181341535
1712937,114,46,0.5964912280701754,0.17543859649122806,0.4805603931435693,401.12200231481484,4.561897591125286
1712982,8,7,0.125,0.25,0.2646126396567845,11.299513888888889,2.75
1713500,15,12,0.2,0.2,0.17632663587064495,12.9728125,3.456564762130953
1713612,37,33,0.10810810810810811,0.08108108108108109,0.4023028590770327,7.348587962962963,4.972834784489398
1713676,97,60,0.38144329896907214,0.14432989690721648,0.17477755459004915,406.5928240740741,5.224831876252306
171396,153,83,0.45751633986928103,0.0784313725490196,0.4075573996485796,450.92905092592594,5.873702529358954
1714677,3,3,0.0,0.3333333333333333,-0.23502540744056233,1.0858217592592592,1.584962500721156
17148,2,2,0.0,0.5,,1.9867939814814815,1.0
1714824,1,1,0.0,1.0,,0.0,0.0
171571,360,133,0.6305555555555555,0.06666666666666667,0.5058987763751873,211.328125,6.3009269614614904
1715895,2,2,0.0,0.5,,3.7463194444444445,1.0
1716194,22,14,0.36363636363636365,0.22727272727272727,0.5940959219446913,65.56832175925926,3.533771256064556
171717,86,59,0.313953488372093,0.08139534883720931,0.39490187993851616,429.3477199074074,5.543819226656392
1717858,2,2,0.0,0.5,,0.0003587962962962963,1.0
171813,142,115,0.19014084507042253,0.028169014084507043,0.5084217165377113,425.92774305555554,6.709399760258342
1718433,176,129,0.26704545454545453,0.056818181818181816,0.41602477492358314,426.0246064814815,6.767678175672216
17188,8,5,0.375,0.375,0.33031061779724225,197.12865740740742,2.1556390622295662
171924,3,3,0.0,0.3333333333333333,-0.3989019974302067,0.1386111111111111,1.584962500721156
17197,13,12,0.07692307692307693,0.15384615384615385,0.506538428326756,60.1221875,3.5465935642949384
1721,51,35,0.3137254901960784,0.0784313725490196,0.2530692869039233,413.1135300925926,4.897723871298418
1721412,82,69,0.15853658536585366,0.06097560975609756,0.17045755859490433,375.1467592592593,5.996458828100564
1721694,8,6,0.25,0.25,0.36327412815286403,25.913344907407406,2.5
172220,5,5,0.0,0.2,0.26776388966485315,237.02020833333333,2.321928094887362
1722517,136,85,0.375,0.04411764705882353,0.28394311800229527,440.3522337962963,6.146188808394863
172264,118,32,0.7288135593220338,0.4576271186440678,0.4914178728573761,231.32407407407408,3.3437220200316364
17233,2,2,0.0,0.5,,3.639525462962963,1.0
172349,93,53,0.43010752688172044,0.15053763440860216,0.4501138488365421,426.99444444444447,5.124730855556055
172387,421,136,0.6769596199524941,0.11401425178147269,0.6937204561025357,388.91431712962964,5.794133394622698
17239,3,3,0.0,0.3333333333333333,-0.00568092640262367,392.3866550925926,1.584962500721156
172442,52,36,0.3076923076923077,0.09615384615384616,0.3283317719591584,369.3741782407407,4.907761238355062
1724913,1,1,0.0,1.0,,0.0,0.0
172532,148,69,0.5337837837837838,0.23648648648648649,0.3973425487235389,423.1720833333333,5.046102288785083
172536,22,15,0.3181818181818182,0.22727272727272727,0.38393472715671273,235.9687037037037,3.5680843243447136
1726350,163,110,0.32515337423312884,0.10429447852760736,0.2584888040145932,442.81484953703705,6.270326638502285
172649,110,56,0.4909090909090909,0.09090909090909091,0.26676903461752155,423.69635416666665,5.305407814809742
1726571,5,5,0.0,0.2,0.06447627438355207,5.128622685185185,2.321928094887362
172661,5,5,0.0,0.2,-0.1389394406790786,6.090289351851852,2.321928094887362
172690,12,9,0.25,0.16666666666666666,0.5085517103544673,102.11086805555556,3.084962500721156
1727207,80,52,0.35,0.1,0.217995913955763,73.95501157407408,5.3479762578761925
1727630,5,4,0.2,0.4,-0.37737997552893243,3.380358796296296,1.9219280948873623
1728186,10,8,0.2,0.3,0.10315594433220009,4.363530092592592,2.8464393446710154
1729032,139,35,0.7482014388489209,0.15827338129496402,0.4769200776834493,320.1478472222222,4.192439477880143
172970,74,51,0.3108108108108108,0.1891891891891892,0.6554698094406048,248.19628472222223,5.2086715222374655
1730386,1,1,0.0,1.0,,0.0,0.0
173082,2,2,0.0,0.5,,331.42988425925927,1.0
1731136,22,22,0.0,0.045454545454545456,0.5328738487384216,206.2327662037037,4.459431618637296
17317,150,88,0.41333333333333333,0.11333333333333333,0.17786811257516033,433.1522800925926,5.834986401561228
173323,140,46,0.6714285714285714,0.36428571428571427,0.5239439408208922,423.95851851851853,4.094103044004175
173385,1,1,0.0,1.0,,0.0,0.0
17341,11,8,0.2727272727272727,0.18181818181818182,0.27424023854130164,287.29846064814814,2.913977073182752
173411,17,17,0.0,0.058823529411764705,0.514080246258295,298.88072916666664,4.087462841250339
1734362,5,3,0.4,0.6,-0.18533377300420123,5.467766203703704,1.3709505944546687
1734516,1,1,0.0,1.0,,0.0,0.0
173466,208,31,0.8509615384615384,0.19230769230769232,0.5524821735559803,126.8046875,3.9629869496165075
173521,186,72,0.6129032258064516,0.23655913978494625,0.571047745279544,452.00177083333335,4.8588615845218435
173523,1,1,0.0,1.0,,0.0,0.0
173588,11,10,0.09090909090909091,0.18181818181818182,0.036649013654808986,2.4019560185185185,3.2776134368191157
1735901,1,1,0.0,1.0,,0.0,0.0
173602,112,68,0.39285714285714285,0.20535714285714285,0.5388794610978632,314.7492361111111,5.19882761020255
173705,8,7,0.125,0.25,0.2493062630292438,187.85680555555555,2.75
173759,114,70,0.38596491228070173,0.07017543859649122,0.1631115923278709,440.99925925925925,5.80838135171324
1737994,8,8,0.0,0.125,0.409291994560687,133.23135416666668,3.0
173811,6,6,0.0,0.16666666666666666,0.06405609011338279,2.5139699074074073,2.584962500721156
1738986,20,13,0.35,0.25,0.21880181383233394,125.93296296296296,3.4414460711655215
1739300,1,1,0.0,1.0,,0.0,0.0
173957,62,40,0.3548387096774194,0.12903225806451613,0.5648017303821796,415.2021296296296,4.897587036123536
174094,61,34,0.4426229508196721,0.18032786885245902,0.1278003590230273,401.22263888888887,4.540431840723972
174185,18,15,0.16666666666666666,0.16666666666666666,0.007550169489721112,5.073900462962963,3.794653473544342
1743,7,6,0.14285714285714285,0.2857142857142857,0.3740649198412318,243.9414236111111,2.5216406363433186
1743015,83,51,0.3855421686746988,0.08433734939759036,0.6994703118877981,449.2146875,5.320511871885112
1743672,8,6,0.25,0.375,0.20794855886982863,74.08296296296297,2.4056390622295662
174490,88,30,0.6590909090909091,0.2840909090909091,0.1373986748062153,86.88840277777778,3.9776115360444995
1745812,7,6,0.14285714285714285,0.2857142857142857,-0.29650898151774047,2.6000347222222224,2.5216406363433186
174717,2,2,0.0,0.5,,0.8158101851851852,1.0
1747922,520,154,0.7038461538461539,0.07692307692307693,0.6730802742754095,445.8969212962963,6.118456775335343
1748137,2,2,0.0,0.5,,0.8845833333333334,1.0
1748463,98,51,0.47959183673469385,0.17346938775510204,0.6838145395184502,292.1571064814815,5.081467311110896
174850,8,6,0.25,0.375,0.4194107195659281,323.4444907407407,2.4056390622295662
174937,168,74,0.5595238095238095,0.17261904761904762,0.23739791940371374,393.84055555555557,5.136075541617672
175013,3,3,0.0,0.3333333333333333,-0.030090801217561823,0.9243634259259259,1.584962500721156
1750640,1,1,0.0,1.0,,0.0,0.0
1750972,1,1,0.0,1.0,,0.0,0.0
1751896,65,42,0.35384615384615387,0.1076923076923077,0.23624570310609766,206.20261574074075,5.006093099013532
175338,6,6,0.0,0.16666666666666666,0.1670763853159037,15.767719907407407,2.584962500721156
1753927,3,3,0.0,0.3333333333333333,-0.4648136993374065,0.9851041666666667,1.584962500721156
175450,94,28,0.7021276595744681,0.23404255319148937,0.07372061957809396,444.9662152777778,3.542732654464272
1754730,13,10,0.23076923076923078,0.3076923076923077,0.22509593957850607,5.840300925925926,3.085055102756477
175521,182,83,0.5439560439560439,0.17032967032967034,0.7446621587128114,414.99413194444446,5.543781341568559
17554,76,47,0.3815789473684211,0.15789473684210525,0.314933148341623,422.1485416666667,5.00412060537805
175732,5,5,0.0,0.2,0.1585752866814885,28.786979166666665,2.321928094887362
1757421,8,3,0.625,0.75,0.16643164794217533,18.077141203703704,1.061278124459133
175939,4,2,0.5,0.75,0.15611423168105115,422.08913194444443,0.8112781244591328
175952,68,41,0.39705882352941174,0.22058823529411764,0.33277415886885614,417.9572337962963,4.740067121503551
175972,24,18,0.25,0.16666666666666666,0.23499961678771983,22.703935185185184,4.001629167387822
1759815,1,1,0.0,1.0,,0.0,0.0
175997,53,35,0.33962264150943394,0.1320754716981132,0.3473409335579935,388.2950462962963,4.82195795586502
176028,108,49,0.5462962962962963,0.2222222222222222,0.12381309871824417,446.0968634259259,4.866412993106048
176067,117,63,0.46153846153846156,0.1111111111111111,0.3296167576721226,322.0940509259259,5.420881858796866
176075,78,36,0.5384615384615384,0.20512820512820512,0.6675072072671718,435.32925925925923,4.548097411114469
176088,5,5,0.0,0.2,-0.06105088130577087,2.9876157407407407,2.321928094887362
17609,2,1,0.5,1.0,,0.866574074074074,-0.0
176147,32,22,0.3125,0.15625,0.16777491890349294,336.83613425925927,4.149397470347699
176166,39,32,0.1794871794871795,0.07692307692307693,0.3410155306636712,408.1876273148148,4.907071770088827
1762122,1,1,0.0,1.0,,0.0,0.0
1762195,45,40,0.1111111111111111,0.06666666666666667,0.20729831427531364,17.177592592592593,5.252855596281599
1762520,6,3,0.5,0.5,-0.2866329316509565,2.875798611111111,1.4591479170272448
176300,134,24,0.8208955223880597,0.22388059701492538,0.14078137531597396,84.21508101851852,3.4418072931191395
176420,93,73,0.21505376344086022,0.053763440860215055,0.4263763018425897,386.2840625,6.010993053271863
176754,3,3,0.0,0.3333333333333333,-0.10530402245088877,1.3675578703703704,1.584962500721156
176770,1,1,0.0,1.0,,0.0,0.0
1767889,70,35,0.5,0.17142857142857143,0.5892293980541674,126.95590277777778,4.542730873716944
176994,73,63,0.136986301369863,0.0410958904109589,0.1761488333130917,437.76935185185187,5.905511031453123
176995,1,1,0.0,1.0,,0.0,0.0
1770542,1,1,0.0,1.0,,0.0,0.0
1770744,4,4,0.0,0.25,-0.22518364900987797,1.1100115740740741,2.0
17708,74,53,0.28378378378378377,0.0945945945945946,0.4684776626181771,228.01438657407408,5.414686555992014
177110,73,25,0.6575342465753424,0.2328767123287671,0.6830613338572482,173.88622685185186,3.829812835308415
177116,122,79,0.3524590163934426,0.10655737704918032,0.2560279581151852,429.88417824074077,5.747242327125771
1772109,73,46,0.3698630136986301,0.1780821917808219,0.3891060754126986,443.2438888888889,5.032697924463109
177216,114,85,0.2543859649122807,0.09649122807017543,0.20232078902558315,450.45046296296294,6.097555055253973
1772463,7,7,0.0,0.14285714285714285,0.25618606484770556,3.731990740740741,2.807354922057604
1772820,6,5,0.16666666666666666,0.3333333333333333,0.33272372470338285,355.889224537037,2.2516291673878226
1774007,13,12,0.07692307692307693,0.15384615384615385,0.13110713549909106,17.86630787037037,3.5465935642949384
177410,115,71,0.3826086956521739,0.1826086956521739,0.31478189198228695,445.05586805555555,5.508407848216688
1774163,6,4,0.3333333333333333,0.3333333333333333,0.2242018902714616,6.807037037037037,1.9182958340544893
177471,63,26,0.5873015873015873,0.2698412698412698,0.18603773430620818,344.3032523148148,3.8656014580572102
177478,65,51,0.2153846153846154,0.06153846153846154,0.18738288734275116,447.96903935185185,5.5068328129618855
1775168,1,1,0.0,1.0,,0.0,0.0
177558,1,1,0.0,1.0,,0.0,0.0
1775859,1,1,0.0,1.0,,0.0,0.0
1776006,12,12,0.0,0.08333333333333333,0.4453139813608436,155.11578703703702,3.584962500721156
1776454,2,2,0.0,0.5,,0.03900462962962963,1.0
177835,168,74,0.5595238095238095,0.24404761904761904,0.42919210402356966,418.7433449074074,4.786373388988528
177847,6,6,0.0,0.16666666666666666,0.1818865862946675,0.4109375,2.584962500721156
1779030,40,18,0.55,0.25,0.4030008833187889,48.32533564814815,3.701205059304601
1779231,10,10,0.0,0.1,-0.046446431697357626,2.0260416666666665,3.321928094887362
1779292,1,1,0.0,1.0,,0.0,0.0
177944,2,2,0.0,0.5,,0.1894560185185185,1.0
177979,156,119,0.23717948717948717,0.05128205128205128,0.32235776524079246,444.75787037037037,6.692265520061093
177982,118,53,0.5508474576271186,0.2288135593220339,0.29057001239960517,452.2859837962963,4.869074588106641
178007,16,15,0.0625,0.125,0.3175188774551746,304.87378472222224,3.875
17802,85,61,0.2823529411764706,0.08235294117647059,0.1028916388376029,385.53211805555554,5.632239684243937
1780904,1,1,0.0,1.0,,0.0,0.0
178104,122,48,0.6065573770491803,0.26229508196721313,0.22205831771290652,261.0129166666667,4.600127315083343
1781258,11,7,0.36363636363636365,0.36363636363636365,0.0022706814047126545,4.850532407407408,2.5503407095463886
1781488,9,6,0.3333333333333333,0.3333333333333333,0.2701008240770766,379.04328703703703,2.4193819456463714
178158,131,47,0.6412213740458015,0.1297709923664122,0.5723470753543819,411.9466087962963,4.849825100168677
178199,62,54,0.12903225806451613,0.04838709677419355,0.21969496418014833,425.0618402777778,5.683956189384236
1782647,1,1,0.0,1.0,,0.0,0.0
1782905,34,10,0.7058823529411765,0.29411764705882354,0.1976712504881731,227.42997685185185,2.768965152329444
178396,90,37,0.5888888888888889,0.4111111111111111,0.3114635883288468,441.2158680555556,3.907141124005248
178415,224,90,0.5982142857142857,0.19196428571428573,0.4430769754845109,426.0337962962963,5.267367578771143
1784301,3,3,0.0,0.3333333333333333,-0.019257420968784356,14.802696759259259,1.584962500721156
178434,211,102,0.5165876777251185,0.0995260663507109,0.2372866511911977,446.0025,5.999960468115673
178444,2,2,0.0,0.5,,0.04087962962962963,1.0
1784921,338,77,0.772189349112426,0.08875739644970414,0.6904362560893748,137.48493055555556,5.144891540196603
178517,16,9,0.4375,0.4375,-0.0040596995205395845,170.90864583333334,2.646782221599798
178520,5,5,0.0,0.2,-0.25978291227938954,1.2616666666666667,2.321928094887362
178555,17,13,0.23529411764705882,0.17647058823529413,0.14788477037230377,397.89988425925924,3.5724694587701356
1786083,6,5,0.16666666666666666,0.3333333333333333,0.14812260043812875,1.0022453703703704,2.2516291673878226
1786861,72,52,0.2777777777777778,0.09722222222222222,0.20224663609704813,155.3609375,5.38282730056652
1787,2,2,0.0,0.5,,333.10372685185183,1.0
1787406,36,26,0.2777777777777778,0.1388888888888889,0.15434752176107927,451.99224537037037,4.458546099374622
1788034,4,4,0.0,0.25,0.08533616356186179,194.76030092592592,2.0
1788182,3,3,0.0,0.3333333333333333,-0.9968946151304922,0.34980324074074076,1.584962500721156
178847,1,1,0.0,1.0,,0.0,0.0
178928,42,20,0.5238095238095238,0.21428571428571427,0.19095461891661672,423.08554398148146,3.7150442805436548
178935,2,2,0.0,0.5,,0.2412962962962963,1.0
1789660,1,1,0.0,1.0,,0.0,0.0
1789853,3,3,0.0,0.3333333333333333,-2.987147584177895e-06,81.36734953703704,1.584962500721156
178987,110,69,0.37272727272727274,0.08181818181818182,0.2671956381028467,447.70724537037034,5.812555849612946
1790008,1,1,0.0,1.0,,0.0,0.0
179023,7,6,0.14285714285714285,0.2857142857142857,-0.08530218487963834,37.08306712962963,2.5216406363433186
179041,22,14,0.36363636363636365,0.36363636363636365,0.342690300631492,399.4766319444444,3.2776134368191143
179124,41,16,0.6097560975609756,0.21951219512195122,0.6269987051493902,444.1375,3.4626597004300113
1791337,2,2,0.0,0.5,,12.154641203703704,1.0
1791415,9,8,0.1111111111111111,0.2222222222222222,0.3199887787959084,204.0742013888889,2.94770277922009
179246,465,148,0.6817204301075269,0.23225806451612904,0.3600458117366221,449.0822800925926,5.622584598779114
1793402,3,3,0.0,0.3333333333333333,-0.12455993093552735,8.699212962962964,1.584962500721156
179517,14,14,0.0,0.07142857142857142,0.11794957169938275,3.946886574074074,3.8073549220576055
179569,4,4,0.0,0.25,-0.5446797543800973,0.8107407407407408,2.0
1796515,1,1,0.0,1.0,,0.0,0.0
1796657,6,4,0.3333333333333333,0.3333333333333333,0.026079093126212236,17.924016203703705,1.9182958340544893
17973,278,197,0.29136690647482016,0.02877697841726619,0.433918591706208,138.80087962962963,7.374753900523429
179988,3,3,0.0,0.3333333333333333,-2.8421216641067042e-06,228.05145833333333,1.584962500721156
1800809,2,1,0.5,1.0,,1.9755787037037038,-0.0
180118,2,2,0.0,0.5,,6.200243055555555,1.0
1801832,45,22,0.5111111111111111,0.24444444444444444,0.11319570894330616,29.992974537037036,3.723774811677738
18020,6,5,0.16666666666666666,0.3333333333333333,0.005248553594767117,4.201203703703704,2.2516291673878226
180226,1,1,0.0,1.0,,0.0,0.0
180245,1,1,0.0,1.0,,0.0,0.0
180256,28,21,0.25,0.17857142857142858,0.5143893397951581,294.80988425925926,4.151478922893308
1802675,15,15,0.0,0.06666666666666667,0.05399328150431614,4.047662037037037,3.906890595608518
1802852,160,83,0.48125,0.09375,0.4928121019288894,205.6228125,5.796507334223281
1803745,218,88,0.5963302752293578,0.12385321100917432,0.399340069436586,418.85541666666666,5.617808339697081
1804026,153,87,0.43137254901960786,0.0784313725490196,0.2290020105805907,429.7877546296296,6.054034026101443
180477,3,3,0.0,0.3333333333333333,-0.5836868755987409,1.8750925925925925,1.584962500721156
1805043,41,36,0.12195121951219512,0.04878048780487805,0.37879977626584005,371.31975694444446,5.1136495655936915
1805863,15,10,0.3333333333333333,0.2,0.5473211382250326,103.1557175925926,3.1898980954642875
1806029,32,24,0.25,0.25,0.2809269702447055,203.2826388888889,4.1875
180717,46,33,0.2826086956521739,0.13043478260869565,0.6174326077165742,439.02924768518517,4.822156249394178
1807248,1,1,0.0,1.0,,0.0,0.0
180727,69,58,0.15942028985507245,0.07246376811594203,0.28863644386393866,337.03270833333335,5.708384739757346
1808017,114,79,0.30701754385964913,0.10526315789473684,0.5365638668979297,414.4016087962963,5.955354049100638
180853,10,7,0.3,0.2,0.11010194230014891,389.38217592592594,2.721928094887362
18087,7,7,0.0,0.14285714285714285,0.21985563981032696,4.067395833333333,2.807354922057604
1809655,1,1,0.0,1.0,,0.0,0.0
18110,1,1,0.0,1.0,,0.0,0.0
1813325,71,21,0.704225352112676,0.28169014084507044,0.26471557348865943,143.3002662037037,3.536028953201662
181448,1,1,0.0,1.0,,0.0,0.0
181481,90,33,0.6333333333333333,0.3333333333333333,0.3445222002824571,421.7734027777778,3.84174546547343
1815326,86,34,0.6046511627906976,0.18604651162790697,0.23855676746099827,411.8304513888889,4.25810795929654
1815440,8,8,0.0,0.125,0.2822625367638191,206.9057523148148,3.0
181594,70,43,0.38571428571428573,0.1,0.5281655967087601,304.94292824074074,5.068130517837911
181608,1,1,0.0,1.0,,0.0,0.0
181650,9,8,0.1111111111111111,0.2222222222222222,0.35999066892449516,79.69412037037037,2.94770277922009
181662,57,41,0.2807017543859649,0.15789473684210525,0.2549806447829126,428.48025462962966,5.011942864700334
181775,51,30,0.4117647058823529,0.13725490196078433,0.09146824473266268,441.5806944444444,4.505253039317958
181776,21,17,0.19047619047619047,0.09523809523809523,0.5639063273824155,437.2949652777778,4.011365041826379
181897,2,2,0.0,0.5,,0.19546296296296295,1.0
181930,138,109,0.21014492753623187,0.036231884057971016,0.7537897238932263,339.0293981481482,6.625704235886206
18196,10,8,0.2,0.3,0.2775316333224202,9.263148148148149,2.8464393446710154
1819864,3,3,0.0,0.3333333333333333,-0.9303983214854896,157.77167824074073,1.584962500721156
1821061,31,21,0.3225806451612903,0.12903225806451613,0.4096894762029471,412.1033796296296,4.15565155225257
182155,186,96,0.4838709677419355,0.17204301075268819,0.2581893066376542,440.48819444444445,5.508042112295333
18216,19,18,0.05263157894736842,0.10526315789473684,0.529692820903403,304.8762962962963,4.142664355548848
1821800,7,7,0.0,0.14285714285714285,0.11860054186004633,21.151400462962965,2.807354922057604
1821859,12,12,0.0,0.08333333333333333,0.07532147616605375,20.11171296296296,3.584962500721156
182204,109,73,0.3302752293577982,0.13761467889908258,0.16139328376301118,425.1521990740741,5.640461671147309
182392,135,99,0.26666666666666666,0.037037037037037035,0.44982620851204774,359.17417824074073,6.458416015899987
1823958,4,3,0.25,0.5,0.17094608958625002,296.245787037037,1.5
1824234,2,2,0.0,0.5,,3.414861111111111,1.0
18245,5,5,0.0,0.2,-0.25797031667608333,4.020983796296297,2.321928094887362
1824743,1,1,0.0,1.0,,0.0,0.0
1825303,1,1,0.0,1.0,,0.0,0.0
1826903,16,16,0.0,0.0625,0.5598332819898532,90.3867013888889,4.0
1828045,11,5,0.5454545454545454,0.36363636363636365,0.11065800735540618,21.550486111111113,2.1180782093497093
182809,4,4,0.0,0.25,-0.23425182216851348,1.6821643518518519,2.0
182816,5,5,0.0,0.2,-0.006472195151477902,1.0900925925925926,2.321928094887362
1828829,2,2,0.0,0.5,,0.16067129629629628,1.0
18289,93,44,0.5268817204301075,0.1935483870967742,0.12187748900961608,104.52993055555555,4.816641844057184
182906,88,60,0.3181818181818182,0.056818181818181816,0.2488140735676791,86.45472222222222,5.664270613511878
182999,841,107,0.8727705112960761,0.06658739595719382,0.5129553529441191,446.2133333333333,5.837608787419881
1830963,112,87,0.22321428571428573,0.08928571428571429,0.22259992096864253,427.8951157407407,6.186962569777568
1831044,58,49,0.15517241379310345,0.08620689655172414,0.6426443227744609,438.9968287037037,5.485400986947626
183136,2,1,0.5,1.0,,259.1753356481481,-0.0
183309,6,4,0.3333333333333333,0.5,-0.0019228582303067955,6.016099537037037,1.7924812503605778
183395,99,60,0.3939393939393939,0.1111111111111111,0.44563000615241855,446.03456018518517,5.568010177517348
183418,2,2,0.0,0.5,,0.3327777777777778,1.0
1834227,171,103,0.39766081871345027,0.12280701754385964,0.36603621763355637,447.0379050925926,6.142109422040346
18344,1,1,0.0,1.0,,0.0,0.0
183556,10,9,0.1,0.2,0.04754414275624398,1.9158564814814816,3.121928094887362
183572,1,1,0.0,1.0,,0.0,0.0
1836138,61,46,0.2459016393442623,0.06557377049180328,0.48625282550155835,412.9808912037037,5.348609878475558
183662,1,1,0.0,1.0,,0.0,0.0
183849,1,1,0.0,1.0,,0.0,0.0
183856,1,1,0.0,1.0,,0.0,0.0
1839093,1,1,0.0,1.0,,0.0,0.0
183978,9,8,0.1111111111111111,0.2222222222222222,0.11111988853252486,9.226087962962962,2.94770277922009
1840629,108,41,0.6203703703703703,0.18518518518518517,0.6892532359746366,343.66884259259257,4.57758475792169
184111,2,2,0.0,0.5,,0.875011574074074,1.0
1841930,1,1,0.0,1.0,,0.0,0.0
1842442,19,14,0.2631578947368421,0.15789473684210525,-0.09777329172687843,150.90577546296296,3.6818808028034016
1842673,80,22,0.725,0.5,0.3453179198217797,272.14222222222224,2.83008599353825
1843544,4,4,0.0,0.25,0.11211161742363514,2.117627314814815,2.0
184362,39,29,0.2564102564102564,0.20512820512820512,0.27394550768613574,5.678460648148148,4.496815359832416
184438,70,49,0.3,0.14285714285714285,0.30774283708480643,437.7556828703704,5.1582234676444365
1844609,21,16,0.23809523809523808,0.19047619047619047,0.2132916386372545,16.68650462962963,3.8208888513501886
184524,75,58,0.22666666666666666,0.08,0.21604806905722052,400.70537037037036,5.601891357047162
184584,122,71,0.4180327868852459,0.12295081967213115,0.19411542771023327,407.0563888888889,5.699162752104916
1846116,47,38,0.19148936170212766,0.06382978723404255,0.7194217717225881,193.32222222222222,5.139487255840897
184676,97,55,0.4329896907216495,0.08247422680412371,0.4414539028237491,384.5074421296296,5.433568224560663
184718,139,90,0.35251798561151076,0.1079136690647482,0.6527511671979501,398.45012731481484,6.000974551474595
184756,6,6,0.0,0.16666666666666666,0.24535994322440127,45.47133101851852,2.584962500721156
18510,73,51,0.3013698630136986,0.136986301369863,0.26349472908483423,435.9618865740741,5.303125162260832
185264,52,40,0.23076923076923078,0.11538461538461539,0.5513507501393639,303.3975925925926,5.079965439170122
18529,10,10,0.0,0.1,0.16336730363049703,289.41496527777775,3.321928094887362
185402,53,45,0.1509433962264151,0.03773584905660377,0.41858023787176174,391.73130787037036,5.426033662110369
185428,5,5,0.0,0.2,0.10368162185795608,1.2758217592592593,2.321928094887362
1854988,1,1,0.0,1.0,,0.0,0.0
185514,6,6,0.0,0.16666666666666666,0.32674161909882143,119.5716087962963,2.584962500721156
185617,1,1,0.0,1.0,,0.0,0.0
1857251,3,3,0.0,0.3333333333333333,-0.022255429677708757,67.83070601851851,1.584962500721156
185782,153,76,0.5032679738562091,0.1437908496732026,0.25301653794915213,443.45061342592595,5.54252351051229
18580,8,7,0.125,0.25,0.23749246275601993,136.06858796296297,2.75
1858775,131,81,0.3816793893129771,0.06870229007633588,0.6495429913777115,403.7246412037037,5.942012337515655
185918,104,71,0.3173076923076923,0.08653846153846154,0.17109944960645185,387.01528935185183,5.841561713021362
185954,36,24,0.3333333333333333,0.19444444444444445,0.3427951160200779,378.3275115740741,4.248778905366474
1860276,2,2,0.0,0.5,,0.0001273148148148148,1.0
186066,135,75,0.4444444444444444,0.11851851851851852,0.18102934053504868,444.33383101851854,5.644532290115341
18608,53,39,0.2641509433962264,0.1320754716981132,0.251920455499764,251.6553125,4.98902876666263
1860825,1,1,0.0,1.0,,0.0,0.0
186169,56,28,0.5,0.125,0.2195038086485833,181.96148148148148,4.371240915136708
186253,2,2,0.0,0.5,,5.930243055555556,1.0
1863359,2,2,0.0,0.5,,0.21851851851851853,1.0
1864261,11,7,0.36363636363636365,0.2727272727272727,0.4652078159123234,19.29340277777778,2.663532754804255
186478,68,54,0.20588235294117646,0.04411764705882353,0.4103629336467138,426.05997685185184,5.642394274978424
1866536,3,3,0.0,0.3333333333333333,-0.057739476391468716,17.93349537037037,1.584962500721156
1866580,10,10,0.0,0.1,0.20866219203959124,10.090914351851852,3.321928094887362
1866877,5,5,0.0,0.2,-0.161071084941178,181.7799652777778,2.321928094887362
186708,13,13,0.0,0.07692307692307693,0.5291997671862005,233.06565972222222,3.7004397181410926
1867765,2,1,0.5,1.0,,0.8766203703703703,-0.0
1869014,25,14,0.44,0.48,0.3025597816886832,117.1048263888889,2.923074189428569
1869155,68,34,0.5,0.23529411764705882,0.15008260795049957,451.94974537037035,4.305679613916073
1869555,15,13,0.13333333333333333,0.2,0.14376739536862873,3.9842824074074072,3.5898980954642865
186988,97,41,0.5773195876288659,0.17525773195876287,0.3359567012559698,404.26721064814814,4.516609665718838
187062,154,65,0.577922077922078,0.13636363636363635,0.3349789507728018,440.1025810185185,5.206046618450037
187064,50,32,0.36,0.12,0.08365039702962863,440.47431712962964,4.703465189601648
1870742,5,3,0.4,0.4,-0.20251173412560125,2.4613310185185187,1.5219280948873621
187101,60,46,0.23333333333333334,0.06666666666666667,0.3284291843822435,300.7573032407407,5.381727678869735
1871133,3,3,0.0,0.3333333333333333,-0.0006515142441414855,140.78953703703704,1.584962500721156
187221,100,66,0.34,0.08,0.3096574500845297,297.8439699074074,5.717145845144153
187237,2,2,0.0,0.5,,1.2457291666666668,1.0
1872600,44,38,0.13636363636363635,0.045454545454545456,0.38893211338586714,185.59881944444444,5.186704345910023
1873397,144,94,0.3472222222222222,0.0625,0.7776076519545039,421.186875,6.160333550446329
187426,131,77,0.4122137404580153,0.08396946564885496,0.26614810932132466,422.12519675925927,5.7113682250887665
187543,148,67,0.5472972972972973,0.13513513513513514,0.6085621305277524,427.8707986111111,5.36897319729591
1875434,3,2,0.3333333333333333,0.6666666666666666,-0.16619283322278627,244.96979166666668,0.9182958340544896
187585,6,6,0.0,0.16666666666666666,0.25624425009621166,1.9660532407407407,2.584962500721156
1876021,1,1,0.0,1.0,,0.0,0.0
1876680,12,11,0.08333333333333333,0.16666666666666666,0.26766944316329655,3.018923611111111,3.4182958340544896
1877383,1,1,0.0,1.0,,0.0,0.0
1878022,6,4,0.3333333333333333,0.3333333333333333,0.037052681907473885,2.298564814814815,1.9182958340544893
18802,132,83,0.3712121212121212,0.06818181818181818,0.15501025094004578,422.23819444444445,6.069830036393032
1881594,2,2,0.0,0.5,,13.582199074074074,1.0
188167,1,1,0.0,1.0,,0.0,0.0
18819,12,9,0.25,0.25,0.27310172015571627,364.15856481481484,3.0220552088742
1882051,1,1,0.0,1.0,,0.0,0.0
188222,9,9,0.0,0.1111111111111111,0.4474636546970686,214.0342013888889,3.169925001442312
1882637,1,1,0.0,1.0,,0.0,0.0
1882654,53,41,0.22641509433962265,0.18867924528301888,0.2638385631527824,448.9836111111111,4.987934021565584
18833,1,1,0.0,1.0,,0.0,0.0
1883435,1,1,0.0,1.0,,0.0,0.0
1883647,2,2,0.0,0.5,,127.12604166666667,1.0
188467,80,60,0.25,0.05,0.2278804454713896,423.59534722222224,5.73418371977919
1884745,2,2,0.0,0.5,,0.6623726851851852,1.0
188537,61,44,0.2786885245901639,0.16393442622950818,0.72502272700611,406.97391203703705,5.091076994138727
188573,1,1,0.0,1.0,,0.0,0.0
188604,163,73,0.5521472392638037,0.3006134969325153,0.47408700380082086,410.2691203703704,4.907576652845706
188666,10,8,0.2,0.2,0.4463045275375392,170.7057638888889,2.9219280948873623
1886860,1,1,0.0,1.0,,0.0,0.0
188793,68,54,0.20588235294117646,0.058823529411764705,0.17505786201264148,395.0332407407407,5.624083797069064
188860,3,2,0.3333333333333333,0.6666666666666666,-0.10317721874351558,1.0460648148148148,0.9182958340544896
1888728,21,20,0.047619047619047616,0.09523809523809523,0.6131553667535472,81.99392361111111,4.297079327540666
1888843,212,38,0.8207547169811321,0.3867924528301887,0.27224858903453053,443.9664583333333,3.381539447268307
188986,227,108,0.5242290748898678,0.1762114537444934,0.5547343993236187,432.9465625,5.818605748757511
1890162,1,1,0.0,1.0,,0.0,0.0
1890849,10,9,0.1,0.2,0.23698917624108276,1.7938078703703704,3.121928094887362
1891131,7,6,0.14285714285714285,0.2857142857142857,-0.002035547750803529,34.1043287037037,2.5216406363433186
1891800,44,27,0.38636363636363635,0.18181818181818182,0.09276782779184899,90.73469907407407,4.331939789672823
1891810,10,7,0.3,0.3,0.2760811127216777,38.62028935185185,2.6464393446710153
1894379,72,27,0.625,0.2361111111111111,0.6501858385641717,354.8618055555556,3.8884017783941647
1894517,7,6,0.14285714285714285,0.2857142857142857,-0.03914289724191065,4.17519675925926,2.5216406363433186
189517,5,4,0.2,0.4,0.2059874036935097,21.039375,1.9219280948873623
1895384,46,25,0.45652173913043476,0.17391304347826086,0.3802619071861977,363.1783912037037,4.211289608739616
1896754,2,2,0.0,0.5,,0.009664351851851851,1.0
1897693,186,129,0.3064516129032258,0.03763440860215054,0.42468351079717787,304.96085648148147,6.82587367958622
1897876,1,1,0.0,1.0,,0.0,0.0
189828,126,70,0.4444444444444444,0.09523809523809523,0.21122137655063586,442.20913194444444,5.591689149997599
1898321,2,2,0.0,0.5,,35.029710648148146,1.0
1898745,13,12,0.07692307692307693,0.15384615384615385,0.06359347917885246,80.74768518518519,3.5465935642949384
189940,2,2,0.0,0.5,,1.2955787037037036,1.0
1899641,22,8,0.6363636363636364,0.36363636363636365,0.5612147671418853,35.02280092592593,2.572623663895164
19,2,2,0.0,0.5,,0.09293981481481481,1.0
190025,9,9,0.0,0.1111111111111111,0.06893437520896754,2.6208912037037035,3.169925001442312
190114,57,16,0.7192982456140351,0.19298245614035087,0.273922151335717,70.04023148148148,3.5001469055988896
1901899,2,2,0.0,0.5,,0.0011689814814814816,1.0
190254,79,44,0.4430379746835443,0.21518987341772153,0.31043357223309836,404.0116203703704,4.829015959444071
190276,53,49,0.07547169811320754,0.03773584905660377,0.41552377766591664,199.2539699074074,5.576977058336784
19028,21,20,0.047619047619047616,0.09523809523809523,0.03446497129946433,4.894537037037037,4.297079327540666
1903033,92,54,0.41304347826086957,0.17391304347826086,0.31843062351703133,291.26444444444445,5.098631695950483
1903061,10,7,0.3,0.2,-0.09157292514311433,44.502037037037034,2.721928094887362
190331,61,36,0.4098360655737705,0.08196721311475409,0.11893275792807773,323.2291319444444,4.924440977148882
1904,3,3,0.0,0.3333333333333333,-0.004131297403184513,0.9255208333333333,1.584962500721156
19041,1,1,0.0,1.0,,0.0,0.0
190455,48,34,0.2916666666666667,0.125,0.3374482382799145,384.62621527777776,4.7720552088742005
190458,16,12,0.25,0.25,0.24841645583624045,306.8449537037037,3.375
1905126,8,7,0.125,0.25,0.30148545433604396,3.799988425925926,2.75
1905637,69,37,0.463768115942029,0.18840579710144928,0.2707580655349811,343.13491898148146,4.699464575407184
190689,15,12,0.2,0.26666666666666666,0.285253758152513,1.8261805555555555,3.3735572622751846
1910,1,1,0.0,1.0,,0.0,0.0
1911179,69,31,0.5507246376811594,0.34782608695652173,0.13857684524019298,220.7178935185185,3.901223550636166
1911558,4,4,0.0,0.25,0.0864184800754589,2.786886574074074,2.0
1911725,1,1,0.0,1.0,,0.0,0.0
1916862,13,12,0.07692307692307693,0.15384615384615385,0.3402335147952141,13.612581018518519,3.5465935642949384
1917830,1,1,0.0,1.0,,0.0,0.0
1918565,1,1,0.0,1.0,,0.0,0.0
1918873,10,10,0.0,0.1,0.09157622357370235,7.524837962962963,3.321928094887362
191931,7,7,0.0,0.14285714285714285,-0.105963075255025,7.082488425925926,2.807354922057604
1919761,8,8,0.0,0.125,0.29147470889589405,11.071331018518519,3.0
191992,111,39,0.6486486486486487,0.23423423423423423,0.3812770514923454,414.871087962963,4.355309941263179
192162,1,1,0.0,1.0,,0.0,0.0
19223,4,4,0.0,0.25,-0.2557800622944609,9.025694444444444,2.0
19225,239,122,0.4895397489539749,0.09623430962343096,0.36249409460172505,438.3323148148148,6.26686240645312
192359,1,1,0.0,1.0,,0.0,0.0
192371,619,225,0.6365105008077544,0.11954765751211632,0.6612815414941616,445.81033564814817,6.265199683634709
1923934,94,45,0.5212765957446809,0.24468085106382978,0.5899284343942344,440.9536111111111,4.7389386870776145
1924338,1,1,0.0,1.0,,0.0,0.0
1924636,1,1,0.0,1.0,,0.0,0.0
1924644,92,15,0.8369565217391305,0.43478260869565216,0.2170587413679782,287.6355439814815,2.1496268540073578
192575,36,26,0.2777777777777778,0.1111111111111111,0.544180595562883,364.17172453703705,4.537844793048882
1927563,13,8,0.38461538461538464,0.23076923076923078,0.39287761291063433,69.5815625,2.8150724101159437
1927626,63,35,0.4444444444444444,0.36507936507936506,0.15658549445599002,385.7940625,4.123362264905079
1927944,15,5,0.6666666666666666,0.5333333333333333,0.16397822343293889,34.080671296296295,1.8565647621309542
192804,4,3,0.25,0.5,-0.032787976652856266,13.935439814814815,1.5
1929042,3,3,0.0,0.3333333333333333,-0.5084525414721345,3.9751041666666667,1.584962500721156
1929375,4,2,0.5,0.75,-0.3249863200750554,0.440625,0.8112781244591328
19301,53,28,0.4716981132075472,0.18867924528301888,0.27620533279304366,379.9434259259259,4.232914919093819
193080,73,41,0.4383561643835616,0.1506849315068493,0.3208490293638718,409.0480439814815,4.947592527536168
1930961,102,55,0.46078431372549017,0.27450980392156865,0.25714284307008806,317.7515625,4.76894678472397
193155,95,23,0.7578947368421053,0.49473684210526314,0.21737985923895192,349.3904513888889,2.7186054409288793
193157,83,57,0.3132530120481928,0.07228915662650602,0.22171994510047516,294.1561805555556,5.581373130371898
1932886,5,5,0.0,0.2,0.15939377580444056,91.94054398148148,2.321928094887362
193342,3,3,0.0,0.3333333333333333,-0.20821255549023981,2.7594791666666665,1.584962500721156
1934398,16,10,0.375,0.25,0.37318362796521304,159.9053240740741,3.077819531114783
193448,76,51,0.32894736842105265,0.07894736842105263,0.4990965454447834,408.72725694444443,5.397543428139762
193546,1,1,0.0,1.0,,0.0,0.0
1935653,37,37,0.0,0.02702702702702703,0.2134948098109054,12.442928240740741,5.209453365628953
193675,182,96,0.4725274725274725,0.07142857142857142,0.7093184570720432,440.06289351851854,6.03416865777313
1937559,100,75,0.25,0.06,0.4944262224100785,433.09589120370373,6.035916314580012
1938671,1,1,0.0,1.0,,0.0,0.0
1938792,1,1,0.0,1.0,,0.0,0.0
1938990,2,2,0.0,0.5,,7.605277777777777,1.0
193907,28,24,0.14285714285714285,0.07142857142857142,0.35660089132305833,365.18886574074077,4.521640636343319
1939496,44,20,0.5454545454545454,0.45454545454545453,0.18846477507538167,107.88388888888889,3.2504895868211454
193993,2,2,0.0,0.5,,4.018287037037037,1.0
194027,136,89,0.34558823529411764,0.10294117647058823,0.1685004666385842,429.46802083333336,6.002119227775307
1940823,184,85,0.5380434782608695,0.08152173913043478,0.3332792233183253,445.8231944444444,5.771489968038915
1940826,4,2,0.5,0.5,0.09093134102240796,58.044074074074075,1.0
194138,785,207,0.7363057324840764,0.10191082802547771,0.7331741370746858,448.9749884259259,6.036358151977387
194203,101,68,0.32673267326732675,0.09900990099009901,0.3716050888412897,424.78291666666667,5.733872409125148
194242,3,3,0.0,0.3333333333333333,-0.34570440473467295,16.06914351851852,1.584962500721156
194265,52,21,0.5961538461538461,0.36538461538461536,0.312962662350363,366.9167361111111,3.2440902419087454
1945827,12,7,0.4166666666666667,0.5,0.14243034765712703,5.224282407407407,2.292481250360578
1947188,63,50,0.20634920634920634,0.12698412698412698,0.3367323747603671,335.74552083333333,5.393869010767164
19483,2,2,0.0,0.5,,62.90277777777778,1.0
19487,19,13,0.3157894736842105,0.15789473684210525,0.38103422693940514,353.6318865740741,3.5368867237421666
194928,303,247,0.1848184818481848,0.0231023102310231,0.4525478806115528,447.03702546296296,7.762838010316731
194935,8,6,0.25,0.25,0.009495580697496005,6.116805555555556,2.5
1949624,1,1,0.0,1.0,,0.0,0.0
1949833,21,17,0.19047619047619047,0.23809523809523808,0.35089698627280425,41.13780092592592,3.839477400186531
194988,86,71,0.1744186046511628,0.046511627906976744,0.2733584838675069,430.95907407407407,6.019060684834031
195106,1,1,0.0,1.0,,0.0,0.0
1951315,1,1,0.0,1.0,,0.0,0.0
1951351,1,1,0.0,1.0,,0.0,0.0
195276,16,13,0.1875,0.125,0.45024923993991606,365.8376388888889,3.625
1952872,131,47,0.6412213740458015,0.45038167938931295,0.22114035561168846,192.08219907407408,3.834071551692745
19535,5,4,0.2,0.4,-0.5412548172972399,1.4404398148148148,1.9219280948873623
195415,2,2,0.0,0.5,,2.9891550925925925,1.0
1955283,54,21,0.6111111111111112,0.5,0.2367884637207343,142.99421296296296,3.053188658409014
1955614,45,42,0.06666666666666667,0.044444444444444446,0.6311845308689187,264.83503472222225,5.358519762996341
1956309,72,65,0.09722222222222222,0.027777777777777776,0.21828005670568854,446.22664351851853,5.9754805569978675
1956833,55,44,0.2,0.07272727272727272,0.2718086597298317,416.1032175925926,5.308632440797386
1956845,92,67,0.2717391304347826,0.06521739130434782,0.171655696288087,428.80018518518517,5.81177996197697
1956863,1,1,0.0,1.0,,0.0,0.0
1958095,2,2,0.0,0.5,,0.4884375,1.0
19587,6,5,0.16666666666666666,0.3333333333333333,0.3197841869690789,92.38372685185185,2.2516291673878226
196061,42,22,0.47619047619047616,0.21428571428571427,0.5213010071851603,238.01636574074075,4.0580531366523855
196150,186,51,0.7258064516129032,0.3924731182795699,0.22318035007480827,451.196875,3.743931363545922
19621,82,53,0.35365853658536583,0.18292682926829268,0.1515847154625411,428.9186111111111,5.234221102929612
1963285,177,74,0.5819209039548022,0.15819209039548024,0.45283193117408815,144.0065277777778,5.235192298986485
19642,71,58,0.18309859154929578,0.056338028169014086,0.13666140740644145,422.3465625,5.744748703981253
196426,1,1,0.0,1.0,,0.0,0.0
1964281,5,4,0.2,0.4,-0.000354805042640732,8.128738425925926,1.9219280948873623
196453,94,37,0.6063829787234043,0.11702127659574468,0.43005548858766984,358.48511574074075,4.537704113589855
19649,16,11,0.3125,0.1875,0.07009926514115765,412.9768402777778,3.2806390622295662
196564,444,83,0.8130630630630631,0.29954954954954954,0.3236458562824661,430.19461805555557,4.019905439533017
196610,80,55,0.3125,0.2,0.16088105441483602,435.5499537037037,5.178055907333276
1966445,74,23,0.6891891891891891,0.3783783783783784,0.1205620176473656,104.89049768518518,3.138180009980147
1966693,2,2,0.0,0.5,,205.85329861111111,1.0
196740,22,21,0.045454545454545456,0.09090909090909091,0.6040329636995662,69.2216087962963,4.368522527728206
1967746,66,30,0.5454545454545454,0.19696969696969696,0.026305160407337467,422.8875115740741,4.202126546764542
196814,54,33,0.3888888888888889,0.18518518518518517,0.1581849897231843,15.279039351851852,4.577409559099136
196912,7,7,0.0,0.14285714285714285,0.055981196938565556,42.92793981481481,2.807354922057604
1969514,20,17,0.15,0.15,0.36744387210319274,352.89475694444445,3.9841837197791894
1970486,1,1,0.0,1.0,,0.0,0.0
197199,156,107,0.3141025641025641,0.08974358974358974,0.3464255030049277,428.92644675925925,6.29524690881394
197249,277,133,0.51985559566787,0.08303249097472924,0.27957640925184224,452.1608796296296,6.3291914030460354
197265,4,4,0.0,0.25,0.13802864872603152,3.974201388888889,2.0
197333,1,1,0.0,1.0,,0.0,0.0
1973952,3,3,0.0,0.3333333333333333,-0.33219399142966016,3.9652199074074073,1.584962500721156
197397,1,1,0.0,1.0,,0.0,0.0
19742,1,1,0.0,1.0,,0.0,0.0
197617,6,3,0.5,0.6666666666666666,0.22947785138780596,15.98988425925926,1.2516291673878228
197635,104,67,0.3557692307692308,0.057692307692307696,0.37129499783341846,425.21743055555555,5.779780045430955
1976794,37,31,0.16216216216216217,0.10810810810810811,0.5453048463561136,254.9655439814815,4.831074987250575
1977433,4,4,0.0,0.25,-0.06020584156308969,7.5603240740740745,2.0
1977435,1,1,0.0,1.0,,0.0,0.0
197776,23,19,0.17391304347826086,0.17391304347826086,0.008731695250985438,381.07427083333334,4.088779347361361
1978885,2,2,0.0,0.5,,109.24940972222223,1.0
198031,11,11,0.0,0.09090909090909091,0.009959672925816104,3.882164351851852,3.4594316186372978
1982245,23,19,0.17391304347826086,0.17391304347826086,0.020800027430585503,4.071655092592593,4.088779347361361
1983669,2,2,0.0,0.5,,0.7539930555555555,1.0
198446,5,5,0.0,0.2,0.0032310540962471866,413.32738425925925,2.321928094887362
198448,72,60,0.16666666666666666,0.06944444444444445,0.34194840299242124,402.9655324074074,5.775973223989531
198638,93,50,0.46236559139784944,0.23655913978494625,0.19509188531738247,440.5003009259259,4.844177272985979
1986575,5,5,0.0,0.2,0.16591466029115404,0.21875,2.321928094887362
19881,80,66,0.175,0.05,0.14021029885970368,440.1238310185185,5.93749200111032
198816,205,74,0.6390243902439025,0.23902439024390243,0.2985046807685242,452.28013888888887,4.982589801800897
1988754,74,38,0.4864864864864865,0.13513513513513514,0.1231764085196017,18.43539351851852,4.626891252645109
198906,191,67,0.6492146596858639,0.3507853403141361,0.5103619034048844,337.24724537037036,4.2832740183469475
19891,1,1,0.0,1.0,,0.0,0.0
198962,96,63,0.34375,0.15625,0.25172463585899735,414.02574074074073,5.460093366144261
1989763,60,32,0.4666666666666667,0.26666666666666666,0.18430020354495838,59.835659722222225,4.346729921034571
199038,1,1,0.0,1.0,,0.0,0.0
1990732,124,38,0.6935483870967742,0.23387096774193547,0.6150360085953553,339.6625115740741,3.925277517366121
199079,1,1,0.0,1.0,,0.0,0.0
199204,73,24,0.6712328767123288,0.410958904109589,0.2800879177351223,318.2167939814815,3.377981075602956
1992379,43,38,0.11627906976744186,0.046511627906976744,0.26861561871559037,50.98067129629629,5.193706615167214
199243,524,189,0.6393129770992366,0.09541984732824428,0.308258035029351,448.93258101851853,6.428473571681198
199304,74,27,0.6351351351351351,0.3108108108108108,0.7267539387013762,407.51533564814815,3.6453025919975333
1994024,2,2,0.0,0.5,,1.8712268518518518,1.0
1995721,65,45,0.3076923076923077,0.06153846153846154,0.10542542881792268,231.9537037037037,5.298990120587625
1996026,1,1,0.0,1.0,,0.0,0.0
199864,3,3,0.0,0.3333333333333333,-0.136511271528668,1.364826388888889,1.584962500721156
19989,6,6,0.0,0.16666666666666666,-0.3224860034646587,6.427662037037037,2.584962500721156
199895,1,1,0.0,1.0,,0.0,0.0
1999677,54,30,0.4444444444444444,0.24074074074074073,0.36152873386532647,98.04486111111112,4.123778524628816
2001,1,1,0.0,1.0,,0.0,0.0
2002518,1,1,0.0,1.0,,0.0,0.0
2002753,5,5,0.0,0.2,0.15319239956870792,62.154074074074074,2.321928094887362
200315,5,5,0.0,0.2,-0.25639976915015317,0.19909722222222223,2.321928094887362
200338,194,40,0.7938144329896907,0.37628865979381443,0.2445184177052838,452.1441087962963,3.641965410820448
200386,1,1,0.0,1.0,,0.0,0.0
2003930,2,2,0.0,0.5,,1.8854976851851852,1.0
2004784,1,1,0.0,1.0,,0.0,0.0
200510,3,1,0.6666666666666666,1.0,-0.27141407476003265,5.307476851851852,-0.0
20053,8,6,0.25,0.25,0.2516712340378943,310.539375,2.5
200559,71,36,0.49295774647887325,0.09859154929577464,0.32851877325806483,392.7537037037037,4.756650423440109
200562,4,4,0.0,0.25,-0.17459968702282744,0.8364351851851852,2.0
2006,72,50,0.3055555555555556,0.2361111111111111,0.1799784992307378,438.9475115740741,5.010385163924871
2006593,12,11,0.08333333333333333,0.16666666666666666,0.4990410297756449,111.48144675925926,3.4182958340544896
2007260,1,1,0.0,1.0,,0.0,0.0
2008108,14,14,0.0,0.07142857142857142,0.47447724550575443,357.81413194444445,3.8073549220576055
201007,101,44,0.5643564356435643,0.1485148514851485,0.44011506152941887,50.8519212962963,4.6854806125977015
201038,10,8,0.2,0.2,0.3732828469460039,395.7692939814815,2.9219280948873623
201062,39,33,0.15384615384615385,0.10256410256410256,0.18293373084160605,427.87494212962963,4.907071770088826
201080,102,40,0.6078431372549019,0.24509803921568626,0.2255693504276462,441.0559259259259,4.3016490757238515
2011485,5,3,0.4,0.4,-0.11730463280538579,26.597604166666667,1.5219280948873621
2012971,6,3,0.5,0.5,0.09011285021552622,53.064108796296296,1.4591479170272448
2013036,1,1,0.0,1.0,,0.0,0.0
201399,3,3,0.0,0.3333333333333333,-0.583262611455842,1.6626273148148147,1.584962500721156
2016029,2,2,0.0,0.5,,0.08969907407407407,1.0
2016108,81,39,0.5185185185185185,0.14814814814814814,0.10188950364908111,257.6331597222222,4.704720719256543
2017013,163,64,0.6073619631901841,0.15337423312883436,0.17615582988192374,261.84430555555554,5.075494710370957
201733,117,73,0.37606837606837606,0.06837606837606838,0.18732019658512325,416.70625,5.919217604069351
201759,8,7,0.125,0.25,0.4072139337530885,71.33006944444445,2.75
2017770,1,1,0.0,1.0,,0.0,0.0
201839,100,57,0.43,0.13,0.24114986446181383,192.7604976851852,5.242666341732933
20186,1,1,0.0,1.0,,0.0,0.0
2020831,1,1,0.0,1.0,,0.0,0.0
20214,1,1,0.0,1.0,,0.0,0.0
2021716,4,4,0.0,0.25,0.15822955424524993,188.23614583333332,2.0
202495,4,4,0.0,0.25,-0.5619170978472239,4.236435185185186,2.0
202519,1,1,0.0,1.0,,0.0,0.0
202541,75,47,0.37333333333333335,0.06666666666666667,0.1533704477064485,260.88625,5.373632483996981
202542,188,99,0.4734042553191489,0.0797872340425532,0.25938722125676633,448.6030439814815,6.1509983816316085
2026103,5,3,0.4,0.6,-0.19559123469536513,3.8339699074074076,1.3709505944546687
202619,79,53,0.3291139240506329,0.10126582278481013,0.24091615092082547,444.26491898148146,5.313088817715201
2027251,1,1,0.0,1.0,,0.0,0.0
202772,65,44,0.3230769230769231,0.3076923076923077,0.09685057720314127,421.944375,4.631005322293881
202842,163,26,0.8404907975460123,0.44171779141104295,0.3678501966600093,440.5666550925926,2.4039582289473618
2029,199,137,0.31155778894472363,0.10552763819095477,0.3075809021783333,448.4471296296296,6.666109450353021
2030074,11,5,0.5454545454545454,0.45454545454545453,-0.016394205585408755,13.800428240740741,2.0403733936884962
203086,9,6,0.3333333333333333,0.3333333333333333,0.023046704494264353,3.3374305555555557,2.4193819456463714
2031876,8,8,0.0,0.125,0.2683956836978545,10.77920138888889,3.0
203547,1,1,0.0,1.0,,0.0,0.0
203620,111,85,0.23423423423423423,0.06306306306306306,0.2902400297415184,227.36780092592593,6.218594722558275
20369,3,3,0.0,0.3333333333333333,-0.003958304068044871,270.9063541666667,1.584962500721156
20372,2,2,0.0,0.5,,134.01320601851853,1.0
203765,84,57,0.32142857142857145,0.08333333333333333,0.3078149169967827,430.9284259259259,5.488861286922441
20383,12,4,0.6666666666666666,0.6666666666666666,0.17367782881609037,274.98653935185183,1.4182958340544896
203855,14,13,0.07142857142857142,0.14285714285714285,0.12176437230031409,2.851608796296296,3.6644977792004623
203874,107,28,0.7383177570093458,0.21495327102803738,0.5265989809425181,82.09956018518518,3.933725712918535
203891,9,9,0.0,0.1111111111111111,0.2390934939154997,3.6002199074074075,3.169925001442312
204129,117,69,0.41025641025641024,0.05982905982905983,0.7665008798240962,446.73099537037035,5.725508550156901
204238,341,92,0.7302052785923754,0.24633431085043989,0.628446247104406,442.8050347222222,4.674099725359135
2042400,2,1,0.5,1.0,,89.31146990740741,-0.0
204436,3,3,0.0,0.3333333333333333,-0.4561455291120364,1.0848958333333334,1.584962500721156
204600,61,45,0.26229508196721313,0.08196721311475409,0.15390588860350662,205.58822916666668,5.277060239514897
204633,1,1,0.0,1.0,,0.0,0.0
2046989,2,2,0.0,0.5,,0.7963310185185185,1.0
2047645,7,6,0.14285714285714285,0.2857142857142857,-0.052593976142175335,1.7609722222222222,2.5216406363433186
204839,2,2,0.0,0.5,,0.27966435185185184,1.0
2048832,7,7,0.0,0.14285714285714285,-0.19464963867014307,1.8292708333333334,2.807354922057604
2049296,138,71,0.4855072463768116,0.15217391304347827,0.3300575367364126,431.89975694444445,5.429029498956366
2049302,220,67,0.6954545454545454,0.5181818181818182,0.23961158584213632,415.2888425925926,3.7187041048709544
2049584,1,1,0.0,1.0,,0.0,0.0
2049589,53,38,0.2830188679245283,0.1509433962264151,0.7452214163464114,152.93934027777777,4.8908538889669675
204961,67,22,0.6716417910447762,0.43283582089552236,0.5206665764446207,419.84133101851853,3.174889634009861
20497,90,29,0.6777777777777778,0.24444444444444444,0.45544079342107024,447.0305902777778,3.9708041188386627
2050884,6,6,0.0,0.16666666666666666,0.3299561062837367,222.07583333333332,2.584962500721156
2051209,3,3,0.0,0.3333333333333333,-0.5257618896973533,0.8373148148148148,1.584962500721156
205241,4,3,0.25,0.5,-0.17830713775893928,2.16974537037037,1.5
205424,19,18,0.05263157894736842,0.10526315789473684,0.25194732961270094,15.30670138888889,4.142664355548848
2054787,11,10,0.09090909090909091,0.18181818181818182,0.1743311268845335,51.87026620370371,3.2776134368191157
205504,84,27,0.6785714285714286,0.2261904761904762,0.266295923645102,272.47884259259257,3.9239166596330084
2055995,71,46,0.352112676056338,0.11267605633802817,0.4688915151189092,168.50704861111112,5.244611027863971
2056090,65,52,0.2,0.046153846153846156,0.48620730401038825,240.9380787037037,5.5991405052695775
2057003,2,2,0.0,0.5,,0.6631481481481482,1.0
2057020,77,70,0.09090909090909091,0.025974025974025976,0.2541944291296307,403.26721064814814,6.084968358876721
2057289,11,11,0.0,0.09090909090909091,0.14618413722616547,129.1036689814815,3.4594316186372978
20580,4,4,0.0,0.25,-0.12239888780482425,4.2112847222222225,2.0
2058002,375,69,0.816,0.144,0.4814398278968427,452.1220601851852,4.73088405067273
2058572,191,82,0.5706806282722513,0.09947643979057591,0.3412692419947358,54.41480324074074,5.569055471933227
205858,111,56,0.4954954954954955,0.11711711711711711,0.17593397467574456,425.0846064814815,5.3530101749288015
2058898,15,11,0.26666666666666666,0.2,0.36527110847857447,39.62070601851852,3.2729055953200556
20605,167,119,0.2874251497005988,0.1317365269461078,0.510017324385333,412.94495370370373,6.408982555509512
2060519,7,7,0.0,0.14285714285714285,-0.14755221247695233,1.3058564814814815,2.807354922057604
2061053,9,9,0.0,0.1111111111111111,0.23121058636488517,3.225925925925926,3.169925001442312
206177,104,68,0.34615384615384615,0.25,0.22079091395763437,432.7775925925926,5.246295653907225
2063054,2,2,0.0,0.5,,1.666400462962963,1.0
2063062,1,1,0.0,1.0,,0.0,0.0
20640,49,43,0.12244897959183673,0.061224489795918366,0.20609486263888632,413.93391203703703,5.354406017540444
206401,74,67,0.0945945945945946,0.02702702702702703,0.08851007622463124,409.9624189814815,6.020264176439762
2064153,74,44,0.40540540540540543,0.12162162162162163,0.5937628472613696,376.0348726851852,5.095890825170734
2064381,9,5,0.4444444444444444,0.4444444444444444,0.11001202833505642,15.242858796296296,2.058813890331201
2064566,2,2,0.0,0.5,,3.697060185185185,1.0
206480,1,1,0.0,1.0,,0.0,0.0
206496,2,2,0.0,0.5,,0.037210648148148145,1.0
2065667,113,29,0.7433628318584071,0.17699115044247787,0.3002604166900634,452.1811574074074,3.9628575318246746
2066252,73,36,0.5068493150684932,0.1780821917808219,0.45081432075357397,166.74636574074074,4.62845443125315
206633,5,4,0.2,0.4,-0.3935283859182754,1.447673611111111,1.9219280948873623
206712,1,1,0.0,1.0,,0.0,0.0
20676,7,6,0.14285714285714285,0.2857142857142857,-0.3241018261335867,4.571979166666667,2.5216406363433186
2068352,5,5,0.0,0.2,0.08401971392981852,17.093113425925925,2.321928094887362
206857,22,17,0.22727272727272727,0.18181818181818182,0.24944338358713317,397.91609953703704,3.879664004902594
207063,121,68,0.4380165289256198,0.2727272727272727,0.48050308951041604,444.9669097222222,5.117418766670002
207083,4,4,0.0,0.25,-0.4314651316976894,0.7973611111111111,2.0
207103,1,1,0.0,1.0,,0.0,0.0
2071162,1,1,0.0,1.0,,0.0,0.0
2073066,5,4,0.2,0.4,-0.226018271298562,8.783101851851852,1.9219280948873623
2074645,22,17,0.22727272727272727,0.13636363636363635,0.5742151523346807,103.9853125,3.9705730958116847
20749,48,29,0.3958333333333333,0.1875,0.015169485900766591,436.93847222222223,4.381866543182523
207540,124,20,0.8387096774193549,0.27419354838709675,0.24341407507482873,54.09412037037037,3.363983359961641
207565,61,55,0.09836065573770492,0.06557377049180328,0.33893246316366327,370.89344907407406,5.701229140841573
2075810,2,2,0.0,0.5,,18.1496875,1.0
207602,17,16,0.058823529411764705,0.11764705882352941,0.15031254965670002,7.049942129629629,3.9698157824268097
207691,70,65,0.07142857142857142,0.04285714285714286,0.29781177151924304,311.4910185185185,5.975641766914059
207713,117,87,0.2564102564102564,0.17094017094017094,0.11069359270928386,444.24659722222225,5.930635344352
207821,2,2,0.0,0.5,,0.3396527777777778,1.0
2078618,1,1,0.0,1.0,,0.0,0.0
207976,9,6,0.3333333333333333,0.2222222222222222,0.38810795845856355,7.599085648148148,2.5032583347756456
2080444,35,27,0.22857142857142856,0.08571428571428572,0.517880806842682,117.1802199074074,4.650571945454581
208292,54,43,0.2037037037037037,0.07407407407407407,0.41418396620453524,448.01078703703706,5.273406020681986
2082941,1,1,0.0,1.0,,0.0,0.0
2083329,1,1,0.0,1.0,,0.0,0.0
208361,92,72,0.21739130434782608,0.06521739130434782,0.21181358467937736,420.9061111111111,5.9597108366991085
2083936,22,20,0.09090909090909091,0.09090909090909091,0.13041042157082813,12.81726851851852,4.277613436819115
20842,173,125,0.2774566473988439,0.03468208092485549,0.24433943815263448,440.8258912037037,6.740909912790801
208491,3,3,0.0,0.3333333333333333,-0.0013317814535443587,1.0355671296296296,1.584962500721156
2087,166,120,0.27710843373493976,0.04216867469879518,0.32592930589839425,426.61717592592595,6.664604736215016
2088443,19,12,0.3684210526315789,0.3157894736842105,0.5907796482305546,340.20159722222223,3.2210972500579564
2088462,4,4,0.0,0.25,-0.017373062543464532,0.4905671296296296,2.0
208968,3,3,0.0,0.3333333333333333,-0.04667767761212849,4.99494212962963,1.584962500721156
2089902,1,1,0.0,1.0,,0.0,0.0
208994,17,12,0.29411764705882354,0.17647058823529413,0.0712426627429987,6.682893518518519,3.4548223999466066
2090083,490,87,0.8224489795918367,0.20408163265306123,0.42775201392473866,428.90390046296295,4.576532725089822
2090558,15,7,0.5333333333333333,0.2,0.36159308639759496,137.04871527777777,2.6892464285091577
2092,8,7,0.125,0.25,0.2159417405209566,159.78559027777777,2.75
2092132,320,87,0.728125,0.09375,0.39526035847078705,443.7889236111111,5.509335492177646
209231,2,2,0.0,0.5,,0.0004861111111111111,1.0
209252,83,55,0.3373493975903614,0.0963855421686747,0.45159295315178766,384.6762037037037,5.432091690304873
2092713,48,33,0.3125,0.20833333333333334,0.44688721795517766,230.5284375,4.567693304402188
209286,181,43,0.7624309392265194,0.17679558011049723,0.3840820500101637,434.79863425925925,4.0364076926292665
209343,52,10,0.8076923076923077,0.4807692307692308,0.3137394557883132,132.94917824074074,2.0400904768374892
209491,144,91,0.3680555555555556,0.10416666666666667,0.6293341852434581,424.15435185185186,5.991023095677041
2095603,1,1,0.0,1.0,,0.0,0.0
209630,2,2,0.0,0.5,,3.528634259259259,1.0
20965,114,39,0.6578947368421053,0.42105263157894735,0.08705586580615131,292.8771875,3.809140974535741
209712,11,8,0.2727272727272727,0.2727272727272727,0.20181948045800083,41.97612268518518,2.8453509366224363
2097164,18,13,0.2777777777777778,0.16666666666666666,0.47256807719574667,212.4839814814815,3.530493056757482
2097641,79,36,0.5443037974683544,0.35443037974683544,0.09450110257333878,415.6730324074074,4.018691067436514
209837,256,128,0.5,0.08203125,0.29780415379111597,441.2386921296296,6.379414937541579
2100,17,16,0.058823529411764705,0.11764705882352941,0.53070650032565,397.8864814814815,3.9698157824268097
2100951,1,1,0.0,1.0,,0.0,0.0
2101,15,10,0.3333333333333333,0.26666666666666666,0.36370353603484673,173.26950231481482,3.1068905956085184
2101670,168,103,0.3869047619047619,0.05952380952380952,0.40089375601595123,452.38649305555555,6.305143595909153
2101887,5,5,0.0,0.2,-0.08544146702620543,4.300636574074074,2.321928094887362
2102578,33,25,0.24242424242424243,0.12121212121212122,0.17805180812307295,56.25890046296296,4.438333513297848
2103496,108,62,0.42592592592592593,0.18518518518518517,0.357309825035046,337.40435185185186,5.235560628186691
210378,2,2,0.0,0.5,,0.5034606481481482,1.0
210391,2,2,0.0,0.5,,3.136736111111111,1.0
2105403,10,10,0.0,0.1,0.10744899595716846,3.541412037037037,3.321928094887362
2105971,9,8,0.1111111111111111,0.2222222222222222,0.2128543508307418,148.5295023148148,2.94770277922009
210677,7,5,0.2857142857142857,0.42857142857142855,0.37824989587372454,284.91082175925925,2.1280852788913944
2108480,16,16,0.0,0.0625,0.3474102500735293,158.4036574074074,4.0
210849,1,1,0.0,1.0,,0.0,0.0
210985,139,56,0.5971223021582733,0.19424460431654678,0.3282446757006285,447.12399305555556,4.923230991754021
21102,67,54,0.19402985074626866,0.05970149253731343,0.2591193926754954,441.0921412037037,5.625644787408116
211073,1,1,0.0,1.0,,0.0,0.0
211121,184,99,0.46195652173913043,0.09239130434782608,0.36914158198377695,437.89716435185187,6.041494041678545
2112691,1,1,0.0,1.0,,0.0,0.0
211322,9,9,0.0,0.1111111111111111,0.10723067402821239,3.1022569444444446,3.169925001442312
211455,244,87,0.6434426229508197,0.14344262295081966,0.297840539487789,428.0384837962963,5.346427100160654
2114679,13,10,0.23076923076923078,0.15384615384615385,0.12089891298535636,109.08094907407407,3.238901256602631
2115453,64,33,0.484375,0.234375,0.6336127220121861,167.09243055555555,4.322527399432949
2117836,11,10,0.09090909090909091,0.18181818181818182,0.28065684695376525,7.678113425925926,3.2776134368191157
21179,2,2,0.0,0.5,,0.14931712962962962,1.0
211801,3,3,0.0,0.3333333333333333,-0.3907053847033269,0.2815856481481481,1.584962500721156
211828,91,58,0.3626373626373626,0.16483516483516483,0.32713366739229305,294.96907407407406,5.369081355113185
211903,1,1,0.0,1.0,,0.0,0.0
2119371,119,75,0.3697478991596639,0.09243697478991597,0.30392377392406356,405.46769675925924,5.7359755848459715
212049,134,55,0.5895522388059702,0.20149253731343283,0.5571605676435052,446.9191550925926,4.8615540719494765
212076,57,32,0.43859649122807015,0.14035087719298245,0.2928815088959659,183.85327546296296,4.584446865765967
212278,1,1,0.0,1.0,,0.0,0.0
21233,9,7,0.2222222222222222,0.3333333333333333,0.34864487612472683,99.07918981481481,2.6416041678685933
2124862,1,1,0.0,1.0,,0.0,0.0
2125230,1,1,0.0,1.0,,0.0,0.0
212622,11,10,0.09090909090909091,0.18181818181818182,0.09932785478320233,10.394664351851851,3.2776134368191157
212688,1,1,0.0,1.0,,0.0,0.0
2128351,115,69,0.4,0.1826086956521739,0.5524212520026982,110.80690972222222,5.435448200168311
212837,1,1,0.0,1.0,,0.0,0.0
2128487,6,6,0.0,0.16666666666666666,-0.2050566868881685,2.8281365740740743,2.584962500721156
2130332,3,3,0.0,0.3333333333333333,-0.014847984916332845,0.049837962962962966,1.584962500721156
213078,1,1,0.0,1.0,,0.0,0.0
2131110,14,13,0.07142857142857142,0.14285714285714285,0.5276604582519883,236.63811342592592,3.6644977792004623
2132092,2,2,0.0,0.5,,0.19094907407407408,1.0
2132896,51,24,0.5294117647058824,0.39215686274509803,0.4239018044891535,70.21015046296296,3.5557912850680795
213335,86,49,0.43023255813953487,0.1511627906976744,0.37040833060139783,426.85038194444445,5.033771070660485
2133654,80,26,0.675,0.2125,0.6880622753499808,405.1166782407407,4.014149392249575
2133895,102,38,0.6274509803921569,0.2647058823529412,0.5017094883935861,346.7179861111111,3.9322496820554598
2134629,22,18,0.18181818181818182,0.13636363636363635,0.25734118351227325,201.10127314814815,4.027169118440618
2135277,99,62,0.37373737373737376,0.12121212121212122,0.5492460775107515,391.7750925925926,5.574774519131045
213811,134,65,0.5149253731343284,0.2462686567164179,0.26658401658287373,432.7252314814815,4.721415954526246
2138110,12,10,0.16666666666666666,0.25,0.5166647729933902,260.32467592592593,3.188721875540867
2138988,94,47,0.5,0.3191489361702128,0.2535559626794841,254.75899305555555,4.530905150859449
213906,12,10,0.16666666666666666,0.25,0.31929044289795144,2.673321759259259,3.188721875540867
21391,3,2,0.3333333333333333,0.6666666666666666,-0.01277142119098624,3.0857175925925926,0.9182958340544896
213950,4,4,0.0,0.25,-0.15627592350589686,1.3742939814814814,2.0
2139506,11,10,0.09090909090909091,0.18181818181818182,0.18696979813134051,1.2453935185185185,3.2776134368191157
2140941,1,1,0.0,1.0,,0.0,0.0
2141118,1,1,0.0,1.0,,0.0,0.0
214181,6,6,0.0,0.16666666666666666,0.15072964035844694,8.012476851851853,2.584962500721156
2141854,52,41,0.21153846153846154,0.07692307692307693,0.38558299984919153,176.7804976851852,5.171405583442497
214186,1,1,0.0,1.0,,0.0,0.0
2142435,5,5,0.0,0.2,-0.06957576547733298,13.906481481481482,2.321928094887362
2144320,52,26,0.5,0.36538461538461536,0.4082345637535808,102.86065972222222,3.7712038867975353
2146266,1,1,0.0,1.0,,0.0,0.0
214660,3,3,0.0,0.3333333333333333,-0.8133490500825855,2.8844212962962965,1.584962500721156
214673,7,7,0.0,0.14285714285714285,0.2753836949316676,0.948113425925926,2.807354922057604
2147441,10,10,0.0,0.1,0.2563071271658466,19.414502314814815,3.321928094887362
214809,10,8,0.2,0.3,0.3395649326083442,6.365833333333334,2.8464393446710154
21481,6,6,0.0,0.16666666666666666,-0.48712377827212583,0.3663888888888889,2.584962500721156
214873,29,21,0.27586206896551724,0.1724137931034483,0.4233385096835446,382.01971064814813,4.155755892486183
21510,4,4,0.0,0.25,-0.15056363818857843,248.1594212962963,2.0
2153052,1,1,0.0,1.0,,0.0,0.0
2153230,2,2,0.0,0.5,,0.7998032407407407,1.0
21548,69,47,0.3188405797101449,0.08695652173913043,0.10432064721091387,431.59873842592594,5.318244384126273
215565,2,2,0.0,0.5,,0.03980324074074074,1.0
2156566,3,3,0.0,0.3333333333333333,-0.2670382390292084,0.2078587962962963,1.584962500721156
215679,37,21,0.43243243243243246,0.21621621621621623,0.6476053033472638,137.4699652777778,3.9563580149100237
215722,5,5,0.0,0.2,0.22621834146842032,1.159826388888889,2.321928094887362
2157559,196,78,0.6020408163265306,0.20408163265306123,0.3600371643220476,394.12268518518516,5.138502781352467
215888,8,8,0.0,0.125,-0.08437737328132942,2.9000347222222222,3.0
21596,3,3,0.0,0.3333333333333333,-0.002119586066009465,250.95092592592593,1.584962500721156
2161861,97,51,0.4742268041237113,0.18556701030927836,0.37619828340634026,395.0218287037037,5.034659749824978
2162385,1,1,0.0,1.0,,0.0,0.0
216449,4,4,0.0,0.25,-0.20422554869464524,20.965173611111112,2.0
216543,5,5,0.0,0.2,0.2674852971409577,382.14126157407406,2.321928094887362
216857,67,33,0.5074626865671642,0.16417910447761194,0.13145427796630527,237.07763888888888,4.44710376379179
216945,1,1,0.0,1.0,,0.0,0.0
216958,101,75,0.25742574257425743,0.06930693069306931,0.2539794453262474,445.97050925925925,6.013050498011892
2169607,27,26,0.037037037037037035,0.07407407407407407,0.26939582485168634,5.799039351851852,4.680813428089396
216997,110,57,0.4818181818181818,0.10909090909090909,0.20023554244910596,441.7947800925926,5.293117923499982
217101,3,3,0.0,0.3333333333333333,-0.21279114004311622,0.9962152777777777,1.584962500721156
217274,3,3,0.0,0.3333333333333333,-0.840271420725009,1.861400462962963,1.584962500721156
217633,318,143,0.550314465408805,0.21069182389937108,0.2944278845324879,428.8419328703704,5.959405677154399
217655,66,52,0.21212121212121213,0.045454545454545456,0.05317199014632206,193.12844907407407,5.585838626835872
2176900,2,2,0.0,0.5,,2.7341203703703703,1.0
217705,247,147,0.4048582995951417,0.10931174089068826,0.29978664513745557,434.6996875,6.395442118562442
217708,9,9,0.0,0.1111111111111111,0.17559420470184234,3.111689814814815,3.169925001442312
217856,2,2,0.0,0.5,,0.8683796296296297,1.0
218271,2,2,0.0,0.5,,31.256689814814816,1.0
2184249,8,8,0.0,0.125,0.2717957084957851,3.0665046296296294,3.0
218522,37,30,0.1891891891891892,0.13513513513513514,0.24088736627516696,10.387326388888889,4.7335171365901205
21875,24,21,0.125,0.08333333333333333,0.5099748755574723,367.4985185185185,4.334962500721156
21896,138,74,0.463768115942029,0.11594202898550725,0.26163727737612685,439.6809490740741,5.568173550761584
21898,33,29,0.12121212121212122,0.09090909090909091,0.34214841254483963,115.61179398148148,4.779094498080775
219041,1,1,0.0,1.0,,0.0,0.0
219287,6,6,0.0,0.16666666666666666,-0.01641289192324929,2.22537037037037,2.584962500721156
219729,3,3,0.0,0.3333333333333333,-0.4454281525769639,0.5820023148148148,1.584962500721156
219859,20,12,0.4,0.35,0.2618018071957141,410.8306944444444,3.139353872167201
219960,63,41,0.3492063492063492,0.15873015873015872,0.17206103030774844,427.0774537037037,4.9038568615088
220119,1,1,0.0,1.0,,0.0,0.0
220205,1,1,0.0,1.0,,0.0,0.0
220458,94,51,0.4574468085106383,0.1595744680851064,0.31799600832379893,399.1527199074074,5.155682341850947
22056,9,7,0.2222222222222222,0.2222222222222222,0.21814139275966568,220.9475,2.725480556997868
220779,146,109,0.2534246575342466,0.0547945205479452,0.33651467340985963,449.12796296296295,6.525307093067322
220877,2,2,0.0,0.5,,0.0028703703703703703,1.0
22088,2,2,0.0,0.5,,0.0760300925925926,1.0
220950,4,4,0.0,0.25,-0.2598522994633803,5.198287037037037,2.0
220956,104,57,0.4519230769230769,0.11538461538461539,0.19857372575664614,397.9813541666667,5.376518174784821
22158,5,4,0.2,0.4,-0.007831948636041893,2.198113425925926,1.9219280948873623
221934,32,29,0.09375,0.0625,0.3667959075220375,411.27417824074075,4.8125
221968,27,25,0.07407407407407407,0.1111111111111111,0.3341176504688444,4.094560185185185,4.578780557638895
221985,19,14,0.2631578947368421,0.3157894736842105,0.02095269122280069,5.367766203703703,3.4316235658474294
222046,1,1,0.0,1.0,,0.0,0.0
222186,2,2,0.0,0.5,,8.172361111111112,1.0
222503,4,3,0.25,0.5,0.13862997908884703,3.0603935185185187,1.5
222536,82,46,0.43902439024390244,0.2073170731707317,0.18554206663042203,394.21177083333333,4.807084288085658
22291,3,3,0.0,0.3333333333333333,-0.003692488033603619,139.13791666666665,1.584962500721156
222952,6,6,0.0,0.16666666666666666,-0.44972655272035067,3.8544328703703705,2.584962500721156
22341,120,58,0.5166666666666667,0.2833333333333333,0.2406021586409514,442.6440162037037,4.739314224672862
223741,11,5,0.5454545454545454,0.36363636363636365,0.4648758950508514,65.53005787037037,2.004886164091843
223746,10,9,0.1,0.2,0.3005430317429775,18.81636574074074,3.121928094887362
223801,82,26,0.6829268292682927,0.35365853658536583,0.512037649905977,373.319525462963,3.337399203702234
22388,95,65,0.3157894736842105,0.10526315789473684,0.20493966703283079,413.292662037037,5.6561388728115
223979,1,1,0.0,1.0,,0.0,0.0
223983,548,135,0.7536496350364964,0.15875912408759124,0.38100649417125204,449.05971064814815,5.746709549353432
224098,7,7,0.0,0.14285714285714285,0.21746676980691249,287.61569444444444,2.807354922057604
224106,81,18,0.7777777777777778,0.37037037037037035,0.14224214709645702,72.19787037037037,2.8056747823139987
224351,9,9,0.0,0.1111111111111111,-0.2518968140096648,3.038263888888889,3.169925001442312
224396,20,16,0.2,0.25,0.3093001966288006,4.173020833333333,3.7414460711655217
224741,2,2,0.0,0.5,,0.10504629629629629,1.0
224744,11,7,0.36363636363636365,0.45454545454545453,0.4804699271297225,196.95923611111112,2.4040097573248604
224934,15,14,0.06666666666666667,0.13333333333333333,0.5260424707809686,258.10328703703703,3.773557262275185
224938,1,1,0.0,1.0,,0.0,0.0
225039,3,3,0.0,0.3333333333333333,-0.0003995064508611448,387.11932870370373,1.584962500721156
225553,10,10,0.0,0.1,0.040266960426496086,5.662025462962963,3.321928094887362
225698,200,94,0.53,0.11,0.5734537912953352,411.033275462963,5.968031583042696
225775,74,47,0.36486486486486486,0.1891891891891892,0.19605916820782762,437.91908564814815,5.015905812690299
225807,1,1,0.0,1.0,,0.0,0.0
22586,1,1,0.0,1.0,,0.0,0.0
22590,74,42,0.43243243243243246,0.14864864864864866,0.5911807620584182,423.72778935185187,4.894387517874216
226158,4,4,0.0,0.25,-0.5099008154004594,2.9679398148148146,2.0
226219,3,3,0.0,0.3333333333333333,-0.13715289937663555,2.0670254629629627,1.584962500721156
226408,265,38,0.8566037735849057,0.4075471698113208,0.3705138562519856,390.2641435185185,3.3344905469973316
22660,2,2,0.0,0.5,,0.10888888888888888,1.0
226647,2,2,0.0,0.5,,6.792048611111111,1.0
226652,2,2,0.0,0.5,,1.3349421296296295,1.0
227104,114,85,0.2543859649122807,0.05263157894736842,0.7930212384378292,315.5312847222222,6.18917003183795
227329,6,6,0.0,0.16666666666666666,0.3208532205312312,271.1821527777778,2.584962500721156
227366,2,2,0.0,0.5,,2.195787037037037,1.0
227389,2,2,0.0,0.5,,1.575162037037037,1.0
227428,7,6,0.14285714285714285,0.2857142857142857,0.03375385247121175,1.3963425925925925,2.5216406363433186
227479,65,43,0.3384615384615385,0.24615384615384617,0.13295326158850332,265.6520486111111,4.810754159149016
227613,22,20,0.09090909090909091,0.09090909090909091,0.6262009254597496,241.0406712962963,4.277613436819115
227647,115,65,0.43478260869565216,0.16521739130434782,0.5237289942246286,423.0604861111111,5.275551645055547
227724,21,21,0.0,0.047619047619047616,0.2337324133945872,24.480787037037036,4.392317422778761
228033,7,7,0.0,0.14285714285714285,-0.34295366810071043,7.770613425925926,2.807354922057604
228079,174,38,0.7816091954022989,0.26436781609195403,0.3663628603749528,440.5927546296296,3.696763920933279
228286,11,11,0.0,0.09090909090909091,0.44458265650237483,372.10405092592595,3.4594316186372978
228307,5,5,0.0,0.2,-0.5606768524505298,2.823587962962963,2.321928094887362
228320,5,3,0.4,0.4,0.031058220816643767,1.8579166666666667,1.5219280948873621
228393,6,5,0.16666666666666666,0.3333333333333333,0.2709847702431127,125.07825231481482,2.2516291673878226
228524,42,29,0.30952380952380953,0.14285714285714285,0.2920763047127966,235.49938657407407,4.510899565429859
228655,137,59,0.5693430656934306,0.1678832116788321,0.4896983250188474,449.3713425925926,5.0944944698179935
22869,91,58,0.3626373626373626,0.08791208791208792,0.643338825430482,388.3225347222222,5.462066514278586
22875,169,120,0.28994082840236685,0.05325443786982249,0.3975443711551309,408.1321643518518,6.623227495438625
228793,8,7,0.125,0.25,-0.3249472091830407,3.6843287037037036,2.75
228806,10,9,0.1,0.2,-0.1353956310973334,3.8686689814814814,3.121928094887362
229,1,1,0.0,1.0,,0.0,0.0
229106,82,62,0.24390243902439024,0.14634146341463414,0.7016265602887641,448.96640046296295,5.585793315409009
229137,171,40,0.7660818713450293,0.15789473684210525,0.34134892176229026,449.0873148148148,4.340555989560832
229234,99,62,0.37373737373737376,0.15151515151515152,0.33517639896386253,420.0901851851852,5.424564767582794
229371,10,10,0.0,0.1,0.12895956388328134,10.109340277777777,3.321928094887362
22993,76,53,0.3026315789473684,0.25,0.1615546303351605,418.9698726851852,5.044433957422645
23066,1,1,0.0,1.0,,0.0,0.0
230749,210,87,0.5857142857142857,0.16666666666666666,0.7321051083038118,445.9749189814815,5.4402500967190655
231158,9,8,0.1111111111111111,0.2222222222222222,0.44916390717174554,2.5505324074074074,2.94770277922009
231208,3,3,0.0,0.3333333333333333,-9.952843427831546e-05,5.815034722222222,1.584962500721156
231315,68,62,0.08823529411764706,0.04411764705882353,0.3024140892103802,436.0785763888889,5.899890966218527
231458,2,2,0.0,0.5,,2.220324074074074,1.0
231568,10,9,0.1,0.2,0.1964565385432019,57.25741898148148,3.121928094887362
231728,68,40,0.4117647058823529,0.17647058823529413,0.30196542020784234,348.256412037037,4.873796296941798
231932,1,1,0.0,1.0,,0.0,0.0
23215,37,35,0.05405405405405406,0.05405405405405406,-0.030285378091591184,17.375787037037036,5.101345257520843
232313,1,1,0.0,1.0,,0.0,0.0
232497,78,57,0.2692307692307692,0.10256410256410256,0.1600882001589114,371.06885416666665,5.501283507852889
233340,1,1,0.0,1.0,,0.0,0.0
233376,4,4,0.0,0.25,0.09297765241911916,1.9367939814814814,2.0
23382,85,52,0.38823529411764707,0.09411764705882353,0.15231124949284275,330.09578703703704,5.394512553708402
234223,9,6,0.3333333333333333,0.3333333333333333,-0.09246683365362664,3.788009259259259,2.4193819456463714
234939,1,1,0.0,1.0,,0.0,0.0
235078,30,29,0.03333333333333333,0.06666666666666667,0.14482325457742948,160.10743055555557,4.840223928941851
235089,125,53,0.576,0.12,0.2713027704681429,375.69144675925924,5.008804458516512
235289,230,114,0.5043478260869565,0.14347826086956522,0.17185780021294103,445.0710763888889,5.908522872718391
23532,139,87,0.37410071942446044,0.05755395683453238,0.27066868171602215,426.9836574074074,6.09271659132715
235527,6,6,0.0,0.16666666666666666,0.09427007635410646,247.7646412037037,2.584962500721156
235554,3,3,0.0,0.3333333333333333,-0.2232845894263217,0.2265625,1.584962500721156
23562,92,45,0.5108695652173914,0.2608695652173913,0.41849150051940215,448.64972222222224,4.593054005702617
235873,3,2,0.3333333333333333,0.6666666666666666,-0.05848124900916555,4.172939814814815,0.9182958340544896
235883,96,43,0.5520833333333334,0.3645833333333333,0.16270841996081947,73.0465162037037,4.248714655979101
235900,10,9,0.1,0.2,0.35854266538817775,1.4319791666666666,3.121928094887362
236003,152,72,0.5263157894736842,0.16447368421052633,0.25222886040119036,381.1758912037037,5.2826138296636955
236457,25,13,0.48,0.44,-0.06162782947280372,66.15528935185185,2.9617062775743133
236954,6,6,0.0,0.16666666666666666,-0.15453865306150166,0.23651620370370371,2.584962500721156
237066,5,4,0.2,0.4,0.21485186988563892,3.212511574074074,1.9219280948873623
237360,1,1,0.0,1.0,,0.0,0.0
23747,1,1,0.0,1.0,,0.0,0.0
237562,3,3,0.0,0.3333333333333333,-0.8095238095238095,0.0004398148148148148,1.584962500721156
237573,5,5,0.0,0.2,0.2394514718341009,5.41869212962963,2.321928094887362
23763,3,2,0.3333333333333333,0.6666666666666666,-0.10002296461032675,2.1067476851851854,0.9182958340544896
23789,1,1,0.0,1.0,,0.0,0.0
237983,130,84,0.35384615384615387,0.05384615384615385,0.31206532387268393,244.9266550925926,6.036560290579062
238391,1,1,0.0,1.0,,0.0,0.0
23841,1,1,0.0,1.0,,0.0,0.0
238427,6,6,0.0,0.16666666666666666,-0.005556634679128835,2.1989814814814816,2.584962500721156
238442,1,1,0.0,1.0,,0.0,0.0
238629,16,16,0.0,0.0625,0.5550303624140376,96.13959490740741,4.0
238638,10,8,0.2,0.3,0.14221949622411723,2.248009259259259,2.8464393446710154
238657,125,58,0.536,0.176,0.21964063634466702,416.0899884259259,4.927644067101685
238667,20,17,0.15,0.15,0.031310532740177886,39.067708333333336,3.9841837197791894
238781,3,3,0.0,0.3333333333333333,-0.02360178841688133,20.50923611111111,1.584962500721156
23883,8,6,0.25,0.25,0.41025493490532994,131.9619675925926,2.5
238973,3,3,0.0,0.3333333333333333,-0.647956883038801,5.329652777777778,1.584962500721156
239152,66,28,0.5757575757575758,0.3333333333333333,0.506209556737826,164.85613425925925,3.89466785995182
239223,1,1,0.0,1.0,,0.0,0.0
239475,1,1,0.0,1.0,,0.0,0.0
239483,2,2,0.0,0.5,,0.4837384259259259,1.0
239676,7,7,0.0,0.14285714285714285,-0.06693538960079909,0.8453587962962963,2.807354922057604
239677,129,76,0.4108527131782946,0.08527131782945736,0.3050926369581864,445.0451967592593,5.821483644511838
239919,33,25,0.24242424242424243,0.15151515151515152,0.6687270456930268,173.01481481481483,4.427287210976627
239961,2,2,0.0,0.5,,0.44601851851851854,1.0
24000,2,1,0.5,1.0,,299.9009722222222,-0.0
240090,4,2,0.5,0.75,-0.04862822498574047,16.64439814814815,0.8112781244591328
240115,2,2,0.0,0.5,,1.2120833333333334,1.0
24037,47,37,0.2127659574468085,0.0851063829787234,0.22693523802774204,417.20697916666666,5.0439505538053
240381,2,2,0.0,0.5,,0.0008564814814814815,1.0
24045,66,45,0.3181818181818182,0.06060606060606061,0.4882875999770653,285.96462962962966,5.309101316131472
240506,168,85,0.49404761904761907,0.20833333333333334,0.2892300316879715,437.9889236111111,5.4791479165743215
240707,97,64,0.3402061855670103,0.09278350515463918,0.19820671237193632,413.0097337962963,5.634461909282544
241006,3,3,0.0,0.3333333333333333,-7.662835249038887e-05,1.6615856481481481,1.584962500721156
241335,76,37,0.5131578947368421,0.23684210526315788,0.7268161539242185,429.9469907407407,4.487223072284046
241530,34,22,0.35294117647058826,0.14705882352941177,0.5370453645904959,185.04003472222223,4.275414592002197
241731,3,2,0.3333333333333333,0.6666666666666666,-0.25467945562665456,1.091585648148148,0.9182958340544896
241828,1,1,0.0,1.0,,0.0,0.0
242016,6,4,0.3333333333333333,0.3333333333333333,0.04285499455921851,7.924247685185185,1.9182958340544893
242297,3,3,0.0,0.3333333333333333,-0.43754332675384056,6.288287037037037,1.584962500721156
24259,24,23,0.041666666666666664,0.08333333333333333,0.10641722296919763,10.265983796296297,4.501629167387822
242609,61,42,0.3114754098360656,0.14754098360655737,0.3153055866009584,125.95798611111111,5.0776373372791515
242639,10,8,0.2,0.2,0.002325114374694488,2.242048611111111,2.9219280948873623
242790,124,71,0.4274193548387097,0.21774193548387097,0.4350932496683258,387.0522222222222,5.192198899949389
242807,3,2,0.3333333333333333,0.6666666666666666,-0.4581407130644038,1.5989930555555556,0.9182958340544896
242808,6,6,0.0,0.16666666666666666,0.0014632691133959841,5.5446990740740745,2.584962500721156
243068,2,2,0.0,0.5,,0.7008449074074075,1.0
243098,4,4,0.0,0.25,-0.27633984008175616,20.90355324074074,2.0
243108,7,7,0.0,0.14285714285714285,0.2958397845944586,2.2821527777777777,2.807354922057604
243195,1,1,0.0,1.0,,0.0,0.0
243293,62,39,0.3709677419354839,0.11290322580645161,0.4614273795764549,442.0964814814815,4.917411230749874
243314,1,1,0.0,1.0,,0.0,0.0
243361,13,12,0.07692307692307693,0.15384615384615385,0.5318627833985828,351.0235300925926,3.5465935642949384
24390,233,90,0.6137339055793991,0.17167381974248927,0.5875041587330613,360.2084837962963,5.600437284574488
243917,5,4,0.2,0.4,-0.41057991197046595,2.971875,1.9219280948873623
244819,1,1,0.0,1.0,,0.0,0.0
244883,23,14,0.391304347826087,0.17391304347826086,0.18774381543871563,117.00591435185186,3.5342190211803404
244913,90,68,0.24444444444444444,0.08888888888888889,0.2207165653389464,424.81141203703703,5.84740865188523
244982,4,4,0.0,0.25,0.06392212581723751,2.9745601851851853,2.0
245,17,13,0.23529411764705882,0.11764705882352941,0.4594550806008087,367.05582175925923,3.6168746059562222
245672,62,47,0.24193548387096775,0.11290322580645161,0.3540725685738436,367.3796875,5.334738698184184
245714,1,1,0.0,1.0,,0.0,0.0
246002,1,1,0.0,1.0,,0.0,0.0
246059,1,1,0.0,1.0,,0.0,0.0
246100,7,6,0.14285714285714285,0.2857142857142857,0.3609469633812572,16.244756944444443,2.5216406363433186
246150,4,4,0.0,0.25,-0.16416823125887958,6.020416666666667,2.0
247188,17,12,0.29411764705882354,0.17647058823529413,0.30273096269631017,324.25122685185187,3.41041725276052
247262,1,1,0.0,1.0,,0.0,0.0
247302,2,2,0.0,0.5,,0.0010648148148148149,1.0
24734,1,1,0.0,1.0,,0.0,0.0
247362,50,21,0.58,0.3,0.315051636156707,230.93103009259258,3.6513980109190913
247905,117,48,0.5897435897435898,0.4188034188034188,0.2999364707369829,278.581724537037,4.0626308704646075
248057,8,8,0.0,0.125,-0.08728304645186932,5.217523148148148,3.0
248284,84,55,0.34523809523809523,0.13095238095238096,0.17005772230417496,92.20341435185185,5.324397991119075
248658,107,44,0.5887850467289719,0.5514018691588785,0.2036277451961497,235.24582175925926,3.397253646078603
248820,78,39,0.5,0.14102564102564102,0.48881483172142287,450.10756944444444,4.726153767319852
249033,158,36,0.7721518987341772,0.4620253164556962,0.267811929989101,445.4481597222222,3.440208759429053
249165,119,67,0.4369747899159664,0.13445378151260504,0.29795849743125724,392.0330324074074,5.4755416877652445
249192,3,3,0.0,0.3333333333333333,-0.05090992858788292,1.1616203703703705,1.584962500721156
249273,4,4,0.0,0.25,0.11333551353040998,2.1690162037037037,2.0
24977,1,1,0.0,1.0,,0.0,0.0
249774,1,1,0.0,1.0,,0.0,0.0
249815,162,71,0.5617283950617284,0.10493827160493827,0.502382117522141,439.29905092592594,5.277508364648084
25010,107,83,0.22429906542056074,0.056074766355140186,0.14572730684113924,410.91565972222224,6.201518972281358
25015,91,35,0.6153846153846154,0.4175824175824176,0.5669565864075319,393.3098263888889,3.7444941398892015
250235,6,4,0.3333333333333333,0.5,0.23567732135823172,18.282743055555557,1.7924812503605778
250317,4,4,0.0,0.25,0.16791334021515011,106.92380787037037,2.0
250404,78,52,0.3333333333333333,0.07692307692307693,0.21125121313535147,423.1612962962963,5.474066160975785
250459,5,5,0.0,0.2,-0.012454584957351054,126.68164351851851,2.321928094887362
250518,77,51,0.33766233766233766,0.14285714285714285,0.28189772938741214,412.2794675925926,5.307978939190647
250551,5,5,0.0,0.2,0.05239239660009398,1.8177199074074073,2.321928094887362
250662,4,4,0.0,0.25,-0.3251059420577621,2.765150462962963,2.0
25085,2,1,0.5,1.0,,12.990358796296297,-0.0
251302,4,4,0.0,0.25,0.1709574158975545,422.00894675925923,2.0
251393,232,123,0.4698275862068966,0.0603448275862069,0.33942810780053045,388.8017476851852,6.439959485214213
251643,5,5,0.0,0.2,-0.13687852357844657,6.176840277777778,2.321928094887362
251674,15,12,0.2,0.26666666666666666,0.26258268979941946,5.955844907407408,3.3735572622751846
251875,11,11,0.0,0.09090909090909091,0.26627719378278886,8.021932870370371,3.4594316186372978
252069,3,3,0.0,0.3333333333333333,-2.6164866129840206e-06,230.02350694444445,1.584962500721156
252326,22,18,0.18181818181818182,0.18181818181818182,0.036804579805027625,3.452476851851852,4.004886164091842
25233,76,46,0.39473684210526316,0.13157894736842105,0.13564037553068486,425.6243287037037,5.019529534018702
252369,1,1,0.0,1.0,,0.0,0.0
252478,3,3,0.0,0.3333333333333333,-0.18359513207874648,2.052071759259259,1.584962500721156
252589,173,104,0.3988439306358382,0.09826589595375723,0.4741268614876368,247.17311342592592,6.217977437111022
252627,26,22,0.15384615384615385,0.11538461538461539,0.2256514911550979,104.78065972222223,4.3637132757501895
25277,3,3,0.0,0.3333333333333333,-0.25074353481004524,6.1961458333333335,1.584962500721156
252941,31,16,0.4838709677419355,0.22580645161290322,0.13172705911701385,298.4037152777778,3.626413747202031
25359,67,46,0.31343283582089554,0.07462686567164178,0.03555627394034677,444.8914814814815,5.299162653364426
253694,46,42,0.08695652173913043,0.08695652173913043,0.3027604571975615,302.8475925925926,5.306170651709186
254040,2,2,0.0,0.5,,0.3049189814814815,1.0
254121,1,1,0.0,1.0,,0.0,0.0
254295,2,2,0.0,0.5,,3.0638657407407406,1.0
25450,1,1,0.0,1.0,,0.0,0.0
254596,791,127,0.8394437420986094,0.10366624525916561,0.4750901984102978,425.45917824074075,5.29689378507886
254635,88,47,0.4659090909090909,0.10227272727272728,0.430076930951878,248.02954861111112,5.128084851636486
254919,5,5,0.0,0.2,0.26023141489254165,186.34936342592593,2.321928094887362
254968,135,83,0.3851851851851852,0.0962962962962963,0.26125352735727647,300.2356134259259,5.933522654137041
25536,3,2,0.3333333333333333,0.6666666666666666,-0.1034602076124568,0.5905555555555555,0.9182958340544896
255767,8,8,0.0,0.125,-0.18200974705173195,3.6369560185185184,3.0
25624,12,5,0.5833333333333334,0.4166666666666667,0.5092268820178569,135.93488425925926,1.9508257945180885
25679,4,4,0.0,0.25,0.1274392149103523,2.3539351851851853,2.0
25684,221,91,0.5882352941176471,0.334841628959276,0.16825516583381953,442.90071759259257,4.93337415285278
256917,106,86,0.18867924528301888,0.04716981132075472,0.5975364763603984,402.6669444444444,6.271651322708477
256936,21,17,0.19047619047619047,0.09523809523809523,0.612513721691058,107.83443287037036,4.011365041826379
256958,13,13,0.0,0.07692307692307693,0.4829669476985906,63.14462962962963,3.7004397181410926
257006,4,4,0.0,0.25,-0.03973629677570577,8.290520833333334,2.0
257152,198,113,0.4292929292929293,0.09595959595959595,0.3126572300666273,289.62569444444443,6.187157672955526
257153,1,1,0.0,1.0,,0.0,0.0
257584,237,156,0.34177215189873417,0.05907172995780591,0.296242288362056,452.0671527777778,6.813722596086533
257700,6,6,0.0,0.16666666666666666,-0.11155311971743488,1.6343402777777778,2.584962500721156
257795,108,39,0.6388888888888888,0.3611111111111111,0.5324058013461708,290.993125,3.9435867534901727
257990,89,58,0.34831460674157305,0.07865168539325842,0.7621311987566293,433.9427083333333,5.546845403291599
258652,20,20,0.0,0.05,0.29762958991791466,68.49703703703703,4.321928094887363
258797,4,4,0.0,0.25,0.07105689744637222,1.9841435185185186,2.0
258869,2,2,0.0,0.5,,9.844641203703704,1.0
25889,1,1,0.0,1.0,,0.0,0.0
258891,10,7,0.3,0.3,0.07800687064709336,7.470081018518519,2.6464393446710153
258934,3,3,0.0,0.3333333333333333,-0.4254099289402548,5.096087962962963,1.584962500721156
259003,2,2,0.0,0.5,,169.795,1.0
259069,1,1,0.0,1.0,,0.0,0.0
259097,12,12,0.0,0.08333333333333333,0.09810980581429533,39.183761574074076,3.584962500721156
2593,2,2,0.0,0.5,,0.24871527777777777,1.0
259684,3,3,0.0,0.3333333333333333,-0.04630003084296188,2.0416898148148146,1.584962500721156
259797,6,5,0.16666666666666666,0.3333333333333333,0.11439832435490124,5.663738425925926,2.2516291673878226
25989,280,141,0.49642857142857144,0.15,0.4011217009577072,451.9407986111111,6.277792207225632
259929,1,1,0.0,1.0,,0.0,0.0
260306,83,70,0.1566265060240964,0.060240963855421686,0.06942920164040525,447.5247685185185,5.985105359339693
260449,46,34,0.2608695652173913,0.10869565217391304,0.4480369165169552,16.644988425925927,4.847052923909975
26078,100,45,0.55,0.44,0.21641644424066395,450.7683449074074,3.994157402552679
260948,2,2,0.0,0.5,,0.3302777777777778,1.0
260959,5,5,0.0,0.2,0.015639699713722935,3.3253819444444446,2.321928094887362
261207,150,82,0.4533333333333333,0.22,0.16913035128126114,444.26788194444447,5.439531645664104
261256,73,50,0.3150684931506849,0.1643835616438356,0.6018453426732205,201.96568287037036,5.213328497028726
261646,1,1,0.0,1.0,,0.0,0.0
26168,60,57,0.05,0.03333333333333333,0.41197478421896483,124.08473379629629,5.806890595608518
262473,169,61,0.6390532544378699,0.4260355029585799,0.5400930983107823,317.542662037037,4.110790382757526
262577,3,3,0.0,0.3333333333333333,-0.8777901312739,4.3591898148148145,1.584962500721156
262673,1,1,0.0,1.0,,0.0,0.0
262866,9,4,0.5555555555555556,0.5555555555555556,0.2581532745814082,390.1537152777778,1.6577427265048887
263255,4,4,0.0,0.25,0.08234261282023393,0.9886574074074074,2.0
263316,6,5,0.16666666666666666,0.3333333333333333,-0.0671069395728935,3.7176851851851853,2.2516291673878226
263414,1,1,0.0,1.0,,0.0,0.0
264048,4,4,0.0,0.25,-0.3954473636317153,7.96837962962963,2.0
264213,3,3,0.0,0.3333333333333333,-3.523565606809263e-06,68.98024305555556,1.584962500721156
264250,1,1,0.0,1.0,,0.0,0.0
264408,1,1,0.0,1.0,,0.0,0.0
264424,2,2,0.0,0.5,,0.1400925925925926,1.0
264474,13,13,0.0,0.07692307692307693,0.2911821111192963,258.0573148148148,3.7004397181410926
264525,98,38,0.6122448979591837,0.5,0.18014044968382353,266.86467592592595,3.5189399985219874
264577,72,43,0.4027777777777778,0.09722222222222222,0.19584598409619977,416.16247685185186,5.105049522788743
264751,11,8,0.2727272727272727,0.2727272727272727,-0.05919601872181373,71.89104166666667,2.8453509366224363
264823,132,83,0.3712121212121212,0.06060606060606061,0.34522581452576134,370.72592592592594,6.033908680076224
26486,4,4,0.0,0.25,-0.25119640720870534,2.0025925925925927,2.0
265049,71,58,0.18309859154929578,0.07042253521126761,0.23641354979871476,181.2478587962963,5.711445493043222
265085,2,2,0.0,0.5,,82.72221064814815,1.0
265220,8,6,0.25,0.25,-0.048591580421031115,4.530532407407407,2.5
265385,87,41,0.5287356321839081,0.26436781609195403,0.2744720255151228,439.7703472222222,4.344423380879853
265537,37,26,0.2972972972972973,0.13513513513513514,0.45980452808321826,422.8678472222222,4.422442136473174
266416,17,12,0.29411764705882354,0.17647058823529413,0.5495321605927987,188.93149305555556,3.41041725276052
266502,3,2,0.3333333333333333,0.6666666666666666,-0.14334266045958802,2.137627314814815,0.9182958340544896
266507,284,90,0.6830985915492958,0.14084507042253522,0.3245477789125219,418.0583217592593,5.39303597280548
267148,289,127,0.5605536332179931,0.1384083044982699,0.4759235060797626,429.9010416666667,5.7958018537700395
267610,83,73,0.12048192771084337,0.03614457831325301,0.1345040768797764,447.76381944444444,6.115885515632143
26774,172,81,0.5290697674418605,0.12790697674418605,0.7016826724275806,448.10309027777777,5.6618519028727
267847,2,2,0.0,0.5,,0.8491666666666666,1.0
268087,1,1,0.0,1.0,,0.0,0.0
268518,3,3,0.0,0.3333333333333333,-0.13652609006433164,0.7729166666666667,1.584962500721156
268612,4,4,0.0,0.25,0.06949146234661255,1.0063310185185186,2.0
26901,1,1,0.0,1.0,,0.0,0.0
269047,20,16,0.2,0.1,0.47706229071390505,194.13234953703704,3.9219280948873627
269051,4,4,0.0,0.25,-0.04905222653438983,249.4243287037037,2.0
26912,40,34,0.15,0.05,0.649577353890053,96.84101851851852,5.021928094887364
269212,136,70,0.4852941176470588,0.19852941176470587,0.2629627178111923,413.5220023148148,5.35675930435251
26935,1,1,0.0,1.0,,0.0,0.0
269662,638,143,0.7758620689655172,0.18495297805642633,0.4385598595837301,447.8686921296296,4.88007045269455
269673,2,2,0.0,0.5,,35.147395833333334,1.0
269691,143,65,0.5454545454545454,0.09090909090909091,0.5635014019682687,392.87686342592593,5.402696717353383
26974,13,13,0.0,0.07692307692307693,0.43914957352206174,12.319421296296296,3.7004397181410926
269892,1,1,0.0,1.0,,0.0,0.0
269999,76,29,0.618421052631579,0.4868421052631579,0.1845599201505108,360.05635416666667,3.36484458574791
270050,1,1,0.0,1.0,,0.0,0.0
270365,1,1,0.0,1.0,,0.0,0.0
270689,2,2,0.0,0.5,,0.9350115740740741,1.0
271034,51,12,0.7647058823529411,0.47058823529411764,0.3746295558267185,381.86693287037036,2.3371909022013457
271149,1,1,0.0,1.0,,0.0,0.0
271471,87,34,0.6091954022988506,0.3448275862068966,0.46330135778919845,417.438287037037,4.011090095333144
271887,73,50,0.3150684931506849,0.1506849315068493,0.4380372218532004,98.82756944444445,5.120059520218128
272009,17,17,0.0,0.058823529411764705,-0.10829783134147582,3.579386574074074,4.087462841250339
272039,148,100,0.32432432432432434,0.08108108108108109,0.2852689329582336,447.5481712962963,6.344498848950944
272692,5,5,0.0,0.2,-0.08121570674411102,3.68375,2.321928094887362
272736,66,43,0.3484848484848485,0.09090909090909091,0.14515063125877842,413.0993287037037,5.115845444886571
272947,17,15,0.11764705882352941,0.17647058823529413,0.2880560048480584,2.150925925925926,3.8077635764171944
273168,3,3,0.0,0.3333333333333333,-0.6343026339048966,0.8560416666666667,1.584962500721156
273227,12,8,0.3333333333333333,0.25,0.13505859337148746,81.8791087962963,2.8553885422075336
273362,5,4,0.2,0.4,-0.21964444325798868,3.619803240740741,1.9219280948873623
27354,7,7,0.0,0.14285714285714285,-0.20204304059464187,4.936284722222222,2.807354922057604
273601,218,42,0.8073394495412844,0.1926605504587156,0.23177006935889352,397.0594097222222,3.7750086020230835
273913,1,1,0.0,1.0,,0.0,0.0
274036,3,3,0.0,0.3333333333333333,-0.4389916867792974,0.062106481481481485,1.584962500721156
274410,4,4,0.0,0.25,-0.0006091218705282833,1.0209375,2.0
274706,53,26,0.5094339622641509,0.4716981132075472,0.5070927040565217,370.7656712962963,3.424214704669461
274756,5,5,0.0,0.2,0.11762254660803902,1.138298611111111,2.321928094887362
274829,2,2,0.0,0.5,,0.11063657407407407,1.0
274912,68,35,0.4852941176470588,0.3088235294117647,0.2214986289514943,435.81202546296294,4.25506293161866
275136,7,6,0.14285714285714285,0.2857142857142857,-0.1714521271184145,3.6099189814814814,2.5216406363433186
275227,11,9,0.18181818181818182,0.18181818181818182,0.33434450449604236,33.08671296296296,3.095795255000934
27538,16,15,0.0625,0.125,0.5103087645099138,32.145439814814814,3.875
275567,5,5,0.0,0.2,0.022875057641147934,4.852106481481481,2.321928094887362
275758,1,1,0.0,1.0,,0.0,0.0
27593,2,2,0.0,0.5,,171.9413425925926,1.0
276211,86,60,0.3023255813953488,0.05813953488372093,0.342178918708688,419.2836111111111,5.673601313385813
276381,13,13,0.0,0.07692307692307693,0.5135739301690037,262.11163194444447,3.7004397181410926
276407,43,36,0.16279069767441862,0.09302325581395349,0.05254173971535419,408.64582175925926,5.054171731446284
27666,1,1,0.0,1.0,,0.0,0.0
276666,158,58,0.6329113924050633,0.24050632911392406,0.2440511716790689,308.7706597222222,4.329338301971558
276718,5,5,0.0,0.2,-0.2990184825014207,0.09836805555555556,2.321928094887362
276827,5,5,0.0,0.2,-0.21724528915417668,0.1305902777777778,2.321928094887362
276954,48,44,0.08333333333333333,0.08333333333333333,0.26375377168957537,404.002025462963,5.376629167387824
277274,65,32,0.5076923076923077,0.27692307692307694,0.26348063802063426,429.17306712962966,4.28647415861647
27728,5,4,0.2,0.4,-0.06614064124354378,3.8323263888888888,1.9219280948873623
277356,114,75,0.34210526315789475,0.07017543859649122,0.4992917642976431,427.02752314814813,5.894348624167452
277405,9,6,0.3333333333333333,0.2222222222222222,0.122424421274663,2.9768055555555555,2.5032583347756456
277430,19,19,0.0,0.05263157894736842,0.6048373922093682,270.07722222222225,4.247927513443585
278317,126,58,0.5396825396825397,0.16666666666666666,0.33855068423062284,265.84744212962966,5.214960848845321
278371,21,20,0.047619047619047616,0.09523809523809523,0.5261149400491031,238.2290277777778,4.297079327540666
278635,11,11,0.0,0.09090909090909091,-0.0511811281621322,13.638078703703703,3.4594316186372978
278738,4,4,0.0,0.25,0.16817818294123463,364.4679861111111,2.0
278912,3,3,0.0,0.3333333333333333,-0.8025588092701448,62.52665509259259,1.584962500721156
279015,2,2,0.0,0.5,,0.45403935185185185,1.0
279220,29,26,0.10344827586206896,0.06896551724137931,0.5875188635911412,126.21836805555556,4.651084443403433
279477,11,11,0.0,0.09090909090909091,0.47800805654571865,113.90337962962963,3.4594316186372978
279597,158,64,0.5949367088607594,0.3227848101265823,0.19157992099648574,211.78215277777778,4.606489052077523
279616,151,102,0.32450331125827814,0.15894039735099338,0.30700980028863517,416.39180555555555,6.084907616777225
27970,12,10,0.16666666666666666,0.16666666666666666,0.5123765005169384,16.242905092592594,3.2516291673878226
279703,69,14,0.7971014492753623,0.5942028985507246,0.22079365526673503,415.9373726851852,2.3690438746630713
279815,10,9,0.1,0.2,0.2844694299287499,82.72322916666667,3.121928094887362
27987,18,15,0.16666666666666666,0.16666666666666666,0.590980853777935,206.7695486111111,3.794653473544342
2799,5,5,0.0,0.2,-0.36459432978080053,19.38603009259259,2.321928094887362
279909,1,1,0.0,1.0,,0.0,0.0
279919,4,4,0.0,0.25,0.10502126077250645,0.9067361111111111,2.0
280029,18,2,0.8888888888888888,0.9444444444444444,-0.12132332382528868,230.05512731481483,0.3095434291503252
280118,10,5,0.5,0.4,0.300126781110527,27.10011574074074,2.1219280948873624
280195,19,12,0.3684210526315789,0.21052631578947367,0.42048321416957574,25.814027777777778,3.300559092390953
280472,72,51,0.2916666666666667,0.1111111111111111,0.3694934356716247,396.6692708333333,5.336950439622354
281148,4,4,0.0,0.25,0.17153131400958374,66.69589120370371,2.0
281366,174,85,0.5114942528735632,0.10344827586206896,0.41335277894053624,93.13853009259259,5.734261027734739
2814,12,11,0.08333333333333333,0.16666666666666666,0.33918544372441267,133.63910879629628,3.4182958340544896
281819,14,14,0.0,0.07142857142857142,0.25669767618389033,24.965775462962963,3.8073549220576055
281835,1,1,0.0,1.0,,0.0,0.0
28198,3,3,0.0,0.3333333333333333,-0.08472240743210209,0.8473263888888889,1.584962500721156
282051,96,52,0.4583333333333333,0.125,0.17975841096454037,427.44081018518517,5.191311980493856
282567,1,1,0.0,1.0,,0.0,0.0
282645,84,57,0.32142857142857145,0.07142857142857142,0.1521405831632213,444.5383912037037,5.570656113151928
28282,2,2,0.0,0.5,,1.466099537037037,1.0
282956,40,40,0.0,0.025,0.1786804998240737,295.2582291666667,5.321928094887363
283320,1,1,0.0,1.0,,0.0,0.0
283600,3,3,0.0,0.3333333333333333,-0.44146199474487474,1.0603587962962964,1.584962500721156
283812,22,15,0.3181818181818182,0.13636363636363635,0.48804670685887436,25.791435185185186,3.788754913993502
28443,1,1,0.0,1.0,,0.0,0.0
285020,42,21,0.5,0.2619047619047619,0.4305502986324833,398.9973958333333,3.7836621177945413
285142,2,2,0.0,0.5,,1.8830092592592593,1.0
285322,141,60,0.574468085106383,0.19148936170212766,0.5950146456745007,424.2437615740741,5.018494547771315
285335,12,12,0.0,0.08333333333333333,0.12400813366977649,10.838587962962963,3.584962500721156
28534,73,55,0.2465753424657534,0.0547945205479452,0.17943024737476757,414.99748842592595,5.621197504026227
285387,5,5,0.0,0.2,0.059047621713235084,1.1763425925925926,2.321928094887362
285566,8,8,0.0,0.125,0.013612049747933697,1.8308217592592593,3.0
285685,87,35,0.5977011494252874,0.1724137931034483,0.22367824412042858,257.839849537037,4.399703559869425
285845,68,51,0.25,0.08823529411764706,0.23790041286241093,151.0980324074074,5.473132877855969
285949,33,24,0.2727272727272727,0.21212121212121213,0.11246418761715479,65.45200231481482,4.244201029765524
285957,51,30,0.4117647058823529,0.17647058823529413,-0.060640335779405946,422.8471064814815,4.384374666055594
286088,49,20,0.5918367346938775,0.24489795918367346,0.06617298749138725,393.5118634259259,3.5322792315170912
286122,74,55,0.25675675675675674,0.06756756756756757,0.24010102525573576,395.83466435185187,5.579329169911511
286347,9,7,0.2222222222222222,0.3333333333333333,-0.14735250114355933,4.211168981481482,2.6416041678685933
286542,1,1,0.0,1.0,,0.0,0.0
286561,1,1,0.0,1.0,,0.0,0.0
286614,201,81,0.5970149253731343,0.13432835820895522,0.4015076337926326,423.16335648148146,5.494461033698995
28664,3,3,0.0,0.3333333333333333,-0.5346583850931677,0.07149305555555556,1.584962500721156
28729,77,48,0.37662337662337664,0.07792207792207792,0.2141679363355998,440.79614583333336,5.3137465668604325
287943,1,1,0.0,1.0,,0.0,0.0
288036,3,2,0.3333333333333333,0.6666666666666666,-0.6065768429215335,1.5346527777777779,0.9182958340544896
288062,1,1,0.0,1.0,,0.0,0.0
288079,5,5,0.0,0.2,0.2621887032396389,170.3334722222222,2.321928094887362
28818,1,1,0.0,1.0,,0.0,0.0
28828,79,72,0.08860759493670886,0.0379746835443038,0.3843224270626807,260.69313657407406,6.117010020301617
288380,42,35,0.16666666666666666,0.09523809523809523,0.320014473268534,2.8327314814814817,4.993391529870106
288859,85,50,0.4117647058823529,0.16470588235294117,0.5141902603819481,394.08118055555553,4.896379902989314
289186,95,45,0.5263157894736842,0.3368421052631579,0.2607503901690744,441.17010416666665,4.419701266157365
289847,2,2,0.0,0.5,,0.09894675925925926,1.0
289953,10,8,0.2,0.2,-0.04287852405166601,9.0415625,2.9219280948873623
290067,3,3,0.0,0.3333333333333333,-0.5770038050127395,1.6261574074074074,1.584962500721156
290072,11,10,0.09090909090909091,0.18181818181818182,0.11567569245242144,11.903784722222222,3.2776134368191157
290094,49,36,0.2653061224489796,0.20408163265306123,0.3238255165304345,117.11466435185186,4.773500028832073
290189,53,28,0.4716981132075472,0.16981132075471697,0.1196045913013472,170.19273148148147,4.369179540066126
290234,1,1,0.0,1.0,,0.0,0.0
290248,3,3,0.0,0.3333333333333333,-0.08170342627271468,0.3610185185185185,1.584962500721156
2907,1,1,0.0,1.0,,0.0,0.0
290845,3,3,0.0,0.3333333333333333,-0.7,0.000787037037037037,1.584962500721156
291046,1,1,0.0,1.0,,0.0,0.0
291081,136,78,0.4264705882352941,0.125,0.18924887431069565,448.917662037037,5.707009078825436
291102,1,1,0.0,1.0,,0.0,0.0
291160,7,5,0.2857142857142857,0.42857142857142855,-0.007447154645419905,3.7484837962962962,2.1280852788913944
291292,3,3,0.0,0.3333333333333333,-0.0016118106005746735,0.49627314814814816,1.584962500721156
291622,183,70,0.6174863387978142,0.3989071038251366,0.21141190067118965,442.2430787037037,4.449960187562647
291780,46,36,0.21739130434782608,0.06521739130434782,0.08676432299190774,441.1845949074074,5.039547553742004
292036,78,57,0.2692307692307692,0.05128205128205128,0.10559768905470658,221.9476273148148,5.692265520061091
292262,71,50,0.29577464788732394,0.056338028169014086,0.28096779640246544,434.24861111111113,5.4768677179438745
292653,1,1,0.0,1.0,,0.0,0.0
292716,4,4,0.0,0.25,0.16894914579036213,328.6594212962963,2.0
292801,61,47,0.22950819672131148,0.11475409836065574,0.11582593186201737,447.0747685185185,5.2871123387294405
293225,8,8,0.0,0.125,0.402779479695782,422.45890046296296,3.0
293413,2,2,0.0,0.5,,2.8417476851851853,1.0
29347,1,1,0.0,1.0,,0.0,0.0
293823,2,2,0.0,0.5,,4.215081018518519,1.0
293874,68,18,0.7352941176470589,0.35294117647058826,0.002015072722365991,216.33876157407408,3.0646852674027705
294076,1,1,0.0,1.0,,0.0,0.0
294154,1,1,0.0,1.0,,0.0,0.0
294317,3,3,0.0,0.3333333333333333,-0.04488752242651012,3.1546412037037035,1.584962500721156
294459,4,4,0.0,0.25,-0.0496849095954267,1.9359837962962962,2.0
294461,69,52,0.2463768115942029,0.10144927536231885,0.06448462425806785,432.9455324074074,5.454013450129906
29448,60,51,0.15,0.05,0.2644873673843459,415.1621064814815,5.581727678869736
294491,14,10,0.2857142857142857,0.21428571428571427,0.30235466622542734,187.05688657407407,3.182005814760214
295089,115,81,0.2956521739130435,0.0782608695652174,0.22279485669550222,437.22403935185184,6.050505894400359
295155,1,1,0.0,1.0,,0.0,0.0
295183,1,1,0.0,1.0,,0.0,0.0
295394,105,77,0.26666666666666666,0.047619047619047616,0.31352723178473135,280.39393518518517,6.051542575518752
295517,7,2,0.7142857142857143,0.5714285714285714,0.37234028432867544,269.076724537037,0.9852281360342515
29556,72,48,0.3333333333333333,0.08333333333333333,0.14885731069677588,419.0986458333333,5.327852911399386
29671,68,53,0.22058823529411764,0.08823529411764706,0.22194064048406786,423.63506944444447,5.482765554797934
297036,83,30,0.6385542168674698,0.21686746987951808,0.5746602381541076,349.3622337962963,4.115254570021871
297244,2,2,0.0,0.5,,0.8117361111111111,1.0
29739,5,5,0.0,0.2,-0.17490776691401538,6.339513888888889,2.321928094887362
29742,1,1,0.0,1.0,,0.0,0.0
297715,6,5,0.16666666666666666,0.3333333333333333,-0.45955318072391754,3.651238425925926,2.2516291673878226
29857,2,2,0.0,0.5,,370.64078703703706,1.0
298632,262,90,0.6564885496183206,0.42366412213740456,0.3146918127196313,440.35480324074075,4.419215671357169
298783,137,69,0.49635036496350365,0.2116788321167883,0.3133497621783899,416.6344907407407,5.283214164562321
299008,74,54,0.2702702702702703,0.16216216216216217,0.337496140747399,409.6586458333333,5.3476366425098
299127,91,65,0.2857142857142857,0.13186813186813187,0.47642337890769176,351.20627314814817,5.661425958784919
299399,4,4,0.0,0.25,-0.151204184612153,6.149178240740741,2.0
2998,7,7,0.0,0.14285714285714285,-0.2224914268723652,6.746435185185185,2.807354922057604
2999,1,1,0.0,1.0,,0.0,0.0
300045,2,2,0.0,0.5,,192.73291666666665,1.0
300381,12,12,0.0,0.08333333333333333,0.21072605940430608,9.443912037037038,3.584962500721156
300651,537,131,0.7560521415270018,0.11359404096834265,0.6796975199665357,442.1057407407407,5.832884214575751
300842,3,3,0.0,0.3333333333333333,-0.001960450741649879,1.4315162037037037,1.584962500721156
30135,2,2,0.0,0.5,,0.06643518518518518,1.0
301351,22,22,0.0,0.045454545454545456,0.6284548796793852,254.9401388888889,4.459431618637296
30155,1,1,0.0,1.0,,0.0,0.0
301632,4,4,0.0,0.25,0.1084868802398319,4.2775694444444445,2.0
301633,2,2,0.0,0.5,,0.7146412037037037,1.0
30191,5,4,0.2,0.4,0.15196750197806935,5.474571759259259,1.9219280948873623
302809,2,2,0.0,0.5,,1.6234953703703703,1.0
302920,103,80,0.22330097087378642,0.06796116504854369,0.27643305028675685,446.0732175925926,6.078043881910819
302999,77,58,0.24675324675324675,0.09090909090909091,0.2516325365570892,232.9911111111111,5.644498917826153
303020,11,11,0.0,0.09090909090909091,0.26413160823046267,4.2430208333333335,3.4594316186372978
303114,16,14,0.125,0.1875,0.45714395373615035,50.64375,3.702819531114783
303326,5,5,0.0,0.2,0.02572329162826984,1.3083217592592593,2.321928094887362
303426,41,27,0.34146341463414637,0.17073170731707318,0.2845015792016182,245.35171296296295,4.353618847088079
303484,4,4,0.0,0.25,0.11137930690374694,3.0732060185185186,2.0
303871,1,1,0.0,1.0,,0.0,0.0
30419,3,1,0.6666666666666666,1.0,-0.45874408695338176,2.805347222222222,-0.0
304251,194,93,0.520618556701031,0.11855670103092783,0.5017929327456574,36.03107638888889,5.717217793475996
304478,1,1,0.0,1.0,,0.0,0.0
304938,2,2,0.0,0.5,,0.9415972222222222,1.0
30540,14,13,0.07142857142857142,0.14285714285714285,0.5376366683098414,177.95866898148148,3.6644977792004623
305502,1,1,0.0,1.0,,0.0,0.0
305673,3,3,0.0,0.3333333333333333,-0.2855366399264701,2.201585648148148,1.584962500721156
305863,2,2,0.0,0.5,,0.005636574074074074,1.0
305894,1,1,0.0,1.0,,0.0,0.0
305946,2,2,0.0,0.5,,0.7483796296296297,1.0
305965,115,25,0.782608695652174,0.4434782608695652,0.3455019301502976,420.3879861111111,2.8822384575610154
306862,8,6,0.25,0.25,0.41342312226388633,7.205428240740741,2.5
307152,12,10,0.16666666666666666,0.16666666666666666,0.5024368312700125,145.33858796296298,3.2516291673878226
307154,74,33,0.5540540540540541,0.21621621621621623,0.24036288966400257,387.5239236111111,4.360885966717177
307325,118,71,0.3983050847457627,0.13559322033898305,0.4132425959904585,417.0008449074074,5.690870248657682
30746,5,5,0.0,0.2,-0.03850640189108279,3.1306481481481483,2.321928094887362
30752,293,129,0.5597269624573379,0.15358361774744028,0.33487642531044537,443.2116203703704,6.006720456651233
3077,35,21,0.4,0.14285714285714285,0.15568227132153156,418.95554398148147,4.104302931775616
307889,1,1,0.0,1.0,,0.0,0.0
30798,210,117,0.44285714285714284,0.1380952380952381,0.38003134282254075,427.2727662037037,6.1095995113598445
308020,2,2,0.0,0.5,,223.50508101851852,1.0
308097,10,10,0.0,0.1,-0.0871169671007489,6.836886574074074,3.321928094887362
30822,4,4,0.0,0.25,-0.13585745414541717,0.7416319444444445,2.0
308270,2,2,0.0,0.5,,0.17037037037037037,1.0
308329,7,6,0.14285714285714285,0.2857142857142857,0.2785505919382098,334.6931134259259,2.5216406363433186
30843,10,7,0.3,0.4,0.4713236475629826,161.17831018518518,2.5219280948873624
308492,3,3,0.0,0.3333333333333333,-0.3291232289143236,6.089861111111111,1.584962500721156
308608,33,32,0.030303030303030304,0.06060606060606061,0.2747846323391829,5.379351851851852,4.983788058752394
308620,3,3,0.0,0.3333333333333333,-0.02120299621059784,3.6150231481481483,1.584962500721156
308897,77,26,0.6623376623376623,0.2857142857142857,0.19383136722857017,398.03400462962964,3.687568289879602
30930,4,4,0.0,0.25,-0.9009306879924052,2.4430555555555555,2.0
309608,71,53,0.2535211267605634,0.08450704225352113,0.5747273795923126,380.8808912037037,5.487499936284204
309692,14,14,0.0,0.07142857142857142,0.5334531468739345,104.21241898148148,3.8073549220576055
31015,8,8,0.0,0.125,0.1778889267699079,4.666782407407408,3.0
310972,10,9,0.1,0.2,0.0027022691993442553,2.066273148148148,3.121928094887362
311275,7,6,0.14285714285714285,0.2857142857142857,-0.20968524897274585,150.19168981481482,2.5216406363433186
311331,2,2,0.0,0.5,,5.937048611111111,1.0
311494,100,53,0.47,0.16,0.143499688102311,430.52040509259257,5.121467880199451
311830,61,47,0.22950819672131148,0.06557377049180328,0.29032148104187694,408.845162037037,5.41418364896736
312539,24,13,0.4583333333333333,0.2916666666666667,0.4583304562332844,321.2198148148148,3.2865766899407327
3131,18,16,0.1111111111111111,0.1111111111111111,-0.03819136318296551,5.8581365740740745,3.94770277922009
313367,4,4,0.0,0.25,0.15899016334454905,51.574930555555554,2.0
313380,14,11,0.21428571428571427,0.21428571428571427,0.2924519407482286,22.200717592592593,3.3248629576173565
31366,105,69,0.34285714285714286,0.0761904761904762,0.4920916807657232,254.91905092592592,5.762663165657611
314163,254,85,0.6653543307086615,0.1141732283464567,0.3931169877482079,314.6997337962963,5.529381671207123
314176,102,68,0.3333333333333333,0.06862745098039216,0.3637204836181319,421.3104398148148,5.766323534250219
314378,2,2,0.0,0.5,,0.8264351851851852,1.0
314496,2,2,0.0,0.5,,0.9319791666666667,1.0
315009,1,1,0.0,1.0,,0.0,0.0
315174,1,1,0.0,1.0,,0.0,0.0
315443,2,1,0.5,1.0,,6.165266203703704,-0.0
31554,136,53,0.6102941176470589,0.14705882352941177,0.278892694844606,445.76618055555554,4.883340413745758
315794,45,27,0.4,0.1111111111111111,0.6198635022339961,179.44204861111112,4.489199419023812
31607,1,1,0.0,1.0,,0.0,0.0
316213,77,43,0.44155844155844154,0.07792207792207792,0.15521953918483822,451.9247222222222,5.099080008250292
31647,214,161,0.24766355140186916,0.03271028037383177,0.39158898973487,442.063900462963,7.137260327774287
316683,136,63,0.5367647058823529,0.125,0.39608694165619834,429.44447916666667,5.26492854164592
316753,26,19,0.2692307692307692,0.15384615384615385,0.29633328983102364,415.5228935185185,4.056020968057882
317125,192,121,0.3697916666666667,0.057291666666666664,0.33343100734652054,445.86510416666664,6.46114870627965
317199,3,3,0.0,0.3333333333333333,-0.07617107245582794,2.182534722222222,1.584962500721156
3174,6,5,0.16666666666666666,0.3333333333333333,-0.045513869022325355,1.2883912037037037,2.2516291673878226
317551,2,2,0.0,0.5,,0.015127314814814816,1.0
31763,14,14,0.0,0.07142857142857142,0.3831897872040851,289.0976273148148,3.8073549220576055
317787,3,2,0.3333333333333333,0.6666666666666666,-0.032102075503315564,0.4990046296296296,0.9182958340544896
3178,23,13,0.43478260869565216,0.21739130434782608,0.28697392938847943,45.04733796296296,3.4642346527265664
31857,5,4,0.2,0.4,0.23019374382070673,4.201875,1.9219280948873623
318657,3,3,0.0,0.3333333333333333,-0.049685450699739425,4.462997685185186,1.584962500721156
318704,39,26,0.3333333333333333,0.1282051282051282,0.08712194159608393,449.24662037037035,4.436186437355485
31873,2,2,0.0,0.5,,1.5855092592592592,1.0
318753,164,99,0.39634146341463417,0.0975609756097561,0.29102242640139303,448.10912037037036,6.061956505136044
318776,68,36,0.47058823529411764,0.11764705882352941,0.32854276014847245,136.4435300925926,4.68205649690774
318919,1,1,0.0,1.0,,0.0,0.0
31900,25,18,0.28,0.16,0.20413923921954066,26.950150462962963,3.9238561897747246
319158,98,65,0.336734693877551,0.11224489795918367,0.2076442198589928,426.9235300925926,5.621465351052408
319183,3,3,0.0,0.3333333333333333,-0.01185995490110685,8.444837962962962,1.584962500721156
319601,80,31,0.6125,0.4875,0.1334385910788699,335.116875,3.3764223256379293
31964,2,2,0.0,0.5,,5.459745370370371,1.0
319666,103,70,0.32038834951456313,0.07766990291262135,0.717579513891584,447.73429398148147,5.759065697713993
319711,14,14,0.0,0.07142857142857142,0.07912815885334085,18.713356481481483,3.8073549220576055
319753,4,4,0.0,0.25,-0.24226995970582113,1.9044907407407408,2.0
319805,1,1,0.0,1.0,,0.0,0.0
320780,5,4,0.2,0.4,-0.31804641982935666,1.3919791666666668,1.9219280948873623
32085,13,9,0.3076923076923077,0.3076923076923077,0.39585607219107444,385.99600694444445,2.9312089489103235
320899,12,11,0.08333333333333333,0.16666666666666666,0.2418159309537902,1.9408449074074074,3.4182958340544896
32113,8,8,0.0,0.125,0.16848803003055005,5.779016203703704,3.0
32123,4,3,0.25,0.5,0.15031750916957284,218.1049537037037,1.5
321317,4,4,0.0,0.25,0.02937933288728334,2.1831944444444447,2.0
321390,7,6,0.14285714285714285,0.2857142857142857,0.19891113074584277,205.25835648148148,2.5216406363433186
321397,3,3,0.0,0.3333333333333333,-0.3119728667046854,1.0118287037037037,1.584962500721156
321554,1,1,0.0,1.0,,0.0,0.0
321598,102,80,0.21568627450980393,0.029411764705882353,0.5705538862476504,17.542395833333334,6.204048503630149
321746,62,37,0.4032258064516129,0.22580645161290322,0.22643039544507143,232.95828703703702,4.642858102180318
321792,2,2,0.0,0.5,,0.020243055555555556,1.0
321802,70,51,0.2714285714285714,0.08571428571428572,0.6530141151100979,229.89734953703703,5.393798110439766
321807,543,134,0.7532228360957642,0.283609576427256,0.40189856623502895,449.8843865740741,5.1776112167097725
321884,14,14,0.0,0.07142857142857142,-0.01794091811739221,3.8999189814814814,3.8073549220576055
321947,6,6,0.0,0.16666666666666666,-0.24332975284439518,5.411122685185185,2.584962500721156
321949,35,21,0.4,0.14285714285714285,0.3916366087425504,416.82836805555553,4.123017846977148
323187,4,3,0.25,0.5,-0.2629146063084204,2.066087962962963,1.5
323272,147,82,0.4421768707482993,0.07482993197278912,0.34858469875330117,441.86483796296295,5.96930671384667
323411,1,1,0.0,1.0,,0.0,0.0
32365,7,6,0.14285714285714285,0.2857142857142857,0.3300828942459842,69.65769675925925,2.5216406363433186
323870,1,1,0.0,1.0,,0.0,0.0
323919,198,81,0.5909090909090909,0.12121212121212122,0.4104385960881442,438.8887731481482,5.380399405254793
324114,1,1,0.0,1.0,,0.0,0.0
32417,4,3,0.25,0.5,0.1612285884120338,177.11412037037036,1.5
32424,5,4,0.2,0.4,0.17309825622220162,2.4309143518518517,1.9219280948873623
32430,6,6,0.0,0.16666666666666666,-0.18930005336921937,3.009826388888889,2.584962500721156
324465,20,15,0.25,0.3,0.006066394276271936,56.389398148148146,3.5464393446710156
324951,7,7,0.0,0.14285714285714285,0.3584693930395304,103.57489583333333,2.807354922057604
324973,2,2,0.0,0.5,,3.154259259259259,1.0
324983,7,7,0.0,0.14285714285714285,0.14327441377068467,11.087962962962964,2.807354922057604
325220,5,5,0.0,0.2,-0.06552958880977387,3.0335300925925925,2.321928094887362
325343,108,76,0.2962962962962963,0.06481481481481481,0.2736648966976431,425.20797453703705,6.0124725996876895
325559,55,34,0.38181818181818183,0.16363636363636364,0.12903979014979408,133.00599537037036,4.6831119318172405
32561,1,1,0.0,1.0,,0.0,0.0
325777,3,3,0.0,0.3333333333333333,-0.0004890642948944363,1.018125,1.584962500721156
326071,163,69,0.5766871165644172,0.18404907975460122,0.4597008980254245,213.20923611111112,4.831757404343468
326352,3,2,0.3333333333333333,0.6666666666666666,-0.06455654654237335,33.07125,0.9182958340544896
327141,13,13,0.0,0.07692307692307693,0.5270522074638141,104.09766203703704,3.7004397181410926
327170,98,50,0.4897959183673469,0.14285714285714285,0.4309678393932858,373.8012962962963,5.116884207746123
327215,2,2,0.0,0.5,,2.316574074074074,1.0
327238,142,52,0.6338028169014085,0.24647887323943662,0.15635177505007877,427.01269675925926,4.560269682393395
3275,132,57,0.5681818181818182,0.3181818181818182,0.5246223182328279,414.99179398148146,4.4340559818872425
327600,137,81,0.40875912408759124,0.10948905109489052,0.34749918527821877,430.65140046296295,5.810791463281825
327668,17,15,0.11764705882352941,0.11764705882352941,0.06652335434349678,71.72076388888888,3.852168723603281
32780,30,28,0.06666666666666667,0.06666666666666667,0.5596118958901616,368.321099537037,4.773557262275185
328951,16,15,0.0625,0.125,0.34371489523963544,107.60850694444444,3.875
32920,8,8,0.0,0.125,-0.11169013532408563,4.920844907407408,3.0
329245,98,64,0.3469387755102041,0.22448979591836735,0.29036064389322763,426.0191203703704,5.249822292437415
329416,3,3,0.0,0.3333333333333333,-0.802372293640054,1.973263888888889,1.584962500721156
32980,76,55,0.27631578947368424,0.10526315789473684,0.31578919921708976,428.8265509259259,5.511085408180429
329975,105,39,0.6285714285714286,0.47619047619047616,0.3879107645461481,423.2179050925926,3.6197515610762476
330596,18,17,0.05555555555555555,0.1111111111111111,0.2451520347241515,3.0063541666666667,4.058813890331201
330698,183,82,0.5519125683060109,0.1366120218579235,0.1690861508049901,440.968125,5.621931360639174
331144,1,1,0.0,1.0,,0.0,0.0
33139,1,1,0.0,1.0,,0.0,0.0
331520,35,13,0.6285714285714286,0.6571428571428571,0.4616859334393509,369.8755208333333,2.1566565886789295
331865,59,34,0.423728813559322,0.11864406779661017,0.20025918770463824,299.7700925925926,4.772036482661325
33216,44,36,0.18181818181818182,0.09090909090909091,0.6095467502668162,297.3692361111111,5.050340709546387
332476,1,1,0.0,1.0,,0.0,0.0
33367,2,2,0.0,0.5,,2.2794791666666665,1.0
3338,8,7,0.125,0.25,0.35494304525073256,158.16188657407406,2.75
33433,3,3,0.0,0.3333333333333333,-0.06357788944723622,1.2248379629629629,1.584962500721156
334384,3,3,0.0,0.3333333333333333,-0.3547715023325332,0.3462037037037037,1.584962500721156
334398,10,8,0.2,0.2,-0.0026314317263021123,3.502650462962963,2.9219280948873623
334467,6,5,0.16666666666666666,0.3333333333333333,0.0566167115092218,2.1953472222222223,2.2516291673878226
334607,16,16,0.0,0.0625,0.5714182911080109,229.28726851851852,4.0
334689,5,5,0.0,0.2,0.265480579366513,185.05270833333333,2.321928094887362
33481,1,1,0.0,1.0,,0.0,0.0
334820,24,12,0.5,0.3333333333333333,0.494304396999135,219.1003472222222,3.0849625007211565
335034,30,22,0.26666666666666666,0.13333333333333333,0.23936596516282777,14.087465277777778,4.256564762130954
335154,33,26,0.21212121212121213,0.21212121212121213,0.645225572416229,380.6884259259259,4.388288529831084
335251,3,3,0.0,0.3333333333333333,-0.9396519343933893,1.972361111111111,1.584962500721156
335389,68,28,0.5882352941176471,0.27941176470588236,0.09268651905991829,452.40715277777775,3.9789090586255567
335452,139,73,0.4748201438848921,0.19424460431654678,0.29440776703597493,53.29974537037037,5.299579152664833
335555,214,148,0.308411214953271,0.06074766355140187,0.48551167822939345,445.84260416666666,6.89032298475095
335604,3,3,0.0,0.3333333333333333,-0.4404020214925902,2.6357523148148148,1.584962500721156
335836,5,5,0.0,0.2,-0.20151733065710362,2.7465740740740743,2.321928094887362
3360,68,55,0.19117647058823528,0.058823529411764705,0.18575729063744495,330.0209953703704,5.624083797069064
33640,1,1,0.0,1.0,,0.0,0.0
336475,65,54,0.16923076923076924,0.07692307692307693,0.004442630887179525,252.76636574074075,5.628373344190965
336633,102,57,0.4411764705882353,0.12745098039215685,0.31937486897987455,418.9728125,5.355068686654588
336799,1,1,0.0,1.0,,0.0,0.0
336909,1,1,0.0,1.0,,0.0,0.0
33694,120,90,0.25,0.041666666666666664,0.330420556312738,418.8523842592593,6.292318879259731
33707,1,1,0.0,1.0,,0.0,0.0
337109,1,1,0.0,1.0,,0.0,0.0
337134,1,1,0.0,1.0,,0.0,0.0
33731,53,42,0.20754716981132076,0.1509433962264151,0.2855218405073155,436.3577662037037,5.1241468696575385
337335,83,68,0.18072289156626506,0.060240963855421686,0.2583249136092671,421.4433217592593,5.936912588255357
337410,1,1,0.0,1.0,,0.0,0.0
337616,61,44,0.2786885245901639,0.08196721311475409,0.1874961686512729,191.1822222222222,5.244273354268996
33800,1,1,0.0,1.0,,0.0,0.0
338083,3,3,0.0,0.3333333333333333,-0.10312806112453471,2.932673611111111,1.584962500721156
338344,5,5,0.0,0.2,0.1696942418387179,2.4264004629629627,2.321928094887362
338405,1,1,0.0,1.0,,0.0,0.0
338725,88,33,0.625,0.22727272727272727,0.34212490116715205,364.65497685185187,4.163509064951023
339058,26,23,0.11538461538461539,0.11538461538461539,0.5738490707667283,158.31633101851853,4.440636352673266
339116,3,3,0.0,0.3333333333333333,-0.018053148469093006,0.08158564814814814,1.584962500721156
339152,2,2,0.0,0.5,,3.9996412037037037,1.0
339312,3,3,0.0,0.3333333333333333,-0.016273946124802412,2.872314814814815,1.584962500721156
339400,4,4,0.0,0.25,-0.00788746141028912,6.298402777777778,2.0
339530,8,8,0.0,0.125,0.20523201899756735,8.98244212962963,3.0
339699,24,16,0.3333333333333333,0.125,0.6402563543758513,159.16077546296296,3.8553885422075336
339790,6,5,0.16666666666666666,0.3333333333333333,0.3156792080763754,353.19097222222223,2.2516291673878226
339968,55,26,0.5272727272727272,0.4727272727272727,0.39848470459146557,274.0171875,3.400153892182262
340463,3,3,0.0,0.3333333333333333,-0.00021034657691880695,0.9356018518518519,1.584962500721156
340931,163,34,0.7914110429447853,0.294478527607362,0.6937037668250915,448.8079050925926,4.120506643988136
341006,32,26,0.1875,0.09375,0.2205486197162962,395.8887962962963,4.601409765557392
341187,15,15,0.0,0.06666666666666667,0.032716155031906585,4.3378125,3.906890595608518
341590,2,2,0.0,0.5,,208.82878472222222,1.0
341870,5,5,0.0,0.2,-0.054534092069448065,1.8467939814814816,2.321928094887362
341938,127,44,0.6535433070866141,0.4015748031496063,0.19206961253180868,365.97818287037035,3.9441812310490363
342309,2,2,0.0,0.5,,1.8787037037037038,1.0
342369,7,7,0.0,0.14285714285714285,0.22758849258720878,3.8589930555555556,2.807354922057604
342417,11,9,0.18181818181818182,0.18181818181818182,0.15847195870338532,7.993298611111111,3.095795255000934
34257,67,40,0.40298507462686567,0.1044776119402985,0.3017299764003073,440.38741898148146,5.021074079547272
343642,28,16,0.42857142857142855,0.17857142857142858,0.07855860958390899,51.89921296296296,3.767375797816042
34379,4,3,0.25,0.5,0.17027240066216895,317.813287037037,1.5
34391,2,2,0.0,0.5,,0.0011805555555555556,1.0
34422,12,12,0.0,0.08333333333333333,0.05868547434853339,6.656550925925926,3.584962500721156
34452,3,3,0.0,0.3333333333333333,-0.19665934514992076,0.2711458333333333,1.584962500721156
34454,3,3,0.0,0.3333333333333333,-0.06218807109040185,1.1503472222222222,1.584962500721156
34483,6,6,0.0,0.16666666666666666,-0.06398194953445445,1.8471180555555555,2.584962500721156
345083,1,1,0.0,1.0,,0.0,0.0
345328,1,1,0.0,1.0,,0.0,0.0
34533,3,3,0.0,0.3333333333333333,-0.013638470088992154,161.81982638888888,1.584962500721156
345488,10,10,0.0,0.1,0.25114326979691237,336.29806712962966,3.321928094887362
34557,2,2,0.0,0.5,,0.044756944444444446,1.0
345589,1,1,0.0,1.0,,0.0,0.0
345609,3,3,0.0,0.3333333333333333,-0.47676227325653114,5.680902777777778,1.584962500721156
345671,89,59,0.33707865168539325,0.07865168539325842,0.4413460515441201,405.91072916666667,5.618647195713658
345882,2,2,0.0,0.5,,3.018240740740741,1.0
346027,208,78,0.625,0.11057692307692307,0.29274735922818595,436.08650462962964,5.378559480396513
346177,56,41,0.26785714285714285,0.08928571428571429,0.3984445406777911,304.3620833333333,5.1427249051134325
346293,61,36,0.4098360655737705,0.21311475409836064,0.3183285917305683,388.21064814814815,4.623928209525656
346457,5,5,0.0,0.2,-0.18245771228047508,7.846712962962963,2.321928094887362
347099,145,127,0.12413793103448276,0.027586206896551724,0.4041328766774345,29.683599537037036,6.907427883088543
347399,60,47,0.21666666666666667,0.06666666666666667,0.3108408337047101,447.1731712962963,5.3943091372391265
347406,2,1,0.5,1.0,,3.372349537037037,-0.0
34753,92,75,0.18478260869565216,0.043478260869565216,0.19332062256734403,437.8352893518518,6.124052309294368
347935,8,2,0.75,0.625,0.2940466919235114,274.97703703703706,0.954434002924965
348,88,41,0.5340909090909091,0.18181818181818182,0.23155648967708034,444.023125,4.67353939709103
34802,5,5,0.0,0.2,0.10112392895364665,24.816157407407406,2.321928094887362
348051,6,6,0.0,0.16666666666666666,-0.16090217115603805,4.711238425925926,2.584962500721156
348315,1,1,0.0,1.0,,0.0,0.0
348330,2,2,0.0,0.5,,45.90775462962963,1.0
34909,83,50,0.39759036144578314,0.060240963855421686,0.11602933058208137,220.44060185185185,5.3783038174529425
349205,574,279,0.5139372822299652,0.05400696864111498,0.5889053528936455,123.66685185185185,7.158623000283765
349426,52,39,0.25,0.07692307692307693,0.3128585706291949,412.98020833333334,5.1089995738687195
349680,1,1,0.0,1.0,,0.0,0.0
350217,79,63,0.20253164556962025,0.08860759493670886,0.15928223945318,432.13782407407405,5.776546767741621
350527,7,7,0.0,0.14285714285714285,-0.20577152277141864,4.702118055555555,2.807354922057604
351298,35,28,0.2,0.08571428571428572,0.6447382716662929,312.9609375,4.707714802597438
351368,152,41,0.7302631578947368,0.2565789473684211,0.18676052789986752,194.7174537037037,3.972898719140437
351629,3,3,0.0,0.3333333333333333,-0.39237057220708454,0.09462962962962963,1.584962500721156
35177,21,20,0.047619047619047616,0.09523809523809523,0.039083669938520554,15.927349537037037,4.297079327540666
351779,58,36,0.3793103448275862,0.1896551724137931,0.44497627208994944,419.5174768518518,4.699823007476295
352431,3,3,0.0,0.3333333333333333,-0.14970375902414734,1.3363310185185184,1.584962500721156
352587,90,74,0.17777777777777778,0.044444444444444446,0.24391157871382876,424.920162037037,6.088912401813115
352699,9,9,0.0,0.1111111111111111,0.10832831148846657,7.155983796296296,3.169925001442312
352875,1,1,0.0,1.0,,0.0,0.0
352876,3,3,0.0,0.3333333333333333,-0.26371942260658854,3.2353703703703705,1.584962500721156
353373,88,63,0.2840909090909091,0.125,0.24384280667094205,418.8690625,5.526558347929139
353420,2,2,0.0,0.5,,2.007164351851852,1.0
353704,7,5,0.2857142857142857,0.2857142857142857,0.14730832472449193,398.0943287037037,2.2359263506290326
35378,174,79,0.5459770114942529,0.14367816091954022,0.4419611029963601,261.1765972222222,5.537955451888933
353805,1,1,0.0,1.0,,0.0,0.0
3539,2,2,0.0,0.5,,0.48238425925925926,1.0
353925,3,3,0.0,0.3333333333333333,-0.4601301716591177,0.8880092592592592,1.584962500721156
354076,2,2,0.0,0.5,,0.6031944444444445,1.0
354281,1,1,0.0,1.0,,0.0,0.0
354288,84,54,0.35714285714285715,0.09523809523809523,0.4091416679688977,391.92721064814816,5.377304030768759
354552,17,17,0.0,0.058823529411764705,0.04570850426993473,11.002708333333333,4.087462841250339
35486,7,4,0.42857142857142855,0.5714285714285714,0.004692872930469127,170.3471412037037,1.6644977792004614
354996,2,2,0.0,0.5,,0.00047453703703703704,1.0
355514,34,24,0.29411764705882354,0.11764705882352941,0.4809639541309599,155.56690972222222,4.35937791471612
356377,3,3,0.0,0.3333333333333333,-0.5796673363606017,2.9029861111111113,1.584962500721156
3566,1,1,0.0,1.0,,0.0,0.0
356708,27,16,0.4074074074074074,0.2222222222222222,0.5802653900571039,440.7518402777778,3.574357762129127
35700,1,1,0.0,1.0,,0.0,0.0
357344,2,2,0.0,0.5,,80.63649305555556,1.0
357519,2,2,0.0,0.5,,0.005694444444444445,1.0
357551,1,1,0.0,1.0,,0.0,0.0
357663,1,1,0.0,1.0,,0.0,0.0
357701,19,11,0.42105263157894735,0.3684210526315789,0.4503525712196412,3.3310648148148148,3.0031125421592044
358190,78,29,0.6282051282051282,0.14102564102564102,0.5078127031370441,433.47592592592594,4.3321915115095875
358238,20,4,0.8,0.55,-0.019649834753929795,9.13306712962963,1.543751954420502
358352,115,84,0.26956521739130435,0.0782608695652174,0.4860662309570458,424.75547453703706,6.097323963837353
359061,72,27,0.625,0.4166666666666667,0.016265421167899172,109.25354166666666,3.5647688091526475
3592,71,52,0.2676056338028169,0.11267605633802817,0.3997377052351914,440.8223611111111,5.396088316626837
35926,3,3,0.0,0.3333333333333333,-0.08285747886422136,0.9591435185185185,1.584962500721156
359551,3,2,0.3333333333333333,0.6666666666666666,-0.1783006589955998,0.660162037037037,0.9182958340544896
359657,1,1,0.0,1.0,,0.0,0.0
35979,9,9,0.0,0.1111111111111111,0.3700451052261757,121.90005787037038,3.169925001442312
359831,1,1,0.0,1.0,,0.0,0.0
360071,6,6,0.0,0.16666666666666666,0.29288176965589147,1.046851851851852,2.584962500721156
360548,3,3,0.0,0.3333333333333333,-0.01023294317842112,2.033888888888889,1.584962500721156
360840,6,6,0.0,0.16666666666666666,-0.05281451043343258,2.1462037037037036,2.584962500721156
360862,1,1,0.0,1.0,,0.0,0.0
36098,2,2,0.0,0.5,,27.090717592592593,1.0
361197,16,14,0.125,0.125,0.17972177590757585,2.25994212962963,3.75
362043,12,9,0.25,0.16666666666666666,0.08186844507049167,17.27021990740741,3.084962500721156
362137,4,3,0.25,0.5,0.12582455989356817,3.210462962962963,1.5
362183,218,60,0.7247706422018348,0.2018348623853211,0.3358246629992651,424.80994212962963,4.677140550344575
362554,1,1,0.0,1.0,,0.0,0.0
362562,7,6,0.14285714285714285,0.2857142857142857,-0.15448010247865182,68.75863425925925,2.5216406363433186
36312,2,1,0.5,1.0,,0.5075925925925926,-0.0
3632,47,37,0.2127659574468085,0.1276595744680851,0.1611769146447427,406.18200231481484,4.995766245156568
363245,2,2,0.0,0.5,,0.4565625,1.0
363723,12,12,0.0,0.08333333333333333,-0.009741560858775145,12.462615740740741,3.584962500721156
363814,3,3,0.0,0.3333333333333333,-0.3426812775391546,3.9183449074074073,1.584962500721156
3648,2,2,0.0,0.5,,0.015486111111111112,1.0
364812,87,58,0.3333333333333333,0.09195402298850575,0.3465959310420071,423.2680787037037,5.588178806462517
364861,9,9,0.0,0.1111111111111111,0.24930960258138923,16.67215277777778,3.169925001442312
36491,6,5,0.16666666666666666,0.3333333333333333,0.31984929006134905,273.68361111111113,2.2516291673878226
365112,5,5,0.0,0.2,-0.04376306681691644,15.463171296296297,2.321928094887362
365133,2,2,0.0,0.5,,16.41383101851852,1.0
365376,3,3,0.0,0.3333333333333333,-0.07002633965197118,14.34070601851852,1.584962500721156
36547,13,13,0.0,0.07692307692307693,0.2716642850931813,95.99934027777778,3.7004397181410926
365576,97,58,0.4020618556701031,0.25773195876288657,0.16357244922921313,429.1868402777778,5.025422169739099
365720,94,88,0.06382978723404255,0.031914893617021274,0.18439794226336131,442.07738425925925,6.41086784099331
365737,3,3,0.0,0.3333333333333333,-0.13731823120544154,0.8844097222222222,1.584962500721156
36577,60,39,0.35,0.13333333333333333,0.4038103624422862,347.7440393518518,4.887536271296349
36642,4,4,0.0,0.25,-0.17267571121768172,0.9174305555555555,2.0
366457,4,4,0.0,0.25,-0.12890033918552912,2.9181712962962965,2.0
366596,107,41,0.616822429906542,0.32710280373831774,0.26382747356054176,445.7752662037037,4.142829317185683
366607,49,31,0.3673469387755102,0.32653061224489793,0.05893323205644563,312.7708449074074,4.170732548152689
367303,2,2,0.0,0.5,,0.0006712962962962962,1.0
367663,72,47,0.3472222222222222,0.09722222222222222,0.44235564413613554,386.9037037037037,5.218808253140736
367797,2,2,0.0,0.5,,10.830289351851851,1.0
368420,210,88,0.580952380952381,0.10952380952380952,0.22575461446077866,430.74060185185186,5.591044589036489
36872,1,1,0.0,1.0,,0.0,0.0
368888,40,28,0.3,0.125,0.6770840383196373,413.29265046296297,4.581687083026444
369452,25,21,0.16,0.12,0.13902045507945585,11.450960648148149,4.263465189601646
369501,4,4,0.0,0.25,0.15448972087379287,3.602222222222222,2.0
369642,3,3,0.0,0.3333333333333333,-0.021027789563003843,0.8913194444444444,1.584962500721156
369902,6,6,0.0,0.16666666666666666,-0.29314751292391483,3.7383680555555556,2.584962500721156
369977,2,2,0.0,0.5,,0.3482175925925926,1.0
369982,3,3,0.0,0.3333333333333333,-0.040823424182139585,314.5475,1.584962500721156
370547,13,13,0.0,0.07692307692307693,0.0860344956121821,4.906886574074074,3.7004397181410926
370784,1,1,0.0,1.0,,0.0,0.0
372534,22,18,0.18181818181818182,0.13636363636363635,0.21570836999341608,9.84275462962963,4.0614821867207755
37268,4,4,0.0,0.25,-0.7813134766564843,0.3978703703703704,2.0
372937,1,1,0.0,1.0,,0.0,0.0
373005,2,2,0.0,0.5,,1.2952083333333333,1.0
373055,9,8,0.1111111111111111,0.2222222222222222,0.10674467892043658,9.040868055555556,2.94770277922009
373069,3,3,0.0,0.3333333333333333,-0.0034597404052378843,242.99496527777777,1.584962500721156
373213,1,1,0.0,1.0,,0.0,0.0
373347,8,8,0.0,0.125,-0.25293064391948167,4.811678240740741,3.0
37394,4,4,0.0,0.25,-0.11442218329203298,0.004826388888888889,2.0
374083,4,4,0.0,0.25,-0.1155279408807028,33.84407407407407,2.0
37431,2,2,0.0,0.5,,0.09224537037037037,1.0
374391,1,1,0.0,1.0,,0.0,0.0
374658,241,70,0.7095435684647303,0.24481327800829875,0.45693116386374505,436.62622685185187,4.5543215084698305
374743,14,9,0.35714285714285715,0.2857142857142857,0.46694649515660275,218.07944444444445,2.950212064914747
37476,39,23,0.41025641025641024,0.1282051282051282,0.42771984153017645,65.6129050925926,4.218488360543355
374865,52,50,0.038461538461538464,0.038461538461538464,0.17564306267995364,398.0491666666667,5.623516641218016
374884,2,2,0.0,0.5,,1.8869444444444445,1.0
374887,5,5,0.0,0.2,0.2458680887349822,170.78832175925925,2.321928094887362
374928,4,2,0.5,0.75,0.0751529938958815,260.1073958333333,0.8112781244591328
375144,14,10,0.2857142857142857,0.21428571428571427,0.3700335410155899,91.14017361111111,3.128085278891395
37556,896,61,0.9319196428571429,0.5446428571428571,0.4849870192885009,448.0751851851852,2.4653577665210404
375563,1,1,0.0,1.0,,0.0,0.0
375756,80,53,0.3375,0.2,0.5965213667086345,147.05130787037038,5.143619813556232
375895,1,1,0.0,1.0,,0.0,0.0
376041,7,6,0.14285714285714285,0.2857142857142857,0.1259677573517006,17.793391203703703,2.5216406363433186
376455,1,1,0.0,1.0,,0.0,0.0
376472,128,80,0.375,0.1015625,0.35642643599198676,448.0191550925926,5.835520959918551
376559,1,1,0.0,1.0,,0.0,0.0
376722,102,70,0.3137254901960784,0.08823529411764706,0.1852824444107025,424.8317361111111,5.788709994055637
37681,155,70,0.5483870967741935,0.2838709677419355,0.2843040115034916,435.23188657407405,4.947415385668006
37702,10,10,0.0,0.1,-0.14723287407254,30.12153935185185,3.321928094887362
377080,133,60,0.5488721804511278,0.2932330827067669,0.35777777835043884,440.05658564814814,4.821264352829622
377742,73,26,0.6438356164383562,0.2876712328767123,0.47004686722372185,409.57484953703704,3.815410177946389
377765,1,1,0.0,1.0,,0.0,0.0
377971,4,4,0.0,0.25,-0.09893877613299469,0.6871875,2.0
378473,2,2,0.0,0.5,,0.4210185185185185,1.0
378493,2,1,0.5,1.0,,4.8692824074074075,-0.0
378643,99,87,0.12121212121212122,0.04040404040404041,0.37633059371145183,420.2317013888889,6.359105231168869
378703,1,1,0.0,1.0,,0.0,0.0
378901,1,1,0.0,1.0,,0.0,0.0
378943,5,5,0.0,0.2,-0.01015705238824094,8.720821759259259,2.321928094887362
379536,78,42,0.46153846153846156,0.10256410256410256,0.5389287521093072,410.1256828703704,4.988794168737028
379596,3,3,0.0,0.3333333333333333,-0.04181017066553789,0.6266898148148148,1.584962500721156
379899,2,2,0.0,0.5,,2.213460648148148,1.0
380203,1,1,0.0,1.0,,0.0,0.0
380240,18,18,0.0,0.05555555555555555,0.03935026757088474,5.6286805555555555,4.169925001442312
380450,21,19,0.09523809523809523,0.14285714285714285,0.20493014408890803,12.989351851851852,4.165894208390024
380790,3,2,0.3333333333333333,0.6666666666666666,-0.005566435067199646,19.089328703703703,0.9182958340544896
38100,8,7,0.125,0.25,0.19547703178928746,99.9497337962963,2.75
381012,81,45,0.4444444444444444,0.1111111111111111,0.1396256934694289,235.65902777777777,5.078392404060853
38109,105,51,0.5142857142857142,0.21904761904761905,0.19598344926523803,448.29703703703706,4.750106105459082
381150,1,1,0.0,1.0,,0.0,0.0
3812,2,2,0.0,0.5,,2.2012847222222223,1.0
381273,3,3,0.0,0.3333333333333333,-0.34566686375538475,7.375625,1.584962500721156
381436,6,5,0.16666666666666666,0.3333333333333333,-0.04251644768620831,0.3557060185185185,2.2516291673878226
381862,6,6,0.0,0.16666666666666666,-0.3779447832668025,1.0711574074074075,2.584962500721156
38197,4,3,0.25,0.5,-0.06220855372634035,368.1152662037037,1.5
382064,1,1,0.0,1.0,,0.0,0.0
38243,4,4,0.0,0.25,0.16071947179595597,55.764212962962965,2.0
382612,11,9,0.18181818181818182,0.18181818181818182,0.2715684980060643,212.55354166666666,3.095795255000934
38263,42,29,0.30952380952380953,0.11904761904761904,0.603178279290842,147.30496527777777,4.651378958998672
383234,1,1,0.0,1.0,,0.0,0.0
383289,1,1,0.0,1.0,,0.0,0.0
38351,2,2,0.0,0.5,,0.0503125,1.0
383790,72,50,0.3055555555555556,0.1527777777777778,0.21784165567432112,360.7802314814815,5.236964400278785
384110,9,8,0.1111111111111111,0.2222222222222222,-0.04441068888199576,8.015625,2.94770277922009
384227,7,5,0.2857142857142857,0.42857142857142855,0.3751073938017547,118.05137731481481,2.1280852788913944
3843,3,3,0.0,0.3333333333333333,-0.39817302525523907,0.15057870370370371,1.584962500721156
38482,17,14,0.17647058823529413,0.11764705882352941,0.04686618515436942,8.519178240740741,3.7345216647797517
384969,10,10,0.0,0.1,-0.005007758349122669,1.8722916666666667,3.321928094887362
385303,1,1,0.0,1.0,,0.0,0.0
385566,1,1,0.0,1.0,,0.0,0.0
3857,101,67,0.33663366336633666,0.07920792079207921,0.3866633377876964,444.80474537037037,5.713400374185254
385999,2,2,0.0,0.5,,13.005821759259259,1.0
386287,4,4,0.0,0.25,0.13238417402131278,316.01568287037037,2.0
38678,32,31,0.03125,0.0625,0.27357302129444444,12.571180555555555,4.9375
38691,8,6,0.25,0.25,0.40545333702338565,169.99827546296297,2.5
386910,1,1,0.0,1.0,,0.0,0.0
386939,1,1,0.0,1.0,,0.0,0.0
387084,3,2,0.3333333333333333,0.6666666666666666,-0.006439527901541525,89.52356481481482,0.9182958340544896
38714,4,4,0.0,0.25,-0.11533421402821699,0.0719212962962963,2.0
387713,3,2,0.3333333333333333,0.6666666666666666,-0.1379832531623018,0.8871527777777778,0.9182958340544896
387963,94,57,0.39361702127659576,0.07446808510638298,0.10310763939630312,412.4195486111111,5.4808048413633035
389123,2,2,0.0,0.5,,2.092060185185185,1.0
389341,16,15,0.0625,0.125,0.5725042377539413,82.29850694444444,3.875
389539,124,43,0.6532258064516129,0.23387096774193547,0.6480521098971099,444.38114583333333,4.335239962723977
38968,4,4,0.0,0.25,0.1664401395489691,68.3322337962963,2.0
389767,172,43,0.75,0.29651162790697677,0.41252408956171804,448.0141203703704,3.8017553415124623
39009,2,2,0.0,0.5,,0.664375,1.0
390137,19,15,0.21052631578947367,0.21052631578947367,0.027425630889687625,6.421296296296297,3.7216117239698994
39059,99,47,0.5252525252525253,0.26262626262626265,0.26097571227841604,438.0908680555556,4.543196589946591
390739,1,1,0.0,1.0,,0.0,0.0
390788,11,10,0.09090909090909091,0.18181818181818182,0.006949127570591899,4.073738425925926,3.2776134368191157
390974,2,2,0.0,0.5,,0.0014351851851851852,1.0
391289,67,31,0.5373134328358209,0.14925373134328357,0.6748639205746867,375.78774305555555,4.502729960842785
391409,2,2,0.0,0.5,,0.3776157407407407,1.0
39160,48,37,0.22916666666666666,0.08333333333333333,0.17633697806489507,446.7789583333333,5.05350885479768
391772,4,3,0.25,0.5,-0.13739980221762005,5.950648148148148,1.5
391864,36,34,0.05555555555555555,0.08333333333333333,0.07419567580694528,126.63804398148149,5.037844793048881
39196,117,83,0.2905982905982906,0.06837606837606838,0.31406544149564575,443.0447800925926,6.053904997913913
39204,3,3,0.0,0.3333333333333333,-0.013920584440513669,11.523946759259259,1.584962500721156
39218,16,14,0.125,0.1875,0.5691212922530662,347.17685185185184,3.702819531114783
39232,2,1,0.5,1.0,,3.9545833333333333,-0.0
392668,15,13,0.13333333333333333,0.2,0.5524395020009594,308.91719907407406,3.5898980954642865
392867,1,1,0.0,1.0,,0.0,0.0
392948,18,18,0.0,0.05555555555555555,-0.04885980500589277,5.839756944444445,4.169925001442312
393040,2,2,0.0,0.5,,2.0433449074074073,1.0
393224,2,2,0.0,0.5,,1.1892361111111112,1.0
393423,58,39,0.3275862068965517,0.10344827586206896,0.06995954288706376,420.7133796296296,4.998079219594342
393668,72,46,0.3611111111111111,0.1111111111111111,0.3225508423552059,435.1658912037037,5.227226348929436
39376,8,7,0.125,0.25,-0.13295721286731194,2.992627314814815,2.75
394410,63,28,0.5555555555555556,0.4444444444444444,0.1975333097623187,443.84356481481484,3.5747271406463224
394475,212,114,0.46226415094339623,0.1650943396226415,0.24360447251659112,417.2596412037037,5.994658298621435
394692,93,51,0.45161290322580644,0.10752688172043011,0.2796592548565127,237.1028472222222,5.169715301040385
395291,2,2,0.0,0.5,,1.0266435185185185,1.0
395403,32,28,0.125,0.09375,0.5759316470530121,217.94212962962962,4.726409765557392
395535,22,18,0.18181818181818182,0.13636363636363635,0.0904064941816826,127.33,4.0614821867207755
395543,53,46,0.1320754716981132,0.05660377358490566,0.2391275650312685,401.14300925925926,5.449526350748794
39588,1,1,0.0,1.0,,0.0,0.0
396143,9,9,0.0,0.1111111111111111,0.32001537698062926,1.4703819444444444,3.169925001442312
396194,3,3,0.0,0.3333333333333333,-0.559221588941021,5.731041666666667,1.584962500721156
396685,2,2,0.0,0.5,,142.49390046296296,1.0
39708,52,41,0.21153846153846154,0.1346153846153846,0.062285490761497246,359.2247106481482,5.115701795899425
397204,1,1,0.0,1.0,,0.0,0.0
397779,3,3,0.0,0.3333333333333333,-0.3168245420012502,0.3169675925925926,1.584962500721156
397849,5,4,0.2,0.4,0.2618509410543116,196.17319444444445,1.9219280948873623
397918,108,64,0.4074074074074074,0.18518518518518517,0.5404060414676225,425.4053935185185,5.264444104841913
398084,1,1,0.0,1.0,,0.0,0.0
398397,75,60,0.2,0.09333333333333334,0.3317446067481494,162.29681712962963,5.678670358111347
398755,13,12,0.07692307692307693,0.15384615384615385,0.14317171196591394,7.2409490740740745,3.5465935642949384
398825,1,1,0.0,1.0,,0.0,0.0
398973,22,15,0.3181818181818182,0.3181818181818182,0.2643595821448453,72.96855324074075,3.47527323434624
39935,2,2,0.0,0.5,,0.009583333333333333,1.0
399749,3,3,0.0,0.3333333333333333,-0.736834398945776,2.059375,1.584962500721156
39975,1,1,0.0,1.0,,0.0,0.0
399861,6,6,0.0,0.16666666666666666,-0.04324220566896526,10.73017361111111,2.584962500721156
399912,15,7,0.5333333333333333,0.4666666666666667,0.37316529843494217,266.0350925925926,2.279799131837405
400007,3,2,0.3333333333333333,0.6666666666666666,-0.19884088279789974,1.247349537037037,0.9182958340544896
40025,61,45,0.26229508196721313,0.08196721311475409,0.2885307228113137,443.8673148148148,5.281398969129494
400263,9,9,0.0,0.1111111111111111,-0.04041068025523054,12.546331018518519,3.169925001442312
400468,4,4,0.0,0.25,-0.040110680209351046,2.788263888888889,2.0
400497,9,9,0.0,0.1111111111111111,-0.07931905355211413,4.310879629629629,3.169925001442312
400828,6,6,0.0,0.16666666666666666,-0.11474361896634051,14.295729166666666,2.584962500721156
40086,1,1,0.0,1.0,,0.0,0.0
401345,1,1,0.0,1.0,,0.0,0.0
401451,3,3,0.0,0.3333333333333333,-0.033519553072625705,0.008564814814814815,1.584962500721156
401539,1,1,0.0,1.0,,0.0,0.0
401862,20,16,0.2,0.1,0.15521838174797667,217.69024305555556,3.9219280948873627
402148,6,6,0.0,0.16666666666666666,0.32759371064324316,4.270069444444444,2.584962500721156
402243,66,20,0.696969696969697,0.2727272727272727,0.33700702866528265,435.03230324074076,3.236433555123053
4024,3,2,0.3333333333333333,0.6666666666666666,-0.13090123253301097,3.5735300925925926,0.9182958340544896
402573,1,1,0.0,1.0,,0.0,0.0
402771,8,8,0.0,0.125,0.043154723300923035,13.031724537037038,3.0
403183,33,29,0.12121212121212122,0.09090909090909091,0.15372964662570104,209.14228009259259,4.779094498080775
403633,2,2,0.0,0.5,,0.21861111111111112,1.0
403832,1,1,0.0,1.0,,0.0,0.0
40446,1,1,0.0,1.0,,0.0,0.0
404522,2,2,0.0,0.5,,0.08776620370370371,1.0
404620,53,34,0.3584905660377358,0.09433962264150944,0.3035759384501558,372.5626736111111,4.885860256769035
404672,169,127,0.2485207100591716,0.029585798816568046,0.30721731448388934,408.29171296296295,6.8061842086844475
404752,1,1,0.0,1.0,,0.0,0.0
404780,2,2,0.0,0.5,,0.0005555555555555556,1.0
404830,2,2,0.0,0.5,,0.5152662037037037,1.0
40565,84,33,0.6071428571428571,0.16666666666666666,0.39849931624243595,419.44484953703704,4.416864919711838
405728,3,3,0.0,0.3333333333333333,-0.0947428347555676,2.069849537037037,1.584962500721156
405873,5,5,0.0,0.2,0.26764824504846574,0.8808796296296296,2.321928094887362
40595,99,66,0.3333333333333333,0.16161616161616163,0.1393976350595478,440.02980324074076,5.482793236197519
405988,73,46,0.3698630136986301,0.1232876712328767,0.31163866010482166,413.02575231481484,5.192646647654387
406793,1,1,0.0,1.0,,0.0,0.0
406833,1,1,0.0,1.0,,0.0,0.0
407,36,33,0.08333333333333333,0.08333333333333333,0.21413747364735639,46.90902777777778,4.982289237493326
407106,1,1,0.0,1.0,,0.0,0.0
407196,3,3,0.0,0.3333333333333333,-0.1382569978084168,1.8995717592592594,1.584962500721156
4080,66,40,0.3939393939393939,0.09090909090909091,0.2774664849415361,419.6699189814815,4.999034748757074
408262,4,3,0.25,0.5,0.0010827573643973942,0.012210648148148148,1.5
408360,26,13,0.5,0.15384615384615385,0.6299849529746935,233.11841435185184,3.53641423712223
408403,54,48,0.1111111111111111,0.05555555555555555,0.5833213784675424,361.0035648148148,5.518685881753033
408436,1,1,0.0,1.0,,0.0,0.0
408737,155,51,0.6709677419354839,0.3161290322580645,0.3887825504517702,201.31950231481483,4.3882892007084076
408832,3,2,0.3333333333333333,0.6666666666666666,-0.39801721888859903,0.6202083333333334,0.9182958340544896
409024,15,13,0.13333333333333333,0.2,0.5420508792872115,150.09261574074074,3.5898980954642865
409227,54,33,0.3888888888888889,0.16666666666666666,0.2571421077686203,387.95877314814817,4.641202956100178
4095,5,4,0.2,0.4,-0.11676154883009876,0.8807870370370371,1.9219280948873623
409701,1,1,0.0,1.0,,0.0,0.0
4099,3,3,0.0,0.3333333333333333,-0.1169010609425117,0.7859027777777777,1.584962500721156
411330,10,8,0.2,0.2,0.24287794290682402,1.3843634259259259,2.9219280948873623
411741,1,1,0.0,1.0,,0.0,0.0
41189,1,1,0.0,1.0,,0.0,0.0
411997,59,31,0.4745762711864407,0.1694915254237288,0.3691582686178522,138.30414351851852,4.479200848101713
412287,205,119,0.4195121951219512,0.05365853658536585,0.3808056863627128,240.57854166666667,6.396581204655197
412354,6,6,0.0,0.16666666666666666,0.002406041720103525,2.0236574074074074,2.584962500721156
4124,5,3,0.4,0.6,0.25288307358891915,141.15052083333333,1.3709505944546687
41240,6,6,0.0,0.16666666666666666,0.3258475508517176,199.94769675925926,2.584962500721156
412447,2,2,0.0,0.5,,26.933449074074073,1.0
412459,73,46,0.3698630136986301,0.1095890410958904,0.3156604258921692,377.2310532407407,5.2376358601906094
4127,7,6,0.14285714285714285,0.2857142857142857,0.06628534619080033,3.731539351851852,2.5216406363433186
413080,1,1,0.0,1.0,,0.0,0.0
413099,2,2,0.0,0.5,,0.3497337962962963,1.0
413342,3,3,0.0,0.3333333333333333,-0.33257651569768903,12.900034722222221,1.584962500721156
413344,4,4,0.0,0.25,-0.1404285564601404,6.105393518518518,2.0
413367,1,1,0.0,1.0,,0.0,0.0
413466,1,1,0.0,1.0,,0.0,0.0
413555,2,1,0.5,1.0,,1.1530902777777778,-0.0
413683,5,5,0.0,0.2,0.26786366522640925,5.024988425925926,2.321928094887362
413871,28,25,0.10714285714285714,0.07142857142857142,0.4998426581136803,216.46309027777778,4.593069207771891
414410,1,1,0.0,1.0,,0.0,0.0
41517,48,33,0.3125,0.16666666666666666,0.47262723139043844,415.97662037037037,4.678508854797678
415284,70,30,0.5714285714285714,0.4,0.19000235427057124,335.0087962962963,3.69905854806011
415354,5,5,0.0,0.2,-0.04483146077797932,7.668287037037037,2.321928094887362
415442,94,59,0.3723404255319149,0.14893617021276595,0.268632710083431,400.26381944444444,5.458020698277384
41605,101,52,0.48514851485148514,0.0891089108910891,0.31560521341594167,444.6868402777778,5.200782181008844
416208,1,1,0.0,1.0,,0.0,0.0
416766,65,38,0.4153846153846154,0.15384615384615385,0.31853710116472483,414.7399652777778,4.757155029066492
41677,5,5,0.0,0.2,-0.36534768936363665,1.3678356481481482,2.321928094887362
41696,2,2,0.0,0.5,,0.6929513888888889,1.0
417211,4,3,0.25,0.5,0.006244363343484465,6.176909722222222,1.5
417353,7,7,0.0,0.14285714285714285,-0.04484874807340653,43.88527777777778,2.807354922057604
417637,6,6,0.0,0.16666666666666666,-0.058444806019647744,1.6284953703703704,2.584962500721156
41811,3,3,0.0,0.3333333333333333,-0.2875917392046425,0.08731481481481482,1.584962500721156
4184,103,59,0.42718446601941745,0.1262135922330097,0.4261276026567882,358.93694444444446,5.335390174156076
419026,1,1,0.0,1.0,,0.0,0.0
41930,128,47,0.6328125,0.09375,0.30179849865706065,425.90444444444444,4.8799974129423775
419381,289,43,0.8512110726643599,0.40484429065743943,0.33576019676354296,441.975462962963,3.2540074403181207
419416,186,116,0.3763440860215054,0.043010752688172046,0.25271762765933903,369.60212962962964,6.570583661008995
41980,125,1,0.992,1.0,0.2803260885771386,430.08324074074073,-0.0
420045,33,32,0.030303030303030304,0.06060606060606061,0.6435961818154285,84.45825231481481,4.983788058752394
420225,3,2,0.3333333333333333,0.6666666666666666,-0.4137494933117146,1.0091782407407408,0.9182958340544896
420792,1,1,0.0,1.0,,0.0,0.0
420945,1,1,0.0,1.0,,0.0,0.0
421295,352,184,0.4772727272727273,0.03125,0.590736038033491,397.2508217592593,7.063795965385939
42144,6,6,0.0,0.16666666666666666,0.06790702549802825,0.16716435185185186,2.584962500721156
421520,48,34,0.2916666666666667,0.08333333333333333,0.6221676582916613,452.8574884259259,4.886842188131012
421656,40,40,0.0,0.025,0.7086286822713012,140.03983796296296,5.321928094887363
421742,3,3,0.0,0.3333333333333333,-0.01701320567750436,4.145706018518519,1.584962500721156
421797,71,43,0.39436619718309857,0.15492957746478872,0.24990737306573144,234.0493287037037,4.967661897167534
421818,1,1,0.0,1.0,,0.0,0.0
422026,326,159,0.5122699386503068,0.10736196319018405,0.317808653363112,452.1018287037037,6.617740251326802
422557,69,51,0.2608695652173913,0.10144927536231885,0.3191171525456367,425.7756597222222,5.425027942883529
422639,1,1,0.0,1.0,,0.0,0.0
42289,8,7,0.125,0.25,0.29142985397474425,203.7425810185185,2.75
423183,6,6,0.0,0.16666666666666666,-0.1493062885800901,6.553622685185185,2.584962500721156
42382,2,2,0.0,0.5,,0.9711921296296296,1.0
423918,9,8,0.1111111111111111,0.2222222222222222,-0.013725975658825242,6.188657407407407,2.94770277922009
424071,14,10,0.2857142857142857,0.14285714285714285,0.5235153810741814,71.65875,3.2359263506290326
424224,774,198,0.7441860465116279,0.082687338501292,0.37311075634992386,266.9289699074074,6.309385759415662
424341,1,1,0.0,1.0,,0.0,0.0
424624,56,50,0.10714285714285714,0.03571428571428571,0.13105629499211388,438.902650462963,5.59306920777189
425082,141,82,0.41843971631205673,0.06382978723404255,0.2118664584510674,446.15052083333336,5.974346080016959
425124,60,31,0.48333333333333334,0.4,0.36506360013191047,414.0616435185185,3.847742678581273
425133,6,6,0.0,0.16666666666666666,0.3300087468300403,7.116458333333333,2.584962500721156
425683,2,2,0.0,0.5,,1.0151157407407407,1.0
426391,3,2,0.3333333333333333,0.6666666666666666,-0.3405405405405405,0.005740740740740741,0.9182958340544896
426491,65,45,0.3076923076923077,0.1076923076923077,0.274942239057768,247.14831018518518,5.137355698638755
426630,8,8,0.0,0.125,0.4160159089011574,346.1540972222222,3.0
426633,9,6,0.3333333333333333,0.3333333333333333,-0.0835377412865604,1.787013888888889,2.4193819456463714
426955,1,1,0.0,1.0,,0.0,0.0
427049,10,9,0.1,0.2,-0.11386865278143246,2.4268287037037037,3.121928094887362
427181,64,45,0.296875,0.09375,0.29178445972224026,409.2379050925926,5.253524413893479
427216,153,96,0.37254901960784315,0.0718954248366013,0.3179492131443297,296.92471064814816,6.188030161767678
427308,2,2,0.0,0.5,,2.6256944444444446,1.0
427400,9,9,0.0,0.1111111111111111,0.06498473076829603,0.9662847222222222,3.169925001442312
427528,7,7,0.0,0.14285714285714285,-0.24907180956263306,4.261909722222223,2.807354922057604
427650,2,1,0.5,1.0,,6.983240740740741,-0.0
427802,1,1,0.0,1.0,,0.0,0.0
428217,3,3,0.0,0.3333333333333333,-0.9898583237611791,36.73186342592592,1.584962500721156
428734,2,2,0.0,0.5,,0.9257291666666667,1.0
429032,3,3,0.0,0.3333333333333333,-0.3119478853081972,2.153796296296296,1.584962500721156
429157,1,1,0.0,1.0,,0.0,0.0
429891,1,1,0.0,1.0,,0.0,0.0
429954,1,1,0.0,1.0,,0.0,0.0
430031,1,1,0.0,1.0,,0.0,0.0
430246,2,2,0.0,0.5,,0.0013078703703703703,1.0
430524,1,1,0.0,1.0,,0.0,0.0
430610,15,14,0.06666666666666667,0.13333333333333333,0.3362674932592215,2.017175925925926,3.773557262275185
430868,4,4,0.0,0.25,-0.12132970128998574,4.46556712962963,2.0
43089,3,3,0.0,0.3333333333333333,-0.1703353419146515,3.0706944444444444,1.584962500721156
430922,5,5,0.0,0.2,0.21809240075720998,284.99457175925926,2.321928094887362
431168,1,1,0.0,1.0,,0.0,0.0
431648,1,1,0.0,1.0,,0.0,0.0
432246,3,3,0.0,0.3333333333333333,-0.1522215074877837,4.726828703703704,1.584962500721156
43228,3,1,0.6666666666666666,1.0,-0.1325191429498184,7.193148148148148,-0.0
4323,59,53,0.1016949152542373,0.05084745762711865,0.09796695714536047,416.6063541666667,5.666458515426867
432334,12,7,0.4166666666666667,0.3333333333333333,0.42662908025756685,145.9403935185185,2.584962500721156
43235,4,4,0.0,0.25,0.15940566462192685,64.1702662037037,2.0
432601,113,40,0.6460176991150443,0.336283185840708,0.2724003832518359,253.53877314814815,4.223987967610493
432622,102,73,0.28431372549019607,0.06862745098039216,0.33016833789897576,408.0361111111111,5.979572062921917
432659,59,9,0.847457627118644,0.6779661016949152,0.5262632555349427,272.62505787037037,1.5956791239295574
432861,3,3,0.0,0.3333333333333333,-0.17249471052125404,0.7055324074074074,1.584962500721156
433136,73,40,0.4520547945205479,0.136986301369863,0.36921192522522683,397.63,4.848861334059048
433467,351,44,0.8746438746438746,0.16809116809116809,0.6855196226746872,372.8896990740741,4.132150982946815
433610,2,2,0.0,0.5,,0.0011458333333333333,1.0
43446,95,68,0.28421052631578947,0.08421052631578947,0.31418513703889656,421.85565972222224,5.78323396671831
43452,38,32,0.15789473684210525,0.07894736842105263,0.2890057204232883,420.8375925925926,4.892407118592876
43467,3,3,0.0,0.3333333333333333,-0.4323404255319148,0.03895833333333333,1.584962500721156
434871,15,14,0.06666666666666667,0.13333333333333333,0.49183020060862986,35.04650462962963,3.773557262275185
43545,89,46,0.48314606741573035,0.1797752808988764,0.39364696891977147,394.06851851851854,4.902519808146135
435614,1,1,0.0,1.0,,0.0,0.0
435853,3,3,0.0,0.3333333333333333,-0.1665500885265252,1.2353819444444445,1.584962500721156
435992,36,23,0.3611111111111111,0.25,0.3946708071468385,155.41766203703705,4.078696876021637
436010,1,1,0.0,1.0,,0.0,0.0
436244,1,1,0.0,1.0,,0.0,0.0
438153,9,8,0.1111111111111111,0.2222222222222222,0.4394049266095528,228.2331712962963,2.94770277922009
438158,6,6,0.0,0.16666666666666666,-0.008723107477633017,0.32309027777777777,2.584962500721156
43876,37,34,0.08108108108108109,0.08108108108108109,0.43106740257453713,9.091527777777777,5.026888838543453
438869,9,4,0.5555555555555556,0.5555555555555556,-0.312954251034247,7.008738425925926,1.6577427265048887
439064,394,98,0.751269035532995,0.1116751269035533,0.44412295291833465,31.946597222222223,5.462970758519224
439091,76,49,0.35526315789473684,0.11842105263157894,0.3074204564351127,357.0453125,5.27886513855221
439159,73,42,0.4246575342465753,0.1643835616438356,0.5243889778166205,444.2240625,4.915938004637676
43923,5,5,0.0,0.2,0.07015955078185568,5.075543981481482,2.321928094887362
439231,74,65,0.12162162162162163,0.04054054054054054,0.18147601652003792,403.84640046296295,5.9458077574623704
439916,1,1,0.0,1.0,,0.0,0.0
44033,1,1,0.0,1.0,,0.0,0.0
44061,203,116,0.42857142857142855,0.10344827586206896,0.39087194502308675,428.7132638888889,6.249221556123246
440770,5,5,0.0,0.2,-0.17541232250836747,2.031064814814815,2.321928094887362
441024,6,6,0.0,0.16666666666666666,-0.2387300728532217,3.3619560185185184,2.584962500721156
441403,57,35,0.38596491228070173,0.24561403508771928,0.2205840523129131,414.5517708333333,4.485298015688716
441406,8,8,0.0,0.125,0.334033486772351,6.9544097222222225,3.0
442022,100,19,0.81,0.59,0.5825068336330161,406.70790509259257,2.461365157813498
4424,3,3,0.0,0.3333333333333333,-0.2044526464583006,0.3550347222222222,1.584962500721156
443495,173,62,0.6416184971098265,0.12716763005780346,0.5720745853745385,448.0395486111111,5.214081804514546
44360,80,61,0.2375,0.0875,0.07084079925955054,377.04059027777777,5.716848445430279
443908,4,4,0.0,0.25,0.15844410379573395,6.956655092592593,2.0
444201,82,58,0.2926829268292683,0.06097560975609756,0.37648867411108244,416.5532175925926,5.588118054254659
444368,4,3,0.25,0.5,0.16966890484175065,152.20395833333333,1.5
444383,58,40,0.3103448275862069,0.1206896551724138,0.4472321572325381,376.29641203703704,5.030118711834408
444880,29,22,0.2413793103448276,0.13793103448275862,0.10340037201070605,332.48008101851855,4.280226253673659
44498,1,1,0.0,1.0,,0.0,0.0
445571,22,22,0.0,0.045454545454545456,0.44193248361349147,9.562627314814815,4.459431618637296
44584,11,9,0.18181818181818182,0.2727272727272727,0.44464097248049317,32.89778935185185,3.0271691184406184
44602,83,46,0.4457831325301205,0.20481927710843373,0.09369633087950348,452.11805555555554,4.9622526143339964
446344,59,26,0.559322033898305,0.4067796610169492,0.257065896592087,314.10548611111113,3.591820752818256
446411,86,61,0.29069767441860467,0.19767441860465115,0.3178956105254838,406.78444444444443,5.35822526309912
446415,74,46,0.3783783783783784,0.32432432432432434,0.21394125108304352,398.29134259259257,4.560276338368037
446654,1,1,0.0,1.0,,0.0,0.0
446702,1,1,0.0,1.0,,0.0,0.0
447279,56,31,0.44642857142857145,0.23214285714285715,0.2227609868550938,410.09841435185183,4.348152121874194
447379,68,53,0.22058823529411764,0.058823529411764705,0.2611473979271742,448.90291666666667,5.587462841250342
447538,20,19,0.05,0.1,0.21263063888126338,145.9251273148148,4.221928094887363
447539,158,118,0.25316455696202533,0.05063291139240506,0.4437856304457861,416.12105324074076,6.650083200612901
447738,15,15,0.0,0.06666666666666667,0.21206621899367623,1.9298842592592593,3.906890595608518
447764,22,19,0.13636363636363635,0.09090909090909091,0.6267144733921917,370.2978587962963,4.186704345910024
447815,2,2,0.0,0.5,,1.0599652777777777,1.0
44794,230,92,0.6,0.11739130434782609,0.39122146001412245,436.10929398148147,5.640964012138014
44808,38,27,0.2894736842105263,0.13157894736842105,0.24558786976835653,20.31912037037037,4.459133606837347
448490,28,25,0.10714285714285714,0.07142857142857142,0.22132342222382276,40.10958333333333,4.593069207771891
448514,4,3,0.25,0.5,-0.2951025064230105,53.23129629629629,1.5
44870,7,7,0.0,0.14285714285714285,-0.19319915795230022,6.945671296296296,2.807354922057604
449143,37,32,0.13513513513513514,0.05405405405405406,0.29989194258007135,223.8141087962963,4.93918309535868
449148,173,107,0.3815028901734104,0.08092485549132948,0.38466131033788736,408.11644675925925,6.360602433574157
449187,5,4,0.2,0.4,-0.11036040888670771,2.660023148148148,1.9219280948873623
44923,35,22,0.37142857142857144,0.14285714285714285,0.2944917607349854,432.98256944444444,4.183014003266001
449294,1,1,0.0,1.0,,0.0,0.0
449569,18,17,0.05555555555555555,0.1111111111111111,0.324372221183794,239.74813657407407,4.058813890331201
449755,76,48,0.3684210526315789,0.10526315789473684,0.2686477252985916,449.2988541666667,5.188331131693839
449894,1,1,0.0,1.0,,0.0,0.0
449895,4,3,0.25,0.5,0.0669451203709323,3.7515277777777776,1.5
450067,16,16,0.0,0.0625,-0.04146686499282745,6.042650462962963,4.0
450099,93,48,0.4838709677419355,0.12903225806451613,0.3567855451416269,439.84181712962965,4.911448484898759
450505,2,2,0.0,0.5,,0.000462962962962963,1.0
450697,2,2,0.0,0.5,,17.352048611111112,1.0
45128,24,17,0.2916666666666667,0.2916666666666667,-0.022456382933392114,10.349733796296297,3.6828173151210213
45174,3,3,0.0,0.3333333333333333,-9.129546865515025e-06,32.96206018518519,1.584962500721156
451786,33,32,0.030303030303030304,0.06060606060606061,0.18627110059682228,387.09503472222224,4.983788058752394
452249,81,58,0.2839506172839506,0.08641975308641975,0.11412515231184119,420.7364699074074,5.5291401647931835
452494,316,110,0.6518987341772152,0.12025316455696203,0.2838957593904856,407.0736342592593,5.697569208754297
4529,17,15,0.11764705882352941,0.11764705882352941,0.3890397258582314,6.903761574074074,3.852168723603281
453156,21,19,0.09523809523809523,0.14285714285714285,0.3310665621986904,15.439456018518518,4.165894208390024
453740,3,3,0.0,0.3333333333333333,-0.1578361562976384,4.7557986111111115,1.584962500721156
453786,2,2,0.0,0.5,,11.61488425925926,1.0
453924,6,6,0.0,0.16666666666666666,0.03174757313126679,2.0147800925925927,2.584962500721156
454131,9,9,0.0,0.1111111111111111,-0.17507646389245463,0.5235532407407407,3.169925001442312
455224,226,33,0.8539823008849557,0.28761061946902655,0.2919639897836186,354.0736111111111,3.337847113447816
455256,1,1,0.0,1.0,,0.0,0.0
455879,14,14,0.0,0.07142857142857142,-0.2042954292406952,8.012569444444445,3.8073549220576055
45605,8,8,0.0,0.125,-0.07885863146824161,3.2626157407407406,3.0
456093,2,2,0.0,0.5,,1.6656944444444444,1.0
4562,272,119,0.5625,0.16911764705882354,0.3229646129248043,366.7026736111111,5.526815118117696
456327,12,12,0.0,0.08333333333333333,0.41965297771411253,4.961516203703703,3.584962500721156
456356,1,1,0.0,1.0,,0.0,0.0
456397,2,2,0.0,0.5,,1.6905671296296296,1.0
45682,14,13,0.07142857142857142,0.14285714285714285,-0.11998060699511033,5.110162037037037,3.6644977792004623
45709,2,2,0.0,0.5,,1.9578472222222223,1.0
457232,8,8,0.0,0.125,0.2229963882720536,3.6108912037037038,3.0
457651,41,32,0.21951219512195122,0.0975609756097561,0.05602257846524421,293.39578703703705,4.8329233459759635
457761,2,2,0.0,0.5,,0.9699305555555555,1.0
457812,250,151,0.396,0.044,0.458734082116321,439.35905092592594,6.8548462320270405
457963,1,1,0.0,1.0,,0.0,0.0
458147,3,3,0.0,0.3333333333333333,-0.9776124069789256,5.856296296296296,1.584962500721156
45831,80,43,0.4625,0.2,0.6618889451961285,431.28730324074075,4.586768795973195
458823,9,8,0.1111111111111111,0.2222222222222222,0.29059871023897327,3.4734375,2.94770277922009
45899,194,98,0.4948453608247423,0.1134020618556701,0.20281872971369388,398.7921875,5.890311997111357
459231,1,1,0.0,1.0,,0.0,0.0
459356,2,2,0.0,0.5,,1.269861111111111,1.0
4595,50,36,0.28,0.08,0.09713226923690908,438.6225925925926,5.013660689688187
460039,79,42,0.46835443037974683,0.26582278481012656,0.32580311690573005,420.9434837962963,4.5854460534596235
460149,14,11,0.21428571428571427,0.2857142857142857,0.3115525955685896,12.45324074074074,3.2359263506290334
460335,3,3,0.0,0.3333333333333333,-0.581472382477158,1.9893055555555557,1.584962500721156
460394,2,2,0.0,0.5,,192.3533912037037,1.0
460418,1,1,0.0,1.0,,0.0,0.0
460597,18,17,0.05555555555555555,0.1111111111111111,0.2736039366292024,380.06282407407406,4.058813890331201
460738,2,1,0.5,1.0,,3.2826041666666668,-0.0
46114,53,47,0.11320754716981132,0.07547169811320754,0.21269784348526663,437.7292939814815,5.449526350748794
461351,238,61,0.7436974789915967,0.33613445378151263,0.2854398699419351,280.45409722222223,4.291404478911378
461446,7,7,0.0,0.14285714285714285,-0.001475586067026256,6.857534722222222,2.807354922057604
461654,7,4,0.42857142857142855,0.42857142857142855,-0.014979263227353086,58.978287037037035,1.8423709931771088
461846,6,6,0.0,0.16666666666666666,0.266127543541485,5.816712962962963,2.584962500721156
462074,3,3,0.0,0.3333333333333333,-0.20443807959339835,1.985775462962963,1.584962500721156
462272,70,59,0.15714285714285714,0.05714285714285714,0.2687758405578866,67.94564814814815,5.786425874087824
462710,234,111,0.5256410256410257,0.0811965811965812,0.2830060962643353,444.0359722222222,6.217561659387762
462920,5,2,0.6,0.8,-0.3175604152420834,2.8019907407407407,0.7219280948873623
46299,1,1,0.0,1.0,,0.0,0.0
46314,61,46,0.2459016393442623,0.09836065573770492,0.35801735302686466,439.98627314814814,5.311484263615059
46316,81,72,0.1111111111111111,0.07407407407407407,0.22208226659286934,446.21324074074073,6.0402862682365965
463210,1,1,0.0,1.0,,0.0,0.0
463306,4,4,0.0,0.25,0.1530805839582202,48.1324537037037,2.0
463457,3,3,0.0,0.3333333333333333,-0.6481483239507486,2.009386574074074,1.584962500721156
46371,167,89,0.46706586826347307,0.19161676646706588,0.16785391799795182,441.41983796296296,5.682871358238675
463897,1,1,0.0,1.0,,0.0,0.0
46425,3,2,0.3333333333333333,0.6666666666666666,-0.07270314112962692,0.33675925925925926,0.9182958340544896
46438,83,32,0.6144578313253012,0.14457831325301204,0.4756485904325718,445.79524305555555,4.318880210321651
464779,2,2,0.0,0.5,,2.080208333333333,1.0
464924,4,3,0.25,0.5,-0.4599221164210988,7.556226851851852,1.5
46502,7,7,0.0,0.14285714285714285,0.35648115536995173,112.50826388888889,2.807354922057604
465403,13,13,0.0,0.07692307692307693,0.1606936848469935,26.173333333333332,3.7004397181410926
465969,68,58,0.14705882352941177,0.058823529411764705,0.3511409875832683,388.2074768518519,5.752832142689114
46651,3,3,0.0,0.3333333333333333,-0.27115797695762556,0.37671296296296297,1.584962500721156
466689,5,5,0.0,0.2,-0.19044051152523125,7.0944212962962965,2.321928094887362
466912,4,4,0.0,0.25,0.0555643035713311,5.154409722222222,2.0
466936,5,5,0.0,0.2,-0.12381004554904236,0.21409722222222222,2.321928094887362
467259,4,3,0.25,0.5,0.1536423830540165,41.35356481481482,1.5
467347,75,52,0.30666666666666664,0.10666666666666667,0.2526720106691011,428.93519675925927,5.435355023771523
467399,74,60,0.1891891891891892,0.06756756756756757,0.250744668192724,398.76813657407405,5.761893696997008
467659,4,4,0.0,0.25,-0.7113699407210197,8.471782407407407,2.0
46832,4,4,0.0,0.25,-0.4843376983320364,5.892083333333333,2.0
468698,2,2,0.0,0.5,,0.7050694444444444,1.0
468917,2,2,0.0,0.5,,3.5618171296296297,1.0
468922,210,134,0.3619047619047619,0.08095238095238096,0.2906107020807628,451.74528935185185,6.630835283377531
46952,9,9,0.0,0.1111111111111111,0.39641482827406066,5.4083449074074075,3.169925001442312
469950,1,1,0.0,1.0,,0.0,0.0
470425,19,18,0.05263157894736842,0.10526315789473684,0.2115262958698232,3.2414814814814816,4.142664355548848
470665,95,70,0.2631578947368421,0.08421052631578947,0.2015350351749437,282.19989583333336,5.862284229921752
47071,89,33,0.6292134831460674,0.29213483146067415,0.4244415913179724,426.6729398148148,3.9888042285376732
470726,65,43,0.3384615384615385,0.16923076923076924,0.18843865934972362,407.6661574074074,5.044467462115574
470780,1,1,0.0,1.0,,0.0,0.0
470832,4,3,0.25,0.5,0.1008449915610462,4.636481481481481,1.5
4711,8,7,0.125,0.25,0.1397354387699451,407.99819444444444,2.75
47116,118,63,0.4661016949152542,0.1864406779661017,0.29977249674699297,435.2244675925926,5.346821768948415
47127,1,1,0.0,1.0,,0.0,0.0
472111,6,5,0.16666666666666666,0.3333333333333333,-0.12894262832825631,0.339537037037037,2.2516291673878226
472316,2,2,0.0,0.5,,0.9907638888888889,1.0
4731,35,21,0.4,0.17142857142857143,0.2655914824952672,412.0048726851852,4.093149802473811
473423,1,1,0.0,1.0,,0.0,0.0
473593,99,61,0.3838383838383838,0.09090909090909091,0.12429748324572237,445.8344560185185,5.614169817412764
47375,1,1,0.0,1.0,,0.0,0.0
473844,1,1,0.0,1.0,,0.0,0.0
474005,35,27,0.22857142857142856,0.2571428571428571,0.27012360262149804,5.438113425925926,4.314159445145514
474032,1,1,0.0,1.0,,0.0,0.0
47432,1,1,0.0,1.0,,0.0,0.0
474382,1,1,0.0,1.0,,0.0,0.0
474403,90,71,0.2111111111111111,0.07777777777777778,0.4000750245607477,294.36717592592595,5.959451463430856
474636,1,1,0.0,1.0,,0.0,0.0
47497,12,11,0.08333333333333333,0.16666666666666666,0.5139384317319701,367.05435185185183,3.4182958340544896
475489,15,14,0.06666666666666667,0.13333333333333333,0.07688827359601567,4.206423611111111,3.773557262275185
47573,4,4,0.0,0.25,0.14060986589383076,6.197974537037037,2.0
476,15,14,0.06666666666666667,0.13333333333333333,0.07315226398104063,11.426122685185184,3.773557262275185
476382,1,1,0.0,1.0,,0.0,0.0
476496,60,49,0.18333333333333332,0.06666666666666667,0.5768989432904148,344.27896990740743,5.5068905956085175
476625,1,1,0.0,1.0,,0.0,0.0
476694,1,1,0.0,1.0,,0.0,0.0
476746,14,12,0.14285714285714285,0.14285714285714285,0.09989615225923491,7.150763888888889,3.521640636343319
477472,1,1,0.0,1.0,,0.0,0.0
477697,2,2,0.0,0.5,,0.7132175925925925,1.0
477735,4,4,0.0,0.25,-0.29111554841533893,2.099108796296296,2.0
477758,98,66,0.32653061224489793,0.15306122448979592,0.3244657526530111,433.03122685185184,5.593147252906488
47776,18,18,0.0,0.05555555555555555,0.595355461225225,363.9538425925926,4.169925001442312
47785,58,29,0.5,0.1206896551724138,0.12031838397546965,227.99774305555556,4.419603030209975
47802,28,22,0.21428571428571427,0.14285714285714285,0.14747546277280307,139.69708333333332,4.307354922057605
4786,2,2,0.0,0.5,,0.05431712962962963,1.0
478840,67,38,0.43283582089552236,0.14925373134328357,0.09487460499829045,420.45094907407406,4.844470213861289
47890,5,5,0.0,0.2,-0.024973643856056587,0.46219907407407407,2.321928094887362
479074,23,11,0.5217391304347826,0.30434782608695654,0.33121018878132813,108.22788194444445,3.081768066547006
479108,18,18,0.0,0.05555555555555555,0.43249310159278526,10.011597222222223,4.169925001442312
479511,1,1,0.0,1.0,,0.0,0.0
4796,9,9,0.0,0.1111111111111111,0.1114060923095656,3.4331365740740742,3.169925001442312
479946,53,44,0.16981132075471697,0.05660377358490566,0.1725690356707454,444.00427083333335,5.359811492217408
480228,107,48,0.5514018691588785,0.1308411214953271,0.4106970952702001,450.00895833333334,4.8079067625904095
48026,157,38,0.7579617834394905,0.3885350318471338,0.1684189166042001,437.72497685185186,3.63545020327207
480887,2,2,0.0,0.5,,0.16047453703703704,1.0
481260,7,7,0.0,0.14285714285714285,0.1560129942018967,3.921759259259259,2.807354922057604
481565,2,1,0.5,1.0,,0.0004050925925925926,-0.0
481678,2,2,0.0,0.5,,0.5878356481481481,1.0
482671,1,1,0.0,1.0,,0.0,0.0
483490,125,76,0.392,0.12,0.5276588762340209,401.0982986111111,5.713315437363455
483925,4,3,0.25,0.5,0.03579206582236269,14.014895833333334,1.5
48410,3,3,0.0,0.3333333333333333,-0.1400784025199167,1.1478240740740742,1.584962500721156
484764,63,39,0.38095238095238093,0.2222222222222222,0.12910780288823392,163.09615740740742,4.694537956624785
484888,8,4,0.5,0.375,0.25251350885715285,7.029351851851852,1.9056390622295665
48489,85,71,0.16470588235294117,0.03529411764705882,0.14941543218690442,448.1352662037037,6.04445505368295
484938,92,56,0.391304347826087,0.22826086956521738,0.08190899455306189,428.85390046296294,5.113252816027873
48526,1,1,0.0,1.0,,0.0,0.0
485390,3,3,0.0,0.3333333333333333,-0.4197080291970804,0.004502314814814815,1.584962500721156
485812,161,82,0.4906832298136646,0.10559006211180125,0.35807372841967416,422.90069444444447,5.900501547358525
485940,6,6,0.0,0.16666666666666666,0.13335079778269132,5.920601851851852,2.584962500721156
48627,14,7,0.5,0.5714285714285714,0.39043619637646193,271.4424305555556,2.0930692077718898
486578,2,2,0.0,0.5,,0.7357291666666667,1.0
486737,11,8,0.2727272727272727,0.2727272727272727,0.33197019209646206,244.45703703703703,2.8453509366224363
486822,1,1,0.0,1.0,,0.0,0.0
487225,61,16,0.7377049180327869,0.2459016393442623,0.18861212496534338,69.4661111111111,3.3820261838785264
487350,105,82,0.21904761904761905,0.06666666666666667,0.2203052211840014,435.01070601851853,6.1473332563772605
487480,2,2,0.0,0.5,,0.0025,1.0
487510,26,21,0.19230769230769232,0.07692307692307693,0.33676648679909926,131.72873842592594,4.315824333525708
487633,3,3,0.0,0.3333333333333333,-0.13934940685537223,4.664317129629629,1.584962500721156
487840,57,22,0.6140350877192983,0.24561403508771928,0.16728803123266625,369.0046412037037,3.6983725249470782
487896,280,101,0.6392857142857142,0.08571428571428572,0.3264655847424189,137.74797453703704,5.781075315382481
48800,49,41,0.16326530612244897,0.04081632653061224,0.20215986315687046,429.1311689814815,5.288179231870311
488326,177,52,0.7062146892655368,0.22033898305084745,0.1959372753434271,451.8554398148148,4.4047961596545235
488752,11,6,0.45454545454545453,0.2727272727272727,0.4450115030193582,23.898599537037036,2.413088436425758
48917,82,55,0.32926829268292684,0.0975609756097561,0.635772351378999,448.8095833333333,5.456645870704339
489466,1,1,0.0,1.0,,0.0,0.0
489636,4,4,0.0,0.25,-0.0862165774800715,4.359953703703703,2.0
489808,190,80,0.5789473684210527,0.08947368421052632,0.28923864587613846,400.63001157407405,5.498732339688817
489987,1,1,0.0,1.0,,0.0,0.0
490101,15,14,0.06666666666666667,0.13333333333333333,0.23726307135370092,4.62832175925926,3.773557262275185
490813,79,30,0.620253164556962,0.13924050632911392,0.12446973519351377,230.65641203703703,4.272029835091521
490887,3,2,0.3333333333333333,0.6666666666666666,-0.021519373386790854,11.126273148148147,0.9182958340544896
491383,13,11,0.15384615384615385,0.15384615384615385,0.0987683900609162,24.040983796296295,3.3927474104487847
49144,5,4,0.2,0.4,0.2575370909300294,94.85944444444445,1.9219280948873623
49145,5,4,0.2,0.4,-0.47949523833571717,196.8560185185185,1.9219280948873623
491894,7,7,0.0,0.14285714285714285,-0.07997192645320488,2.2602314814814815,2.807354922057604
491913,4,4,0.0,0.25,-0.13471752150227723,48.864259259259256,2.0
49252,70,38,0.45714285714285713,0.1,0.5102314556883548,272.9652893518519,4.878316853869299
493301,107,48,0.5514018691588785,0.08411214953271028,0.27110047954418265,65.08542824074074,5.095942454818767
493307,11,11,0.0,0.09090909090909091,0.07142300144721891,5.5296412037037035,3.4594316186372978
4939,4,3,0.25,0.5,0.1601537839825068,126.44511574074075,1.5
494505,1,1,0.0,1.0,,0.0,0.0
494531,8,7,0.125,0.25,0.4099305867016636,80.44550925925925,2.75
494649,55,43,0.21818181818181817,0.07272727272727272,0.5735991575019852,287.03873842592594,5.28118198617326
4957,2,2,0.0,0.5,,0.09114583333333333,1.0
495744,97,70,0.27835051546391754,0.1134020618556701,0.42748443415370735,378.91778935185187,5.7681299732376345
495781,32,30,0.0625,0.0625,0.16512735873296075,24.073356481481483,4.875
49603,1,1,0.0,1.0,,0.0,0.0
497193,2,2,0.0,0.5,,181.92730324074074,1.0
49729,48,31,0.3541666666666667,0.25,0.25712123166141876,421.5918981481482,4.381328385912463
49738,13,13,0.0,0.07692307692307693,0.165807471983408,6.083379629629629,3.7004397181410926
497664,264,109,0.5871212121212122,0.10984848484848485,0.7306756281566138,289.2713425925926,5.702946189313324
49770,2,2,0.0,0.5,,0.052395833333333336,1.0
498188,180,145,0.19444444444444445,0.03888888888888889,0.32368829188848,437.2806018518518,6.990293791121374
498584,1,1,0.0,1.0,,0.0,0.0
498822,20,20,0.0,0.05,0.4612702302047575,108.44740740740741,4.321928094887363
500729,5,5,0.0,0.2,0.12563969760783295,4.142708333333333,2.321928094887362
50073,3,3,0.0,0.3333333333333333,-0.7845161893192544,0.4420601851851852,1.584962500721156
501208,1,1,0.0,1.0,,0.0,0.0
501374,12,12,0.0,0.08333333333333333,0.24460687008127174,1.1638078703703705,3.584962500721156
50152,4,4,0.0,0.25,0.060596860954946465,0.6533217592592593,2.0
501971,2,2,0.0,0.5,,0.009768518518518518,1.0
502089,1,1,0.0,1.0,,0.0,0.0
502271,1,1,0.0,1.0,,0.0,0.0
50244,91,67,0.26373626373626374,0.14285714285714285,0.14623518527504814,373.8604976851852,5.667462285117001
502471,39,27,0.3076923076923077,0.15384615384615385,0.5432577706215429,339.2015856481481,4.50938523151634
502474,1,1,0.0,1.0,,0.0,0.0
502694,2,2,0.0,0.5,,0.4238078703703704,1.0
502826,11,10,0.09090909090909091,0.18181818181818182,0.25118267656767307,235.32594907407406,3.2776134368191157
503147,12,11,0.08333333333333333,0.16666666666666666,-0.07013487802833289,3.745173611111111,3.4182958340544896
503151,4,3,0.25,0.5,0.1468742593991913,19.158993055555555,1.5
503936,1,1,0.0,1.0,,0.0,0.0
50443,97,62,0.36082474226804123,0.08247422680412371,0.15867498028674554,406.70082175925927,5.570280852693034
50539,18,18,0.0,0.05555555555555555,0.2824115892661572,261.10832175925924,4.169925001442312
505402,7,7,0.0,0.14285714285714285,0.3812672201035387,160.53487268518518,2.807354922057604
505503,8,8,0.0,0.125,0.07792164073519045,2.1596990740740742,3.0
505733,1,1,0.0,1.0,,0.0,0.0
505839,7,7,0.0,0.14285714285714285,0.31106725157710147,8.858368055555555,2.807354922057604
506009,68,40,0.4117647058823529,0.16176470588235295,0.23998606158330427,222.74015046296296,4.791979785039781
506303,63,58,0.07936507936507936,0.07936507936507936,0.2234324019427039,413.06337962962965,5.761253884223141
506834,2,2,0.0,0.5,,0.08458333333333333,1.0
507286,3,3,0.0,0.3333333333333333,-0.0018580184354037171,0.961087962962963,1.584962500721156
50754,1,1,0.0,1.0,,0.0,0.0
508059,4,4,0.0,0.25,-0.21458303238453652,1.4292245370370371,2.0
508792,321,146,0.5451713395638629,0.07165109034267912,0.5333521879585722,316.8416550925926,6.4878881865146205
50891,29,23,0.20689655172413793,0.1724137931034483,0.00541407189236383,104.25407407407407,4.31971753049182
508949,1,1,0.0,1.0,,0.0,0.0
508962,551,240,0.5644283121597096,0.07259528130671507,0.3673773450790965,449.876875,6.960824330134684
509097,13,12,0.07692307692307693,0.15384615384615385,0.4212264229247726,16.943680555555556,3.5465935642949384
509228,3,3,0.0,0.3333333333333333,-0.09957173447537473,0.09509259259259259,1.584962500721156
509471,4,4,0.0,0.25,-0.07214963395959217,23.00547453703704,2.0
509646,39,28,0.28205128205128205,0.10256410256410256,0.5731379282046171,120.06789351851852,4.618735552195581
50993,96,40,0.5833333333333334,0.17708333333333334,0.24120155959435355,441.03672453703706,4.579956388627961
510257,1,1,0.0,1.0,,0.0,0.0
51062,5,5,0.0,0.2,0.2585675321927007,209.1159375,2.321928094887362
510874,58,42,0.27586206896551724,0.08620689655172414,0.439167749569068,131.97467592592594,5.1620408575999805
511270,5,4,0.2,0.4,-0.11110218189500878,5.220277777777778,1.9219280948873623
513331,581,175,0.6987951807228916,0.13253012048192772,0.41674266707874125,451.53216435185186,5.867321417268499
513590,1,1,0.0,1.0,,0.0,0.0
513761,24,24,0.0,0.041666666666666664,0.22251771331668277,13.042569444444444,4.584962500721156
514377,13,9,0.3076923076923077,0.38461538461538464,0.43437485855961544,214.72447916666667,2.8073904508767225
51448,15,12,0.2,0.2,0.24947248677202208,8.129398148148148,3.456564762130953
51462,287,163,0.43205574912891986,0.0313588850174216,0.4330290634613662,437.57030092592595,6.947942674436336
515380,1,1,0.0,1.0,,0.0,0.0
515424,7,7,0.0,0.14285714285714285,0.17844045048020546,3.0677083333333335,2.807354922057604
515502,36,29,0.19444444444444445,0.16666666666666666,0.25406304301597854,419.9213310185185,4.627986806877674
515632,13,12,0.07692307692307693,0.15384615384615385,0.32350828112248137,188.20956018518518,3.5465935642949384
515659,1,1,0.0,1.0,,0.0,0.0
515713,2,2,0.0,0.5,,0.0021643518518518518,1.0
516019,99,44,0.5555555555555556,0.1111111111111111,0.40053742427839045,428.7708912037037,4.852404785049529
516395,1,1,0.0,1.0,,0.0,0.0
516871,4,4,0.0,0.25,-0.5547737503018142,1.0347453703703704,2.0
517000,18,17,0.05555555555555555,0.1111111111111111,0.4691313252722463,16.995474537037037,4.058813890331201
517754,5,5,0.0,0.2,0.024013071870390885,5.970706018518518,2.321928094887362
517879,8,8,0.0,0.125,-0.0745836171316247,2.785289351851852,3.0
518176,7,6,0.14285714285714285,0.2857142857142857,0.37060423660392144,88.6291087962963,2.5216406363433186
518192,2,2,0.0,0.5,,85.97043981481481,1.0
518408,1,1,0.0,1.0,,0.0,0.0
518417,35,24,0.3142857142857143,0.2571428571428571,0.07691937684268858,426.98391203703704,4.142730873716943
518655,73,54,0.2602739726027397,0.1643835616438356,0.1968868188873662,327.25796296296295,5.370996647772932
51869,2,2,0.0,0.5,,377.12185185185183,1.0
519249,35,33,0.05714285714285714,0.05714285714285714,0.6321845780334742,229.06247685185184,5.014997302659251
51928,152,68,0.5526315789473685,0.3223684210526316,0.2609689595030071,299.8871296296296,4.717252630364774
519386,6,6,0.0,0.16666666666666666,0.3240920835209677,221.62186342592594,2.584962500721156
51947,4,4,0.0,0.25,-0.026990673978183756,75.10912037037038,2.0
519635,1,1,0.0,1.0,,0.0,0.0
519983,173,96,0.44508670520231214,0.07514450867052024,0.21849080002499177,261.05857638888887,6.17891493120353
52018,45,31,0.3111111111111111,0.13333333333333333,0.09925400554399562,407.31586805555554,4.6502019189757355
520831,13,12,0.07692307692307693,0.15384615384615385,0.5221056900387177,336.71694444444444,3.5465935642949384
521528,14,13,0.07142857142857142,0.14285714285714285,0.32643819571311317,6.281608796296296,3.6644977792004623
52201,51,41,0.19607843137254902,0.09803921568627451,0.2288793296848509,20.804039351851852,5.194689499293058
52214,4,4,0.0,0.25,-0.014468742669371076,2.8314930555555557,2.0
522288,84,57,0.32142857142857145,0.08333333333333333,0.30931933438126025,407.5035300925926,5.545159572079591
523388,7,7,0.0,0.14285714285714285,0.23579980260045671,183.01893518518517,2.807354922057604
523443,52,25,0.5192307692307693,0.17307692307692307,0.09104081590384278,49.78268518518519,4.18517072738203
523458,4,4,0.0,0.25,-0.27970150149555373,0.21274305555555556,2.0
523581,88,67,0.23863636363636365,0.056818181818181816,0.31622586407069886,407.06631944444445,5.882965073714565
523718,9,9,0.0,0.1111111111111111,0.4467066054736446,270.2363310185185,3.169925001442312
52393,5,5,0.0,0.2,0.0399041432092737,2.9996412037037037,2.321928094887362
523954,2,2,0.0,0.5,,0.06873842592592593,1.0
524444,81,25,0.691358024691358,0.20987654320987653,0.4542079241863642,263.7197106481481,3.6274526096368453
524771,5,5,0.0,0.2,0.0028835351631399738,0.684849537037037,2.321928094887362
524867,17,13,0.23529411764705882,0.17647058823529413,0.26168761928256906,3.7534490740740742,3.5724694587701356
525691,6,6,0.0,0.16666666666666666,-0.00638289957586486,6.0278935185185185,2.584962500721156
526569,16,14,0.125,0.1875,0.2564182992905781,164.49378472222222,3.702819531114783
52740,10,7,0.3,0.3,-0.028341266537346102,3.5463310185185186,2.6464393446710153
5277,22,21,0.045454545454545456,0.09090909090909091,0.14975449620341402,14.328368055555556,4.368522527728206
52785,96,56,0.4166666666666667,0.08333333333333333,0.18102433093137954,385.99994212962963,5.398605048513545
528005,103,40,0.6116504854368932,0.27184466019417475,0.5989361789135912,304.6120949074074,4.213696783106219
528618,1,1,0.0,1.0,,0.0,0.0
528983,1,1,0.0,1.0,,0.0,0.0
529153,92,52,0.43478260869565216,0.3804347826086957,0.32232255690795386,430.5823032407407,4.441769503958385
53007,44,29,0.3409090909090909,0.09090909090909091,0.3579383371313028,411.540462962963,4.663532754804253
53029,20,13,0.35,0.25,0.24814330073554666,409.1696412037037,3.4037016960573485
530314,1,1,0.0,1.0,,0.0,0.0
530340,35,25,0.2857142857142857,0.14285714285714285,0.13191726684510754,398.91599537037035,4.376010789042101
531063,1,1,0.0,1.0,,0.0,0.0
531328,3,3,0.0,0.3333333333333333,-0.4069701076125946,5.1071875,1.584962500721156
531589,2,2,0.0,0.5,,285.97171296296295,1.0
53200,3,2,0.3333333333333333,0.6666666666666666,-0.1169927275261972,2.2256597222222223,0.9182958340544896
532199,10,5,0.5,0.6,-0.23598420854289273,125.99707175925926,1.7709505944546688
532211,4,3,0.25,0.5,0.16331284926130532,91.3409837962963,1.5
53276,9,9,0.0,0.1111111111111111,0.24498829931887073,3.315162037037037,3.169925001442312
532833,71,32,0.5492957746478874,0.2112676056338028,0.2816990830402925,185.77420138888888,4.4422464234875205
532949,4,4,0.0,0.25,0.12122266170225225,2.055138888888889,2.0
533086,5,5,0.0,0.2,0.05420013838366919,133.66576388888888,2.321928094887362
53310,164,79,0.5182926829268293,0.11585365853658537,0.2255550847340674,444.9833564814815,5.613907993235442
533592,2,2,0.0,0.5,,1.8620138888888889,1.0
533838,227,88,0.6123348017621145,0.18502202643171806,0.3268430951178073,229.52686342592594,5.3220867869865085
534015,86,62,0.27906976744186046,0.09302325581395349,0.25932844309022446,427.8892476851852,5.64580643518159
534129,1,1,0.0,1.0,,0.0,0.0
534523,4,3,0.25,0.5,0.15536707501037436,2.5324305555555555,1.5
535,1,1,0.0,1.0,,0.0,0.0
535239,3,3,0.0,0.3333333333333333,-0.8721982205554292,149.62582175925925,1.584962500721156
535531,2,2,0.0,0.5,,203.90883101851853,1.0
535536,9,9,0.0,0.1111111111111111,0.09470521394999604,12.883368055555556,3.169925001442312
535723,2,2,0.0,0.5,,97.45185185185186,1.0
535730,42,37,0.11904761904761904,0.047619047619047616,0.27329219419735834,39.11729166666667,5.154222184683523
535927,2,2,0.0,0.5,,10.220104166666667,1.0
536096,188,3,0.9840425531914894,0.9680851063829787,0.5382418340727421,164.21623842592592,0.2246512719404058
536176,1,1,0.0,1.0,,0.0,0.0
53637,3,3,0.0,0.3333333333333333,-0.00011695597550716128,3.0681481481481483,1.584962500721156
536563,161,38,0.7639751552795031,0.2732919254658385,0.2605525300817206,435.3396759259259,3.716360819805754
536565,4,4,0.0,0.25,-0.0026930730386258627,4.829872685185185,2.0
53713,96,59,0.3854166666666667,0.07291666666666667,0.22905300995610478,378.79962962962964,5.475624810005352
53732,2,2,0.0,0.5,,1.321238425925926,1.0
537746,2,2,0.0,0.5,,10.404537037037038,1.0
538012,5,4,0.2,0.4,-0.404790949741652,3.565729166666667,1.9219280948873623
538330,19,14,0.2631578947368421,0.21052631578947367,0.11501132571688294,4.518715277777778,3.5766176449086644
5387,7,4,0.42857142857142855,0.42857142857142855,0.3763021935002132,323.2912962962963,1.8423709931771088
539103,61,42,0.3114754098360656,0.09836065573770492,0.759035241236869,446.30483796296295,5.1395133620466495
539288,9,7,0.2222222222222222,0.2222222222222222,0.21218910235160313,6.632685185185185,2.725480556997868
540,1,1,0.0,1.0,,0.0,0.0
540078,2,2,0.0,0.5,,0.007372685185185185,1.0
540465,2,2,0.0,0.5,,0.0002199074074074074,1.0
54075,7,5,0.2857142857142857,0.42857142857142855,0.015987320570505118,3.7863541666666665,2.1280852788913944
54084,9,9,0.0,0.1111111111111111,0.15979269556020093,11.418078703703705,3.169925001442312
54091,6,4,0.3333333333333333,0.5,0.32413647013149166,141.91247685185186,1.7924812503605778
541097,67,48,0.2835820895522388,0.1791044776119403,0.33668124108071085,257.47783564814813,5.155349638089804
542172,1,1,0.0,1.0,,0.0,0.0
54238,18,14,0.2222222222222222,0.16666666666666666,0.19190065465771966,4.990787037037037,3.6835423624332306
542442,2,2,0.0,0.5,,117.57491898148149,1.0
543002,1,1,0.0,1.0,,0.0,0.0
54327,20,13,0.35,0.3,0.2063244547291437,364.0175115740741,3.3464393446710154
544512,1,1,0.0,1.0,,0.0,0.0
544811,154,91,0.4090909090909091,0.06493506493506493,0.39423345380171493,437.953125,6.059225830739851
54528,2,2,0.0,0.5,,0.0026041666666666665,1.0
54563,135,84,0.37777777777777777,0.1259259259259259,0.3497426905434273,385.8991898148148,5.913758887890934
545690,4,3,0.25,0.5,-0.6647539672604612,112.20844907407407,1.5
545807,2,2,0.0,0.5,,6.351655092592592,1.0
54591,1,1,0.0,1.0,,0.0,0.0
546146,5,4,0.2,0.4,-0.12402678424277487,1.9690856481481482,1.9219280948873623
546268,323,140,0.56656346749226,0.13003095975232198,0.6310201155236077,449.5934375,6.113058251579404
54630,208,129,0.3798076923076923,0.07692307692307693,0.2076120942067744,436.11226851851853,6.467673531892158
546558,104,13,0.875,0.5,0.3189048653413773,114.91047453703703,2.1319554254094224
547333,126,49,0.6111111111111112,0.2698412698412698,0.3092695566675184,386.90006944444445,4.471860781654889
547512,1,1,0.0,1.0,,0.0,0.0
547514,13,12,0.07692307692307693,0.15384615384615385,0.47856543302436283,217.8264814814815,3.5465935642949384
547681,3,2,0.3333333333333333,0.6666666666666666,-6.511129592199026e-05,3.9109375,0.9182958340544896
54901,136,56,0.5882352941176471,0.08823529411764706,0.22382829069607743,432.34108796296294,5.257879985229609
54924,21,20,0.047619047619047616,0.09523809523809523,0.07559357695102377,20.1990625,4.297079327540666
549612,8,8,0.0,0.125,0.3630734179025218,16.49221064814815,3.0
54971,1,1,0.0,1.0,,0.0,0.0
550414,6,6,0.0,0.16666666666666666,0.25065830806136363,17.708645833333332,2.584962500721156
550784,6,6,0.0,0.16666666666666666,0.04886763057797722,140.50754629629628,2.584962500721156
550894,11,11,0.0,0.09090909090909091,0.1843501581958787,0.20675925925925925,3.4594316186372978
551253,3,3,0.0,0.3333333333333333,-0.0004916379171505029,1.366099537037037,1.584962500721156
551300,102,51,0.5,0.20588235294117646,0.597253997117578,422.333125,4.900443387634517
551407,2,2,0.0,0.5,,0.5738310185185185,1.0
551456,1,1,0.0,1.0,,0.0,0.0
551532,7,7,0.0,0.14285714285714285,-0.03777992806172149,8.248842592592593,2.807354922057604
552031,90,48,0.4666666666666667,0.1,0.7541365033157014,258.19752314814815,5.103709174030911
55212,517,89,0.8278529980657641,0.36750483558994196,0.33771545547957066,429.0484490740741,3.7149340000649014
552433,10,10,0.0,0.1,0.16319073261404962,11.993657407407408,3.321928094887362
55281,4,4,0.0,0.25,-0.15199310645069827,1.0586921296296297,2.0
553182,1,1,0.0,1.0,,0.0,0.0
5533,3,3,0.0,0.3333333333333333,-0.009220139111181034,13.209733796296296,1.584962500721156
553542,2,2,0.0,0.5,,0.00030092592592592595,1.0
553886,5,5,0.0,0.2,-0.15902780901314478,0.0009490740740740741,2.321928094887362
554035,2,2,0.0,0.5,,1.359224537037037,1.0
554202,155,98,0.36774193548387096,0.07741935483870968,0.20917236741857076,413.02975694444444,6.252458014949086
554998,5,5,0.0,0.2,-0.0848486124900994,3.6919560185185185,2.321928094887362
556144,76,29,0.618421052631579,0.21052631578947367,0.6518882817892,235.0011111111111,4.06736469222133
556367,11,8,0.2727272727272727,0.2727272727272727,0.1847386612184673,59.881018518518516,2.8453509366224363
55647,66,36,0.45454545454545453,0.21212121212121213,0.24197915432640316,431.0691550925926,4.503977499882595
557846,2,2,0.0,0.5,,1.9217592592592592,1.0
55885,63,48,0.23809523809523808,0.06349206349206349,0.2859204398898441,421.9953703703704,5.393869010767162
558872,2,2,0.0,0.5,,0.2593171296296296,1.0
558882,13,12,0.07692307692307693,0.15384615384615385,0.3620093801971908,36.22292824074074,3.5465935642949384
55927,4,4,0.0,0.25,0.1522018043668136,7.4588425925925925,2.0
55983,2,2,0.0,0.5,,0.0234375,1.0
560098,1,1,0.0,1.0,,0.0,0.0
5602,1,1,0.0,1.0,,0.0,0.0
56059,67,32,0.5223880597014925,0.23880597014925373,0.20804703355933035,418.09394675925927,4.191703982614879
56074,67,37,0.44776119402985076,0.208955223880597,0.3037166002676808,440.16064814814814,4.438068199120103
560786,8,8,0.0,0.125,0.40189809408400856,208.11219907407408,3.0
560799,82,54,0.34146341463414637,0.07317073170731707,0.16068026661303442,369.27684027777775,5.454636150748478
561078,1,1,0.0,1.0,,0.0,0.0
561329,1,1,0.0,1.0,,0.0,0.0
561340,1,1,0.0,1.0,,0.0,0.0
561441,1,1,0.0,1.0,,0.0,0.0
5615,62,42,0.3225806451612903,0.16129032258064516,0.29276857652422517,265.9905787037037,4.9158004973610065
561656,1,1,0.0,1.0,,0.0,0.0
562247,2,2,0.0,0.5,,0.6055555555555555,1.0
562253,35,33,0.05714285714285714,0.05714285714285714,0.45902876977620277,273.2925578703704,5.014997302659251
562632,2,2,0.0,0.5,,0.0004166666666666667,1.0
56315,1,1,0.0,1.0,,0.0,0.0
563207,1,1,0.0,1.0,,0.0,0.0
56382,1,1,0.0,1.0,,0.0,0.0
563991,1,1,0.0,1.0,,0.0,0.0
56420,1,1,0.0,1.0,,0.0,0.0
56562,9,9,0.0,0.1111111111111111,0.35503737809263275,5.224050925925926,3.169925001442312
565743,7,7,0.0,0.14285714285714285,0.36705310030700544,71.54476851851852,2.807354922057604
565923,4,4,0.0,0.25,0.16383095074045595,308.9648726851852,2.0
565934,8,6,0.25,0.25,0.07285511880891633,6.60931712962963,2.5
5666,2,2,0.0,0.5,,0.6598148148148149,1.0
56706,117,52,0.5555555555555556,0.23931623931623933,0.1987759121532669,452.3457175925926,4.752236983845341
567787,2,2,0.0,0.5,,0.1433449074074074,1.0
568561,1,1,0.0,1.0,,0.0,0.0
568748,15,14,0.06666666666666667,0.13333333333333333,-0.2569954889606422,24.14050925925926,3.773557262275185
56890,16,13,0.1875,0.1875,0.10335407569468587,348.92394675925925,3.577819531114783
569075,3,3,0.0,0.3333333333333333,-0.0929083546937108,1.0215277777777778,1.584962500721156
569620,1,1,0.0,1.0,,0.0,0.0
5700,52,35,0.3269230769230769,0.09615384615384616,0.21375269180262382,445.0672222222222,4.823828008035826
570195,1,1,0.0,1.0,,0.0,0.0
570561,2,1,0.5,1.0,,4.390509259259259,-0.0
571064,47,42,0.10638297872340426,0.0425531914893617,0.5351619991447479,426.81734953703705,5.34182289423083
571217,80,60,0.25,0.075,0.25791920509795363,417.9764699074074,5.6640632138487295
571237,78,48,0.38461538461538464,0.10256410256410256,0.30760215827152054,418.7213541666667,5.116668123237504
57126,11,10,0.09090909090909091,0.18181818181818182,0.2499486767872807,266.98559027777776,3.2776134368191157
571409,1,1,0.0,1.0,,0.0,0.0
57219,30,28,0.06666666666666667,0.06666666666666667,0.12607048710070104,8.377337962962963,4.773557262275185
57238,116,26,0.7758620689655172,0.3275862068965517,0.20901389200188517,374.96082175925926,3.449562258072378
572424,3,3,0.0,0.3333333333333333,-0.3972661981620203,1.0470601851851853,1.584962500721156
572425,4,4,0.0,0.25,0.1342878256235488,2.669085648148148,2.0
57267,1,1,0.0,1.0,,0.0,0.0
572791,6,3,0.5,0.6666666666666666,0.05155381549578277,354.9024074074074,1.2516291673878228
572838,1,1,0.0,1.0,,0.0,0.0
572901,1,1,0.0,1.0,,0.0,0.0
572940,6,4,0.3333333333333333,0.3333333333333333,0.31700723132934316,203.43849537037036,1.9182958340544893
573273,2,2,0.0,0.5,,1.3691435185185186,1.0
574229,18,16,0.1111111111111111,0.1111111111111111,0.11374429013970562,33.337233796296296,3.94770277922009
574454,472,129,0.7266949152542372,0.17372881355932204,0.6396716152631735,430.57722222222225,4.910123451921209
574477,83,57,0.3132530120481928,0.13253012048192772,0.23943568694070771,400.12542824074075,5.470541867326875
57452,1,1,0.0,1.0,,0.0,0.0
574594,9,8,0.1111111111111111,0.2222222222222222,0.44507702938302585,152.09429398148148,2.94770277922009
575117,60,38,0.36666666666666664,0.16666666666666666,0.06932781583116555,406.0867013888889,4.826408571886677
57528,1,1,0.0,1.0,,0.0,0.0
57596,83,67,0.1927710843373494,0.07228915662650602,0.1317193648804756,67.01053240740741,5.904924371001698
57612,5,5,0.0,0.2,-0.03238288478230302,0.6966666666666667,2.321928094887362
576190,2,2,0.0,0.5,,2.348148148148148,1.0
576358,11,7,0.36363636363636365,0.2727272727272727,0.05425751272036337,19.095046296296296,2.663532754804255
576823,18,18,0.0,0.05555555555555555,0.19138339039238714,13.229826388888888,4.169925001442312
57693,191,96,0.4973821989528796,0.14136125654450263,0.3543545048455777,429.6593287037037,5.805656579370286
577317,1,1,0.0,1.0,,0.0,0.0
57737,3,3,0.0,0.3333333333333333,-0.0905030922706425,3.3489930555555554,1.584962500721156
577482,119,83,0.3025210084033613,0.08403361344537816,0.5839240391486096,384.2981828703704,6.067057314030482
577680,1,1,0.0,1.0,,0.0,0.0
578690,5,5,0.0,0.2,0.24001522360078045,70.3954050925926,2.321928094887362
57883,61,50,0.18032786885245902,0.06557377049180328,-0.00230288548742075,189.75314814814814,5.5125443047050675
57890,98,58,0.40816326530612246,0.2653061224489796,0.30313552293438306,418.83934027777775,4.9313800464230475
57933,126,86,0.31746031746031744,0.1111111111111111,0.47885805313372776,320.5884722222222,6.034987138785418
579484,4,4,0.0,0.25,0.16676861332778203,143.98042824074074,2.0
579896,8,8,0.0,0.125,0.012858001411889074,1.356712962962963,3.0
58025,114,81,0.2894736842105263,0.07017543859649122,0.35495995392417923,407.352662037037,6.030032229644298
580495,6,6,0.0,0.16666666666666666,-0.008827832390648684,2.3146064814814813,2.584962500721156
580776,9,7,0.2222222222222222,0.2222222222222222,0.02596948644462355,167.96637731481482,2.725480556997868
580804,1,1,0.0,1.0,,0.0,0.0
581,16,15,0.0625,0.125,0.34781666929347277,387.1942476851852,3.875
581056,70,55,0.21428571428571427,0.15714285714285714,0.30083336987304743,257.09694444444443,5.442800905444821
581096,12,11,0.08333333333333333,0.16666666666666666,0.21081852424808833,32.28302083333333,3.4182958340544896
581513,20,19,0.05,0.1,0.3825080977222785,235.30261574074075,4.221928094887363
581524,9,9,0.0,0.1111111111111111,-0.08311392425245591,5.064050925925926,3.169925001442312
58193,1,1,0.0,1.0,,0.0,0.0
58199,184,116,0.3695652173913043,0.03260869565217391,0.5172837783878013,440.5864467592593,6.5858304697454635
58226,70,52,0.2571428571428571,0.17142857142857143,0.08392487365422836,426.2372453703704,5.257575159678483
58240,63,43,0.31746031746031744,0.1111111111111111,0.14230179468926524,324.48625,5.14543274958616
582603,29,16,0.4482758620689655,0.3448275862068966,0.020950437893322366,25.901631944444443,3.4366264796491715
58275,11,10,0.09090909090909091,0.18181818181818182,-0.0009659305568756379,3.2741666666666664,3.2776134368191157
583287,2,1,0.5,1.0,,9.104710648148147,-0.0
583916,102,64,0.37254901960784315,0.058823529411764705,0.23053463298990942,443.3644212962963,5.78228820942766
58399,4,4,0.0,0.25,0.03462765782978667,0.6803472222222222,2.0
58456,89,65,0.2696629213483146,0.056179775280898875,0.11066011813892346,449.14189814814813,5.833942245811748
584563,59,23,0.6101694915254238,0.2542372881355932,0.3169735676823073,415.1168055555556,3.8448631876742456
584632,78,55,0.2948717948717949,0.21794871794871795,0.19363311665649263,311.11719907407405,5.189416727820511
584748,16,15,0.0625,0.125,0.5673348006992338,186.04702546296295,3.875
585086,1,1,0.0,1.0,,0.0,0.0
5851,3,2,0.3333333333333333,0.6666666666666666,-0.16098467414419065,43.062789351851855,0.9182958340544896
58565,100,82,0.18,0.04,0.09243460910481283,412.9981828703704,6.21630731475309
585925,1,1,0.0,1.0,,0.0,0.0
586149,12,8,0.3333333333333333,0.4166666666666667,0.3499656056311642,372.0551273148148,2.617492461184755
586228,1,1,0.0,1.0,,0.0,0.0
58690,4,4,0.0,0.25,0.04679110839524472,27.110891203703705,2.0
588991,4,1,0.75,1.0,-0.3824437135199259,48.23626157407407,-0.0
5890,89,70,0.21348314606741572,0.11235955056179775,0.1486030827383335,437.9381828703704,5.846810189943509
591919,9,8,0.1111111111111111,0.2222222222222222,0.13086431844549262,6.076585648148148,2.94770277922009
592162,1,1,0.0,1.0,,0.0,0.0
592260,164,71,0.5670731707317073,0.18292682926829268,0.3121889780039158,327.21408564814817,5.195472878181804
59253,3,3,0.0,0.3333333333333333,-0.5590088585284937,6.265555555555555,1.584962500721156
59289,18,17,0.05555555555555555,0.1111111111111111,0.4321554961002829,4.995729166666667,4.058813890331201
592944,1,1,0.0,1.0,,0.0,0.0
59326,32,22,0.3125,0.1875,0.37645064769212816,17.750775462962963,4.155639062229566
593397,2,2,0.0,0.5,,166.61905092592593,1.0
5940,88,72,0.18181818181818182,0.056818181818181816,0.1445101965312397,441.0243981481481,6.014892806378619
594144,5,4,0.2,0.4,0.19560154467972304,180.13457175925927,1.9219280948873623
594165,3,3,0.0,0.3333333333333333,-0.20689655172413787,0.0008101851851851852,1.584962500721156
594489,35,20,0.42857142857142855,0.22857142857142856,0.06324981803626303,64.77339120370371,3.9077148025974378
59502,4,4,0.0,0.25,0.024594888474474844,3.93125,2.0
595260,1,1,0.0,1.0,,0.0,0.0
595784,121,98,0.19008264462809918,0.049586776859504134,0.7453670274996745,164.27320601851852,6.457917472722387
595848,2,2,0.0,0.5,,183.10202546296296,1.0
596582,43,25,0.4186046511627907,0.18604651162790697,0.6625750569705832,414.8784259259259,4.292430161628529
5966,1,1,0.0,1.0,,0.0,0.0
596830,1,1,0.0,1.0,,0.0,0.0
597068,1,1,0.0,1.0,,0.0,0.0
5987,2,2,0.0,0.5,,1.9279976851851852,1.0
598733,8,8,0.0,0.125,-0.1404134297193606,3.905648148148148,3.0
59881,13,11,0.15384615384615385,0.15384615384615385,0.41766334150672935,397.9792013888889,3.3927474104487847
59884,1,1,0.0,1.0,,0.0,0.0
598924,17,17,0.0,0.058823529411764705,0.39814086539264326,4.802615740740741,4.087462841250339
599015,1,1,0.0,1.0,,0.0,0.0
599328,7,5,0.2857142857142857,0.2857142857142857,0.19918318021534903,230.2924189814815,2.2359263506290326
599653,4,4,0.0,0.25,0.1106838671757968,0.4903587962962963,2.0
599959,96,53,0.4479166666666667,0.09375,0.6784598208182392,367.5812962962963,5.378840563438217
59997,48,33,0.3125,0.10416666666666667,0.22942472202066738,361.3098611111111,4.7699746782469115
6002,4,4,0.0,0.25,-0.41784157841480135,1.9422800925925925,2.0
600522,2,2,0.0,0.5,,0.1362847222222222,1.0
600594,3,3,0.0,0.3333333333333333,-0.07473150930354325,114.4348611111111,1.584962500721156
60129,2,2,0.0,0.5,,0.180625,1.0
601303,19,17,0.10526315789473684,0.15789473684210525,-0.15407719087264135,9.022025462962963,3.997670276487613
601645,84,54,0.35714285714285715,0.08333333333333333,0.20078954212218914,420.2415972222222,5.487364893838242
601992,1,1,0.0,1.0,,0.0,0.0
602232,1,1,0.0,1.0,,0.0,0.0
60240,7,4,0.42857142857142855,0.5714285714285714,0.3755971810333403,235.95159722222223,1.6644977792004614
602795,4,4,0.0,0.25,0.06130854480503512,50.221608796296294,2.0
60298,7,7,0.0,0.14285714285714285,-0.06450811568929761,2.2172685185185186,2.807354922057604
602980,80,52,0.35,0.1,0.20925116444670322,434.19495370370373,5.362814895472356
603233,26,26,0.0,0.038461538461538464,0.18974161441961948,103.19145833333333,4.700439718141092
603281,2,2,0.0,0.5,,27.520729166666666,1.0
603402,7,7,0.0,0.14285714285714285,-0.08389322915573623,6.1696875,2.807354922057604
603790,93,79,0.15053763440860216,0.03225806451612903,0.12233421624671988,392.24702546296294,6.229966472375094
603794,2,2,0.0,0.5,,0.003298611111111111,1.0
604020,1,1,0.0,1.0,,0.0,0.0
604484,57,46,0.19298245614035087,0.08771929824561403,0.37919312596198224,426.13604166666664,5.383598076016726
604640,1,1,0.0,1.0,,0.0,0.0
604755,71,54,0.23943661971830985,0.056338028169014086,0.21680500797797853,397.3980555555556,5.6320726476432235
605077,1,1,0.0,1.0,,0.0,0.0
605308,1,1,0.0,1.0,,0.0,0.0
6054,6,6,0.0,0.16666666666666666,0.11482131968876802,5.922210648148148,2.584962500721156
60545,9,9,0.0,0.1111111111111111,-0.03801730361688522,8.135625,3.169925001442312
60555,67,44,0.34328358208955223,0.11940298507462686,0.2359218251380108,276.32776620370373,5.112741384772291
606144,3,2,0.3333333333333333,0.6666666666666666,-0.03317872717865322,1.2942476851851852,0.9182958340544896
606149,19,16,0.15789473684210525,0.10526315789473684,0.14879207004360454,7.553900462962963,3.9321380397593746
606473,5,2,0.6,0.6,-0.25044517846807113,3.0122453703703704,0.9709505944546686
60672,1,1,0.0,1.0,,0.0,0.0
607021,9,9,0.0,0.1111111111111111,0.08130568822217589,7.165763888888889,3.169925001442312
607097,38,35,0.07894736842105263,0.05263157894736842,0.39522528221946873,314.9826736111111,5.090032776601482
609069,9,7,0.2222222222222222,0.3333333333333333,0.4419737610054733,340.50478009259257,2.6416041678685933
609607,1,1,0.0,1.0,,0.0,0.0
6098,29,23,0.20689655172413793,0.13793103448275862,0.3668373028201681,406.012337962963,4.349191770915038
609908,9,9,0.0,0.1111111111111111,0.4467146150324111,107.71951388888888,3.169925001442312
610636,5,4,0.2,0.4,0.023033265855294117,2.656550925925926,1.9219280948873623
61116,14,12,0.14285714285714285,0.14285714285714285,0.435553032106421,15.064745370370371,3.521640636343319
611265,5,5,0.0,0.2,-0.1207667939688885,2.2495023148148148,2.321928094887362
6114,10,8,0.2,0.2,0.20906290720367512,2.089537037037037,2.9219280948873623
611641,1,1,0.0,1.0,,0.0,0.0
61192,1,1,0.0,1.0,,0.0,0.0
612136,1,1,0.0,1.0,,0.0,0.0
61216,10,10,0.0,0.1,0.04840766832689012,20.98457175925926,3.321928094887362
61232,1,1,0.0,1.0,,0.0,0.0
612879,8,8,0.0,0.125,-0.020340408466745254,38.82063657407407,3.0
61311,130,71,0.45384615384615384,0.2076923076923077,0.27701797433277836,440.4678125,5.301591321503658
613381,4,4,0.0,0.25,-0.06540844177340466,0.4028587962962963,2.0
61354,4,4,0.0,0.25,-0.1292336421094253,0.16664351851851852,2.0
614025,81,66,0.18518518518518517,0.07407407407407407,0.2616403836853033,445.7595949074074,5.882818521296306
614272,72,41,0.4305555555555556,0.09722222222222222,0.36448526694563826,429.1494560185185,5.077271745010965
61454,100,56,0.44,0.11,0.19591998620251816,447.9377083333333,5.268220961681352
61463,56,49,0.125,0.08928571428571429,0.5935383136189395,9.213738425925927,5.4794169224754565
61531,33,27,0.18181818181818182,0.09090909090909091,0.3840716468143166,58.17469907407408,4.657882376868653
61535,85,61,0.2823529411764706,0.08235294117647059,0.14941364423868003,442.0884722222222,5.613302737485857
61548,14,11,0.21428571428571427,0.2857142857142857,0.24591557586679966,19.33480324074074,3.2359263506290334
61568,2,2,0.0,0.5,,0.025185185185185185,1.0
61571,60,51,0.15,0.05,0.042816155303636964,210.8620601851852,5.594309137239128
615725,2,1,0.5,1.0,,0.38708333333333333,-0.0
615788,1,1,0.0,1.0,,0.0,0.0
6158,3,2,0.3333333333333333,0.6666666666666666,-0.03211645684587631,0.9469907407407407,0.9182958340544896
616180,2,2,0.0,0.5,,0.48246527777777776,1.0
616235,38,25,0.34210526315789475,0.15789473684210525,0.4623011671833704,443.0902893518519,4.41872290806656
61656,46,41,0.10869565217391304,0.06521739130434782,0.10680692155164698,277.5497916666667,5.289760053836067
616836,3,3,0.0,0.3333333333333333,-0.6945614541257933,1.3595717592592593,1.584962500721156
616894,1,1,0.0,1.0,,0.0,0.0
617264,1,1,0.0,1.0,,0.0,0.0
617340,437,192,0.5606407322654462,0.07780320366132723,0.5386608547788108,289.9627662037037,6.50088027903419
61813,4,4,0.0,0.25,-0.16365964656470566,4.863113425925926,2.0
618344,13,11,0.15384615384615385,0.15384615384615385,0.33483809435066425,200.2769675925926,3.3927474104487847
618534,11,10,0.09090909090909091,0.18181818181818182,0.47635818788201745,127.88891203703703,3.2776134368191157
618756,4,3,0.25,0.5,0.0721513024314359,103.01628472222222,1.5
619058,13,13,0.0,0.07692307692307693,0.034000318785939544,4.258761574074074,3.7004397181410926
619090,12,11,0.08333333333333333,0.16666666666666666,0.5041453775148831,163.86055555555555,3.4182958340544896
619173,86,57,0.3372093023255814,0.11627906976744186,0.255881827712908,413.01530092592594,5.439395389547716
619513,130,74,0.4307692307692308,0.2153846153846154,0.6084350385687947,351.2300231481481,5.236094133858842
620643,2,2,0.0,0.5,,0.10822916666666667,1.0
620901,16,14,0.125,0.125,0.11750102567107362,5.961006944444445,3.75
621415,3,3,0.0,0.3333333333333333,-0.17303961313488156,1.8754513888888888,1.584962500721156
621609,12,12,0.0,0.08333333333333333,0.5144604664278316,391.23971064814816,3.584962500721156
62231,5,5,0.0,0.2,-0.09511199012304561,2.474270833333333,2.321928094887362
62232,63,54,0.14285714285714285,0.047619047619047616,0.3606399277617264,418.8223032407407,5.655618613873086
622566,3,3,0.0,0.3333333333333333,-0.8968924061799027,1.742199074074074,1.584962500721156
623931,1,1,0.0,1.0,,0.0,0.0
624229,3,3,0.0,0.3333333333333333,-0.32660573758166106,22.974155092592593,1.584962500721156
624383,9,9,0.0,0.1111111111111111,0.07912651598906895,1.8308217592592593,3.169925001442312
624584,32,24,0.25,0.125,0.6602205786820297,147.15096064814816,4.4375
624721,1,1,0.0,1.0,,0.0,0.0
62496,9,9,0.0,0.1111111111111111,0.3357234057003413,70.56331018518519,3.169925001442312
62543,3,2,0.3333333333333333,0.6666666666666666,-0.29013506838242265,2.992650462962963,0.9182958340544896
626316,110,54,0.509090909090909,0.33636363636363636,0.2123708154724928,451.50200231481483,4.5265052858572465
626582,2,2,0.0,0.5,,0.8375694444444445,1.0
62659,1,1,0.0,1.0,,0.0,0.0
62716,100,43,0.57,0.42,0.26200638597293,225.04030092592592,3.9603398423983727
6277,3,3,0.0,0.3333333333333333,-0.2180012309259535,0.6642476851851852,1.584962500721156
627733,80,29,0.6375,0.375,0.16989812885928368,412.7145138888889,3.634663652648951
627911,140,81,0.42142857142857143,0.15714285714285714,0.3580277472580891,417.67363425925925,5.571256667485988
62827,1,1,0.0,1.0,,0.0,0.0
62851,9,7,0.2222222222222222,0.2222222222222222,0.4493346357398881,292.2293402777778,2.725480556997868
629014,19,17,0.10526315789473684,0.10526315789473684,0.23685831570613686,131.22519675925926,4.037401197654112
629296,8,5,0.375,0.375,0.19305086467651933,22.843136574074073,2.1556390622295662
630100,4,4,0.0,0.25,0.1291643110758869,1.100625,2.0
631459,22,16,0.2727272727272727,0.18181818181818182,0.45929896187532687,174.00096064814815,3.788754913993503
63150,215,80,0.627906976744186,0.15348837209302327,0.5090110593478621,439.7658912037037,5.188908394613584
631685,18,18,0.0,0.05555555555555555,0.46075116514016434,212.70096064814814,4.169925001442312
631857,1,1,0.0,1.0,,0.0,0.0
63227,69,56,0.18840579710144928,0.08695652173913043,0.19526402948212584,441.0096875,5.599547420854057
632545,3,3,0.0,0.3333333333333333,-0.1198320067578018,2.178773148148148,1.584962500721156
633045,71,65,0.08450704225352113,0.028169014084507043,0.2926394753216809,419.0559259259259,5.98073303499764
633379,14,11,0.21428571428571427,0.14285714285714285,0.39520340070856486,8.621053240740741,3.378783493486176
633562,8,8,0.0,0.125,0.21432790372180266,2.166678240740741,3.0
633766,18,14,0.2222222222222222,0.16666666666666666,0.262013799777073,16.351006944444446,3.6835423624332306
633930,1,1,0.0,1.0,,0.0,0.0
634580,87,58,0.3333333333333333,0.12643678160919541,0.2683413767936827,438.2987615740741,5.353485981386534
635151,46,36,0.21739130434782608,0.13043478260869565,0.1368596791332877,216.04753472222222,4.952591032002873
635198,155,46,0.7032258064516129,0.10967741935483871,0.4263249678213602,420.80336805555555,4.6789978202284725
635331,5,5,0.0,0.2,-0.17271114263512283,39.468217592592595,2.321928094887362
635394,3,2,0.3333333333333333,0.6666666666666666,-0.0028776042279069383,44.423090277777774,0.9182958340544896
636708,9,6,0.3333333333333333,0.2222222222222222,0.18459628460004235,294.2466087962963,2.5032583347756456
63697,85,56,0.3411764705882353,0.07058823529411765,0.25436196421441754,408.1094212962963,5.512463513107965
637254,4,3,0.25,0.5,-0.7492707754695468,5.190902777777778,1.5
637454,3,3,0.0,0.3333333333333333,-0.8908713692946059,0.05274305555555556,1.584962500721156
63763,112,59,0.4732142857142857,0.17857142857142858,0.2084081474537955,419.84599537037036,5.101392847228694
63764,11,9,0.18181818181818182,0.18181818181818182,-0.0727175024377686,18.64150462962963,3.095795255000934
637835,1,1,0.0,1.0,,0.0,0.0
63796,7,7,0.0,0.14285714285714285,0.23729279167521158,6.369675925925926,2.807354922057604
63806,20,19,0.05,0.1,0.13446529444210853,6.702395833333333,4.221928094887363
638403,44,31,0.29545454545454547,0.18181818181818182,0.35085173174017487,22.861666666666668,4.578638720860853
638581,3,2,0.3333333333333333,0.6666666666666666,-0.0545959314544904,1.2486342592592592,0.9182958340544896
639001,100,44,0.56,0.22,0.6819595309383598,429.4825231481482,4.531510777487776
64026,1,1,0.0,1.0,,0.0,0.0
640381,160,104,0.35,0.05,0.5319614963743838,402.4491898148148,6.399123466813961
64090,1,1,0.0,1.0,,0.0,0.0
64156,99,62,0.37373737373737376,0.13131313131313133,0.16319209999822773,386.3155787037037,5.448551530632082
641733,65,35,0.46153846153846156,0.09230769230769231,0.28830358567774816,399.95423611111113,4.86668449797055
641860,2,2,0.0,0.5,,2.0124305555555555,1.0
642262,60,42,0.3,0.08333333333333333,0.17653944916189324,419.8233217592593,5.183822629187616
642317,6,6,0.0,0.16666666666666666,-0.10803009165677391,9.171388888888888,2.584962500721156
642850,1,1,0.0,1.0,,0.0,0.0
643953,22,11,0.5,0.3181818181818182,0.34202238938413604,69.15085648148148,3.0773238024297194
644126,6,6,0.0,0.16666666666666666,0.25791311887279855,1.013275462962963,2.584962500721156
644206,8,8,0.0,0.125,-0.01961819149409972,12.909988425925926,3.0
644342,1,1,0.0,1.0,,0.0,0.0
64463,1,1,0.0,1.0,,0.0,0.0
644718,2,2,0.0,0.5,,0.001979166666666667,1.0
64529,164,66,0.5975609756097561,0.2073170731707317,0.46798510438682045,157.10516203703705,5.1185663577448945
645532,45,38,0.15555555555555556,0.044444444444444446,0.12985905403340944,418.31766203703705,5.180741985218562
646092,5,4,0.2,0.4,0.13227326391168903,159.3407523148148,1.9219280948873623
646227,2,2,0.0,0.5,,12.102083333333333,1.0
646469,1,1,0.0,1.0,,0.0,0.0
64650,2,1,0.5,1.0,,26.349780092592592,-0.0
646608,1,1,0.0,1.0,,0.0,0.0
646748,13,11,0.15384615384615385,0.15384615384615385,0.2536715807310991,3.107349537037037,3.3927474104487847
646922,11,10,0.09090909090909091,0.18181818181818182,0.4400016603497206,35.997569444444444,3.2776134368191157
64732,1,1,0.0,1.0,,0.0,0.0
6479,292,78,0.7328767123287672,0.3664383561643836,0.23416125789386252,449.04891203703704,3.9936296624646643
64809,9,8,0.1111111111111111,0.2222222222222222,-0.21557284277954655,3.9736689814814814,2.94770277922009
648331,92,45,0.5108695652173914,0.16304347826086957,0.30078442574883407,441.8499074074074,4.8655671916436996
648411,56,32,0.42857142857142855,0.10714285714285714,0.23661954681092134,182.9639351851852,4.735228136034252
64920,3,3,0.0,0.3333333333333333,-0.5957968848479106,12.864837962962962,1.584962500721156
64961,8,4,0.5,0.625,0.23382450095207666,275.15976851851855,1.5487949406953985
64985,68,32,0.5294117647058824,0.17647058823529413,0.141581484891139,430.7105902777778,4.2055929764967335
649858,23,4,0.8260869565217391,0.8260869565217391,0.4188252870312465,142.08350694444445,0.9274479232123118
64988,72,44,0.3888888888888889,0.09722222222222222,0.2922421698830955,412.0692824074074,5.132827300566521
650286,1,1,0.0,1.0,,0.0,0.0
6504,13,12,0.07692307692307693,0.15384615384615385,-0.0918106990875217,5.069270833333333,3.5465935642949384
65046,60,41,0.31666666666666665,0.2833333333333333,0.5692417122457482,385.20725694444445,4.648776123920922
650470,10,8,0.2,0.3,0.25268441715312673,328.71755787037034,2.8464393446710154
650941,5,5,0.0,0.2,0.011427155271191576,1.590486111111111,2.321928094887362
651106,15,13,0.13333333333333333,0.2,0.454122650053928,262.10261574074076,3.5898980954642865
651116,9,5,0.4444444444444444,0.4444444444444444,0.26070399913036996,165.7301736111111,2.058813890331201
65125,1,1,0.0,1.0,,0.0,0.0
65176,1,1,0.0,1.0,,0.0,0.0
652082,5,5,0.0,0.2,-0.1317521497379587,240.72211805555557,2.321928094887362
652090,8,8,0.0,0.125,0.04073895908201271,3.3320717592592595,3.0
652205,2,1,0.5,1.0,,1.0876736111111112,-0.0
652390,6,6,0.0,0.16666666666666666,0.3101185265784645,11.157256944444445,2.584962500721156
653116,6,6,0.0,0.16666666666666666,0.06984116571695982,4.753587962962963,2.584962500721156
653454,7,7,0.0,0.14285714285714285,0.18643968381481282,2.3027662037037038,2.807354922057604
65387,60,47,0.21666666666666667,0.06666666666666667,0.41749220622399863,412.99306712962965,5.3943091372391265
654112,3,3,0.0,0.3333333333333333,-0.007307307307307289,0.11646990740740741,1.584962500721156
65423,219,52,0.7625570776255708,0.3744292237442922,0.23570590200255473,445.2029166666667,3.8691897104770043
65455,1,1,0.0,1.0,,0.0,0.0
654687,4,4,0.0,0.25,0.17149936295055995,57.42270833333333,2.0
65470,127,96,0.2440944881889764,0.047244094488188976,0.2982936635780326,431.02594907407405,6.375501198733371
654715,2,2,0.0,0.5,,127.20172453703704,1.0
65496,1,1,0.0,1.0,,0.0,0.0
655179,1,1,0.0,1.0,,0.0,0.0
655181,3,1,0.6666666666666666,1.0,-0.004747132400834578,1.0533680555555556,-0.0
65527,14,12,0.14285714285714285,0.14285714285714285,0.5461707965663037,364.3283333333333,3.521640636343319
65535,4,3,0.25,0.5,-0.13831763288903873,2.748425925925926,1.5
65571,72,53,0.2638888888888889,0.09722222222222222,0.15812137403995125,397.51859953703706,5.438382856122077
655983,4,4,0.0,0.25,-0.08300065060799874,0.3490625,2.0
656479,11,11,0.0,0.09090909090909091,-0.18897858316788216,2.8055902777777777,3.4594316186372978
656601,3,2,0.3333333333333333,0.6666666666666666,-0.9155603031911651,50.953460648148145,0.9182958340544896
65665,4,3,0.25,0.5,-0.13823127563756804,233.97967592592593,1.5
656668,1,1,0.0,1.0,,0.0,0.0
65679,4,4,0.0,0.25,0.05409562113655305,68.77751157407407,2.0
656872,1,1,0.0,1.0,,0.0,0.0
6571,1,1,0.0,1.0,,0.0,0.0
657368,7,7,0.0,0.14285714285714285,-0.24664569835614372,3.8150347222222223,2.807354922057604
6579,129,100,0.2248062015503876,0.05426356589147287,0.1501677691329671,429.2896064814815,6.447111752065367
657956,120,58,0.5166666666666667,0.15,0.5455077085756481,371.10949074074074,5.239170575551856
658122,7,7,0.0,0.14285714285714285,-0.3150681105156005,5.146377314814814,2.807354922057604
658731,2,2,0.0,0.5,,0.004120370370370371,1.0
659665,2,2,0.0,0.5,,0.5855092592592592,1.0
659689,2,2,0.0,0.5,,0.5730439814814815,1.0
66010,78,73,0.0641025641025641,0.02564102564102564,0.15552340835455894,448.9922916666667,6.157197090657123
660144,4,4,0.0,0.25,0.05898187215003817,23.198368055555555,2.0
660476,18,12,0.3333333333333333,0.2222222222222222,0.19983878965172883,3.998761574074074,3.350209029099897
660610,2,2,0.0,0.5,,2.273414351851852,1.0
660700,1,1,0.0,1.0,,0.0,0.0
661223,16,13,0.1875,0.1875,-0.012936015591129335,15.056516203703703,3.577819531114783
661809,6,6,0.0,0.16666666666666666,0.2906888216470435,206.25118055555555,2.584962500721156
661831,9,6,0.3333333333333333,0.2222222222222222,0.22519317551298024,154.42674768518518,2.5032583347756456
662495,115,71,0.3826086956521739,0.13043478260869565,0.21935628548940353,451.4564467592593,5.721728751664218
6629,3,2,0.3333333333333333,0.6666666666666666,-0.8015869375773974,0.4546296296296296,0.9182958340544896
663163,23,11,0.5217391304347826,0.21739130434782608,0.03740980596332566,21.389155092592592,3.0792453930625077
66322,11,11,0.0,0.09090909090909091,0.2252112011560357,6.867222222222222,3.4594316186372978
66338,188,136,0.2765957446808511,0.09042553191489362,0.22016404784776208,429.33359953703706,6.713014786494359
663581,5,4,0.2,0.4,0.06092089803755464,8.068287037037036,1.9219280948873623
664254,2,2,0.0,0.5,,1.7300462962962964,1.0
665042,36,33,0.08333333333333333,0.05555555555555555,0.5356088431460043,47.6418287037037,5.003258334775645
66538,3,3,0.0,0.3333333333333333,-0.3044141901106917,3.8080439814814815,1.584962500721156
665383,2,2,0.0,0.5,,0.05392361111111111,1.0
665461,124,31,0.75,0.4112903225806452,0.12144268996632251,416.18546296296296,3.0221520721950728
66563,54,48,0.1111111111111111,0.05555555555555555,0.17253421602634889,440.88532407407405,5.518685881753033
666014,6,6,0.0,0.16666666666666666,0.29665633796242286,9.774803240740741,2.584962500721156
666053,11,11,0.0,0.09090909090909091,0.39048907491713936,0.5515162037037037,3.4594316186372978
66618,3,3,0.0,0.3333333333333333,-0.6567740867842847,211.12563657407406,1.584962500721156
666397,1,1,0.0,1.0,,0.0,0.0
66703,7,7,0.0,0.14285714285714285,-0.07822485248466174,16.834351851851853,2.807354922057604
667550,7,6,0.14285714285714285,0.2857142857142857,-0.13443991324410148,287.33725694444445,2.5216406363433186
66787,16,15,0.0625,0.125,0.20569201184618935,2.558923611111111,3.875
6680,99,62,0.37373737373737376,0.12121212121212122,0.19746115591098182,439.11060185185187,5.537043837378423
668129,3,3,0.0,0.3333333333333333,-0.14430387265383704,4.905567129629629,1.584962500721156
66815,271,122,0.5498154981549815,0.16236162361623616,0.35863380954654833,452.01376157407407,5.899982484348194
668369,2,2,0.0,0.5,,0.05068287037037037,1.0
668375,6,5,0.16666666666666666,0.3333333333333333,-0.12337912314733437,120.47798611111111,2.2516291673878226
668453,256,147,0.42578125,0.046875,0.3431847748706194,429.57474537037035,6.7028745811268635
66876,82,28,0.6585365853658537,0.43902439024390244,0.42760309065582286,409.0840625,3.4855839797744563
66919,62,51,0.1774193548387097,0.06451612903225806,0.43627737066128075,324.1823263888889,5.542748326446116
66946,248,196,0.20967741935483872,0.036290322580645164,0.20647331896635798,436.40052083333336,7.42359963684275
669692,8,8,0.0,0.125,-0.04217912415828308,11.961284722222222,3.0
66989,20,20,0.0,0.05,0.6139233442625133,375.7694560185185,4.321928094887363
669907,6,6,0.0,0.16666666666666666,-0.21866773139311832,2.9866319444444445,2.584962500721156
670085,4,4,0.0,0.25,0.14254203238180763,117.68392361111111,2.0
670447,1,1,0.0,1.0,,0.0,0.0
670594,3,3,0.0,0.3333333333333333,-2.482615818251308e-06,344.9924074074074,1.584962500721156
670720,178,115,0.3539325842696629,0.06179775280898876,0.6344818941677652,392.9547685185185,6.474560814542626
67102,1,1,0.0,1.0,,0.0,0.0
671143,30,27,0.1,0.06666666666666667,0.0390065937330277,68.60006944444444,4.7068905956085185
671868,2,2,0.0,0.5,,1.8248842592592593,1.0
672980,1,1,0.0,1.0,,0.0,0.0
673145,6,5,0.16666666666666666,0.3333333333333333,-0.18941236429914138,7.931469907407408,2.2516291673878226
673919,2,2,0.0,0.5,,0.4136111111111111,1.0
674111,24,23,0.041666666666666664,0.08333333333333333,0.4253686711705106,22.77138888888889,4.501629167387822
674494,4,4,0.0,0.25,0.012637313257904112,19.964930555555554,2.0
67602,7,7,0.0,0.14285714285714285,0.3095745374892082,294.17403935185183,2.807354922057604
676448,1,1,0.0,1.0,,0.0,0.0
676818,2,2,0.0,0.5,,7.014594907407408,1.0
676868,1,1,0.0,1.0,,0.0,0.0
677055,3,3,0.0,0.3333333333333333,-0.5413669064748201,0.3868402777777778,1.584962500721156
677192,8,8,0.0,0.125,0.3887151527868839,129.2970486111111,3.0
67764,2,2,0.0,0.5,,0.10339120370370371,1.0
677718,24,17,0.2916666666666667,0.20833333333333334,0.16375175568303216,7.5905555555555555,3.8197738350294776
678225,93,66,0.2903225806451613,0.08602150537634409,0.2267628970347194,448.1870833333333,5.722232268623763
678254,135,48,0.6444444444444445,0.1037037037037037,0.4562641474189348,444.92203703703706,4.9196418443536025
67836,1,1,0.0,1.0,,0.0,0.0
67924,8,8,0.0,0.125,0.4008069311019136,6.042361111111111,3.0
67945,112,65,0.41964285714285715,0.08928571428571429,0.3630623968226891,398.47513888888886,5.5161105348689325
67970,5,5,0.0,0.2,0.046616400984300095,2.9140277777777777,2.321928094887362
679870,172,25,0.8546511627906976,0.26744186046511625,0.7316901905988766,448.2126851851852,3.28339607645653
68020,62,33,0.46774193548387094,0.3064516129032258,0.2297721744769181,415.3595138888889,4.227177750192867
68050,46,40,0.13043478260869565,0.043478260869565216,0.2779360232737036,408.00734953703704,5.2626923908396215
680556,115,65,0.43478260869565216,0.09565217391304348,0.4497547823423418,250.88165509259258,5.555989366052743
680854,8,8,0.0,0.125,0.226859543849701,62.06950231481481,3.0
680893,1,1,0.0,1.0,,0.0,0.0
681056,2,2,0.0,0.5,,1.220150462962963,1.0
681173,7,5,0.2857142857142857,0.2857142857142857,0.32240656277812285,19.302523148148147,2.2359263506290326
681186,1,1,0.0,1.0,,0.0,0.0
682190,2,2,0.0,0.5,,0.08299768518518519,1.0
682197,24,18,0.25,0.125,0.4472746557170656,280.1231134259259,4.0220552088742005
682856,8,8,0.0,0.125,0.3929918965777093,23.96267361111111,3.0
682942,1,1,0.0,1.0,,0.0,0.0
68321,2,2,0.0,0.5,,0.9841435185185186,1.0
683638,4,2,0.5,0.5,-0.23225240656428536,1.883587962962963,1.0
684048,7,7,0.0,0.14285714285714285,0.135037617600785,6.136018518518519,2.807354922057604
684068,5,5,0.0,0.2,0.10688786657213911,0.8671643518518518,2.321928094887362
684226,7,6,0.14285714285714285,0.2857142857142857,-0.04027687339688546,1.3988425925925927,2.5216406363433186
684523,2,2,0.0,0.5,,0.014074074074074074,1.0
684631,94,59,0.3723404255319149,0.0851063829787234,0.28716808292373464,356.2759027777778,5.527681138773587
68470,5,5,0.0,0.2,-0.13818782719573397,4.297476851851852,2.321928094887362
68491,3,3,0.0,0.3333333333333333,-0.01565267066552407,0.20577546296296295,1.584962500721156
684954,27,25,0.07407407407407407,0.07407407407407407,0.46995267871210694,170.2888425925926,4.606739354015321
68531,88,35,0.6022727272727273,0.25,0.22954466249729882,391.0235648148148,4.293104111557737
685911,156,117,0.25,0.04487179487179487,0.2694883019529168,430.2421412037037,6.6347614760009215
685979,9,9,0.0,0.1111111111111111,-0.00928335851225992,2.722303240740741,3.169925001442312
686215,4,4,0.0,0.25,-0.23361278914483133,0.9722337962962962,2.0
686254,116,60,0.4827586206896552,0.1810344827586207,0.4241324214288284,424.8080787037037,5.170753963674254
68689,5,5,0.0,0.2,0.08258363570685248,0.20039351851851853,2.321928094887362
686986,90,61,0.32222222222222224,0.05555555555555555,0.32850967657528174,266.86010416666664,5.7030340023331085
688257,25,21,0.16,0.16,0.1708552673247562,23.029328703703705,4.243856189774724
688593,2,2,0.0,0.5,,0.6890625,1.0
6891,4,3,0.25,0.5,-0.566635097359081,2.126145833333333,1.5
68947,66,37,0.4393939393939394,0.3181818181818182,0.39034823720361067,331.41480324074075,4.3438082727167275
68988,3,3,0.0,0.3333333333333333,-0.3564391816712554,3.866134259259259,1.584962500721156
691175,3,3,0.0,0.3333333333333333,-0.09153846153846153,0.03284722222222222,1.584962500721156
691372,2,2,0.0,0.5,,0.14863425925925927,1.0
691546,267,66,0.7528089887640449,0.18352059925093633,0.3448067751549006,386.97822916666667,4.676300410583414
69167,1,1,0.0,1.0,,0.0,0.0
69189,6,6,0.0,0.16666666666666666,0.226206627161695,1.0004282407407408,2.584962500721156
69215,106,74,0.3018867924528302,0.04716981132075472,0.1416741033655562,432.9903472222222,5.962642950046559
692175,1,1,0.0,1.0,,0.0,0.0
692563,1,1,0.0,1.0,,0.0,0.0
6928,17,16,0.058823529411764705,0.11764705882352941,0.45956208079059985,307.21019675925925,3.9698157824268097
693078,98,71,0.2755102040816326,0.05102040816326531,0.3193892733106914,419.03770833333334,5.950226012699255
693606,1,1,0.0,1.0,,0.0,0.0
693737,1,1,0.0,1.0,,0.0,0.0
693749,5,3,0.4,0.6,0.260739634763424,34.21363425925926,1.3709505944546687
694060,45,37,0.17777777777777778,0.06666666666666667,0.23919422703464088,431.8757175925926,5.119522262948263
6941,5,5,0.0,0.2,-0.3760868527898963,14.804699074074074,2.321928094887362
69497,74,17,0.7702702702702703,0.5945945945945946,0.39258600225864376,441.9949074074074,2.215967417941821
69528,842,316,0.6247030878859857,0.09857482185273159,0.4353232553841132,451.96321759259257,6.912405757822063
695493,12,12,0.0,0.08333333333333333,0.516896246910645,373.1135763888889,3.584962500721156
695644,15,15,0.0,0.06666666666666667,0.16535449970848268,3.349699074074074,3.906890595608518
6960,339,178,0.4749262536873156,0.12979351032448377,0.3836228240854325,444.93302083333333,6.637514890136249
6961,166,79,0.5240963855421686,0.0963855421686747,0.22455604378111677,314.1325347222222,5.595738634823778
696130,61,46,0.2459016393442623,0.09836065573770492,0.48613320279198885,414.99857638888886,5.303447788276157
696169,125,42,0.664,0.192,0.1327239262384902,409.18196759259257,4.441063806693872
696545,1,1,0.0,1.0,,0.0,0.0
696758,1,1,0.0,1.0,,0.0,0.0
69717,1,1,0.0,1.0,,0.0,0.0
6974,9,6,0.3333333333333333,0.4444444444444444,0.3515717375194703,151.3524189814815,2.2810361125534233
69748,66,46,0.30303030303030304,0.09090909090909091,0.213194678424175,401.5120138888889,5.277285172644959
697528,83,59,0.2891566265060241,0.10843373493975904,0.2312131631313186,419.99288194444443,5.569089395327876
697602,14,14,0.0,0.07142857142857142,0.18494853907758455,3.0445486111111113,3.8073549220576055
697721,4,4,0.0,0.25,-0.9787845647710134,2.6032407407407407,2.0
698,35,33,0.05714285714285714,0.05714285714285714,0.6790604776077372,214.6157986111111,5.014997302659251
698294,31,25,0.1935483870967742,0.16129032258064516,0.29519177265604707,33.60398148148148,4.426308311141705
698547,1,1,0.0,1.0,,0.0,0.0
698658,8,8,0.0,0.125,0.051364244474619056,2.52462962962963,3.0
698718,21,20,0.047619047619047616,0.09523809523809523,0.4388074464825775,44.570405092592594,4.297079327540666
699240,2,2,0.0,0.5,,57.655,1.0
699301,1,1,0.0,1.0,,0.0,0.0
699937,1,1,0.0,1.0,,0.0,0.0
699968,2,2,0.0,0.5,,0.1123611111111111,1.0
700105,1,1,0.0,1.0,,0.0,0.0
700197,116,32,0.7241379310344828,0.3879310344827586,0.5842306360225654,412.006412037037,3.5213470615437013
701181,11,2,0.8181818181818182,0.5454545454545454,0.27811904964951667,14.303206018518518,0.9940302114769565
701443,1,1,0.0,1.0,,0.0,0.0
701818,9,9,0.0,0.1111111111111111,0.432847464000684,282.2413425925926,3.169925001442312
70190,1,1,0.0,1.0,,0.0,0.0
702137,312,131,0.5801282051282052,0.10256410256410256,0.6732956549246808,449.12895833333334,5.916810066256963
70289,3,3,0.0,0.3333333333333333,-0.03783429833850006,4.072430555555556,1.584962500721156
703059,1,1,0.0,1.0,,0.0,0.0
70317,6,6,0.0,0.16666666666666666,0.07489482877713574,0.6907060185185185,2.584962500721156
703476,2,2,0.0,0.5,,0.0008333333333333334,1.0
70355,47,30,0.3617021276595745,0.10638297872340426,0.08897487410828643,343.1971412037037,4.6293985653932985
70380,127,89,0.2992125984251969,0.11023622047244094,0.18709666756958038,418.2530439814815,6.0915810695131345
705351,1,1,0.0,1.0,,0.0,0.0
70557,200,66,0.67,0.215,0.22339556878926065,437.2793981481482,4.8072133891875115
705624,4,4,0.0,0.25,-0.08381292627256295,2.9011689814814816,2.0
706283,1,1,0.0,1.0,,0.0,0.0
706393,39,20,0.48717948717948717,0.4358974358974359,0.3899232552605213,313.8825925925926,3.3498414931890235
707002,1,1,0.0,1.0,,0.0,0.0
707233,2,2,0.0,0.5,,0.1622800925925926,1.0
708012,13,11,0.15384615384615385,0.15384615384615385,0.532359900804776,366.0734953703704,3.3927474104487847
708077,1,1,0.0,1.0,,0.0,0.0
7081,176,108,0.38636363636363635,0.10227272727272728,0.3608674068336672,441.1264814814815,6.2485579682152945
708517,89,56,0.3707865168539326,0.0898876404494382,0.09752868308432185,414.90304398148146,5.441845650842762
70853,5,4,0.2,0.4,-0.5283426545254732,2.981886574074074,1.9219280948873623
708981,84,70,0.16666666666666666,0.08333333333333333,0.2606796731249925,444.18322916666665,5.958908232819633
70901,6,3,0.5,0.5,0.10311042329980757,3.185949074074074,1.4591479170272448
709044,19,19,0.0,0.05263157894736842,0.38218923424340906,10.142106481481482,4.247927513443585
709109,4,4,0.0,0.25,-0.29729148346041573,0.9250115740740741,2.0
70966,44,21,0.5227272727272727,0.38636363636363635,0.67349757586934,363.9477546296296,3.4993917140141333
71012,4,4,0.0,0.25,0.17123704257133185,92.73392361111111,2.0
710231,13,13,0.0,0.07692307692307693,0.5287309398924634,103.60458333333334,3.7004397181410926
71024,5,5,0.0,0.2,0.07230427438038615,3.7816319444444444,2.321928094887362
710444,9,9,0.0,0.1111111111111111,0.20887244039245476,2.920636574074074,3.169925001442312
710548,6,5,0.16666666666666666,0.3333333333333333,0.3285861627807771,274.9499074074074,2.2516291673878226
71072,7,7,0.0,0.14285714285714285,0.3700272392924332,305.1774652777778,2.807354922057604
710965,2,2,0.0,0.5,,0.12142361111111111,1.0
710978,8,7,0.125,0.25,0.20279622177779724,2.361666666666667,2.75
71113,2,1,0.5,1.0,,0.00011574074074074075,-0.0
711174,82,45,0.45121951219512196,0.14634146341463414,0.1993419899058052,66.67733796296297,4.8728129075223
711264,52,39,0.25,0.1346153846153846,0.23170037121532344,70.2094212962963,5.053295786325648
711265,6,6,0.0,0.16666666666666666,0.1330593236015987,2.911226851851852,2.584962500721156
711551,3,3,0.0,0.3333333333333333,-0.13825613264946376,1.158425925925926,1.584962500721156
711743,1,1,0.0,1.0,,0.0,0.0
71186,91,53,0.4175824175824176,0.14285714285714285,0.320572124845118,364.5270138888889,5.181037422408315
712098,3,2,0.3333333333333333,0.6666666666666666,-0.006620152644222671,152.9813773148148,0.9182958340544896
71270,18,15,0.16666666666666666,0.16666666666666666,0.4787133914935965,254.03434027777777,3.794653473544342
712886,16,15,0.0625,0.125,0.5599982639357087,261.188900462963,3.875
712922,2,2,0.0,0.5,,1.4545717592592593,1.0
713072,4,4,0.0,0.25,-0.10658985412468612,1.2405324074074073,2.0
71313,1,1,0.0,1.0,,0.0,0.0
713925,3,3,0.0,0.3333333333333333,-0.39476300961219757,0.24351851851851852,1.584962500721156
71395,13,12,0.07692307692307693,0.15384615384615385,0.04276599497488763,4.707430555555556,3.5465935642949384
714077,5,5,0.0,0.2,0.004648449568776442,3.623101851851852,2.321928094887362
714179,3,3,0.0,0.3333333333333333,-0.11290954452669125,0.6247106481481481,1.584962500721156
714413,1,1,0.0,1.0,,0.0,0.0
71495,16,16,0.0,0.0625,0.4259841093308994,111.84346064814815,4.0
71497,61,41,0.32786885245901637,0.09836065573770492,0.3195804992673517,296.2396180555556,5.044850452033251
71517,182,54,0.7032967032967034,0.15934065934065933,0.268324214282237,442.88121527777776,4.903072518571443
715450,1,1,0.0,1.0,,0.0,0.0
715809,1,1,0.0,1.0,,0.0,0.0
715949,2,2,0.0,0.5,,0.006342592592592592,1.0
715975,7,7,0.0,0.14285714285714285,-0.22529145609518808,5.824976851851852,2.807354922057604
71629,1,1,0.0,1.0,,0.0,0.0
716515,12,9,0.25,0.3333333333333333,0.0533582658336524,380.23777777777775,2.9182958340544896
717020,2,2,0.0,0.5,,1.2633449074074075,1.0
717513,1,1,0.0,1.0,,0.0,0.0
71805,8,7,0.125,0.25,0.1875741490784394,4.839571759259259,2.75
7185,232,46,0.8017241379310345,0.1336206896551724,0.40023992422078897,110.94730324074074,4.421882743909757
71858,64,39,0.390625,0.109375,0.32940224053886524,421.9690162037037,5.001310203736036
718816,107,63,0.411214953271028,0.27102803738317754,0.2555062881457951,193.09439814814814,5.051227572291458
7196,2,2,0.0,0.5,,0.014479166666666666,1.0
71971,6,6,0.0,0.16666666666666666,0.3009659514617969,105.29329861111111,2.584962500721156
720644,46,25,0.45652173913043476,0.21739130434782608,0.2746791175118714,254.19765046296297,4.168372903282288
7207,5,5,0.0,0.2,-0.2928168028764662,8.659907407407408,2.321928094887362
721182,1,1,0.0,1.0,,0.0,0.0
72161,97,51,0.4742268041237113,0.15463917525773196,0.5928669832662835,452.2990740740741,5.019167998804089
72234,25,23,0.08,0.12,0.3464290781767372,13.116261574074073,4.453660689688185
722953,2,2,0.0,0.5,,0.19008101851851852,1.0
723046,114,62,0.45614035087719296,0.16666666666666666,0.24625893224811943,445.1229398148148,5.3614322492955715
723059,65,27,0.5846153846153846,0.35384615384615387,0.2839595803570111,346.8773726851852,3.7153205522560713
723422,2,1,0.5,1.0,,14.335347222222222,-0.0
72354,59,46,0.22033898305084745,0.06779661016949153,0.11135303551357252,451.7345138888889,5.369682667895901
72375,2,2,0.0,0.5,,0.06809027777777778,1.0
724433,1,1,0.0,1.0,,0.0,0.0
724664,9,9,0.0,0.1111111111111111,-0.09286630431517365,13.673460648148149,3.169925001442312
724814,4,4,0.0,0.25,0.1258456397576672,0.35533564814814816,2.0
724947,5,4,0.2,0.4,0.24895785539048923,63.00011574074074,1.9219280948873623
72507,63,46,0.2698412698412698,0.09523809523809523,0.06442606003816244,354.7443171296296,5.2944299233625545
726080,15,9,0.4,0.26666666666666666,0.2087533798049414,25.851134259259258,2.9735572622751856
72617,19,19,0.0,0.05263157894736842,0.2673095829104867,3.848472222222222,4.247927513443585
726359,40,23,0.425,0.25,0.09043420425816648,399.3557407407407,3.9823328717505144
726598,53,32,0.39622641509433965,0.18867924528301888,0.05499256888250525,101.99685185185186,4.411909021320663
726866,4,4,0.0,0.25,0.059560179796185345,1.9950115740740741,2.0
72693,5,4,0.2,0.4,-0.2187827062716579,2.036099537037037,1.9219280948873623
729272,7,5,0.2857142857142857,0.42857142857142855,0.38095529309344506,159.1288888888889,2.1280852788913944
729463,1,1,0.0,1.0,,0.0,0.0
72964,1,1,0.0,1.0,,0.0,0.0
72971,3,3,0.0,0.3333333333333333,-0.633497792781096,0.3640393518518519,1.584962500721156
73004,21,21,0.0,0.047619047619047616,0.26914589393618127,4.746041666666667,4.392317422778761
730108,1,1,0.0,1.0,,0.0,0.0
730518,5,5,0.0,0.2,-0.13012742792105997,2.107685185185185,2.321928094887362
730714,3,3,0.0,0.3333333333333333,-0.00023662742073605098,9.24667824074074,1.584962500721156
731162,6,5,0.16666666666666666,0.3333333333333333,0.053708531125791256,12.123726851851853,2.2516291673878226
731522,2,2,0.0,0.5,,74.62195601851852,1.0
73199,81,49,0.3950617283950617,0.14814814814814814,0.3444489135400216,423.0896412037037,5.043631256468688
732068,6,5,0.16666666666666666,0.3333333333333333,0.07008822741715053,78.86655092592592,2.2516291673878226
73256,10,6,0.4,0.4,0.46745461292758866,127.34127314814815,2.321928094887362
732692,79,52,0.34177215189873417,0.08860759493670886,0.0406997063237338,251.33666666666667,5.414151951499966
73292,81,47,0.41975308641975306,0.1111111111111111,0.08938427487239517,209.74336805555555,5.153984417103001
733241,1,1,0.0,1.0,,0.0,0.0
733498,5,5,0.0,0.2,0.12924767118759767,5.243703703703703,2.321928094887362
7335,4,4,0.0,0.25,0.13360803197718898,1.5537268518518519,2.0
733635,2,2,0.0,0.5,,0.5785648148148148,1.0
733791,4,4,0.0,0.25,-0.1299842395774913,8.065046296296297,2.0
73394,161,124,0.22981366459627328,0.031055900621118012,0.3833859745091062,451.4713888888889,6.768163095915061
734458,97,71,0.26804123711340205,0.05154639175257732,0.43959456445717937,136.1340625,5.954251084629493
735425,15,14,0.06666666666666667,0.13333333333333333,0.32292494783479,9.185729166666667,3.773557262275185
73593,5,4,0.2,0.4,0.04633835649731528,274.3535416666667,1.9219280948873623
736233,73,50,0.3150684931506849,0.0821917808219178,0.4044082384895056,440.4851388888889,5.348946778260098
736262,15,14,0.06666666666666667,0.13333333333333333,0.08487759227050963,2.9124074074074073,3.773557262275185
73656,1,1,0.0,1.0,,0.0,0.0
737020,1,1,0.0,1.0,,0.0,0.0
73703,13,8,0.38461538461538464,0.23076923076923078,0.15409551449930892,355.871087962963,2.873140679513133
737324,4,3,0.25,0.5,0.16650034408795752,256.7602083333333,1.5
737563,48,36,0.25,0.0625,0.6590694782165266,334.0398263888889,5.03778203183594
737651,67,52,0.22388059701492538,0.04477611940298507,0.4506074033784304,393.92212962962964,5.550726130562535
73791,5,1,0.8,1.0,-0.03336363240541045,308.1762615740741,-0.0
737940,1,1,0.0,1.0,,0.0,0.0
738083,319,140,0.5611285266457681,0.12225705329153605,0.43054555526420923,382.0874189814815,6.140276961109601
73830,1,1,0.0,1.0,,0.0,0.0
73863,4,3,0.25,0.5,0.1664391481120733,110.6344212962963,1.5
738873,5,5,0.0,0.2,-0.4918536559576159,4.497534722222222,2.321928094887362
739422,2,2,0.0,0.5,,0.03525462962962963,1.0
739656,10,8,0.2,0.3,0.18974869457802948,9.505173611111111,2.8464393446710154
739699,2,2,0.0,0.5,,0.009606481481481481,1.0
739772,4,4,0.0,0.25,0.16662080251101424,62.48574074074074,2.0
739824,2,2,0.0,0.5,,5.783842592592593,1.0
740127,1,1,0.0,1.0,,0.0,0.0
74019,72,35,0.5138888888888888,0.1388888888888889,0.504635752633943,327.2553703703704,4.572246967039554
740594,75,42,0.44,0.4,0.2166953839314771,413.9401388888889,4.149330618890294
741093,2,2,0.0,0.5,,0.1437037037037037,1.0
74151,25,19,0.24,0.08,0.3755357576221573,267.92743055555553,4.163856189774725
741944,40,24,0.4,0.175,0.39956491918749837,109.65042824074074,4.280640983527282
743514,1,1,0.0,1.0,,0.0,0.0
743906,119,74,0.37815126050420167,0.08403361344537816,0.637048982452183,406.86929398148146,5.689446415126721
74401,59,35,0.4067796610169492,0.13559322033898305,0.12025843837939092,257.8454976851852,4.7232130161996935
744026,225,157,0.3022222222222222,0.02666666666666667,0.5552445886757615,434.1990740740741,7.030882373635872
74423,76,65,0.14473684210526316,0.05263157894736842,0.15647838960523186,435.27930555555554,5.9321380397593755
74450,1,1,0.0,1.0,,0.0,0.0
744868,8,7,0.125,0.25,-0.037332357851241914,42.848946759259256,2.75
745442,5,5,0.0,0.2,-0.013655890765466645,2.959212962962963,2.321928094887362
74584,76,37,0.5131578947368421,0.25,0.35352380945208445,312.4070486111111,4.35970895719491
746166,1,1,0.0,1.0,,0.0,0.0
746238,4,4,0.0,0.25,-0.2792741208248901,1.5642592592592592,2.0
746288,2,2,0.0,0.5,,2.907037037037037,1.0
746461,9,5,0.4444444444444444,0.3333333333333333,0.4170710245407104,34.152002314814816,2.113283334294875
747349,75,51,0.32,0.16,0.28429446941490716,426.07282407407405,5.15509435698947
747510,3,3,0.0,0.3333333333333333,-0.014696374636933008,3.6511805555555554,1.584962500721156
747923,5,5,0.0,0.2,-0.22685822908841446,1.4932291666666666,2.321928094887362
74875,2,2,0.0,0.5,,0.14269675925925926,1.0
749246,147,27,0.8163265306122449,0.43537414965986393,0.1764206969666374,448.1542592592593,2.8157279981058636
749747,8,8,0.0,0.125,0.38137524584049287,86.11246527777777,3.0
749970,79,53,0.3291139240506329,0.0759493670886076,0.07741571985201741,421.44392361111113,5.457023115397597
75018,2,2,0.0,0.5,,4.859583333333333,1.0
750620,2,2,0.0,0.5,,2.042997685185185,1.0
750825,2,2,0.0,0.5,,3.1877662037037036,1.0
750973,8,7,0.125,0.25,0.2683776945887588,5.474247685185185,2.75
750977,1,1,0.0,1.0,,0.0,0.0
751066,16,12,0.25,0.25,0.13427205650689178,122.09984953703703,3.375
751702,117,75,0.358974358974359,0.05128205128205128,0.5521879149714833,65.74625,6.025118112834848
751709,1,1,0.0,1.0,,0.0,0.0
751759,1,1,0.0,1.0,,0.0,0.0
75193,1,1,0.0,1.0,,0.0,0.0
752912,1,1,0.0,1.0,,0.0,0.0
753284,135,90,0.3333333333333333,0.05185185185185185,0.37378868445463714,432.0565625,6.227591871761245
753460,209,101,0.5167464114832536,0.10526315789473684,0.3172031713013261,430.00060185185185,5.919788381999735
75376,25,14,0.44,0.24,0.3787662257028678,299.82584490740743,3.483074189428569
754094,64,42,0.34375,0.109375,0.31584679884551686,441.17219907407406,5.118650438178645
754159,24,24,0.0,0.041666666666666664,0.10730451750311493,5.653344907407408,4.584962500721156
75422,87,36,0.5862068965517241,0.28735632183908044,0.1250596842166734,228.13023148148147,4.128520671589539
754469,4,3,0.25,0.5,-0.2133369876954459,1.0410648148148147,1.5
75485,72,47,0.3472222222222222,0.09722222222222222,0.12975352117473476,446.87707175925925,5.243938411677632
7555,142,70,0.5070422535211268,0.11971830985915492,0.3205037759426867,392.8365856481482,5.435444784869494
755731,3,2,0.3333333333333333,0.6666666666666666,-0.005875194694888648,173.2005787037037,0.9182958340544896
75594,2,2,0.0,0.5,,0.09289351851851851,1.0
75607,10,10,0.0,0.1,0.19857187096221415,364.9083449074074,3.321928094887362
7565,1306,283,0.7833078101071975,0.062021439509954056,0.5238573672929095,449.4165972222222,6.47046761613008
756754,1,1,0.0,1.0,,0.0,0.0
756778,24,14,0.4166666666666667,0.25,0.6262565065593698,145.9549537037037,3.490601562950723
757495,5,5,0.0,0.2,-0.056678533680007075,2.171724537037037,2.321928094887362
757627,281,193,0.31316725978647686,0.046263345195729534,0.29178590060496895,441.0368634259259,7.146737234511795
75817,4,4,0.0,0.25,-0.07321565903429818,1.1054282407407408,2.0
758179,99,26,0.7373737373737373,0.42424242424242425,0.23568564802242079,318.83725694444445,3.19664446817162
758241,3,2,0.3333333333333333,0.6666666666666666,-0.5335592454535186,3.1427314814814813,0.9182958340544896
758407,2,2,0.0,0.5,,0.8443055555555555,1.0
759276,229,94,0.5895196506550219,0.13100436681222707,0.7432378998748833,200.98813657407408,5.691717931955951
759387,8,7,0.125,0.25,0.3408455333833797,19.671770833333333,2.75
759578,1,1,0.0,1.0,,0.0,0.0
759628,126,37,0.7063492063492064,0.4126984126984127,0.21065911604394388,451.13715277777777,3.6487586766748645
75982,1,1,0.0,1.0,,0.0,0.0
759869,43,31,0.27906976744186046,0.16279069767441862,0.011797925560932296,290.9665972222222,4.626116569665663
760523,1,1,0.0,1.0,,0.0,0.0
760564,33,30,0.09090909090909091,0.06060606060606061,0.5519400906341988,307.8495717592593,4.862575937540274
761346,216,119,0.44907407407407407,0.07407407407407407,0.32814748441806363,445.6924421296296,6.401988113844441
761456,157,84,0.46496815286624205,0.10191082802547771,0.2519917203612835,445.00528935185184,5.645578049176305
76164,13,13,0.0,0.07692307692307693,0.5257153200852359,377.7046875,3.7004397181410926
761716,6,6,0.0,0.16666666666666666,0.24879723863663233,192.99261574074075,2.584962500721156
761907,1,1,0.0,1.0,,0.0,0.0
762171,2,2,0.0,0.5,,0.9215162037037037,1.0
762720,208,23,0.8894230769230769,0.5769230769230769,0.2598074710372762,245.2166435185185,2.440411521355887
763995,5,5,0.0,0.2,0.0335983766273073,2.9231018518518517,2.321928094887362
764131,91,14,0.8461538461538461,0.32967032967032966,0.33167854373945144,58.288402777777776,2.836089386163276
764227,39,32,0.1794871794871795,0.10256410256410256,0.7005613393234932,194.8447800925926,4.855789718806775
764311,9,7,0.2222222222222222,0.3333333333333333,0.42799603165386624,234.7482523148148,2.6416041678685933
764458,1,1,0.0,1.0,,0.0,0.0
764624,3,2,0.3333333333333333,0.6666666666666666,-0.0020287480951158786,215.02444444444444,0.9182958340544896
765286,50,39,0.22,0.08,0.3380300995210024,239.72515046296297,5.133660689688188
765474,3,3,0.0,0.3333333333333333,-0.10582642064204043,3.238599537037037,1.584962500721156
76583,60,48,0.2,0.06666666666666667,0.06568941988548758,441.6111574074074,5.427642470572461
76607,121,43,0.6446280991735537,0.1322314049586777,0.3708592392133843,424.38002314814815,4.697317031418046
766112,7,7,0.0,0.14285714285714285,-0.27331764028441274,3.9724537037037035,2.807354922057604
766334,6,6,0.0,0.16666666666666666,0.05184439341491349,3.2173842592592594,2.584962500721156
766524,21,21,0.0,0.047619047619047616,0.14110323241854955,7.696030092592593,4.392317422778761
766534,3,3,0.0,0.3333333333333333,-0.0639743582802289,2.2744791666666666,1.584962500721156
766741,3,3,0.0,0.3333333333333333,-0.5584360986547084,0.12871527777777778,1.584962500721156
767005,163,73,0.5521472392638037,0.1165644171779141,0.16316484474271592,428.7765972222222,5.651708481619399
767200,2,2,0.0,0.5,,1.6434953703703703,1.0
767726,5,5,0.0,0.2,0.08913094071617889,1.0238194444444444,2.321928094887362
7682,51,45,0.11764705882352941,0.0392156862745098,0.009349396436350497,420.7451967592593,5.437131224324437
76843,294,161,0.4523809523809524,0.05442176870748299,0.2590705921701503,430.1749189814815,6.733694860661649
76856,11,11,0.0,0.09090909090909091,-0.06127686178963018,4.097974537037037,3.4594316186372978
769009,31,27,0.12903225806451613,0.12903225806451613,0.4133556263979385,10.118506944444444,4.631615665225585
769099,26,21,0.19230769230769232,0.07692307692307693,0.28578529724121127,23.720092592592593,4.315824333525708
769173,4,4,0.0,0.25,0.16179279476699215,185.9226273148148,2.0
769270,8,4,0.5,0.625,-0.1648018424997891,4.431180555555556,1.5487949406953985
769463,5,5,0.0,0.2,0.24520762124114703,4.965532407407407,2.321928094887362
76968,119,79,0.33613445378151263,0.07563025210084033,0.5568512003457678,298.9441550925926,5.9529841495716775
770435,8,6,0.25,0.375,0.27866053379268274,40.47673611111111,2.4056390622295662
770599,2,2,0.0,0.5,,0.7861689814814815,1.0
771398,6,6,0.0,0.16666666666666666,0.32883199732977253,221.65534722222222,2.584962500721156
771792,32,26,0.1875,0.125,0.669726909875043,270.17172453703705,4.5625
771913,1,1,0.0,1.0,,0.0,0.0
772671,2,2,0.0,0.5,,2.6928935185185185,1.0
7729,18,17,0.05555555555555555,0.1111111111111111,0.40197503170012494,385.1824074074074,4.058813890331201
773088,8,7,0.125,0.25,0.16236909478743544,1.0791435185185185,2.75
773676,1,1,0.0,1.0,,0.0,0.0
77395,3,3,0.0,0.3333333333333333,-0.09368935403382318,0.7305439814814815,1.584962500721156
774048,6,5,0.16666666666666666,0.3333333333333333,-0.02919242497574218,3.7722569444444445,2.2516291673878226
774128,26,24,0.07692307692307693,0.07692307692307693,0.035349214908700195,151.26410879629628,4.5465935642949376
774222,1,1,0.0,1.0,,0.0,0.0
77478,4,3,0.25,0.5,0.10371865880249842,3.0459490740740742,1.5
77480,2,1,0.5,1.0,,2.59162037037037,-0.0
775138,11,10,0.09090909090909091,0.18181818181818182,0.3824226027430136,326.4826967592593,3.2776134368191157
775189,1,1,0.0,1.0,,0.0,0.0
77533,91,69,0.24175824175824176,0.06593406593406594,0.3673452830476095,334.8236342592593,5.871813288759938
775660,1,1,0.0,1.0,,0.0,0.0
775746,3,3,0.0,0.3333333333333333,-0.021179819153425063,187.8679050925926,1.584962500721156
775891,2,2,0.0,0.5,,1.0725347222222221,1.0
776159,4,4,0.0,0.25,-0.05769021592486468,2.4265046296296298,2.0
776205,295,85,0.711864406779661,0.1152542372881356,0.567766336689069,447.7930787037037,5.074334367219032
776221,6,6,0.0,0.16666666666666666,-0.29843951014455405,0.42108796296296297,2.584962500721156
77737,303,189,0.37623762376237624,0.04950495049504951,0.41685567768448034,430.14591435185184,7.069907970061427
777784,2,2,0.0,0.5,,0.5628356481481481,1.0
778137,3,3,0.0,0.3333333333333333,-0.0016663966573406018,62.04380787037037,1.584962500721156
778353,8,4,0.5,0.375,0.023646845934839,22.645555555555557,1.811278124459133
77860,67,43,0.3582089552238806,0.1044776119402985,0.3609062696653423,408.84664351851853,5.069508594440355
778691,18,14,0.2222222222222222,0.16666666666666666,-0.10234334833897445,6.338414351851852,3.6835423624332306
77870,3,3,0.0,0.3333333333333333,-0.4896590875723081,1.7615046296296297,1.584962500721156
77883,9,8,0.1111111111111111,0.2222222222222222,0.20955263228308385,13.842175925925925,2.94770277922009
779578,11,8,0.2727272727272727,0.2727272727272727,0.16098632147791916,4.233449074074074,2.8453509366224363
779610,2,2,0.0,0.5,,37.73677083333333,1.0
779811,2,2,0.0,0.5,,1.842800925925926,1.0
780183,10,10,0.0,0.1,-0.14841476047824237,4.675277777777778,3.321928094887362
781170,4,4,0.0,0.25,-0.09343387024158545,7.649479166666667,2.0
781262,3,3,0.0,0.3333333333333333,-0.03009949616218713,3.2820949074074073,1.584962500721156
78253,12,12,0.0,0.08333333333333333,0.3004493327415132,366.67758101851854,3.584962500721156
782569,2,2,0.0,0.5,,1.1425,1.0
782925,92,50,0.45652173913043476,0.2717391304347826,0.0849097435434851,445.7053935185185,4.712412719564091
784323,1,1,0.0,1.0,,0.0,0.0
784805,186,69,0.6290322580645161,0.07526881720430108,0.5796025185171205,314.9136574074074,5.417584033140563
784854,8,7,0.125,0.25,0.049569333844038936,2.7058912037037035,2.75
785411,5,5,0.0,0.2,-0.4135708858882368,3.010266203703704,2.321928094887362
785451,263,106,0.596958174904943,0.2889733840304182,0.5476272207521559,452.16527777777776,5.31009614812031
786158,2,2,0.0,0.5,,4.604155092592593,1.0
786190,15,10,0.3333333333333333,0.13333333333333333,0.4138868052491472,252.0749189814815,3.2402239289418517
786676,8,4,0.5,0.5,0.28326238955634464,254.89681712962962,1.75
786897,15,11,0.26666666666666666,0.13333333333333333,0.2509278142966002,355.2042824074074,3.373557262275185
787518,119,79,0.33613445378151263,0.04201680672268908,0.48949199682593775,432.95949074074076,6.051635440386621
788086,96,44,0.5416666666666666,0.09375,0.3212853924871065,202.3957986111111,4.983276308739914
78857,3,3,0.0,0.3333333333333333,-0.10105657411046637,1.1024074074074075,1.584962500721156
788585,61,55,0.09836065573770492,0.03278688524590164,0.28673400768003593,427.95986111111114,5.734016026087475
788805,1,1,0.0,1.0,,0.0,0.0
788885,72,49,0.3194444444444444,0.06944444444444445,0.2425311551557574,447.98822916666666,5.432155342015038
78905,65,55,0.15384615384615385,0.06153846153846154,0.3195444709735141,410.9209259259259,5.653137043797685
78911,95,70,0.2631578947368421,0.18947368421052632,0.012018846514991912,409.3061574074074,5.565401103040823
789626,3,2,0.3333333333333333,0.6666666666666666,-0.00010070201039517958,18.73611111111111,0.9182958340544896
789881,221,132,0.40271493212669685,0.08144796380090498,0.30287777149671063,451.8370949074074,6.544783763851005
790830,9,9,0.0,0.1111111111111111,0.03338576926282706,2.271574074074074,3.169925001442312
791489,52,47,0.09615384615384616,0.057692307692307696,0.28124921213896603,274.8244212962963,5.4936149584841045
791635,5,5,0.0,0.2,-0.26130320648857364,1.4336574074074073,2.321928094887362
791750,8,8,0.0,0.125,0.08365996063541313,152.03488425925926,3.0
791912,1,1,0.0,1.0,,0.0,0.0
792028,9,9,0.0,0.1111111111111111,0.015098039153080108,3.192800925925926,3.169925001442312
792098,21,15,0.2857142857142857,0.23809523809523808,0.5447967873227498,37.94192129629629,3.64900120971034
792237,10,10,0.0,0.1,0.2216635303394587,42.63641203703704,3.321928094887362
792310,75,43,0.4266666666666667,0.10666666666666667,0.30514929920687317,422.9959837962963,5.007916938291923
79256,8,3,0.625,0.5,0.3569394732292405,69.94064814814814,1.4056390622295665
793468,1,1,0.0,1.0,,0.0,0.0
79376,10,9,0.1,0.2,0.45701049197572324,181.148125,3.121928094887362
793834,1,1,0.0,1.0,,0.0,0.0
79503,83,55,0.3373493975903614,0.08433734939759036,0.18069303889636448,447.2425578703704,5.416393269716844
79504,5,3,0.4,0.6,0.2234627167984249,200.9865162037037,1.3709505944546687
79537,87,80,0.08045977011494253,0.034482758620689655,0.1553747407329449,384.0794560185185,6.264670219936923
795521,1,1,0.0,1.0,,0.0,0.0
795760,71,62,0.1267605633802817,0.08450704225352113,0.174298308806719,413.8624884259259,5.818623527894442
795829,10,9,0.1,0.2,0.03610987571990958,5.333333333333333,3.121928094887362
796060,5,5,0.0,0.2,-0.3118787283660089,8.306469907407408,2.321928094887362
796229,2,2,0.0,0.5,,0.9124537037037037,1.0
796647,5,5,0.0,0.2,0.10570859635117635,6.072430555555556,2.321928094887362
7970,82,59,0.2804878048780488,0.08536585365853659,0.3023909586850759,440.62385416666666,5.578086797777918
79729,9,9,0.0,0.1111111111111111,0.440858570939944,342.6601851851852,3.169925001442312
797429,42,29,0.30952380952380953,0.14285714285714285,0.515450875321092,159.2559837962963,4.538167351804303
797850,3,3,0.0,0.3333333333333333,-0.46933662788702435,0.4955439814814815,1.584962500721156
797935,4,4,0.0,0.25,-0.05483818721943154,6.904953703703704,2.0
798622,6,3,0.5,0.3333333333333333,0.036100564202983965,0.8838078703703703,1.584962500721156
799024,192,77,0.5989583333333334,0.2760416666666667,0.26039868128056126,427.1448032407407,5.092105130930262
800111,61,52,0.14754098360655737,0.08196721311475409,0.1988529053831536,448.81049768518517,5.543694051096708
800193,3,3,0.0,0.3333333333333333,-0.055942915996710134,3.2988194444444443,1.584962500721156
80081,1,1,0.0,1.0,,0.0,0.0
800977,192,68,0.6458333333333334,0.109375,0.238454007438918,448.71435185185186,5.205093589620372
801030,1,1,0.0,1.0,,0.0,0.0
80106,1,1,0.0,1.0,,0.0,0.0
801124,6,6,0.0,0.16666666666666666,0.33261232414851205,3.5162037037037037,2.584962500721156
80165,10,10,0.0,0.1,0.2994704860927398,261.0341550925926,3.321928094887362
801669,5,5,0.0,0.2,-0.23110130413837068,217.84366898148147,2.321928094887362
801983,27,21,0.2222222222222222,0.14814814814814814,0.39682011841125675,5.740381944444445,4.236368983644951
802486,89,52,0.4157303370786517,0.15730337078651685,0.0656050442227322,357.93341435185187,5.135540876361414
80256,3,3,0.0,0.3333333333333333,-0.035928912630335395,0.46686342592592595,1.584962500721156
802565,2,2,0.0,0.5,,2.3266550925925924,1.0
802751,3,3,0.0,0.3333333333333333,-0.007394778464761856,3.9733912037037036,1.584962500721156
802979,16,13,0.1875,0.25,0.07776619411546562,52.89622685185185,3.5
803122,9,6,0.3333333333333333,0.3333333333333333,-0.18820653990876327,7.769409722222222,2.4193819456463714
80450,3,2,0.3333333333333333,0.6666666666666666,-0.9339931660186167,0.9498726851851852,0.9182958340544896
804778,96,56,0.4166666666666667,0.16666666666666666,0.14649053248610916,444.22912037037037,5.2242417665222955
805244,57,32,0.43859649122807015,0.2807017543859649,0.24253312768711832,237.779375,4.170523566758365
805514,74,27,0.6351351351351351,0.1891891891891892,0.3805216348727715,183.19966435185185,4.193893361023941
80559,1,1,0.0,1.0,,0.0,0.0
806056,1,1,0.0,1.0,,0.0,0.0
806359,2,2,0.0,0.5,,2.930972222222222,1.0
80710,51,37,0.27450980392156865,0.0784313725490196,0.3457511329052377,423.8379861111111,5.054586616396458
80715,4,4,0.0,0.25,-0.6347141617577196,2.8145023148148147,2.0
80753,120,90,0.25,0.1,0.36780977998858444,427.24881944444445,6.18581288716701
80787,1,1,0.0,1.0,,0.0,0.0
807895,1,1,0.0,1.0,,0.0,0.0
808136,101,20,0.801980198019802,0.32673267326732675,0.2029802312896869,400.4063888888889,3.0874553402683995
80842,214,141,0.3411214953271028,0.08878504672897196,0.3132139339447197,443.9303009259259,6.7116755112694815
80889,1,1,0.0,1.0,,0.0,0.0
809065,4,3,0.25,0.5,0.168984988093216,102.36226851851852,1.5
809403,1,1,0.0,1.0,,0.0,0.0
8095,1,1,0.0,1.0,,0.0,0.0
80965,1,1,0.0,1.0,,0.0,0.0
809810,2,2,0.0,0.5,,0.1436689814814815,1.0
810886,60,51,0.15,0.05,0.22240793690690386,332.8467013888889,5.594309137239128
81122,7,6,0.14285714285714285,0.2857142857142857,0.37984951478038376,115.35895833333333,2.5216406363433186
812106,2,2,0.0,0.5,,0.00986111111111111,1.0
812270,4,4,0.0,0.25,0.020959155534162652,0.8874768518518519,2.0
812499,4,4,0.0,0.25,-0.26623648735029976,2.1226273148148147,2.0
8125,79,66,0.16455696202531644,0.05063291139240506,0.5940144209373984,192.9085300925926,5.949350368430268
812782,1,1,0.0,1.0,,0.0,0.0
812978,1,1,0.0,1.0,,0.0,0.0
81322,1,1,0.0,1.0,,0.0,0.0
81375,71,33,0.5352112676056338,0.39436619718309857,0.37309987575523695,427.82528935185184,3.8080932846875535
81464,96,49,0.4895833333333333,0.13541666666666666,0.4421484024697794,427.0727777777778,5.04159195127528
815756,75,48,0.36,0.17333333333333334,0.23989314650028448,258.36582175925923,5.120481805902706
81619,23,18,0.21739130434782608,0.17391304347826086,0.08023458313773342,3.0960069444444445,4.00182282562223
816713,1,1,0.0,1.0,,0.0,0.0
8169,99,81,0.18181818181818182,0.0707070707070707,0.20422416257503204,445.1991550925926,6.173182282112639
817894,39,31,0.20512820512820512,0.10256410256410256,0.028498058373141375,59.878113425925925,4.823863757323786
817969,1,1,0.0,1.0,,0.0,0.0
818222,2,2,0.0,0.5,,1.4157638888888888,1.0
818599,1,1,0.0,1.0,,0.0,0.0
818707,1,1,0.0,1.0,,0.0,0.0
8192,172,129,0.25,0.046511627906976744,0.19861411557834635,452.76108796296296,6.77429402512409
81939,2,2,0.0,0.5,,2.410162037037037,1.0
82096,82,66,0.1951219512195122,0.04878048780487805,0.11262683116649114,452.2379976851852,5.9060940776832815
821070,6,6,0.0,0.16666666666666666,0.32024755488807743,197.82466435185185,2.584962500721156
821182,2,2,0.0,0.5,,3.1942013888888887,1.0
821253,2,2,0.0,0.5,,6.169965277777778,1.0
821293,1,1,0.0,1.0,,0.0,0.0
821297,23,19,0.17391304347826086,0.17391304347826086,0.43116037624652137,278.9010648148148,4.088779347361361
821387,1,1,0.0,1.0,,0.0,0.0
821711,2,2,0.0,0.5,,149.58625,1.0
821730,6,5,0.16666666666666666,0.3333333333333333,0.1335385403051571,1.5175578703703703,2.2516291673878226
82196,20,16,0.2,0.2,0.19142972949581763,14.997326388888888,3.8219280948873626
82202,31,22,0.2903225806451613,0.16129032258064516,0.266733406472725,376.5656134259259,4.232759924044931
8225,1,1,0.0,1.0,,0.0,0.0
822511,8,8,0.0,0.125,-0.0031439882474314598,1.9323842592592593,3.0
822927,3,3,0.0,0.3333333333333333,-0.17385558290519218,0.8224189814814815,1.584962500721156
8230,4,3,0.25,0.5,0.13290522629187804,2.8574537037037038,1.5
82307,240,56,0.7666666666666667,0.125,0.8457109058751024,409.0095023148148,4.818352477737985
82324,7,7,0.0,0.14285714285714285,0.021966221758096673,0.8983333333333333,2.807354922057604
824117,3,3,0.0,0.3333333333333333,-0.14826058018538668,0.8186805555555555,1.584962500721156
824595,16,12,0.25,0.1875,0.41789726101561725,314.49418981481483,3.452819531114783
824674,5,5,0.0,0.2,-0.061968299254121874,3.856388888888889,2.321928094887362
82531,2,2,0.0,0.5,,0.039699074074074074,1.0
825501,70,43,0.38571428571428573,0.07142857142857142,0.18520887991306337,335.7241898148148,5.202227974236665
82551,5,5,0.0,0.2,-0.27861020148725874,4.053287037037037,2.321928094887362
82571,725,145,0.8,0.19034482758620688,0.5242196627672234,419.3614236111111,5.210319474727548
825775,100,56,0.44,0.2,0.2735089606710964,56.32219907407407,5.152180011265246
825875,62,59,0.04838709677419355,0.03225806451612903,0.03249740285467089,393.8972337962963,5.857422116838485
827018,2,2,0.0,0.5,,0.029594907407407407,1.0
827492,4,3,0.25,0.5,0.07253364423819218,0.8835879629629629,1.5
827495,2,2,0.0,0.5,,1.0426273148148149,1.0
827874,1,1,0.0,1.0,,0.0,0.0
828705,13,12,0.07692307692307693,0.15384615384615385,0.24593393136633884,398.98298611111113,3.5465935642949384
82875,3,3,0.0,0.3333333333333333,-0.5496078431372549,0.0914699074074074,1.584962500721156
829938,21,16,0.23809523809523808,0.14285714285714285,0.3876291213278528,35.15636574074074,3.8801799226757376
83015,56,43,0.23214285714285715,0.07142857142857142,0.13072332347192694,373.8104050925926,5.26691452015599
830183,6,6,0.0,0.16666666666666666,0.08328883196263105,7.814386574074074,2.584962500721156
83034,3,3,0.0,0.3333333333333333,-0.07676893850677909,0.9578009259259259,1.584962500721156
83066,21,21,0.0,0.047619047619047616,0.0439687533744494,4.874907407407408,4.392317422778761
83121,1,1,0.0,1.0,,0.0,0.0
83194,1,1,0.0,1.0,,0.0,0.0
832026,1,1,0.0,1.0,,0.0,0.0
832649,8,7,0.125,0.25,0.054420370052234296,13.462523148148149,2.75
83297,5,4,0.2,0.4,-0.04347834757705228,252.5034837962963,1.9219280948873623
83318,45,35,0.2222222222222222,0.1111111111111111,0.3589497629983146,333.2559837962963,4.905974696849667
833458,1,1,0.0,1.0,,0.0,0.0
833482,15,15,0.0,0.06666666666666667,0.38209066948794523,137.1985300925926,3.906890595608518
833917,2,1,0.5,1.0,,0.6226851851851852,-0.0
834591,2,2,0.0,0.5,,7.212152777777778,1.0
83479,138,90,0.34782608695652173,0.043478260869565216,0.6202029411765132,396.06721064814815,6.196766196756419
83510,8,7,0.125,0.25,0.13206805626288864,1.1521643518518518,2.75
835431,2,2,0.0,0.5,,9.775289351851852,1.0
835559,7,6,0.14285714285714285,0.2857142857142857,-0.185424815840472,4.5110879629629625,2.5216406363433186
835584,4,4,0.0,0.25,-0.40931740293772195,5.697152777777778,2.0
83589,1,1,0.0,1.0,,0.0,0.0
836561,4,3,0.25,0.5,0.16878346741589864,0.8758101851851852,1.5
837158,2,1,0.5,1.0,,66.07453703703703,-0.0
837177,2,2,0.0,0.5,,0.5941666666666666,1.0
837302,74,34,0.5405405405405406,0.24324324324324326,0.34084827010428936,415.09763888888887,4.363934108462889
837592,5,2,0.6,0.8,-0.1296588883022201,21.46903935185185,0.7219280948873623
837626,5,5,0.0,0.2,0.004341190974597499,3.2888194444444445,2.321928094887362
837791,1,1,0.0,1.0,,0.0,0.0
839137,1,1,0.0,1.0,,0.0,0.0
839226,14,14,0.0,0.07142857142857142,0.003401980394411434,5.0417708333333335,3.8073549220576055
839611,2,2,0.0,0.5,,0.2967592592592593,1.0
83981,9,8,0.1111111111111111,0.2222222222222222,-0.04634248188854499,7.038900462962963,2.94770277922009
84000,79,65,0.17721518987341772,0.0759493670886076,0.7571876520448411,362.829837962963,5.844734387335453
840013,9,9,0.0,0.1111111111111111,0.04786109901334343,12.238356481481482,3.169925001442312
840315,1,1,0.0,1.0,,0.0,0.0
840390,2,2,0.0,0.5,,0.8657754629629629,1.0
840409,44,21,0.5227272727272727,0.3409090909090909,0.11889639352345859,117.9574074074074,3.6669765858959753
84044,56,40,0.2857142857142857,0.125,0.4147643345713957,340.14496527777777,5.050098279976057
84046,8,6,0.25,0.25,0.1371828059724821,4.666087962962963,2.5
84092,1,1,0.0,1.0,,0.0,0.0
841139,7,6,0.14285714285714285,0.2857142857142857,0.2590088081897938,213.88925925925926,2.5216406363433186
841545,5,5,0.0,0.2,-0.12315415645075918,26.15515046296296,2.321928094887362
841850,2,2,0.0,0.5,,0.001851851851851852,1.0
842195,4,4,0.0,0.25,0.17024482429136953,23.0353125,2.0
84255,148,89,0.39864864864864863,0.06756756756756757,0.25220229642376796,376.8376736111111,6.031399548764205
842735,1,1,0.0,1.0,,0.0,0.0
843,3,3,0.0,0.3333333333333333,-0.7626915487964167,191.79069444444445,1.584962500721156
84385,5,5,0.0,0.2,-0.24139649200137045,4.019282407407408,2.321928094887362
84417,12,9,0.25,0.25,0.5062767530977215,180.2,3.0220552088742
844193,4,4,0.0,0.25,0.14268867678674627,8.80292824074074,2.0
844704,1,1,0.0,1.0,,0.0,0.0
844938,3,3,0.0,0.3333333333333333,-0.06374541849699415,1.353726851851852,1.584962500721156
844987,5,5,0.0,0.2,0.23138068766698053,6.113715277777778,2.321928094887362
84552,11,10,0.09090909090909091,0.18181818181818182,-0.14764324173542137,4.833148148148148,3.2776134368191157
8462,24,20,0.16666666666666666,0.08333333333333333,0.4013013550986897,350.4208101851852,4.251629167387822
84639,58,42,0.27586206896551724,0.08620689655172414,0.224620915076062,427.59421296296296,5.18178649600906
84713,1,1,0.0,1.0,,0.0,0.0
847405,66,65,0.015151515151515152,0.030303030303030304,0.6915008626001716,300.755,6.014091089055422
847641,6,6,0.0,0.16666666666666666,-0.039702017632591624,4.119317129629629,2.584962500721156
8479,112,44,0.6071428571428571,0.25892857142857145,0.12337495939636434,444.92275462962965,4.467065024259
848554,8,7,0.125,0.25,0.22557611496851693,248.58407407407407,2.75
84870,4,3,0.25,0.5,-0.23816446434378521,0.1426851851851852,1.5
849228,73,41,0.4383561643835616,0.1780821917808219,0.20640958919521513,422.6259259259259,4.837291588757758
849293,2,2,0.0,0.5,,15.390717592592592,1.0
849407,49,17,0.6530612244897959,0.5510204081632653,-0.06908280783713862,76.7702662037037,2.718960097936829
849479,49,21,0.5714285714285714,0.14285714285714285,0.02552473971969362,185.8560300925926,4.006286498949221
84954,3,3,0.0,0.3333333333333333,-0.016854194149142503,0.7583449074074075,1.584962500721156
849706,162,23,0.8580246913580247,0.38271604938271603,0.5253056960076545,426.9303472222222,3.014851409473856
849974,5,4,0.2,0.4,-0.1249274685981853,3.6682060185185184,1.9219280948873623
850001,2,1,0.5,1.0,,4.9402083333333335,-0.0
850017,1,1,0.0,1.0,,0.0,0.0
850350,235,136,0.42127659574468085,0.05106382978723404,0.5264210440819816,443.15069444444447,6.681898619868176
85128,4,4,0.0,0.25,0.021513113001962323,0.9133101851851851,2.0
851513,3,3,0.0,0.3333333333333333,-0.7642309136756265,3.8059606481481483,1.584962500721156
851564,1,1,0.0,1.0,,0.0,0.0
851668,1,1,0.0,1.0,,0.0,0.0
851779,3,3,0.0,0.3333333333333333,-0.0004913483882889006,90.42777777777778,1.584962500721156
852042,3,2,0.3333333333333333,0.6666666666666666,-0.22456495346013763,1.0506597222222223,0.9182958340544896
852074,1,1,0.0,1.0,,0.0,0.0
852189,1,1,0.0,1.0,,0.0,0.0
852297,1,1,0.0,1.0,,0.0,0.0
852482,296,117,0.6047297297297297,0.16216216216216217,0.46435711665904034,446.7034259259259,5.662893575162548
853444,210,79,0.6238095238095238,0.14285714285714285,0.23142758599600008,425.89332175925927,5.132095099834321
853495,93,81,0.12903225806451613,0.03225806451612903,0.21595651681109312,423.58540509259257,6.256743085231792
85411,1,1,0.0,1.0,,0.0,0.0
8550,73,40,0.4520547945205479,0.2465753424657534,0.3740001562407989,395.0315277777778,4.476156750068108
855644,15,13,0.13333333333333333,0.13333333333333333,0.32008733533760353,33.78650462962963,3.6402239289418516
855808,3,3,0.0,0.3333333333333333,-0.012591168039478932,0.9689583333333334,1.584962500721156
85585,10,10,0.0,0.1,0.47131959505175197,327.44533564814816,3.321928094887362
856019,8,8,0.0,0.125,0.0674320003106716,2.2657291666666666,3.0
856333,27,27,0.0,0.037037037037037035,0.6543918529192875,0.6379050925925925,4.754887502163469
856422,3,3,0.0,0.3333333333333333,-0.3079791642003078,0.2557523148148148,1.584962500721156
856921,1,1,0.0,1.0,,0.0,0.0
85722,1,1,0.0,1.0,,0.0,0.0
85730,1,1,0.0,1.0,,0.0,0.0
857331,261,138,0.47126436781609193,0.12260536398467432,0.2796271161642164,429.75049768518517,6.22486016527878
85758,60,53,0.11666666666666667,0.06666666666666667,0.30001200769770103,444.96708333333333,5.606890595608518
857680,1,1,0.0,1.0,,0.0,0.0
858031,67,61,0.08955223880597014,0.04477611940298507,0.4803722559494677,303.9436226851852,5.875717735201601
85812,4,2,0.5,0.75,-0.6342010666838296,3.040601851851852,0.8112781244591328
859374,1,1,0.0,1.0,,0.0,0.0
85951,18,18,0.0,0.05555555555555555,0.4445949467525339,222.56173611111112,4.169925001442312
860307,7,4,0.42857142857142855,0.42857142857142855,0.09869311471330067,0.5022569444444445,1.8423709931771088
860341,70,33,0.5285714285714286,0.4714285714285714,0.5806001325540016,380.605775462963,3.597570253502217
861007,2,1,0.5,1.0,,0.16670138888888889,-0.0
861064,82,30,0.6341463414634146,0.2073170731707317,0.28222808288919066,289.9392013888889,4.149143576229051
862356,2,2,0.0,0.5,,0.22572916666666668,1.0
862628,7,7,0.0,0.14285714285714285,0.037634463184559444,284.0425925925926,2.807354922057604
862706,1,1,0.0,1.0,,0.0,0.0
862753,12,11,0.08333333333333333,0.16666666666666666,0.4876236132453227,374.4611574074074,3.4182958340544896
862962,11,7,0.36363636363636365,0.2727272727272727,0.16975054401758438,25.552592592592593,2.663532754804255
86299,7,6,0.14285714285714285,0.2857142857142857,0.3576586896609898,42.960648148148145,2.5216406363433186
863213,72,40,0.4444444444444444,0.1388888888888889,0.4481480840149246,102.40108796296296,4.7964975315217515
863280,18,13,0.2777777777777778,0.2777777777777778,0.07358595165156014,5.491157407407408,3.4138338639736006
863590,1,1,0.0,1.0,,0.0,0.0
8637,20,18,0.1,0.1,0.4247565834508239,367.6298032407407,4.1219280948873624
864075,36,21,0.4166666666666667,0.1388888888888889,0.19837983916688265,301.24659722222225,4.080500530640267
864207,661,312,0.5279878971255674,0.06202723146747353,0.46312228775411207,443.6733564814815,7.448550284715262
864290,404,128,0.6831683168316832,0.1806930693069307,0.7598001724141028,438.03935185185185,5.90515865954959
86445,200,127,0.365,0.055,0.43959766375990106,444.6253009259259,6.605972233386313
864768,8,8,0.0,0.125,0.17218034763595153,0.9571180555555555,3.0
86549,2,2,0.0,0.5,,0.5889699074074074,1.0
865737,1,1,0.0,1.0,,0.0,0.0
86575,15,13,0.13333333333333333,0.13333333333333333,0.4921692802516825,105.80116898148148,3.6402239289418516
865979,4,4,0.0,0.25,-0.11202047130830237,0.538125,2.0
86614,33,29,0.12121212121212122,0.06060606060606061,0.6486820164556133,380.1726736111111,4.801969876934213
866642,2,2,0.0,0.5,,0.23770833333333333,1.0
867359,168,48,0.7142857142857143,0.20238095238095238,0.3979794362525359,127.25519675925926,4.549972724462878
867599,23,17,0.2608695652173913,0.21739130434782608,0.20158812513091884,372.1730439814815,3.812060739683088
867776,172,40,0.7674418604651163,0.25,0.5004515186305577,425.010625,4.049011507516088
868044,84,68,0.19047619047619047,0.10714285714285714,0.35436895053303313,247.80001157407406,5.8383968869099405
868235,23,17,0.2608695652173913,0.21739130434782608,0.5224503634552291,24.053252314814817,3.8448819354293255
8684,4,4,0.0,0.25,0.12611283785337815,31.98758101851852,2.0
86844,9,9,0.0,0.1111111111111111,0.09753412876720206,13.396446759259259,3.169925001442312
868447,1,1,0.0,1.0,,0.0,0.0
868614,319,163,0.4890282131661442,0.14733542319749215,0.33683466962066083,445.5989351851852,6.561086218116056
868792,1,1,0.0,1.0,,0.0,0.0
868883,4,4,0.0,0.25,-0.2614429413225816,1.7593287037037038,2.0
86894,10,9,0.1,0.2,0.3099595344951422,4.238402777777778,3.121928094887362
869216,7,7,0.0,0.14285714285714285,0.11760595697588312,12.09855324074074,2.807354922057604
869342,10,9,0.1,0.2,0.023824967011749035,1.6137847222222221,3.121928094887362
869768,9,9,0.0,0.1111111111111111,-0.0840201034575257,5.653009259259259,3.169925001442312
870071,4,4,0.0,0.25,-0.07687985524953786,342.0146412037037,2.0
870385,6,5,0.16666666666666666,0.3333333333333333,0.11686280040645897,1.0783449074074074,2.2516291673878226
871062,1,1,0.0,1.0,,0.0,0.0
871256,5,5,0.0,0.2,-0.3405950664404786,9.09125,2.321928094887362
871922,3,1,0.6666666666666666,1.0,-0.28520051162440746,2.9655555555555555,-0.0
872180,12,11,0.08333333333333333,0.16666666666666666,0.463595582506209,187.62885416666666,3.4182958340544896
872702,59,21,0.6440677966101694,0.5254237288135594,0.434076284542814,409.96482638888887,2.902223589557035
872753,79,46,0.4177215189873418,0.1518987341772152,0.17643486958066973,419.7004861111111,5.0880959378314365
873864,2,2,0.0,0.5,,0.3005555555555556,1.0
874109,5,5,0.0,0.2,-0.006839444124833551,5.752557870370371,2.321928094887362
874183,8,8,0.0,0.125,0.11526903797528705,6.117349537037037,3.0
874548,11,7,0.36363636363636365,0.45454545454545453,0.37450791267071815,212.91037037037037,2.4040097573248604
874591,4,4,0.0,0.25,-0.4040667906017456,1.0869097222222222,2.0
874720,4,4,0.0,0.25,-0.05463220604464444,1.8002777777777779,2.0
874737,1,1,0.0,1.0,,0.0,0.0
87515,13,10,0.23076923076923078,0.23076923076923078,0.44534573549735884,189.1436226851852,3.180832987205441
87544,23,20,0.13043478260869565,0.08695652173913043,0.20008484148131864,2.3993055555555554,4.2626923908396215
875653,8,7,0.125,0.25,0.3349900113905902,87.75384259259259,2.75
87592,125,81,0.352,0.048,0.583684245544165,429.415,6.067873637001868
876567,1,1,0.0,1.0,,0.0,0.0
877325,10,10,0.0,0.1,0.052157516910926384,5.765543981481481,3.321928094887362
877474,9,9,0.0,0.1111111111111111,0.2552985292742793,128.8397800925926,3.169925001442312
877705,1,1,0.0,1.0,,0.0,0.0
877726,6,4,0.3333333333333333,0.3333333333333333,0.06161829758965184,6.837696759259259,1.9182958340544893
877727,5,5,0.0,0.2,0.2540093837210248,4.079745370370371,2.321928094887362
879198,1,1,0.0,1.0,,0.0,0.0
87965,1,1,0.0,1.0,,0.0,0.0
879703,72,61,0.1527777777777778,0.09722222222222222,0.2298956734679463,285.03641203703705,5.758098828464491
879915,3,3,0.0,0.3333333333333333,-0.33846425708894234,2.4546412037037038,1.584962500721156
879944,204,151,0.25980392156862747,0.04411764705882353,0.3474069353316608,376.97225694444444,6.96937054784129
880112,1,1,0.0,1.0,,0.0,0.0
880155,10,10,0.0,0.1,0.2290539878977346,34.78388888888889,3.321928094887362
88084,34,26,0.23529411764705882,0.20588235294117646,0.4729287332322272,404.29265046296297,4.391830945532597
881,82,48,0.4146341463414634,0.2804878048780488,0.030145945413077673,435.11457175925926,4.709242974519608
881846,3,3,0.0,0.3333333333333333,-0.531407106676026,1.8685648148148148,1.584962500721156
881871,2,2,0.0,0.5,,7.276261574074074,1.0
88217,28,25,0.10714285714285714,0.10714285714285714,0.4954853171518598,175.2176736111111,4.5661089398374815
88259,3,3,0.0,0.3333333333333333,-0.009108308554632766,0.6834606481481481,1.584962500721156
88261,1,1,0.0,1.0,,0.0,0.0
882613,6,6,0.0,0.16666666666666666,-0.07840455146821824,2.4431481481481483,2.584962500721156
88276,67,33,0.5074626865671642,0.373134328358209,0.2818727103561747,449.099375,3.9897316568305783
882932,129,61,0.5271317829457365,0.09302325581395349,0.5670435231694356,154.1436226851852,5.416623744260027
882995,55,39,0.2909090909090909,0.09090909090909091,0.5431530107336874,108.1823263888889,5.120186477586471
883,51,32,0.37254901960784315,0.1568627450980392,0.2103853378930039,431.96722222222223,4.638015783105544
88333,5,5,0.0,0.2,-0.04112392558323509,1.1443287037037038,2.321928094887362
883670,181,43,0.7624309392265194,0.5138121546961326,0.27709460627307697,305.04288194444445,3.277978689584401
884089,1,1,0.0,1.0,,0.0,0.0
88441,64,50,0.21875,0.078125,0.4707690406305969,436.7246759259259,5.443599367586925
88522,9,9,0.0,0.1111111111111111,0.27317504456761743,53.306099537037035,3.169925001442312
885486,353,106,0.6997167138810199,0.31444759206798867,0.6682922573310618,435.00724537037036,4.857752660394807
88562,400,199,0.5025,0.07,0.26284439834023005,453.00166666666667,6.881789768539496
885652,81,54,0.3333333333333333,0.1111111111111111,0.31737219767731223,287.0046875,5.413200002564109
88608,84,35,0.5833333333333334,0.3333333333333333,0.3267550169595606,396.99326388888886,4.06225369305999
886094,20,19,0.05,0.1,0.1365824639254151,9.009791666666667,4.221928094887363
887570,3,3,0.0,0.3333333333333333,-0.00018736217370428633,79.45599537037037,1.584962500721156
888402,84,57,0.32142857142857145,0.13095238095238096,0.5208240783816327,443.87805555555553,5.483764919070419
888630,5,4,0.2,0.4,0.027282180704162946,25.86983796296296,1.9219280948873623
889372,115,50,0.5652173913043478,0.22608695652173913,0.27383591079372466,254.7398263888889,4.53923236538013
88940,1,1,0.0,1.0,,0.0,0.0
890158,1,1,0.0,1.0,,0.0,0.0
890500,1,1,0.0,1.0,,0.0,0.0
891261,3,3,0.0,0.3333333333333333,-0.358162753563873,2.7269675925925925,1.584962500721156
89131,4,4,0.0,0.25,0.1206271931142213,2.2174768518518517,2.0
891812,2,2,0.0,0.5,,0.3957407407407407,1.0
892183,73,50,0.3150684931506849,0.1780821917808219,0.5108104598898278,297.79065972222224,5.0578376910880305
892325,87,47,0.45977011494252873,0.12643678160919541,0.42689327916781106,358.0692939814815,4.929387165843547
894191,87,52,0.40229885057471265,0.12643678160919541,0.34478027496373703,392.579375,5.201243308997608
894278,7,7,0.0,0.14285714285714285,0.28582771524134787,363.5915277777778,2.807354922057604
894432,6,6,0.0,0.16666666666666666,-0.1146488308137717,8.40119212962963,2.584962500721156
894507,2,2,0.0,0.5,,40.76090277777778,1.0
894817,6,4,0.3333333333333333,0.3333333333333333,0.33092106246335085,323.0282638888889,1.9182958340544893
895534,7,7,0.0,0.14285714285714285,0.22624747017085808,4.0167013888888885,2.807354922057604
895938,3,2,0.3333333333333333,0.6666666666666666,-0.5284021313081824,2.3107175925925927,0.9182958340544896
8961,1,1,0.0,1.0,,0.0,0.0
89611,1,1,0.0,1.0,,0.0,0.0
896530,7,7,0.0,0.14285714285714285,0.06258364945396795,4.930138888888889,2.807354922057604
8975,94,47,0.5,0.19148936170212766,0.5316535905195423,230.07047453703703,4.798229808664131
89773,2,2,0.0,0.5,,0.45216435185185183,1.0
89786,6,6,0.0,0.16666666666666666,0.3276387045025842,59.122256944444445,2.584962500721156
89839,73,55,0.2465753424657534,0.0958904109589041,0.1515425534779832,445.53096064814815,5.543779908760429
8992,61,44,0.2786885245901639,0.13114754098360656,0.1263068751629998,400.3191898148148,5.1378762231923885
8998,4,4,0.0,0.25,-0.7505922615635876,2.66712962962963,2.0
89984,5,4,0.2,0.4,0.21814768949976018,8.03949074074074,1.9219280948873623
899992,29,28,0.034482758620689655,0.06896551724137931,0.4674845411598305,213.06274305555556,4.789015477886191
90001,4,3,0.25,0.5,0.00024166539458528178,0.155625,1.5
900383,3,3,0.0,0.3333333333333333,-0.18012155442323044,0.8899537037037037,1.584962500721156
90065,2,2,0.0,0.5,,0.12254629629629629,1.0
900664,15,9,0.4,0.26666666666666666,0.124208557137337,3.7230208333333334,2.9232314287976204
901453,1,1,0.0,1.0,,0.0,0.0
901778,4,2,0.5,0.75,0.11560652225544873,7.1215625,0.8112781244591328
90233,103,54,0.47572815533980584,0.07766990291262135,0.20431569237389252,434.72648148148147,5.386594552310107
90276,3,3,0.0,0.3333333333333333,-0.19229580387655154,27.144131944444446,1.584962500721156
902871,8,8,0.0,0.125,-0.010686318749244576,9.316053240740741,3.0
90319,288,93,0.6770833333333334,0.2222222222222222,0.3706762412730043,448.59797453703703,5.170746559467036
903435,2,2,0.0,0.5,,0.18385416666666668,1.0
90371,20,16,0.2,0.1,0.47659569930675943,422.3776041666667,3.9219280948873627
903957,1,1,0.0,1.0,,0.0,0.0
903960,16,16,0.0,0.0625,0.13079670533903465,5.848981481481482,4.0
904042,47,39,0.1702127659574468,0.0851063829787234,0.03617724950077886,429.4140162037037,5.171610128273385
90456,58,45,0.22413793103448276,0.08620689655172414,0.613036932113613,433.26153935185187,5.334454650703427
90484,87,59,0.3218390804597701,0.09195402298850575,0.257821009102951,447.10195601851854,5.468565335697383
904853,2,1,0.5,1.0,,5.983981481481481,-0.0
904921,49,33,0.32653061224489793,0.14285714285714285,0.3768260198630733,411.75684027777777,4.716423876135545
905594,1,1,0.0,1.0,,0.0,0.0
906159,2,2,0.0,0.5,,2.315659722222222,1.0
906221,1,1,0.0,1.0,,0.0,0.0
90639,411,146,0.6447688564476886,0.15328467153284672,0.4313138349010621,452.7771064814815,5.858530302781417
90646,67,40,0.40298507462686567,0.1044776119402985,0.2620070196284907,57.3918287037037,4.991223333278616
907398,2,2,0.0,0.5,,0.7306365740740741,1.0
90774,3,3,0.0,0.3333333333333333,-0.13804046013486707,0.1660300925925926,1.584962500721156
907963,4,4,0.0,0.25,-0.2536412061463152,13.356087962962963,2.0
908341,2,2,0.0,0.5,,2.052280092592593,1.0
908860,1,1,0.0,1.0,,0.0,0.0
909009,125,49,0.608,0.184,0.18544327120196985,438.38596064814817,4.698120061969508
91005,5,5,0.0,0.2,0.19560832193579158,12.124155092592593,2.321928094887362
910266,9,9,0.0,0.1111111111111111,-0.2905718555712639,5.486296296296296,3.169925001442312
91160,4,3,0.25,0.5,0.17150327709451557,7.021608796296296,1.5
911849,182,105,0.4230769230769231,0.13736263736263737,0.36615719244198786,426.6987384259259,6.042983516444561
912531,1,1,0.0,1.0,,0.0,0.0
91268,135,79,0.4148148148148148,0.0962962962962963,0.4773981553244567,413.1553587962963,5.798968602015706
91310,1,1,0.0,1.0,,0.0,0.0
913185,533,146,0.726078799249531,0.12382739212007504,0.713041912835587,342.27979166666665,5.917537014521786
913269,4,4,0.0,0.25,-0.19572029601453655,2.0217824074074073,2.0
913553,3,3,0.0,0.3333333333333333,-0.2242286379611462,1.3143171296296297,1.584962500721156
91368,4,4,0.0,0.25,-0.5680831883510153,0.08858796296296297,2.0
913893,13,12,0.07692307692307693,0.15384615384615385,0.5363291372167981,42.445,3.5465935642949384
913937,111,61,0.45045045045045046,0.06306306306306306,0.422562206992623,319.6916550925926,5.566517781949231
914012,106,63,0.4056603773584906,0.1509433962264151,0.157734994637529,316.2200462962963,5.345568331799226
914480,9,7,0.2222222222222222,0.3333333333333333,0.13831213579007262,1.8795717592592593,2.6416041678685933
914903,2,2,0.0,0.5,,0.6654861111111111,1.0
915182,18,16,0.1111111111111111,0.1111111111111111,0.13785155244974268,8.026701388888888,3.94770277922009
915418,10,7,0.3,0.2,0.3396687258307212,19.3359375,2.721928094887362
915836,4,2,0.5,0.5,-0.20467730496592088,2.9825810185185184,1.0
915904,80,61,0.2375,0.05,0.49988021108232744,382.08949074074076,5.76249200111032
916035,3,3,0.0,0.3333333333333333,-0.0006672993658800171,308.95814814814815,1.584962500721156
916459,1,1,0.0,1.0,,0.0,0.0
917158,6,6,0.0,0.16666666666666666,0.24602881622669456,1.0500810185185185,2.584962500721156
9172,81,46,0.43209876543209874,0.09876543209876543,0.46327347593490403,381.32868055555554,5.135827935781778
917375,12,10,0.16666666666666666,0.25,-0.11241792204039995,7.839409722222222,3.188721875540867
917383,2,1,0.5,1.0,,0.1437152777777778,-0.0
91773,2,2,0.0,0.5,,1.908587962962963,1.0
917979,10,8,0.2,0.2,-0.09484977394674027,3.902997685185185,2.9219280948873623
918021,4,4,0.0,0.25,0.14197933256855624,0.05686342592592593,2.0
9182,10,10,0.0,0.1,-0.034915395771005955,9.140115740740741,3.321928094887362
91821,95,34,0.6421052631578947,0.21052631578947367,0.37095201048352155,343.3627199074074,4.098101065819557
918513,5,4,0.2,0.4,-0.09075586268801612,2.3520833333333333,1.9219280948873623
918870,1,1,0.0,1.0,,0.0,0.0
919035,21,20,0.047619047619047616,0.09523809523809523,0.550928588004855,248.1155439814815,4.297079327540666
919195,1,1,0.0,1.0,,0.0,0.0
919503,7,6,0.14285714285714285,0.2857142857142857,-0.06882290701282047,2.908611111111111,2.5216406363433186
919939,15,8,0.4666666666666667,0.26666666666666666,0.3101833062475006,385.92668981481484,2.7068905956085185
920218,6,6,0.0,0.16666666666666666,-0.2677634551018928,12.9325,2.584962500721156
920341,8,7,0.125,0.25,0.05474466974386062,3.9859953703703703,2.75
92060,238,60,0.7478991596638656,0.4957983193277311,0.23157958780811588,445.78462962962965,3.467385088789971
92107,113,85,0.24778761061946902,0.061946902654867256,0.269937909098267,451.8105208333333,6.204906507235274
921130,95,53,0.4421052631578947,0.24210526315789474,0.4846271281345581,386.06974537037036,4.929683371487489
921348,50,31,0.38,0.26,0.047699145096845225,114.04508101851852,4.361741863058041
92177,10,9,0.1,0.2,-0.043444591320164636,2.2285185185185186,3.121928094887362
921965,2,2,0.0,0.5,,0.06858796296296296,1.0
922014,3,3,0.0,0.3333333333333333,-0.11737872548869532,0.844849537037037,1.584962500721156
922194,2,1,0.5,1.0,,0.4041666666666667,-0.0
922288,33,26,0.21212121212121213,0.15151515151515152,0.6416344538931179,22.26503472222222,4.510768650436127
922571,2,2,0.0,0.5,,0.04605324074074074,1.0
923282,91,37,0.5934065934065934,0.2967032967032967,0.1930089599664989,134.85293981481482,4.324051134857478
923747,15,12,0.2,0.13333333333333333,0.13301522086063286,28.95707175925926,3.5068905956085183
923961,9,7,0.2222222222222222,0.3333333333333333,-0.029866852208593846,1.973148148148148,2.6416041678685933
924676,5,5,0.0,0.2,0.1739803965408238,1.1870601851851852,2.321928094887362
9271,6,5,0.16666666666666666,0.3333333333333333,0.24860232191009196,363.24275462962964,2.2516291673878226
92741,13,12,0.07692307692307693,0.15384615384615385,0.0811462048768371,3.9149652777777777,3.5465935642949384
928048,22,18,0.18181818181818182,0.09090909090909091,0.32488977028004623,255.58863425925927,4.095795255000933
928340,18,13,0.2777777777777778,0.16666666666666666,0.22541166012210717,235.0525,3.5724312513221195
928462,98,65,0.336734693877551,0.1326530612244898,0.4344040029766456,158.2389814814815,5.587821667086485
928793,2,2,0.0,0.5,,3.2876041666666667,1.0
928860,12,9,0.25,0.25,0.24180627955382114,16.296423611111113,3.0220552088742
929204,7,7,0.0,0.14285714285714285,-0.013778822392043656,8.157974537037036,2.807354922057604
929621,11,8,0.2727272727272727,0.18181818181818182,0.3531064164752708,193.68322916666668,2.913977073182752
930060,3,3,0.0,0.3333333333333333,-0.8840213990108005,0.2160300925925926,1.584962500721156
9301,2,2,0.0,0.5,,0.15246527777777777,1.0
930931,76,55,0.27631578947368424,0.06578947368421052,0.18668475652564598,442.1379166666667,5.6180024742208605
930976,18,15,0.16666666666666666,0.2222222222222222,-0.028283434381590953,38.94762731481482,3.7254805569978675
93168,10,8,0.2,0.2,0.4513085374186364,114.72637731481481,2.9219280948873623
932215,3,3,0.0,0.3333333333333333,-0.014353333787373164,4.137152777777778,1.584962500721156
93244,12,11,0.08333333333333333,0.16666666666666666,-0.1308397167256598,9.786400462962963,3.4182958340544896
932974,3,3,0.0,0.3333333333333333,-0.45567298725520666,4.878020833333333,1.584962500721156
933208,126,53,0.5793650793650794,0.2857142857142857,0.2466040457985685,107.68548611111112,4.624122459535417
933983,2,2,0.0,0.5,,1.4991550925925925,1.0
934133,1,1,0.0,1.0,,0.0,0.0
934147,134,81,0.39552238805970147,0.11194029850746269,0.2410223777251148,431.19766203703705,5.798636561248778
934756,36,30,0.16666666666666666,0.1388888888888889,0.6476306813334372,17.58295138888889,4.7363238771524
93483,149,41,0.7248322147651006,0.20134228187919462,0.3380385525466057,429.42538194444444,4.484049821562152
93682,69,28,0.5942028985507246,0.2463768115942029,0.3748583979267491,413.74515046296295,3.995110475200007
938193,2,2,0.0,0.5,,0.41399305555555554,1.0
938939,363,133,0.6336088154269972,0.2727272727272727,0.424356390370921,293.5727777777778,5.424985089646276
93913,2,2,0.0,0.5,,0.4129050925925926,1.0
939326,129,76,0.4108527131782946,0.11627906976744186,0.31042653418142574,19.08005787037037,5.721173794475554
940388,3,3,0.0,0.3333333333333333,-0.143151896612726,3.5525694444444444,1.584962500721156
940996,20,14,0.3,0.3,0.049100519497883646,405.84140046296295,3.446439344671015
941264,54,48,0.1111111111111111,0.09259259259259259,0.09142025754121048,407.28678240740743,5.4658200859701935
941349,45,28,0.37777777777777777,0.17777777777777778,0.14679473860332257,390.7513773148148,4.463749485074332
941618,9,6,0.3333333333333333,0.4444444444444444,0.3051575918048174,85.55710648148148,2.2810361125534233
941710,1,1,0.0,1.0,,0.0,0.0
942156,6,6,0.0,0.16666666666666666,-0.4496474383392553,3.2830092592592592,2.584962500721156
94230,1,1,0.0,1.0,,0.0,0.0
942608,97,46,0.5257731958762887,0.13402061855670103,0.7353271203744741,438.05768518518516,5.052028137515563
942920,5,2,0.6,0.8,-0.5970967020775874,29.084050925925926,0.7219280948873623
943324,4,4,0.0,0.25,-0.0032751661338225146,0.5154861111111111,2.0
943434,10,8,0.2,0.3,0.05614460730350735,14.180590277777778,2.8464393446710154
944539,83,49,0.40963855421686746,0.13253012048192772,0.3690284684766667,357.0467013888889,5.0936236442528475
944997,210,39,0.8142857142857143,0.5666666666666667,0.3103564300412025,446.7058449074074,2.909757219804561
945014,1,1,0.0,1.0,,0.0,0.0
945200,44,23,0.4772727272727273,0.13636363636363635,0.36335905090522247,372.06766203703705,4.120934959783182
94526,87,66,0.2413793103448276,0.09195402298850575,0.33153897567965135,397.8598263888889,5.734305743499265
945705,55,41,0.2545454545454545,0.07272727272727272,0.2965193812076981,347.9323958333333,5.185816304394414
94571,88,58,0.3409090909090909,0.06818181818181818,0.20639619389997418,446.6945138888889,5.5972236302176706
945760,69,13,0.8115942028985508,0.6811594202898551,0.1846482198660521,197.00880787037036,1.8535244416791863
946282,8,4,0.5,0.625,0.02910931732733796,5.4071643518518515,1.5487949406953985
946576,1,1,0.0,1.0,,0.0,0.0
947240,1,1,0.0,1.0,,0.0,0.0
948251,93,48,0.4838709677419355,0.15053763440860216,0.17016114770616914,218.94658564814816,5.1258046778152995
9490,11,6,0.45454545454545453,0.45454545454545453,0.31712114262327273,163.1649884259259,2.2221915755066783
94901,30,26,0.13333333333333333,0.1,0.39324698346485476,183.4858449074074,4.6150610122030695
949038,144,112,0.2222222222222222,0.041666666666666664,0.4674900740022185,452.1149652777778,6.629824740950527
949140,165,49,0.703030303030303,0.19393939393939394,0.22206944052222793,426.9765162037037,4.561086888398363
949345,4,4,0.0,0.25,-0.3927000140556358,4.287395833333333,2.0
949540,2,2,0.0,0.5,,1.3858564814814816,1.0
949839,24,22,0.08333333333333333,0.08333333333333333,0.3510416862596196,319.9357175925926,4.418295834054489
95127,3,3,0.0,0.3333333333333333,-0.2640801001251564,2.0924768518518517,1.584962500721156
951410,30,18,0.4,0.23333333333333334,0.2190194425975036,40.88865740740741,3.801515280317513
951598,1,1,0.0,1.0,,0.0,0.0
95200,124,51,0.5887096774193549,0.18548387096774194,0.3216171274861223,425.03815972222225,4.689210154483618
95219,68,53,0.22058823529411764,0.04411764705882353,0.2919039497186253,94.41762731481481,5.612982510272541
953192,348,183,0.47413793103448276,0.0603448275862069,0.6225985546915895,431.9176851851852,6.959754660160895
953430,1,1,0.0,1.0,,0.0,0.0
953800,3,3,0.0,0.3333333333333333,-0.9844569545516956,2.5091666666666668,1.584962500721156
953903,1,1,0.0,1.0,,0.0,0.0
953920,1,1,0.0,1.0,,0.0,0.0
95461,4,4,0.0,0.25,0.15834121294529468,3.9819444444444443,2.0
954638,11,10,0.09090909090909091,0.18181818181818182,0.13433573707527055,0.7136226851851852,3.2776134368191157
95467,2,2,0.0,0.5,,0.006724537037037037,1.0
954832,2,2,0.0,0.5,,0.4581365740740741,1.0
954990,1,1,0.0,1.0,,0.0,0.0
955107,5,5,0.0,0.2,-0.08482301066563068,1.1162962962962963,2.321928094887362
95555,6,5,0.16666666666666666,0.3333333333333333,0.2183825554604122,176.00552083333332,2.2516291673878226
955599,5,2,0.6,0.8,-0.47649650246741815,3.3330439814814814,0.7219280948873623
956,247,122,0.5060728744939271,0.10121457489878542,0.23341614749610395,414.11686342592594,6.05935514134773
956088,9,9,0.0,0.1111111111111111,0.4403398548767008,182.45597222222221,3.169925001442312
956786,70,47,0.32857142857142857,0.12857142857142856,0.09808641826267978,247.24730324074073,5.209231188460567
9571,10,9,0.1,0.2,0.19272211818896753,22.38596064814815,3.121928094887362
95722,4,4,0.0,0.25,-0.01645792460611551,0.8470023148148148,2.0
957428,95,30,0.6842105263157895,0.1368421052631579,0.26003138389047664,443.82372685185186,4.202078725461336
957840,1,1,0.0,1.0,,0.0,0.0
95797,9,9,0.0,0.1111111111111111,0.08692737847803196,11.640949074074074,3.169925001442312
958008,8,8,0.0,0.125,0.17561549440061175,1.2686342592592592,3.0
95807,1,1,0.0,1.0,,0.0,0.0
958569,4,3,0.25,0.5,-0.010298790354240219,4.550127314814815,1.5
95864,125,56,0.552,0.12,0.6368670015809997,337.7000347222222,5.049966434738325
95926,14,13,0.07142857142857142,0.14285714285714285,0.1379012325817381,3.9186574074074074,3.6644977792004623
960444,6,6,0.0,0.16666666666666666,0.09732953674886001,187.918125,2.584962500721156
961178,58,46,0.20689655172413793,0.05172413793103448,0.5572591339756601,220.24649305555556,5.3791113828720984
961556,40,23,0.425,0.25,0.6628270169039511,35.05540509259259,4.053701696057348
961562,2,2,0.0,0.5,,34.26185185185185,1.0
96196,59,41,0.3050847457627119,0.22033898305084745,0.4609904153001963,393.6993634259259,4.851107391090695
962397,2,2,0.0,0.5,,369.4880439814815,1.0
963923,68,52,0.23529411764705882,0.10294117647058823,0.5600677038235643,234.53314814814814,5.412225385943082
9641,139,82,0.41007194244604317,0.07194244604316546,0.30456523391613505,425.57479166666667,5.883244134376753
964109,5,5,0.0,0.2,0.16552922341067527,0.8078472222222223,2.321928094887362
96413,19,18,0.05263157894736842,0.10526315789473684,0.5900204367158745,122.88355324074074,4.142664355548848
96447,105,66,0.37142857142857144,0.09523809523809523,0.1035633159576466,431.10515046296297,5.67043769522348
964518,5,4,0.2,0.4,0.1963735135488792,1.7562962962962962,1.9219280948873623
964645,85,57,0.32941176470588235,0.08235294117647059,0.3374267203371971,440.08618055555553,5.539789207186011
965240,7,7,0.0,0.14285714285714285,-0.3917502086359883,0.38189814814814815,2.807354922057604
965480,59,42,0.288135593220339,0.1864406779661017,0.6827074782133794,353.79747685185185,4.987581433986016
965513,70,47,0.32857142857142857,0.15714285714285714,0.17125021606239085,422.7293402777778,5.146302512556772
965529,4,4,0.0,0.25,-0.28208216338037007,0.03980324074074074,2.0
965810,1,1,0.0,1.0,,0.0,0.0
966558,4,4,0.0,0.25,-0.1121852486625645,3.060300925925926,2.0
966688,78,45,0.4230769230769231,0.21794871794871795,0.5069211508651063,192.93184027777778,4.8783313110706334
96737,6,6,0.0,0.16666666666666666,-0.25114830341874395,8.169641203703703,2.584962500721156
967560,1,1,0.0,1.0,,0.0,0.0
968395,66,22,0.6666666666666666,0.30303030303030304,0.3947917298346252,210.39703703703702,3.4685427055244533
96851,5,2,0.6,0.8,-0.29935957834037047,4.414363425925926,0.7219280948873623
96865,13,12,0.07692307692307693,0.15384615384615385,0.1616543860657075,2.9195717592592594,3.5465935642949384
96887,2,2,0.0,0.5,,2.946886574074074,1.0
969748,2,2,0.0,0.5,,1.255775462962963,1.0
970794,8,8,0.0,0.125,0.3935289085106835,363.8065046296296,3.0
971293,1,1,0.0,1.0,,0.0,0.0
971564,75,60,0.2,0.08,0.3863695215011847,363.2615162037037,5.735224690380496
971793,2,2,0.0,0.5,,0.0011805555555555556,1.0
971988,2,2,0.0,0.5,,0.0005555555555555556,1.0
972415,1,1,0.0,1.0,,0.0,0.0
972479,1,1,0.0,1.0,,0.0,0.0
97269,18,18,0.0,0.05555555555555555,0.5207489386248081,263.48935185185184,4.169925001442312
97336,309,89,0.7119741100323624,0.1715210355987055,0.5878235445280481,448.07694444444445,5.2832396857303525
97368,8,7,0.125,0.25,0.16676354054962972,372.2176851851852,2.75
974105,9,6,0.3333333333333333,0.2222222222222222,-0.03934994228661193,8.1384375,2.5032583347756456
974459,1,1,0.0,1.0,,0.0,0.0
974548,4,4,0.0,0.25,-0.14945380616715062,3.294421296296296,2.0
97488,1,1,0.0,1.0,,0.0,0.0
975493,5,3,0.4,0.6,-0.13442482911145656,17.635567129629628,1.3709505944546687
975928,67,63,0.05970149253731343,0.04477611940298507,0.10088668062477596,63.382083333333334,5.9354192277389135
976012,145,101,0.30344827586206896,0.08275862068965517,0.2981113507737654,447.66483796296296,6.271698162623825
976295,66,52,0.21212121212121213,0.07575757575757576,0.274632282365648,163.14107638888888,5.499330961009408
976391,60,18,0.7,0.23333333333333334,0.2801075891856765,371.2778935185185,3.452271639611126
9768,1,1,0.0,1.0,,0.0,0.0
976919,2,2,0.0,0.5,,2.535,1.0
977135,116,103,0.11206896551724138,0.02586206896551724,0.3072606579740759,381.5501967592593,6.620827762331649
977769,7,7,0.0,0.14285714285714285,0.3533971154486568,126.49690972222223,2.807354922057604
97886,1,1,0.0,1.0,,0.0,0.0
978902,1,1,0.0,1.0,,0.0,0.0
97903,13,13,0.0,0.07692307692307693,0.49640074466595674,258.1754050925926,3.7004397181410926
97905,4,4,0.0,0.25,-0.2297311390142417,1.1310648148148148,2.0
97929,3,3,0.0,0.3333333333333333,-0.6501350228500208,0.3677662037037037,1.584962500721156
97980,6,6,0.0,0.16666666666666666,-0.06767582462608189,5.814074074074074,2.584962500721156
979808,2,2,0.0,0.5,,0.41421296296296295,1.0
98024,126,76,0.3968253968253968,0.05555555555555555,0.28836846091174817,248.0310300925926,5.924745230125859
980553,2,1,0.5,1.0,,5.787037037037037e-05,-0.0
980592,4,4,0.0,0.25,-0.1481267136553645,2.980185185185185,2.0
981268,6,5,0.16666666666666666,0.3333333333333333,-0.0721110445632762,2.1467939814814816,2.2516291673878226
981941,1,1,0.0,1.0,,0.0,0.0
98199,4,4,0.0,0.25,-0.16625657141639877,3.974849537037037,2.0
982268,40,23,0.425,0.325,0.21975958448825708,130.6536111111111,3.80041299893742
98227,34,26,0.23529411764705882,0.14705882352941177,0.2804766950573239,7.788576388888889,4.510708709649256
98232,117,68,0.4188034188034188,0.15384615384615385,0.10090407876517818,225.1737962962963,5.5674354203422425
982382,89,43,0.5168539325842697,0.23595505617977527,0.6799036780009343,416.0221875,4.458701933907999
98290,10,10,0.0,0.1,0.13852169178025703,8.133935185185186,3.321928094887362
983846,2,2,0.0,0.5,,0.1784375,1.0
983890,4,4,0.0,0.25,-0.17762573587317104,3.7087962962962964,2.0
984381,3,3,0.0,0.3333333333333333,-0.29481853519094886,1.1219212962962963,1.584962500721156
984395,9,9,0.0,0.1111111111111111,0.4476243554686266,105.28211805555556,3.169925001442312
98520,85,62,0.27058823529411763,0.08235294117647059,0.25317115053354805,415.5957060185185,5.717968583982795
98527,1,1,0.0,1.0,,0.0,0.0
986165,3,3,0.0,0.3333333333333333,-0.0771482142040518,14.72125,1.584962500721156
986219,145,85,0.41379310344827586,0.10344827586206896,0.19211680971062767,419.94097222222223,5.813927561006293
986490,2,2,0.0,0.5,,1.9626736111111112,1.0
98677,95,48,0.49473684210526314,0.12631578947368421,0.19211810413537983,445.2005787037037,5.022141729625698
98689,2,2,0.0,0.5,,1.2301851851851853,1.0
98715,75,38,0.49333333333333335,0.28,0.717379689979794,399.0498263888889,4.295915732741821
98725,32,21,0.34375,0.34375,0.11200187554063686,6.325162037037037,3.748320381093429
987437,1,1,0.0,1.0,,0.0,0.0
987763,2,2,0.0,0.5,,6.057418981481481,1.0
989298,101,28,0.7227722772277227,0.39603960396039606,0.3716933651342834,425.36260416666664,3.6483447572640895
990550,2,2,0.0,0.5,,181.4170486111111,1.0
991340,1,1,0.0,1.0,,0.0,0.0
99136,4,4,0.0,0.25,0.13412266367301132,88.17018518518519,2.0
991656,16,10,0.375,0.25,0.16510305582371493,17.3846875,3.077819531114783
99176,21,21,0.0,0.047619047619047616,0.41975852992539775,370.117974537037,4.392317422778761
992259,2,2,0.0,0.5,,5.1340625,1.0
992327,18,16,0.1111111111111111,0.1111111111111111,0.5877554359900357,353.3730439814815,3.94770277922009
992366,10,8,0.2,0.3,0.13471730826470302,35.45375,2.8464393446710154
99279,100,61,0.39,0.13,0.4155289771783938,436.8147222222222,5.427959591862744
992982,3,3,0.0,0.3333333333333333,-0.03599352139919136,2.058101851851852,1.584962500721156
994161,5,4,0.2,0.4,-0.3991103639221178,10.332951388888889,1.9219280948873623
994665,5,3,0.4,0.4,-0.18902427632581775,1.0409375,1.5219280948873621
994815,143,47,0.6713286713286714,0.32167832167832167,0.43697345397442483,259.4946180555556,4.147140315297734
995166,125,66,0.472,0.144,0.4378616368710839,447.93524305555553,5.38743862627524
99522,51,32,0.37254901960784315,0.29411764705882354,0.1446765499586299,434.91538194444445,4.312459725573628
995372,7,6,0.14285714285714285,0.2857142857142857,0.11430732303809521,2.162025462962963,2.5216406363433186
99555,164,93,0.4329268292682927,0.07317073170731707,0.292432067503371,443.97822916666667,6.059223481132793
995919,8,8,0.0,0.125,-0.27700374515782505,2.0535300925925926,3.0
99640,4,4,0.0,0.25,-0.4806227899642358,0.0011458333333333333,2.0
997209,5,5,0.0,0.2,-0.3510084825717287,2.7936574074074074,2.321928094887362
997770,1,1,0.0,1.0,,0.0,0.0
998042,8,7,0.125,0.25,0.4032190200369262,205.98070601851853,2.75
998109,81,67,0.1728395061728395,0.06172839506172839,0.3451677785794747,442.12909722222224,5.930968330307294
998113,7,5,0.2857142857142857,0.42857142857142855,0.2555398700700973,14.365069444444444,2.1280852788913944
998553,52,29,0.4423076923076923,0.17307692307692307,0.4880844354407903,382.91050925925924,4.295465679180292
998674,29,19,0.3448275862068966,0.20689655172413793,0.2960468687953251,9.686469907407407,3.952302977662386
999187,12,10,0.16666666666666666,0.16666666666666666,0.3366936838064966,16.83962962962963,3.2516291673878226
