business_id,final_score,rank,score_source,review_count,cold_threshold_used
ytynqOUb3hjKeJfRj5Tshw,0.0092925107089113,1,birank,24393,20
oBNrLz4EDhiscSlbOl8uAw,0.0067459978947897745,2,birank,15473,20
Y2Pfil51rNvTd_lFHwzb_g,0.004624554483554725,3,birank,9181,20
j-qtdD55OLfSqfsWuQTDJg,0.004499418453408725,4,birank,8453,20
vN6v8m4DO45Z4pp8yxxF_w,0.0034032704391672,5,birank,6305,20
W4ZEKkva9HpAdZG88juwyQ,0.00336547710001005,6,birank,5583,20
8uF-bhJFgT4Tn6DTb27viA,0.003273169718616725,7,birank,7200,20
p_qSQwShIgQnNxGcajI4-w,0.0031619269469825,8,birank,5737,20
hfbZ97Te3T4jeWN6GgsGrQ,0.0031603413756184,9,birank,5528,20
qQO7ErS_RAN4Vs1uX0L55Q,0.003122095530993025,10,birank,6994,20
BjeHLwKOlHyV6DJgmZxAjA,0.0030621918102735997,11,birank,6946,20
FEXhWNCMkv22qG04E83Qjg,0.0029297092628354253,12,birank,42003,20
2BMk_drsikKWslJCXmQtjQ,0.002853807822158375,13,birank,5589,20
fCDMLD21ypv1XZ_EyafCkQ,0.00279248140609725,14,birank,6014,20
g04aAvgol7IW8buqSbT4xA,0.002730288224822275,15,birank,4655,20
2KIDQyTh-HzLxOUEDqtDBg,0.002647342285298275,16,birank,4207,20
PGd06nrseC2YAIqP6S9gUA,0.002620798290222025,17,birank,6046,20
iUZEGx29miZObLd6_lt7Vg,0.002575046345312575,18,birank,5340,20
-Tskf8WK17rb3ZfeFuRSWA,0.00255314961130415,19,birank,4895,20
Zx7n8mdt8OzLRXVzolXNhQ,0.002466453590669275,20,birank,3550,20
K7KHmHzxNwzqiijSJeKe_A,0.00246382375772855,21,birank,3990,20
rgeuy1qbw6Z8B6CSVANHIA,0.00221851327769355,22,birank,4922,20
EQ-TZ2eeD_E0BHuvoaeG5Q,0.002167560275538475,23,birank,3686,20
UeYZgcORV2Veo_BZzdiaTg,0.002045579374831,24,birank,4521,20
vUrTGX_7HxqeoQ_6QCVz6g,0.0019878319863475503,25,birank,2336,20
ReX09lhufLTAx19krkltDA,0.001974342645229175,26,birank,4804,20
pWuoHHu0LuVrD0HjadDygg,0.001957494730251325,27,birank,2459,20
gGmqCZtOAUUqWLUJiL-Ydg,0.001913885233508525,28,birank,2459,20
hyeo7JQr5uLp-St1MibYAA,0.0018450765231079,29,birank,2470,20
K3RURR9lIEE4JjOaPt99zg,0.0018266483749380998,30,birank,3455,20
-cEFKAznWmI0cledNOIQ7w,0.00179650871273245,31,birank,3076,20
SwBhaxfQPbyhsi0QHUAN0A,0.00174427799461845,32,birank,6215,20
FryXEasH74MQDnj5Bvz3QA,0.0017432684024818249,33,birank,4218,20
5oX4G1cptixPZecih9L3dg,0.0016863569134130249,34,birank,3792,20
PWWGbkPC_agn-4s1Hv1W5A,0.001678490329189475,35,birank,4561,20
I6L0Zxi5Ww0zEWSAVgngeQ,0.001671758805053725,36,birank,3569,20
Ih6_y2nnbg2Jw9Qdc876GA,0.0016518436495224502,37,birank,3876,20
z_7TZeTXsDH6MmkPHQN8nQ,0.001634338491125275,38,birank,2920,20
ZfOS7Mz-iGseNxBhlhXm_w,0.00162986162200495,39,birank,2352,20
sr-5EY6bmp4jINhea06MjA,0.001613958231300425,40,birank,2551,20
Ipkx4Sa7ybn8C6LtTqTztw,0.0015916194134437248,41,birank,2860,20
wUZXm4KN2wIqlfkvXVZXUw,0.001584187179154475,42,birank,3906,20
eJaeTZlIdM3HWCq__Ve4Wg,0.001580590918137375,43,birank,3185,20
qsm7SkX60JsajT7Yz248FA,0.0015162757528374249,44,birank,2675,20
g-IXI3v3fOudMsyLPKb-eQ,0.0015039686497951249,45,birank,3402,20
UuRZpgZsHX7PyykHV3wbZg,0.0014884321085156002,46,birank,2633,20
zwrgCMuZyFX46mL3piDyjg,0.00147951607793535,47,birank,3181,20
_V6hl1oGkTV2KbGeax_HPA,0.001473644823925625,48,birank,3352,20
hjRxa6xpKOwnbUgGvVCE5Q,0.0014629355531641,49,birank,2198,20
NFzfuIFghE-HnrodHpaT6A,0.0014559673411315749,50,birank,2694,20
nTBStZYJfHGdSZJbpaBiPA,0.001417838705386375,51,birank,2951,20
yZHiutcbym-xLGkmFhP-9A,0.001415547875103425,52,birank,3317,20
jar_5KMQZtgOseRdUN3L0w,0.00141147760022635,53,birank,3942,20
Q6BQcgabriKd5wPxvzOIWg,0.0014082349106053,54,birank,2902,20
XJ1KN2kQGBIo8h1nWvZNzw,0.001406619040761525,55,birank,2081,20
mRpk0A4u0hnF0lNe1h4hGg,0.0013961976248101,56,birank,2013,20
3wo9jODQnuvBm8Gkem6qXg,0.0013838546380994,57,birank,4033,20
SYHDOHRNAH-2xsw3XB5qbg,0.001368119807408075,58,birank,3387,20
ompDR5sUDpoI6gnTldmneQ,0.0013197662364383,59,birank,1993,20
JrG4NINLspXPNhSXg7Q07Q,0.001307238758885675,60,birank,1828,20
TF3qNGUBUgIYp6u0j79JHQ,0.0012829722554144251,61,birank,2411,20
OZcl2HOUXAHuICrh5d2WjQ,0.00127485172365125,62,birank,2937,20
iOFbMitGdfU6i5xm4nZ8Ww,0.0012687941320079499,63,birank,1998,20
4VXVP21v4Xec6C2mnnBnGw,0.0012632158093819751,64,birank,2195,20
n_7EQxn0ciucIOJfpWVaTQ,0.0012628755788811,65,birank,3113,20
tMtI6ECD6hwM-nFp2kXLKQ,0.001247798251233475,66,birank,5324,20
IQ-FUxpwpibrfOpj6d8Asg,0.00124504364281815,67,birank,2388,20
thlyktt2c7v1DyOpSVSibw,0.0012446956384317,68,birank,2382,20
Hp1nkc3c3Q7_8oKXFn0vbw,0.001235882630728775,69,birank,1383,20
4WdDY97x4GdMYtyk1KQMnw,0.001234437598702175,70,birank,2660,20
6FX09pOrazvGT9s6_nQ7CQ,0.00122383830488455,71,birank,2775,20
oqbhVgliVJH-iRa3AnD-3A,0.001206880694581075,72,birank,4030,20
nB0dV8yPv29F3-CFMPG8cw,0.0012066544012816001,73,birank,2826,20
prZjGYZFtZ05e80cSEYyjg,0.0011892808710109,74,birank,1733,20
kQRB8RNwd7cEMcURTS-I7A,0.00118792931791945,75,birank,1459,20
0MhxvTys2ADYa3sOO91ldQ,0.001179538257918625,76,birank,1495,20
dzeBiAu0VAaVBbMwcV9GFw,0.0011569009859432999,77,birank,2457,20
d4ZPdoYxDnT6f70AZPGrcw,0.001144465137625025,78,birank,2068,20
5P4w4WfPbXzUi6YALfwx2g,0.0011423971205933,79,birank,1575,20
irXywqvfXj9maLLOBQMYvg,0.001138703354667,80,birank,2431,20
HzUJO2v5lUEIeYoOYsdWbw,0.0011325926068078,81,birank,1925,20
DnuRO4i1yI5REm5v1pUxWQ,0.001127814178840275,82,birank,1671,20
CPFKi2lZJazP6IdtCdDDyg,0.001122320501747625,83,birank,4029,20
04l8PYcuYQeEkEhJCbhtOA,0.0011198797942975499,84,birank,1652,20
UxzNkaC5944XFQ4Kwiw_ZQ,0.00110694079119975,85,birank,1632,20
dclL14pr7OojCOKJ_ZbMbQ,0.00110658949351245,86,birank,3043,20
KD9-X5AykKmiZszrMepjhQ,0.001087560817078725,87,birank,2325,20
6ewV-e7-39oqYUq3yZuIyw,0.0010865687485144,88,birank,2950,20
PVieWiYn8GK9GSLnNFmOyA,0.001084419314348,89,birank,2969,20
MbzgGsMQpGyVrUJXi_Jw0Q,0.0010825113339378752,90,birank,1939,20
o3RGMdSY37_PX1k1vZsXpA,0.0010796131521988751,91,birank,1504,20
lSwPJt2ZPX03tEpfXE1BFw,0.00106775416936445,92,birank,2350,20
trwHwsXOVV-ZmF-MtP98BA,0.00106068012583055,93,birank,2298,20
jl38yx7zzMRbg-kOK8NLDw,0.00105396858568435,94,birank,1724,20
kpl3H_sgfTm-tH3Aa-ML7g,0.00104402355746825,95,birank,2283,20
TlvnDLrM4p2udHfeUwL82A,0.0010371835824422501,96,birank,1401,20
34Eqv8jXgxg_EEwcsNgeeg,0.0010312274137782751,97,birank,2739,20
zkevOUm1kDU7PUKte4GKpQ,0.0010215847160443751,98,birank,1190,20
elEQxid6rZ3tRZF1Kwkr9A,0.001018392061389925,99,birank,3744,20
qUH2FppY7RL96F5tXzA0hQ,0.00101758510446005,100,birank,3955,20
OJEiB_a2I_gxC-ZeayI94A,0.0010127755713316,101,birank,1669,20
05UGAUzE88mcPxQ7WnCxQA,0.0010124919449259,102,birank,1246,20
vVfy055EfLMdd0yJYHxiMQ,0.001011969525454125,103,birank,2224,20
DorCmYVDR5wcCVvbCAvzEg,0.000987244242060675,104,birank,1447,20
17MK8qagV374AuUA4sXuIA,0.000979840754639925,105,birank,1610,20
QFh-h_OZ5Io-mBk32HN28A,0.00097904258155925,106,birank,2093,20
iMTjejk6apJKzCukZnDw5A,0.00097518411360655,107,birank,2066,20
Jg9kkOl4sx2AXJVohbpSiw,0.0009709988371761999,108,birank,1285,20
vgaDkuxjt8-w-0PtE8tTCA,0.00096989388684615,109,birank,1997,20
UWB_Oi9dkPwXfhYgFMnjsw,0.00096143746738325,110,birank,2439,20
LWbj99tJolTxhzIbXWQOaA,0.0009555559744328,111,birank,1651,20
DOfiulOub9hVPBCtiDl9Fw,0.00094933718439145,112,birank,2107,20
GoGss2SqsUPwP0xcI9IUuw,0.000948274274365025,113,birank,2298,20
kBgiy6ulQRiATWFPZjTPKA,0.00094484626453475,114,birank,1662,20
lu2UpRHLBZfvLG_caNEHKQ,0.0009425589640384251,115,birank,1809,20
oaboaRBUgGjbo2kfUIKDLQ,0.000940309761235425,116,birank,2140,20
TfcpJBiFNnDaochnmp4M2Q,0.00093942007735485,117,birank,1591,20
sxx4KozLiedkxZ79U9W5qQ,0.000939349973083525,118,birank,1361,20
Kep3QUZd96oyuOX5vX9evQ,0.0009313090653652999,119,birank,1662,20
AtQLrRpQan7UtJcIAo9hsA,0.0009298111051030501,120,birank,1217,20
BErYojCJSO959vzaz9JclQ,0.000924355797140025,121,birank,1825,20
htO_nlxkEsYHzDrtbiUxew,0.000923030958978575,122,birank,3116,20
YVy2DgGfNmG5hWYbA7k8jg,0.000913663094083025,123,birank,1448,20
Ee-V8jWifZDvRyFrSW5LIw,0.000911577402950375,124,birank,2296,20
M0YuK7sLLSA3TfBC4UkUzg,0.000910473744656625,125,birank,1624,20
hPzPpfSjgQkpWCD7YjcY-A,0.0009085562687025751,126,birank,1393,20
JHxfEDW05_KSTfk-SLqXGw,0.000903801872639575,127,birank,571,20
ZLrqw4KCwKyBlVqycUfNbg,0.000900418880195925,128,birank,2046,20
f9qNygjcQvh2vPmZSfEvqg,0.000898410416180275,129,birank,1330,20
Oun4NN-u5yiHIxDqtJnxgA,0.00089734061354405,130,birank,1932,20
6Md7LjLUqf0scKfl78CQDg,0.000891434992854475,131,birank,2460,20
W8fyKHzZX68SQWFvwq_JMQ,0.000888027742985825,132,birank,2307,20
xB_YNhUqfsvKOfyZHwQsnQ,0.0008872688339645501,133,birank,1387,20
VJ-c-Yjj1qv7dKS5YaYoHg,0.000883305232746025,134,birank,1590,20
ol6ATB97MdIuhm6yAGOeMQ,0.0008830417644397,135,birank,1953,20
9_m_iA3VAqGBJEW5XLc-5w,0.000882061179735525,136,birank,1399,20
al3Ri6TEqa2rBzjHsn0T_g,0.000880754256572425,137,birank,2319,20
FH0MVF7kK0D76Hh4e7hXfQ,0.0008806371301932499,138,birank,1903,20
dIpTuL2T1L98GQGU17IeSw,0.0008775685357067251,139,birank,2399,20
kjDXbqCihUxgDvQn1n57hA,0.000877410938157225,140,birank,1296,20
5zTGhEeKl6Kz-ULDgyOurg,0.0008662485731469501,141,birank,2159,20
mqKz51qAxfcBaUhNCGcysg,0.0008603963244873251,142,birank,1463,20
uGo0TCVNOcDQxMArUU0Jrw,0.000856406946577925,143,birank,2077,20
VNvJuCTMdGBj4lwC0L1Ghg,0.0008529179172356,144,birank,1138,20
q6Rln6JUAr8ALqbTNZs2ag,0.000848200806795125,145,birank,1675,20
Yyn4z5ZysBDYCXfTFzflaQ,0.0008466346255196001,146,birank,1445,20
dl-2ZaDP3POIAR3eL2pi-A,0.000838092407565825,147,birank,886,20
bp482wqF6v80AltDNlPDfw,0.000838050976958425,148,birank,1639,20
MlXH9dWYDFEBbwuGStlfZg,0.0008376182353574001,149,birank,2708,20
CJoO4HYD0tZRXlZqA04wmw,0.0008356446073858751,150,birank,1766,20
7cpj7hjDTX5fb-6pYcZiGQ,0.0008310411277721749,151,birank,980,20
slzazSp3F_HhT-bTpw970g,0.0008307611977726251,152,birank,1519,20
qGtPd-sk178XvrN38D3kzQ,0.00083062264290105,153,birank,1071,20
wnjFEC-w0qWnyDnO8k1RpA,0.000826210507466925,154,birank,760,20
S2cKcdtOIDFyUfXYNPJUIw,0.0008197807178096,155,birank,1323,20
_BreSZ3-mTEJYqJ1Ot7Akg,0.000813417223865375,156,birank,762,20
lRbHFOIFuusN2WOR_ypQ_A,0.000810614772421275,157,birank,1530,20
fUUWNXN9eL2ZP2-ZaJr-Tg,0.000806165742515075,158,birank,1615,20
9xCprW96TZFLajnnN-w8Pg,0.000805639127579475,159,birank,2643,20
QCaidu0NAS_sseca_xe4hQ,0.00080268014887245,160,birank,2481,20
-mDAFyX5kZHXhxjELeMhiQ,0.000801792883407125,161,birank,2010,20
EUkh0Qyf_Y4-B69w_z8n6Q,0.0007984071229616249,162,birank,1045,20
ywBRJjqtj2xIfsWzs8ungg,0.0007932551925127,163,birank,557,20
cBp1fn2LXpSHe4VbTXLYEw,0.0007905203514692,164,birank,1475,20
phsLOuBeiYI43hglvWK96Q,0.0007827659739496,165,birank,1211,20
no8Sj8Eflgka2LFdrYFG_Q,0.000781113643061225,166,birank,1811,20
0zH0l4Jbf-oove3cLvrFOg,0.0007766648354144251,167,birank,571,20
VAIOtbsxdNmuhUKkQZFRlA,0.000775893496818175,168,birank,1835,20
Esf3-D_44pArPd9GqysoCg,0.0007758185475845751,169,birank,1222,20
Un-UDVOuv1co3TMmGaumxA,0.00077367173359405,170,birank,1522,20
LgAuYz5cQe3zTxuteJ4VyQ,0.0007724991493739,171,birank,1774,20
VHw4q0f8WmajCUD2wGXBDA,0.000769269676173575,172,birank,1020,20
TdyHRkxn334JxtUSdGpIiw,0.00076849802020875,173,birank,1507,20
eE5w-7yMOwgL2OPsG85Z2w,0.000765414517621725,174,birank,2071,20
-UEeCTgxud4OGWshX4x-jw,0.00076496474820665,175,birank,1342,20
u0U5IQEQzQauLnP54rMUOA,0.000764604603988575,176,birank,1378,20
dh1C733vVNx7BaIBmwMwNQ,0.000763549017548375,177,birank,1378,20
5xokROlB8Zo5T-_qbHzsrQ,0.000763322750563675,178,birank,2585,20
nePr9450kf-eEGYD-Qn21w,0.00076243886971245,179,birank,2112,20
winkCYdiTroKdbPbV0DfRA,0.0007620492787342749,180,birank,2216,20
-q4YqKsWJY6NtkQdnNeL1Q,0.0007597887715913751,181,birank,756,20
ooUI-JC2tu0J-vavmOHZYQ,0.00075856015524535,182,birank,1407,20
0RxU5OglQyPVtLKC1LPgsA,0.000757971730948325,183,birank,1207,20
PeczUJRFYkZBvAyMxzXPSQ,0.000757384256223475,184,birank,2146,20
lWedWkinrM5j13pyimbpbA,0.000752484498098775,185,birank,1591,20
b4YPBSnqU5_L6TUz147Dow,0.000747817669604675,186,birank,1600,20
9w6o_eyKCSNKgMtAuv6KWg,0.000745369806482075,187,birank,2410,20
VgAKmXE8B7J0I_O_R13UKQ,0.000741522608525225,188,birank,4574,20
FYw5uf26ry8-MuPKD10z0Q,0.000741487126087025,189,birank,998,20
Mgaxy0pJAlhAjdNivhu82A,0.00073984026162185,190,birank,830,20
-kY_HDP7IMvGl-kBIZVU4A,0.000738223740550575,191,birank,2240,20
4hv1n1VBzMvE-T4UtIcOcw,0.00073534975900455,192,birank,4207,20
B2KGQwnxjpdY4TIVqmG3XA,0.00073527960350465,193,birank,1346,20
T4-vocFpzwlIxAQIi22FFA,0.00073415870222245,194,birank,892,20
SjiRaZoWaDpkCCpq5SsrMw,0.00073234372448055,195,birank,1397,20
IjMs1n7UelI7ev_5IDl5kA,0.000725917535901675,196,birank,1967,20
7Vy1FHvdD22nzEB6zfaUFQ,0.0007246382314114251,197,birank,1554,20
r926yelr_EJAKQCjdD6AWA,0.0007232476267729499,198,birank,1552,20
XTFkMivGATF-enFwtD1XTQ,0.000722174738386625,199,birank,674,20
zpKTPWoW56wF6d9qNnxM3Q,0.00072199871323675,200,birank,1726,20
Cs0adaMTxJWTDSzuQ3vheg,0.0007208186341302999,201,birank,1758,20
QWZuvqTYTMncVdhulUU73A,0.0007195728014674499,202,birank,1248,20
5X0M4waoFm4kH612ezVvtA,0.00071898911147055,203,birank,1188,20
yeZfgAw4LvWnri7ecPkiYA,0.0007158908053128251,204,birank,1202,20
Z8qGOmU8YxDjLPBbrz84Yw,0.000715708969814675,205,birank,2122,20
_sJJWbW9hACKCR5fIhbqcg,0.00071513190756465,206,birank,1151,20
P2Lm1g_RztvIaH4daQsXoQ,0.000713051832102425,207,birank,1083,20
9v19T4fTmMl5MPXmdUqWAA,0.00071196672536265,208,birank,1413,20
tYCok-NtWvg8_k7woeB83w,0.000708444894069975,209,birank,1505,20
qV-fAuhroG1am3WpNobEng,0.0007083400859648,210,birank,911,20
dpiaAGgEMm9Lf8dbx0yEJQ,0.000707238671750825,211,birank,1423,20
IDtLPgUrqorrpqSLdfMhZQ,0.000706813927307075,212,birank,1037,20
9tWLiz52KN-S7CFZvBhslA,0.0007033466855714,213,birank,1857,20
t1qF12NdW8KvCqxqbvy-Hg,0.0007016888413778251,214,birank,3163,20
CVnp_PA5sRm_hFcmwmUNAQ,0.0007011945738460499,215,birank,1821,20
U30ggGzFpXvc2NZYwOW3qg,0.00069924498940825,216,birank,1138,20
VP8HMhVt-pKmqGNmDW4-TQ,0.0006930586381752,217,birank,1231,20
I7SkoqN88fpKagzKA059Fw,0.00069276693110815,218,birank,1595,20
9uRj85PviKNiMCYPwiJyIw,0.0006927263430475501,219,birank,1347,20
-loV4cB2Uh9TCltTRgGzWQ,0.000690464994377875,220,birank,1418,20
pBl1CSeYKbWMSrqgglIMDw,0.0006863694386907251,221,birank,678,20
tARR9jhv5gi9TjsfSVmjmw,0.000685210868411,222,birank,1213,20
J7_B_oDTGbFm4fe0Uy--lQ,0.000676665580445325,223,birank,1510,20
x063XOQJCfTsKvS7iPLSsQ,0.0006755989604980001,224,birank,1116,20
X3jaJDlA5YqN1EZhV9KCkQ,0.00067519104847405,225,birank,1357,20
h_RQXD7IKwDkVU_n67UG4w,0.0006737368448754999,226,birank,1537,20
h8TJV8clolcjqp9aFV4OjQ,0.0006667212296914,227,birank,2351,20
OAWa1WML2V1ZLJGD6V3nBQ,0.0006659184271203249,228,birank,832,20
BDue9WNaX46-oNbEMBYUUQ,0.0006634370816945,229,birank,1234,20
47Xuiwsv_YsJIm7Px_mNWQ,0.00066223308499345,230,birank,919,20
gcLHVHLDOozjllD-yiAnlQ,0.000661519789159025,231,birank,930,20
KYPhGJIibu_7ePIX4HNs6A,0.000660678198394325,232,birank,487,20
gfLsBY-xsNE9-ktiTvTvGA,0.0006568309315183,233,birank,1314,20
_Mbw_orl5EdXJP1XzklQvA,0.000655373030367775,234,birank,1061,20
jtgBkAQuchDYgkdsebzLsQ,0.000652211605213775,235,birank,708,20
IDjYyBrPW5C2CT9mXsyuBA,0.00065033075667075,236,birank,1093,20
knP_Le69wM8xv40B99ztCQ,0.000648117367179975,237,birank,1739,20
1Mmo93UBNsaVW7OnpWDuQg,0.0006477547877746499,238,birank,1167,20
6OwxdpajDSJi3DkMqkr2sw,0.000646114240970725,239,birank,670,20
mC_m-4k9Xo1kzjSL0w7uoA,0.000644842830724425,240,birank,479,20
QN38TkkGzF5vB1urbvi5nQ,0.00064445495128965,241,birank,851,20
fpvcFLo6A5S9b9pEVGjB7Q,0.000642437030245325,242,birank,683,20
Nxa362GcR1WWK2og8uJ_sQ,0.0006406769757524751,243,birank,697,20
wP2ok4O0GsR9td7Iiv1zKA,0.00064062015627895,244,birank,936,20
kSHgckYR4YMaWiMNT8arZA,0.0006391570526247,245,birank,1352,20
49Gyz-LD9MxTh1yzbYiOhw,0.000638449218931575,246,birank,1655,20
kj3Lyh9KooU8GcRBbMDQWQ,0.00063734748109135,247,birank,876,20
QjQ-gtUnkne7jch0OLsPIg,0.0006366481811635,248,birank,979,20
BUPtFEuzN1KeB4erBi-ivA,0.0006355925459951999,249,birank,1306,20
XgehM3pBZWuXi45J2dqRJQ,0.000635549824337425,250,birank,1566,20
8iMubtt1hTafu5YhEzvZVg,0.000635430642201175,251,birank,956,20
zgb1ylb-Ic1sneuOrdEYSQ,0.000634957648229275,252,birank,886,20
lLOuLDox8qPV0Q5jCX9qtw,0.00063292631597735,253,birank,868,20
H5nMeiXJmLpBALeV8A-FeQ,0.0006317372647970749,254,birank,1370,20
hFfxaiz7GW3oAh9E1nOQmw,0.000630703916839175,255,birank,753,20
U588hFqWbd1T9EJ6Nplv2g,0.000629184418110875,256,birank,1196,20
PgD2tnZT9pd-SE9fC8ThBg,0.000626935502039175,257,birank,878,20
WgyhlYg3fnSgco4qLa20cg,0.0006248366157160751,258,birank,1081,20
gwxNttwUgmOn3vsHYe0pDQ,0.000621193084954975,259,birank,1635,20
29t8lDBLiwkEd1HA356dOw,0.000620191345804625,260,birank,1365,20
wFFHt-ixlw_3kZ6kfioMMA,0.00061953131950355,261,birank,1340,20
DT_ZjeS2ZvBuzZvt9h48fg,0.000618184800119925,262,birank,943,20
Nvx2MceKWAtikcAxk_TBMg,0.00061740014577875,263,birank,1489,20
whiNQ0Z2AUkyBKucejQNTA,0.0006165339049577,264,birank,721,20
jZd462wsUBOIB60UEjUOsw,0.0006153253196455,265,birank,2038,20
89COhCW-cAD5-fTXPfXYTw,0.0006118334503301,266,birank,1007,20
TvAgXHsAt1s2PgxA1pQa-w,0.00061161547054785,267,birank,707,20
HLRvheysFKngi7c07enm_Q,0.0006105643038393751,268,birank,936,20
FuwM02obw0PhqNdZVE6ugg,0.000610338459324225,269,birank,963,20
eoqpPPlegPddFATQadDsoA,0.0006094416010637,270,birank,1936,20
jKTWcdyXPw_cGUp9fKqapQ,0.0006091025800834999,271,birank,787,20
IhWg_9ceUBP1z7fvxlA9Uw,0.000606682377815425,272,birank,1520,20
lDWmc7FpLjYoSFxrtbnMbg,0.00060573016575255,273,birank,676,20
t07Pof3RG7i-4DdZ5pYdaQ,0.000605689657729175,274,birank,880,20
LrkrvFHlnD1BHj2b2w0JpA,0.000604450053585025,275,birank,744,20
jSYu2apG1uYq3eNzSA-OHw,0.0006031611046365458,276,birank,1552,20
DLmkfCW_Pzi1Pyo6G8FnDg,0.0006029093288529,277,birank,646,20
88Zqyx8ZkecS_o44sGLEzg,0.0006016792651610001,278,birank,746,20
4EbwDR58_1Lm54Oru_Dfxw,0.000598508672079025,279,birank,505,20
L7r4uOZT58z1Vv-rGlSZBg,0.000593827777916625,280,birank,1083,20
8jwsNjvVNJiYN7AnxHdMLA,0.0005928615054867749,281,birank,1192,20
5fCpIolPWznGdz3D6hjrvg,0.000590411805785125,282,birank,1069,20
fM6XQeGW70a4EFbjqAAy3Q,0.000589087572165825,283,birank,1224,20
HUcjSm1Lxdn8zSu-hQ7-sw,0.000587881273474975,284,birank,952,20
ApZoKDMHiY6sm3urIcqfxg,0.000586652084123275,285,birank,839,20
RFIHFxmNH9dM0ouz2N8ZjQ,0.000585903749558825,286,birank,672,20
VTx3qBeLMNFmBpcUFVNlQg,0.0005854414106733,287,birank,884,20
L-wv-QK9VoUZX6zUcJwSSw,0.0005853168822636001,288,birank,683,20
GXXbsAsNLGuLYTQKHb0XMw,0.000584536106131325,289,birank,630,20
8yZzf0gdWpSmY6ziyq7hKQ,0.0005841260866127249,290,birank,834,20
U_NCpKQDf3z7qSBjvv4U0Q,0.0005825540003976,291,birank,826,20
sankqYOVWpYX_T5kGZRRKQ,0.0005801474777591251,292,birank,787,20
_8MkUoObdLpakXbCobbKxA,0.00057938697179535,293,birank,1887,20
EBonJ5tjkxBEUezwosVlLg,0.00057375614090535,294,birank,2580,20
7hpUoYdAVToZXwuPRgoqdA,0.0005705779794240501,295,birank,1964,20
J4CrtqHDH4LAyDd001cD9g,0.0005705043333101,296,birank,489,20
EreYgrQPuR7Sk_FKeZZg9g,0.00056768869669905,297,birank,4405,20
pGRl61t6HcvqvvRz0Shr7Q,0.000566689700809,298,birank,509,20
7NwFNLC0SwX1SwQYlfF5yw,0.000566537519593825,299,birank,827,20
eZCt3doDaA-l4sg_OM67YQ,0.00056556149679385,300,birank,933,20
o8VR_4C-krOcgHiMoi-g6g,0.000565536614362425,301,birank,1113,20
2njTjQ35skXN171KoobeGg,0.00056540253217825,302,birank,1655,20
yvwIsOBQyTDsOhfS1sIVvQ,0.000564204093073275,303,birank,1188,20
VSLgzs_x3mc7Mg8DaqsmfA,0.000563600833803725,304,birank,601,20
cTSczU-9-cYUEM2DlNJcQw,0.00056138345394,305,birank,751,20
6wqxuBt2InDipRuUj8BNuQ,0.000556991255184925,306,birank,3023,20
EERwPZdemE21aIwYsadjTg,0.000556828526787225,307,birank,665,20
KhBUg5QhBYuK8RZAe5gDMQ,0.000556796433828925,308,birank,1885,20
t6g6Lj8WzjIXXucCl9jdTQ,0.00055458716247065,309,birank,1241,20
S6L5hB5r9_j6UeanowxRvw,0.000554426588712675,310,birank,1501,20
TUtOrI_GnVwSuHHTTEN8MA,0.0005539793076328,311,birank,1160,20
1iuT0GAiXBeIA1BVidxkCw,0.000553731552081625,312,birank,1247,20
BEMSDLPP630Fpdw_QpqLVA,0.0005523867447653999,313,birank,1142,20
q3qHHAMG8v748fe2z0EsCg,0.000550830025637,314,birank,952,20
4uZUHjSonatwt-02yqJp6w,0.0005476040930995751,315,birank,744,20
YxZJXr_a-Oie6O-Lk9C6zA,0.0005461716448705251,316,birank,1053,20
0TwZfZHis6e4o6sBogUJVQ,0.000546156732503725,317,birank,571,20
BZyxr4ocl1hJvFvhlogz0Q,0.000545782076947575,318,birank,692,20
S9IFCU4FKCqEriV1Rr2ZcA,0.000545438833102525,319,birank,1134,20
0-pY7oEuTT6j9fa1k-YBnw,0.0005448667602479,320,birank,550,20
YD9-VUxnobct_Jv4E9SAvA,0.00054469709212675,321,birank,1678,20
9u4_k8-XC4RFETCeiQdO8w,0.0005445475676176,322,birank,658,20
T1LvW1XqOYk7and065iXYQ,0.0005440737747137499,323,birank,906,20
BZk7GCi2OmKTuvdQk-Wmbg,0.00054400632887485,324,birank,915,20
syX56DgsypCm35ZGASzuxA,0.000542505348898975,325,birank,1501,20
kdJMzQCyG9X07lEgTWWveQ,0.0005416654740395,326,birank,985,20
f2bd4yADbdKYGCR_9EjF7A,0.000541540145019725,327,birank,535,20
B7nlRFe3EeQwAWpUpefGHA,0.0005393063837552,328,birank,777,20
hv-rci0u6KR75ALB_70dHw,0.0005369357376456,329,birank,1223,20
SK8mugK0lNcb0okR5pQ8pQ,0.000536641247463425,330,birank,447,20
QoezRbYQncpRqyrLH6Iqjg,0.0005358604740073,331,birank,968,20
lQ58_4SzdETRSw0h8tilhA,0.0005356941716995,332,birank,1294,20
wopwoiKIllIzcggK7HkTmw,0.0005355243333654499,333,birank,1015,20
HNtTgTEYl3kBSN5U5FHHqA,0.0005338232216871,334,birank,965,20
uqXYVxIwoEsFFjEHBlMZQA,0.000532743111692325,335,birank,994,20
t7TqCOZ6p6Do_SMhTcVDMQ,0.000532715643588775,336,birank,1227,20
EdopUxxfxqEA79Vcy_dT3g,0.0005320299744551501,337,birank,872,20
mskYyOH-xVyBlBn9OLqu4Q,0.00053142456287315,338,birank,817,20
_XlYymFKwww0bGIgwvNbcA,0.0005313141914189249,339,birank,1266,20
64rDIWaeayyumSWprWAdfA,0.00052801397864525,340,birank,461,20
MM_v-KIUJiXLCxnkIqPKWA,0.0005272006363690751,341,birank,890,20
2E5fh57OvOQMWwxxEOkN8A,0.00052686968610105,342,birank,884,20
q9Pupuw6Z2b8WaYK-MGt4g,0.0005266887000198,343,birank,686,20
dRKztV_Vtl7AvZg052SgRQ,0.00052609148561575,344,birank,981,20
Wk21f0DAM7uj3DaJ_rMI-Q,0.000524988020244825,345,birank,578,20
b5hxsRw76UUXcotxlCipuQ,0.000524534342454225,346,birank,1053,20
2YnQAJdeFrcgPa8MqIYcDg,0.0005244516142215499,347,birank,991,20
hLlDzRaDGN-0SlEWk0xTpQ,0.00052430422770765,348,birank,899,20
dN7AMKUhwTa4Kk0bdMRPgA,0.0005237578945686,349,birank,671,20
q1VOESxR99qJvpubnNxyJQ,0.000523079691823425,350,birank,822,20
1vPSY4EA-fTRIZYz1Ruzow,0.0005217236445977499,351,birank,806,20
ZgmEBmGQbSHj8YZgN2pPLQ,0.000521688318401975,352,birank,1494,20
wbDjLbShJ-ZJfm6jJZp-Aw,0.00052015933725895,353,birank,1073,20
580Yyv_kzAaZSkHCj1LhBw,0.00051744150547635,354,birank,871,20
9A5Gw0At6so0x-vWM0_JZw,0.000517339157877525,355,birank,1676,20
29YqJwOGEuAWqlHZxMc1OA,0.00051696156816365,356,birank,858,20
1JtpcHELRrSDoWS80WtzuQ,0.00051542406957985,357,birank,815,20
2brttsiFBlW8070dsPzQDA,0.0005153305017009,358,birank,997,20
oXr3EhnQCqA8SNWIZ3H4Fg,0.000514001033041225,359,birank,1061,20
yEmEDomLUofVtbZoUeFV5g,0.0005121239689468355,360,birank,1979,20
JVZ_c3k01uAIas5B61iISg,0.0005108077527906,361,birank,1369,20
GlYN-RJyL_YwxIqsSDo1ag,0.000509085558156075,362,birank,750,20
qaDImxPguQz0jToNYvB1Eg,0.0005080508454916751,363,birank,908,20
G_bi7l0nU74I4Vr1V7IcMg,0.0005074000636233499,364,birank,2070,20
7M4acncueqDznH9AwgPjeg,0.000506874177689625,365,birank,521,20
1B6S6XDoX1fWnQI0_K1b1Q,0.00050562253873055,366,birank,746,20
sjH_9PYtfGhzZYsaZmPPzQ,0.000504930972504975,367,birank,1193,20
J-iale4ilYuAXjnfLyYl1Q,0.00050484667580455,368,birank,1246,20
hOupS2QRNIuMLfcpOqC0oA,0.0005041787472103,369,birank,687,20
V_jy9Aemc3kjznqhbsu_Dg,0.0005030008080062,370,birank,1894,20
gdEZfd6RFXYmmXX71RDvbA,0.0005023651978420501,371,birank,1072,20
-Or44IdY51Ukd618kikmtA,0.0005023604389963,372,birank,1167,20
U2y7fsqDgxAXskoJNVxbwg,0.000501655933692775,373,birank,1177,20
aOJDVHCn9iBIC33l_2HTRg,0.0005004396312896,374,birank,743,20
fFj8iQ8eVZui5kcPzPVIJw,0.000499786865624275,375,birank,721,20
-fs09akgCKv5rTTy7iUHUg,0.000499379472536925,376,birank,709,20
XiDhSghC-9Hz19hBlLpbyg,0.00049903680884685,377,birank,1017,20
8vwdDagJc8bJR0ZojFGZxw,0.0004972526429814,378,birank,1104,20
55Q1klIhnn7tcJ6inLtwiw,0.0004968309150262,379,birank,1506,20
Qsd_S2f7fNFqngx2amRE7A,0.0004964864508342,380,birank,873,20
B_q2xoAgTyn6U4YNEc3kSw,0.0004962090367658,381,birank,1071,20
IdIOZSbnLRcN1dG5PDXDeA,0.0004960275258941999,382,birank,1150,20
o1bd3WLl4McflqjDTJTdHQ,0.000493375193906375,383,birank,772,20
41LEg4ZgFDVnZfToxGXiGA,0.000493077213008675,384,birank,1050,20
vEJ9dWt5If-u8BmTHocuEQ,0.0004930156487634,385,birank,488,20
D9p7-HsY9llYP3BaCVg4DA,0.0004912979241478001,386,birank,832,20
F__yT5i7C2t-IfzyXYscKw,0.0004905144649492001,387,birank,1722,20
EqEcDeXqIq1YwnzHg_ZUFw,0.000490205332790575,388,birank,719,20
S1FwTmCAwv5ulu5gToWi_w,0.000490067761291025,389,birank,957,20
wocwfwSFrNfYJRyfYSi1Cw,0.000489612347455875,390,birank,1156,20
MyFC2F-5SXwXTLR99UWiqA,0.00048781948716382497,391,birank,929,20
UT9vP1Ww8OlL4nzBOKBCOQ,0.000486655321880175,392,birank,438,20
yOoTTOsIBk10XCszYVnrDQ,0.000486596616709925,393,birank,776,20
lsyCjtPSGw-wfG6bn7_Wcg,0.000486441520699975,394,birank,715,20
ElqoiaCSUA8oyyvixox9lQ,0.000485437968553675,395,birank,974,20
whh_h_yJaF2kz-ieB7Dcig,0.00048360056659807504,396,birank,527,20
bdoSOSj1LPSAlNoKezVdLQ,0.00048261824002495,397,birank,888,20
vCHNWdW-ys-nWUx3Cpvk8Q,0.0004819897383904,398,birank,763,20
i6jA8vSHrP9LiUPHlqPVwA,0.00047699615573605,399,birank,1179,20
5RsVAkDnMrcSbErS6P1eew,0.0004764082706334,400,birank,1160,20
6DTwmhrbm9x-WO-A8Db9rQ,0.00047568314224464994,401,birank,700,20
Hj44PIrCtv61ETVclzLMwg,0.0004756192698714,402,birank,1596,20
h81N-kVGvV9f_PWJQJN9YA,0.000474985227528,403,birank,645,20
c4T4fWfNdnlyOgBN0a5JFA,0.00047434082723420005,404,birank,1312,20
P9ltq8KT6pgKjyZSKspHfA,0.0004738243488192,405,birank,1057,20
KWGyIzQMILsT0Zx6slvBNg,0.00047283328022262503,406,birank,1091,20
6f8dXcqMrNPMHm1fXFQQbg,0.00047131842376950004,407,birank,899,20
1Fs3_bjPQwvSXZHGGlFE-A,0.00047028265591015,408,birank,598,20
5HZPNcMR5dHQ1OyOb-RDgw,0.00047001390275505,409,birank,1090,20
3qgz5OPfl7CRa3igH4s1Sg,0.000469552289101125,410,birank,1784,20
P0fHDZn2pReUu7BdMxNuyw,0.00046914385448250005,411,birank,2018,20
7gmgEoLpKdC2nawiBOtGjA,0.0004675375368916,412,birank,1295,20
sHwNZLuLZvlVBX17b7RgTw,0.00046673276972655,413,birank,478,20
Sa09GY2yv5gn15qfZ5JKsA,0.00046535690373362504,414,birank,544,20
KWIapYSSHxfZ1NQFpV2S9g,0.00046481640284397503,415,birank,790,20
Wndkw2PinAwTgjeUJOTdCg,0.0004647445557662,416,birank,1933,20
4qG7aFq9-45830OfYt7gCA,0.000464535559582125,417,birank,695,20
htx6Uime2SkiE-zC7hxb-g,0.0004642611883222,418,birank,554,20
zujdPV3HT-Y-CKE1GgkMHQ,0.0004640964677052721,419,birank,1287,20
uxZENO1iy7tz8MK77L3_GQ,0.00046399858725777504,420,birank,1031,20
3lty2YUwjp61iUqNgKVEMw,0.00046378734700704995,421,birank,597,20
ZCF-HvfbITnNcaomqT5XRw,0.000463401718036225,422,birank,1145,20
B2wSy1zQCdZgDXOkhAKGDQ,0.00046276859496302504,423,birank,739,20
BS7OnkMycH8tD3Bqpz2FAQ,0.000462163202419191,424,birank,1312,20
Eo0psaCr_gcty9QqyUy46Q,0.0004597982950596,425,birank,1566,20
ReKQjTVB8L2vnaxZKmRUpQ,0.000458517474742925,426,birank,911,20
VeJqScDLsoA5WasQSv_Jfw,0.0004580877137894,427,birank,2500,20
vpLMV6pHa1oI71jYaCVFzA,0.00045555360854670005,428,birank,969,20
CG_NAd2OggmVEQjFOYsuTA,0.000454065481282075,429,birank,554,20
L9CFXQbU79r6PK8Cy9aAgA,0.000452610866875275,430,birank,627,20
zBs8GENWVLpX7KcBIPiB0A,0.00045241937190225,431,birank,1818,20
oGdbvXKXVCQ8WC_GQePDkQ,0.000451879485607925,432,birank,873,20
JXhIz744GI7U_ereD9Nf8g,0.0004511812449635,433,birank,929,20
C_csOMzSkq3Ufau_rKmTmg,0.0004507568839578471,434,birank,602,20
Z5b1Me1YBZGQAxIx62vmqg,0.000450474897873975,435,birank,660,20
ZiQiMlvgk19GrEEkN9kyRA,0.000450208378760625,436,birank,1261,20
b36EeutJRvowZMr9TpQm0w,0.000449993463479475,437,birank,1340,20
3fpAmsSuEFNF29UUPpgwlw,0.000449429429829125,438,birank,564,20
a5TaDLChZDSgZ-en1sxNpw,0.00044799974013135,439,birank,359,20
dD2p903p8lU0IgXT3OFluA,0.00044701332960522496,440,birank,1230,20
1KwwJvCwwjdtlgeuxoMhsQ,0.000446737261126575,441,birank,835,20
kbWKwvLXfJm5sLVfw-Foww,0.00044649177168580004,442,birank,1013,20
6E9KjyDAdL_vDQCWwhj_KA,0.00044630162585995,443,birank,1079,20
venWfi69QVylbyrvaPt0nQ,0.0004461425412669,444,birank,1069,20
HqV4cganalEtEtKGALbzOQ,0.0004452258423497,445,birank,971,20
5QPZY59iu3a0C-jWsZR8ow,0.000444905695295875,446,birank,668,20
OAAh75gVvTZI4bjjrulxMg,0.0004446587953079,447,birank,364,20
zjTBfbvbN2Ps6_Ar0w-fuQ,0.000443986284090275,448,birank,878,20
-OX0MJDPRHV0RCRvwYnvBQ,0.000443802966730925,449,birank,594,20
Ld3qgGua7MqrFnZY8AIo0A,0.000442869942975575,450,birank,1964,20
4TleqRlbwgXcIgz33HjLJQ,0.000442340910229125,451,birank,599,20
8wkPLsDbGU3GcW8CoD-4aA,0.00044096255774394997,452,birank,1772,20
14ZGwnDyydXdSBsLXpSUrA,0.000440253907155425,453,birank,828,20
QGUj9Za0iG_OJz0CqujE_Q,0.0004400630848768,454,birank,940,20
qtg5d6UmDVFeUw5ZKVBl4Q,0.0004393186231314,455,birank,598,20
fqStx0SvwMFChX_HIdUeEQ,0.00043931080879430003,456,birank,876,20
e4MoozYGqe_rb4_ZC1rYMQ,0.000438789171261425,457,birank,1230,20
AFk6UXFbH-idH31KhFQVCg,0.000438332728738425,458,birank,1403,20
nFdDkQNfy3bOLrs1Wdn7ow,0.000438084881805975,459,birank,496,20
0-JRAY0LpBazDuA9761U5w,0.000435450184126975,460,birank,782,20
J-ciDDEdIHMcChGIyKZnOg,0.00043529147683855,461,birank,540,20
m87qQsq2SMJruE9tVQTIrA,0.000435157842848,462,birank,869,20
nIE7ph1w_bttQMJQx5hUEQ,0.00043468505179457495,463,birank,149,20
BsgcLUWlc6RvvBRiAPWj5w,0.000433403452851875,464,birank,854,20
69ccjOpx2iFvr1y2qas9uA,0.00043248641614170003,465,birank,575,20
Jx2AoB_IQOUrZ3s6fdAUSA,0.000431542397160825,466,birank,902,20
6o8ddZAL2Gw_FdoFQf1ilg,0.00043136826174692503,467,birank,1123,20
punjQyM6mXEIfvWyYVBa2Q,0.00043113100093775,468,birank,597,20
K74RHoIbJG_kIi9RsxQQcw,0.00042971015930712503,469,birank,828,20
NBjZWsD9C-JwjsQ2mQlmNg,0.0004292546857796,470,birank,625,20
wXUg9bsJ9b4PS4pie8GVIA,0.0004291566298221,471,birank,546,20
MzedNubJEzEDO_St-AN0Wg,0.000427082996891975,472,birank,504,20
XRhKQxw8bQFF9iq-j721_Q,0.00042591240910007497,473,birank,468,20
9XWyNzOJtfVNZlNFk-kPXA,0.00042500159891562504,474,birank,1373,20
33JlrWf0kmHd2VzW58Wp0g,0.000424374946118175,475,birank,936,20
I4GAOtrRYbinmI3zEwqxVQ,0.000424016006572975,476,birank,507,20
Awkrb1wzFxz5w1Ixc9W3FA,0.000423923305684475,477,birank,1094,20
0K4RwxdAcViifyU3Htzxww,0.00042302484350892496,478,birank,663,20
-0iIxySkp97WNlwK66OGWg,0.000422801337036625,479,birank,682,20
YGp6vEXRRm3DE5GDQJ-WeQ,0.00042055698422322505,480,birank,345,20
M5rj-zpkCHcGXTxBbcrDXQ,0.00041991879281412503,481,birank,949,20
0cddB9WRKcQhzAEXEav81w,0.00041961111413505,482,birank,1014,20
XR6zkgsFiwnaH2FVkoUVAQ,0.000419402398671625,483,birank,601,20
DNMDGalFejExZqwb_YVQnQ,0.000419363216644725,484,birank,516,20
xCW-s1hBP23-HkyqW-kngA,0.000419285683530125,485,birank,267,20
C2JtfhOZ3PPzIS9V5arQ2A,0.0004184135659282,486,birank,1165,20
lJBYrLE3v3d2q5QBIK_S0Q,0.00041810601651065,487,birank,625,20
rWfV3Ii_C0iEbMI0PBByaQ,0.0004176105897774,488,birank,468,20
sCkBUXw-GrMvRRxcun-Alg,0.000417482797812875,489,birank,643,20
tM-ObyoUno83kylE283iXw,0.0004170302914044092,490,birank,655,20
vbNmk49PJji5pC3JhniMOw,0.000415934009794175,491,birank,388,20
kkfHcOukpqNzABf3-NFN7g,0.0004155204977954,492,birank,363,20
jrSC1bwN2lz9dVBrNTejSg,0.000414472337969975,493,birank,719,20
2zocwC7qMq3LsivPn9Z-Eg,0.000414427507730725,494,birank,731,20
ZLR0o9tuGaUAdrhJE2z69w,0.000413634134833675,495,birank,955,20
bRRlWJeuPtmI3UuGhh43Wg,0.0004132169715853,496,birank,882,20
Z0mBsgDzDnFAEC5o4X6G9g,0.0004129698497884,497,birank,687,20
VeFfrEZ4iWaecrQg6Eq4cg,0.00041283445628955,498,birank,661,20
sG-Z7aIlkmKW7EstH1dH5Q,0.00041237951308334343,499,birank,574,20
-T_lkOvaK39R-Ufg6VUyxg,0.00041200289593885004,500,birank,1009,20
R3T_74k4uj2R6chmCruY1Q,0.000411980608997975,501,birank,1314,20
NFFS6Qow43IRG6dRPgZCzQ,0.000411721515086,502,birank,875,20
eYoOM8C9mEpdZx_wAsqcug,0.00041110195767964997,503,birank,869,20
g2jeKyXYwHUaiop2UPOFXQ,0.0004109509424352918,504,birank,1033,20
AaWmckcT3O1iQSAIUmzwUA,0.000410853849698075,505,birank,519,20
9sOHuGGwb8uRVu7pANSWfg,0.00041000516859537504,506,birank,919,20
XnbuS6ieFxsDSH9go88juw,0.000409374471633575,507,birank,439,20
RYfl2IphOq0xFN0N8pzXQQ,0.00040909987552535004,508,birank,779,20
jL251AHFcygyUEfAAF3h2Q,0.0004073202911239,509,birank,982,20
2PeuTPjcC5jEyrMt9o-w7w,0.000407311331431675,510,birank,1723,20
s3ZR7G5l-YN5fqms8vRSRw,0.00040711390332227496,511,birank,1024,20
2ZSnGlqj8JOWcN2bNf-3SQ,0.0004059958463883,512,birank,1018,20
caGpaptBP4BKJkpH5W6cvA,0.00040562486220710003,513,birank,956,20
D_JgJY5V54i0EYOdTHmWlg,0.0004052236857924,514,birank,774,20
PrqnVokpplB1Lt-fkBILTg,0.000405000850922475,515,birank,662,20
eqNutOMnPqKa9QDAY6KfEw,0.000404474722314275,516,birank,635,20
GjpMXrlTWpADpyUR1WByNA,0.00040367572454015,517,birank,1326,20
LkasU7-347mpSm3erAQHyA,0.000403643108739925,518,birank,536,20
WYFbNrYDgw7gNDvMxa0rKA,0.000403396555799775,519,birank,352,20
AhptHEV4nFleCv4yOwp6fg,0.000402708502565125,520,birank,1210,20
hqm2zJ1WY5UaVGZ6j07NNA,0.000402547127084,521,birank,722,20
w0OBYjoFdChfFDsP6f1KYg,0.000401748951467175,522,birank,479,20
k2YJkdLg25xlYjshpeEtkQ,0.00040158116367855,523,birank,911,20
PLgwTcTuOPHvJhy7nGjx0A,0.000400884633443775,524,birank,533,20
I13HqIkWfR6CydGbo9xv0A,0.000399023821209725,525,birank,599,20
oLawoBd5XG8-56bYZHk1aQ,0.0003987072095504,526,birank,495,20
Fe54PN-9GABpQM30B5o08A,0.000398369581646425,527,birank,632,20
qlRE9dbbQdDbdeL59Mkn8w,0.000398359711092375,528,birank,1061,20
DF_cgKLV_YMDkBaNlE0XoQ,0.00039829371323267504,529,birank,931,20
5PLTCfyndcWM44-yQH-YRg,0.000397791137812825,530,birank,1043,20
G8pVaj3yS503ah8fxncDVA,0.0003975475222032,531,birank,522,20
l6cY2ndR-6GmqhVeuA0VgQ,0.0003969791590475,532,birank,520,20
1feuZITxuTrl9mr7V11kwQ,0.0003968264179276,533,birank,863,20
eltuhV8KTDIhqdYgAyknAw,0.000396106850974125,534,birank,562,20
fZzvYELAKZ0A8wePhHvdiQ,0.00039574618698747497,535,birank,908,20
kOOiEcy0UaWLwCPgZ95nmg,0.0003953607434316,536,birank,654,20
zxuVnNVAUm16Sro0dS_lmg,0.00039525078932105,537,birank,593,20
kEVptUKa_OUPn_50sTmoTQ,0.00039482595562235,538,birank,923,20
4bNFWpQtS5PtfjXuxTc-GQ,0.0003939031388443,539,birank,598,20
xA6daGPW81vmyg9iRFEGbA,0.00039332695422165004,540,birank,620,20
6FvC6w810uf6O7Ocd6Wpog,0.000393158745560275,541,birank,640,20
wNuyxdg5wGoMFG19k1j59Q,0.00039274847390842504,542,birank,316,20
wOKMPDy1oixxGgI1RYDEqg,0.000392489795257975,543,birank,300,20
3PA4Hc6G7ON6i_lyTpNf9Q,0.000391991066275225,544,birank,1015,20
otJAPyE7thHcLuFCM8Wtvw,0.000390961144240325,545,birank,560,20
R8ty0f2b-G5Qh1h-NGQDrQ,0.0003900621315945,546,birank,570,20
tWFRO1kaw3wghhzFb6D-hA,0.0003879332907664,547,birank,344,20
e-ZyZc24wgkKafM3pguR2w,0.000387098444584825,548,birank,1276,20
VVHfqUeYyAA9FEsH-6PI2A,0.00038636157063705,549,birank,1263,20
kyRUZEZThKotuabJQfuXYA,0.000385226510945925,550,birank,791,20
ZSwDwV4o8MvX8cwMgfE0LA,0.000385196799780775,551,birank,680,20
SYb7oCytGSV6a3RnSFnE1g,0.0003850213801873,552,birank,344,20
uTq9qVkOuxjBPjqC7K0XYA,0.0003849941591683,553,birank,310,20
SKKiHIOPKD3wdf0heTBfZw,0.00038427234915676596,554,birank,778,20
sy9erwW0yTpjsTQ1eLtnUQ,0.0003833087792693333,555,birank,1089,20
H7gG-N7vU6DOkCRMM02MOQ,0.000382988386706975,556,birank,625,20
JIf1gHuAp_abYX7i1b2Y-w,0.0003823869319596,557,birank,809,20
K8O71Tb6xcza0g1MU608ag,0.000382268740637225,558,birank,725,20
Njv2-eMDyGEWEPEOVonwsA,0.00038213564168324997,559,birank,719,20
jNvVJBh447ya0UFvz2676g,0.000381854496110575,560,birank,804,20
AlyKaJRNi_2lj5y96QtjCw,0.000381704123040775,561,birank,392,20
a3p47WxYVo0BZGJoP1O0qA,0.0003815724887796,562,birank,980,20
x39G7-aTCVh-972fgogKtA,0.00038154879069915004,563,birank,936,20
2aZNVfzU-3672SjRHnPoOA,0.0003815007660687,564,birank,692,20
3cyjdxvskRcADylzLI32cQ,0.00038061913877075,565,birank,450,20
p6JxfR9ebAlIlpm674F-dg,0.0003803919377946,566,birank,2048,20
3yW8-dUi1wwCEf0URxUA7A,0.00038002148422315,567,birank,2339,20
1myhYEZ2EC98hrNMw7KAqg,0.00037953015832767497,568,birank,431,20
7arJd6e88ozMfrJT2nCwlA,0.00037776472662604996,569,birank,433,20
3aCIpZgIeDwB1uQBAaPbKQ,0.00037690285951419997,570,birank,887,20
h0z6-ExVdz-FkU02Dd4APw,0.00037672076699135003,571,birank,640,20
AJ1-2fZZWPgpq40CmZapTw,0.000376676776205875,572,birank,638,20
c_MsK_ra1MB1Q9KvZgNwww,0.00037609164076165,573,birank,921,20
d-e9OJzjy-_bWs3r6fKIbQ,0.0003755038606872,574,birank,422,20
CRnqAB-ViEfQ0CQGOlEIeA,0.0003751779476236,575,birank,420,20
zwBvdDWFQpYJE1UMDTlSyw,0.00037455157373515003,576,birank,519,20
MTB9CelShC-x4jj31BJYAg,0.0003743329073968,577,birank,641,20
tVELQMCI0485CPvgtTlMDA,0.00037389718058077504,578,birank,606,20
RHj1RITdSwuXTc-lfJPO-w,0.0003738825265452,579,birank,1066,20
o8LebIdVCcy1o0bSD6nT2w,0.00037383511164125,580,birank,304,20
_3U2YwnbcdtDc1UVvjUrkw,0.000373455050078425,581,birank,663,20
0f7mlSVIAk25QuEKGmVbPA,0.00037342264111782505,582,birank,463,20
jDO4n9lAZNlQTcTFEObfyg,0.00037284277440295,583,birank,1537,20
TlokHyfEx0HxFYKDkvpdBg,0.00037283134357683637,584,birank,1297,20
wm23rnUccF_3en3NSN7afw,0.000372673173959425,585,birank,833,20
_bofVL_0MxlZYWBa8XEJEg,0.00037170972615795,586,birank,557,20
ET3d_6BRUyyEzzwAMsqpxw,0.00037017868084207497,587,birank,1269,20
RL6BaK196Scg2DEY3Uc1AQ,0.000369966046025725,588,birank,400,20
Y0izXh4Dv1_YU68tn43Xiw,0.00036981034538830003,589,birank,823,20
SLreQZjicOqB_7MCfJ8MdQ,0.00036765118568749997,590,birank,468,20
BJeM2i8sJ_ulULeIAuNq0g,0.00036714738963935004,591,birank,475,20
BN3LFoIi1AFQ4IZhvrMXsw,0.000366891991139675,592,birank,699,20
Y-JwO5yETnBEAXchodyMhw,0.0003662034697186,593,birank,506,20
fX57gus0k0WY92W8r-Mlwg,0.00036569086243425,594,birank,404,20
lRznUOtLYY2GP_dvc7kmYQ,0.000365627431960925,595,birank,469,20
pDUcsN79bDwhOMBaD_tm-g,0.0003654543693015,596,birank,909,20
Yll7kUVI7j0gArBMQKpEaQ,0.000364694333139525,597,birank,422,20
h_rcMQtglIiAs-Oc5d8Ozw,0.00036438943482604996,598,birank,1324,20
2IahpaBR4U2Kdy9HF28EQA,0.000363554985309775,599,birank,1784,20
3KYD10PwNu_gvtcWXWkZNA,0.00036245888509725,600,birank,689,20
RCakEv95bIHqYkhMXZwGmQ,0.000361414757688,601,birank,532,20
CQgupIpIbkyiVLUEcMIRCA,0.00036110973710935,602,birank,629,20
lAbUj9aQ7BX__vZNYewTJw,0.0003604231953266,603,birank,864,20
5zldWFm-ExDsDfQ9Frb_3g,0.0003599459308684,604,birank,453,20
eaJCpC6IhYphj7bwCDHTwQ,0.00035878649889982503,605,birank,863,20
fhoqmnw5sXzj91-7yBW0Kw,0.00035817710900935,606,birank,530,20
CVqpTp3Cmud3rwAuKj15gw,0.00035787507750650004,607,birank,922,20
G10zNaL02YL5ai5orAdDCQ,0.00035711333106945,608,birank,501,20
7dLQkwWU2fRqTlvplg0iMw,0.00035592874884962503,609,birank,1212,20
HGpo8xl2mmYInwnHXenHCQ,0.00035560772354254996,610,birank,202,20
xwk_8nCLpolbdZpKcWicRA,0.000355294282604425,611,birank,686,20
1S5JNnoREqmcy90pZq_naw,0.00035464400248560004,612,birank,486,20
qkMMO794-59404bUiJ1Odg,0.00035451569918005003,613,birank,667,20
jJL3HcGjgtcUdLub93ZxNA,0.000354190527179525,614,birank,912,20
XrtJUw6CyipHlFkKrdHbtw,0.00035389441087632504,615,birank,312,20
z5nU7jIyr-_Hv5ZDH0nY1A,0.000353851668583375,616,birank,663,20
w9_EQB0SuAFYxPMcfY_P_g,0.000353065559048,617,birank,1296,20
noRT1heGkIflS0_S2ciF2Q,0.00035285754673912504,618,birank,470,20
-fJPJP7iOd1ukDNqTSINIg,0.000352559307023625,619,birank,772,20
1W657uKWvcMKIHaOmEOc-g,0.00035220972106462503,620,birank,543,20
USskWtGN3NmR3CRRaMX5IA,0.0003521689789445,621,birank,278,20
FlDkxuO6MGrW7x1OJTtJew,0.00035185909026622504,622,birank,911,20
p7UGlPkE3Gagm9Mq7aHfYg,0.0003508592136774284,623,birank,1293,20
R7ZqfB-4Z7jyl73iQ58nEQ,0.0003495814996627,624,birank,831,20
oDlF5bfcQrYkjK4D4_Nw9A,0.000349023750146475,625,birank,702,20
68YMbUXLeDo28HmBbFJ1Wg,0.000348398296152625,626,birank,301,20
103cmgKE0n1Cb8QCEXvbQQ,0.000348317473609925,627,birank,1251,20
JwKs0t30KXFg1B-Pnm5FKA,0.000348182223537825,628,birank,932,20
OX1eFYQwN1iYdFd0fkNpqw,0.00034697612807895004,629,birank,375,20
jHydJjohvKsK8Imh9f_Dwg,0.000346620123434625,630,birank,544,20
-qNVtEd8Z9MtCfC5dii6nQ,0.000346116308316275,631,birank,612,20
0yOfDyqoJTp6-9qbyroyEw,0.00034609843529997497,632,birank,511,20
fgTOJRkc703E4XRdcr5zRA,0.00034605993662005,633,birank,2154,20
TZ9eAkKBKxj4HF_4rga9Gw,0.00034596541866690003,634,birank,297,20
Kybc9ifWDfLGUt7QObEFVQ,0.000345282378513525,635,birank,933,20
TI3Rydw47yBMzY1oW2wJUg,0.000345053240942625,636,birank,786,20
Y6K9DT44-4Md-ycMkC0nLg,0.000344951228113675,637,birank,722,20
u7KZF5EegKTUt9xtr0yMYQ,0.00034481308407302504,638,birank,478,20
solZespjuuKYogZQHvXEGQ,0.000344507127332975,639,birank,532,20
GOSVLhjUT6TnrPhkkmDOpw,0.000344371175570925,640,birank,415,20
mhj9KWNqKnEAb55-94ZzfA,0.0003442991108258,641,birank,479,20
A3Qt87F7ZaAwCW4CyyB1Fw,0.000343949540663625,642,birank,431,20
00rY5F9ltW-IWf2Ev96kOg,0.0003424275449854746,643,birank,1082,20
NgEy0AX40Yg4Bpon61wbEg,0.00034150596343575,644,birank,650,20
g9p601DS_0uq-aiEA7ypxQ,0.000341316118163375,645,birank,569,20
45D7B9CqiUTTPUFcqmLx5Q,0.000340575847651975,646,birank,583,20
eUAaIuf6oa_gHnI2j0ep3Q,0.000340365540135325,647,birank,310,20
Xat8Yhqly9GdM7kYcfQJyA,0.000340119900357375,648,birank,321,20
iXPEyHqvaDUWLn4pw-58Fw,0.0003399507215858534,649,birank,816,20
5TVWytR2oNbSKYgfxypuBw,0.000339766847415575,650,birank,757,20
-lhHSR1Aws4CyYC1XOPVTw,0.00033912104840415,651,birank,458,20
WzykqsihM-Z6HxsLfwJdhg,0.000338754988084675,652,birank,426,20
J2Jl-zmU7bjKsc9JZ65c-Q,0.000338610427388925,653,birank,542,20
WY0ji9m-qAOc_6lK8h4pNw,0.0003385107893739,654,birank,643,20
IDU-TR01EtRLCMvI_CcOyQ,0.00033837190157552503,655,birank,587,20
C4mWzmxdWDtYR0tFRVGOPA,0.00033808725143489996,656,birank,812,20
Z3KyNcSMuOj_WxMwSC0Njw,0.000337535311228075,657,birank,664,20
1u2IlvwOMndfuRk9EVcieQ,0.000337303832462475,658,birank,915,20
8cvkk0HB-F2Irctug1h3SA,0.000337000128952525,659,birank,649,20
TopanQyFir2nX2h3e55OnA,0.0003363090453950416,660,birank,581,20
yYwNi8Ul3P3JK605fVUlDA,0.000335867206527575,661,birank,529,20
uVJkqQ1U9MH7hBorrwGhBg,0.0003354895701771,662,birank,456,20
QJfM8uRNy6KHhj6kIatzmg,0.00033547587349245,663,birank,508,20
-9rRsa_9GTkSYkPdKa7T8A,0.000335150138108775,664,birank,409,20
LiHdRXlcj0GDm_e97oiwKw,0.0003348183077809,665,birank,722,20
A5b9nVDi1DPVvPOD24-p6w,0.00033438243201967235,666,birank,1401,20
KobS8yqBelXH11gaIhZJSg,0.000333516797611525,667,birank,1044,20
_uIK_DBXx8ekjl5O8ZxgsQ,0.000333305852845875,668,birank,1318,20
U1Gao2oKgFaggpksDIctiQ,0.0003331213241152,669,birank,874,20
V66EXhrxKanesMhoOqsORw,0.000332729665079375,670,birank,341,20
CybLEjtw_fhkiITdCN5GZg,0.000332619219713575,671,birank,386,20
xSMPGUKxl7p3ls2KBMaNHg,0.000332440486141,672,birank,251,20
x5GkG0oI_S107wLlgdBxVA,0.00033182043490605,673,birank,384,20
K-xbMAQYJKC5HlpvC0lnDg,0.0003312142051006,674,birank,872,20
3tvi-OJ_-iK1ecjzSaH-oA,0.000330824593543675,675,birank,524,20
KU4Y64Xo98dadz3umx41zw,0.0003306158778843,676,birank,764,20
DxzL49yhgQ2CxZvmcXV_YA,0.00033050096813662497,677,birank,459,20
rDuHKSzTFJT_iyetAsTboQ,0.000330461333994175,678,birank,522,20
mcmOeaoHlryrtogjd3tooQ,0.00033011709089365,679,birank,430,20
Scd-rcsQCn60t1sHHFv-og,0.00032959729703180003,680,birank,770,20
FMUvCniLe8m8BHSYUsnH2w,0.00032928679099695005,681,birank,690,20
L3QX19EWlkS-clS68Boydg,0.000329100167768125,682,birank,1326,20
T85Ck4uybby0-klUlxF_nw,0.00032869475403875,683,birank,439,20
YK9kcUVwuI9j00g6o1k7mg,0.000327471349127175,684,birank,811,20
kb2Zvig0OTEqlA1xS2lakA,0.00032737162861380003,685,birank,704,20
-BjXcRcvDqOQ23eUKx6hjg,0.0003269872664892,686,birank,1245,20
w2zvMPmyqxalHQ5LVmFktA,0.0003263584107417,687,birank,549,20
3Myk3oAOJq6Cps2SDYQZhA,0.000325516354184175,688,birank,629,20
osOONoA8wMF5ZpLWUS7VOw,0.00032548041350980003,689,birank,1355,20
rQyJXOiZ39eRJ2l9OMpw-g,0.00032521055640157774,690,birank,320,20
6kP_X6j0Pu7XDVFNWKsi7Q,0.000324768498948225,691,birank,428,20
D1fjLsZb7eDnE81XtYXMhg,0.00032398394020470003,692,birank,829,20
5Fr4z608s58HEHLK9K4DSQ,0.00032375786988965,693,birank,619,20
OjgZGDH-qJ92Enr2le7c-w,0.000323706139119175,694,birank,531,20
Q9poenJ9SS3agpPo4Pgyyg,0.000323581135415075,695,birank,629,20
Jn8bQ86NMVlCG3tY0YVLaw,0.0003235527909782,696,birank,616,20
sjosv3U_wxN3Zigr7gIx2g,0.00032347293960960003,697,birank,920,20
BpIwDr5mG6wG5-Pxu3yxSg,0.000321911674841575,698,birank,267,20
wVLJwTaeTlTFr4il0pVJ5g,0.000321906093768975,699,birank,353,20
_YfdFmhYhaelhlQXoGCktA,0.0003218877124574,700,birank,541,20
fSCyylUhuA9BSakKPFoUbA,0.00032119076027472496,701,birank,338,20
hDr_bt6MEwlGvGCCKzyzhg,0.0003210908759547,702,birank,594,20
AtIGlkUITdQFhAG_JWp-Og,0.000321067808953025,703,birank,314,20
qck6waU6WlXBesRKmtsWfg,0.00032097010392379997,704,birank,1394,20
-qXHPxXkzTxYSelS4nLOhg,0.00032094399822587497,705,birank,199,20
h5tEpWXExIFwv70QN4wlAA,0.00032067749340262497,706,birank,393,20
9lTtm4UUHDrDtv_BmXI8uA,0.00032024113954395,707,birank,358,20
FSvFk1lWR0YBYP_-L_iLTQ,0.0003201052731265146,708,birank,1108,20
lm-KtpMuHoPVCkC7zpr_xg,0.0003199035552941385,709,birank,182,20
VZFQS0SXzXPuxISbAgIVBA,0.000319856718321875,710,birank,460,20
2Sgt5ekJ7F785czScIZEYg,0.0003197241166447,711,birank,631,20
SUpQ7uFtXvdzgVubewMV8g,0.00031935700638682503,712,birank,1085,20
XJvOamdhTQI65jmzTfreDQ,0.000319332840525925,713,birank,452,20
0XqNLXvLK3n6j5uDww1qCA,0.0003192771206572,714,birank,877,20
hxc6TmLzsENk4xsjm497qg,0.0003188826809991916,715,birank,558,20
2N9WHETHcYJsfYpHQ-qN_A,0.000318740274477225,716,birank,370,20
L9sNYgV-TKTQdkaeEZBqEg,0.0003186212832464,717,birank,577,20
pmnaMretlgmAA96i8Z7NFw,0.00031787147863565,718,birank,267,20
1-z7wd860Rii4kbEMCT8DA,0.0003177009843428,719,birank,424,20
sKiwf8xmLzp11hmewV_jEQ,0.0003171600984934,720,birank,1456,20
ZoSDp6Ycoy9H2spud3PYqQ,0.000316667282739025,721,birank,301,20
l3S_LsPam6ejdQo37V4kVg,0.00031664748638053945,722,birank,440,20
3DKGhJXrqhVOQGFNiSp9Vg,0.000316640436295075,723,birank,722,20
TDRw3TX_lMAqwsHRfVOiRQ,0.000315782401709075,724,birank,218,20
_zdARZbZNr4k8AD-SJDCgg,0.00031528943477980554,725,birank,907,20
XQfwVwDr-v0ZS3_CbbE5Xw,0.0003152125378554,726,birank,352,20
IzyQVIJG8JAnOiRQPb0-wg,0.000315087718705925,727,birank,463,20
o5DMQMa45xWM3mZqTVmsuw,0.00031496403840005,728,birank,392,20
h85b3MFPWyaopMBy8DpBpA,0.000314854605165725,729,birank,265,20
bZcW_CPll-WaAgciSLPyrA,0.0003147142040714667,730,birank,357,20
KYFJ7qh7bYYAsjnGrhH3NA,0.000313831863966875,731,birank,1314,20
eZm0-iedpPrumpf_4eeJag,0.000313745805705425,732,birank,905,20
PRsj49qMOyW9fbztKrRglg,0.00031370264772095,733,birank,712,20
FCAqHUb6Wn1ABMDQZG0Dnw,0.000313421686474925,734,birank,314,20
YNP9czXLpMaEXZh4Bpi1Jw,0.00031337738848020915,735,birank,273,20
hYs3ioWpQr-WwV9nRD5lAg,0.00031328722826645,736,birank,351,20
TebJaTyTkScemRVHZUAPoA,0.000312958058343775,737,birank,674,20
eQm15lzvMA_0xRG8FyrSSA,0.000312870554506075,738,birank,346,20
yYG2XDKCaf5yOLgJSKMw6g,0.00031269511325845,739,birank,1004,20
5hyIty7KkRfVE_1gCKbUvw,0.000312263623884975,740,birank,470,20
-8luB5pJ7d9UOoiF7wikkw,0.000312141627526525,741,birank,882,20
sXSUzImYOcRRI3xtG2M85g,0.00031165808976572635,742,birank,497,20
9CRWWbw3iOo4-9FMAO6nKw,0.0003109328411483,743,birank,437,20
nMn4CTJQPXqpgLltYQrxMA,0.00031068659164985,744,birank,998,20
ArHq_uM3K7mxAiqwFEcKsQ,0.00031044901986175,745,birank,307,20
vzG8THG9K2lDu-Ah6vFAVA,0.0003085462405265,746,birank,325,20
wGWnJ71EHjyrP7vuHxYoRw,0.000306877769977725,747,birank,294,20
VgPDZyDLIWe4NVetnvjqig,0.0003065982138807,748,birank,1103,20
bTve2mwLk5Zc01vRKqc2KQ,0.00030644335237195,749,birank,598,20
z_37EXfWEVMV4telxsbGMw,0.000306163706831775,750,birank,543,20
JtY9OkVp8lfdFVTahNjHdw,0.00030589020828829293,751,birank,266,20
fUlCcUBeYRC80S8iWgccAw,0.0003057644184574298,752,birank,183,20
IrKk13yo5Wx8rAjlN-PZMQ,0.0003052314770882,753,birank,602,20
HuECL2Vymf6WXvnE1_bvRA,0.0003051186918357,754,birank,362,20
qlO8LCXgSAQ_Kz2hMM3Zyg,0.000304449416155025,755,birank,239,20
t6nstSOOXkjSiGDE1i7WTQ,0.000304437121519925,756,birank,407,20
7XSVBJVuozQZL53D3DlypQ,0.00030289234530205,757,birank,606,20
utJbQdm48JxR39EWnZ6k_w,0.00030255120343862497,758,birank,420,20
ASKMKkejMCoFA4gIfdhbNw,0.0003024621033478,759,birank,433,20
qDz3dmLlGrra33ZkDAMkaQ,0.000302423879800775,760,birank,440,20
-uzQNt-3jsRK5okUuJiQLA,0.000302420555971625,761,birank,482,20
lh3ApskP-4XVdsQ-82792g,0.00030235429827724997,762,birank,776,20
OAjof8dhS2zScmZh2Xuo1A,0.0003023373928159,763,birank,2799,20
Y94rTUdjh15qoKR3w8NBaA,0.00030217608474971823,764,birank,102,20
UiJiURqivPDuvMsFgRF3yQ,0.0003019712798412,765,birank,386,20
AsMmX7njOzFkWsJQ1jMVCg,0.000301580471714125,766,birank,272,20
3yGN1hq_X-_xfzpgzE7j4A,0.000301316563971625,767,birank,832,20
QJOC6Uz-RCpzPB6aMjtP9Q,0.0003012047946793,768,birank,276,20
0f69gYJBDkWpi-F9JlPSkA,0.000301074128517625,769,birank,423,20
2kfa2IBX3oy2zQX4PAkEpg,0.00030097245003695,770,birank,513,20
WnnfNMayJxtPBEHqR9EbrQ,0.0003002290183110657,771,birank,1252,20
oIr50siZDtDYCE_p5K8nYA,0.000298983784603125,772,birank,440,20
eFwFIh7olBwMHQ6ByoRH-Q,0.0002989771580226667,773,birank,502,20
k0AO8X3VzWe_F4lkMb0eSg,0.000298751994545425,774,birank,408,20
SyKHFYhRzW1hlwDga5EWWw,0.000297772444988825,775,birank,3596,20
5QefK7gbedeBiqsYJW54Bw,0.00029718575055457503,776,birank,423,20
gP2pWousNNGLtD4ahpNEow,0.00029704820467280004,777,birank,290,20
emrUsUZvqCkytUu4i3kjLw,0.000296917490439575,778,birank,682,20
QAlWB_JXJNQyg-kqAK_Ciw,0.00029651914537795,779,birank,462,20
-0gRYq5UjMtZbELj0KHxzA,0.0002964343360977,780,birank,424,20
OPW8NuOC_9FVFXsaHOO5JA,0.00029631024528685,781,birank,726,20
km-biOKD173NkcpWk_Wdng,0.00029592878374015555,782,birank,634,20
u-8sFq05DQ6PYCR5HiKZ2w,0.0002957696860755,783,birank,587,20
uLM1kVK3-gYuUYkgnCoTyw,0.000294958433608025,784,birank,249,20
a8r64xZqHHyUhnu4sFjN7w,0.00029429769009096663,785,birank,107,20
7NITtPelRe_oQRsWACI3yA,0.00029424608800497496,786,birank,225,20
N3CuXqWoFpBtYMBGhBE2fA,0.00029402398959620004,787,birank,605,20
YG1fT80sd9swV0oe1gPh7A,0.00029390605441965,788,birank,354,20
YgbIbmfDlB-bZSsjuIfKwA,0.0002934274485487,789,birank,673,20
MU6oyNoZoYZJtEZvsrnwOQ,0.000293425182720225,790,birank,565,20
WHLM6UhwSV0tN3CrmSgsUA,0.00029318584607975005,791,birank,440,20
AooN1OtJJLh1G6A-8u1v8w,0.00029293152935289997,792,birank,446,20
lKCEFd8Z7tZiBiLT2J741g,0.00029277641686015,793,birank,547,20
8MyjJ5ocf9VFjdscKrQu4A,0.00029241152551125,794,birank,420,20
RrrqJ2XY0CXNBot7zsdXPQ,0.000292312083316875,795,birank,320,20
_mGAcxIOqKcL3muEg3LHLA,0.00029184416544384274,796,birank,263,20
THSP3XyEjOgqpXcqwJoCyQ,0.00029175272375435,797,birank,491,20
45siW2fI0Cuv5ZKCS23knA,0.00029167205852425,798,birank,610,20
ZForVw2ZTiwDGfZ0XvZsXQ,0.0002914895086584,799,birank,291,20
fusQg9Pj0xUC8CzbO2IHrA,0.0002914528552530381,800,birank,1270,20
AWJyivVwe3t9BO-k8D0ynQ,0.000291288344833475,801,birank,764,20
MeKViQKZmx6kL95MIk8cpA,0.00029126787162705,802,birank,783,20
FxeakFEI6gObK0CxcOft-A,0.00029126402845,803,birank,839,20
3NsTKp85H2FUjr1SURf0NQ,0.000290919430240575,804,birank,834,20
JyOfFuVEGnhLdoN3K1WewQ,0.0002908762746897,805,birank,295,20
BsW3-SdZ0X7NYnb-EwwXzg,0.000290622945441,806,birank,391,20
dGuXwLXcJOS0l-aazD623Q,0.000290283539725825,807,birank,352,20
4uspKB1d3pGdgjOClA-UkQ,0.00028975779673105,808,birank,1121,20
EvYeRMbG9XlEkafCJfnovA,0.00028966928484135,809,birank,240,20
QOyQSgog61fY8kI4IxIBuA,0.00028963549631980004,810,birank,905,20
K3t9JDcutfnkivCOL-fMrA,0.00028955865294054525,811,birank,475,20
wBa-Abx8y5SLOqbohCA4nQ,0.00028953530214510543,812,birank,692,20
Y0WIZpnXFFT5VH6WBVCxlg,0.0002892439459744,813,birank,378,20
79OES-kMb3VGsdy0nG6G2g,0.000288791661024025,814,birank,1212,20
oskXqC-K0AFLtgbTA4D3gQ,0.0002883154878601,815,birank,557,20
OPQWnVzSu70iE26LOaZiJw,0.000288063576466375,816,birank,901,20
3tf6oHkhN22mqFNMSPsZlQ,0.00028801823156695,817,birank,1193,20
3hUjlS-wMHJyUrgacwmpAg,0.00028783534799762503,818,birank,774,20
noBinj5ChHbPCHfqTcUO6g,0.0002876647115218,819,birank,808,20
TEv0kn08Hq2UZ3k74Ieh_Q,0.000287655489498925,820,birank,695,20
ocNvlc_zH3VdBbRpB6kwoA,0.000287600643389175,821,birank,305,20
61XRu-DYQur5epSxRa0ncg,0.000287595758795325,822,birank,240,20
QAMJIJQ7SMO-C5xUN37iIw,0.0002874718779802,823,birank,390,20
U_Sw9VC6mCyTbUo2mejS0A,0.00028733012142095,824,birank,1492,20
TW--ofc3fcj2LM1Y-UK5rQ,0.000287101922124825,825,birank,1337,20
pRf9_8_RNSjlRo8YrfqtOQ,0.000286680815546325,826,birank,813,20
DpHiXRM3cxC9c2i4idYw0g,0.00028651255116155,827,birank,306,20
rv1KUBVNQkJ5WUQb49dU0Q,0.0002864977899780256,828,birank,326,20
kFxHQcrCEycaWLEOkkoE1A,0.000286387516243675,829,birank,544,20
PPcz-0UtIJ8O7xDT551y2g,0.00028633659554660004,830,birank,469,20
VOEMn_VFIXdURXLPPms_TA,0.0002862460711221805,831,birank,570,20
eFvzHawVJofxSnD7TgbZtg,0.000286228256544925,832,birank,1158,20
4D_GsaRoqk7P09VOcgezlQ,0.0002861513792969,833,birank,655,20
0NkRPv4QdGubH4xVD1DuNA,0.000285535536130275,834,birank,461,20
pq8x9lii-ZV1U4RJVG29Lg,0.00028543122397550004,835,birank,786,20
wiDpuSCBqbq7jzw_vMuQWQ,0.0002852933610278,836,birank,602,20
9y_0_oMDt9R5n2lDcWQv3A,0.00028509219182572504,837,birank,246,20
hbs43HZRB1nwMzMtiT9lsQ,0.000284433272099425,838,birank,383,20
3n2FIVhxAjG6fjju4wdzXw,0.0002839513792097,839,birank,1475,20
_vZSIIqBsw_IUmxqNVOALA,0.000283759598450575,840,birank,333,20
4nkbXXzgUn-tViXzuoKR1Q,0.000283640855396475,841,birank,425,20
bLVeimoq9gWtW4HBzGblmg,0.00028323055569992497,842,birank,282,20
EQXQ8KvVBLeOdzlwXjwGYA,0.000283016760105175,843,birank,307,20
izSgTrqebu8bN8ONOCs6cQ,0.00028206103867375,844,birank,190,20
F-j6PNGnA8yz77oIZMcPMA,0.0002819679034126,845,birank,361,20
zcBaGiS6dNDdco1wgp35fg,0.00028173412682385,846,birank,699,20
ovTOR6ci8a43WEWm_W7MMQ,0.000281327728823375,847,birank,454,20
Ukkr1N8UApmJsOzbX4XnRA,0.00028115162878005,848,birank,723,20
A0F-h3xJm_6gHDKcDQwSrQ,0.0002810926308140414,849,birank,1066,20
jZGqAdBlDnrP-J7--vdPxA,0.0002809772417456,850,birank,491,20
wEtG1X39TB6c78OlkKrVyw,0.0002807706365162,851,birank,311,20
w8Imup3Dy0-v377-ixFuWQ,0.0002804268829182247,852,birank,153,20
pFoBM2CKL6PORYUplVvuFA,0.000280246590290675,853,birank,610,20
ZWTaHa3PUhllOcvlCEgybA,0.000279751058142075,854,birank,291,20
1iUzYwhTMeNf6EkLpVNcVw,0.000279486866381,855,birank,190,20
sOjbtBWo-m6rpjHv4tA_oQ,0.000279473653139125,856,birank,471,20
2SevIwjgGdDdkIfs3Peu-Q,0.000279336902379175,857,birank,400,20
PbFG_A7A_fE-6oL4kC_zQg,0.00027901311958175004,858,birank,388,20
U_NagvNEa4k150qLgul_zw,0.000278428060464975,859,birank,432,20
hg-2O1MpZ24DhhR4WWofSw,0.000277304136823125,860,birank,240,20
xCXGV3wEvYd4xBGx8ZRFQA,0.000277246602611525,861,birank,1141,20
O_1sGyWvZsPbAh09-uI-bQ,0.00027698656548305,862,birank,280,20
m_5jK3w7t4CS2ReIZI_grQ,0.000276889521617975,863,birank,717,20
8E2--KcyOrJx8my51jid2w,0.00027674017201155,864,birank,835,20
n2PM7rljiYFN8HROzdneeQ,0.0002761118798029,865,birank,409,20
JkBiCY04rSSAa7qrawqUsg,0.000275905877987075,866,birank,513,20
d4FXXwFDzUv8Qu4hiqLUMQ,0.0002758477753866,867,birank,773,20
4FDOh7BAb0pgLuD8rjl3bg,0.0002755858773387,868,birank,804,20
Eyhku3u639xTM27UdL-ksQ,0.00027489994078977497,869,birank,234,20
b0zp6rgcv7ZcjToRoVhcmQ,0.0002742753736389,870,birank,580,20
xlqqHO-iL5VEqPGZUOyIyA,0.0002736019552791,871,birank,399,20
MG5FKykJ8gvvZlgv3Xhe0w,0.000273387928352,872,birank,457,20
1vN178lXfJ77EmFRBYzteg,0.00027329021363725,873,birank,181,20
zS7ygYwgDMh5HSDzG3oShA,0.00027326218509302503,874,birank,801,20
Ag3bj6WStEkDa2Ha72pQ7A,0.000273197993788825,875,birank,1060,20
9pc7HKeHRkBIcrjqcP_OeQ,0.0002726409657155,876,birank,330,20
5u_eZ2_GYsPtLuRwAajgzg,0.0002725766524482456,877,birank,135,20
vHAjYdA3c4G3E7HKMl3OgQ,0.00027239239775915,878,birank,168,20
4FaYG9qKDpDyr68bKmaIEw,0.00027200412194885,879,birank,293,20
jW8RwU6gT4v3enWnAWICng,0.000271922572216925,880,birank,228,20
dmx9rfhDOixCsCA_DcsEEA,0.0002717240378348,881,birank,924,20
C5MdSiVtZKirRghyh08C0g,0.0002716181495089105,882,birank,879,20
AF4eN-oI7IWwjv0M9BiHxQ,0.0002710592398281,883,birank,247,20
cQF2tZfLvdb4wg7vxvBRZA,0.00027096937226185,884,birank,197,20
eLqHSAK0bXcEy6Q8pBYR0w,0.000270845405035975,885,birank,643,20
bF30LqHuXYtR8ibaRbq2kw,0.000270512254342525,886,birank,727,20
ippBb9s-n0O0-MSl495sbA,0.0002701668208991,887,birank,608,20
7Cecref3HqLLpVLhMB1oTQ,0.000270130050655425,888,birank,220,20
hZyq5_bP6AHCPxGWapXS_A,0.00027003264316540686,889,birank,523,20
nzqx3NJ1Yf-1bugLNikSCg,0.00026996589273364997,890,birank,707,20
6fvE5PQQ8mldsMDU8IsQSQ,0.00026990250985282503,891,birank,335,20
g3G48LvuvwMdOg9J57gkOA,0.0002695671657166,892,birank,542,20
ansXZRD996GrOrR3esP_eA,0.0002694711675204304,893,birank,330,20
vSRdQJkcExJqR5l3QPmy5w,0.00026907228709345,894,birank,387,20
g-vBH_blPylAXzR-P0DtOA,0.00026880103918445,895,birank,178,20
7EXwY2JuIRcG88Dun2bSkA,0.0002687688507925,896,birank,665,20
mG-JcnRZCAYfznkxhiClkA,0.000268477272920325,897,birank,337,20
GTS97x6mFLjGXn3ITKaQuw,0.00026827011486562496,898,birank,486,20
EJ_ua43d33kN-rnc71LPLA,0.000268125728658025,899,birank,381,20
r8DNf74pfvCdy29fGuwAoA,0.00026773986958816473,900,birank,520,20
aRZV74C9w723hu9A-C20gA,0.00026757669509667504,901,birank,300,20
_JHGrg4DNqMDlFplgED25w,0.000267500199901775,902,birank,241,20
lV9Zwwau6ToYrh1_F6Q7cQ,0.00026699152975945804,903,birank,820,20
bMratNjTG5ZFEA6hVyr-xQ,0.00026695621622285,904,birank,252,20
MDtu8_LFbbkCgzCzIoEWng,0.00026685890939159997,905,birank,241,20
-rCB_kCW-u84S-CQir-lng,0.00026648629056957504,906,birank,442,20
hWiXoJFDZrzPY33RjG8yeA,0.0002664284091498145,907,birank,680,20
VpK-Q7tzCyAZUjIv19-TFg,0.000266024130369225,908,birank,399,20
z2d0Pg8dqLUkrCMVvyYhxw,0.00026598202164410003,909,birank,586,20
0ndzIekJs0PRPA5Aoz9sow,0.00026552829582483333,910,birank,803,20
tuos6bve7ktOER5Fgz71-Q,0.00026546796137692503,911,birank,449,20
dXtKhR0cORwZMW4GuFxwdg,0.000265373620063275,912,birank,851,20
uHfI3MPfF3vvKuoeY0-0EQ,0.00026518912847134997,913,birank,290,20
aROhaLh-dqtt-h6BG-gn2w,0.000265074080488325,914,birank,851,20
lGE_dfU58hoOrNxPIwH3xg,0.00026454256452517497,915,birank,233,20
QkOLTKmHsr2sDWlKxNuvCw,0.000264424963327675,916,birank,246,20
x0hzVPfxWXRIu0yOSEnLCQ,0.000264403349466675,917,birank,222,20
dlFdjPUJI1eqRs8WVPE3QA,0.000263925892088475,918,birank,453,20
qcPU5zGuX5yh-m2nd6xQVA,0.00026327139274833844,919,birank,1074,20
RUWCx8WPhq4JwQjv_eGZ8g,0.000263261525044775,920,birank,255,20
pk8qkVzhj2M3O3CEiv3veg,0.00026323493239065,921,birank,435,20
88r-82tHoOm52PSt6dXy0g,0.000263151498807725,922,birank,1690,20
EkGrpiN5gN6TaSfVQ0ggvA,0.00026313328888652823,923,birank,963,20
j0kqlcG_HluOEEFsA7WwCg,0.00026286960928032497,924,birank,293,20
BqvKbM7EOI0jXs0G-h2C9g,0.00026279863065367497,925,birank,687,20
A2WOHcAk-BkMyf9Qgv8A8A,0.0002627201994174,926,birank,584,20
j8NhrBzy1op0BfVGdSOiXQ,0.000262692990745475,927,birank,309,20
9pr6rI87hZTCIAnFGNnvzQ,0.00026237442128845,928,birank,373,20
x5c_Lna3CYLQH4pAXFCBLg,0.000261048115456275,929,birank,913,20
5ICrDkwtX4ykKOLVJ1tFJA,0.0002602882336195355,930,birank,552,20
ErvTvPF3vtLYsEqXqr0nUw,0.000260273358382625,931,birank,299,20
_qgqa4X1OiMLqub1hHaMjg,0.00026016265146525,932,birank,435,20
0xIhMfCFH94RXTFGx_Mhtw,0.00025982951458310003,933,birank,332,20
IbndcMURguByburM72o3SA,0.000259728027178025,934,birank,448,20
rlVL-Q-fActNnxip07Z1kw,0.0002596031213804,935,birank,387,20
JsRBXqGj0qeMv77sNXha2Q,0.0002595985695829,936,birank,726,20
Gf3szNlyQWst4v49S-W1lg,0.000259510634035375,937,birank,433,20
T_dAeyp_OLm8GuyKZL97Hg,0.0002589764048983,938,birank,428,20
kRowQIUMYRNno_Rk5LkRgw,0.000258806889871225,939,birank,485,20
TsoCCouCudxL2mwn86SFiQ,0.0002583702502134,940,birank,382,20
kGXt74i82kOVgfixBuBoIQ,0.00025832562773402503,941,birank,201,20
7GmQ9LYOoHuvsiaIJuLykQ,0.000258225515076825,942,birank,494,20
6PVqGaFOEibpO4DMXD5Tqw,0.00025818832469395,943,birank,491,20
y40Xvbq0Ahut5IcSaKn2XQ,0.000257654706067625,944,birank,420,20
_gaOrkYtODrxY0JlWFe-sQ,0.00025753276406955,945,birank,584,20
7fSehNL4pBJ26FOeLqPj1g,0.000257385812452775,946,birank,420,20
IDXLt6-LwcJTIFtKRJhW3g,0.000257263726864975,947,birank,518,20
7gqRNDQs9ezTngtXCZ03Fg,0.0002571422670433,948,birank,419,20
6SYG6M05gIwaj3doas6X9Q,0.000256610367728275,949,birank,425,20
ORlO0BQgrSIjABOJlGsXMQ,0.00025648341484562503,950,birank,272,20
5ZchH9-aLJM-uWiSk-0zvQ,0.0002564294227467,951,birank,475,20
Inii0yZxsG1KMahiZ47Z9Q,0.00025600331861525,952,birank,593,20
2EDFZFFdE3p-ZD7-loI02A,0.000255913396770625,953,birank,296,20
2Gik-IBYVBuU3e10pVdkhw,0.000255580964571625,954,birank,525,20
2EOinQpyU4ChpyJ4KusO2A,0.00025529992970825,955,birank,373,20
ToHu5wSC8LSMYigsSlkFfQ,0.0002546987817517,956,birank,250,20
wacMqAA_9USygYvgJAkfgw,0.00025410045979965,957,birank,621,20
rkqsFfbdeuXevR4Z3VgFuA,0.00025390373835352815,958,birank,164,20
h_tRcijFYxrUiZ59FXfBOQ,0.0002538928821008105,959,birank,951,20
CjJaDHMfIHqaIKvBVABAJQ,0.0002538681954067655,960,birank,391,20
EaGQz-Y2aAdfrn1XXgjJ6A,0.0002538210851741333,961,birank,920,20
J179GmDalU-NgZ7nhRwBYQ,0.00025353940009515,962,birank,501,20
ykJ9zt1fJ1cOpxz5FkpVOQ,0.000253404088687875,963,birank,677,20
VaHG9BwrSZ-oNv0mGsTgiQ,0.0002533472515314,964,birank,306,20
Pocs24Rhnbqy1tZQm0j7Rw,0.00025331545819535264,965,birank,330,20
-bGw8ARHQucKWEHEkxpGFw,0.00025330043273835,966,birank,421,20
_Q3XmBesceFqn9Dk-w6tlA,0.0002532889762217899,967,birank,458,20
3sDSJK2zSeq-1rZtYCt_MQ,0.000253246136773175,968,birank,576,20
ey2F1-Vh60vczNAk0kEnFQ,0.00025322142921273944,969,birank,540,20
NQGCirVWCre3BQ24fodXOA,0.00025306002183125,970,birank,1984,20
yqw13sFpy1dXe6MnaZcGZw,0.0002526669812301934,971,birank,522,20
VbGGpt-Q5ZeMxSFPDbPeBg,0.00025249277710632503,972,birank,523,20
1dizGIlRvFex3ivVyhMvIQ,0.0002524799370821506,973,birank,191,20
cga_fZV1egLtyVSLb6TGhg,0.000252332814619325,974,birank,550,20
hFfrCMOMVvhDwCTGCcs1aQ,0.00025224614046122503,975,birank,435,20
6xS8kItlMKI9eCwviIvjwg,0.0002520173903504667,976,birank,418,20
TPYRKrXsdUfOUQNFm6w_3w,0.0002514209997558,977,birank,258,20
HUVLNeBs32cInBZVFS90RA,0.0002513850222861,978,birank,366,20
gwGLBmNTfIlaTnwFtddbkQ,0.00025093617885299047,979,birank,927,20
aT6dfEcg0bucpmdrE_G1zg,0.000250606012258275,980,birank,571,20
r3dO-D1qFn4Jct7KDNvImg,0.000250566429678225,981,birank,482,20
RP8JKUeQHwz_aRYjmipokw,0.00025050796862676405,982,birank,483,20
ZNB73mij2iG0wfbXBazQdw,0.00025039799881965,983,birank,366,20
rQiXAJVQxIAEQD1DVTAvKQ,0.000250380902129575,984,birank,194,20
50mfwRz6WA20SS3E080uTg,0.00025030327709755,985,birank,418,20
S5LnH1njwFBlq77tIkjI1g,0.000250177351535975,986,birank,400,20
ZcSdZkosdUL3mFAaNS2xAA,0.000250027387758175,987,birank,1021,20
vsrryxBR2Jykl71qa1H6SQ,0.00024981133935237504,988,birank,304,20
IZZ7J14VnJGyUqYH1tgT6w,0.00024957262425825,989,birank,316,20
1r7NMwVO9tDyDJLVWsM4lg,0.0002495566543155667,990,birank,280,20
l6SCfDSkeFdD5ccMK0ZwlQ,0.0002490420610557,991,birank,248,20
qd-36RpoJTypGyvlRpRp2g,0.000248776946753825,992,birank,277,20
6mrC_xP_Hb9TMaQLHsKW1w,0.00024871018922565063,993,birank,229,20
gQLrd3TFyLbxyMmr8mP-IQ,0.0002474461958706848,994,birank,530,20
NQNCAfpEpEivlkYFZ-yf2A,0.000247181343912475,995,birank,483,20
nAZEMdurfbWLxl9dryfgeA,0.00024630972564044997,996,birank,1415,20
Ir5e0r9HM798lqIYP1D9nQ,0.000246198586673725,997,birank,191,20
Y2jDVmMpRzQRg6HkNvQc8g,0.00024543962805335,998,birank,244,20
sNoPDi--2hYuB2Z_VI8NXA,0.000245366645704675,999,birank,297,20
SyiPLENX6wMfagzrsw2aFg,0.00024533962372695,1000,birank,471,20
JR_at-dxUfPAfaMEHJNk-A,0.0002450826152752605,1001,birank,228,20
9CcYG7sneFNwy09sp7GKuA,0.0002447475051106763,1002,birank,267,20
Hroul_wxzfjww2z1u7BAHA,0.00024450086380980004,1003,birank,320,20
QBvj3FvJbYJRa9xWb6DyQA,0.00024445856851602497,1004,birank,485,20
yFpOyYTVc2p2I-vNxe4nQw,0.00024406140787835,1005,birank,519,20
Lmstm1D0Ch8QP1b2TB-tVw,0.000243964561015175,1006,birank,250,20
9hUAOvJlS49CJyRWsx22fA,0.00024366552447025,1007,birank,512,20
oqVdjXJCEOkzLkmQvrBBPg,0.00024321908194917052,1008,birank,1022,20
n9T2k7tu_5uLAYi5r4Y_Yw,0.0002430748734847,1009,birank,365,20
2phMafOfwZuzShT7iaHH1g,0.000243022723575575,1010,birank,214,20
5QCLmv-JrdY0ZGc_D5__iw,0.00024298817235564297,1011,birank,173,20
57i-zASRB3jO1S6_oPvcZw,0.000242501241070225,1012,birank,179,20
uJvTBGksfErVDSOeBsmOyA,0.0002422151607899,1013,birank,281,20
mbzW1gqMXxy5hDkB3h2tmg,0.00024216503850305,1014,birank,474,20
CMovGmSWFCjhOBOYiymetg,0.000242030376568875,1015,birank,321,20
qLIb2QTmlj0WWBV5klE6hA,0.000241976792506325,1016,birank,310,20
Jmlqb5UYfygtUXugrpywjg,0.000241972924145275,1017,birank,699,20
ygx4Pfk51sR4aFGDwv1xUg,0.00024172303174855,1018,birank,332,20
wMMGNjWlsxjCkB6P5_X9Qg,0.000241080158030625,1019,birank,1035,20
euEHHwDtpFxR5P0e0T8Gjg,0.00024080737860585,1020,birank,588,20
Di23dhpgrqBHMUq6vZ42zw,0.000240749051462225,1021,birank,275,20
AHLQulzMieUxdvpSQwYL4A,0.000240368159188125,1022,birank,765,20
sophKEDc2rBDe-cuOaJDkA,0.000240222356541525,1023,birank,564,20
pWDE_rueENu_f5HKA_AsWw,0.00024005692208142502,1024,birank,713,20
GtfM73QC1y4_j8ghKPSt_w,0.000239980284420925,1025,birank,478,20
w4BzWRJ3xh0uRBvfqo28RA,0.000239849806422525,1026,birank,302,20
LGNue5dZjUHIiVNiRLRzuw,0.00023971421958985002,1027,birank,257,20
mf1udZPfiikBAND9upDdoQ,0.0002395587956343,1028,birank,226,20
dNC6G1FhDVQA5D58Oyg06g,0.00023954567982965,1029,birank,252,20
evrQGHs_lC_fmEniotaX8A,0.0002392974196554,1030,birank,326,20
KqUinf0QEeiZdxko2dFEsA,0.00023872230539991447,1031,birank,592,20
0Z8ps_OfcR9eJaV2JtxigA,0.00023865485308444248,1032,birank,1071,20
5wlbureqTc6gsaB_y-OkOA,0.00023864429641200972,1033,birank,461,20
ep7gFSrvNsiCpDXJrapg1g,0.000238628289440175,1034,birank,337,20
fknM8EddFrhj722AeeMV1g,0.00023859445192105002,1035,birank,368,20
faYU9nWyhiYeSwiP05ojvQ,0.00023853940514545,1036,birank,496,20
zYnYOzhlG9jPoX9ANecEUw,0.00023849592725672247,1037,birank,1041,20
rbPK4jSyFS10zhWYvo_Srg,0.0002383648552073,1038,birank,245,20
5aZC1FwNiaRayaz7QhAN-Q,0.00023836389639577025,1039,birank,176,20
vxHqkD2ZMcDefFh_hhRd0A,0.000238139807030575,1040,birank,186,20
9ycb4phY8qbaLcloDhmbNg,0.0002379251758135,1041,birank,424,20
c88cG9DstIqOKcurNtx9QA,0.00023773535864680002,1042,birank,534,20
7Ojkt0_941r2_F3HdZOj0A,0.000237704921753725,1043,birank,354,20
Af8k2BmCIBjxhWiHnAfGnw,0.000237579707845775,1044,birank,189,20
dkEgU5UNNed9Rhn91Whuhw,0.000237326533376375,1045,birank,241,20
TJaImyntBu0ebKugcyj6eQ,0.0002372377653272,1046,birank,346,20
mlaj6BRLOVtlEMRTZhUVvw,0.00023710469749634472,1047,birank,1032,20
E5YB7NywtfmQ2_rpxtjmKQ,0.00023630505299735002,1048,birank,510,20
8usO-H5uFTzlISfGZN8rSg,0.00023577017302285,1049,birank,167,20
9P6lEvHdJL8dy9VPpIgieg,0.0002356120139836617,1050,birank,169,20
EZpbFQJEgo00XNlKJe-4ew,0.00023538072743845,1051,birank,350,20
NbOWECn3ilz4gWL6dm5P6g,0.0002353536097197855,1052,birank,469,20
VX7GkJDnhPG8NmrdO1V-6Q,0.00023511493316019953,1053,birank,368,20
VvfvtuVehnBOn6AeQvovZg,0.00023508453459235537,1054,birank,721,20
_-otZU2dbPrEZyaVSMmvDg,0.0002349676138484,1055,birank,711,20
LOzj0BsudeOeqoN5d0wLVA,0.000234842765274625,1056,birank,381,20
LfbkgbvGdZ7Lm7w6v3oTnQ,0.0002348199578963,1057,birank,336,20
pp7n4Oiexz69Beg7Xl8Tjw,0.000234813580914325,1058,birank,447,20
yug67xx7T6yIqzxiAOPMqw,0.00023472181865775068,1059,birank,203,20
5RzJ2bjU8bLSaN5SuiUpYA,0.00023462825344687933,1060,birank,867,20
5jrEg0SYV5gnCHXnGzvC4g,0.000234461743789475,1061,birank,455,20
J2MWrGso6tBzALV_UMI5RQ,0.000234453577200175,1062,birank,591,20
f9eWh7vqRryHRS4-H6gOlw,0.0002343446124394,1063,birank,323,20
uvGfk8eirExWR-B9zsIN5Q,0.00023433985094464008,1064,birank,5510,20
lH3tplAcbNrNL0nJoyXCNA,0.00023429925578295,1065,birank,348,20
Wg3OzU6Zw25A8MqbqP0GtQ,0.000234183473547925,1066,birank,340,20
MdcgaLvlmhYwpb5l3NT19g,0.0002341465740175,1067,birank,235,20
UMHuKs1sO-wq3XqKaejXeA,0.0002339877407975,1068,birank,338,20
3UHXD8T80OUFMCzLb3x-sQ,0.000233981754087175,1069,birank,313,20
WYDUHaSrkAvj1fjoFOgivw,0.00023395706245425,1070,birank,250,20
xLuEfxyJ8BnDtI9pG-mGAw,0.00023393769431714998,1071,birank,413,20
Mhqq0BaP2CinaPiZCYWVOw,0.00023384740613335,1072,birank,333,20
b-XcM-IyX0mNDlGC41jrPQ,0.00023374865221925,1073,birank,742,20
RBCtHLVvc230q8zkRWIoyQ,0.000233115156982075,1074,birank,321,20
3UBG2rwjgP-6ifTAuKl3Gg,0.0002325623434031,1075,birank,425,20
kjIyHGVbVpQYK_UzetPShg,0.000232320390782675,1076,birank,361,20
_6p_j0UL7ST3b2nvHw82eA,0.0002321959557315,1077,birank,538,20
l4AjbrjS91Z70AYQbABxvA,0.00023199497643778183,1078,birank,541,20
krWsMdrE_uglWwOF5BcJcQ,0.000231907210403575,1079,birank,221,20
sMwK2RWL3vpkAH2nCmSV6g,0.000231891040859925,1080,birank,1247,20
7Cpp1cVc1mtC3PVicq9dLQ,0.00023178218846294998,1081,birank,314,20
854d-ziK_hQFmbNdvF3ZsA,0.00023152968660205,1082,birank,360,20
aI58hxqbyOX6irFfljXfQA,0.0002314072113906054,1083,birank,370,20
LkmyxPN4L99fSZR76tV7CA,0.0002311245902896,1084,birank,373,20
MA5y-O4HDU1e8H_9ghcVwg,0.00023104481896162502,1085,birank,237,20
3Cqy4d5KcGVmgiHFi4O4zQ,0.00023074433632565,1086,birank,220,20
GaktVVj3HWX0sVMlCXCWZw,0.00023058619811995002,1087,birank,570,20
b7ih13lmlwnut_4xpk-x6Q,0.00023055567666246666,1088,birank,136,20
2VPX222bhizLlWZrLQL3PQ,0.00023043230954705,1089,birank,965,20
g1n1KgsJcvT36lfxXHbN_Q,0.000230358719547025,1090,birank,373,20
yGH9V9WTNGSZ6AHOW3kH-w,0.0002302827159506513,1091,birank,540,20
f2KFAhVWZmFm63liyG8rVw,0.00023013574760092498,1092,birank,1184,20
lZ88MntSXZXDvpZAcXgiAg,0.00022997596447825,1093,birank,967,20
HUfoljaD3iVbHdQlBAsV4Q,0.000229925800353975,1094,birank,358,20
9wFFQUCn1j35CYea_dqhsg,0.00022981257951175,1095,birank,643,20
-Gy7yBHvRZK64jNxYYJWWA,0.000229666743806775,1096,birank,358,20
qZa7ClLmG89oI09E6QUnyQ,0.00022966248810014998,1097,birank,928,20
ZyOqGKdr5JetY4jgD_UoGw,0.000229661492345475,1098,birank,223,20
DekNG7GWeU28-aMpbfJwNw,0.00022937791512805,1099,birank,1164,20
pKykk7lnD6Tf9wSzJYRyJA,0.000228955776003225,1100,birank,1573,20
k-q7lm2ovMSTZa4j16OzGg,0.00022892507741042502,1101,birank,141,20
tKlc76aRPioRfIuGJi_1Kg,0.00022870245824843332,1102,birank,309,20
yHg5PkXbrY9lHnFSBe-haA,0.00022870149790315002,1103,birank,498,20
D_-w6oXNj_33E7-urbSLLQ,0.0002286980190411,1104,birank,1676,20
EV2vO0cs_zQE5bkcfEi0qA,0.00022866643261475514,1105,birank,872,20
-V0vIgo6196MDn_x3ZaYmA,0.00022863575576337501,1106,birank,279,20
zM73Lntxy3Qgpm_jWmmTzw,0.00022851082616983604,1107,birank,363,20
FiWGTyWJs4p4dLQc8P6-pg,0.00022822183720826668,1108,birank,242,20
RM8KUqpvhBP5FhGJ6Eqp3A,0.0002280906453345,1109,birank,257,20
t-r5BbNosi0aM-0aNQ9t9A,0.000227743900103625,1110,birank,215,20
uHfHKZj_RsNwP03ar_vwQg,0.000227729525221175,1111,birank,397,20
_ehSDMpnQ67RR0Yy0yv_3A,0.000227573896875575,1112,birank,317,20
S6tR7vBAg-3b9mGLB13-Ug,0.0002272384437289,1113,birank,460,20
s7MaEXwDnzUcqG16pG7Wfg,0.0002271092820431,1114,birank,206,20
uaKXyCNVXWdfOOdbM88pMA,0.000227095183673375,1115,birank,348,20
RYYMQiesuGflwx1IsAM8gg,0.0002270594743242,1116,birank,222,20
7CqEOhKpZQI-HOfK6MYgJQ,0.00022704715919489026,1117,birank,1389,20
zBHAoHU-SD7wECkKpTGImg,0.0002268592055424,1118,birank,245,20
QTjtz-bfm8Yrrv6t0PP0FQ,0.00022677342108555,1119,birank,345,20
68CrobDtaDP-_-aeowSG6A,0.000226721192623525,1120,birank,265,20
-PTWFicakClBDK-zyQ5hjA,0.00022669255202149998,1121,birank,328,20
5JiDLN6spnuAVrEN6csvzw,0.00022665567596209988,1122,birank,518,20
fTXSAVnzPkHqCzA4l6896g,0.000226551604694625,1123,birank,665,20
ILyS_g3ogvCkD1-7_A1Bag,0.00022642201653147665,1124,birank,719,20
HZ_wXHeUoB7bopQ0vst2CA,0.000226372085994,1125,birank,848,20
lk9IwjZXqUMqqOhM774DtQ,0.000226321007272825,1126,birank,366,20
tBvW2eH5DIwSRci4LRAezg,0.000226245879402425,1127,birank,567,20
icGg8xgDJVufg-xptMrDGw,0.00022622994391189997,1128,birank,448,20
dS9HVkAU9IwOIjl4UdJvhA,0.0002261007811114,1129,birank,194,20
q-m9__XyqMhuX5cValqS2w,0.00022566484850272502,1130,birank,504,20
VCjvaX_78oEKG3I9oTJEag,0.0002253768166651,1131,birank,1289,20
oYF96W1boB-0E3g3i8U_zw,0.00022526157965465,1132,birank,328,20
me-gE1a7-DRGK9oeuCmbrw,0.0002250992122826,1133,birank,657,20
LigHJp25YWNmv22RjhaI-g,0.000224923958145175,1134,birank,321,20
R_8S3Iuhpzoi3nM-xq3kcw,0.000224643078613575,1135,birank,411,20
RddG_iqsIhcnBG8vLqc_-A,0.00022451806517846665,1136,birank,715,20
-3-6BB10tIWNKGEF0Es2BA,0.0002243390517885,1137,birank,388,20
kxxexMsFL4xJLIafhXXFlw,0.0002241803319166,1138,birank,1042,20
8NKKQv7GL-S3je-A2IQThA,0.000224101399724682,1139,birank,505,20
jp8K7RPJc3IwwkDYgfAZ5Q,0.000223776320970825,1140,birank,533,20
85yjmSbuLVXLpxd71x-Jqw,0.00022318599527595,1141,birank,275,20
wOFbUo9D-JSdMeuUgLyL5g,0.00022315255102533675,1142,birank,375,20
xTyQYFaPzxe-XRza7Xoobw,0.0002230967249542189,1143,birank,198,20
u0erOT96yooGb5mdOqtsSQ,0.0002224451242688667,1144,birank,343,20
_T8tOBDr3NKNxd0yl5GwjA,0.00022215930968595,1145,birank,1683,20
dJKg1uEIE7cst91x8F_PSw,0.0002220395142371006,1146,birank,438,20
RMYjaB5krFGCtlOLf5TBwQ,0.0002219477399804,1147,birank,331,20
02qFLwwFi8T804rHcYh7Zw,0.00022189450861662499,1148,birank,555,20
OGWTzjVTIy5Jf3ndPO1STw,0.0002216851549289971,1149,birank,177,20
kWHawNFXosP5KsQyM062Gw,0.00022168015414049998,1150,birank,499,20
jmMCUCuErJP7EtR_6RVRig,0.00022167245515457501,1151,birank,724,20
dJINO-g_RfwsJcuj9uumdA,0.0002215595636650457,1152,birank,507,20
3koeM2Blt-4rEmVIJAZf8Q,0.00022120059359037023,1153,birank,353,20
tU692E8N0xBQ7Ogc78gN2g,0.00022117667326407498,1154,birank,966,20
OEOpxiewgI7Sr2de0LVuMg,0.000221101926672425,1155,birank,723,20
tCKx9bkvughZdZK4vbiJ1w,0.0002207354268768201,1156,birank,237,20
lOipP8dh4Daqid9uro4xNA,0.000220606281190775,1157,birank,274,20
9f48RWEylLgrkCt0-49iHw,0.00022059106001195002,1158,birank,725,20
SIc1YcqUBMdXO3LxgCur2g,0.00022039867968515,1159,birank,420,20
t99FUZpRk5eMd1G33T-05Q,0.00022006653650263332,1160,birank,374,20
nfa_qLZeaDKI80h3TS0wcg,0.00022003624767965,1161,birank,281,20
5HRLUzKrs27kuQhgJQijnQ,0.000219961905815075,1162,birank,376,20
e8x5wMNjiIk5ospmofGZlA,0.000219806432174475,1163,birank,371,20
Eg9InViFO0EYOP40Im8Hpw,0.00021973794390736052,1164,birank,227,20
_NYc2bEyvzleMwhhNRr61Q,0.00021973199803685002,1165,birank,525,20
ckUXjKaqb60XOMTB-EUwbQ,0.0002195098371719,1166,birank,222,20
RtsxLNG5ta65Gatr09cnPg,0.00021947231218258324,1167,birank,181,20
jBF32PwCB1z_gm58m9ddMg,0.000219230982944525,1168,birank,249,20
Z56KCCG4wRBy0zAafFaltA,0.00021871679134267638,1169,birank,397,20
COMbxg_qdhUAkR7awxkT6g,0.00021849695179320002,1170,birank,358,20
J9Bc1bZuxGo2VtAo-txgRA,0.00021836402507448364,1171,birank,400,20
-JkiE867GwCUuXFETjba2w,0.00021790794968310842,1172,birank,318,20
5miKQIN3VqujzeZNHk-lqw,0.000217900347244625,1173,birank,174,20
6KpBE-zJW4I3VuEjhFj3Tg,0.00021753443630769578,1174,birank,205,20
bRkR1YBXijVpQaXqWpJfXw,0.0002173395560283,1175,birank,454,20
aj3ESi3I6WNzGWp3j6OehQ,0.00021728076862695002,1176,birank,285,20
lkQP24RF-W7Hvb2WOPJWAw,0.00021727978829117563,1177,birank,500,20
DzzVSYXadZ1_XgfGz_Loyw,0.00021712277746886667,1178,birank,483,20
joCDK7kg-03uo4rZK5X0_A,0.00021710230185841052,1179,birank,416,20
n4XdEzFBySM8_D_uJqSToA,0.0002170241975184021,1180,birank,231,20
GZwgmKNS01hEWKQaRTro_A,0.0002169509496297,1181,birank,311,20
3eAGbHu2VFz8dVNC_dO5ow,0.00021678778562790778,1182,birank,145,20
ihYl-uK0PYNPeFskcNAr-g,0.00021661055259023345,1183,birank,103,20
mpf51URhzEQQjc186BKUcA,0.00021627671211162499,1184,birank,306,20
FBqYnP7H3TMHYQvafuBTSA,0.0002162280374084,1185,birank,417,20
5TzAmqzksrUBB2tdHDQAUA,0.0002160405309073,1186,birank,263,20
uEv1I-0r82Krj4eEysjC4A,0.0002159901194373,1187,birank,302,20
xY9QKt3W_khOmvKNyArhvg,0.00021526103042715001,1188,birank,289,20
UH1Baremef79qGhPQ0Ef3A,0.00021503985381115,1189,birank,289,20
IIrLSevZ85oGWw31AaAOBQ,0.0002147843144555377,1190,birank,382,20
U6PmPJdNMI_dTUPySS5TDg,0.00021477815044820684,1191,birank,520,20
COclRBaXBjYpomS4syUmvg,0.00021462901810242292,1192,birank,939,20
OLKGZL0OVufGZyi2m8JdYA,0.000214541547912175,1193,birank,346,20
dbq2TOIs7moyrY1sfo2iFQ,0.00021451293249405,1194,birank,367,20
SxN12oF4s2DXL5W2zfqWEg,0.00021442175920572025,1195,birank,228,20
NvmCO5xNbN41IRN5mxXUEg,0.00021411384743565,1196,birank,423,20
KOkkX1YK0kRuxysrwsUD7w,0.00021410350246911796,1197,birank,285,20
nMDteyIwo3zLbqm45xBwFw,0.00021409494313310922,1198,birank,365,20
efNrVvbNw2stIq2PvCDV6g,0.000213668789124375,1199,birank,281,20
BA0T9Yh9cSO0zkZweh5e5Q,0.00021356784053313095,1200,birank,253,20
8JRdV8M8b2bIZGH92gMQ0Q,0.0002132516259744,1201,birank,468,20
zupI44qitH6T8Bo9OjA6Yw,0.000212913573027025,1202,birank,222,20
peXEcAZSMQZEdKJA5AgXXg,0.0002129006639276,1203,birank,197,20
2tAi411srrpmMofeAKdACw,0.00021285834650125002,1204,birank,164,20
bdJXwEREaJTeZrDHIo276Q,0.000212586075407125,1205,birank,384,20
9XjXIqQFQ2SfeHTwPRngIA,0.000212448493543025,1206,birank,423,20
2WHu0k5VVM1Pn9AFzkSBlA,0.0002121562709947,1207,birank,281,20
YrCCOyNJt3qOi0cbX05Kjg,0.000212036109891575,1208,birank,348,20
gWiUCJEcv1lnZtMT_d2p5A,0.0002117637250152,1209,birank,432,20
zuJmP1Uh8txOpGdwzZDOiQ,0.00021176085753132326,1210,birank,124,20
yypfHgPJw6V65cLTOZiPSQ,0.000211719615404275,1211,birank,450,20
jLerIZFpe25jOUf722qzBA,0.000211301303239025,1212,birank,575,20
8CC7IN8NeWlm5PeZVWvcRQ,0.00021055010694072501,1213,birank,256,20
7GCH0wxXHJrcqSkpKuAYxw,0.000210512959258425,1214,birank,991,20
P6iHMvttUL4HJ0fXbb_gow,0.00021049143870175002,1215,birank,229,20
MsWmW4SkisV0uJIBxeNstA,0.00021038923645505,1216,birank,374,20
WwVYDgzRO1KiAu-GRksQ5g,0.00021032791616255002,1217,birank,251,20
6zxPHDdLUNhCSLSeHlCVNg,0.00020999804416486724,1218,birank,342,20
yM8LlTInbQH4FwWC97lz6w,0.00020993001339491307,1219,birank,252,20
wF7TFhN7iupGSMZA0Se6Bg,0.0002096397608955,1220,birank,231,20
2gFPQCmKKVi1aHgGTLRZvA,0.0002095477801175013,1221,birank,207,20
26EPJeHypRPvF4UgJWi2Zw,0.000209131547818,1222,birank,615,20
9kjcWWo0pZ5qr1ZpAXBFnQ,0.00020910997338620513,1223,birank,189,20
tk2kG_HL54lqiue6-pXQdQ,0.00020874054702632502,1224,birank,369,20
Mb8xASY4mhS9r8zVU2N_6g,0.00020860114709695,1225,birank,270,20
sObr37op3k51WFriY2zbkA,0.00020823897785823305,1226,birank,614,20
WO_5ViN3KaeYZaAxTSRjdg,0.000208079614535375,1227,birank,249,20
piPnsKY7GE-B5KVQs8ubsA,0.00020805375332487498,1228,birank,285,20
8vuulrqX0uw80A53wXmRSw,0.000208014997527575,1229,birank,250,20
hftnzIIZaq7Uip5bKRrY9Q,0.00020800791198465,1230,birank,1233,20
A-8K66Kx7fMXkayG_3zdJQ,0.00020797372791908305,1231,birank,734,20
bjhCtlYHrkgA5Ku8l-rB3g,0.0002078438680711,1232,birank,384,20
_tC4lXqwdfh3fbjuP40Bsw,0.00020763698434035,1233,birank,468,20
1klRUBB6LfKCotq75BVmbA,0.000207429399695425,1234,birank,236,20
kXfVql_wkaS7agu6gpzEkw,0.000207416642838825,1235,birank,491,20
QdUbpCOvFbYb_RzlPxOonQ,0.00020711560528145,1236,birank,282,20
JX8KhTInMNfQVs4Fn8mSSQ,0.0002069286488542,1237,birank,475,20
ZsA6o-uK1984HaEdP_qO-A,0.00020684745294597502,1238,birank,188,20
dbUSqTB-p1mBeshyAK4kMg,0.0002067625068162,1239,birank,263,20
Is_6wfNjL4Qy2kw9u56jIw,0.00020642690279975,1240,birank,244,20
i5oTNLL81YW4Y9-xdGb4xw,0.00020636701757330002,1241,birank,160,20
X_87Bx1bAwGPjPmSuiHWHQ,0.00020636628986752498,1242,birank,204,20
unkAACN449zW3jtS8N2yiA,0.000206266178542725,1243,birank,326,20
-KhT2eqHZUj-Sqz3xkt-kw,0.00020621942268443335,1244,birank,469,20
zuhraj8YI2SZazlUS4GFew,0.00020606863160872055,1245,birank,322,20
b6kCTSH1kHtfcHxUTm2odA,0.00020598220026158946,1246,birank,904,20
lCpO0y4VR19qMGWprbiGDQ,0.0002059783324879,1247,birank,688,20
OJpGFS7e38cncjp2jlWydA,0.00020580135347725,1248,birank,217,20
vGWxHSjUQrS3fLJdax2V6Q,0.0002056846398466,1249,birank,1090,20
hB3-7Yg-x_eXMypf5VxKuw,0.0002055679432594827,1250,birank,228,20
MSnWYdS0w5m9JLcr1wHO4w,0.00020517343758548554,1251,birank,120,20
e1l1IlKpL7FJlM4ivnoO2g,0.00020492429580975,1252,birank,353,20
wJPK_kvtnlbcY6JExUxngg,0.00020486563961101843,1253,birank,986,20
37QpeBaevTiz0vC2unFT4g,0.00020478318790765,1254,birank,591,20
nB6wv6EY7ExXdehFs6sB4A,0.00020467284674491326,1255,birank,89,20
lRkJG5xxHpvoV3mkQhbNhQ,0.00020462718991649998,1256,birank,376,20
BNYs-2TLD6f0tomH0Ieq8w,0.000204607578648275,1257,birank,277,20
v5ur7Ceat3IiRyFzEzLqHw,0.0002045438161206,1258,birank,368,20
mciSzNKFRZ3HGgeSDuwUcw,0.00020436276052476462,1259,birank,119,20
G1q1IeNbiRJL5bReBLFdzQ,0.00020398938440628077,1260,birank,334,20
KZl-0F4hKwhKSLPmT-A6dw,0.000203986966917375,1261,birank,186,20
V1o_BeHcTehuFD7ue-8H2A,0.00020392478189925,1262,birank,317,20
LDA2LfI14CBOUZ-gZT6tZQ,0.000203882487877725,1263,birank,471,20
Wm4oVYVs4ZjMRoWFctWHoQ,0.00020365196870325,1264,birank,612,20
kyrqWqmgn65uVa2oTowAGA,0.000203611973100975,1265,birank,954,20
uxoQdZD3mEptaPohiLQg1w,0.00020347691794542157,1266,birank,72,20
xmKMkJwP1k1SSzFfE4VBCw,0.00020295286742555,1267,birank,276,20
-bxLBGgtchd-O6-2CdDThA,0.00020288917742022498,1268,birank,457,20
qYjQyfMw_UOJztjmapyHTQ,0.00020276090550210002,1269,birank,246,20
ujYhU3bX35BCVj1NUbSQpQ,0.00020238235055156475,1270,birank,752,20
BRXYWO_BPuLZqDjuDERLTw,0.0002023793297434105,1271,birank,540,20
d-FXBUOsu1KXFypLt5bGqg,0.00020225024043815,1272,birank,254,20
vEfA3V3pCrnigUFlLJ3gLw,0.00020219415636424734,1273,birank,595,20
aqyDUSUJUg0gKf-R1aGzLw,0.00020214487123522342,1274,birank,147,20
WhcPjw9vy8Ug0KjWEVRWcQ,0.000201518109735175,1275,birank,259,20
lVB55eq-xIzi2J6VV11PYQ,0.00020141435645621526,1276,birank,252,20
70kwtAF7XEtP2WZkOn34fA,0.0002010991973161,1277,birank,276,20
fAiPD2OIEm9wtS7uJqzu5Q,0.000201029141292075,1278,birank,538,20
_4A9jOgyQGrkI9me_TmRmw,0.00020090574001195536,1279,birank,318,20
rG0UTjvbmVVsh9-kGzeliQ,0.0002006263150668,1280,birank,274,20
P1rfYX62C_HD4t3TjO41BQ,0.00020058636438122235,1281,birank,528,20
3GcXSZQ65Np5N1N4a-DK_w,0.00020053309542578698,1282,birank,312,20
3UR6sAv6l4rtfSvTPTavFA,0.000200496880507175,1283,birank,277,20
dvG_QJuIZIQv_6DiWjnh-g,0.00020037865332066666,1284,birank,495,20
q72up2Av5yNNVPk7vdKg9w,0.000200347954074325,1285,birank,385,20
WOx0k6t0Y0zSYGsuPxIWww,0.00020021877859679568,1286,birank,127,20
AYdS8RWl_6npvX71Of8vog,0.0002000930230455,1287,birank,140,20
08ZKDwgc7_djSZkawBu-nA,0.00020008483532575,1288,birank,391,20
1DVFSLWmzyqRHmSyVwN81Q,0.00019994641272303595,1289,birank,170,20
y_IE3f8NMAyVdn0WQddIRA,0.00019993251150109454,1290,birank,264,20
FAvEJQ0E7n4f_Wasg9UvEw,0.0001997054370906456,1291,birank,375,20
UQ8UKfNSUT0aKu4naioVqw,0.000199499876224175,1292,birank,166,20
nqGjZMGQ7ypfxn2KmyBW0g,0.00019948270575451474,1293,birank,593,20
9LZWyTM6KCr6JvfWEgGeQw,0.00019919282151996666,1294,birank,327,20
PnLPuCfVFYZPbapKSpzKZQ,0.00019917288480970002,1295,birank,170,20
K51bVqlGcpTMDK3-SDkBeQ,0.0001991561921182,1296,birank,235,20
ovWd_lbvnK1dQSkSkQRfpg,0.00019866678562743335,1297,birank,376,20
0JmFfcBbIux_vauRNWzD9Q,0.00019864594095055131,1298,birank,239,20
MZssFQddj218X-68N5XwaA,0.000198577865584925,1299,birank,236,20
w8tS6xq3k3lmySn-L3FrEw,0.00019856233329835,1300,birank,438,20
8yPwrhB7jqEB7arUxL5-fA,0.0001981267617974,1301,birank,399,20
dMOwtXTM1j_RP18Wl1RC-Q,0.00019783461632645,1302,birank,1018,20
OJ9DJLWvQV0h-ZU07QEKag,0.0001977169415902,1303,birank,462,20
6YVES8bcHezqAmzexU2kFw,0.0001973383427976,1304,birank,291,20
ODvaMIpjD6bHiwQ9-kmECw,0.0001972300430543481,1305,birank,272,20
TOgkopnDE5q9mT074TDeeA,0.0001972269818352187,1306,birank,457,20
L4JFBsgfLZIL9SJ5uxXgJw,0.00019715970978423334,1307,birank,200,20
n8yGo_YJneGjOWQHNHLj8Q,0.00019713211698353038,1308,birank,437,20
3DSgJFIaXjdknbZn3LSnPQ,0.00019691279287039156,1309,birank,403,20
lTk4efVzepR0PIPayrHojA,0.00019677826986987053,1310,birank,125,20
TKzt7jlAgLRJe4vzQje1bA,0.0001967257475221921,1311,birank,829,20
A0WpO3Wvr-3XqkKco77DxA,0.00019664620722857499,1312,birank,180,20
3sQehkDWhJVtYQ90MUMRNw,0.00019648500251797255,1313,birank,143,20
ZEd_RWWRVGqLlM5DUiXCeA,0.00019636489118515001,1314,birank,723,20
9tajhM5W0OPgPUppo_zhmw,0.00019626362012645,1315,birank,407,20
dKIZ6KrbcVwg-p3VnEY5zw,0.0001961724503289,1316,birank,354,20
FwwbaUc7u5nSiLmkF_Z1Tg,0.00019608875034716667,1317,birank,299,20
bO11uxR0ipkAc59TawQCew,0.000196073608517575,1318,birank,356,20
4phSC3w3422K6SUJgmJw7w,0.00019599357828183598,1319,birank,163,20
_P6AQUbyQltYRcQNrQ8plw,0.0001958517310970506,1320,birank,1263,20
yTJ2Ir6CMBzThLK5dmACvQ,0.000195780452224425,1321,birank,536,20
0-PClaUWGphUvuTH8wQ51w,0.0001955671613904461,1322,birank,218,20
jzXJDMGB81tZK-EISK38IA,0.000195481879155275,1323,birank,786,20
085mjp-y4qmKRMIj72x8xw,0.00019535201494443334,1324,birank,196,20
aMrBA4LIkGx8CYM9ZbKPBg,0.0001953284108812,1325,birank,342,20
Qrkk_LwIZhNDTlDiy5LYMA,0.0001953266476908,1326,birank,320,20
XvFKxQj9lfLIUxRHrAodQA,0.000194981162392075,1327,birank,577,20
jaa0QoRrf2OFIhJIvmBCOg,0.00019489114290463278,1328,birank,148,20
fJPpi1toRgY6yocnc5ujWg,0.00019485446138008553,1329,birank,188,20
Z8c0t6xPfM8u1H1ZUcWlOw,0.000194789275739925,1330,birank,180,20
aYJjJMN8heS2PmkvsQzaZg,0.0001942276996139,1331,birank,497,20
QpsBZDw-fE5r5_M6Vto_qA,0.00019408686262100002,1332,birank,328,20
jlkDIOPoRP9SJXTkRVpkMQ,0.0001938843790942,1333,birank,252,20
N4UpSKh-PQNfvk4w1QAYrA,0.00019376005580533948,1334,birank,472,20
EFci0tbSrb7wko6tpVDnbA,0.00019371767388015002,1335,birank,890,20
uYBHf5LLq3f7YbBjncQdCg,0.00019367298133822502,1336,birank,293,20
KSaur56waK0T5SEKcy5AIw,0.000193672027246175,1337,birank,335,20
0fv1QcEpN8Xy3rczz5B7Yw,0.0001935547435346493,1338,birank,235,20
2JdCmdTOWBvf-DQ2xaVpJQ,0.00019349328298837501,1339,birank,172,20
VwADinB-DonoikE35VtkCA,0.00019344413078776666,1340,birank,244,20
oe_mNXHcqx_NTKL6YCfw4A,0.0001932913295254863,1341,birank,163,20
zkUHHsE-ktfrNlhL6CXalQ,0.00019321021072345,1342,birank,400,20
x_Bipuc1nuQDXxyZC2ih8Q,0.0001931632166074,1343,birank,294,20
BaSwNEingTmrBw4shffK5w,0.0001930896906329725,1344,birank,551,20
WVtg_Jx7OfJRdbnKzT2p4w,0.00019292511267366666,1345,birank,749,20
-dwqsjGDBnzzv2qQYyIC3g,0.00019280337746431053,1346,birank,323,20
H0nX4N4N3AIDheuIcbVYkw,0.00019280252017473334,1347,birank,272,20
Ay0j65KKb3sOrOFUVWs44g,0.00019256241627365,1348,birank,247,20
Envz99GhwMkfMg7LzDQeUQ,0.00019238138076980714,1349,birank,647,20
UoZg0xZepdMXbK_2dtT2nw,0.0001923377457427592,1350,birank,408,20
OFip8f8cVjVPxhIYy46BDQ,0.00019224898853975,1351,birank,414,20
-tWltjTtepDjVaKD4iGdDw,0.00019218202889269162,1352,birank,126,20
F96zZwm8zAMxUB2DvLkmEA,0.0001915400594639,1353,birank,210,20
_05DcCQmCP5aGnfCnI4r9Q,0.00019151497470192827,1354,birank,862,20
TMT9U2da4ewGbk38X54KJA,0.00019143544506502498,1355,birank,219,20
cJ7qQ8NpF6OTqFye-l4A0g,0.00019135110818665,1356,birank,207,20
Wewu2lolL111m_1TVTgR-Q,0.000191178988234,1357,birank,937,20
Oz7c0QA1C18Cb6tTdoehwQ,0.0001911478707737761,1358,birank,173,20
lwcIJiRdoEyQppHm0jc0GQ,0.000191099769975775,1359,birank,179,20
mhI0-30BOKtoWNmUJw21Ig,0.000191011523803325,1360,birank,340,20
wuzoQhym6ll3fjAiVgIJbw,0.00019064817567448307,1361,birank,332,20
RdFgbrE_8sf6NImEMopaPQ,0.00019040194273403052,1362,birank,478,20
VSVtG0BfSCRIZfo03VgHCQ,0.0001903727597427384,1363,birank,195,20
0X_s2KTHYEMVxiqzFosYGA,0.0001903189968673013,1364,birank,354,20
Sp-LM7L_6M-MPo5NCHw8Og,0.00019031723629214998,1365,birank,297,20
Zn6WQQknlNtgiil0rNf9UA,0.000190033422076375,1366,birank,533,20
NKnwvuJygWPC42qycr6Hwg,0.0001900257000302,1367,birank,505,20
e7I5Kj_kVMFdEW35RN0AEA,0.0001899945206022333,1368,birank,216,20
gdklkhsq4C7KANfnXaTlWg,0.00018997233827750315,1369,birank,472,20
UOiqYBdIPRrMm-lnEbbjBg,0.000189882120324275,1370,birank,386,20
Tpr8CltepNzpRpQC2JM4pQ,0.00018977546894140962,1371,birank,197,20
GEL_vUHipc20TvmIRh-33Q,0.00018960046914961952,1372,birank,197,20
FyDQ8QKKjmBKagZ2GhNb8Q,0.00018957351404016597,1373,birank,668,20
HMQ1HMB6r__ol7tSaiNvfg,0.0001895140849522202,1374,birank,281,20
iJp9sq8UddLSrUtIieoD0A,0.0001891853268159333,1375,birank,528,20
OkWFmXM4sDI02KnDY3X-fw,0.0001889774490887593,1376,birank,346,20
ftn9PVzDo1yLsRzPYZ8Dow,0.0001888306479456201,1377,birank,102,20
fWRWzBfQnMcNiaOi5TJVdw,0.00018866035978343422,1378,birank,334,20
089KGIJDnVJEAe3GiXzlrQ,0.0001886238148262504,1379,birank,149,20
FwOCErmBff1G8sf85_cJnA,0.000188507342846925,1380,birank,132,20
55yVwtNPAHIYp2t6stJKHA,0.00018841828453786447,1381,birank,596,20
ZIfvFrdyT1L9mS-NpGhuMA,0.0001883930953813776,1382,birank,811,20
B5Vh5dkky4N0y7Vc3yNviQ,0.000188349911404825,1383,birank,810,20
xVLoxYL8Jrvj1JQlM_bfLw,0.00018805674437497196,1384,birank,121,20
dbh_Nu_CfbV3zWUHua6xHA,0.00018784133081150805,1385,birank,467,20
12uWSsgW5wkWzkxPycLtzw,0.0001875959919353,1386,birank,255,20
tN5Q82mcwOeVJVWVo_2AFA,0.000187550623688,1387,birank,455,20
DTwt8_pCuGyQbiIfXNdhDw,0.0001874961190335312,1388,birank,1054,20
uujAlHvgCzo8oinElyWFcw,0.00018734725314164998,1389,birank,211,20
bm5qHk46T4uGBxfaNejkyw,0.000187172417797175,1390,birank,363,20
tRdnYLHDgdj6n-xzqTQeCQ,0.000187117796781166,1391,birank,336,20
xJMIT3fJsbrGVQ1-AhQUvg,0.0001870012907335,1392,birank,280,20
ZhExDd48ZtOj2DFjXPgfpw,0.00018691754630765134,1393,birank,304,20
eQo42s9IYFnLbRkFFU86ww,0.0001869092374633,1394,birank,200,20
vV00GT_L1_fJYbLg_yEIxg,0.00018687979824511685,1395,birank,132,20
Smgf64BYMd1F-W02PSKswA,0.00018687379627371946,1396,birank,134,20
W49fAQGBt9IgduhvqqRQ4Q,0.00018675290267022502,1397,birank,457,20
yGFkdrYdndizAPymvyq2WQ,0.0001865577534195,1398,birank,738,20
RLoGgt2GGC8wHpZ7K2ZbRA,0.00018644159118804342,1399,birank,640,20
YjtziUCMEwEZNGHnGtTDdA,0.0001862905039716,1400,birank,406,20
vcbe4MIUNemUvuxl7qPfxw,0.000186249738598119,1401,birank,124,20
2gi23-n_4fTU11olohHxrg,0.000186203185641525,1402,birank,225,20
u5HLiu_HxBuPk7i0rV-rEw,0.00018608680369762502,1403,birank,116,20
AzQIIA5d5YFrU03pyhV1fg,0.00018589994880828086,1404,birank,239,20
xkgbgwTlkhzwo4ya_eIW-g,0.00018584210065023367,1405,birank,478,20
1QQTCX8HOdIiCkaGJzWFpg,0.0001858381534256,1406,birank,592,20
EDr-EcPu7T_Rf6m12VchOg,0.0001857355045922756,1407,birank,176,20
RhBsbZ8N_bSH-jD9X9FFZg,0.000185722781494575,1408,birank,424,20
SheKIt6Z_h-yzbkU8yjoPA,0.000185517739994075,1409,birank,354,20
R722fDi0r2oamiWjbnRP2Q,0.00018492694445617665,1410,birank,322,20
kg6yWp6MJPCMw0kT4l3O6A,0.00018481481962783337,1411,birank,152,20
UT5FXa3Cbj4siUPh09qGCw,0.00018452839576821369,1412,birank,209,20
9D0aKRGsutg8S0ClIanmrA,0.00018442494850805,1413,birank,740,20
bzOCjuydWTkgkbZeaec8Zg,0.00018412789707295658,1414,birank,307,20
mzcC8OPdnkKbfimmvqedOg,0.00018408985897604596,1415,birank,126,20
gLIUwEYhC4Lr2wXVejXRIg,0.000183847356082325,1416,birank,264,20
JCX4onyDxlYucChUTq9_lQ,0.0001835977806363006,1417,birank,725,20
4OXWn2ytzaq4eTpJy4VvJA,0.00018319859315265132,1418,birank,562,20
QdcTrQlwRi9Q3hcmpLi8Vw,0.00018303078381869998,1419,birank,463,20
BbgoWcqBMpP5X61lGSuOMA,0.00018297849748223844,1420,birank,173,20
4kViSyQIJxn7kg-uGrYboA,0.0001826145583853385,1421,birank,298,20
otlORLZ8uZM3_orBFl2z7w,0.00018217981260592632,1422,birank,434,20
owrGcj5a7W0QnWA7HwJ2Ag,0.0001820298090532583,1423,birank,301,20
iMWGmFrMVEEktWNriZ2cTQ,0.00018188225032310048,1424,birank,131,20
JyYT5phFLg3BESNL-WXf4Q,0.00018174487163934535,1425,birank,968,20
s4k1P9FHfPUzw3dqXRp7eA,0.00018170551031295,1426,birank,474,20
FYgFwsb9w2_2VyyUuld23w,0.00018164325818421052,1427,birank,215,20
SqnMmUeoWrc5g66wAHOq4g,0.0001813497633593842,1428,birank,355,20
_lCaW3aU3yp-acJ8BnCLyQ,0.00018092252520116506,1429,birank,1070,20
p0mxscqr7BgMR-I4pGM3Kg,0.0001808682272219055,1430,birank,433,20
YcY48yvPw6-FE-5DJCY14g,0.0001808312323529256,1431,birank,328,20
DL1JRfRo3Wtc76PY8-hWeg,0.00018067318776415,1432,birank,280,20
hU4gqTl636TJrxlI2WXZSg,0.0001804624716802,1433,birank,496,20
IjtQu81tebi_pLWdubVBeA,0.00018044510670544474,1434,birank,546,20
XwpjTjy_jwWGAlG_rt1Hrg,0.00018006135612875132,1435,birank,237,20
5RN4m3XO66jK4ThoDX3VnA,0.000180046719557025,1436,birank,405,20
f-qlRLsQ2vPATmlLTgLHbQ,0.00017993567366616212,1437,birank,849,20
pnDavnO86ecVdnecksUW9w,0.0001797339177229696,1438,birank,166,20
zsDjnBHyJsYfkdry96x75g,0.00017963492070365,1439,birank,191,20
ZpgVL2z1kgRi954c9m9INw,0.00017957735875615076,1440,birank,627,20
8q25GCkL0PngPIlCu2j4Vw,0.00017957648919517718,1441,birank,284,20
RmZ9CORyRONwfJYGrPPpbA,0.00017926910678073946,1442,birank,502,20
G047PcbKKb0YHwtpfZE8yg,0.0001792163658997521,1443,birank,58,20
KuAaIZIACr2uMSK1UDtueg,0.0001784910867153513,1444,birank,250,20
n0s2eCijdheztrvfk8BeTw,0.00017835615643678422,1445,birank,243,20
7qqlNBz6x6tiwoj0KhycwA,0.00017769287896663552,1446,birank,315,20
PQKY258MwEF9MkL9eVJB1A,0.0001776640797342795,1447,birank,294,20
A2slwG21Uulatt357w58PA,0.00017758002476284048,1448,birank,346,20
Hzw_macg-BQ1iwgdxwteHw,0.000177548417361575,1449,birank,262,20
hkaS8jWbnK0R5uPzQjTZwQ,0.00017744452056918036,1450,birank,446,20
bZ5aVoArjoE6F2Pq3yf0fg,0.0001773265388842842,1451,birank,494,20
onLvuAKTdabG_tSXkuqYCQ,0.00017732127001834867,1452,birank,201,20
x5T4yJGM3m94btiepuZe4w,0.00017723436717159493,1453,birank,703,20
zWNz-y5mVcJA364mVV-XRw,0.00017719163185555,1454,birank,394,20
YoqnmZKGAULO58qF4OhYyg,0.00017712341947936667,1455,birank,206,20
Cdf1-VQAUrp5hlT-rZzc5w,0.000176962192799125,1456,birank,264,20
vGa5Xwkp1zw4kmANvL54Zw,0.000176804507918375,1457,birank,301,20
TKpt60GHbIZEt8aA3AB9Cg,0.00017669494563921502,1458,birank,117,20
9XpU6r6ATXSWYfbU7kibaQ,0.00017665064087229998,1459,birank,366,20
BAv8v-iEDrrlCjvWoY7B3g,0.0001765985436998316,1460,birank,215,20
wyXUQfes79poDhsJpk6AjA,0.0001765521309664842,1461,birank,386,20
wWoX5l58K8YTokEWRcFstw,0.00017649763376648584,1462,birank,1130,20
ivpULDSBS4mP3mJqmziKQw,0.000176493322475,1463,birank,277,20
x4L77IWKk9Yd_d-WNxVb_w,0.00017645546352617025,1464,birank,296,20
xX4uThZwMEKWOwLqgqltig,0.0001762503133791333,1465,birank,156,20
1O-cOXmPlowTmoGgMi2Vtg,0.00017608854818322502,1466,birank,181,20
phQZ65kaARzcL1fAquR8LQ,0.00017603548100571476,1467,birank,235,20
U18r2iiKDtuXtwmiEnsmlQ,0.000176015832196,1468,birank,298,20
mJYm5ronkSp2hDI71rdKxQ,0.00017591253282591449,1469,birank,151,20
cq6QhAdGH4sAHFdTr4Tn_A,0.000175885044613,1470,birank,267,20
uIFRFef7l43YxA8G3dU6Tg,0.000175857837568525,1471,birank,477,20
CwL56LgcMz7Bvi4xODHVSw,0.00017578449177559186,1472,birank,361,20
bpMv-FzY0RjaaNAxeZGXgw,0.000175717826044825,1473,birank,207,20
uvG4QThFmQswhHCnPCGJyw,0.000175532787584825,1474,birank,241,20
3qGQcQVEn8GYqkVXL-RS-Q,0.000175499717268685,1475,birank,116,20
aOHNMIs-N591irOmxQfbFg,0.00017544255800658304,1476,birank,566,20
Rl7W2JPAUWFo2ZZdVeGAWA,0.0001754181860211639,1477,birank,131,20
by2wRASwOKpCZU9KtZ3MHA,0.00017524361375723365,1478,birank,377,20
LS0bgbX9fTTTOJe5wDZj-g,0.000174813039753575,1479,birank,480,20
j-cfAX-YZJ9i0bfby2kw5g,0.00017466931196113335,1480,birank,449,20
QFbKCvNM-RDAXgneleHG2A,0.000174624407032725,1481,birank,543,20
Pcyx4NFLTKRF5bdynKI9Pg,0.00017454238697533467,1482,birank,180,20
UBj0aJ6FfMR4tdvRbQ3KSA,0.00017441973134531548,1483,birank,411,20
hJlz7fa9pvdMRtIp4ADDlQ,0.000174369922713575,1484,birank,214,20
1E5h3CFrNZetWcWQut-KwA,0.00017428477574867501,1485,birank,230,20
m_HRFuR2STSP-8pqDvLH3A,0.00017421089738625,1486,birank,867,20
UaCnhb7NEUAPR2okEIVa1g,0.00017409541405547825,1487,birank,108,20
c39Y2K2DIch1L2lAgi25QQ,0.00017378555581366316,1488,birank,385,20
VNSJ-UxAXoSpi6KhHkj3Rg,0.0001736507725989,1489,birank,247,20
LTPDLhLysBVVzfDqG_ltKQ,0.0001735995814079,1490,birank,333,20
p076WpKLPb0IDlo-6c39GQ,0.00017352509497886785,1491,birank,555,20
ibe3g1TlMJmlkz_8Go0m1A,0.00017351754753716747,1492,birank,327,20
0bqfOY_rF8HCVrDMgnWLYA,0.000173372257344225,1493,birank,351,20
-9lL4yFBX_7XVqUr8cwytg,0.000173368617547875,1494,birank,308,20
5-HPQP4UlNgmq0ejihbxuQ,0.00017329912817655002,1495,birank,211,20
hr1XaVzp6htS41LjwKjIbQ,0.00017313292820126053,1496,birank,176,20
UFpCraqzFBAhtZqmxmiWsA,0.00017303271839735,1497,birank,377,20
QU3cET055Ewld3x_bxEtqw,0.00017291909607550002,1498,birank,246,20
R2d7A6pIadcVOPPHCpffrw,0.00017283332183191675,1499,birank,362,20
PJLh9DYLcf5JJ_fdwHDbzA,0.0001727624858904794,1500,birank,507,20
CfxaspC1y3xfmL_AnA-7MQ,0.0001727045372711589,1501,birank,345,20
kn0-Tc4JFnpnlCyqG-3X9A,0.0001726826490761006,1502,birank,635,20
UOS2Ef_7g4GX1M11xe_hkQ,0.00017266116581605,1503,birank,334,20
kPK3_DVC3oANl9m2a02m_A,0.0001724947936596756,1504,birank,216,20
8pzVSfj7R3yzOlTepfcIzA,0.00017244973075070718,1505,birank,428,20
HmmNzS7wwyeXcvtFP036RA,0.0001723338647804925,1506,birank,167,20
fLM3emFZM3NjUKysn5_yEw,0.00017232081457959275,1507,birank,150,20
lA5BOb5Om5cn_dfwiOgbNg,0.00017212134194238854,1508,birank,270,20
NiAirGrRjWdim_mF0MVJJQ,0.0001719408864654316,1509,birank,184,20
VGFQZ1BJzA-zE24bSwlb6A,0.00017190549310925,1510,birank,187,20
F-Z2J3GDTNge3K6bsbnKSw,0.00017185851140374655,1511,birank,95,20
YnCvQRwQu9_9eVYuarNKxg,0.00017181431179595793,1512,birank,164,20
ui4DfohP2wEh-BJbr_2D-w,0.00017180276036885824,1513,birank,181,20
5d6Re2uKakZvY-QPJgTvUQ,0.0001716083982024667,1514,birank,187,20
WLXceElT2l87hvOS4nHGwg,0.0001716029636411,1515,birank,184,20
6VQ1UhrwqRPkO1Bt4bbxlg,0.00017144387542643332,1516,birank,199,20
M83ABiFSIE2Zw_ylFRgThA,0.0001713365391296,1517,birank,396,20
ajfmcCilbPMKb_VxswIuQQ,0.0001711241885968756,1518,birank,351,20
o4vxgBM0_fcwu14O_EqgMg,0.00017099129694681675,1519,birank,230,20
RtJC7xavgAxOITQyAlGCbQ,0.00017091887657075,1520,birank,400,20
cVZ4whFwPNA721C4DIetbg,0.00017077221973895001,1521,birank,567,20
zZNFMQrCQ9GHXXT9D9BgEQ,0.000170645430955475,1522,birank,309,20
SNxj83jaoq3p4NmpLtsPVA,0.000170567075957975,1523,birank,189,20
JbJmkmPZtz9OlKcs2pUTaA,0.00017039962728693014,1524,birank,88,20
di2U_tMQlkgqwblvjdcXcQ,0.00017023459195715,1525,birank,450,20
7mJN7GAoGv4yDwB8RO4VyQ,0.00017006079444565,1526,birank,403,20
5z7N0Ih926XkkRW5-ZljuA,0.0001700429345735,1527,birank,309,20
dLLldDhrNbgQVIqf1vGJ4Q,0.00016984890943485002,1528,birank,204,20
2puBfTq70dyDFkRlkwm1mg,0.000169594441759288,1529,birank,200,20
bzvxt0sP9OMwwks1vLSzKw,0.00016956469186805921,1530,birank,275,20
QM2R4q0SGdFcpQ8y7wTSiw,0.00016954194247802498,1531,birank,276,20
EAApVzr9Uib9rvDs67RsNA,0.00016942063907213507,1532,birank,517,20
OfHs6WEfuRfrSxTFZPIscQ,0.00016936413249750063,1533,birank,310,20
dDaMtf0K5fwPx2vhthjnKA,0.00016900783429429737,1534,birank,233,20
GYFDgaBkWnxepHoyJ7mWAw,0.0001689389213702,1535,birank,183,20
v9dUfpQMn09sLJUaxlGMvQ,0.00016873687077865,1536,birank,342,20
IsS22La1wik7_VENzLO8uw,0.0001682249134632482,1537,birank,145,20
9RDKqyqXJcupSnA2vCIs_A,0.0001681582060631528,1538,birank,398,20
lB0QRhfNQQI0-Znf7hkBXA,0.00016805085972483843,1539,birank,199,20
LtG1BloPZmht57B4f8pimA,0.00016803746342572065,1540,birank,191,20
NmJX_LZ7ShIZqspI31RVZA,0.0001679935927246,1541,birank,1454,20
wEI-j7yCt-voSHgbjgnhIg,0.0001678661551632,1542,birank,551,20
86Mpp2Xlzasg-ntc2fNw7Q,0.0001676598883612092,1543,birank,241,20
p73i2GDzPRZJbYBa8qtpSQ,0.00016754838972654948,1544,birank,767,20
QyGPQg1-dIGAwPaBKIKMTA,0.00016734001219363332,1545,birank,235,20
Kup9m2JnUJrnnULc9zjDQQ,0.00016727473430765,1546,birank,357,20
1Bby_pb1ZBojRRcslDk1gA,0.00016719542219553415,1547,birank,317,20
nKGHbVaymrq2xjMM9mxydg,0.00016705707145289286,1548,birank,216,20
nkqjHy8jqKkxBhmBB_-Dyw,0.00016696860865757896,1549,birank,767,20
6tXfFVJJwfWOY9n7LK8dVw,0.00016693909606834524,1550,birank,329,20
mWZOPkusdImQRGwhyrymaQ,0.00016692422092612499,1551,birank,206,20
zXk8R3KLuGcJ5ZS093MWUw,0.0001665958973382289,1552,birank,97,20
c7M2aw0m_vhRuA-tqqmi0g,0.00016652417798576668,1553,birank,161,20
0xkgRnUPJKhfaCTc_Udqeg,0.00016645286263469622,1554,birank,186,20
X80hD1JrBuyVnj3EZWhm9w,0.0001659494194222558,1555,birank,189,20
w4_14pVOLW2Tdm9LTczORg,0.000165513809382475,1556,birank,414,20
0JnsAQFvOFxPltNU_smK3w,0.00016547344922405001,1557,birank,299,20
BZUlza2S5sfavO6UsS5mNQ,0.0001654636927716763,1558,birank,263,20
_LizRk3ouOvglz8o9z0xyw,0.00016517885329589999,1559,birank,163,20
FC8dvE8ilG2x8bV3wpIUHg,0.0001651182253408407,1560,birank,120,20
PCKC8qjaEUHIm8yN9v9Juw,0.00016502458495913335,1561,birank,282,20
2P-pvj_jo0SxNe6jih6sOA,0.00016491929256774596,1562,birank,105,20
SLWYIXWq2hAJAErn_icdXw,0.0001648307043499506,1563,birank,214,20
k1VWscMY1JqCHNVDk-lD5w,0.000164799871703225,1564,birank,424,20
Pdq64df8bTI648RCtHmJ0Q,0.00016468566717555,1565,birank,315,20
ZwkdQGbg27T1jtFSP6-ggw,0.000164681311727675,1566,birank,247,20
vG0uDzd0eoqryYUNfXwgjA,0.00016465983985207693,1567,birank,167,20
B9MAfqhVw1AxNzwu2ELPtQ,0.00016460284373125,1568,birank,246,20
33SwdKTU_hhGbb0XZbElMA,0.00016457681150959015,1569,birank,144,20
vdpxxb6fxjYtJMnW_V0GZg,0.00016456992403192,1570,birank,411,20
bjj7HIgdC04IhctuMMIF1A,0.000164434703352675,1571,birank,231,20
eblnR1cQsR_aeUkNu38VkA,0.00016439478637104903,1572,birank,561,20
pGwrPSAlwMvEnOsFHqB72Q,0.00016433855206385,1573,birank,420,20
0Iks7qL1wlUCtEj_lytYBQ,0.0001642978151273006,1574,birank,310,20
Z0UWSWLszjuDn3bpdGVMbw,0.000164291659382175,1575,birank,383,20
6afesz8yZhjOgijkWl4jig,0.00016425808972080002,1576,birank,558,20
7BmboJEmyQ_DAgTCoCgpgg,0.00016413633760328067,1577,birank,100,20
s2F9H5wDvH3LJqBfThmflA,0.00016407180428756668,1578,birank,730,20
H3p3b8nbB3OtIfQyQGKDkg,0.00016400589561211661,1579,birank,205,20
h1_eW92xqrPrY-LVKkHPNg,0.000163963058802225,1580,birank,2294,20
Ht66H1iGx0llc7ne81tjBw,0.00016392170367800002,1581,birank,236,20
4wy0zuo-j7uOckJeoJw4uQ,0.0001636386105685889,1582,birank,83,20
5ewePyN_mEE_79OmYyYBEA,0.00016361672447449748,1583,birank,182,20
RbM-F22RcF5i2kDQ3jU1BA,0.000163365131583925,1584,birank,215,20
Kt4NZ9IXvRCHI8qvV0h8qg,0.00016330637974970683,1585,birank,571,20
Zl6sqGgp3X4HAdr9t5BE8g,0.000163252633531875,1586,birank,122,20
qNXAR7i6Tb3m0J0UBurj6g,0.00016303100052732054,1587,birank,159,20
zGbycl5wGZXkbtq4c6-qYw,0.00016290447145444193,1588,birank,156,20
NhZ8lnDbq6cJYJJ0wwfv-g,0.0001628482146706,1589,birank,141,20
-mX0wJKh5uW1Kvd_VFFqjw,0.00016276996139922648,1590,birank,122,20
Z03QeLtc9PjlkSNqbdFdXw,0.0001627606451472805,1591,birank,422,20
vt_esoDw6HG5ClM12OPkMg,0.00016272517545055397,1592,birank,311,20
n1i7yciuoS2_6_g7ix9jlQ,0.00016270963550802045,1593,birank,191,20
mGxaM5kUC2GhYkp3Dip52Q,0.0001626016273779728,1594,birank,570,20
YdsPB-Wl4CEo56qaFTTlGQ,0.000162434403045525,1595,birank,257,20
1ECGsFgm4FlHbmZyltFdLw,0.00016241473563232236,1596,birank,269,20
y0_n8AHgfhIjIF3z4lRQwQ,0.00016213435554359877,1597,birank,202,20
paN9whOcxhHpGwE6oAI1sg,0.0001621176791116158,1598,birank,216,20
rePMk8vWD1fFrg3WoQ_DKA,0.00016209540857383038,1599,birank,236,20
O6fpSQsG6waSug3tccobew,0.00016205381712774535,1600,birank,807,20
vAlG57_mZtazKbHBH39T8w,0.00016194274138049176,1601,birank,134,20
ED-6JeGGo8C_m7MiSB36Zw,0.00016178035729085536,1602,birank,352,20
eFn-8QlFGdkT_B-bWigtFQ,0.0001616914924446263,1603,birank,309,20
foh6hwQxjCs0SeLT5MO1SQ,0.00016166245854844937,1604,birank,455,20
3F777YJJYthdPNrB-7MUNQ,0.00016113843444514594,1605,birank,1317,20
AnXdp1xcObinHQD2pRP6Ew,0.00016107417174243119,1606,birank,77,20
OJWt3ccwit_NdthGwjvAaQ,0.0001609776120323479,1607,birank,248,20
LGOyGWr9PwNHkpI5d72bWg,0.00016086213912607842,1608,birank,692,20
zV_tX3gSMon0Hqp8TH3Xsg,0.000160807642813275,1609,birank,371,20
DwSoW3CcQZuzxYi-wOxYTw,0.0001607849511585158,1610,birank,190,20
40x53BSmT4gFjIHCQpWJeA,0.0001607163991535439,1611,birank,486,20
ldL1_lWOtolY1BY5zVBslg,0.00016037070718549193,1612,birank,256,20
13oEDtCHrOvbhsHzno2Vvw,0.00016036208607684682,1613,birank,515,20
RDSHenlM3jZ58LkVw4qxng,0.00016035738400304998,1614,birank,115,20
tP8wd-9CrI_RkHK424oifQ,0.000160151552081275,1615,birank,712,20
rmvEN4p8to8hx7o7lo8Xlg,0.00016012304663858695,1616,birank,144,20
O6RCCmz8-x4NhWJpI8KQug,0.0001600504958265905,1617,birank,466,20
uKGuZYme6UO1DBexhtW5cw,0.0001600490367395925,1618,birank,119,20
2f5JQR_QxrmqUHSjzpZynQ,0.000160030879834905,1619,birank,402,20
0YELKCY1VMIA3gmP2DkHSg,0.0001599506931308548,1620,birank,547,20
RdIffoaCKPkct-1EjP3JCw,0.00015981225626327498,1621,birank,309,20
_Tu6ZShT4VuNKoc4d2jP7g,0.000159798950599525,1622,birank,158,20
R6IRHj65pEE-YJHVudBuVQ,0.0001597679272568,1623,birank,397,20
PQuM6c6pdEOLyInZdzoa_g,0.00015961007178495,1624,birank,343,20
V2aRYSwy862tExL-pBUFtg,0.00015950908470541695,1625,birank,162,20
0s9wc8XMhxgKbiHUreqeRw,0.00015946444176375,1626,birank,187,20
NrsJ_WgLXwPVcOv38N2zQw,0.00015931803609282194,1627,birank,180,20
lTTmtjhLZIj6vWSuIOyxwQ,0.00015928328766297024,1628,birank,274,20
6HsLzUyVMSj9NTjziJipog,0.00015924448200234508,1629,birank,90,20
IZl9xDTwW462FKkwEg7EDQ,0.00015908018153936666,1630,birank,258,20
4cCiiDSJ3imRXtQznXPKPw,0.00015888576705181228,1631,birank,271,20
MOy8qGtBOoJzRnHnv3Y3JQ,0.0001588416340721653,1632,birank,168,20
4kTeF5mHEkXzO-q1sxHZ2A,0.00015875365275909824,1633,birank,480,20
28s9c6Ibf9cgC7c8Szo6WQ,0.0001585978718849763,1634,birank,324,20
UWQNx6qZojXlDv1kBAMHug,0.00015858044717989025,1635,birank,1143,20
RUW5ahcbLe5kKYnEZtqRpw,0.00015842717293117501,1636,birank,123,20
tt_QH5mWv4FhiP3-82NOTg,0.00015836519861298843,1637,birank,311,20
PQkJ5J8Qilol-JIhu-alhA,0.0001582889870602006,1638,birank,303,20
TUpEcktoaIHfegZywmDbuw,0.00015821191389429374,1639,birank,119,20
r_oscENLKdrF2KNyWP4oow,0.0001577970781228,1640,birank,643,20
U1Ni64-U1o5ylGO_pqNDMw,0.000157756732151675,1641,birank,194,20
tiSIiacOzflrMMwJEXVFIA,0.00015766586962532485,1642,birank,257,20
WZMcvu6aG5juT_HFUOiaLQ,0.0001576444010498384,1643,birank,318,20
14qJA3j7Ut5_mQ691BT8aA,0.00015751765821149998,1644,birank,261,20
BTRp8zw-XlO9jr7dyYqv6A,0.0001575169892093,1645,birank,287,20
SHbYc3bul_1IaifoHlT3iw,0.000157492551012375,1646,birank,201,20
RfDM_uKnm093LvNnoKq0xg,0.0001572661611191,1647,birank,268,20
Akmo0AQ5qhbqYlZ2OZnrQA,0.0001570553413369629,1648,birank,260,20
ikx5LMrD4MjdwWM0yTJzYA,0.00015702215017308893,1649,birank,150,20
VFrmNGmPK-8UsDAXlxX-CQ,0.0001567952995592888,1650,birank,1284,20
zNbRWVCKNe6gBShmnuAQNw,0.0001566110363474756,1651,birank,344,20
tGc2cbNouGKD2DfqeDPrvQ,0.00015654819857723333,1652,birank,835,20
1l4-uhraQzNiRjppKyMUUQ,0.00015650300964558552,1653,birank,183,20
tRo8kUT8DmVsKl-d00cgvQ,0.000156458447377875,1654,birank,164,20
nkw6BhHRlJc2jhDSJy9dtA,0.00015645122639121892,1655,birank,99,20
eEMqe1vC53vu3bkBSkekSw,0.00015644051088999775,1656,birank,484,20
kINOfJQjPY7kmpfH03fPXg,0.000156258897242175,1657,birank,202,20
coHajs6hyDloks4xay9SdQ,0.00015621285787948588,1658,birank,113,20
H0MScRPcaB_TuFNEhWvJQg,0.000156156446407875,1659,birank,179,20
_O_KBH1MStcUkS1xk5pxsg,0.00015576217387006666,1660,birank,158,20
cOoTIQ0RcudE1R5aRVZzdw,0.00015573564333583895,1661,birank,333,20
OqQAPZaJ8IKQCxCjs34sXA,0.0001556794391724006,1662,birank,245,20
HC0g0xOuGDqn1jCCMctu8w,0.0001555653033745953,1663,birank,179,20
_qJqhR3q9TA3SB2BPY3PJw,0.0001554580932744229,1664,birank,236,20
dAZASdppYH5DQvXLlzGiow,0.00015545663382274434,1665,birank,280,20
mQ8qDT7Y4X7e45bSHOqL_g,0.00015544277162253973,1666,birank,452,20
jl0QetAu4Tgf4mq33ZN9VQ,0.00015540416723837022,1667,birank,319,20
IhVXifPXoPGOutCsbuMpkw,0.00015516193266795,1668,birank,121,20
LsHyDO0k4O0mxgxcsQ5A8g,0.00015510411361196682,1669,birank,163,20
uiK29Gh9OVX3kk9TOgP-Fw,0.000155030531668725,1670,birank,441,20
a_ts6C7QntisENtyitJRBw,0.00015485617457074998,1671,birank,334,20
r5yb5JfWV4TryNZlMBHPng,0.00015483787463162026,1672,birank,450,20
v7DDirUL-ZA-CmRgl7m-pg,0.0001545601377341,1673,birank,134,20
Oq5B0zc5vL0bFCxH7qd9-A,0.00015454925162755535,1674,birank,676,20
xFdZbv00SJwv5YSgwAGwqQ,0.0001543009135816749,1675,birank,175,20
dDU-0EW4Asx-RnM-vULFQw,0.00015428076846365,1676,birank,200,20
KAO5zkzUVL1FvzuyFMd4gg,0.00015413175499877764,1677,birank,74,20
WSi08gApEgsS62TIE78J_g,0.00015390826087773642,1678,birank,503,20
yuW60QyweNNcyHa_3fkrYA,0.00015367198140205,1679,birank,157,20
JHZ9LdG-V9yEcmT2UiBeDQ,0.00015349361132000491,1680,birank,219,20
JtLgjIFEPqw38jTqn1H00Q,0.000153452753625475,1681,birank,546,20
aJvxWyQIG5OLfBw3qAe8xA,0.0001533376178859776,1682,birank,682,20
B3JF06ctShiYJeg1FyJ5jA,0.0001533267775134371,1683,birank,475,20
q_1xjztlLeeYo12GBsuZXw,0.00015322713165505538,1684,birank,262,20
kI_8RT6-IoVxD-EgXmyFvg,0.00015294878786918902,1685,birank,146,20
bACIZGdHRFfNtrufH0wMbQ,0.00015289459902217547,1686,birank,140,20
zIeGu-ZfWF-THM8Y3lQwFg,0.0001528715611317342,1687,birank,529,20
cQDwJjslebJv5Co7gCm2Yw,0.00015275602514192398,1688,birank,167,20
HygY-4lzhk2qIoemIpjXeQ,0.000152667942111182,1689,birank,160,20
_U-hsWBK2O8J3-qahtG2pA,0.0001526275719177763,1690,birank,626,20
Y2ILjbd9nLM_El5KKAwbbg,0.0001525187784578105,1691,birank,161,20
-uQx0mht-CxM9OSJM92YdA,0.00015235085922090538,1692,birank,328,20
6fZWaWkvqrZNCxl_7PMDBg,0.00015230207421983722,1693,birank,125,20
YvjGdHY7iAKv_ticIACnXQ,0.00015226359459769053,1694,birank,259,20
UwI-vRH7Mu6PmsPR67MXyw,0.00015207923232634523,1695,birank,272,20
oVMf5FvsD7_HmBc3B62Zxw,0.00015197256420528557,1696,birank,139,20
70vQqNfFTdA3FmqjFDnVfw,0.00015179581397073574,1697,birank,258,20
vFAw4rLTTtMyRz1zQ54RsQ,0.00015178552102765,1698,birank,110,20
VHAfSIxcdmpQOTD0_ofbfw,0.00015177634087234425,1699,birank,405,20
HWrG_7G3lN_0TR5b3N5YWw,0.00015161015618757502,1700,birank,155,20
m7YpXsUZOfbmaHxjhCGP_A,0.00015159010009356094,1701,birank,1178,20
-bOcJEs8imqtSXwG644k1g,0.00015155954658426667,1702,birank,467,20
wlUOgJ63PmhkX5ms-QGoDw,0.0001514178830753,1703,birank,292,20
prjIpYF01D2XpWoXy3mSLw,0.00015119699752320527,1704,birank,574,20
d3D5R3uP3BjQN6m_60nFww,0.0001511604214172862,1705,birank,211,20
e1VGijMQdYT2JujHbf0Xbw,0.00015115231671165537,1706,birank,300,20
5qVG7T82jRnKGR9O7_0cFw,0.00015114784804810526,1707,birank,1308,20
dHB4vS2CFu2GlQ9ERG5H3Q,0.0001511448496431735,1708,birank,177,20
cEk1NBNAE9CyArMkTkhF8A,0.00015105195983443928,1709,birank,269,20
BAO_V8IMI6W4DhTlS4k9rg,0.00015089290876733026,1710,birank,413,20
6z3n9bxWvYWDEcrvuahjtA,0.00015075557587880008,1711,birank,800,20
WmGSfx0JbwNRT03ozyjb6A,0.000150745435287675,1712,birank,336,20
UX-OIPvEx8ATtVMGjSEcvQ,0.00015073801727759998,1713,birank,65,20
qA3yd3WKjUqMlnfZPBEFjw,0.00015071350363355526,1714,birank,316,20
PUR8xK74Js5oAvsarFkHDA,0.00015070798201156666,1715,birank,267,20
2CDVg_FOYIGov_8VMzsjrA,0.00015069377887443332,1716,birank,119,20
NeY1bH6IKJxnn4YAixibsQ,0.00015044758957551474,1717,birank,537,20
ZQ1xusCuRoHneUw_PfZM3w,0.00015028083839780117,1718,birank,613,20
3dRxeWMbcoaPL_lJQ773pg,0.00015024061245334254,1719,birank,179,20
TvZXS5m7XnjnfRhiXxmLdA,0.00015021772225759674,1720,birank,205,20
RkRwYRTQSgLtqRo_lODaLQ,0.00015020439613728622,1721,birank,410,20
ZtZNEwpzAh0uKUKA1Gg-yw,0.00015010205249886007,1722,birank,118,20
GGMPGL1AmXwlNyHyJ4oUXQ,0.000150101229121875,1723,birank,222,20
21Yrp9EY9pI09qy-YYBhVg,0.00015008314797535324,1724,birank,291,20
ZRy4atrG3YHdb__qtE0FsA,0.00015005376025869233,1725,birank,158,20
OHIEmhBx2SezWLaHPUljdA,0.00015000185368355,1726,birank,158,20
7cr-FYscJgV6rDnV7Wantw,0.0001499987421194765,1727,birank,105,20
yHUWxfunpzerdiehxNFI8g,0.000149966055727925,1728,birank,307,20
-FplUfMbM6YNKtwppNddxQ,0.00014975997387861535,1729,birank,133,20
e7fAEuZ58SEOWB0Rw_4w2w,0.00014973192423043302,1730,birank,618,20
8odXL99ki7fi2YPgvAd14w,0.00014969670671339212,1731,birank,616,20
uQgZitYr2ni6ZjL6LPOzBA,0.00014968405171692498,1732,birank,261,20
g9Kjz2jJ20WGdhfqZeIgCQ,0.00014961921185008818,1733,birank,312,20
3epzkP3YzaufCMIwPsJaJg,0.00014953358754011861,1734,birank,159,20
G_zuuYzVYI6_Yw34cdq_NA,0.00014950879666835002,1735,birank,481,20
NCHUoBAMTDqI754PICPN9A,0.000149505433164375,1736,birank,1169,20
xdferXKwbgXAxbtmAShhAQ,0.0001490328921599506,1737,birank,727,20
I8KMfyZoEqzLQtChv2X5fA,0.00014898678984990002,1738,birank,237,20
D2v3g5jLjPsaXnswYGW6Dg,0.00014898567819515845,1739,birank,234,20
nMLZh1mfsg9RpmwtIAlq4A,0.0001489376290693971,1740,birank,295,20
Fbq_tc6W5uNmQNrInXpd5w,0.0001486212531189215,1741,birank,253,20
QhFftZD6diXpF11A9U2ZdA,0.000148593935491575,1742,birank,438,20
QfO-suqu9rYaX0Bh2iJ4mA,0.00014855195870894868,1743,birank,263,20
CpBuc0aSueBpTXce3fJoRQ,0.00014853084245165001,1744,birank,142,20
VgFnAjjhK3AnV3u1-UVB2A,0.00014829961537050874,1745,birank,113,20
umR6HgRVWYHcXzsxCQ92Ag,0.0001481758594797756,1746,birank,249,20
08SYU1uLNCned0Oyrh06JQ,0.00014802416373396702,1747,birank,60,20
z7GXmSfRl92A_NWB7Zz4Og,0.00014771858993373877,1748,birank,155,20
yzMxuQYGIqHZCds5J21g2A,0.00014761595383272561,1749,birank,167,20
HzRSWmNxcEVQGrr1tun25w,0.00014749286478441426,1750,birank,426,20
fz85ozE9tZCIAPGTplZhTQ,0.0001474205819365822,1751,birank,116,20
Rwirqn9cmt5xhTUZ5V-idw,0.00014741700625109096,1752,birank,197,20
GsDwQ9NzKu8eaAGFhkOtnQ,0.00014723243788837645,1753,birank,230,20
rIPy-Q-w4hrvcdSbCakXpg,0.00014718835902587023,1754,birank,452,20
i6_elzfbdvp8rTjQ_AjY6A,0.00014701644748295,1755,birank,236,20
nmDK6a60DErPjLD9lxcjfg,0.000146996396837175,1756,birank,142,20
AS7hUQSS8zg8D7l3hPXj2g,0.00014699338293788569,1757,birank,178,20
ACYqszWy-AlxeskqHuiRBg,0.00014697852926679367,1758,birank,150,20
a39Bc7eixUE1_vOkBjEfwg,0.00014695865437515,1759,birank,228,20
S2f17_R3I2CXculeMDZAig,0.0001469194629064492,1760,birank,139,20
_Vm1wFLSe6kanZV1sQjkOw,0.00014689805332378144,1761,birank,239,20
ujWCzhA9YS2fXzXPW9Lc9Q,0.00014685066247923037,1762,birank,259,20
j7z0VfA0BjEG6dIVNprH9Q,0.0001468475468941,1763,birank,145,20
uJc9lKaxLNBZch866x4_pA,0.00014669124412983116,1764,birank,212,20
XZRsPZb30NWjgqZBSumsSw,0.0001465349929923061,1765,birank,135,20
lgOa5IWyHW9_qoCSXeie9Q,0.000146498146568125,1766,birank,215,20
cVFjnwuSmDKfIudiPHmkPw,0.00014648208180058104,1767,birank,187,20
f8d5NwkN4F2-mpx4MMDf3g,0.00014643270214963037,1768,birank,386,20
mdNm8X3vcedYXQ-vwc7OKQ,0.000146394016221925,1769,birank,128,20
Yvb0rmlmEFNLIRLfCIjVig,0.00014638804177098214,1770,birank,309,20
1_ggjy2ygyhAztMvjLCCEA,0.000146375216260425,1771,birank,227,20
VgsbZSm5NRaDg2ds_FDBrg,0.0001462876631449756,1772,birank,197,20
lOOePsuwr75TCvIhV1Am1A,0.0001462644729434303,1773,birank,214,20
CEBM9Ls8IHhYtbsxW9PC0w,0.00014617840606739586,1774,birank,235,20
jsDCfwLMjksdVq5SkNMLcg,0.00014617200144819342,1775,birank,255,20
MdAO6bEVCYmAjw2IaGJ5RA,0.00014606742948065874,1776,birank,265,20
1h9NXhwX4C4pXuBg7Dq7mg,0.00014599570761717295,1777,birank,102,20
2YoJUob1RL-LCYGiXdq8dg,0.00014599343413269097,1778,birank,167,20
Yv638OoaYQm3qBuFm30AQA,0.00014597716438179232,1779,birank,286,20
asCtJ8rvzle36-vdNZb0kg,0.00014586143089605002,1780,birank,300,20
MNnCUYhi8JGEF7isbLXAFg,0.0001457993594472,1781,birank,299,20
aZhwXa17CKUuh7lF8wwFvQ,0.00014575706248578772,1782,birank,393,20
itAhmbhHOyQQparfwicjDQ,0.0001456993458137934,1783,birank,280,20
WFRro-8uIBpKoJ1VSKrpdw,0.00014556918578051593,1784,birank,239,20
gYrHa4CckDjgOQc5B-yTKA,0.00014555407060233037,1785,birank,924,20
f1ExfzC0Tj6uJgWvve1Pow,0.0001455515208913756,1786,birank,321,20
JDZ-yr0SpjMoawlDeke59g,0.00014553122499654354,1787,birank,406,20
t2vxEpIP8ntB4OBHrNAcVw,0.00014552104854885132,1788,birank,213,20
riJXTWzl2sz2iJSBHL2MsA,0.0001455179219207383,1789,birank,73,20
1LGyVebO0VzuaMiFjpH3bg,0.0001451551742376934,1790,birank,181,20
mv9uuDPJDaxl0zJ5cEhpXA,0.0001450777439118756,1791,birank,456,20
saJFbz12EnzanelpD8_xXQ,0.00014499458255703035,1792,birank,630,20
gGf7dpWXL13f57CwTIvEkA,0.00014496595926904998,1793,birank,375,20
wgPpwKJ6oyp3XN0jGUFhOg,0.00014480186217675993,1794,birank,75,20
_5k9hs8ae9S9Dj46EZrSAg,0.00014465403601180002,1795,birank,579,20
dL0GYNilzv_esQ6GD5Vcqw,0.00014464030659827292,1796,birank,1036,20
Sh92jt5l8UtW3Gs-RbbK1Q,0.00014455558700328405,1797,birank,63,20
3n7VGTZQKyWycuhU_j0lqA,0.00014452326166294654,1798,birank,168,20
__YGMQexDIqJKtYynxh5gg,0.0001444105405841934,1799,birank,127,20
1KsRngfDY9Tr5mGvOQaG9w,0.000144388272592225,1800,birank,168,20
3tABZPOFyYgY05ADJnRT4w,0.0001441266746404867,1801,birank,219,20
2Q5gjf_K68145UdUyKGAaw,0.0001440724503741533,1802,birank,172,20
u4Y3FY1VmVWaaZUdGdJMJg,0.00014406657692683333,1803,birank,488,20
hZCp2jixJy358TeaiMwZ4A,0.00014402631759989284,1804,birank,81,20
MOKiCrc626sbmzMxIez5yQ,0.0001438055612896981,1805,birank,151,20
ErW31qKCSDBc_oZ4DCziww,0.0001437784547785,1806,birank,512,20
7UOJofNZSY6pQkIk6QUOGA,0.0001437554032081783,1807,birank,248,20
EuzUT3fwPBWAHMXUiX5L8Q,0.00014369118784272016,1808,birank,101,20
GV1s2EOQX7tLQrDjPGUJUQ,0.00014366411790016841,1809,birank,383,20
bDT5o-Syv0DNNCTigJDvYA,0.00014365247688389682,1810,birank,167,20
1U5ZqhfQZXPw0v_Fa29WBw,0.00014343912715068035,1811,birank,218,20
2pWQjLkIynlvTdgPGxINvQ,0.0001432941050586013,1812,birank,271,20
aoRv_tZfoGHjXkPqy94ryQ,0.00014324712287820554,1813,birank,126,20
RXwaoArqhi_-JnZh5MH_ow,0.00014283562319189534,1814,birank,671,20
GBRQ70B7TOhs8M40w6WGbw,0.00014281054505055,1815,birank,227,20
vWdBOZdE8KwxAxyE3LcJRw,0.00014270199088295537,1816,birank,236,20
8xjBQgZsIivU_qfbXYGrZw,0.0001426954437520896,1817,birank,64,20
Ktfl6gzqp4kWBYCpa2r35g,0.000142676707799231,1818,birank,470,20
ds4P0t6Wp4Q8o-PVnrr0pw,0.0001425882274855405,1819,birank,197,20
6W7BXh5dHiWml8zwvvtR4Q,0.00014255472790168633,1820,birank,95,20
3MIsXwx5zVmlwzRx9UnuFQ,0.0001424706238465153,1821,birank,186,20
kf8HXRAZxtC7xVR0Tg-rhA,0.00014235799582970978,1822,birank,279,20
xqrlUnrLo1t9UP38S02qeg,0.00014233236393013335,1823,birank,647,20
bWMpAxTtVKpNfuVK7xMjQg,0.00014227436572878025,1824,birank,640,20
2dlQX5sP9X6Dlm1MmNOlSw,0.00014199727259439025,1825,birank,481,20
hc7I_QpCszT3mlIP9uW19w,0.0001419801499970877,1826,birank,878,20
mJCSttB63SaPVZOW3YWhhw,0.00014176814780006924,1827,birank,130,20
uAg0M9xi_ijuMw5T2peymg,0.00014175278675772023,1828,birank,232,20
E7jw4bNYxy00T1vIkzOdzQ,0.00014159013784185537,1829,birank,191,20
yiR60hi1GUqVJ4Wu7U9dqA,0.00014151828518545764,1830,birank,240,20
2w2L1VAFAY89zcKtPC20jA,0.00014135566924764378,1831,birank,462,20
LqDzm5YJs07jpyIMYFnFrQ,0.0001413426321830635,1832,birank,490,20
2GgFrz1dQ6NzR29UIYQ8Xg,0.0001411872941395256,1833,birank,155,20
tMzJ15VLjqIuitCXs6_bsw,0.00014097814065380573,1834,birank,131,20
qQrNp9Q_-1GC1eRGv-HZLg,0.00014089327263965202,1835,birank,93,20
vWKTTbYHSi2tGA6hksCRkA,0.00014049306012175284,1836,birank,355,20
pFpQAuoPfhHCbXnHarxxtg,0.00014044632040703425,1837,birank,109,20
b0PRhOHyCi4AjQAMfWnjjQ,0.00014035633081150922,1838,birank,198,20
pqi8jMdzeYifbQfAnZfj1w,0.00014028290200997632,1839,birank,126,20
0mUVD5sDXZjd66XwATN8XA,0.0001401257245617,1840,birank,627,20
2bx_F3UOGmeg5SQR6RoD0g,0.00014007215326610771,1841,birank,185,20
2q8iaxBfJdSq3SLCi5NAsg,0.00013998588499540538,1842,birank,217,20
0AlrB500SLZ0g5SxjK8GYQ,0.00013998027147998075,1843,birank,83,20
9U2w4rQlIgBQqHuTRgp7Rw,0.00013994080854246973,1844,birank,177,20
qEBL7U0kW4lkptcd_4wWbg,0.00013970141716313422,1845,birank,194,20
8u70WVawnsReBWNv7IXNSg,0.00013964994501195537,1846,birank,319,20
qa0LSF3qMsnxFRROeEQaXA,0.00013959121896378802,1847,birank,252,20
JjUsoFUCDHsEloj6Q83aFA,0.00013957474588405,1848,birank,251,20
FWqhypnh0NsTwpWW69nS7w,0.00013950846224876896,1849,birank,235,20
H6ssEvfwH0LBwljZe51Y_A,0.0001395053353156251,1850,birank,78,20
-6nQZ-QCkAyNHdtaxOxDpQ,0.00013942228150485,1851,birank,266,20
10B8LifXfBtMLbrYzTOy1A,0.00013932758742437595,1852,birank,86,20
u6ymLCUNz0WQwsSIJ21BAg,0.00013921175822196474,1853,birank,192,20
LFOiOxKTB0oDELEJ0yjBhw,0.0001391794922792756,1854,birank,335,20
aUyOBYQW20UiAVGeCdEwGg,0.00013915394154506786,1855,birank,183,20
t67btAFoivLLR53lktwsfA,0.00013914359384610927,1856,birank,138,20
pSquMmdxtM5FFQYeNlcGAA,0.00013897817880521865,1857,birank,167,20
9ng2rcAA3Lb6m_t4IY0QcA,0.00013895154755655612,1858,birank,472,20
8qGe4GQYyZstFhYa0rvpIg,0.00013877765470765908,1859,birank,379,20
DE8wVXVQ5JNsRVZcLpOARg,0.0001387107944346067,1860,birank,148,20
s-74t4aQKL2pWeQmIB-c1Q,0.00013865373179791605,1861,birank,137,20
vsU6uRvqqf-Mls3GrDm1og,0.00013861414296270625,1862,birank,87,20
OnR86SBjEMUg60cCyOxQ9w,0.00013859757036418027,1863,birank,114,20
FClTbPhPbslS8uk0p8leOw,0.00013849951325955586,1864,birank,401,20
AahCxtL9ZrcaeTpP23X8Ig,0.00013846232792615482,1865,birank,95,20
5Y7cqSgUSfLwn7ulBeO_sA,0.00013844311024848035,1866,birank,238,20
6mL1WHEloNCQfc7a81pBiQ,0.00013840825720149997,1867,birank,65,20
K6rN4W4ErLVItpH_nIZncg,0.00013840556282779883,1868,birank,144,20
BJauHq_tArHgi0nncImNJg,0.00013796277008486726,1869,birank,1607,20
vEgKBcuZxPsaExMXBP0SgQ,0.000137940902280625,1870,birank,422,20
FOJGpcqeben-KUHzVd60RQ,0.00013791576900866508,1871,birank,103,20
q4wV6JIHvaMp0CQKPDp1kg,0.000137809736292075,1872,birank,364,20
J-Gfo-YKtgFPSgCBZbT88Q,0.00013776306659589593,1873,birank,1113,20
NhjZyB8Ep7VkK-qcyFBgHA,0.00013771827254451723,1874,birank,145,20
mHmIoIGOfpidrS1fYQ9PbQ,0.0001376720023651256,1875,birank,280,20
ngN3yfabddV-YkTO6WI4_A,0.00013760037285148966,1876,birank,330,20
be_uy8EbtTcCtBVqTYMFrQ,0.00013750656508229277,1877,birank,877,20
JPm93BlP-UHYPqFgK66JUw,0.00013728291292197675,1878,birank,240,20
fikP9Y0YSVhl8aJiW9xx2g,0.00013726098699212447,1879,birank,162,20
uX31y8tMkt918miAJaSIgQ,0.00013723653073741658,1880,birank,943,20
4CdXVM7-7ek6sNs11gaVuQ,0.00013709712659535115,1881,birank,111,20
zpPeS4x_9EFBobT_OHipQQ,0.0001370138781246,1882,birank,97,20
SrtakCRVHSFOWtI70wdVnQ,0.00013687049930223946,1883,birank,115,20
GTXSk8QyD7N1Un-tzgPw4g,0.00013686197427580175,1884,birank,504,20
wS1cKdAunElzf9ztRx14Ew,0.0001368555343577,1885,birank,668,20
tJPaPZwRqFmDSEc8VEx9hA,0.00013683548486406665,1886,birank,383,20
02nb6CI8w-2EoSEkQdk2Wg,0.0001368239832998006,1887,birank,577,20
suO_107nxddoUK6J-hK8GQ,0.00013674300169330423,1888,birank,144,20
2JKbWGJeE3LdwHJZSeAGEg,0.00013662448857861215,1889,birank,527,20
f3qKagX8q2lnz1O6Ulck7w,0.00013654111435460001,1890,birank,347,20
3H_MN2ecWlBLsUBWrjs8xA,0.0001364780668392263,1891,birank,302,20
qdKCj1XsTCgTql1iuPB5lg,0.00013647223287350092,1892,birank,286,20
r5sQtvsO4OVJgEH5H3uEAg,0.000136371431055,1893,birank,776,20
Y-xCFPYXWd9Ig0R_ZTd9mA,0.0001363390113703486,1894,birank,305,20
XM3ZCy6mhG9y9FZPIjOHlA,0.00013633656215148671,1895,birank,93,20
yVBTwIJdbtScInZ7G8eDwg,0.0001359075780785151,1896,birank,150,20
eGgYses6equ9ZOHj6lYmXA,0.00013586027216555349,1897,birank,62,20
ZSaKeh2-3U9BiMMqZA0z9Q,0.0001357839359574277,1898,birank,388,20
Pux_7mToiJgXRjVldmLkaw,0.00013551358162714028,1899,birank,91,20
W0JwMDaPz4KxJPqiUuh45A,0.00013547116057823232,1900,birank,121,20
61m3aYVdYWA9EM87EvjeAQ,0.0001354672395683175,1901,birank,307,20
IjJSHYMgXV3ZQSAr0tn19A,0.0001354663712940554,1902,birank,129,20
w4nHq_elJwPpI4iZ6ro3JQ,0.00013540992125990825,1903,birank,164,20
KN10CbKTJZVS_2abtMtAkw,0.00013528661651240537,1904,birank,353,20
aI2w94F3TvIuPTcflKVCJQ,0.00013506666458154868,1905,birank,572,20
bSgnLV5MkJycHpv6l5cnNA,0.0001350419075902125,1906,birank,710,20
-ltRJOR-r7MhOh7g48HQwg,0.00013488971966481522,1907,birank,142,20
D3_topdyHpAyq-zlEZ_BEg,0.00013484869582683332,1908,birank,182,20
FYpHZegG2iMum_axsJDKcA,0.00013479716837230002,1909,birank,87,20
T0qzsFxkHK9w1afnmns4fw,0.00013476286467514948,1910,birank,319,20
HmQ5jRUuYrRc8cKGIsA6FA,0.00013472764051000716,1911,birank,193,20
m8EZJFtJlVzTLOJvXVGxlw,0.0001346937154631175,1912,birank,648,20
Thksu3pRk_QKFmKYa23mow,0.00013448454282923036,1913,birank,1272,20
FXt9SIJT-1JN3K8RRb0-5g,0.00013446518062515536,1914,birank,356,20
D8NEBGvh1DVHbyEs2cWVAQ,0.00013445806406013258,1915,birank,107,20
sBRKxVbRBmeXY9mVwliqYw,0.00013445149189402557,1916,birank,97,20
IlAvhYscM3UyY5hzBPBlUA,0.00013440776841983334,1917,birank,258,20
af3WWbBciAD3L6I6ZuXGJQ,0.0001343446002321256,1918,birank,262,20
kMfhJIGdpU4rZeogFKdr1w,0.00013423616759080176,1919,birank,154,20
3eJlEkRmcJODPMOp-cJkcA,0.00013419927444925121,1920,birank,95,20
EnLLksrGdqMgOOAu9rNtJg,0.00013419459237130416,1921,birank,291,20
uizQiDP3fYaDvCxuwMaSew,0.00013402330832599021,1922,birank,300,20
zm9aNqkHHtp1f-VT3ZlOZw,0.00013399617649065921,1923,birank,261,20
z_nuzYCFJbfQ83eozdBMnA,0.00013397459978302024,1924,birank,342,20
fIJl2U1A8yiul6WX6pOhdQ,0.00013390611051450536,1925,birank,202,20
6pT7TIyrhpeo-LjTlIZBDA,0.0001338302897364342,1926,birank,369,20
0oogOBGXNj39Wnl2SKoe0w,0.00013369286484915294,1927,birank,138,20
0f0l62WKla-j2cfnPn7P2Q,0.00013367678128518038,1928,birank,665,20
WtC6tR6Wq9g_vguMalpliQ,0.00013366990614241568,1929,birank,85,20
JUiwOZynj3Wid_spJoxUug,0.00013365614883025133,1930,birank,83,20
sL5Rmq0WB3MWOeLlav8bBA,0.00013362718435455,1931,birank,243,20
mCNvZPROAx2AwbYeizPHvg,0.000133391708226503,1932,birank,262,20
VxVQSJKTCx-5WFe-clKOaw,0.00013334396587045278,1933,birank,42,20
DHMTaMk6JEcgYC2mIwi0hw,0.00013334190962690064,1934,birank,68,20
TVv-Rijul-b1GoIZ_zq-7Q,0.0001332936492666048,1935,birank,96,20
XahxHmkaFOAwXix2VGRAUQ,0.00013329210171064986,1936,birank,124,20
qSfTZcLbm50K1i_vgqBhqg,0.00013324307483933434,1937,birank,137,20
k9k8KR-HWclyvAWMR71_ZQ,0.0001331995893409006,1938,birank,298,20
oZFddbA1tlw4CHrLvg4mwg,0.00013312687976701338,1939,birank,99,20
hUcUvCpETeN0hvN32zrOlA,0.00013297353428901458,1940,birank,177,20
VcXXDz9dsm9klG1uK3R0tw,0.0001329186260143506,1941,birank,123,20
hzkeaiW4tG0H_nHG31JuVA,0.00013290346692102368,1942,birank,350,20
vyyr3G874jpRYSQo2KPZow,0.00013283236699309766,1943,birank,231,20
1Efad30BdOeqqjX2d6P4sw,0.0001327132857116518,1944,birank,387,20
U8TY8RR3Cz5FuJ1Sbedb-A,0.00013269403980355947,1945,birank,136,20
STU4v_QuqjpsUJmWU535pg,0.00013266405676912646,1946,birank,393,20
3tHYTqsJcsZ578bmcneY0A,0.00013245767172507438,1947,birank,186,20
JNHEadNYIm5eY_4lTjmISQ,0.0001324373712918466,1948,birank,106,20
FRBGjZKVmKqcyFb7XQCjXA,0.00013239306232081308,1949,birank,89,20
GKi9B1w_3qazIURnJ6lW9w,0.00013220148759472233,1950,birank,162,20
iH3LWJ6yisLnGEnd6Ch29Q,0.0001321042123122092,1951,birank,301,20
Ttg0xnJpjDTlVDKC5iBbdA,0.00013187628352403507,1952,birank,202,20
7dQ39yOtoQIhmHY_E9cQFQ,0.00013183708897063746,1953,birank,110,20
co28Isl2nsvX4-dd33R_yw,0.00013167301985887888,1954,birank,861,20
csq9VYVCD49otyOurg2vFg,0.00013158900130355155,1955,birank,208,20
aYrsT_ReL6vlQIP2GrvLWQ,0.00013158899949355062,1956,birank,245,20
IVBh5jYrAQ363Wd6yMsDgw,0.0001315257763448,1957,birank,497,20
p1Y8bMd0ixx1dzj9oTjEOw,0.0001314395128907685,1958,birank,127,20
_T_uAA8QWu55WWerljCYug,0.00013139808796157017,1959,birank,53,20
BrD8yPqnivir_-PpZ8pjQA,0.00013128177392826665,1960,birank,349,20
KWIgNJwWWS34AvGaC0HdYQ,0.000131260775256425,1961,birank,738,20
PzreyErPlb73Zgt1oSZdcA,0.0001312263617475092,1962,birank,196,20
nd1wLaVXyk86yECj1ffwJw,0.00013118280793812992,1963,birank,199,20
fwAKmgDhi6vsxBWm7izc-g,0.00013098826556200282,1964,birank,115,20
weIYxWpFp1TLoaX6XE4Elw,0.0001306955533760163,1965,birank,201,20
MNwTcsnjhe22ShOLYbxm2A,0.00013061386551868417,1966,birank,641,20
0ltwnq7Q2S76Fu-0W0HNPg,0.0001305643577188135,1967,birank,336,20
XRmk-rUh2VknJs4tT7QB2A,0.00013050174722011504,1968,birank,543,20
Ll9dhi3PsGgMf6-HEZjfLQ,0.00013049963442843027,1969,birank,270,20
oJXKb2Y80tiRi16jYNmpIg,0.00013049769754654175,1970,birank,475,20
rQkGuMsXdQ5AQtqk6mzpAg,0.00013046525930525,1971,birank,206,20
C8qLAGhE2UP3NgdShFuOPg,0.00013038105918763412,1972,birank,246,20
BerT4C0BFyrRgYzlytNe5Q,0.00013020277732274385,1973,birank,153,20
oHMUB2xSWRY_7fXXKRZ-_A,0.00013018651144818037,1974,birank,407,20
rDk_O0KRIqEYvoBhonLmjA,0.00013018316757517465,1975,birank,224,20
WllnLf3kBK5lGyPoKWICXQ,0.00013018128363261237,1976,birank,335,20
-BLVl824WRLFIm_uiHmkbA,0.00012983474574570537,1977,birank,277,20
fuMYz11sdGwFqckMu0BkGQ,0.00012982279246811796,1978,birank,185,20
SDuDbDZfEKKR3mwcrNsz5w,0.00012969978761887292,1979,birank,273,20
9XzPqLGIkuN1rmqWH7aP9A,0.00012968545230245928,1980,birank,122,20
wF3EdgYbUm6ARXDCzbpUEA,0.00012965773971820277,1981,birank,583,20
8BEIpKZu-ddcptxDbqMwLQ,0.0001296507297509436,1982,birank,149,20
KfDQ7xhzuMJw7Z6okAwvow,0.000129574537466,1983,birank,227,20
zMMSWTHxkLWYR359o-IuAg,0.000129526211469775,1984,birank,240,20
jmZt66lh8Lv70VoVwXgMow,0.00012942392288425712,1985,birank,90,20
h9c5p5JwhdbMFGTFDvozag,0.00012940902064427853,1986,birank,70,20
4GmZ1qVrioP3duIk_YZMxg,0.00012935743331119658,1987,birank,137,20
j92DNzG7Io113coMzYsTsw,0.00012923433563162318,1988,birank,95,20
sWZnoOJwHTQD7RgdrmFA6Q,0.00012914530866503293,1989,birank,313,20
2bugq0djs9WnBMHaIr4iYw,0.00012909834758727013,1990,birank,209,20
DIsakzk-hTU48OEhqYIf7w,0.0001290749129421,1991,birank,470,20
lLU4ViA0OjsCs9hK2DQEkQ,0.00012901872600506296,1992,birank,426,20
q_S1dx9WI54X2Ll1pBW-9g,0.00012901745073114998,1993,birank,247,20
p_2-bZDYefZTD21erlZh4g,0.00012894422739475,1994,birank,161,20
nk9CYmNy0mxuu3dosjyV3Q,0.0001288463847058368,1995,birank,126,20
FvvlLwlLrMXx7ScfKdx3MA,0.0001287626947213666,1996,birank,92,20
Qge2dkrXXhXFEk6E8jysNw,0.0001287445165533557,1997,birank,265,20
tRQd4vpyxy6Mvn3DxEZDCA,0.0001287288427646637,1998,birank,143,20
71jPhXJK1GGdGGV09jp0gQ,0.00012856983351040133,1999,birank,164,20
nPfUxvE41sjRJqZTUj-qGw,0.000128449208230925,2000,birank,258,20
LuB-RHZQzmbAHXmykrN0BA,0.0001283711039297896,2001,birank,377,20
1_BzX6o0O6w_9yx9NczMrg,0.00012826661284547801,2002,birank,270,20
Hs-jwE791t3cX9ErgTcEFg,0.00012822494801009179,2003,birank,195,20
B5YzH2QTnHThzrHPt-qHow,0.0001281926647055564,2004,birank,581,20
ADaZC5PLXRJZaNJQaJnMcQ,0.0001281801676713874,2005,birank,179,20
p2kC-cD22QAQzIGD8ZuqFA,0.00012809574830736578,2006,birank,819,20
pFQSo_TvT8-RDTHc_-PhlQ,0.0001279895897146506,2007,birank,719,20
CqUyK5sLX1hG15_dJAK5Nw,0.00012790454165618854,2008,birank,180,20
wPSQ2EGGlpTpjC4fsICQsg,0.00012782703461593052,2009,birank,128,20
OFeOtZ_8FJvDUb9BEfnyTw,0.00012778329920008037,2010,birank,194,20
aBJWHzk6jfAj4h92clH21g,0.00012772335765608037,2011,birank,183,20
fBYOdcN7ywrueLIEEkW0kw,0.00012769472231621433,2012,birank,107,20
ql_-U6RfqR4hbyZfSIZECQ,0.00012763274728053178,2013,birank,192,20
-KdeX92-JV2K8GWbAxVj2w,0.00012761771936238282,2014,birank,316,20
0h4Oo6W8mG4HEYQzZRkoOA,0.00012758426754431283,2015,birank,285,20
ul7RY7S80zD3EpvoYMNyAA,0.00012752246672457238,2016,birank,213,20
1MeIwdbTnZOBFCKOrgaxuw,0.00012746415024783052,2017,birank,206,20
jSZQ89WehnfYJcYMGQO2og,0.00012738341371871235,2018,birank,20,20
xVZzmogXT64tfSwHZgYVjA,0.0001273834137187,2019,cold_start,19,20
8Wq0LZSuHdPTlleQD5sU_w,0.0001273600635061118,2020,birank,127,20
FNQfc2Ih5bSKnmRcsHTcKw,0.00012720664190065553,2021,birank,223,20
4tJmaaIAG-rZrPF-2CpNEg,0.00012710036862651958,2022,birank,704,20
IG1MLst7GcptliBDES8ycw,0.0001270530034830993,2023,birank,278,20
-mBc7M9Q3fEIxuUxwOleZg,0.00012698435287270904,2024,birank,223,20
mLJcCIhUdVYAlYHeVdg77w,0.0001268682612995756,2025,birank,151,20
DG_7A-jMSFFYYqmldgGqNg,0.00012682384798545,2026,birank,137,20
y-XX_c8EVK4m3oQda42Y3A,0.00012680880229667434,2027,birank,183,20
B_e2yKNLa0h4LbyI7u1wxQ,0.00012677153170751227,2028,birank,61,20
GUZCOzK1ssAza9C6Tnxl5A,0.00012675242814938213,2029,birank,177,20
Og32VlJ-InIa6y_O9cgR8Q,0.0001267279697622,2030,birank,101,20
aOLFlIQibMg_lT2X4qKM2g,0.0001266857361206842,2031,birank,182,20
-aXBwEc28UdpcNtl6B6sGA,0.0001266758444956,2032,birank,99,20
ScWo1fsKbn6vJftI49bqcw,0.000126512744334275,2033,birank,418,20
KSi7EYVE7Xziq4uxH9gHiw,0.0001263729201169287,2034,birank,112,20
zDEzXNbn84HD0lR0KD0seg,0.0001263214354798397,2035,birank,182,20
Tgq7FzfhLx97K5NBXGO5fA,0.0001262618993270643,2036,birank,133,20
F94hX4z3gqcUZHEh1_r8eQ,0.00012610822334516972,2037,birank,155,20
0s8M7TmzxKfAibuBmm2uYw,0.0001260008193213516,2038,birank,599,20
51BQzF_4dOOuIO9s-4Ropw,0.00012594932203762992,2039,birank,117,20
LG9WtCRXx_PAr0y4nO0qjg,0.0001259305042213842,2040,birank,265,20
uOjNbkw8nExqS7dylRcZmw,0.0001258231938788013,2041,birank,412,20
UGUVD1fzinNkrEmfJxzW1w,0.00012574563945677868,2042,birank,123,20
0TPVRleoFUf769bCkh5Jgw,0.00012574472514840024,2043,birank,90,20
9vR01HFj18HzlASzaYOfxA,0.00012566430367680446,2044,birank,349,20
HTaTuu_35PfpJMKcd-q-hA,0.000125280144321217,2045,birank,209,20
eJYvM2Zy5BloOYGldWmAVw,0.0001252484244591063,2046,birank,292,20
lI072WLVzEXV8Bh1rwmlhw,0.00012522933820640272,2047,birank,226,20
doN8QSdGtlIAW7BP8afZEg,0.00012511694530349118,2048,birank,114,20
n9mvAPvzNjEE3qmly4vOLg,0.00012508563978777036,2049,birank,105,20
fBafnubpYG3wbpe2p6SdgQ,0.00012506086977891051,2050,birank,92,20
M8vKFvhRr_O31F5R9UGQWA,0.00012504170055717967,2051,birank,114,20
-0__F9fnKt8uioCKztF5Ww,0.00012495123561642193,2052,birank,160,20
ZyyExneJPXjci7yc2CGAPQ,0.0001249024424973013,2053,birank,339,20
d8FgfM31dou00aYDqfx9Dw,0.00012489466598332785,2054,birank,213,20
g0rCtQnK8sYOGCUKg64UyA,0.00012486353874946,2055,birank,140,20
7enJKZ9W2Vkq62ryK28taQ,0.0001248265309780756,2056,birank,342,20
nHsoeVL1dXs9ZNjmdrlPuA,0.00012469227676085352,2057,birank,348,20
rjdUiKAXXYHIH20zVTcPXw,0.0001246814105306263,2058,birank,187,20
Rbu1ie-5KHHbuSCqyRFrDQ,0.00012461263420577236,2059,birank,213,20
wUMuvdUeVZODZk7TjaD2jg,0.0001245518362327956,2060,birank,434,20
k6WAVICs1yY07JPXLYCj_w,0.00012444514155764068,2061,birank,147,20
0TRot0XZXjzrWLWPn9ycmg,0.00012441984142235498,2062,birank,596,20
ZlpC-lTeTFKcqXoCD0rTMg,0.00012440237442543187,2063,birank,189,20
U69aAXYMg9sPlzvsBX6UZw,0.00012440229596922907,2064,birank,349,20
_kSaLnFZIEpOZEg6ZIxKvQ,0.0001243058686973351,2065,birank,49,20
aA-6urKmmlZw9STPOHZNCg,0.0001242490659408006,2066,birank,130,20
5asvaAT-jDbOnCM3iPlScw,0.0001241298461116598,2067,birank,359,20
QAnMrj8-uQMNthhrfXAQfA,0.0001241073925004037,2068,birank,193,20
ddOSzwvJSdM8inofl-ybdw,0.00012406521194470002,2069,birank,583,20
D88TqtyrAajR6n7eX-JsKg,0.00012405598221603705,2070,birank,179,20
x3jRG95AVMBFcxVovRwIRg,0.0001239080450663428,2071,birank,200,20
u4P6hqDz6-QG9PR2Pj5KIw,0.00012385578856168752,2072,birank,111,20
fqD6hooRmTeQnmy2PdzXIw,0.00012374798302776667,2073,birank,175,20
MLHZ9MOx1NlIqTOkeWKipA,0.00012374676049387265,2074,birank,132,20
3Jk9lNDPhmUS8PC5CrY4sg,0.00012361276645254167,2075,birank,98,20
KwWmZOV6q6GTva8j6h05Nw,0.00012350731613166059,2076,birank,76,20
1riuPe3T4qcDkYlmEPku_Q,0.0001234701029790786,2077,birank,69,20
nKdvOAenRN4WllzGJ3hd4g,0.00012336416967280385,2078,birank,332,20
-TboXPMTf45s24FPyD8OAA,0.00012335116473091717,2079,birank,176,20
8NqrX9MRsjql8lGiuxlmeg,0.00012333113774767586,2080,birank,164,20
Ll6Cdqq_4Y3W60OIc4cswg,0.00012303503462825536,2081,birank,235,20
yJmoy6eP0LE_7uQ18n6FPA,0.00012302455975910388,2082,birank,130,20
UqYTMszykplowYci8YF_Lg,0.00012296768949667048,2083,birank,392,20
W5ARobyH_FSQnJl4emgfvA,0.00012290912861986865,2084,birank,86,20
zXvjFr3lftIlkuFNlY4PRw,0.0001229076139037502,2085,birank,1013,20
aMfVQdVbKJnZwdf-c1WNcQ,0.00012274294463889975,2086,birank,278,20
r4UQR04jeItTcEIr4K7crw,0.00012263913996997947,2087,birank,77,20
RQcuGe28Q8laCF1w1aBYiA,0.000122628135513875,2088,birank,124,20
LtlXh8nNVbo5vbCBHAGUgQ,0.00012259361282750277,2089,birank,269,20
66pIa8VXmTQIHkMxMv_f0w,0.0001225367320850997,2090,birank,46,20
YK3Kt4It6ACDYC0yrDQdCA,0.00012242689567979885,2091,birank,219,20
M-FcR2vxZHJ8l-M9882EXQ,0.00012239150479696677,2092,birank,181,20
niV3iDWcxuKFOJr3qWp9pQ,0.00012232882409360537,2093,birank,906,20
w5wfWE6skJDi_-mS56DB-g,0.00012226524231173037,2094,birank,515,20
g8Be92bxww7i4i5pwioIWA,0.00012226332268883223,2095,birank,119,20
tHc3x4ESA3vyr9UiJlL6Pg,0.0001221392797331014,2096,birank,471,20
kZVkrF0Cy-xwfpO94g-ylw,0.00012212281915840732,2097,birank,166,20
jdtPT12GXxxjfjUBOTc40A,0.0001221157785034,2098,birank,331,20
M4oFZszg38THXefgu-5ydg,0.00012202375291721828,2099,birank,106,20
jVg0VUu4Z6jgrN_krWXLkA,0.00012195712379748212,2100,birank,174,20
jBwfTPuxHgyAhsfTUONXdA,0.00012187749179917801,2101,birank,407,20
qhtvmfRicW2pFR6EosVJVA,0.00012183849206917024,2102,birank,296,20
D7SxS4qCle_Nsv_ataoM1g,0.00012180670090519176,2103,birank,102,20
Bf65X7McIKtxAhehA8jfjQ,0.00012179204910502583,2104,birank,117,20
KyxAss4DMrT_GMzcOLE2yg,0.00012173202924616474,2105,birank,173,20
glqhlr3vcINNstyYRQGliA,0.00012171281271449157,2106,birank,338,20
WbcLJqj84WrGRZ1FWQeQeA,0.00012166697518457675,2107,birank,81,20
XN6IctwNyZOvmlXCkmettw,0.00012165724474120922,2108,birank,109,20
IIg_XileiB4DRqlTAuVdMQ,0.00012161299201295536,2109,birank,422,20
kA6fjfYTg1S7BFb9KNt4yA,0.00012160505773500693,2110,birank,177,20
0iHHsSqphxrBWWecYEJcuQ,0.00012145604244009342,2111,birank,169,20
6rZkogALtWhE57DpWhK6ow,0.00012129779732623259,2112,birank,75,20
bPv2SwR1h818VsgICL_6Ow,0.00012128497982839962,2113,birank,274,20
gfTWMLJmNz7YBz6332uxdg,0.0001211935778937918,2114,birank,258,20
r4Fb5mUHIhjjpGABPGitqA,0.00012111368507599268,2115,birank,71,20
L7wxpQOteDpED0zcn4hsHQ,0.00012107326173137024,2116,birank,141,20
x1CpCXik31TwTtMPMcrcug,0.00012096898516841845,2117,birank,134,20
pgEEHd7S83QsF6IFdWJkwA,0.00012092305002303325,2118,birank,252,20
pokplllvDH7X9-n_3IEj_Q,0.00012088297689663254,2119,birank,90,20
RaD4AOWsvutdqV-kTpjZjQ,0.00012086268695434524,2120,birank,1127,20
TWc-JsAnv8fssj3nJz_oRw,0.00012066049970777466,2121,birank,268,20
zZ_xsIQfotnHe25MxQyg0g,0.00012051069770361302,2122,birank,207,20
WfN-VixjWAbfe8efJEs3yQ,0.00012047781913356666,2123,birank,125,20
1hZCHWFUixqG77pEqpubYQ,0.00012040036378256668,2124,birank,247,20
71q2UD1A7KL2q4AA8mPobQ,0.00012039290397606075,2125,birank,358,20
DV4NwHf8Bt6y1ucG0bSNpQ,0.00012023341254628957,2126,birank,177,20
ifxbWY0iuTey-YtC2-p-ow,0.0001202260471756176,2127,birank,113,20
wX4ap0Qy5ZK6Hy2iKvBqXA,0.00012020336034201775,2128,birank,255,20
nXG84STJU1y_AvevXABHuA,0.00012019738895323767,2129,birank,92,20
Zwyimxd54QZ_2cykFDJ_VA,0.00012008036258963889,2130,birank,111,20
s4sR4VUo5bzMcpXuiAj-EA,0.00012006020028728659,2131,birank,157,20
Uc-2UziRQMTpV8UqOVOSrw,0.00012005893324545237,2132,birank,114,20
MTm2ttAKyfkn2c55PySsPA,0.00012001696558112708,2133,birank,158,20
w2COOqbypjJd-HbJAa-0pw,0.00011999933855926042,2134,birank,146,20
O3S4jdMvdf1VCPDoLYtqaA,0.00011991235360535805,2135,birank,173,20
xYjQ1BtBUD__olSZe7tZhQ,0.00011980132120744492,2136,birank,220,20
W5bx6PacwlKhEDP_M9jUmA,0.00011954657573951052,2137,birank,184,20
WwrkYXerVwr49F1BeX0l0Q,0.00011943078183134976,2138,birank,115,20
rlWSIBm8rpEKZzpG9X9Jsw,0.00011941716299338416,2139,birank,106,20
Oj4otn-Wfd-JLwh1dL0DbA,0.00011925221163220921,2140,birank,180,20
VA3WTqU9b88Zgck34s-0sg,0.00011923426983157632,2141,birank,512,20
DdXHwMvFa_vlWwOfgxUNVA,0.00011922995260659606,2142,birank,513,20
xvcX_Q3YIReSthv9t3uDVg,0.0001190884426169019,2143,birank,57,20
nOb7prgd7t8H0-AE1Zh2VQ,0.00011901723863802147,2144,birank,98,20
f0qy_jMfakYtRQLADjmC3w,0.00011893921696984078,2145,birank,161,20
Oq6Pp80T0uLrdJH-XJAAzA,0.0001189295954884716,2146,birank,139,20
GqQSFMLaM25zcM5OnCWnnQ,0.00011892080860754985,2147,birank,241,20
Jdu628pzztBv0gzQ-FC3NQ,0.00011887944139653899,2148,birank,64,20
TCROPjxfzCZzrQjqLqstSg,0.00011887777820396544,2149,birank,217,20
GjK8fBJO3sE9vYkK0RE7Jw,0.00011887758194705536,2150,birank,144,20
mKZEuPNLVe4yRL0UfxFPTg,0.00011877150807628966,2151,birank,265,20
bllbgSuMIYLHux27cnH3vA,0.00011874890201465436,2152,birank,274,20
2HOWBsPJ1gdOY4_k-iCXPg,0.00011870566216651896,2153,birank,998,20
GEdrmeb5ubO2Gq5MgMxDtQ,0.00011868670583367747,2154,birank,198,20
bGyPEu279nRJmPySkBRMsg,0.00011868090861822098,2155,birank,79,20
fPMoxNGm2LGXVTuqh0BBTg,0.0001185605561765008,2156,birank,209,20
WIbqJf5SRM6wxLeR-_hMnA,0.00011852194243101257,2157,birank,67,20
ndQEgmIjLxSsDel3U-hPhQ,0.00011849469012689634,2158,birank,346,20
HJ_rOClY2RPrdervYopKmQ,0.00011849280239757014,2159,birank,184,20
IgNDlyLERBwFGphgcC5VDQ,0.00011847580050051736,2160,birank,479,20
wA5kqFd2XtxcuUAmwuqWdg,0.00011843149866079109,2161,birank,111,20
acqDz7WDsCS3WiLxHVceOg,0.0001183151916706,2162,birank,36,20
ZDNPWWMny8RzZ9Wg27aMFQ,0.0001183122530001256,2163,birank,476,20
uWLFplSCk3lI9rf84ZDwUw,0.000118199797151325,2164,birank,226,20
Itv_1CMCvUQHAebxmsEzTQ,0.0001181977149685077,2165,birank,119,20
1HNvVBmQX6F_0rMVdvKi1g,0.00011817604503673946,2166,birank,1075,20
vf81tOiPd08VGI28EkB6OA,0.00011817478498745633,2167,birank,147,20
uaTq-_gVT8XWHdBfVPzsRg,0.00011812170308554129,2168,birank,71,20
ovui6FywmF-MCY8QnwoBLw,0.00011810380598967286,2169,birank,296,20
NX6kQVDE1jeSLAOLyNC4ZA,0.00011807529948464692,2170,birank,348,20
phE5cET1ucZrGdfd7-ZY3g,0.00011803691413865336,2171,birank,125,20
cz79ih5W1PiiSZgyoPIY0Q,0.00011800050408630356,2172,birank,156,20
wD-dPZMlF59K2Z7mnhvPYg,0.00011796530575875921,2173,birank,335,20
C8TTeu2ZgPTOLQ-wQsPXXw,0.00011771141251178806,2174,birank,545,20
TkEjccBOzVcc7uRjA8nmmQ,0.00011769601138861643,2175,birank,199,20
98mYebjHN_VXZapVm8Nmqg,0.00011760034239721796,2176,birank,293,20
ZYiHs9ENVw6YgHgduru3Pw,0.00011750520083375437,2177,birank,319,20
SIyJZCEjcu8fCnQ7Hh5A2w,0.00011747892725847136,2178,birank,102,20
Sw8uw0pmocFqzBhq0AP5Bw,0.00011734947500511549,2179,birank,173,20
ue-Me7wcOixhdHNOEQ6j3Q,0.00011734322304039365,2180,birank,634,20
eM-unjTl2rG-96N46qlveQ,0.00011728614820888841,2181,birank,202,20
EZ-ZL55vCMjSIneiGe3aqw,0.00011721305912674971,2182,birank,124,20
ybpCdZgY43JGcuAeGfm4Bw,0.00011720061928702561,2183,birank,212,20
6XZlRSgdUsEDPlYurRgpMw,0.00011716899209880715,2184,birank,525,20
nSKLosQgplp35Y5MiYtOUA,0.00011708634857624393,2185,birank,131,20
vHqJerp8iZN1Lje3dLa4Eg,0.0001169336820738071,2186,birank,123,20
z504bZq0L1ypJmIoXL7C4Q,0.00011687664824835267,2187,birank,99,20
Itwlyh07-B1CBvreY4ixjw,0.00011667252266694573,2188,birank,249,20
lZyINQz8hoGZk-WhqXy0Sw,0.00011655667016560015,2189,birank,70,20
ZMeRh7SQS_McYDhopPS84A,0.0001165073468044738,2190,birank,233,20
4TSgCproIbMbazNiO5MN_g,0.0001164767211218017,2191,birank,127,20
2ISww4-o249VMoy7zKsWBA,0.00011643380866593264,2192,birank,127,20
z5YxP_jyIU7dRKUA7V_H0w,0.0001164112809736266,2193,birank,120,20
iuFgUOCFgE7fBLpBhFQXdw,0.00011639966412388515,2194,birank,159,20
IS_HLZmKQKqCFOHnTy019Q,0.00011627640159019402,2195,birank,201,20
bXsc3GrmXs7qDSB5ujIISA,0.00011626874431860921,2196,birank,181,20
cO-EBH0LC5VZEc007C8Gng,0.00011626636045839526,2197,birank,92,20
pqiFIcObG_qW16x9cHcznQ,0.000116128457372818,2198,birank,367,20
1xOyqnO5FtxSLwRfT6mzPw,0.00011612742395068061,2199,birank,99,20
oF1UsRAffQ5c7cw-1AUvew,0.00011606653406102488,2200,birank,245,20
iZedtF9CGBYCDdxF6QAZCQ,0.00011604829448870377,2201,birank,255,20
Mfss88nOCGdyHkZZCfXNBw,0.00011599509127884453,2202,birank,91,20
qnTszlGgzUBu44tdQR7QgQ,0.00011597981720617168,2203,birank,666,20
7h0GEzhYlE6djSel23xleA,0.00011596196371479321,2204,birank,69,20
ws0mjFrkanX_sXoUVRh8Uw,0.00011594391535827183,2205,birank,214,20
K4iZJUamQfWj9SyiT0udJw,0.0001158559063058306,2206,birank,133,20
dZ0ys95zBvv_LD6nrwhtyA,0.00011577194929354935,2207,birank,102,20
0nlGy4Q5La_hWomqRIskxw,0.00011574396441351177,2208,birank,110,20
H4t7YAtaDQ8bKOW452zSaA,0.00011572576745919852,2209,birank,106,20
Tt2R4wjIcwEUgD-3SNmT3Q,0.00011565528297454625,2210,birank,294,20
_SBxweaeZORapKBJa2qmOw,0.00011564124421826441,2211,birank,222,20
tpSAVc6bvo9cHOrzwDQycw,0.0001155519108491844,2212,birank,117,20
J6bDpaw9QQ3qqncfIK4StQ,0.00011553715135952455,2213,birank,309,20
1ivYXPfJCuOrh3O0lTW_Jg,0.00011548469077897561,2214,birank,298,20
uxxzyw4UCu-rw0uZiK6g0Q,0.00011546523946775734,2215,birank,62,20
ZcbhsniFmXZFW8ccPvsSLA,0.00011543958095775001,2216,birank,297,20
HG0Djdv_hQwFeE_-R2XFaA,0.00011541095162955236,2217,birank,160,20
C26YgKWFVsW1MM-n7UJnIw,0.00011528377825319948,2218,birank,280,20
2LokHe7GtKZD9Q6w0dRe_A,0.0001151895794115949,2219,birank,121,20
SFnD_MIA4w7emObpbf6H3A,0.00011515775483793075,2220,birank,115,20
KnWJ1iJWZ_tbQNlXDFtVwA,0.00011507982474584714,2221,birank,687,20
IR_uQ6uMY2wMYpasQnQFzQ,0.00011501798578433346,2222,birank,48,20
fYUeuKAPBFvQ3YyyZHrj8g,0.00011500982776725239,2223,birank,431,20
iqTHGZyiWasuI8pop3J36A,0.00011487502909456487,2224,birank,568,20
nsoPwMVI0jLe3X8NvdsNhw,0.00011483238298765537,2225,birank,155,20
393l3MHNAqKv2srwXJ8cCQ,0.0001147743226794833,2226,birank,130,20
bdRy9zeUgvcMkNhmr4QBqw,0.00011450713352347561,2227,birank,870,20
C1uSyclZTxXgkYimu9LuSg,0.0001144492908171348,2228,birank,153,20
-TSPsir3LSLO9vVBkvkqUw,0.0001143851948791208,2229,birank,599,20
lIYCKCTJxpvxEUXZ1pZ1bA,0.00011430424262603563,2230,birank,173,20
R_ETro-Bhca3PGyosh56BA,0.00011428542262183196,2231,birank,118,20
Kg71HUigI1rnY3UMFiLx0w,0.0001142097758699891,2232,birank,139,20
RCy4M2ND4YK0uRbodV_v8g,0.00011415293559908287,2233,birank,917,20
TrdQZxhfYui2IkOaq3bDdQ,0.00011413524685505536,2234,birank,293,20
kjnXnl9767bVQEQUmuuMCQ,0.00011405544775140525,2235,birank,188,20
O-XwsROwYk3JoWz7bMuW8g,0.0001140466421450169,2236,birank,225,20
jFm2I2vALvWz07_AWKQLlA,0.00011389642858237739,2237,birank,173,20
yzz9gwayRptbwV7l5cHtRQ,0.00011386431033330282,2238,birank,111,20
Pl4VWjRSuZFdhN7kczFfjA,0.00011380430572299352,2239,birank,67,20
QkcPjBcJ_ndCG60HWfZ-fQ,0.00011376770397607951,2240,birank,219,20
KKivjYzOLDlbAo-iMyqWWg,0.00011372878574743999,2241,birank,104,20
IRkQtjBxgVEqAOdtjgi6hQ,0.00011371681786871816,2242,birank,133,20
zDSZ1o-FYC2U7rrBg_kH7w,0.00011364152547561236,2243,birank,94,20
OUvtfVGqDo8ZfD_eDVTALA,0.00011363054521175553,2244,birank,918,20
QMbbErMrrp5mwg8oZwFE8A,0.00011356805897563475,2245,birank,133,20
NghIUbFjp683iyVJtF8u-g,0.00011348322921245663,2246,birank,367,20
JJ6tYuw5Ms_r58DhnMtOCA,0.00011348058996747895,2247,birank,490,20
jo37YLQJyWhuKBdjlKpoAw,0.00011342535317216384,2248,birank,42,20
0_3sLdpwzhXnkjSA3My71Q,0.00011340566110440131,2249,birank,97,20
ZOBR5vCG0QNJsGnucs2vWw,0.00011336938347926086,2250,birank,116,20
7jNNSKeFFJGOz3oW4J0VuA,0.00011333684258088037,2251,birank,538,20
oKvzmVhA1dKf-UARX4EpzQ,0.00011330499104887096,2252,birank,161,20
RTlW3VQFTlIJSgSbf_1RcA,0.0001132796913658712,2253,birank,156,20
tmGfIaU4GIFbcPHzr3C-Lg,0.00011326941783600328,2254,birank,217,20
bmz7gDuJCwEd7nppmb7pjA,0.00011323164001551589,2255,birank,213,20
efVCzhiCt7bnlWzQyQlYYw,0.00011319827088955805,2256,birank,182,20
AgRp84lRUlo_DoT_kOawCA,0.00011312237679768107,2257,birank,96,20
P4XXOAvrAnHXd0tUWO8-fg,0.00011309241401604877,2258,birank,150,20
6HvlBeMH1povoskopmp94Q,0.00011308692584041752,2259,birank,273,20
Y7DzF0ZfAIuXbLM4KcOExw,0.00011301741014772609,2260,birank,207,20
dBNfyR0RRX-w1SMuYYF3-A,0.00011299222566351457,2261,birank,298,20
K-jkw6HUZIGlBjOiYmvvsw,0.00011298215435112378,2262,birank,1012,20
-kz82pLe268Cw59S6fD1BQ,0.00011297594837002228,2263,birank,117,20
GuX_h4rctgN9X3p3SyK-1Q,0.00011297447273903746,2264,birank,232,20
5MJMzVITShDQctNtLmCG4Q,0.00011293954566915217,2265,birank,86,20
CVJsqDS_XmI0CGbLC1EclQ,0.00011289033899998985,2266,birank,336,20
R6bUGKpWjX0qIVHjgTNOWA,0.00011284634158490646,2267,birank,202,20
eM8kmbbkjtvYKL2kHsARsQ,0.00011284201919730015,2268,birank,209,20
FkRQ735Sh9JOsHBQYXFkEw,0.00011283145360021379,2269,birank,169,20
fKbrDP45PmhwvVkNx3Tuow,0.00011269367798105044,2270,birank,85,20
icZ4cBKO1VvzWnQxgzejog,0.00011268861725854835,2271,birank,260,20
vNQVDDBhMfsXAQkK75Iebg,0.00011260531177428222,2272,birank,117,20
G7fe-mubzI2hrVlYA7WftA,0.00011251324098997107,2273,birank,146,20
z_bTPCOeRv7IDHSNF0bxzg,0.00011243172359557182,2274,birank,285,20
5RZPAro3mrnVVIQ9FESIyw,0.0001123802639299567,2275,birank,91,20
_tTKZJ89dS404ZEVnHa-Cw,0.00011216266513885658,2276,birank,1024,20
Gkfi3qXHH_FHvJ0_omUztg,0.0001121264256624766,2277,birank,180,20
xKobpA4w0P_J2jFMP7wcnw,0.00011208900926216667,2278,birank,129,20
p9eonMRsRquzgmwIy0s9qA,0.0001120812714345,2279,birank,637,20
25tI2s_AmToGGE2fNQYY7w,0.00011205838317743517,2280,birank,197,20
mLWsfI_NGEFyEEDyzwBfxw,0.00011191138860853071,2281,birank,264,20
uWJx0gRuynGEjgRtxUu-dw,0.00011184929332291623,2282,birank,176,20
ZPjokVSTWDyRMWxaW7z_9A,0.00011178030715450274,2283,birank,410,20
aPU-qTC0MO2uI05QYVg9lw,0.00011168060328911525,2284,birank,165,20
rvV9TgsRtMnyTG-KfwaoEw,0.00011156228682410131,2285,birank,155,20
Otj1O5NM_-RefDjbPkRzYQ,0.00011155894673230001,2286,birank,83,20
Ik878rI6t1MCHf5wMKRwDw,0.00011151607167445512,2287,birank,151,20
aEEC4D-RylmiUyephE5t_g,0.00011149475308956749,2288,birank,216,20
6AekrjZ7oBjnJkGrYdOyvw,0.00011149437412814048,2289,birank,138,20
pDo76a2t94988yqfaMWeBQ,0.00011142679699884225,2290,birank,478,20
EM1P1u4ihl1Ritzm-P14iQ,0.0001114105140902368,2291,birank,1070,20
H_T1u5hL5HwH-XR9oZqYYg,0.00011139043366432377,2292,birank,84,20
ejQS-q3gy2LS4Y5Q08B0_w,0.00011132675723271091,2293,birank,126,20
5-uI2a8avO4QtM7l4UHeNg,0.00011125226197593035,2294,birank,273,20
64tYqfgsfgCkgtXV_9uu-w,0.00011121376108676126,2295,birank,262,20
2f1ZnZg7730yChhV24ARJw,0.00011119939603631583,2296,birank,508,20
YPnksHT2DQA0AhcxP6udxw,0.00011116157999217628,2297,birank,278,20
26nB0rypwfXXa-dnRREu0g,0.00011115482416705742,2298,birank,123,20
wdFMJH5synpdp0jMNdCHNw,0.00011115304982892407,2299,birank,92,20
SsB0kJpBhIDK8CrcRWXuYA,0.00011103897913084105,2300,birank,587,20
_fCpxyDgYNULXAUEbLCDHQ,0.00011101628451320855,2301,birank,182,20
nsxdsXlt_BmxfMB3dI6OVQ,0.00011084512190120979,2302,birank,76,20
zKu9lcDwlkCEmVDWJnJ8WQ,0.00011083881133565537,2303,birank,204,20
G6Wm6EqUKaKFGrBulQJ3Tg,0.0001107252361423177,2304,birank,91,20
xBS2bMESuefLuhZMltM_ww,0.00011068142248618612,2305,birank,382,20
a8yMJkV276XMHh3bJ39odA,0.00011066789617652646,2306,birank,130,20
KQk4DebCDK5thbOhMl3FZA,0.00011053412381825206,2307,birank,222,20
3GvPXj5n0oig1ebnvwie0g,0.00011041463725904,2308,birank,58,20
VPsiMIDsBsezca87SteVDA,0.00011034606551776547,2309,birank,168,20
3Ge5qClUv3L3R-a1TyLdYg,0.00011031115124857068,2310,birank,94,20
n_wXu0dBd7hoBeMgMgQl0g,0.0001102762468565168,2311,birank,1222,20
VUKhLVz4X4zVS5wwjAxQjg,0.00011023728781542982,2312,birank,78,20
jvKtB1KW8ew7n6yP0xhq0w,0.00011023040395743333,2313,birank,131,20
d1UaH-AOp68jk4W2uxuR_g,0.00011015366478720169,2314,birank,224,20
x8xBo3sEACCBBFWXMptnog,0.00011009892732935115,2315,birank,115,20
G6BsgXWHqddv-bGKS1NcyA,0.00010984968912769555,2316,birank,236,20
CoCWZV9gvHKUZt5ndw62Ag,0.00010983702070615868,2317,birank,69,20
p8sIj80pLuzyDZW_gLAIlA,0.0001097241871536432,2318,birank,132,20
mi7JfdCRLfxzFG71oW0I1g,0.0001097131168687256,2319,birank,108,20
61RiTA-T02sU84FhoCLz_g,0.00010965611610892004,2320,birank,230,20
4_erkkTFhetoDkez-guUAw,0.00010963503520494049,2321,birank,291,20
Xtw1Rpqj3IV-TKn19fIgpA,0.0001096222662111631,2322,birank,190,20
hJ4H1fnlqZwepZAo9gHF6Q,0.00010959344222158218,2323,birank,139,20
fimN43BUUakBXeRUQqkYvA,0.00010959255285425,2324,birank,611,20
8W4w1sXXDER5ujjE-cuOFg,0.00010955587694098113,2325,birank,612,20
z6xFUwsrwZHmuNZp1bKaLA,0.00010954686827999537,2326,birank,279,20
9_uigKs9GCwg9dFKkq_Kfg,0.00010953496928446588,2327,birank,1494,20
KKjpJcDsgRGdNNhgUp5wYQ,0.00010950651940917842,2328,birank,207,20
VM4QU1KR0dmW2IFTkmFTIw,0.00010948026920279836,2329,birank,433,20
_ju1BXAF5g5QtAFfZZKO1g,0.0001093275529486749,2330,birank,421,20
GJtRRcx44M9ptMUYxccUeg,0.0001093127009943043,2331,birank,355,20
psvwCDbjNu7WhzGk5uLa8A,0.00010924895078561461,2332,birank,151,20
eO5MbK-ujRQMwLWqbAMqrQ,0.00010923797070230984,2333,birank,226,20
gybl_Jycrn8X_CytA-9J8g,0.00010920680295014898,2334,birank,109,20
s30pUay0opzvriFweACWEA,0.00010917600184608971,2335,birank,238,20
2WP7yrPIdXaaZA_T50jcgA,0.00010908741680469356,2336,birank,345,20
dj84zlrBW3CKjcH8vCkXZQ,0.00010903226160213672,2337,birank,241,20
s4VzQaUCrgwPuViQYOqC2w,0.000108948923381726,2338,birank,205,20
zGSgPMzY9Vk5iYOkHNreHQ,0.00010893549999642533,2339,birank,301,20
bkhCiUVfelcjuLG15iSddA,0.00010871902008405919,2340,birank,103,20
An64muP06DPFaqPc6QGgSg,0.00010869579877364722,2341,birank,114,20
F6rHQmm_Zbpg_y6GSHJgfw,0.00010864032317634982,2342,birank,364,20
faNThZpz0EBINuQD-Sa1WA,0.0001086008982702926,2343,birank,103,20
VN_ZDpbJ3R6F-xOJ-ndr6Q,0.00010848373498757498,2344,birank,260,20
Eg2fNUMwpUPJ37yy2DK7DQ,0.00010841205333953432,2345,birank,95,20
vZKDU7nRGB_5pzJGR12efw,0.0001084056867031045,2346,birank,161,20
jjmXrmVu3fiZD90jLMqWjw,0.0001083576384212286,2347,birank,173,20
12aD4pD1uCJYA4ivdAd3Ug,0.00010831432350265214,2348,birank,116,20
uz2D0y3CQkt7LeNxVei6HQ,0.0001082910870818399,2349,birank,174,20
-aUw9tAKRs_Lrw47U-YSBw,0.00010822630885588738,2350,birank,44,20
HnHsm7SXKiUoNPsYnXdMvA,0.00010822386215624095,2351,birank,429,20
Oloq6p0yeqAq_DUIiAkGiQ,0.00010820015726431212,2352,birank,404,20
fb_UwqBl9OB4ct6awajODA,0.00010819005894247145,2353,birank,201,20
qwOHMS_GcwDMY8z55_naUQ,0.00010815718035417937,2354,birank,160,20
-utd1de-UUgQKZE4VHVLlw,0.0001080824880854509,2355,birank,241,20
bchZXVE4feVx4Q5rhIRCGg,0.00010800501639043684,2356,birank,96,20
zEZO2ySF7ym3rWyXBln0zQ,0.00010797748373173406,2357,birank,257,20
0lxPrv9a3zo68r8ds5ypTQ,0.00010786672687781868,2358,birank,131,20
8CfXhST1sJt6IH99PPEZYQ,0.00010785399741167116,2359,birank,56,20
KKWQ-OyBDSEVtPQGt3yxiQ,0.0001078101116736835,2360,birank,75,20
kUjVqYw5nWiHe-1oNxOsuQ,0.00010772972209001799,2361,birank,281,20
oS91GprO3PRFDd2La4nz4Q,0.00010755340234969557,2362,birank,39,20
RXh8dnA0yZzGmRNrxgDgmg,0.0001075534023496,2363,cold_start,13,20
yucn3Ygi3tr1LyVDgSWjvQ,0.0001074354835283971,2364,birank,603,20
DplwsTdPq4QZYBwaQtFxrg,0.0001072905419196458,2365,birank,399,20
yIAgFdYQY3UdfDn-qO0K7g,0.00010728029348655369,2366,birank,238,20
qZF_3GegBnpVC4PjAHDrXg,0.00010724593129129578,2367,birank,138,20
w6yF2Y88KhzTld0WXgICtA,0.00010722545709487523,2368,birank,130,20
lT_VFhU9AF7DiV0s_9XIJg,0.00010720800576287924,2369,birank,104,20
McQZweV9DLoNzbJWksPJ6w,0.00010720280161129235,2370,birank,196,20
XeLAOIv2Ky1wyzIjoTa3Mg,0.00010717626661872718,2371,birank,264,20
qIXKDEIC4jURpJYDUZtyew,0.00010712235609018004,2372,birank,180,20
BBLDTyPzIpbes8JTO9lRHw,0.00010707170389959572,2373,birank,42,20
RIXWht1pZG8pe1SJk5hhXw,0.00010706055939900224,2374,birank,751,20
ibZ2KjRKzVKKgqjWq4ST8A,0.00010700629591616174,2375,birank,65,20
WXVb0_TPSNGjqRshykMY8Q,0.00010696830384331043,2376,birank,62,20
i9QWaDBCX3DRISUt94GDQA,0.00010690026185709381,2377,birank,57,20
Be8U1wz3as45341ZFYimIA,0.00010688159722946122,2378,birank,125,20
f22prjTaNUWwqvVsI4HWxQ,0.00010686023880186316,2379,birank,430,20
7pTSUbvuKYowZfN0bGSy8w,0.000106816182145165,2380,birank,180,20
Am_H8-XxtTfV34QmOuWcyQ,0.00010676681562269167,2381,birank,208,20
-WfGgYMcJKttsCu7WDrBrg,0.00010673161462286664,2382,birank,168,20
0oX6TJp-yldw9ZNl0ACd8A,0.00010668625865470861,2383,birank,117,20
Sc6gWuePeh7WnxQMVtSF_w,0.00010664631602563191,2384,birank,64,20
fmFiSeSGjaA8KI-xHB5Xxg,0.0001066279422332283,2385,birank,95,20
ugfoID6LrdwiqYUSdhkqAw,0.00010650835805510998,2386,birank,364,20
xEzEJd-ECXOlIhEw7p-j-Q,0.00010646079213473483,2387,birank,71,20
pCjWFP6aC0hE9QugVCTpiw,0.00010642721816554409,2388,birank,95,20
kgMEBZG6rjkGeFzPaIM4MQ,0.00010633777872403401,2389,birank,141,20
qdvEM3vJY5vi3fM1x0b10w,0.00010633423735626174,2390,birank,266,20
2UvdgkdaeIFcakXBvRKLZQ,0.0001063305794644646,2391,birank,67,20
bvVHopucWYlQtDg6bVY09w,0.0001063213487819193,2392,birank,149,20
NLugmrrjRqw8jQGvard-eA,0.00010629054766558576,2393,birank,154,20
8Ho1ctSlanp9w_-dPmkFSA,0.00010628170910169413,2394,birank,150,20
hGSrC6THEItv-tsZ_s2VEw,0.00010627195374481205,2395,birank,239,20
FqvItVbM-G2AoQeWC-EBMw,0.0001062100419830625,2396,birank,139,20
Nz0AJVskEAlMVgF2HMhFRw,0.00010618861969723376,2397,birank,108,20
Zz1utCut0psbC4brBjvSEg,0.00010614749590697632,2398,birank,100,20
nyyPT7L3MnNp-jUTFdsibg,0.00010597568469609351,2399,birank,180,20
HIVBMiyukLyx_SbN54LGvA,0.00010585806201384378,2400,birank,57,20
TZw1VM4-B6HLS0ZPXs-hHQ,0.00010583749510090574,2401,birank,1170,20
uzp1k2LiBBwEjmSd8dv0DA,0.00010572523646138198,2402,birank,93,20
yBrK-DwpdbJY2F795ZStcw,0.00010572030617913601,2403,birank,571,20
Tw4UzgT76_Yrd2CK6GhAew,0.0001056950799771092,2404,birank,634,20
BursGHy9rw7um9xd90058g,0.00010568462891806948,2405,birank,300,20
1-mGtpou2HFwVhUmwUmS5w,0.00010566724692670914,2406,birank,101,20
_zA3_LAztT_qJ5IVLHaNbA,0.00010560962786061509,2407,birank,185,20
u9VBun-zmcF59afKELs_NQ,0.00010560523872819752,2408,birank,307,20
UrvSisML6V1zXDcB-Wb1Aw,0.00010559434599082424,2409,birank,84,20
2pov9KtQBTChfCoJ0IvU5A,0.00010555951088957031,2410,birank,381,20
dcpWZ6Yk_S0HqTlNBi8jiA,0.00010551239357879999,2411,birank,147,20
981Xj6Sey1CjyP6WQ70lzg,0.00010549525147525032,2412,birank,124,20
E7mAwFPNhjNYXoeZh_jvVg,0.00010544268930322158,2413,birank,324,20
OJ8TFOwK5fTQQbvBZl7a3w,0.00010541876282175711,2414,birank,59,20
0FIfHHrNbcc_hXbCjhU8HQ,0.00010532973110453448,2415,birank,232,20
aF5m1YyHVh_sFoCgPVZT5g,0.00010530031375777585,2416,birank,103,20
me9sSgNho9LSMfQ1RIR-Ig,0.00010527687689106059,2417,birank,57,20
4TRaSx4vcKfhm9Jx-heiqg,0.00010516038500335106,2418,birank,1614,20
0N_HQ2GsT1zNKX-escN2ZQ,0.00010504027614955168,2419,birank,145,20
G2okUNH-Jeks8hqJvSilcw,0.00010496489852388421,2420,birank,183,20
s0NYfUhZ4wa5c1c0EPdlRQ,0.00010489855396880025,2421,birank,210,20
nLCZiZrqZ3LtdifCv8et7g,0.0001048957129862064,2422,birank,99,20
mnDo6Ql9g_O5tgMQqP9RfQ,0.0001047529711345843,2423,birank,79,20
vloE7oh2OzOYGvZSt6aVFQ,0.0001047282111064171,2424,birank,463,20
_dDW5rc7MKCOzhRewe3Kfg,0.00010471207706303691,2425,birank,195,20
PeDuQRFosh1DL10ayTVT_A,0.00010462260826112268,2426,birank,391,20
6IRlUGtb_PZRR_IXJQ7Kbg,0.0001045331185815592,2427,birank,115,20
8VfQxXmbPdn8zvsVpYcBWA,0.00010451052013387147,2428,birank,210,20
ZTg2GBgQj1WwAO5ySsTAQw,0.00010448783272606232,2429,birank,182,20
tX7fAS6C9vArD88yaPeqnw,0.0001044499806042553,2430,birank,95,20
HateLNTkY-sxxu2leVfHUQ,0.00010441302958306879,2431,birank,43,20
NOp5Q_8Lp8yqNKtcvxM1nQ,0.00010436343163866923,2432,birank,184,20
fSfrk_Y9xmcCvMJVdYkJTA,0.00010429648342013149,2433,birank,84,20
DuVxQyPxNPUDO66VxfJTIw,0.00010424522773935537,2434,birank,230,20
C5p3AtEAR_Iim6JjNARmBw,0.0001041998225074588,2435,birank,104,20
ql3jAWijsUf1-JdPLG2-AA,0.00010416830814184694,2436,birank,189,20
cp2ZSHXibAxCHvJoPPyLag,0.0001041368744816368,2437,birank,286,20
kwqXOtLCbNjgvwuMj4H1AQ,0.0001040862756500255,2438,birank,123,20
VHWCzIZXpWPyeFe2lkIutQ,0.0001039454855705493,2439,birank,96,20
vxiJGUttvQkNim9Sa5KkLg,0.00010390851030876071,2440,birank,56,20
1mLyYz0skNlRGP6wXBEmHQ,0.00010385674653529524,2441,birank,138,20
yUcMPv-B9gCUUNT-GUiJbw,0.00010382842797650452,2442,birank,50,20
-rTJCKclkU_ZnoQb4oKa9w,0.0001037006051820069,2443,birank,136,20
ExsrjgDLRUtqDeTsUlCyQQ,0.00010365034096708184,2444,birank,175,20
Df-DdXqssj7ZeD8ypAF7Og,0.00010359784917066754,2445,birank,74,20
SS4__vpB-2xeX0DFARgl0w,0.00010351359954282956,2446,birank,168,20
gjkw7CkbvSnovjpwkfsArA,0.00010350799858561209,2447,birank,102,20
J_w5J7dgRpyB4GFiBJIDIg,0.00010347170807962218,2448,birank,287,20
MUOCeTGhL5llXe8GAuqOMA,0.00010323859680276158,2449,birank,349,20
WVNkMz4sEl35swjVtKHOFw,0.00010321141348414483,2450,birank,154,20
jRaBuPn1YNfze55LcBCM0g,0.00010316666182351539,2451,birank,39,20
QevbkuS9DhSXLM94bxudNQ,0.0001031666618235,2452,cold_start,16,20
CzsnLeW_yFwmmcdvmy9bMw,0.0001030891460873248,2453,birank,47,20
pciiiaOrxsuruqVVH2YQsg,0.00010304827224532503,2454,birank,273,20
2MUvyUxQ8KDo5_H_re3OKA,0.00010304649930813476,2455,birank,71,20
VY1Gxa5ctQyYW6JElOOLJA,0.0001029890076190275,2456,birank,266,20
wSZQ5qnYwiukmI0fKBA2fQ,0.00010291646237273647,2457,birank,233,20
N_lp4iuSfrJchn8wL51BKA,0.0001028379257091512,2458,birank,41,20
4BbzHEVKSHuctibot056og,0.00010281298025632845,2459,birank,403,20
0VwadfoaG9dAFVgBSMcYbg,0.00010251556071803009,2460,birank,370,20
-ZuxCKkOtFgBbgwtzwS0Zg,0.00010247034509424059,2461,birank,104,20
8rdnJAHnce3Cgon2w_EvGg,0.00010238627029242556,2462,birank,323,20
mRTRMo-M0B_9fMOnzzMtsQ,0.0001023807347399499,2463,birank,139,20
MoeWs-0GVW-TJSkGRds5MQ,0.00010232405191690382,2464,birank,793,20
ZipaR6Tyd3IandZHwG6ubw,0.00010231585670860842,2465,birank,1175,20
TKTJZCIeYx2wGaxjLYnC6A,0.00010229427475625524,2466,birank,62,20
_5vE7CRfcUPHLIDixqtrMg,0.00010228786442274792,2467,birank,814,20
wGhd5EmqVwxlKLZPkca1lQ,0.00010226730685507671,2468,birank,105,20
XeBIWRfUAe4ofTGC2AgfJQ,0.00010226662587704838,2469,birank,255,20
W06avokGtnvK_awj36OSKQ,0.00010219912388239058,2470,birank,33,20
sGMdX8Nfc5OttDsxX1QxQw,0.0001021991238823,2471,cold_start,11,20
h3dUyHGGx69JUaB5v6OLcA,0.00010213800387697512,2472,birank,69,20
R2ZVVKXpZVQPj96cyDXZwQ,0.00010212482043158369,2473,birank,147,20
xhlzD6EnttQ9U02Y9YqQ9A,0.00010202708255753557,2474,birank,405,20
fMsfxOQR01YZPRCnqoNuww,0.00010202627087450185,2475,birank,569,20
XifhhRHdU6Lt9W4BEhAbJA,0.00010200879370475,2476,birank,159,20
D9CYDt7ywkIqGnCWhpqyxQ,0.00010197262755544768,2477,birank,101,20
UgnHg8cdrPqxJKD9MpHNPw,0.00010187073759243568,2478,birank,200,20
GsrDb4Zy5VkpuKZlFPDOqQ,0.00010182784458774974,2479,birank,234,20
EGITUFVLb87GRKapMtZg-w,0.00010181023346524178,2480,birank,187,20
5nqmmrrm5Ux4i21w-xndPQ,0.0001017785247785413,2481,birank,186,20
O0YIl4pLXiBwpk5y7vFqMg,0.00010172768437829305,2482,birank,147,20
5GUA13zYgw4_8F6qUMU_LA,0.0001016867827437089,2483,birank,312,20
uoU7b-XfnWJfJ0jVa7_Uog,0.00010162669747447404,2484,birank,218,20
jS8VAzNJjjekJwBknEFZFw,0.00010159184352599421,2485,birank,116,20
ra8alrdPcPn3h65TH3G2zQ,0.00010158040827561361,2486,birank,136,20
XU8MGYX9oKQ0bl4r8IMqfQ,0.00010156857218360426,2487,birank,84,20
QYzYOJ7AY9av4qaSNlu2oQ,0.00010143237367841056,2488,birank,55,20
gwR8awly-RqOmM7_8MIncw,0.00010137901732285454,2489,birank,250,20
9_g3DU-5BnpTH1DC1kIe-w,0.00010133943625371402,2490,birank,41,20
EfLcMyzm24vNxe5XdjRp4g,0.00010132613778988073,2491,birank,176,20
Y_wNEd-AtDTo-jdPakoCZA,0.00010130702987472692,2492,birank,171,20
Vo6qANHRdcJPdGryYZ5YEw,0.00010129084695428766,2493,birank,88,20
hnGqJ78Y4Ph9gyQmtqnhVg,0.00010124764323785922,2494,birank,212,20
RGtYCWkHULWRhR7BnFzXtw,0.00010124448969577977,2495,birank,126,20
QIEajLDnaNgFrCHWmiXCaQ,0.00010121907993615269,2496,birank,175,20
kDNuc4HKzqrKrDEAQ7x19A,0.00010115133081947946,2497,birank,556,20
6t3zWNWQKLVUHUuFp5dpDQ,0.00010105004724452903,2498,birank,67,20
8o3w3Tu368WTFz45rMLvYQ,0.00010079636571861924,2499,birank,61,20
ETMBMbUI7iLB4fzM_GjgGg,0.0001007923448273585,2500,birank,73,20
GU8bT_YS2WbLK749ETzroQ,0.00010072208640446467,2501,birank,161,20
hqGYH5oZirUFeM3uzL4VuQ,0.00010064251859132264,2502,birank,83,20
CUFPngz_OWQsh404FKjr0g,0.00010060833517374538,2503,birank,133,20
adnX5nTg3I_MTrThVkwmQw,0.00010047460165466316,2504,birank,278,20
hSMHzI5jEMk33rVZJv0pEA,0.00010046156545247023,2505,birank,127,20
ppFCk9aQkM338Rgwpl2F5A,0.00010039272419819518,2506,birank,448,20
MgoBAUgSv6UM6RNhwyV-MA,0.00010036012012989218,2507,birank,87,20
fVx8Wk9AnV7PAQlheG_y5w,0.00010025382556258966,2508,birank,54,20
FeoYQlhFe1l25mlxjO8Nxg,0.00010016260307249397,2509,birank,112,20
_T0cPZE2ZJOTTlYYKMP64Q,0.00010011948016291466,2510,birank,151,20
GzSBK3xn2zL9of5-GoRQHA,0.00010007970414622969,2511,birank,72,20
x7xUdoBe6rSpuxyJ53w1UA,0.00010000636850319233,2512,birank,107,20
IQw4uJsiSzLenDFVnM-DLg,9.992090856700537e-05,2513,birank,211,20
PMH5bNPL81bdXboBv0Am5w,9.986204689714765e-05,2514,birank,59,20
GphUtL7kAHxd1CXxntt-Jw,9.98527528383327e-05,2515,birank,513,20
IcJn455jAVb9HWfobnNEmA,9.983499364222772e-05,2516,birank,186,20
6jWxJEIoq5RrEAARWmj0Xg,9.973517375970525e-05,2517,birank,159,20
jHZi9YI4zUWoBZ0BTj_92w,9.97221224222007e-05,2518,birank,72,20
cUvwzWvx1rNJ2wZ8hEyNaA,9.967423258608393e-05,2519,birank,85,20
MTSW4McQd7CbVtyjqoe9mw,9.965712103585655e-05,2520,birank,422,20
jSP0rpPCYJ-FvW6yydY8Mg,9.964570120836649e-05,2521,birank,139,20
1w40T5J6br425rMvpS1zgQ,9.963016912273026e-05,2522,birank,36,20
gVBrnluQNWJtYZOAcP-dYg,9.963016912273026e-05,2523,cold_start,17,20
0t1jvk8ZV3f3xqA0RmDVYw,9.959393588920174e-05,2524,birank,188,20
MDavek3zTU_ywK0hDbf_RA,9.953945836312453e-05,2525,birank,153,20
ayrKCuN81UEUduBhZJycXQ,9.945298879494315e-05,2526,birank,126,20
MCONblFmdE6NdZWN-BoDpQ,9.942879210848765e-05,2527,birank,108,20
j6TDQvbRoMszGR0hyaVxvw,9.916864123616841e-05,2528,birank,437,20
C-HXHOveDYeIvynd97Bljg,9.914341729452688e-05,2529,birank,151,20
Dr2tI5lPLiXQrE0iZRim9A,9.912042996971027e-05,2530,birank,93,20
N8NB7lMryKMMf6SJUvzYVQ,9.908463799179981e-05,2531,birank,119,20
90LsqLbaoQpz_xNbSQsCFA,9.907914954721605e-05,2532,birank,1113,20
GDcNvFZPEAzOFk4x4EbGEw,9.892581695820148e-05,2533,birank,68,20
QyFLim8hxJR0jsY0jvJCVQ,9.883447753937103e-05,2534,birank,108,20
Z1RfR8zskBy_c8vOAhDOFw,9.87917480972235e-05,2535,birank,94,20
6JBJTohCP_ixC-8vd4B_Gg,9.878552513291163e-05,2536,birank,181,20
4rLSm1dMWreVLMv7oKml-A,9.8757387568049e-05,2537,birank,112,20
5LfCqtP9rUEN9lzMZ1Q6WQ,9.869335086634185e-05,2538,birank,37,20
zHXYNXlSO3vMrWlISzmwlQ,9.866791019260397e-05,2539,birank,172,20
CoiSfZwEN0KZwZas6846tQ,9.858928824622955e-05,2540,birank,153,20
pppt4oXbVdApscY5UiTHwg,9.855025753199036e-05,2541,birank,207,20
K7cmAUWUebwIyminFIHqIg,9.838633366005373e-05,2542,birank,355,20
lqTXW5uVQZ9q2RUh8Ahyqw,9.836328870251051e-05,2543,birank,73,20
zK-BfS0xMgDRGvb_KJL4Kw,9.83467823626168e-05,2544,birank,294,20
qVVz1sRZVNH2xt865M64Dg,9.830330295814324e-05,2545,birank,143,20
cN-E9LtQPXrE00iaQQ7UCQ,9.827363553734997e-05,2546,birank,43,20
7qA-7EK9-i8x3p1UPiSMFw,9.812010229225251e-05,2547,birank,269,20
NKZl502pYc-l3DT32aoX7w,9.811418914514737e-05,2548,birank,160,20
x4BSeDfK8AFeguTRELNgUg,9.810375220839488e-05,2549,birank,181,20
7rtbIYXGSFdZeKbIaif1vQ,9.807953322546853e-05,2550,birank,156,20
SaJHvbrvy-ndxLf85mAVXA,9.806807344399662e-05,2551,birank,151,20
kvbuD3U93O2w8YYPzsCxlA,9.805473872210818e-05,2552,birank,230,20
Kul4eM5SoI36a0jWk5Zu0A,9.79901533325094e-05,2553,birank,218,20
IpfLdeexrKmIsQlnoW9B-w,9.798618232419739e-05,2554,birank,55,20
3VKYbajPpszKNFv32ey2dA,9.795118662755427e-05,2555,birank,122,20
t1o0DX6aEUVm9ur43kQ_Yw,9.794885992599721e-05,2556,birank,45,20
oU-vzdE38Nk6gAr4yDy6ew,9.79366477451771e-05,2557,birank,130,20
9sdu-m075T6qdB46wXP46w,9.793039846226154e-05,2558,birank,223,20
lkhTmJH4iutaPfH44Zm2mg,9.78434556504237e-05,2559,birank,39,20
uNln_EqOfvtsLDor2NqhvA,9.78434556504237e-05,2560,cold_start,11,20
jhSSiLwrq9t3Fij2pVlvug,9.78402071524223e-05,2561,birank,84,20
g4cJA7iabhQywVCDytdUJw,9.782493953954589e-05,2562,birank,57,20
abvsCLYEOvhsWSlgiTvbCQ,9.782451898129411e-05,2563,birank,159,20
TkJnYt23cuH8L3ZeQRtivg,9.777770594157985e-05,2564,birank,120,20
jNSUyV_W4te2qQHMwo9kSA,9.773617419043642e-05,2565,birank,203,20
baclz9iSEvG9HvEt7u0Bwg,9.772993198250397e-05,2566,birank,156,20
0OlOZ3_OEOejomAN0b5OOg,9.765540980869406e-05,2567,birank,440,20
U3WKSiu7OquPEnRuEchthQ,9.76385640688023e-05,2568,birank,76,20
zaC6coZ5Gp8mLjeg7Slh6A,9.75746306637346e-05,2569,birank,394,20
dnQMntrmickWGYLB30KBEQ,9.754996661337315e-05,2570,birank,116,20
JXF6HNeYFduO6QzsjjkKCw,9.742803748346544e-05,2571,cold_start,12,20
9tIP3Ey8swBpTlsHOQbvJw,9.742803748346543e-05,2572,birank,33,20
-Y-t4EXY68Lj6DqVFg08gA,9.726734521367008e-05,2573,birank,60,20
SoFMoWEQatAfLLktojPJSg,9.722793122712742e-05,2574,birank,178,20
-H5v2-mADBj8_n2yeACjLA,9.721575795852691e-05,2575,birank,309,20
UFrQh57qgzUx2wgTs8mZ0w,9.720407192561398e-05,2576,birank,42,20
iKeQ5dOM1M89AFA-U3Mc_Q,9.719692219518478e-05,2577,birank,190,20
_2KA4HzZb_WxiBQefVV9xQ,9.718194653184683e-05,2578,birank,123,20
VXPpzhD7mA262gIv1T0WPQ,9.716568021449448e-05,2579,birank,276,20
haYikT8axUlLyNS7k-osng,9.715939236374953e-05,2580,birank,189,20
3rOPYx_j9bbNztlxuh2wDA,9.711596406688872e-05,2581,birank,529,20
SATUtY_PGhTicpMwDF8nMg,9.705384419851632e-05,2582,birank,187,20
WB7-m5YtEhSwMqEOfbFfyg,9.688757812201427e-05,2583,birank,308,20
Bsnmz3yZQ7sF4zX_CAfOcQ,9.68816207648069e-05,2584,birank,173,20
XFOLv6Vxik920W7OP-OStw,9.687795066714448e-05,2585,birank,120,20
viWf8dERfdNPxxHdG37B6g,9.682008692436031e-05,2586,birank,144,20
ljBjU43MhcFgoJsH9Xcj7w,9.679929008097555e-05,2587,birank,373,20
D7zxhzUgeZhdAYvQXKvkFQ,9.678733434389948e-05,2588,birank,138,20
06ddjGdyYk580UtBwyfbdw,9.673546236919644e-05,2589,birank,98,20
W0QKIbOBpPDD56umLllxsg,9.652274807476797e-05,2590,birank,73,20
g1KoL8rejZ5tTibsyU0x6A,9.646017157111014e-05,2591,birank,116,20
DTb7jw-yK8w-kTgBhTQRvA,9.64351606873138e-05,2592,birank,537,20
oDKGXVSQfegQt1QU9KLiJA,9.642951788152188e-05,2593,birank,92,20
VId1X5tUXs6ifRUP94VwRA,9.635828188153209e-05,2594,birank,91,20
EmTlcS9DVL69iDPciczR2w,9.633235534472696e-05,2595,birank,80,20
Rw8Zf_snPdZO_B3XFOsJ6w,9.631501942484349e-05,2596,birank,432,20
1aSABPmktJY072mRN7_h6Q,9.624599034289565e-05,2597,birank,128,20
6w86pEr2M3_-u9qqv0kedA,9.623278522252353e-05,2598,birank,103,20
EcvYjxzZ47YmdxbEzoGToA,9.622893550361601e-05,2599,birank,265,20
PrsGeNU4XGdl2BEKTiQrQg,9.622713167816148e-05,2600,cold_start,14,20
mb1NchJIUHRvGJcNInjv_w,9.622713167816148e-05,2601,birank,28,20
1M7b87GZXWOTjQTq3cxRBw,9.619379897021729e-05,2602,birank,154,20
CxoRg-ZcXdpqXWmUJliYog,9.614344155806452e-05,2603,birank,47,20
CERGOKhFIaDU1mk4lpWDWg,9.612234693088422e-05,2604,birank,172,20
CNDFASo4BpgATitxqUfkLA,9.611915151563667e-05,2605,birank,189,20
zszv_H7xTUo6SjCebQbbGg,9.611252535851001e-05,2606,birank,70,20
Fvujip8PJg4UTeAcfSH9QA,9.610650794445298e-05,2607,birank,214,20
CUOI4QSzNgAFj8lnn7ZSeQ,9.605025107264192e-05,2608,birank,86,20
Q1LaiKr2C-7avZuCXO-VWA,9.60186594341643e-05,2609,birank,389,20
mJbTRr_AJ8rDG78L8Min9w,9.6001166878729e-05,2610,birank,168,20
oGQb9Cx9Sk0Lvuns1Wf3tg,9.590575651587718e-05,2611,birank,64,20
XzgFo5jFPBgeZedVWpwL1g,9.579656597499294e-05,2612,birank,105,20
mvd1kW4JG3zghPyUHQO24g,9.579361644559648e-05,2613,birank,171,20
FNsMxoaTa-HCbAxP0Baj9Q,9.573791597983835e-05,2614,birank,186,20
kWxZoWO-Nw9V_xBgUYrRgQ,9.572679786618394e-05,2615,birank,327,20
f9EcjCMakeDJMRR7nKH6zw,9.55906900749802e-05,2616,birank,76,20
jacAaeM-PLorKxy0YAfEWw,9.556738310786153e-05,2617,birank,214,20
Joppbzd7vmiLj0Uhs_fdvg,9.55606819202862e-05,2618,birank,35,20
lSfMGqkDaMvqm-KCa6Yr2Q,9.55606819202862e-05,2619,cold_start,19,20
4yjg0NlNYjTwmrhIb5TqSg,9.553756028903427e-05,2620,cold_start,19,20
eZNBKIqJi5w7-bGh501ovw,9.553756028903427e-05,2621,birank,31,20
Xd3TetLYlPfiIbYA4EpGMQ,9.550491723581043e-05,2622,birank,428,20
4emJO_9XDV0kDwgnfMdbKA,9.544185822410471e-05,2623,birank,125,20
Lt_RJu8LN4P-YR07v45YKg,9.54404854438218e-05,2624,birank,88,20
rBdmyvBm0JvnArhcHwg3mQ,9.536277951247353e-05,2625,birank,282,20
9c1p8TTOG_F55i3yEiVVDQ,9.532959621800476e-05,2626,birank,556,20
_lzdvo1_8RSiseYQOMozKw,9.53213180709639e-05,2627,birank,47,20
i6MKEkH9mOyecsue9uTXfA,9.531715971335167e-05,2628,birank,77,20
Jubq4o59PS1Q3vyxBgrtQw,9.528489140204452e-05,2629,birank,67,20
GLoP6o5UjGa3g-IP1L32JA,9.524863849466193e-05,2630,birank,335,20
EMti-iNn83SGp3z6LngDWQ,9.523426284819162e-05,2631,birank,244,20
BORvYBcXG-VbwNBylwUInA,9.521018841989913e-05,2632,birank,170,20
q0xcJfaHQaP4tR43LQrLPg,9.516917400694274e-05,2633,birank,62,20
1Nvx5xo_cErlEqpubzocSg,9.516658756888422e-05,2634,birank,32,20
QrsgwJ2YG73Ry3byIcABVw,9.509115326192597e-05,2635,birank,88,20
C_7RWH7_-LZrWqPnuSY9fA,9.504088018324352e-05,2636,birank,215,20
RfDHvt_s1vuR6dnhZ890Ig,9.503014014090404e-05,2637,birank,240,20
XoS-hu_i2Dr8VxzeMxLwVA,9.500515499546457e-05,2638,birank,1726,20
-nkdsrNAQoHEve7j_k-_qg,9.500393444588552e-05,2639,birank,295,20
r7iK-eZzarezCOIChpa8hA,9.49669504624656e-05,2640,birank,94,20
3KkJxs-iNT3IE1IJzlwxng,9.494049618777202e-05,2641,birank,71,20
dzNHPZmXHFc6_6BZQVYAeA,9.492451283629672e-05,2642,birank,110,20
NORF647ibBQ4U-VNMgzSLg,9.491524512078877e-05,2643,birank,142,20
5xLGcJKU65Sv7rV8m5gAwQ,9.49015479988824e-05,2644,birank,120,20
Lswb5BgtMTWCsSw_blU4oA,9.488726117076052e-05,2645,birank,405,20
pG_VmYfvQ7ELc3ySasCN_Q,9.485039870856623e-05,2646,birank,112,20
KxQca9d-9Rrn5STR_y9soQ,9.483051432659928e-05,2647,birank,71,20
9gQ3s8WlhHTJen4bCkZYGQ,9.481031284933834e-05,2648,birank,226,20
uGOEl8AfKsMJKebNcX3uNA,9.480598665928301e-05,2649,birank,108,20
A9VBvn-H5EBil-7vmR8UVQ,9.478173664830082e-05,2650,birank,56,20
_XM7-X5Lc-e_T1S71ri-GA,9.47523491526082e-05,2651,birank,384,20
HuUdDS993Qqshv8UA_rRRw,9.468236738355526e-05,2652,birank,124,20
1oGCzoCC6HnQWpdK9cCP0g,9.467178142504655e-05,2653,birank,255,20
0drpRPpYFGURvX_kbdPiCA,9.461466145037977e-05,2654,birank,606,20
IZ5hZD_helapxEPWUY29_g,9.460972720978551e-05,2655,birank,99,20
4LrN3iUtjMXUxilzE_xMVw,9.445122275551566e-05,2656,birank,55,20
7hfstTAr43zIpEt69e-o2A,9.433803805460956e-05,2657,birank,129,20
kKJbpPjWcFlEpu6y-pV9MA,9.431670873695562e-05,2658,birank,201,20
7Klk8UuK1sdJt5_44eUtDg,9.431661346340914e-05,2659,birank,648,20
0hcn0TK1-n6-6hiznW1Kgw,9.429072328647064e-05,2660,birank,198,20
83MNJkbTftVfFmNR7WlbwQ,9.42809237282507e-05,2661,birank,73,20
KOprnHl3K-oXWszxZKESow,9.426970049541435e-05,2662,birank,160,20
agXGQ4DH4SqxtJxBHKjWIg,9.425733243082682e-05,2663,birank,192,20
Tho_6e_z8EzWEgj0z7-5kQ,9.424567274396738e-05,2664,birank,190,20
ItgkjSjo5rXmnBH3Vww_Xg,9.417451524733038e-05,2665,birank,924,20
BauybYsfqd0y6KDrJ6ZxjQ,9.41372636554937e-05,2666,birank,1102,20
RA4MK-QyDxezQzYgliHHCg,9.411238135020311e-05,2667,birank,81,20
tVDGkK9AVU0ad-24Phrahg,9.411049564541396e-05,2668,birank,97,20
PjknD8uD_0tisZQbomiYoQ,9.402606757912959e-05,2669,birank,187,20
K3TITXVTmZcBJdWLeU0LeA,9.40106205724949e-05,2670,birank,142,20
WXRZlGsdUjraCAcgtCyk4Q,9.388028670014032e-05,2671,birank,211,20
2V82l0NAsTWwOaoDQvSqxw,9.384621601329035e-05,2672,birank,90,20
HiQwgtgkvkqJmZrCyF2jBQ,9.373650214654799e-05,2673,birank,40,20
yecLfvB2rSvm0p_vkEkDsA,9.369159509068102e-05,2674,birank,327,20
MUBk0fgk0ViHwEiNnRitWA,9.365234013130957e-05,2675,birank,188,20
UesAtrCdqntO6MvejjGDCg,9.363524638207957e-05,2676,birank,122,20
L4-_gPiqsuX50JN_-qUhNQ,9.353536521334125e-05,2677,birank,82,20
qAtqgUcGrwv6yHatMb2w0Q,9.349208592496086e-05,2678,birank,225,20
tw_PmFjjCyg0t8Ek_kQz0Q,9.345401591199544e-05,2679,birank,142,20
VeJP0FaL-UzzChca5f0bkA,9.34267665482149e-05,2680,birank,460,20
py5aKmlTB2NarfsfcOpHOQ,9.34068899928074e-05,2681,birank,177,20
GyEK0xZsYoOsL-5huVB0Gw,9.337326895090586e-05,2682,birank,84,20
6cfNCzL2A0XsmXnjeg0u7w,9.337321420116435e-05,2683,birank,298,20
Zk5ByFqmdqBAeVPiSS-cfw,9.335323968318797e-05,2684,birank,96,20
f8p3fbPnCXeYFpygOgbiqg,9.334172765241352e-05,2685,birank,294,20
OiQ1eoqXMPyEUptpUX9JQA,9.331266143011885e-05,2686,birank,77,20
jJ4zZY2cZj6VRY5pUL6lIg,9.329663188859141e-05,2687,birank,83,20
UleHqBmIEjXdYMZzSFRLAg,9.315189900542786e-05,2688,birank,98,20
PloafcZfJpOLZ39LuM9AOA,9.315022991723622e-05,2689,birank,79,20
DRa9zJ55Gnc7UHQV4sDh8g,9.314860565611013e-05,2690,birank,481,20
KHuc3PjQwmIUlMmdpTnfZw,9.308673250916599e-05,2691,birank,235,20
opjF_JN6Kpr5zWxBhkGC7w,9.300416357688997e-05,2692,birank,52,20
6NpEFQgyQVBfwXNkSuLf0A,9.299233297349766e-05,2693,birank,113,20
juU0THi7QojPDnGuxlH5Sg,9.298372326573272e-05,2694,birank,48,20
Fe8nhiPBaCYZtav9VQ5qEw,9.288740441132243e-05,2695,birank,93,20
JyyfpkiQXTWOIhd7YCqjUg,9.287830807913928e-05,2696,cold_start,15,20
EbBing7Y8Y0rjGVfbt9h7Q,9.287830807913927e-05,2697,birank,21,20
ttBk7z_0A_RFTawj5qWIpQ,9.28308731926928e-05,2698,birank,130,20
nXJ1dAI-UGbXfeaI_b1abA,9.281863769875194e-05,2699,birank,111,20
VLZbc-zcSg6crVb4gxTLNQ,9.280840825300102e-05,2700,birank,153,20
Ku2b7oA9s56mHoflb5lJ2w,9.280278646625617e-05,2701,birank,127,20
dHaml_FHbs_wSyl6vvKpxw,9.269902405972974e-05,2702,birank,195,20
3vTG6LQyr3obzfvrK1l1hA,9.269042576211646e-05,2703,birank,84,20
9I3pqS1gTmVX5Hmu5KKU1g,9.262924608582012e-05,2704,birank,204,20
gSj1MMZGIVbx6tNRRUoYxw,9.262235808412089e-05,2705,birank,80,20
OK2nqgnnsGoDBzrc4N2_YQ,9.258457402596272e-05,2706,birank,65,20
eaTElJi7NcuqPTYC0qWCpA,9.249603401575656e-05,2707,birank,358,20
lPPYZr1_jx0XeW-xR9WJtw,9.246680477638997e-05,2708,birank,178,20
kayZz9qkn24KGspavVYxfA,9.244666939228764e-05,2709,birank,89,20
uT8IB-CHxTUmW_wD62bA0g,9.244099965680981e-05,2710,birank,132,20
u2FUWB2xMipayzmNmJ2Mhg,9.24235150442747e-05,2711,birank,299,20
oWTakomAvtGSB85UwnIOSA,9.234276515518935e-05,2712,birank,306,20
r4X9jW4K311nFkutYWrFyg,9.23408264842823e-05,2713,birank,122,20
2YanqRyvO7nzfwi2SPQa7w,9.22853952786147e-05,2714,birank,95,20
fdKqGhyMll3WpOqJOQaQPw,9.222986320339121e-05,2715,birank,81,20
BRyPAD7XM9mkBeTa2jAo7w,9.222310142247869e-05,2716,birank,1235,20
i3WqokVQlXjOYrqeyi5AiA,9.220802933135193e-05,2717,birank,121,20
_0JAjja8Pc2StBrhEgdf5Q,9.216170951953426e-05,2718,birank,213,20
uOf1XvY9yPEssWP8WBfgZA,9.215797819932919e-05,2719,birank,177,20
nphMADgWEWqQ_CM_-tWFMw,9.210597308086511e-05,2720,birank,100,20
AKAt17U4LQtz_Ro4RoofjA,9.207512385074962e-05,2721,birank,341,20
PfmbhnCC7nrcvD6QBMEDhQ,9.206137230141921e-05,2722,birank,791,20
Q0R2NBaN9JmHW1w4sdFtww,9.187297791591181e-05,2723,birank,31,20
h1lWjQMjLdAkC-BARvZAZg,9.18729779159118e-05,2724,cold_start,13,20
e8VlQHJYDyfMo5J--qyY9g,9.180683001719364e-05,2725,birank,524,20
35BuVcbDU7D9mjmruxmnEw,9.17739494402458e-05,2726,birank,66,20
BoUnMqQc4-ye-DGGxsowlA,9.172514017830021e-05,2727,birank,185,20
TeXzzAsEkkEE6lRj0J_LXQ,9.171585361399866e-05,2728,birank,465,20
kzHH50fET6e5nVqk8IIl5Q,9.169136741749996e-05,2729,birank,111,20
mZhgrM010o3JkaCZO3dXRw,9.167947521133953e-05,2730,birank,36,20
Lvxzjhsupfp4rd2oZbkh4g,9.167947521133952e-05,2731,cold_start,18,20
agnZcb-VR74GN01_8pHb7w,9.153961175291626e-05,2732,birank,175,20
RJAp_FVSpU1KtbWc96jrvg,9.144511792566576e-05,2733,birank,134,20
NZd4LDR6pYmKyyB5cKoNTw,9.143987622789615e-05,2734,birank,122,20
-Bsw0AjWemVa8D_7g7-9Kg,9.143409858681839e-05,2735,birank,141,20
_oEolwACvc0oFQdd8yM6gA,9.139453219037105e-05,2736,birank,171,20
Mxlw3cSKkWv5o4HdRWGTPg,9.137063154499564e-05,2737,birank,302,20
kW-_2YHMX8KF6li4AwdBEA,9.13056319400196e-05,2738,birank,187,20
34-7AMxjtPT8anj_tcWS5g,9.127043933575091e-05,2739,birank,131,20
U11YzwqthKNbpZeyufveEg,9.120545010478822e-05,2740,birank,255,20
cTAJ9PrmTvJ6mvf8Uj3hYQ,9.117372543966444e-05,2741,birank,65,20
5ibTRUwZ0dAxRmsqOTqeMQ,9.11407256767859e-05,2742,birank,244,20
zNBtF87cr_uzqloqWdO34g,9.103274548932819e-05,2743,birank,123,20
HUKrpwmcMlwPbDF5cz0VkQ,9.101327043595032e-05,2744,birank,140,20
a-MYqHxvpmCz3ZXy2illiA,9.091902074505387e-05,2745,birank,872,20
Z0tqMjLVWNub24JsywCwbA,9.08017134899465e-05,2746,birank,138,20
BIyT7Kr7tMJqlfp4oOOYQg,9.068602209885246e-05,2747,birank,162,20
85YOTzRlah5hzasNmNl5uA,9.061732153224612e-05,2748,birank,607,20
GjEDg2B1u2ohBMJ0JXD-MA,9.05595880128907e-05,2749,birank,175,20
wE0DNA2dGzwLUTy6rxz3IQ,9.042017611285885e-05,2750,birank,33,20
idVfZKAHYec4C3VevKgkag,9.042017611285884e-05,2751,cold_start,14,20
jgOgj1gvfPy3DEIpSjQiOQ,9.040845234930301e-05,2752,birank,90,20
TQloD2_k3J67Q1J_picgfw,9.039191917612944e-05,2753,birank,316,20
3m2SS1OSwVNhPXeNf6erSA,9.037317968667244e-05,2754,birank,162,20
pTy5tFm9y8uzMjXhjWweFA,9.033407296182146e-05,2755,birank,114,20
IVfXcPEwLbZFL3B-2U0Btg,9.030394575682928e-05,2756,birank,429,20
G7AEvOxbIUV2Em7FMmwXGQ,9.029478941100239e-05,2757,birank,78,20
gG8opRMkztK0GKiSWbfVlw,9.02831341161484e-05,2758,birank,363,20
rx_88M6zPns-IqMTMkpKWw,9.026217754774527e-05,2759,birank,109,20
hSusrHAzG3QUE8zrYqYYzQ,9.024790357346463e-05,2760,birank,67,20
7zt3kcVAcSoMP_XffifV8w,9.01415821373631e-05,2761,birank,89,20
agzEfydzvZWlbzpcMxLPBg,9.013496735167545e-05,2762,birank,612,20
VbheehVdnqthjCCmwO1q6g,9.013044679804377e-05,2763,birank,188,20
Nq_suBLLeDKjND6efdNINg,9.00888589466433e-05,2764,birank,1290,20
1LL54pSLD2MS1u3OvCzygw,9.008024691508109e-05,2765,birank,78,20
KgT-7ufhMfSgboGenmIGBA,9.006971759711955e-05,2766,birank,131,20
U00LMGWuM4nf9TqxFU1vRw,9.003569737197005e-05,2767,birank,158,20
MfK5DeKjnneIDZTUkUKP8g,8.997976545218883e-05,2768,birank,136,20
OOVUIzwsMR_251wOpDC1Sg,8.993385380215304e-05,2769,birank,86,20
PTn0hZz7BiP5T2muyoxrjQ,8.992162179224502e-05,2770,birank,383,20
lbMWWUdA3O0V5SsaLilfHA,8.990000213158537e-05,2771,birank,86,20
jqVyVd07PJnmOmEb0GOJtg,8.989244461754719e-05,2772,birank,78,20
J96Q1F6TamXl5FCp4wDeoA,8.988920962409662e-05,2773,birank,289,20
XKXfUoSD6Igypn-IWGnHoQ,8.984850569529572e-05,2774,birank,202,20
3NZVcVwamyjSh1rxF7cgAg,8.982606353352446e-05,2775,birank,51,20
Grh6dm_k-4kNvkxU8r7RMA,8.975822998418202e-05,2776,birank,343,20
R9VYqhQeGtHpaadx4eK3_A,8.974738318650609e-05,2777,birank,114,20
xdIUHgxMScxlGiiEdwsgnA,8.972570881245148e-05,2778,birank,273,20
0tamJjc_EA4uLJOhb9dtgw,8.968947402136653e-05,2779,birank,821,20
uvb3NcpqBEaCrrcyfNF-wA,8.968729187126247e-05,2780,birank,1356,20
U-VlSil0ZxpbfBX6TxKXbw,8.965433730891629e-05,2781,birank,326,20
jStt26nV-CBWRGxjqCzxUw,8.960812469925906e-05,2782,birank,218,20
ouXwzUhtm3hnVUo79IebLw,8.958532762365766e-05,2783,birank,277,20
rH80UXr5YBv4um7phwwwMw,8.953743007212461e-05,2784,birank,307,20
uy_x3_mSkzcjod2fM1ZdRw,8.950558254945048e-05,2785,birank,130,20
ovC2avD35bouIDnxJfWHGQ,8.947246970055724e-05,2786,birank,999,20
mHqsNKj3UPMcQwGu-akL-Q,8.943045591249584e-05,2787,birank,625,20
3LQsW2WJ1pmnRgH23C6YiA,8.941589587933707e-05,2788,birank,134,20
DgF4_72z6UkiGxtPnSJCfg,8.941208525295803e-05,2789,birank,97,20
tpo4IsLJDU5agU2TjLO-jw,8.934279652366018e-05,2790,birank,44,20
Lcoa9IiF84n0OXdcMhyWug,8.93334122506363e-05,2791,birank,125,20
pICJRcyqW1cF96Q3XhLSbw,8.92589482903431e-05,2792,birank,225,20
RHA7txgJwqFBMOdcGLS3AQ,8.92150276084202e-05,2793,birank,152,20
rnYZY-xF7qmBCAXKY19LqA,8.919142895572206e-05,2794,birank,80,20
oqYUDzhTzsw9N_Z8f0Q9IA,8.918244181904248e-05,2795,birank,166,20
_QDlxjPJf76c5O9OqY_tqA,8.91707180321205e-05,2796,birank,82,20
DprebG7jJq7AHuZ4Qg_1xA,8.903320314093583e-05,2797,birank,207,20
dqKqTOD8lUQtvDsG_gpGhw,8.903167895201326e-05,2798,birank,165,20
6C0IhZMfk7mhpjTBcdsX1g,8.894247035168577e-05,2799,birank,338,20
9qxMhGWjGsuPUoQB3Y74Wg,8.89292527476148e-05,2800,birank,97,20
1MbwLxXrQk7H1FOidg8hoA,8.889272483614955e-05,2801,birank,102,20
pDInXOZ56x0oa4qI-YMSbA,8.88902161358158e-05,2802,birank,323,20
P7oAQxDu8rapFn8QY0nmyA,8.887739189219709e-05,2803,birank,57,20
I5pKhvba6BZhpHoNqNPkIw,8.880677449010298e-05,2804,birank,90,20
14UWSgKjw5YLBqKYjBPjtw,8.876819698824844e-05,2805,birank,68,20
bN8LCQjzfbyrjKbHxRpSeA,8.867710467354172e-05,2806,birank,162,20
wTKdsD4AccJAQak1R2k73Q,8.866065844677449e-05,2807,birank,161,20
9DhjKaR2f9wKATnUvxBAgg,8.863945810365899e-05,2808,birank,127,20
tqUQHX7gsWK2d2rsUuUUMw,8.861238298287936e-05,2809,birank,329,20
JTgckf2Va1qeHA-4iEwSQw,8.860524715356951e-05,2810,birank,102,20
8L0hQvh5JCg4G0jdZFmUFA,8.85072221992064e-05,2811,birank,116,20
NC2VO-5Y2lmINFSCK1ZOLw,8.835684344733048e-05,2812,birank,41,20
2HsnioWszOnG0XPIDhrilw,8.835495340538249e-05,2813,birank,56,20
aFRB5lGVv4VnKiZt_c1zxA,8.833576044222925e-05,2814,birank,38,20
e4hdGUQH8IX0Tcx1Aa3Ltw,8.833576044222925e-05,2815,cold_start,12,20
PrF1qZ9L9gQJKZkruB1dCg,8.833216178537705e-05,2816,birank,483,20
XPrSgW88T2EaNvl5v2jukA,8.831391624749677e-05,2817,birank,34,20
r8FQd_kBkmQHIDAOKvoXiQ,8.829927344371287e-05,2818,birank,88,20
elX9a3nvGMSweRaMWgSb0Q,8.825571941311852e-05,2819,birank,939,20
6PHK5X5u3A8urE-1QDZEag,8.825052644988589e-05,2820,birank,100,20
6_Zf2QsRHCH1RhbzA9inyw,8.818651568601655e-05,2821,birank,660,20
5-aqt6yXDtV5p6vliEBxVQ,8.817892899982558e-05,2822,birank,238,20
o1Vs7jjK0_hu5L5h_ZgBNw,8.81468671162496e-05,2823,birank,104,20
PaB1RhsPKZBblFCCP0ZF8Q,8.812101621039878e-05,2824,birank,325,20
DQK60HvSqp7hVJ_T77bwxQ,8.811656452690937e-05,2825,birank,40,20
WXvQTyjP4lL94K9aauWVmw,8.810309134952254e-05,2826,birank,167,20
MfWGs8TvGI0vSvGszy5OFw,8.802810274108142e-05,2827,birank,127,20
GZDkhotwnmGlpYUKxAwobw,8.797303817382481e-05,2828,birank,92,20
BooG5Hd_BTxlAu1JWbXdOg,8.793140073137732e-05,2829,birank,97,20
YMxOjiZfWyN94L8XkZGPRQ,8.790373183168721e-05,2830,birank,132,20
Lv1-Uwm4aY-cXjxjSJyksA,8.784365994050406e-05,2831,birank,73,20
YqgX6DHsg097nstJl_cCjQ,8.784341196957002e-05,2832,birank,718,20
qGEcvCAdOGqaHMCg5izq2w,8.783377921806157e-05,2833,birank,549,20
Z_l5dmN5AvLDS0KtVEjZZA,8.780869915797454e-05,2834,birank,56,20
059fmQtYFQv3-hINwfpGsw,8.771691884906756e-05,2835,birank,81,20
dM5ZRYT1SUO86eZtisrKfQ,8.769994592410826e-05,2836,birank,74,20
6ccvTPhcwC-B37eIlqA8fw,8.764742399688918e-05,2837,birank,48,20
AD-CJ3g6_JjKAaJMb4tXqA,8.758435895018101e-05,2838,birank,331,20
jCZi4-LRB2bU-dxBSPmn9w,8.756553814425257e-05,2839,birank,145,20
jSr8KHVtQWgC_S_xNyrG5w,8.74876729310898e-05,2840,birank,233,20
BIP4xWJrTTxjzSIRonVBpw,8.747570075788818e-05,2841,birank,71,20
h696v2N0hcOOdsg1ebt5Ig,8.747200208132343e-05,2842,birank,126,20
Et_kxd5AaVjxRhEBDdSOWg,8.744543587568089e-05,2843,birank,145,20
e8NRt-1C8eI85C59pKhJuA,8.744496859834884e-05,2844,birank,100,20
xlKnyisd_MiBpZIsESo0bA,8.743370843488439e-05,2845,birank,325,20
EASb5k7y_w3fEaKEvpt1SQ,8.73373839483671e-05,2846,birank,72,20
x4CzqJ75DhtZf_RmZwyH_w,8.730959709890106e-05,2847,birank,135,20
D2gONomZQyRjxR3TMHJovw,8.727552575727839e-05,2848,birank,497,20
Ibo4E5a_nf51egmeFR5Izg,8.72718857527716e-05,2849,birank,1679,20
LPdiS6YE0AvFJ05O9TxtMw,8.724051596857822e-05,2850,cold_start,12,20
szamoM9NWmqMgNmhCIWztQ,8.724051596857822e-05,2851,birank,22,20
E1EuIHgjBvYcs8Uu_SyV4A,8.72101750856201e-05,2852,birank,104,20
xUd0QOyVzx9SQhWulcOPAw,8.719503856407229e-05,2853,birank,158,20
h4emxpoA_pQ-Si8fSzzLig,8.715845558150328e-05,2854,birank,270,20
O3UQ628x3iSKR33cM3cEtw,8.71080528714803e-05,2855,cold_start,19,20
QBAzeuugYrhnEokFhPHlIA,8.71080528714803e-05,2856,birank,29,20
FlWCsBiNoI4XTwZD8f_q0Q,8.709835899717652e-05,2857,birank,225,20
Rn7nEFp5Vj-Wa6SdRONIFQ,8.703825906698965e-05,2858,birank,41,20
IEpeqw4tr5vAXKVj1cdRhw,8.700778215928977e-05,2859,birank,134,20
z8pwLBm3m6E8GJko5PhxgA,8.699320120686475e-05,2860,birank,130,20
kBuzuNDQNM26AUbnkRVifg,8.697669020800006e-05,2861,birank,144,20
KyIkx19f_s99SvHD2Jz4OA,8.696814819408177e-05,2862,birank,60,20
Cxh7HIPRhIr_DIetWp3jAg,8.694861612527109e-05,2863,birank,137,20
WVYcB73fVpBMznlhhqjL4w,8.686005413896336e-05,2864,birank,48,20
7Fqf5nkKkVhXn_DUrPWWEA,8.682960561577097e-05,2865,birank,262,20
unK5BCRWoMZ3ZCWhcKe-ow,8.680755325371272e-05,2866,birank,79,20
EzkR89g7pIm12IldI5e6gQ,8.679819836170706e-05,2867,birank,162,20
p8sgZPvVq39bIklMO7x6ng,8.676995857087808e-05,2868,birank,127,20
3w7NRntdQ9h0KwDsksIt5Q,8.668287897267998e-05,2869,birank,193,20
mNO9pUXwxP2VgOhXIPOdgw,8.667385268294585e-05,2870,birank,789,20
c4x06huNhVp04VI_MUiQsw,8.660449229615031e-05,2871,birank,143,20
dVckWYwsJ8Fr0VcCMUVHyQ,8.655729789434488e-05,2872,birank,51,20
2ceJseysVj1LEp5SmVL9Jg,8.654650198685887e-05,2873,birank,316,20
-sdxKwgP6209YUfoFiVuTQ,8.652597564961813e-05,2874,birank,119,20
W8a_FYH-405MtR9_0U7sQQ,8.652426350628655e-05,2875,birank,61,20
yOc3BbR4pua-7El5ce8lHg,8.649808516016722e-05,2876,birank,185,20
8tsgnMFsMHuMIgrdjpEHLg,8.649301443399815e-05,2877,birank,88,20
Hgjlz4Ekr5rqbLlxNczL4Q,8.64744913571006e-05,2878,birank,70,20
u3LMhfKLLWCIy9aImc3aUw,8.644336905224536e-05,2879,birank,141,20
exuQOZA1tvlZbCiheUs1Eg,8.643540360935485e-05,2880,birank,132,20
ROcDKj3OnhC0Uem0dTGAHw,8.641901788115523e-05,2881,birank,52,20
m2QC6syUBosOCBNTwpci7A,8.638804783083283e-05,2882,birank,68,20
hrAd9yxS_hsSqeAhOBeQwQ,8.634508637657542e-05,2883,birank,75,20
1VHsBGgnioHuFYINzeplPA,8.634345772256625e-05,2884,birank,66,20
O8xd0PQZfwHIIZhNRmZ_5A,8.630517908364733e-05,2885,birank,283,20
HidFnrnlxOEbGzg0Xog71g,8.629582329879296e-05,2886,birank,118,20
F7J-Kc3fR0vdjcpN9TYLJw,8.623492048007377e-05,2887,birank,116,20
B6zs6ywn7TfhOmmDtuWQkw,8.621536257377148e-05,2888,birank,55,20
JPTxxPgVUEkb9BJlO6PAhw,8.620401137290128e-05,2889,birank,246,20
yLjQA1TnnX0nGdsHJRwTdg,8.616995503748167e-05,2890,birank,116,20
KLBWUdr0nrrK2mPBj0qg_A,8.610261256608984e-05,2891,birank,116,20
mPZzpjFxy5lN-3yTMDDbnw,8.604072602404042e-05,2892,birank,206,20
uflDYdHGrCawgr1JSQ7Ypw,8.601799518712921e-05,2893,birank,448,20
UE-PBEev_8GNq1Bd2NK0Fw,8.600073449445491e-05,2894,birank,62,20
xNFOIAjbqge_fqoUJu3vDA,8.586528577639547e-05,2895,birank,480,20
LsvXJPcFLYMNX0FvjJgUzQ,8.584278574523583e-05,2896,birank,41,20
GSDxAWLxm5OtVptFVVVpOg,8.57773051389943e-05,2897,birank,98,20
DaVWa71vav0Mv1cg2H-gfw,8.574043607777304e-05,2898,birank,89,20
-tQ0lqgfY8i5avBVyUMYWw,8.573727232476609e-05,2899,birank,272,20
h1UTMTj52te79ii7_nqF0Q,8.571999767899864e-05,2900,birank,124,20
2EWZLzieEZo8KD-Kw2N91A,8.571760661246559e-05,2901,birank,35,20
gaAL5W0I5Hh1jLbvnW2Wkw,8.571760661246559e-05,2902,cold_start,9,20
UFNpCQq1_eLnP1oSjMkRCA,8.568827870437529e-05,2903,birank,89,20
4JjrfHvcKzfra3YAWHa7qg,8.568563382386808e-05,2904,birank,55,20
nZZc4_SPb3UxD2AtDEtugg,8.558952235647422e-05,2905,birank,394,20
ep5qO5-HdYH8zKfz0LLqCA,8.55782965455501e-05,2906,birank,745,20
2gW2AflncKzHvmSvel2LBw,8.553975819352264e-05,2907,birank,119,20
MWWtxj3R0WGqPzZg1uFmQA,8.553893350536109e-05,2908,birank,544,20
MjZQqZAmJeMco_Vq-Y9h-g,8.55258220216901e-05,2909,birank,252,20
lIU2BU8iWOoXBXaxdy7V_w,8.548033635651222e-05,2910,birank,592,20
kQSIyrBeeXarRZzovJn-rg,8.546494064308539e-05,2911,birank,91,20
mUt4Bdk36wcfA7ySWqAoYQ,8.54577792175917e-05,2912,birank,115,20
Qg9Sx8RwqnpYKQeSjfPh2w,8.542369745545835e-05,2913,birank,150,20
VKgaoJO30VPyl_PFGw0S2g,8.536579375961073e-05,2914,birank,20,20
WLvBB90skD_i757VJHI_WQ,8.536579375961073e-05,2915,cold_start,9,20
0vlisQJ0jKFB16KYi_q3LA,8.528491419985582e-05,2916,birank,375,20
qpLXjhAYATp_j_SBRUtjIw,8.525744754874172e-05,2917,birank,80,20
AkxNKjmfE1RFnTz_z4wuxw,8.522539349197151e-05,2918,birank,120,20
nj2Dah8x5kVwOEBZ46FX1g,8.52026785035523e-05,2919,birank,215,20
ZBTVbCcc8OabC9Q5rIaGlw,8.514630493265744e-05,2920,birank,62,20
sA-jrCH-R5741DQ3LWi9Mw,8.51350364180825e-05,2921,birank,61,20
E6AnAHwEXEWwjbaRw5xyUg,8.511875241610478e-05,2922,birank,46,20
DBIs8znvD-RUy9rFsKiJUQ,8.510592378370165e-05,2923,birank,89,20
7jYC4dxkoiAULgENY7hbMA,8.509259222881661e-05,2924,birank,177,20
7gcwopSaFng9Rx-jRhfmuQ,8.498169227123103e-05,2925,birank,86,20
48hwr-F1xEFfHdTD1ueE2A,8.497846858183808e-05,2926,birank,387,20
QJaB5FXOOhWjWI2f4Z4SDA,8.49492553647723e-05,2927,birank,85,20
UNzgGakdjDgdwSNSdhhV1w,8.494761654451324e-05,2928,birank,146,20
a6t0nb4DrjbCb_gH3Kz8SA,8.493873687500426e-05,2929,birank,55,20
qTtI4lWQo2Y9At3CrlXtDg,8.488841559185052e-05,2930,birank,95,20
Hff3OTS8g2nwX7RqCgI6vA,8.484593571855284e-05,2931,birank,28,20
2785LQ3MgpXMgQRakACT3g,8.482634559435162e-05,2932,birank,252,20
fHa15mzKSuq9Z6gd-m3kAg,8.475035043081712e-05,2933,birank,165,20
CyiN_owscPJNvlwul0XJPg,8.472906667617335e-05,2934,birank,547,20
puDcIJMwP0H_vy9Ty8HFFQ,8.463918219438936e-05,2935,birank,348,20
kUfUsNfgf0PFRH9d2bLSOA,8.463383989586063e-05,2936,birank,146,20
cljHYek6vHtqUgUsnJBqmA,8.454363489546962e-05,2937,birank,250,20
NDHgJsy-4Lb6WhERPXPs0A,8.451904573328956e-05,2938,birank,33,20
MWrSqr3VmBcSKT4Uhk695g,8.451904573328956e-05,2939,cold_start,18,20
2wd7o7XbEywXTUqx6RITzg,8.450165173729294e-05,2940,birank,209,20
K4DVDHmrSoz3QdVGwjrqaw,8.448292256326865e-05,2941,birank,174,20
xHM8vXtgOpKZKkDRxMsgpQ,8.44787088967993e-05,2942,birank,80,20
h-bXrwqcxFA5cz_ATTIQeA,8.447330869081364e-05,2943,birank,119,20
NFcG56jaGXhWxP4K1KaENQ,8.446991590008106e-05,2944,birank,63,20
zCglWMsODFnewijW7S5KwQ,8.446186431132596e-05,2945,birank,45,20
PW5eZM5RAQEhy3wgovChhQ,8.445243061055513e-05,2946,birank,54,20
lok1BFflfV17T04k-Q-G9Q,8.444934575303001e-05,2947,birank,116,20
rfBWKSGrl--_BrJBxDQyvg,8.442251944727458e-05,2948,cold_start,16,20
ZzI68qUPwySLG3pFeQxg6A,8.442251944727458e-05,2949,birank,31,20
40N6HwvUOiRvvdOfMX7wXQ,8.43672493616168e-05,2950,birank,59,20
mNEWPsCO8ARHEERFw8JREw,8.436280826321632e-05,2951,birank,216,20
6ZDTBwyQqFrXFK0shwJRqA,8.430563298122151e-05,2952,birank,84,20
fN36I-dXUjXCEgDKRi2hjg,8.42806468533002e-05,2953,birank,234,20
u4KPk6MQkbwCNiNHaAiRPA,8.424876039988466e-05,2954,cold_start,12,20
eiQ7HEEuzToQue026gutXw,8.424876039988466e-05,2955,birank,27,20
EHUNi6ZX3z8KaXFjGtDd7w,8.423079234505335e-05,2956,birank,170,20
cYFan6HA0eXF2gXLPolTtw,8.422422416784023e-05,2957,cold_start,14,20
bLpmJpVfP9sRwzhlnJ2F8g,8.422422416784023e-05,2958,birank,22,20
4WWxTisW97Ks7r06Exxx2A,8.41431677728268e-05,2959,birank,51,20
uzhiTCvVaK_0fZwa7rWDzw,8.410900113708925e-05,2960,birank,625,20
wb6JLGExZ_u0xVRvG3OT2Q,8.410743703190601e-05,2961,birank,115,20
LdiNRhW7nBqHub1d3Q4cOw,8.406569964875136e-05,2962,birank,52,20
YpwiShaS6y8KUOJ6Cm4Vsg,8.406552700176742e-05,2963,cold_start,18,20
_jYVUusH2qVM5TxxkiWgsg,8.406552700176742e-05,2964,birank,31,20
a9hEzGG5mYH_sus0r9xfLA,8.401108378898043e-05,2965,birank,74,20
UpWlqQ_jrTF4JAtdGZL33w,8.387392531931095e-05,2966,birank,171,20
UnN-wx3ogx0lW3UokqQxRQ,8.383933828825405e-05,2967,birank,213,20
daY4oe7psl3gi7l6pgm4-A,8.381825488801997e-05,2968,birank,53,20
vb2XWr50QhBpcOtpzxmKWA,8.38060959934519e-05,2969,birank,52,20
RjPfO7a5IoGcAljTL9ZxBw,8.368833569493321e-05,2970,birank,94,20
XisEaN0YxDeMc-9rQp6Qag,8.359251276817947e-05,2971,birank,172,20
nRv9MgxFMhONywEpxyI6uw,8.349447331632642e-05,2972,birank,35,20
mBcvp7NarEQEviJyRiX23Q,8.34871086672301e-05,2973,birank,719,20
6OJKoWZY-lLKM4zRcbauiw,8.347295332507191e-05,2974,birank,148,20
p6yHZaiijFq4b4P3sYSRjA,8.347160731894333e-05,2975,birank,60,20
4vy8j-L9zXXFH_wh2sVzAw,8.340116913334518e-05,2976,birank,108,20
JJMMayeZruzAA_nKAYQTpA,8.339692644473378e-05,2977,birank,59,20
KZNgXQJ9Qq2LNi_xOebSvg,8.337313546643953e-05,2978,birank,393,20
pQx2aFqw5s7N5ThMYlqDzQ,8.336267674698177e-05,2979,birank,414,20
pb1oZS_fVHwBkw3ysqF9pQ,8.333993127930393e-05,2980,birank,115,20
XjSfrrBDZaimpp4lWGI5Qg,8.327154178424398e-05,2981,birank,66,20
SCvq_xornY-FU7yGB7ZzeQ,8.32443745856276e-05,2982,birank,71,20
Ev5UloYOXuw1UTxBKYVXuw,8.323140675847655e-05,2983,birank,162,20
EzJI5x25U5GgbYBWhu5ZQQ,8.322388331910281e-05,2984,birank,112,20
aNXw3PkXVt8ANwLyCfcmpg,8.317884445581664e-05,2985,birank,43,20
6lTzO3wXNTJJODicDjfyJQ,8.315340910297155e-05,2986,birank,511,20
AcAMVPXz_VyV9VirqeDblg,8.309180476985454e-05,2987,birank,158,20
27LOZZ6MvlT9B0RfOca2Ug,8.30636032568626e-05,2988,birank,47,20
Q1-a1z67RdKHjTbIhHaW6A,8.303809390673762e-05,2989,birank,577,20
K1NdCTaJWK1ezkZpPyB7-A,8.302317002719094e-05,2990,birank,108,20
d5i_Rm7W_2Xics7yl3eT6Q,8.298337498484954e-05,2991,cold_start,11,20
fd5dRJa4171XdZ3Px9VztA,8.298337498484954e-05,2992,birank,39,20
wEkvzwQqT1yxpPf0VtlGWw,8.297631300868181e-05,2993,birank,69,20
mRtGKvoxQLSh-tf2qBBoLg,8.297427185189859e-05,2994,birank,147,20
9oJinxECxlSutUM0kBOixw,8.296407700400918e-05,2995,birank,113,20
y6jIrZYjVaxDbGXKpSlacA,8.295594419462156e-05,2996,birank,126,20
laBlOr7v6w7Sf5yxbHhAcA,8.294050287342946e-05,2997,birank,429,20
V_S54QGnokLMshOm8xNTag,8.28545120455155e-05,2998,birank,154,20
rRj29aGgqsZEELTmoYlYkA,8.277843530320665e-05,2999,birank,175,20
gLKNO0m4kLSqxWQKNJgMKg,8.274935615996064e-05,3000,birank,389,20
2Z4UlKeHAKmxHqbyhj4a_w,8.273635809661465e-05,3001,birank,209,20
DCH4TdnevyrZ0BlTPzgMgA,8.272865966898775e-05,3002,birank,78,20
oBMzl8M5hexc1ZviiWl4TA,8.272503667469744e-05,3003,birank,52,20
6RKcICXt1s9Mm35d3X5P0w,8.271068154809763e-05,3004,birank,71,20
zznJox6-nmXlGYNWgTDwQQ,8.27106528035082e-05,3005,birank,97,20
Gn34llSvalq0_RNsZLCsfQ,8.251173688950843e-05,3006,birank,534,20
4NYZ-PHH7GDgjfIO7_Vfgg,8.246855517804676e-05,3007,birank,61,20
EKBDN90FwKHr6F7_zzSCZA,8.246753387862782e-05,3008,birank,181,20
UmJVrd7hupfRJTFvMBX7BQ,8.245760112914353e-05,3009,birank,59,20
dy5FimQwL-6xnW-J20xISA,8.244949653572872e-05,3010,birank,192,20
PBs6XgKSvSbio3wj8C-dAQ,8.243585824583477e-05,3011,birank,92,20
pdeYZLIkyURty55Rg7vW8Q,8.242362979247397e-05,3012,birank,222,20
yZYx6GiDN9pc8hutC_1qIg,8.230810035480425e-05,3013,birank,135,20
A4HxaMk6EZlieG7jr6FB3w,8.22411768891182e-05,3014,cold_start,12,20
e-kmlwJ-CDSiZCLBBKzUHA,8.22411768891182e-05,3015,birank,36,20
EI-7c_Zpd9HhBiVywzkIBQ,8.223831231030484e-05,3016,birank,115,20
UUJ5av87wFfxKqJBIerN6A,8.2238234693794e-05,3017,birank,274,20
cCwGNGOCvhigKOLSFUaVDg,8.222077628130441e-05,3018,birank,292,20
dFTuCfvTv8b7UK-quUWY9A,8.221866655916376e-05,3019,birank,104,20
KHmgjAWfrj3MZKGY1aArFA,8.218562528197106e-05,3020,birank,226,20
Ddg-J_j0YFErk7wpMtH_0A,8.217811058223845e-05,3021,birank,755,20
ZnPlol7SznrIsbCBNS6pOg,8.213639123906865e-05,3022,birank,99,20
yGGaBvdHbzPCZCzR7s_uog,8.212201372169831e-05,3023,birank,973,20
uM1ahq0ZG5utDIV3JwjHyA,8.206395182735197e-05,3024,birank,69,20
iJJYC9k9jtJYU-quIc3Jxg,8.201022785202061e-05,3025,birank,60,20
dLXkx82ZMsR5NLkCRtg0Dw,8.199116329824074e-05,3026,birank,69,20
IppdfayfahhTBhCt3RID3Q,8.197636585069723e-05,3027,birank,74,20
lCAQGk4QEuF27Gd-iTBm1g,8.194943771134015e-05,3028,birank,77,20
QS6fgF1QGHC9lABq8S395w,8.193290271145496e-05,3029,birank,547,20
vb-xBIlGWHCsFrJeXFfnuA,8.193208548587611e-05,3030,birank,101,20
1lvDkCIAqGlDUxWmXQgKvA,8.184923336777843e-05,3031,birank,103,20
E0qpZQLChtbEYSNj3OYrIQ,8.18262803000152e-05,3032,birank,66,20
mw-Vn0mmSTYR1ZkQaHdeBQ,8.176402537408105e-05,3033,birank,79,20
LU7WfvB9o5_JSW5IMvGedg,8.173295804596389e-05,3034,birank,22,20
KMfIryKytcLLRKZjW-bWZw,8.173295804596389e-05,3035,cold_start,14,20
oGlMIii5HyrvOx-GtTzsbw,8.161547689808338e-05,3036,birank,65,20
b-4xNydyGmdv2bGFOHTgdw,8.156912315975737e-05,3037,birank,146,20
teWJvpV5UuMZKdWtMONvFQ,8.156464588729723e-05,3038,birank,95,20
E4G-vk-ur7SdmOSHcum7aw,8.148414718761407e-05,3039,birank,239,20
_ml0rQHmsAqZwXtKSVMyMg,8.145450551936478e-05,3040,birank,91,20
RX3gzXCiKOe2vI7zyB20mg,8.144141331909954e-05,3041,birank,223,20
woXVP3vViYzJ-I7jwWS5Og,8.14306449367426e-05,3042,birank,103,20
-a0kKyJPMw-8z5AjfQstTw,8.138552208054845e-05,3043,birank,108,20
2pBNVsJo3a3CPbInUu9lvQ,8.138069077107029e-05,3044,birank,310,20
uJITgt5t7j-KpDChsXPV5w,8.134577611713657e-05,3045,birank,185,20
_LdViafM7oxU9LH8cZBiMw,8.133174348658912e-05,3046,birank,125,20
4HRtArZJtcAs10gAE7_bzw,8.131823893687122e-05,3047,birank,300,20
DqqccE7z9veLPUzlrFzyaQ,8.127856733918623e-05,3048,birank,214,20
GZdflq6wvOXyOtSFThqNmA,8.121436279094385e-05,3049,birank,56,20
sQ3Q5UAN3eStKnrxkK8E_A,8.119653820739875e-05,3050,birank,129,20
z5N7vgaNSBpjKT_gbY53sw,8.116653765412396e-05,3051,birank,172,20
BUmzDaCXu44GNjvtdePVTQ,8.113452563567519e-05,3052,birank,121,20
pqO3306gXylthbj1nE2Gyw,8.111306892274464e-05,3053,birank,137,20
EMp87GsYkVdwHftE7Ar2_w,8.110951646124442e-05,3054,birank,174,20
1hRBDT7ajCL7u73SulUP0g,8.108576915973959e-05,3055,birank,126,20
lykZwXa9ZhPgnwNUheesqQ,8.106947307235805e-05,3056,birank,88,20
jQ0uNiLU9mzeuQMS-YdS_Q,8.103530849091285e-05,3057,birank,40,20
VF-xxQsEeWYwdqiGVC7L0Q,8.103255242473556e-05,3058,birank,75,20
WKCTgYenpI-0uWruy1Gh0Q,8.10238817975525e-05,3059,birank,361,20
G4IigHfYODjMJ0NpF3zEhQ,8.10160948691086e-05,3060,birank,93,20
McE_Yj6-dfRmh3RR3hfVsg,8.101201536926604e-05,3061,birank,86,20
JCpGUgmvCIcPplQIRGD4yg,8.099825676706792e-05,3062,birank,80,20
yIIibdtcOnGsjtvgNuBqKA,8.098574970932644e-05,3063,birank,304,20
IMVCi-j2InXt_dJn5mnxEg,8.09820400991013e-05,3064,birank,52,20
cFFUSPIJfjm5pbgLGu91XA,8.096022153260823e-05,3065,birank,124,20
If7JNzXZB0S5JMG_kFNg5g,8.095071597062395e-05,3066,birank,211,20
b66R96v0N-Mmu0jb4cVhiQ,8.091136328590872e-05,3067,birank,156,20
l-JQja1KoFdjaP8AJp_mvQ,8.090715977134672e-05,3068,birank,75,20
kwfWiUkuGh2SHrRrB3qF6w,8.089755407298409e-05,3069,birank,96,20
6tfH-0BnhzDc29p712rUUg,8.087213756528145e-05,3070,birank,72,20
bZVx5Tz4Bvlx6Gsqg995WA,8.083331072462775e-05,3071,birank,354,20
Y4Mo7G0PRyC-IJ0WSQCkOQ,8.078532632798703e-05,3072,birank,163,20
GiSQ8fXpAs3M9Y27BgEd4Q,8.077405791492643e-05,3073,birank,178,20
S1HBESEvvKLcMTy1uz08sg,8.07343951827992e-05,3074,birank,124,20
091-A52K-wifGIf3jJ-hgA,8.073063527740956e-05,3075,birank,104,20
-ka45SR1nuoxUU4eTamE_w,8.070685891941532e-05,3076,birank,118,20
tHeWQO2G2-HL-XOCuE4h4w,8.064270122748875e-05,3077,birank,141,20
JyDpriUoqv9kUU3VroNfAQ,8.061830427073772e-05,3078,birank,501,20
dTYTEsIpXQAp_frB6UYiYw,8.061007578851089e-05,3079,birank,305,20
2-i-GRNg9dYlBJYfb4k0Rw,8.059319896075823e-05,3080,birank,312,20
mDX0I8AQfro5st8IVufp-g,8.055883144069458e-05,3081,birank,51,20
kqb0LWCBZBynGYuj-Z1msA,8.055127295729625e-05,3082,birank,166,20
O88D3UXolC40wsSpYNhvUw,8.050368623732509e-05,3083,birank,342,20
Da1Cc7gaouF_2avorSj-PA,8.044124640704606e-05,3084,birank,105,20
qWhYKRqQf1RRUzxZdXbM_g,8.038786030057956e-05,3085,birank,51,20
phh8Fo60_xBmNXyvdovTbQ,8.036651655049061e-05,3086,birank,130,20
8pSm6e9I8zUMa00Voc4giw,8.035173263506238e-05,3087,birank,60,20
oS02owt-XB2RtDbogYyn-A,8.034073643150126e-05,3088,birank,663,20
MJaT0MoUpIWZirHzisrqsA,8.030875915126308e-05,3089,birank,74,20
Xc8E9n8ZJg_xZeDTHBoJPw,8.029782530806209e-05,3090,birank,48,20
2gTnSpYBmg_5JubGpCtSQQ,8.024436463811332e-05,3091,birank,96,20
rIYVTWCHyrlHPLIPMnnOfA,8.024056987280154e-05,3092,birank,170,20
ngkjYkjJcPQ28gDub3R0IQ,8.022869020805356e-05,3093,birank,85,20
hxz-ZUqfwcueJu3eIGcBMA,8.022851658772766e-05,3094,birank,63,20
mUPwpNYMyoqxqXOmUOFmSA,8.020580708924501e-05,3095,birank,86,20
H0WR6GRX9S1o-S4szplQ0Q,8.017034310183146e-05,3096,birank,91,20
Ynokyesqb9pXBT9EUlnAbA,8.013090538667813e-05,3097,birank,32,20
C7tsqS3EHvh8TTbrDHGkYA,8.013090538667813e-05,3098,cold_start,10,20
OD7QQo4wNpmIb10L8gZKDw,8.010227388887196e-05,3099,birank,806,20
j9fzpALNCgvDwCXmA5Vcjw,8.009205469411168e-05,3100,birank,126,20
Abd2Md-wQLlUzViL5T3xDQ,8.00722414782548e-05,3101,birank,120,20
K4TlU26IH19tM_VvTMnpyg,8.005466401503092e-05,3102,birank,234,20
4HEz5_8g2QWfoOU27WndYQ,8.001360062609338e-05,3103,birank,56,20
XYBSsBx31fUbzIuW4ro1PA,7.999781773909677e-05,3104,birank,61,20
ws-gbVjt56zCQC-CR5pjTQ,7.993119014903449e-05,3105,birank,97,20
hNH1ILskk1qu7TA0rBvvlw,7.992407390181997e-05,3106,birank,448,20
Z72KDGgmPZV7Aii1L8Mxtw,7.989066459332118e-05,3107,birank,200,20
-M7aI9P2XG79_E0c3sN7gQ,7.987414259337087e-05,3108,birank,233,20
KQl_VeezUtEZZYTGVnaUBA,7.982644834772749e-05,3109,birank,533,20
G4sLH98DHyejB5RcDljaFQ,7.979849286982675e-05,3110,birank,782,20
QniIUsutkKPEUrwMvPGJzg,7.979273201223003e-05,3111,birank,129,20
9ziM5f6VHOnMy8Izv8xmVw,7.97408052577598e-05,3112,birank,72,20
dT_knPUzLKzfh2extWQPsA,7.972931774874601e-05,3113,birank,54,20
h9SbhQRmoQmPcZlzp3JS9w,7.969396427767858e-05,3114,birank,115,20
Sa5Ot5Vuxqabt-qnq0q0aA,7.965684659115677e-05,3115,birank,104,20
UjXH7iq8eYauQoGswkxGYw,7.9645363112887e-05,3116,birank,218,20
p8V4zEEYZvZnZh9f8k5KZA,7.96190601155355e-05,3117,birank,389,20
yL-xeorNGIryLE2AY8nGnw,7.957519760746755e-05,3118,cold_start,11,20
62eQzOWKmzsIJnJN33vofQ,7.957519760746755e-05,3119,birank,30,20
37yDMpWI6HBO2iW8slv7_Q,7.955772647950067e-05,3120,birank,188,20
kPy6jsVWuMREMRWRGTvEyw,7.951975272234217e-05,3121,birank,288,20
_3hT6D26_1uGR_W1RcmUaA,7.93882000574286e-05,3122,birank,44,20
I4TFiNX5gTsJBnEGH2Tl8Q,7.936606467642096e-05,3123,birank,120,20
FmBvwussMAP_hh5psTcHOw,7.936473008667606e-05,3124,birank,257,20
dHYGLQkSxp8nFyzydmgeVw,7.9299492119685e-05,3125,birank,498,20
PxORQiDmPhd5xwTd1mFbDQ,7.929434674520207e-05,3126,birank,86,20
EvImrqBh6vad8AxN6KxJ3g,7.926294002352048e-05,3127,birank,110,20
1QJD4wh6gdlO6I1h0_FiZg,7.913365322154809e-05,3128,birank,159,20
2XK7ZqKSygxnn7iDpIeRbw,7.913296165257476e-05,3129,birank,208,20
NbzrpJu7222uqxNaf8zskg,7.912607685193295e-05,3130,birank,307,20
3Mdx4S31beGzqC-RFjAAZw,7.90928948110987e-05,3131,birank,212,20
7KJBDV_gd-ycyz7EiBzprQ,7.906801954477729e-05,3132,birank,74,20
iuTj4Se42VUto09Stkiq4A,7.902707415550617e-05,3133,birank,102,20
3AFJwWG2OcGtRlJhhEbjKw,7.900958153903313e-05,3134,birank,67,20
5dXiNZgWI6B1VIFG3wVTqA,7.897127650568873e-05,3135,birank,46,20
GHTQYGHJW4GtDqeX-Txj-g,7.88762638141921e-05,3136,birank,90,20
2-6E1sAD1MKUixksDw-hkw,7.882867641060579e-05,3137,birank,68,20
sgxg7pc3UAQrULu32GAwPA,7.881935817957082e-05,3138,birank,42,20
uQSCNdPI0dC_sPsOh1U8NQ,7.867263975440042e-05,3139,birank,134,20
mf7M1IxaoCRoM4-jJsyblQ,7.865936576179349e-05,3140,birank,162,20
Dq8xEHck5DugMQZVLDpwxA,7.861773899730912e-05,3141,birank,117,20
PON4EZK8TeqTi3CIuQbXpg,7.860180303530609e-05,3142,birank,91,20
4kJN-MGz5vrfSXNLqxmgGg,7.858449044913902e-05,3143,birank,98,20
2i2-1UZ5wYRBd0zfkww9xA,7.858361026588716e-05,3144,birank,116,20
ZMIUDDqBsclQG4kv9424DQ,7.848813819523768e-05,3145,birank,213,20
4ajMQOHEfdHma8deYOXr1A,7.845206914181505e-05,3146,birank,102,20
-SQv9Kit89XgEik-Rd_5yg,7.835394247956539e-05,3147,birank,95,20
bxSqLGT0kt9zUlhIz5utnA,7.830516415974412e-05,3148,birank,59,20
0BZdcQAJjI-Kw97mQW_TPg,7.825316852422516e-05,3149,birank,162,20
yi1qt3cUK-RojZPXEjVFXQ,7.823407673288319e-05,3150,birank,597,20
H8Jp8WidE99di2Xapgbe-A,7.823348278301095e-05,3151,birank,64,20
A2Jizi4-CZufW1ozFB-oWA,7.823045471831564e-05,3152,birank,142,20
MDMSLmczSxB2fjT_ybMpGw,7.808629061520854e-05,3153,birank,32,20
jIuRCFtO7rEOezPAn7rCQg,7.808485731557601e-05,3154,birank,78,20
etqiTJ31Bl3Fuh3CWTSHxw,7.804400482117897e-05,3155,birank,405,20
3C63o6HDQNbIH46XpMn34g,7.798899841283282e-05,3156,birank,104,20
30vbjnJEGGpTisVOVU2tBg,7.798207506316457e-05,3157,birank,152,20
-YljbQMbbTC9jwn8kOLitA,7.792071090489349e-05,3158,birank,151,20
2rTCpBUN36jDhRxid_-Kng,7.791924800605253e-05,3159,birank,615,20
geMJbmX310M5VYe2f7au8Q,7.790678252652961e-05,3160,birank,61,20
i9ASBmmIJS3RjN_UP-TtKw,7.7878457398477e-05,3161,birank,561,20
q91Nic7yJuEAYbKzX-vKcg,7.782056535454658e-05,3162,birank,104,20
frcuwzlHS2BevSEjZnGsJQ,7.781574500705266e-05,3163,birank,174,20
jgJXtO7dJvMcWL4ERbS4jg,7.77200604717944e-05,3164,birank,53,20
nGFWg8F1dvDW3iasvyOEBg,7.77151096642281e-05,3165,birank,29,20
N3_LDzsfR0Xai9CCI3pUsA,7.77151096642281e-05,3166,cold_start,18,20
Yc5HxVlYhixshqzTePwLpQ,7.767269302602776e-05,3167,birank,67,20
cOSAFwj3NiEYFQpgheCygg,7.766211620446564e-05,3168,birank,81,20
PwKi85QvANOTcb2f5eHLzw,7.765459667477873e-05,3169,birank,35,20
to6wzDW0qBkrY6zttmngZg,7.765459667477873e-05,3170,cold_start,18,20
tsqyVhSaI72JTNpy4u7QGg,7.762145952692024e-05,3171,birank,61,20
e8PPDsGG6zLe9qV6x7B6Qw,7.756067085740345e-05,3172,birank,73,20
N7jHHDEUtww0YHgNLWcOMw,7.755473690734941e-05,3173,birank,41,20
lgSO-bzx0USaPe34zdLyCw,7.751774600116332e-05,3174,birank,608,20
4v_upx2yfJNKvpCYJqbgNQ,7.746899565990202e-05,3175,birank,95,20
pxj9d7QlRzR-bF4rJFCRhw,7.743009076149958e-05,3176,birank,219,20
nBr6NgqcZz1GhtAngU0RSQ,7.734426071409567e-05,3177,birank,20,20
NNi37vwG9SFX_Wn4oEJ1xA,7.734426071409567e-05,3178,cold_start,11,20
5n8bFTaTWsZwb2rgOQsDEg,7.734307536770438e-05,3179,birank,47,20
wwneev53BfrW7iVuS4pzrA,7.732946337343225e-05,3180,birank,77,20
g-0-_hPz-yr_f4gBFbX2Ow,7.729891040309856e-05,3181,birank,55,20
AU5C7IX0mogLK32u2EEOBQ,7.728387148691094e-05,3182,birank,125,20
wH94vFPKNVtBmQX5c7AfRA,7.726582274829465e-05,3183,birank,131,20
6LFhb-DEcVDnG3HZfHt1Qw,7.725751133288103e-05,3184,birank,58,20
a9K3jxNUUe6jr1uh8FsakQ,7.724275353656891e-05,3185,birank,121,20
mPd-C_r_ElrhJWfeH_CMTw,7.723616323983153e-05,3186,birank,136,20
eZfhvDdol03GkF6PaFWO-A,7.721600745780223e-05,3187,birank,57,20
BSKzmE_KCDGHPXQVR7N0PQ,7.721167449038461e-05,3188,birank,64,20
soaZ7_oU7xcphlw6gpWblg,7.718672044183739e-05,3189,birank,431,20
F43ox1eEedpvt6968xp0sA,7.718223737100048e-05,3190,birank,116,20
jz_EhugSzDAWhdiClA-jZQ,7.716277263953099e-05,3191,birank,341,20
5D-Gjagh385iopO3xqjjIQ,7.713598458616275e-05,3192,birank,82,20
shIAkjO9IFa4yTM5EENPTQ,7.709567288222175e-05,3193,birank,177,20
2sGHOKjHl5S0iqRDTmNgMQ,7.705362431276439e-05,3194,birank,290,20
vKZC_4qYGyAHSXkalLVSVw,7.705132851761042e-05,3195,birank,41,20
Wbj2EbQQlGgYpFjJZVTAkw,7.703785292850177e-05,3196,birank,83,20
dMoc-bvAjAjH1TLd0GFbDg,7.70332453169568e-05,3197,birank,48,20
JkJ9Ui_55OyXI04L6JOpjg,7.701518254305914e-05,3198,birank,72,20
LeKuQhtH9wEA694eW9KE8Q,7.700230095896092e-05,3199,birank,106,20
eLomxx0tnJJhJ9wPcfUVvA,7.698681686864386e-05,3200,birank,79,20
uIUjRtUh8fsoczFL6ttWYQ,7.69739230971101e-05,3201,birank,150,20
sSB94mIBt36jdFdKisK8Sg,7.696521246869835e-05,3202,birank,216,20
O8dpGAUDpHI1ObEuXNf4OQ,7.685981477158472e-05,3203,birank,41,20
WazgWp2VRP7jBiltq8tnyg,7.685435346712454e-05,3204,birank,59,20
NQbGOi0OUWt_-ra_nles0g,7.683151952615788e-05,3205,birank,49,20
wP7GPGHVd79vx92g9QJclg,7.681775871623961e-05,3206,birank,338,20
UiEv2cjyNN3igsE5kv0wCA,7.67867647317489e-05,3207,birank,96,20
Kgxmyd6epSRqTJGl8EtEwg,7.675593931676755e-05,3208,birank,932,20
3AzAhjuSaZQSvh6rTh-XEA,7.67511397741799e-05,3209,birank,53,20
MCxXobDMaNDCp4lwzUIlNw,7.674645832493864e-05,3210,birank,232,20
LK58peZTR54sYsISrTo0cA,7.674081593562867e-05,3211,birank,132,20
GE7eT64EHR6udOZUaP3yCw,7.672536176212128e-05,3212,birank,119,20
cZqYh_HZB7pS8N7cQkIw6A,7.671351471406101e-05,3213,birank,61,20
USakOUYTZZj2_hWfo8vGzA,7.666952666785061e-05,3214,birank,145,20
INnL20cBKWr-XFs8ROH2ww,7.664848703044024e-05,3215,birank,194,20
DY2MwXiena93u6JeI7Th_w,7.66458211262714e-05,3216,birank,741,20
H-aGBiY6wjLAppMcAk9Qrw,7.66272722118092e-05,3217,birank,45,20
s2cSf1IV8t8FtrbK3MLc5A,7.655614474256997e-05,3218,birank,98,20
a_gAQfVy9Op95AGdZ7PFXA,7.651640570501214e-05,3219,birank,80,20
zVvdqWz7_qjJf3X87Yqp2A,7.651593544616422e-05,3220,birank,546,20
nTq_BaEGkIjTHhKvnuc4Ng,7.64946654873766e-05,3221,birank,129,20
dwkI0-b5PM2-yn-v7j2Agg,7.648365085185785e-05,3222,birank,137,20
TZvtPXSYAjMFe0-ddll9FA,7.638352286810664e-05,3223,birank,274,20
LKLm4SgIHz48rQYlBRuaHw,7.634015035832425e-05,3224,birank,146,20
WPyR3UrtsAkHLlNWqU-hsw,7.633775987011705e-05,3225,birank,152,20
4tgm6KADoZz_hbukxqK7sA,7.632256572914279e-05,3226,birank,185,20
kjnEPxEUOUqO91ERPP2IVA,7.631860660218565e-05,3227,birank,100,20
-ud6EYu7o8sDCH2_zyu8lQ,7.63138787880428e-05,3228,birank,199,20
yTY4Mtn9eNUj35mj452DMQ,7.630758910897051e-05,3229,birank,30,20
yfL0PSbSPeOb5QQ5uvGjrw,7.630758910897051e-05,3230,cold_start,11,20
DI6eQxYSWVwQgvPCgwxAUw,7.625112162640972e-05,3231,birank,63,20
yPXqCvd-I5OEs8Lep7sigg,7.624823167687046e-05,3232,birank,69,20
-k1iNvlyQZkZ14Hcqzlk4Q,7.624287186445946e-05,3233,birank,41,20
eiSpDSqykFUhKI6-7d9qEg,7.620806054107392e-05,3234,birank,98,20
i9_2zZZAhQwzFe1Pk3QnXw,7.620436617404302e-05,3235,birank,62,20
Z_KNlr8cLxDSPUB055MgOA,7.616790595613348e-05,3236,birank,684,20
k4WBufHPsiz4HgmT_gwK3g,7.609621039550168e-05,3237,birank,444,20
YMtSZKXAFVzk0IEdNG9zMw,7.607634356861377e-05,3238,birank,120,20
ogbVNDA-sYfO7oX0KzqOCQ,7.607544840200173e-05,3239,birank,149,20
7YiLEuHuUONZrMPT0OxXUQ,7.603292067878796e-05,3240,birank,236,20
7Hl4TcFcgdW2-TR-mhk27A,7.600575458086338e-05,3241,birank,170,20
zi5cMfvS1imWog3TFfuFnA,7.593627959745371e-05,3242,birank,107,20
CMOQNufxczaYp1dtxXC8Kw,7.592669442991914e-05,3243,birank,1062,20
vHAO6KAlcvt1dpIWVkFdCA,7.58814009933586e-05,3244,birank,116,20
CQkbjIY5Jb9qJyHbTADMDA,7.580033261829079e-05,3245,birank,106,20
-v1Ia8G_G00SuygAm6koUg,7.577020344144507e-05,3246,birank,768,20
b92a3Va0I403KTaZelSdHg,7.569550152086512e-05,3247,birank,48,20
4sOLSCiwSdHhzcXC9Sd0xQ,7.563578318921398e-05,3248,birank,52,20
sX43wVVJVvrxSR0ajvc2ZA,7.562937772292213e-05,3249,cold_start,14,20
td_BI5T5qP01T5QfD4j3Sg,7.562937772292213e-05,3250,birank,27,20
QDIayj7bwqoH-rrBfbBZBA,7.561222342132313e-05,3251,birank,420,20
Zq4zFbPCaU_vFw4-DAuwzw,7.56063539731049e-05,3252,birank,269,20
sSzqY2DFUp40XxLlR7ZmNA,7.55869878884028e-05,3253,birank,154,20
1qHkyWDixBqIE_SH4fuCXQ,7.558204215071334e-05,3254,birank,39,20
A5ZgUhlg3XEbm46SDiZwhg,7.557361395370103e-05,3255,birank,49,20
V8CiwDpGxTrtO10QZnr-Ow,7.552127948441818e-05,3256,birank,74,20
7UWUdyMDyfFFaKA7-ga8EQ,7.549098265750739e-05,3257,birank,93,20
G7g_qBWenj0McEQW1Nua3Q,7.54584307932562e-05,3258,birank,84,20
D1s6HS9bAYRENT9N5QQodw,7.544967985080539e-05,3259,cold_start,15,20
VkcFsK7_D9qbjnzoTqdQDw,7.544967985080539e-05,3260,birank,28,20
ub8HSWJPsD_CqImzCehrZg,7.54408118236109e-05,3261,birank,29,20
yh4OvNj73ioPYPhJv6MNjA,7.54408118236109e-05,3262,cold_start,18,20
eaKqicXSSjHstoGm6FQ_NQ,7.543237268144857e-05,3263,birank,166,20
9shXDmiEvRLgD93R6KlPNA,7.539721544778687e-05,3264,birank,162,20
58Vd48_6D1Myd_M1xWepJg,7.535899408635507e-05,3265,birank,328,20
jXb9PQf1Sss5ukgNVB1a1w,7.534231431380802e-05,3266,birank,70,20
-AanHawaDlzWHQjrqRRWig,7.52749250221563e-05,3267,birank,203,20
PHdkmST4x79cJIiweKP65A,7.526765374645895e-05,3268,birank,150,20
S7Cl9gYqaC9jlw32yd4_Yg,7.52503600898483e-05,3269,birank,1234,20
wM4Zy0_yibPty__-WMiSSQ,7.524427299482168e-05,3270,birank,121,20
BvpSIYibEitPN-SH14I9yg,7.52359658098758e-05,3271,birank,64,20
jQ2yK-xIOvoxeM3lIJWMdA,7.518826342390026e-05,3272,birank,58,20
rShPcpEDUniXVAcC62FrVA,7.513100844198623e-05,3273,birank,37,20
OyiXfvA4VY6zpK3itsAmjA,7.513100844198623e-05,3274,cold_start,12,20
hH4POQ9ly9VmHgkpqMdOFQ,7.512453768870943e-05,3275,birank,67,20
7DqribLH6y79TLf0VaxxPw,7.510530272358014e-05,3276,birank,152,20
pMLv5hzklGgcNMKr4xnhbw,7.504875738774038e-05,3277,birank,111,20
Bo_TnA3HGE12c7vJ91UCBA,7.502735224121979e-05,3278,birank,63,20
G3EW13G66ISs6L1xhDXdNA,7.502298665543498e-05,3279,birank,123,20
K1h1Cwy1VSGdjKuw-GM9Iw,7.500624647967278e-05,3280,birank,116,20
1Jo4UC0YNPoPm9Gfur8tQA,7.497280059281923e-05,3281,birank,62,20
xqWUMFEEbQla7B8lbUTrlA,7.496471759354591e-05,3282,birank,1080,20
aQC_87xrNXm-K29ExZH4qA,7.493857505851469e-05,3283,birank,91,20
65m_3aPnCbDjm8nOd5TrQA,7.491018563722788e-05,3284,birank,63,20
wwcqbb78SGqWSdzbq9j-Ww,7.48806430503739e-05,3285,birank,183,20
hdVqM-QngiiLRaMOvwXglQ,7.484409555291487e-05,3286,birank,77,20
ByEfpxv69HFqBYU3_r7HtA,7.480680237406751e-05,3287,birank,109,20
bMjwZOISK9cnnF8L5jojDA,7.47947629656774e-05,3288,birank,1071,20
pOCjLcWQskQjRPi6zdLvAw,7.479200785871289e-05,3289,birank,62,20
aA8_o9e57ey9QX5Nw4WelQ,7.479069912784007e-05,3290,birank,354,20
QwwNjAyC5I8inmb2lNYrAA,7.476196978029953e-05,3291,birank,127,20
TJUALKgDgyGaEffzmJ7WoQ,7.474908321333157e-05,3292,birank,552,20
asbWAc2-Tu6hUf3f21-e4A,7.472106502759998e-05,3293,birank,96,20
YibYR4ssX-rjTY0JRjcFqQ,7.472035244869165e-05,3294,birank,82,20
bNBi-RVlx71bugXY0GRLtQ,7.470420859069385e-05,3295,birank,61,20
thex4QGdkbLms1mOdlSkiQ,7.464309320161943e-05,3296,birank,111,20
5T9jV-wah1mHwKl-MQ5JmQ,7.462442552888258e-05,3297,birank,239,20
eOdJgsNyROi8TDV-F-_juA,7.461640382159494e-05,3298,birank,36,20
dms2DI0DgFicvwLPlELlKA,7.461640382159494e-05,3299,cold_start,15,20
vADvPGRUDVpVdeprVoidHQ,7.458280090402023e-05,3300,birank,59,20
cAZzKens_VhKXw002XfJgw,7.457142541158161e-05,3301,birank,113,20
Ks3uMmqFr8b7RLsidq1g_w,7.4558462043478e-05,3302,birank,316,20
lra78vwjx7YDfkoblGurEA,7.454040104244733e-05,3303,birank,179,20
0Aov4WvC_3NErO5JtmoJtw,7.452521802196739e-05,3304,birank,120,20
Xob5FlJ_HINMHAzmnfcu-Q,7.448824402805377e-05,3305,birank,45,20
fiEOkqKETWUyQ6OkeM_F_g,7.446901887262356e-05,3306,birank,50,20
mwEZX3sq5gvUTGzpm-E9Jw,7.446777462003868e-05,3307,birank,160,20
J1YFY4tPH3JmwfM4o0p_Ig,7.446709724617329e-05,3308,birank,124,20
chMQVujO9guhdS4saUXAQA,7.445245181406095e-05,3309,birank,30,20
MRV9lLRXThjcRYEAmUl9Lg,7.443952921250914e-05,3310,birank,61,20
mvL5FhxCmZ1Im8lFgMu4fQ,7.441962989045033e-05,3311,birank,80,20
QdzVXx4rzlEf_6ERBWEjmQ,7.440934200775046e-05,3312,birank,85,20
8zBmf2sXiiCl1EuztLWNhQ,7.439925566938233e-05,3313,birank,799,20
tVNP5Ap6EAypgwsiPHWW2g,7.439615196334823e-05,3314,birank,231,20
ubRXFSsER3_MYb4BmvvnLA,7.437467794259055e-05,3315,birank,841,20
F-L_qhgCWukNYwjck9vwzw,7.434174679749151e-05,3316,birank,49,20
gJLJgXz_1pjnDuHfuni1jA,7.430686090391123e-05,3317,birank,20,20
IgClD3lC-gRhrUlKaUtH1w,7.430686090391123e-05,3318,cold_start,17,20
s4aArjOavl28bL5rPQRhRQ,7.430313181540521e-05,3319,birank,493,20
Mm2ezriGaCboSy3FuX-WmQ,7.423624992452864e-05,3320,birank,91,20
EQ9RsmozHxm-q1dEgILAiw,7.422054877150208e-05,3321,birank,532,20
HqOdvnCuA5SxRiuf3lNgig,7.422041821558188e-05,3322,birank,264,20
6wzg18gopOI6tnj-7ElgMA,7.417784902547217e-05,3323,birank,122,20
vNLLqMsUUb08N7wFFK7AYw,7.417020037742043e-05,3324,birank,42,20
1ODxVllpi7ANEq9Ngqb5cw,7.416426133384488e-05,3325,birank,73,20
P530pEUtDTWljOAoSyaaMw,7.41544928265195e-05,3326,cold_start,14,20
C4rnMUEKJTE29QhZP9QZWQ,7.41544928265195e-05,3327,birank,39,20
tJxrkonV5iuVZUNJev0jWA,7.4148806794967e-05,3328,birank,141,20
Luc4Zxqua--lv9SLErxuWA,7.414023715994804e-05,3329,birank,225,20
y_7L0twQeuce5heUxXKzww,7.412442497984549e-05,3330,birank,69,20
pkijCGbVI1KRpQKqST1I5w,7.411900686116265e-05,3331,birank,81,20
lSfC1z4mUX_gyDujuB-3og,7.408073998313222e-05,3332,birank,167,20
0l_njS4wGMadAk1b4nZRUA,7.407581657406398e-05,3333,birank,393,20
Isaf9-x5hdXWX0cvboGTMA,7.400321049090966e-05,3334,birank,99,20
t0T-rQQ2wLJ-9_MEhSfRtA,7.397440541334464e-05,3335,birank,51,20
AefQvASk_wyVDDXIlVoWKQ,7.393756762520332e-05,3336,birank,64,20
c-CAcdH2-12g1sQUQfy5xw,7.392457134483198e-05,3337,birank,125,20
tueA4ip6XgUhHRGG-2-EJg,7.39103009493815e-05,3338,birank,243,20
r_UPGh9GHMyBhPVMKVxRuw,7.388777815690066e-05,3339,birank,94,20
BiJx6ZmX-JIjYd3FWSCJlQ,7.388332388862532e-05,3340,birank,128,20
vkrNaPsYX37nu8ndgFxLxw,7.387216115306191e-05,3341,birank,190,20
zSEqhlaHqY8sIDxznturEQ,7.38273811852291e-05,3342,birank,45,20
UrB8opztqsAB_0ZyN3MnFQ,7.373266495504841e-05,3343,birank,44,20
3tdQCw6mdSTHMNTV0iyX8Q,7.37128892005271e-05,3344,birank,185,20
Uu7jwsfsaU-VJrV8Kpb4uw,7.370759819095954e-05,3345,birank,359,20
h4VyN6sZLqgJ6LBp0P6VPw,7.370339408913347e-05,3346,birank,548,20
dF1064EcYXPcJ1ENvLN83w,7.366410494326137e-05,3347,birank,284,20
woNKqqAki96qvJX3JONQfw,7.365737851595704e-05,3348,birank,135,20
ogS8iBWPsN0BsaTjYqXMew,7.35696425269963e-05,3349,birank,129,20
XTcqhIF7Rfm43aHzJPXT_Q,7.351239344672355e-05,3350,birank,193,20
wx3W6sRXMC1IPWRaw4Z2EA,7.347502597862784e-05,3351,birank,77,20
MYVWCT18urcDDPl7nJ5cFg,7.34540090648804e-05,3352,birank,48,20
gurR2NBF1RA-l--XLYV17Q,7.345094316295698e-05,3353,birank,95,20
rtbL2Avlp5BFs-7mH1d4Rw,7.341040861251053e-05,3354,birank,81,20
SbhE1Ns2EQ_ROA0qsR0dfg,7.339090059396004e-05,3355,birank,869,20
e8bOuDRCsHOb5IqQrapT2Q,7.33709538842064e-05,3356,birank,188,20
MFngbjvbrLnLl7j-zBO2sg,7.335975343377278e-05,3357,birank,184,20
i8u6G-4FdqejdKp6hDUhow,7.335716696913825e-05,3358,birank,86,20
cM6V90ExQD6KMSU3rRB5ZA,7.331034771071387e-05,3359,birank,233,20
d9sE07OtqGEbOzooGTAFFw,7.326395884823022e-05,3360,birank,145,20
H0unmI-lJTazbPh-Lt6lBQ,7.326233119921895e-05,3361,birank,134,20
KC49N2P4g9_EJ-NV7vE_8w,7.319760731914152e-05,3362,birank,900,20
WP3W43z9Dryyunf8J8YhFQ,7.318148440122439e-05,3363,birank,41,20
V8Xloxz2ozwBHCUSu0QGNw,7.31798335254079e-05,3364,birank,320,20
rdDC5Ts8NZjuGHJn4bqMAQ,7.31696487059016e-05,3365,birank,98,20
lbtx0YX6Hj1F1WEv-QQjbg,7.316898965609861e-05,3366,birank,226,20
GUmO4BEWjerirhEzceXDWg,7.316339645257722e-05,3367,birank,50,20
xhmgQtl9gooBJybCuXBZPA,7.31485731325565e-05,3368,birank,304,20
Y7zk7-V3_K8Z4NUryPYJww,7.311996570161679e-05,3369,birank,321,20
5cvVmZYhYr1P0ot0ed2lJQ,7.309667716658563e-05,3370,birank,52,20
lzedq7Zh55nISP3z8RAw5g,7.309097641506852e-05,3371,birank,122,20
2jbu_xi_FEghI37kPG5LzA,7.308516581143749e-05,3372,birank,54,20
iFunuVzrg10UesZvMPCHHg,7.304666729729728e-05,3373,birank,480,20
bc3K8KvLkLNu_XU3RkeeeA,7.303578468590101e-05,3374,birank,53,20
8n86Y8qTud6kcHgB1615OA,7.302069141894936e-05,3375,birank,418,20
OTBWyXkNsBYHqIlXJXnEDA,7.299664138696007e-05,3376,birank,413,20
6oeFoOXBcembgDTExuYYww,7.299107849174527e-05,3377,birank,65,20
bqJSblRnV1Qf689lxIFBiw,7.293376111916269e-05,3378,birank,224,20
M3el6wWmdwyr9XQEmnGXWA,7.292240402496851e-05,3379,birank,310,20
vnEwE9OVCdQbXAJDYcCh1g,7.285090633365564e-05,3380,birank,367,20
ExfSwwCB1zQ6ZGd_UQ4wYQ,7.284668763954178e-05,3381,birank,588,20
KW2Ma_0uVm7KmBJhMI_yFA,7.278106594931565e-05,3382,birank,124,20
1sZKO790Q6C4aV9PKmtWeA,7.277638806991794e-05,3383,birank,719,20
0PxMeIT6Tj1MH2jip5spMw,7.277497497057521e-05,3384,birank,95,20
H4eTwVFJvjCL0asz94CSTA,7.271999569458007e-05,3385,birank,108,20
Q71q-s-BDPn-WCic7lMLtw,7.269597103103383e-05,3386,birank,188,20
-8uatt4iWxUproNMOd1srw,7.267825425752778e-05,3387,birank,66,20
34x_Rkwd4UAcKuHyJui0sg,7.25750987393659e-05,3388,birank,415,20
yefPoFFKlR9xHTqlAR_BWA,7.254913008608483e-05,3389,birank,61,20
IVzCqHRuvCIeB5Ma2fOaRA,7.254452918849072e-05,3390,birank,296,20
waU0sq7ThK4uY-30YZ5h8Q,7.251676454672744e-05,3391,cold_start,18,20
kD_NwNmRRbauKge70VUxqA,7.251676454672744e-05,3392,birank,39,20
0L23LpzmR-kRsuIr9-zEXQ,7.248397332295266e-05,3393,birank,91,20
E38acoNEJDP7A8Jqpj21Rw,7.248174428567598e-05,3394,birank,68,20
QAB5tp1anXy-tJxtj6Pwsw,7.24503945653532e-05,3395,birank,84,20
m0FGtr2iw-0adkyVHsI0Mw,7.24455959105969e-05,3396,birank,553,20
3PCyMo-Bj8OJDUvIlx5jng,7.239878024713465e-05,3397,birank,36,20
27x17_lW-rawrzv367mpNA,7.239878024713465e-05,3398,cold_start,14,20
ukQX8e7o-DDRglKdF9fk4g,7.239607808392968e-05,3399,birank,456,20
3qZiXA_i4eQ3i4_QXvkhPA,7.238909841511154e-05,3400,birank,132,20
FrkGJp1WIxpFFT07Qbos5w,7.235612792739316e-05,3401,birank,80,20
03an5ytHalUpCjfN8vcjRA,7.231137760268957e-05,3402,birank,143,20
qPPE4N1zb-lQfAV-Zu15CQ,7.229733589930414e-05,3403,birank,286,20
vI06_INa6NT0HA2rCXZX0w,7.226825428019782e-05,3404,birank,47,20
Ui9C_egCZ2_IfptxU4tAiQ,7.226466764370567e-05,3405,birank,79,20
RFTz_DEyA1PZANcF1rQYPg,7.226282619049864e-05,3406,birank,110,20
BrtXtNgpCXjcyCKqLW3jPg,7.225664287966645e-05,3407,birank,125,20
lTqAGjcQHeY3eTXBTIcvkA,7.223817560151497e-05,3408,birank,81,20
9lRGG25YSg1-HNR7StNC1A,7.22309635242469e-05,3409,birank,153,20
hkzC9Zje7rFffF-2ac6Vdg,7.222878153973748e-05,3410,birank,146,20
O2apTti9QMFHWkRPeo_JNg,7.222596117222122e-05,3411,birank,114,20
vE8J5mGtFYPF1ya0SLOshg,7.217665988947536e-05,3412,birank,137,20
fBNAR1lquwEEqruuR16UqQ,7.215538077092772e-05,3413,birank,25,20
F0fr6X9CPLarpzO-zJ9aMQ,7.215538077092772e-05,3414,cold_start,19,20
SSngoZZUm4EwQ7DBCsKNFA,7.214619392971373e-05,3415,birank,82,20
JrlYnMIFLq2NWLk9EbM4AA,7.214377423592211e-05,3416,birank,100,20
fZ2RkIwoDCcODCOyoBTplg,7.213997424933242e-05,3417,birank,194,20
cxHhdkZ1dQPyzno1oBdDxw,7.213617628942569e-05,3418,birank,86,20
SdZ9ldwNbAOCf_DeUMN4Ng,7.210491747370184e-05,3419,birank,199,20
-NvYIxTY2R3vzzSmvRKVLQ,7.209458874329101e-05,3420,birank,161,20
-85kJMtb9wqNWDT8yLbitw,7.207711098533649e-05,3421,birank,433,20
2xvxGJu9rWdhZ7AheiOheQ,7.205763854784892e-05,3422,birank,115,20
m7DA8pzug_TcB3EBs1w_vg,7.201163914996842e-05,3423,birank,135,20
tJRqP1scsqrDatoAoD_DTQ,7.196795761544707e-05,3424,birank,53,20
H-6Obgfximh5vDpgWGlHlg,7.193606250199377e-05,3425,birank,852,20
qpgkWql42qgW095udiCLYg,7.189762222460046e-05,3426,birank,154,20
v3cbEy9tUWqeVVHQM5ZZ4A,7.189224667198988e-05,3427,birank,77,20
5mfbqMGaexZBtjLOtF9usA,7.183214136276062e-05,3428,birank,48,20
i_KiOo7-DM1ZPnyOXgwgrQ,7.179655427756218e-05,3429,birank,97,20
-M7wzxpUsdSkQd9PDGsJWA,7.178621079190442e-05,3430,birank,160,20
_3VCzu9a79nrU0YA-WvUCg,7.177751682669907e-05,3431,birank,163,20
7Kv5lFl-skksZlzTqJpnmw,7.177073700579266e-05,3432,birank,62,20
cbimTBHAiibDpq8O6mP4VQ,7.176466993741109e-05,3433,birank,96,20
WfjsGrbSIswLMwGtKVNcwQ,7.174352254500062e-05,3434,birank,154,20
4zYssmZqA-P75QaFWYtigA,7.168045849033586e-05,3435,birank,59,20
PH41qdysinGhW9iRqQxqcw,7.165406078709105e-05,3436,birank,138,20
dJffXwctyNWkW0m0jVHE7w,7.163568231422658e-05,3437,birank,47,20
523KdtGRd_sx5YBRfvDJLQ,7.163447048463851e-05,3438,birank,134,20
3D0bjMq82o92hQylTEkDug,7.161288769562196e-05,3439,birank,60,20
sYKSRIQ1jrI9sYqbNXBv1A,7.159910537205446e-05,3440,birank,92,20
9WOuyt0MWs_Lvr7NZBK2oQ,7.158704620210057e-05,3441,birank,210,20
C-zgOpqD2K0xDJU4ty7zKg,7.151787470230122e-05,3442,birank,99,20
FSxREGXCZdsh5wZhOcay8Q,7.15051820678168e-05,3443,birank,170,20
GqE-dUBnMmvJz_3REK6Ykw,7.150077056100403e-05,3444,birank,178,20
xCVncT73OioOAC9Adt1a7g,7.149803210065879e-05,3445,birank,119,20
kvRjzneD1FWh4Szb-trL4A,7.144242527214222e-05,3446,birank,120,20
AJoWmj-UR1NBB6oSNxP_TA,7.142806837803901e-05,3447,birank,66,20
HIkgNCI38ga0NWcbmDqzWw,7.142784753514213e-05,3448,birank,126,20
RW9kgSc3ijbmnayAlVHzGA,7.140532276667134e-05,3449,birank,96,20
LA99Dl-b9r1nKIZ3gKC_og,7.13995859499773e-05,3450,birank,96,20
H_JO3CNWRTRHmstEyvb31Q,7.137718283439643e-05,3451,birank,208,20
Y9wxA_5Mwnax3dTLTXxEZg,7.13675902988199e-05,3452,birank,81,20
gvA1QnLqzt7QwuAmDyzbRA,7.13462831964053e-05,3453,birank,50,20
AM7O0cwkxm6w_e0Q7-f9FQ,7.129808897652985e-05,3454,birank,125,20
WZPCfTRiN4ipajP7gFfziA,7.129623175415122e-05,3455,birank,69,20
6UZfJmVt8O1kpYRjAUFU2Q,7.129424006268894e-05,3456,birank,64,20
qS6aoTPVBLl4yN3AB8bfBw,7.127932674052727e-05,3457,birank,44,20
cLTASgist2XiaBy6mnjubQ,7.121036634259526e-05,3458,birank,27,20
B0TP0GVKZKAi05p-sTjc6w,7.120463361900986e-05,3459,birank,150,20
QnFIWz-CgEVqQ8qhzFrl7A,7.116574985256845e-05,3460,birank,30,20
Aswic5AK0L2mYhbuE2hFVQ,7.116574985256845e-05,3461,cold_start,15,20
pcbXrSi22TkYvUTqkPK_IA,7.114724829535609e-05,3462,birank,39,20
jL3ooM74Zs2maDLKSLi5zA,7.114724829535609e-05,3463,cold_start,19,20
GNrZxUMFyBCjei_-gfVjjg,7.112777290095186e-05,3464,birank,121,20
TqE83vo_rs4h4EycnuLI6g,7.105512179761299e-05,3465,birank,536,20
3RRvxFR5V_p4NicI7DGVEA,7.102563579387912e-05,3466,birank,68,20
p1BPKxK3LFyy9lkXGA-0zA,7.101665235902638e-05,3467,birank,43,20
MkMTxMvbCPb4wehmDK05IQ,7.098893221346291e-05,3468,birank,100,20
N7wYxm84QtcqTJZfGWpxzw,7.098279925417004e-05,3469,birank,83,20
FKcQbzeClxbTAnAVJXx__w,7.093553192401773e-05,3470,birank,89,20
iOJze9_E17l6DLuIib4H9Q,7.093061121651555e-05,3471,birank,143,20
y5JFtXvdV9hUsRAZS9v2OA,7.087838160472497e-05,3472,birank,69,20
LDRLenZPm945wioD58pu-Q,7.084101071396674e-05,3473,birank,150,20
dc98lqGzBSpZZExT_LSiCA,7.080422550716956e-05,3474,birank,43,20
A_GAAY2LoP3RS1TIwHzuxA,7.073095580782646e-05,3475,birank,305,20
2JBon9dZPJLF8oKkxH7KCQ,7.067987990942057e-05,3476,birank,135,20
RVIDySg190UzD4bipBqSOQ,7.067335312083427e-05,3477,birank,166,20
rs2OZH_vIKgW2Zk59OnZ2A,7.065605793157066e-05,3478,birank,102,20
oyrz4wG_0cI2xStw8Ct22Q,7.062415301022925e-05,3479,birank,118,20
ZnRFh390K4vgTvbNKi59GA,7.0617974906874e-05,3480,birank,64,20
56x9PUm3JWKqmMsaeiAfrg,7.05996530950625e-05,3481,birank,480,20
lzx4AFxrByuVxgyZwRMYYg,7.059353711999837e-05,3482,birank,481,20
o30cpvfgxHr6NQ5pvSb0Qw,7.056912859547067e-05,3483,birank,119,20
YEIZTgcM95btX9n_ibeUuA,7.056370236786102e-05,3484,birank,89,20
zdG9d52hqH0JIk65LQzcaA,7.05628925044435e-05,3485,birank,98,20
AV2MB75oRvnbek1_td3kXw,7.055356827162912e-05,3486,birank,91,20
IVyJwu55f0s42Cg6EWr08A,7.054677330060909e-05,3487,birank,313,20
Ut7Mz_yPW4hZwunVm8FSYg,7.053051644346479e-05,3488,birank,36,20
b-lV7adri9ESsDIAGcP0Dg,7.053051644346479e-05,3489,cold_start,17,20
Cgb8x1G4mr79Tv2CZc7e2Q,7.051462398013832e-05,3490,birank,87,20
wcpL6sD6jKsBO0tbdK2KEA,7.049347476902945e-05,3491,birank,124,20
-6TttC-1-rf5gC0QHWrs_w,7.048912075386587e-05,3492,birank,108,20
1bngXk4GqyW6nO_TUUB4hA,7.047685874634286e-05,3493,birank,164,20
nXs1n8LOS10SpxfqEshFsQ,7.047182667248329e-05,3494,birank,114,20
kJiVGHWyW9lrIJmbdEJXFg,7.04591467261411e-05,3495,birank,220,20
KiE0h68HGOO7ZXAqkMBdiw,7.044663229963849e-05,3496,birank,506,20
xXAWWlpXGlDfgGzy9TTJIw,7.033253980387206e-05,3497,birank,268,20
cEx97JX_bRJS5Gw67Y3Vnw,7.02805389836588e-05,3498,birank,219,20
Cu-UEi18cdlereln29rdww,7.02345420334717e-05,3499,birank,194,20
vMp55ea__Pk0fYbBDCn6jg,7.023366671977104e-05,3500,birank,310,20
l6vfUuv9KRsCC7WV5he2gg,7.023266733231098e-05,3501,birank,68,20
Ukn2qaxEP0sbjoiwn2LwhA,7.022584514606623e-05,3502,birank,60,20
9ik4zu2353HJu9QMrVzOiQ,7.020278336102157e-05,3503,birank,161,20
1gusOUHcPCeorq8EHWZaKA,7.02000490299719e-05,3504,cold_start,9,20
6DBEXjqb2NEsdTX-wuXk8w,7.02000490299719e-05,3505,birank,37,20
jKM6u7Or-0C-UNWD2F8O1w,7.016611352341473e-05,3506,birank,55,20
6fqL0jlPqhj0j_--hF3HWg,7.013432162420252e-05,3507,birank,337,20
Xa71VM37G-SdRmGjc_VzCQ,7.013015813882598e-05,3508,birank,124,20
eX1E0J6uh8a3oVazer1_yw,7.011203777954414e-05,3509,birank,114,20
j39XNl7bqQ_zSaHimsyBpQ,7.005041319364374e-05,3510,birank,92,20
ZPd6tNapV7y2AFh1RO2WBA,7.003946229303484e-05,3511,birank,48,20
Mt85lqOEbMxKiokcnvI30g,7.003946229303484e-05,3512,birank,63,20
qAwhPrxjEuHjNY9h7X01YA,7.000958913319576e-05,3513,birank,89,20
4BC4bMlxww-lMgmYmZsQvg,7.00094641706684e-05,3514,birank,66,20
tcDpEgmd14W4szC0DU3Pgg,6.997758947247544e-05,3515,birank,104,20
WRh6AOkXFl1qtnlCYUUQ6Q,6.99575427356568e-05,3516,birank,92,20
hBqXAVtrMcjNBK-OiDOblw,6.993134888944635e-05,3517,birank,121,20
6cswuD0Qpsyy0s9CQEDHRw,6.986241676310751e-05,3518,birank,119,20
awVOmVnJj19k6fumwfih2w,6.983990431757814e-05,3519,birank,309,20
7tnOEAvPYk2C5M41GEy8PA,6.976482531639692e-05,3520,birank,23,20
VsNS62YHca28ljYbVXp1lQ,6.976482531639692e-05,3521,cold_start,19,20
woJ6EMlZtBtpl8kG7aoffw,6.97179634547779e-05,3522,birank,122,20
akXpyB0xk_woUvqnWiAE0A,6.97105473917665e-05,3523,birank,62,20
qAYmjp2zObRayfpYVUN-HA,6.969586168942853e-05,3524,birank,77,20
sDi4t17ttgcIVZqd48EECA,6.96514586557989e-05,3525,birank,181,20
L8rhRyXtpq2nCE0il1KN_g,6.964802602758598e-05,3526,birank,86,20
urqTD_JA6CphlyU0I-AyKg,6.95567029345485e-05,3527,birank,62,20
4fKGv-3XMlxv_vuiFbuwLA,6.952285987543225e-05,3528,birank,129,20
N4xmF_96VDb2bRPpBu_O9w,6.946103936613788e-05,3529,birank,659,20
uqc5jOWOiPLTPibyy1yI4g,6.945785252409529e-05,3530,birank,136,20
LuPs7eFsixV6OIGwsNUZug,6.94332086504555e-05,3531,birank,44,20
G0boNJD6u5XtkoAMY2-z1Q,6.942410921948651e-05,3532,birank,73,20
ZKgCoC09-92hZAvq6CgbuQ,6.941607596987227e-05,3533,birank,109,20
Sg2i4zlCcsGUlh5TPMz8uA,6.939257610922036e-05,3534,birank,195,20
CBXly4YEShOzxA6524BE3Q,6.936582294088934e-05,3535,birank,25,20
ABSiUVpGvn4waVJkLktMYg,6.935755873324303e-05,3536,birank,149,20
fZ-VmEkeeY5_zHLuN9xHiw,6.927594242984802e-05,3537,birank,76,20
vQMcJ0hvM--o9qPYFn6Xvw,6.925066940123777e-05,3538,birank,305,20
s6nOfGZJpkZ3JplCO9lGiA,6.92445677514131e-05,3539,birank,715,20
3URe59CYXngnHN0OgbMDWg,6.924428937473167e-05,3540,birank,83,20
xdpMd5zgtnigfU02w6Fs_w,6.920999060771457e-05,3541,birank,61,20
LRcDPus5f9lm5luwI293yg,6.920362228403396e-05,3542,birank,112,20
pNf55jk_wLt8KO6yuz70MA,6.913530491862642e-05,3543,birank,337,20
3WDy7uo8g3bR_4IyYLXtWg,6.912795258389077e-05,3544,birank,180,20
igrDOacqMn7mMn9ARiX5Og,6.911257296662724e-05,3545,birank,125,20
pl5Aa-czd1t0eQBCCFUfTw,6.903747635632232e-05,3546,birank,59,20
PvA1O9wk9YlrYkIZiuztXg,6.901153641558634e-05,3547,birank,53,20
t5Ca7rn3NsjfZcpfbhRZKA,6.899591759512469e-05,3548,birank,176,20
I7aGADzGs2kL50deE8BQTw,6.897454579378935e-05,3549,birank,111,20
XjST6nGKZ7K_Sb6wKfCPDw,6.89718670953325e-05,3550,birank,134,20
NOeEa5aJpUF38qxi2Bj5Gg,6.896259463553306e-05,3551,birank,1071,20
uYrw8JU3qLBMGRlcMoXG-A,6.895494327807824e-05,3552,birank,59,20
1tm-CQ4-dFxY03fAScQ01A,6.895137382463151e-05,3553,birank,115,20
jtcsbp7trZmXEIaClV7waQ,6.893411853504079e-05,3554,birank,73,20
Ok0y3WvijsjmUpGAwlAZOQ,6.890489775216112e-05,3555,birank,148,20
WkV5EyZNtRQOw7eurJ_Fdg,6.888825209087588e-05,3556,birank,70,20
Jn5nZ0b-cdBS2xHnF4msug,6.888058227658213e-05,3557,birank,54,20
NHdLFG6BdE8ddddML0nyHA,6.887176838513465e-05,3558,birank,106,20
GcJsCFzqvVVwydvBcxmJIA,6.885616609311403e-05,3559,birank,131,20
oEAnZPD8Z27Us5SEGgqHTQ,6.884082555010397e-05,3560,birank,213,20
eLcW0vn5Nu8yTS_ebV6a7g,6.882926720343378e-05,3561,birank,208,20
zK2OGhkJqMj4pZsbSckSwA,6.881976909251745e-05,3562,birank,127,20
Ze5WMI88GQGZCA0oOOqPbw,6.878606318361282e-05,3563,birank,73,20
hxB3ChW_IENkzAn_CyVnZQ,6.876173128124095e-05,3564,birank,236,20
262dmM9ixxYp5K5UdmuaCw,6.872652152596132e-05,3565,birank,810,20
0Jw_Q5vH6phmYxesX9jRUA,6.8716057368138e-05,3566,birank,44,20
LLx6iXXDWz205YXs6Puzdg,6.869947588225557e-05,3567,birank,194,20
j76unyU-BZnZQjOMRb2ldw,6.863663157522015e-05,3568,birank,119,20
wCml58X_fTAbWXVLTQY_4A,6.862906928359558e-05,3569,birank,87,20
hGy3actugEISbvEGQeMz3A,6.861363553761299e-05,3570,birank,61,20
mq4iu4S3FDvX-z59hGzpqA,6.86054158325168e-05,3571,birank,145,20
w2_KbhAWZ42u3ea_lPh1Tg,6.858526775293463e-05,3572,birank,110,20
XF1P01OV8o_tB52oo36_ZA,6.857106868671783e-05,3573,cold_start,18,20
YtKb_4jugA6VQaTxtQv5nA,6.857106868671783e-05,3574,birank,30,20
C9PVoSSpmncXgzmAKuLr7A,6.853896511666242e-05,3575,birank,55,20
3w1bNySoemRzRVvh4k0spQ,6.850930480472438e-05,3576,birank,102,20
hpTU_2MMC9mtWQGq5Jr3ZQ,6.847852033489723e-05,3577,birank,135,20
m408YCnvuIywzZkJX3K9KQ,6.846100604836814e-05,3578,birank,112,20
4lkbbB4y_kaoPdDxq0F3Hw,6.842262989331127e-05,3579,birank,484,20
27wpv4Za6iXAzLp3R19Riw,6.83920041787457e-05,3580,birank,51,20
VTOeRnkozjB4wLJhWhS3BA,6.838052100283466e-05,3581,birank,91,20
afkw4ZMsFhMyWpYn5xHCYg,6.83629459618247e-05,3582,birank,135,20
IFIdD8lL7Ul2LHepHryK-A,6.831561834619815e-05,3583,birank,82,20
NBkrB_4GW4YYhopBhMtceA,6.831090867782077e-05,3584,birank,63,20
I_Sxmx6puRYyLS51RtLqtQ,6.830825626566793e-05,3585,birank,89,20
yj0bwjpMvBuNgJ0IQIC8mQ,6.828976556994392e-05,3586,birank,321,20
Lmz2zn9Alzgc6FHDkFsLdw,6.82876013367023e-05,3587,birank,62,20
NMk5Qov6d337c51Ldmpn_w,6.828578443279662e-05,3588,birank,86,20
IlqNE_IDhqRrHAdfCItKwQ,6.826322698421728e-05,3589,birank,42,20
9QWwqxQkG8Q_cwvkRwPvYQ,6.824603370574212e-05,3590,birank,111,20
o_CHB6DoUYwMuOabKpBGRw,6.823432286406878e-05,3591,cold_start,13,20
0m5uP9SGYT7w6liaBROwXw,6.823432286406878e-05,3592,birank,34,20
tA5YemAX8F_A26gD5flkww,6.822893206890835e-05,3593,birank,123,20
Gn04KrDDpvk97Z8MdTgqGg,6.821402022172835e-05,3594,birank,49,20
s8eXjE9r0vo78hzb3Br7cQ,6.813785170883198e-05,3595,birank,23,20
e6lLQKTfAaFKqhlU_SvCYA,6.813785170883198e-05,3596,cold_start,17,20
PPnzhVLbyGbYdSGmnvzdXA,6.812415410698017e-05,3597,birank,111,20
MuJACN0_RvP2VKT-M51SzA,6.810649075623123e-05,3598,birank,83,20
0Qs-G8Xs-mz-jmQH5lez5A,6.81042372119893e-05,3599,birank,55,20
T3rmAaYv-zDGMmlQtO_SJQ,6.809013588390854e-05,3600,birank,85,20
npDpDAJ2-tjAabqN4p3c5Q,6.808463011693187e-05,3601,birank,331,20
Ei0wJeADbNtwvA9CrvknJw,6.806005112510382e-05,3602,birank,111,20
yMLdnKqOErWTvaE8djPzDA,6.803700622934258e-05,3603,birank,1139,20
apdwYbDYSOgD89eEa8yDcw,6.802586822471485e-05,3604,birank,243,20
4C8l_JnoNL_VK2la-micUA,6.799330855661754e-05,3605,birank,143,20
iZNVXy87SXHxlK4I2eLJHQ,6.792951749049107e-05,3606,birank,193,20
GV6WXHmX13Utqd3j1mDJpA,6.792846492323201e-05,3607,birank,122,20
Vf2VpSmAHwaQzkIwYdFyRw,6.791473251646194e-05,3608,birank,76,20
ZnXfiYj1Mq7lf5az2Ir8Gg,6.79130635024888e-05,3609,birank,215,20
vKCIQCvbWV9_NXpQI0iejA,6.789828099271637e-05,3610,birank,66,20
rWS8yiQtgtIelNX8wL0KBQ,6.78600529487836e-05,3611,birank,84,20
bK5gt7LHnDjCfZnAGuK0ig,6.785371816128954e-05,3612,birank,98,20
sBT0a2VCq04gApS8clRk_Q,6.785234281325639e-05,3613,birank,54,20
utUdOwhOK7bnleFIT8lxpA,6.778172729594289e-05,3614,birank,147,20
8WHQJywgI5hBjLaNd65rQg,6.777077486341297e-05,3615,birank,55,20
toyrKJg9cZgssxGfQ_kRgA,6.775358753968064e-05,3616,birank,86,20
pvGBHwMceiP6c6L41aL2tw,6.773202460076655e-05,3617,birank,77,20
m1FEyb_4FNJcLvMw82King,6.772982629900132e-05,3618,birank,215,20
88CBVHYANgrKdP6Ns9ILlw,6.771450532305633e-05,3619,birank,55,20
83wPVS_ikQujVTGiqGfv_g,6.768433582530962e-05,3620,birank,143,20
jL4fYp0j8Jn31BiYptb10g,6.765550127703768e-05,3621,birank,76,20
y7MSJWmNPaVbSoQAaeCTBA,6.761194121698474e-05,3622,birank,129,20
TSxF44padg6v9AxLJp-hag,6.759983437165619e-05,3623,birank,475,20
flfkAssP0LzV3f0HSUhQAA,6.757410155399548e-05,3624,birank,261,20
_fmZZLy8hWPAxYx7xt2Fdg,6.756823692025651e-05,3625,birank,45,20
JjSmcvva7SMj6-iXy1dYBA,6.756459864175104e-05,3626,birank,108,20
EXTLMOTD6BCgKVogdSx3NQ,6.753178525354807e-05,3627,birank,71,20
s9BgSa45FigvXA-g56JHDA,6.752103366273186e-05,3628,birank,300,20
xYmyJQiCnsMdxHpMQomxqQ,6.751908526613001e-05,3629,birank,65,20
pCpHrr2sUS58szoseyF2-w,6.749399662666633e-05,3630,birank,56,20
bjft5Kd54h16JtuoFoPdhQ,6.749258481071068e-05,3631,birank,344,20
C6AiAF35zwpAoK5jjm-nhA,6.749253868264772e-05,3632,birank,127,20
2Nvq88a-NLYC0e3Jc_vvTQ,6.745489040010923e-05,3633,birank,89,20
V1RqqnT42tnm5--1nQ7Q1g,6.744323283754548e-05,3634,birank,55,20
vj6m5eqsIxV7INR9bgoYNA,6.7418609521495e-05,3635,birank,92,20
ekaEajbGvF3SMwnespdeaA,6.741343332618845e-05,3636,birank,44,20
34O0RW7K12gB_og8Xv3M3g,6.740244410540508e-05,3637,birank,133,20
kxyP4aeuQW5oLTm5tjweTg,6.738797367837462e-05,3638,birank,109,20
hEP9apWbN14o3o0P-mg-3w,6.738153507124146e-05,3639,birank,82,20
4JR06JiS8W8ieXoF1ZWkGg,6.736454131334068e-05,3640,birank,128,20
iesJewaACphdFs-ml9WTjQ,6.735109407398451e-05,3641,birank,39,20
CFuo8OnMNEYfH_C0haT3eA,6.735109407398451e-05,3642,cold_start,15,20
yqYywLM3t-FgbEXgnhTYNA,6.732096503334253e-05,3643,birank,85,20
geMqFv2nGXDQB5JPhRKqng,6.731446874948814e-05,3644,birank,46,20
-9zDI4h2dE3hFOpGFHB10Q,6.72923318196687e-05,3645,birank,52,20
mvhxTBUXIsM4judjBE9u0A,6.728627535898367e-05,3646,birank,81,20
MLNZIwvYb7MiVkSm0lFFhA,6.728370799373906e-05,3647,birank,84,20
59fWFpyDg01BTEH-Hh6jdw,6.728179032711989e-05,3648,birank,111,20
EvwnRnlgQxjhlhhdK3iS_A,6.726807242503908e-05,3649,birank,42,20
_S7PPbtL2kz-la9A4GuXsQ,6.724830160268238e-05,3650,birank,181,20
urV1Ir6TCjSNx_Cvfx7xbQ,6.724010110808878e-05,3651,birank,144,20
OajzsBY9v5uqZ4Qpj5FuHQ,6.71911757301402e-05,3652,birank,82,20
4xsB0nDdU2HPQcRGiDuRoA,6.716345249502521e-05,3653,birank,38,20
wvM7vXUZnPCvYYzdYlbV1Q,6.716345249502521e-05,3654,cold_start,19,20
JSpgAY6fzCFU4F6_A-1rOg,6.712066819521371e-05,3655,birank,117,20
QpPc51mH86xyrRmnFijpTQ,6.711900813256865e-05,3656,birank,156,20
xt-GigN6sRFQXKCIyIOCYA,6.700837432222272e-05,3657,birank,44,20
wPecvQ0Hj7s58xxtiaKcbQ,6.696121481230194e-05,3658,birank,69,20
Tm_CKv5VauVFUZIkndo_rQ,6.693942473526522e-05,3659,birank,112,20
wmEZ3OqLuD1Z6b3mJSl1yg,6.685481470331111e-05,3660,birank,188,20
scoHdh0XDA_W7xAZW3zAKQ,6.680845015740075e-05,3661,birank,60,20
T_bk3j3xvRWYpQ0YAgvhHg,6.679848729455985e-05,3662,birank,68,20
8IBVhpwSRtnbUhrNb7W8xg,6.67314980834685e-05,3663,birank,393,20
5vIfUavd23X3lBzjnnc4QA,6.67185983280859e-05,3664,birank,73,20
q92RjCgEyOLxDhOQ-GLn4A,6.671784631917344e-05,3665,birank,90,20
vp_hPIvAcUJ7xjuWxYLZAg,6.668703019738694e-05,3666,birank,201,20
2IbyhYMs-JpZTxPNQ2ICQw,6.664515299952766e-05,3667,birank,60,20
zurZgdE3W9jJnU6VAgTdSg,6.6636444950171e-05,3668,birank,181,20
tgUkNxkYHss_X4Db6ng1tg,6.66257281402043e-05,3669,birank,63,20
UCmTG_e7I2a5dY_3qI6Jbg,6.661784650458944e-05,3670,birank,99,20
MBpZOSw02ZmA7C9LkfLYSw,6.660971661920655e-05,3671,birank,120,20
T6OtDhpyfyI_ZCK5zE8UuA,6.659559016769798e-05,3672,birank,427,20
422ajFSyytck5b5x63Umdg,6.656686823767117e-05,3673,birank,62,20
aN8-57MAemRhChOE_nxUDA,6.652700211896957e-05,3674,birank,67,20
Pftp2bkQD91tiUnnPD0FYA,6.650993467481827e-05,3675,birank,33,20
oWo_7nDUJm27pMQddqJDvQ,6.648941898682038e-05,3676,birank,57,20
OV2gDDTGX7ObyK6X1zrD7w,6.647812417959434e-05,3677,birank,184,20
rTu09DTWFpfKcsyKdTVScw,6.64606871301356e-05,3678,birank,104,20
2pWloZENgEOocyU6WtPsnw,6.643644454558285e-05,3679,birank,105,20
Vd0YOj5GVv-Nxeo06HCfjA,6.642904708562594e-05,3680,birank,291,20
n-qNp5n_GJTntIyiZWzeJg,6.64023964973179e-05,3681,birank,64,20
tPuso2lzqdPM3sje6gWzsA,6.639001960313821e-05,3682,birank,121,20
BhqDHM4nBjXYAaDTa5ykBQ,6.633611027476416e-05,3683,birank,44,20
xIDR-NE20QJfuBvpBmNb_w,6.632609629180496e-05,3684,birank,89,20
UlwE96tted02erwPHY16iw,6.632580848184149e-05,3685,birank,82,20
4nJ1L8QMKujkh8_Oe4FK6A,6.631397425237952e-05,3686,birank,265,20
vMD5bn1mbL18spr7Mmzlyg,6.630109586258254e-05,3687,birank,835,20
yTTsiHs9q4I1Mg7_R-137w,6.627861373421868e-05,3688,birank,70,20
IjF6swxGAObtg1kR5swLBg,6.627572313916187e-05,3689,birank,69,20
fJb98kTGBuTzxP8x9p6VhQ,6.61840869366597e-05,3690,birank,35,20
xd2QyNuEA6gt6Yqn_Yt5iA,6.61840869366597e-05,3691,cold_start,8,20
y6HD7qhOsXt-BTnkuJLUSg,6.617635206669521e-05,3692,birank,126,20
AZGgqK7bdRbOBabH0XvM4w,6.61589975379933e-05,3693,birank,20,20
-fCB9irkaglTWG7rBhcODg,6.61589975379933e-05,3694,cold_start,19,20
69R0QwXKjNDpilMgtzeLqA,6.615816980674238e-05,3695,birank,67,20
Dmlo7-awYcxiG3nJWm2mHg,6.614190489510105e-05,3696,cold_start,13,20
U3ymuxVlD8yPVbJZbYqzhQ,6.614190489510105e-05,3697,birank,20,20
HxsFX1tOzgZ2edWCTCSycQ,6.613081446977528e-05,3698,birank,38,20
AuVDe2eYGHpEmgSMhw0T3Q,6.613081446977528e-05,3699,cold_start,15,20
xNlIIm07eJ3jdsXF2KW2nA,6.611209126760448e-05,3700,birank,938,20
fLDI6tGJNHfR_jYcP0ejCg,6.604402590546051e-05,3701,birank,37,20
bsg8I5CyuHEEKcg3VSo7Pw,6.60215795397773e-05,3702,birank,557,20
dAKbutwo3PmXq1G_EMwDlw,6.602120377673019e-05,3703,birank,71,20
aFE0SdcfNN8mEbTv8rV1RA,6.598345563243928e-05,3704,birank,109,20
-ksLHy9XXZVYuIVowdRc_w,6.598161172774396e-05,3705,birank,68,20
OAJvfcLmDhaS2HHs9vxtqg,6.596623355180796e-05,3706,birank,263,20
pxuMxh5oC7W-PDN9wwvozg,6.592124263130049e-05,3707,birank,315,20
8rBYBu7loRsufEDK0MpHuA,6.575963686225104e-05,3708,birank,23,20
2TwEl4XCxOTuOJUNMXp3Kw,6.575963686225104e-05,3709,cold_start,9,20
2N8aVo6j0PyL5Qj-qL9upQ,6.574445816127182e-05,3710,birank,109,20
Y6Z9Egp72LM9uwjsmNFwug,6.574076160160782e-05,3711,birank,161,20
8iiOtnFCXPsq4mbXd-L-Qg,6.573812412140222e-05,3712,birank,43,20
11oJkLpheKBkgTfmE1mEDA,6.573693196656984e-05,3713,cold_start,16,20
ISi7EprwNSCBAsAGGdyq-g,6.573693196656984e-05,3714,birank,27,20
WoVo347Icg3gfQ1jOnfAUA,6.568507094468557e-05,3715,birank,216,20
5nGBo2covUY0PrDO_aNYbw,6.568084587671367e-05,3716,birank,346,20
FGXAeroIJtnpMPx3JQbiIA,6.567980252821625e-05,3717,birank,80,20
8dsMAUIA8Xk-2B0qrDHSnw,6.567231173763305e-05,3718,birank,39,20
jCCFD-0Gi2-bFZokbTt5wg,6.567231173763305e-05,3719,cold_start,10,20
l71kgJo4jCr4RcuUD8Re9g,6.566974147572266e-05,3720,birank,85,20
Itg5hXat9PkPVX4cITJBSQ,6.564438350632957e-05,3721,cold_start,17,20
vJlbggc3FsyeOqUOPhVfiA,6.564438350632957e-05,3722,birank,37,20
O3tgAGzkEln5AnpOGOCcYw,6.56262070272521e-05,3723,birank,69,20
luwB0KsvoiXUewBvRdcYiA,6.554372141530364e-05,3724,birank,128,20
o0mk2xOzMpVlhGtzMXdp6Q,6.553507119857873e-05,3725,birank,107,20
s27GlS3WCN7b4dxTpainrg,6.550535126897864e-05,3726,birank,55,20
rhmCKWx_HmlegruNywTxbQ,6.544876570929621e-05,3727,birank,57,20
HFYgRMHh_2LN9nVhagcMuA,6.542985011263233e-05,3728,birank,66,20
l6mquWS8G2EziWAO6ZMUsA,6.533996189210689e-05,3729,birank,210,20
1_6ZbyrDRJz3aTSsm5AgQw,6.532843101170073e-05,3730,birank,49,20
I9or-Qu47AbReJLS43TcBw,6.531886955284387e-05,3731,birank,39,20
hN4B1kS8J5MQykKxrYXB_g,6.531886955284387e-05,3732,cold_start,14,20
FCcFpitB7F3qxd1bD4Epfg,6.527229133735109e-05,3733,birank,56,20
GU3yKiycK8P4Q_TMGJbj_A,6.527052431337289e-05,3734,birank,119,20
3sMGEl72eiDbble1RO34ng,6.525796583958846e-05,3735,birank,632,20
ZcwUOOhNNDyRrrq8_bx1gg,6.524902410803233e-05,3736,birank,273,20
-cXxMH_oL82mOK6MBAjOHA,6.524750828742304e-05,3737,birank,93,20
gzQ0kbAHrAJhELi7rrAfaQ,6.52255089728713e-05,3738,birank,60,20
mRZ9QFaMTbUOhdrzrYQ8fg,6.52192912427187e-05,3739,birank,39,20
oynwmvwg1CUYCk0-VpZlAg,6.51895217007329e-05,3740,birank,65,20
qu0qoXXxVVDxMaof1SFzXg,6.517938501569738e-05,3741,birank,42,20
EqYmE48JUiquJMlmfpAdGA,6.515530273490444e-05,3742,birank,41,20
opXKYWR9jYc7ZdQsjfQSDA,6.514557895099188e-05,3743,birank,141,20
FwvK-Xyi11yDeYmqmL6uSw,6.513811310741483e-05,3744,birank,377,20
wyZX3RxQLDVIzBiXFP4P3A,6.511416673105491e-05,3745,birank,133,20
InUGeIEPNX8WqE7BIHSvZA,6.509759794789345e-05,3746,birank,91,20
5vY_YMSIIgDpcxNhUxk_Sg,6.503518528115358e-05,3747,birank,21,20
6QFirGF9g14gSyfi_rmGOA,6.503518528115358e-05,3748,cold_start,17,20
qhoPBAD0RP6F9bWKo6mjcA,6.503453274088673e-05,3749,birank,107,20
tpW26ob4-YTGLQr6xC7mbA,6.500762499726837e-05,3750,birank,46,20
YdMKdHOPbNgzxrC7xFwL1Q,6.500368145935291e-05,3751,birank,169,20
wi4F4NUvxn7UWHvQ1Iiz7w,6.499329716240968e-05,3752,birank,89,20
KOs2C0M-S6ipm8LJUhXLTA,6.497394792327875e-05,3753,birank,183,20
W7Lkjxnd189PpBYJniF9Ig,6.492407969381016e-05,3754,birank,210,20
Gstw7erE6199OMgsbFAqWA,6.491165306729961e-05,3755,birank,697,20
EDrN1km0f-TW8NkueYUrRw,6.485241777376402e-05,3756,birank,63,20
xCFnaOepneUAace3dYgfqg,6.484519430277753e-05,3757,birank,55,20
un20fcU_7BEQzWueoVZT0w,6.480992358714673e-05,3758,birank,129,20
TrLVI1qVuoiQRgMObsFIrQ,6.476983133738259e-05,3759,birank,85,20
mqlriZ2dy-tf9-jtYRdRqw,6.475677877482913e-05,3760,birank,576,20
LKARmHZQs4cF5_OtE196xw,6.471994436903013e-05,3761,birank,75,20
LL2Ys1b15RVy9LCv7amnSg,6.471110105243992e-05,3762,birank,47,20
dbfm8H0KQRrxT_QSXrQZ-A,6.468728676492341e-05,3763,cold_start,9,20
NyV_2EGhs-YHYYVmZRYmOQ,6.468728676492341e-05,3764,birank,32,20
TBmOpMQfWJy3v3b713X6wQ,6.46754101000481e-05,3765,birank,121,20
q3lJFu0b0VuJkbMKnb1F7Q,6.467142304192706e-05,3766,cold_start,19,20
Kv8swWHIPPchtmiqCkI7cw,6.467142304192706e-05,3767,birank,30,20
GDnr1VJjoKRokpuCMWrtog,6.466163418864636e-05,3768,cold_start,17,20
ZlIGD9F_tHvc_AWsOIFdEA,6.466163418864636e-05,3769,birank,38,20
IBNx2iuJOryYzHpn5S96VQ,6.464305417298806e-05,3770,birank,76,20
3UgJp_NqcBOrBE9ANvVxRQ,6.464016032811068e-05,3771,birank,55,20
1A9p0iMiPsIqC0iDRMfZow,6.463187665841884e-05,3772,birank,467,20
x2ILIoH7NLPHuYKSItNPTw,6.459540096094141e-05,3773,birank,75,20
t-9qBSRxzU1yilfqVa61cQ,6.45807104771487e-05,3774,birank,37,20
iqy00T10_-8fX2yS91LxEw,6.45807104771487e-05,3775,cold_start,8,20
deAXOKrUqydpts6xcbhMwQ,6.457788992506882e-05,3776,birank,83,20
NqE7vN3VT_AphP0cIAatYA,6.457245805243392e-05,3777,birank,319,20
HbJL7pGHREx2kdnAWdDNMw,6.456560526867619e-05,3778,birank,90,20
Z-_juwElEmyk1QrwRw88BA,6.456281314892646e-05,3779,birank,224,20
6Al95KtZ_ob3NpyyiueI6Q,6.453445078587394e-05,3780,birank,850,20
K83AQ_2U1Fuf_TIF-fRRXg,6.451488680347073e-05,3781,birank,97,20
yknD6Knbr_aw_9Co6zP8tQ,6.448440317107114e-05,3782,birank,73,20
vaoSpYVAFXLvRfJGK1IF2g,6.448255611154215e-05,3783,birank,45,20
JvUu_Iez6nKIv-1a6UnBww,6.447292701473485e-05,3784,birank,93,20
XHF3oYylaLPeAynPo3bOKg,6.442705502623915e-05,3785,birank,74,20
q4qBHYyO9d1aMcHUXJJOvw,6.440768374937394e-05,3786,birank,155,20
k2qArgJgsWWrtWT_r0rRlQ,6.440692606618003e-05,3787,birank,34,20
xq4TwzlGLM5FXwSvu6hndA,6.43978620493236e-05,3788,birank,64,20
TEMI8cox1nHyZu3NAnC0dg,6.43763141862473e-05,3789,birank,154,20
rFcKVcKc_kCksZWHiJO91w,6.437572710348485e-05,3790,birank,59,20
4h5-Tyev0jX1GsuzUo_rYw,6.435157894214923e-05,3791,birank,144,20
jZq8xsKyCrRRzJenCKKn-Q,6.433124104922061e-05,3792,birank,97,20
emc9zbb0LeEC6D_f7SZWpg,6.430940948122205e-05,3793,birank,86,20
L3u4I6wHtwMQJ-ZtvfrkkQ,6.428757560982661e-05,3794,birank,80,20
61vAJBC0E_fGjKDEYXJ2Zg,6.426644148999983e-05,3795,birank,356,20
r_3mqYyAKuGICx8jhwXxyA,6.426475377836452e-05,3796,birank,115,20
gm5Y2Q_-MzsnjytoG1Oo2w,6.423890065935012e-05,3797,birank,234,20
38F4LbjmsdptNIdCdQiY2A,6.42167196890007e-05,3798,birank,46,20
Hf3i3PcNDemoVSCHXuNIxg,6.420278992009649e-05,3799,birank,228,20
s5LHJu6ALBj0ujBZODHK5A,6.414391914505354e-05,3800,birank,92,20
lDyqjSz6s36oeJ9EWQMYYA,6.413183880497388e-05,3801,birank,240,20
Y8NRpWISLGHN4LsqCOkZDQ,6.411489055493476e-05,3802,cold_start,10,20
X5s7U0pPUuSPhV2MK0GeqA,6.411489055493476e-05,3803,birank,25,20
p3qatJIq6b8Gd_k7hwpHOg,6.406226543070953e-05,3804,birank,52,20
cm2FwmHNxg9LCzOFdwEJSQ,6.40243586057737e-05,3805,birank,98,20
8qr1cXhqYGOXFNStgcMvhw,6.399840255893633e-05,3806,birank,242,20
P3qii5-Hch2tDd1e59znXQ,6.394691255747033e-05,3807,birank,250,20
Pr5TeLRBEc59FlRF_Rc7Vw,6.39345159737226e-05,3808,birank,79,20
ccDTmDW5ChXdaXsXVJ6AqQ,6.39157273683897e-05,3809,birank,73,20
odPkQbmZAfsqe2GI760Q0g,6.39086687788682e-05,3810,birank,194,20
dnxBrWsHasYXofdKVcM1GA,6.390554243615767e-05,3811,birank,281,20
VaO7ytke0tj2S52xQbHY3Q,6.389322096926385e-05,3812,birank,58,20
QnVOsBJWKZ6nN79VbV6l2Q,6.387657456178695e-05,3813,birank,1055,20
mc1uhOwSoZ-lMMcRiRd4iw,6.387344004754681e-05,3814,birank,28,20
0h2g0Xv5ZNSQedhR9R2xLQ,6.387344004754681e-05,3815,cold_start,13,20
GU6AnPaDqYA7PYIS52CKEA,6.387238213409523e-05,3816,birank,66,20
JSnNc1WIH37vfYFgVBOu7g,6.386692299771758e-05,3817,birank,75,20
KpXLSMHoozqN8eWzpAUJmw,6.386363691510912e-05,3818,birank,75,20
pHJW935sD41OiCgQ2MAOBw,6.384494477118771e-05,3819,birank,20,20
hmXAG0vhF6oWosfo0-eu-g,6.384494477118771e-05,3820,cold_start,8,20
3y6GWhwZsNshAcy3wShT6A,6.382050280480763e-05,3821,birank,91,20
nwGp8paKIE7YdsBeFh9NRQ,6.381324276829975e-05,3822,birank,57,20
PlnQ0xuzCNQZUiswBiXcIw,6.379408934644858e-05,3823,birank,265,20
xivK47F81CxFEaVE6rUyJA,6.378763649011835e-05,3824,birank,66,20
Uq1o6DXKALmjdElXp4mEtQ,6.375747715037881e-05,3825,cold_start,14,20
s2OOs9ra249GiNQu4idFGA,6.375747715037881e-05,3826,birank,32,20
R-qbcd-Q8fkY5mrR6b6ivQ,6.375528947720526e-05,3827,cold_start,12,20
jrOgLPx0YqKQKd0DF7gRhA,6.375528947720526e-05,3828,birank,36,20
ytIh9UMN8mhMgICpd9aHcA,6.367471500408249e-05,3829,birank,131,20
Nr-ew8B5DBXIhdt1oE9_-A,6.364906190307005e-05,3830,birank,162,20
jKEZv7ID6c5oDPIE30BS4A,6.363917689612537e-05,3831,birank,311,20
xGBHv5kA1Cm4eYyqzxy7Kw,6.360485066651238e-05,3832,birank,303,20
_Bvz01G9yJZoYchrw79u4Q,6.360419023696896e-05,3833,birank,29,20
9TJzfMc4gEKSUxfnGcj6dw,6.359279655304005e-05,3834,birank,90,20
qMJbwSUJQxzTaHyTvGiiCQ,6.358858904918545e-05,3835,birank,269,20
ZoI1Nj3uoSper4l5q5nrng,6.353076214252308e-05,3836,birank,335,20
dD8qp4Ro74EI4DqQl8FFCw,6.338932842563548e-05,3837,birank,260,20
GWajXz5cKulo-5A1wCKv8Q,6.338409337322707e-05,3838,birank,70,20
dxNrscJ65hB8RWkMY6lruw,6.337642645247285e-05,3839,birank,176,20
vfD5568Nt1B_ImDC75fBIQ,6.333752234159429e-05,3840,birank,152,20
jcwBfwL68BgGSlKf1t0yNA,6.330306877157993e-05,3841,cold_start,6,20
9wy3c6seUtIQ3dGXShmy0A,6.330306877157993e-05,3842,birank,20,20
kKkw3zsIGMQDFQXP-_yYbQ,6.327328042737753e-05,3843,birank,459,20
iJdGuMkctlJyoTTMtn0QWQ,6.323945377362532e-05,3844,birank,116,20
96xOmjfSB6RoKUFAF8yzIw,6.323615774306675e-05,3845,birank,70,20
_zDW4XPZ9w0Yvg6cbSeffQ,6.323156258024012e-05,3846,cold_start,6,20
RRqSl8wmYpVP1dQZgaEn8Q,6.323156258024012e-05,3847,birank,20,20
CGaaHAG28nnxMpbvOHhO-Q,6.323075513474398e-05,3848,birank,100,20
N2ul6gWK3RU07qE5eFp2Iw,6.320319497572149e-05,3849,birank,110,20
1XQWvgGDqzDoEOg0_7eWKA,6.315007539201861e-05,3850,birank,84,20
GEKQqHL78Gkhy1juc7dDww,6.312457498710998e-05,3851,birank,52,20
xM-HnG-yurTNI38ui0Akzw,6.311914978652382e-05,3852,birank,51,20
ksma5FPvWkaZvcwHz_bZPA,6.310720758800242e-05,3853,birank,77,20
yiE_Iym7A9wa6tyJHkWzhw,6.308352148539281e-05,3854,birank,107,20
6WbDVtlU7vGaFV9zHexFIw,6.303625026261301e-05,3855,birank,229,20
-_LFA5At29YUr5Q48Nuf8A,6.302544043651616e-05,3856,birank,23,20
i-DkBuzDLRjs1KBb3jEkjw,6.302544043651616e-05,3857,cold_start,7,20
OvLTP11dUnsE3UrfJwUe6g,6.302399633722858e-05,3858,birank,77,20
SuzwgDT71HxOccHXsBpJag,6.301661027804345e-05,3859,birank,50,20
LIMcWAe750ULlcO4SXBHDw,6.299223035344023e-05,3860,birank,177,20
W_F0fVuQRY76_z76veUnQw,6.297292629729248e-05,3861,birank,133,20
bxs7csQi0UWO2fgGLxoZXQ,6.296095445365868e-05,3862,birank,81,20
KwilllahEB9FznFr0utYvg,6.295601053848206e-05,3863,cold_start,7,20
0U9lMTfd1wtf2fkLOTaPyw,6.295601053848206e-05,3864,birank,24,20
f2HDMXD5o_-HNDSrUR1n0Q,6.294939770132892e-05,3865,birank,73,20
J2U9qjn7klpeDBtua0bCow,6.294153328426144e-05,3866,birank,44,20
LjXS6sgzY6-kX2WKPykx_A,6.292880937558763e-05,3867,birank,266,20
T3Z5p2_2tJrFdD3ohUE5Jg,6.292407568186989e-05,3868,birank,129,20
lN_iUy3zHqbxPahTxDoKZQ,6.289839869945371e-05,3869,birank,177,20
Oj3vZFPN5xh-MwK268WqLg,6.288851357853422e-05,3870,birank,91,20
0yMuUGGzk0DEEpXxdo5yjA,6.287990057461611e-05,3871,birank,59,20
wDOWuUyB7DzYRaYZYI-YNA,6.285543079088004e-05,3872,birank,86,20
Ka-js9Fn1yRGcyy3VBDPDg,6.285197383261843e-05,3873,birank,282,20
j4Fw7dF9W8wV3MrJIKDldQ,6.282164931312615e-05,3874,birank,60,20
30QeVr3702wSurnf-kLHWA,6.280739425036759e-05,3875,birank,118,20
vC02DK_jvWZS1MMxrGG0mQ,6.27815196573955e-05,3876,birank,32,20
08-r0VkemADdLZWX5a-cKA,6.277474002061279e-05,3877,birank,51,20
qJ6pn9u4hl9L-DUbEXff_Q,6.274216905287655e-05,3878,birank,40,20
jshnKTsnoXLSez5XD1qo7Q,6.27337741653363e-05,3879,birank,329,20
e2__bkb8kvgEuFHZO7iScw,6.268258104368582e-05,3880,birank,50,20
8NGxdDjUnNr_7ZnAWk_cRw,6.264785382253268e-05,3881,birank,91,20
FeEawbq1Hcdfx3GFf1aLZQ,6.260820497005466e-05,3882,birank,403,20
oQUcuppwkPqDjkhXBXNwcg,6.259427464566478e-05,3883,birank,131,20
CwiRXD-ovEU6efope9jhxQ,6.25572403338548e-05,3884,birank,100,20
fKP9ALt3WZ6WipB98eGIJg,6.252550926248578e-05,3885,birank,57,20
HxdaEwpoXKll0Ze4nhS0XA,6.250626338928078e-05,3886,birank,346,20
ey2XJjoyInbK3TL4x4k5fw,6.249668123699004e-05,3887,birank,36,20
yRVRqGIjfIwEICeRWDfxtg,6.249668123699004e-05,3888,cold_start,8,20
UrYj-HI2I61BK_nsPEa_QQ,6.24959681447725e-05,3889,birank,1116,20
ifC2ha-7HZt4xKUVou6wTw,6.248771503403861e-05,3890,birank,46,20
8PKxsbyRIPfhe0KMiBYuyg,6.248146878839225e-05,3891,birank,81,20
XZN4nDrDivftYhXKvQoZLg,6.24804188124046e-05,3892,birank,52,20
KGS2i9T0-WeNw5_dXSOoGQ,6.247079894747967e-05,3893,birank,177,20
gB2spmS82M5nOEEYu3T4dg,6.24276939048926e-05,3894,birank,56,20
maJZn4JZtCQRdVCSzD0Org,6.240191286623818e-05,3895,cold_start,6,20
3dhah8zpkvc_juFE3xB_pQ,6.240191286623818e-05,3896,birank,35,20
tvQqqSi6qnwYGMTSYfjWQw,6.238432350950304e-05,3897,birank,42,20
IkjBNJvMZhea1c3j2H2Ahw,6.236759492006678e-05,3898,birank,388,20
-eKoPT80NewUNc2h-hevdA,6.233576660251913e-05,3899,birank,76,20
oUL_aYOsontAz-zJ7pUQ0g,6.232122691786845e-05,3900,birank,190,20
NxFuPjGPqM0X1RK4kOzdtg,6.232077064545937e-05,3901,birank,73,20
qXctAMyV6n9PSjPQuUSEpw,6.230107693622311e-05,3902,birank,116,20
kc4I1dNgKXqbWkWrR_NjZQ,6.230075788104247e-05,3903,birank,36,20
EwaakynaS06R64xY8xM57g,6.230075788104247e-05,3904,cold_start,10,20
kW3e50BWFl5QxxP0GEYPNg,6.222441881450858e-05,3905,cold_start,6,20
5UhVJcfIEI0Lude5csrqpA,6.222441881450858e-05,3906,birank,31,20
EWiFvIU1Odf99WQP_0MEfw,6.219609723790969e-05,3907,birank,148,20
8JoO_AUqcqjwHiMrRvaGIg,6.218419207571586e-05,3908,birank,41,20
7grEnJV48N6BxbEP3uxISA,6.215918789530512e-05,3909,birank,31,20
r5--kPhTvamXmN7ZMbUUYQ,6.215918789530512e-05,3910,cold_start,8,20
a42bnC6qseReimp6Ot09lA,6.212770599109331e-05,3911,birank,90,20
N4o-T6EeZja_fIatrFwx1A,6.207927992669032e-05,3912,birank,58,20
W7yaBQpVr2qO4x2i3X0CPw,6.207166395923664e-05,3913,birank,47,20
c7GJVA-6lQxcH6QkrRiW0w,6.206705818809312e-05,3914,birank,189,20
Pz4BjuaA6cjF0FeC6j-dmw,6.205665381362126e-05,3915,birank,143,20
svc-qbIhSu_gGPPrA3fbfw,6.204204495124038e-05,3916,birank,233,20
1T_b-aka5LMYBbq2gG1n2Q,6.202659593136839e-05,3917,birank,77,20
oyJdcjCTGEM2KiGqyJaFwA,6.199546398303136e-05,3918,birank,36,20
WYPTqTbf7MHfxuHlIyZCkw,6.197868359946727e-05,3919,cold_start,9,20
yIAhT0JRN05LRIJA16Lx5w,6.197868359946727e-05,3920,birank,32,20
f44uARFaTuIPmbMn2VlSXg,6.19663420623741e-05,3921,birank,117,20
JfSwHJ2KfWRXHsPSeh_ekQ,6.194726653373483e-05,3922,birank,39,20
IHhg7wim1CZE7dTGCZ-lag,6.194726653373483e-05,3923,cold_start,6,20
sRJFxyCjZnmXuZLk6uKW6Q,6.19450851199949e-05,3924,birank,182,20
9g9wQVMGXZRJaQccBU9c6A,6.19338039909659e-05,3925,birank,93,20
f6eBJT2jiXXBkrlHdJMbcA,6.189617088238671e-05,3926,birank,70,20
LCS2sJH5S2kFquIL_FIqAg,6.18577767367002e-05,3927,birank,191,20
UVNNX59l_6qCJWgKuc_mNg,6.18096683517e-05,3928,birank,220,20
rKHK9NryBZ0BKS7PnHsZdw,6.178175743551825e-05,3929,birank,53,20
61wOYrhTgEf-Xjif7lCREQ,6.173957947321862e-05,3930,birank,32,20
XfvJ2iEq0XmciWIJvelZZA,6.173957947321862e-05,3931,cold_start,19,20
MBpl7cTqlJblEj0E8qSS6g,6.173564933642596e-05,3932,birank,116,20
RFISCR-JSYQ7wQ3V_fpkLA,6.171896412184015e-05,3933,birank,329,20
X36Q4Tm3PZUFtyTxJqfKLw,6.167129307825878e-05,3934,birank,31,20
Q9T9PKQZSs571tS0lQLoIg,6.167129307825878e-05,3935,cold_start,8,20
YQD_Gm999Cthin64uLdOdA,6.166467593064029e-05,3936,birank,50,20
Hl_vXTiYLozWo7T9Cq17vw,6.162700192020034e-05,3937,birank,58,20
NAfITNb2HzObDVktNs3DmA,6.161862765326284e-05,3938,birank,49,20
wVgo5MaohDWNuudZWWwfJg,6.159989794731144e-05,3939,birank,310,20
lYR0aZbSxBX2yaP8enIn0w,6.158196537953263e-05,3940,birank,88,20
PN63nkTW7UBPeVTMZZ8blg,6.147739610527845e-05,3941,birank,30,20
shc1UzNA1jo2BOjdstsqpg,6.147739610527845e-05,3942,cold_start,9,20
GfKb7u9KLgp6OExvIHf_Cw,6.144833150295533e-05,3943,birank,61,20
lpUn1M5exBmKegS1_f3WHA,6.143713301971687e-05,3944,birank,124,20
Xpue0uHw0dk7HdIXVjhdUA,6.143327842231788e-05,3945,birank,59,20
VENBnW8AF4jYTBbekO8X2A,6.139517716777666e-05,3946,birank,20,20
kAhT_pFlNuL3yfhKrpYRWQ,6.139384657145341e-05,3947,birank,55,20
b5ky9SyX0xm6bNs7r_bQ-w,6.138224353003776e-05,3948,birank,125,20
_JK1veKwxAwk1rp4H7z-1g,6.136598982229533e-05,3949,birank,397,20
47JfuGySAVhQmIYynH_yfw,6.133561690677929e-05,3950,birank,539,20
s_E3MJF7CjZZB1AhfSJjmw,6.133434264105861e-05,3951,birank,542,20
Ops2BTk03uTYdGRqB9haGg,6.129353129725359e-05,3952,birank,177,20
6jTChkWB6cR8wIhw4z1_GA,6.129318492086529e-05,3953,birank,75,20
2m8Gdh2AYepXn0dQBA5y8Q,6.128457314852044e-05,3954,birank,62,20
-xgmh7w82mp61c9ZGYEi5A,6.121829257270911e-05,3955,birank,38,20
Xeqb2RxA3ApFCThIYOstQA,6.121829257270911e-05,3956,cold_start,12,20
GdLJIhP0BSI-wSACyUribg,6.119915219063692e-05,3957,birank,320,20
Sb01Vv9zFQ4ezlNRLAQhng,6.11374271910416e-05,3958,birank,73,20
uCBEcUgXHrKH72fB8TwKAg,6.112248307716585e-05,3959,birank,152,20
mHY_tUZBy_0dMEcCrYNgGQ,6.110678836993186e-05,3960,birank,31,20
sosDznJyyJWHc0OYoVEWRA,6.110678836993186e-05,3961,cold_start,6,20
22_KB3FITRnuTXCEHsXpIg,6.106948272205885e-05,3962,birank,81,20
UqM1RE0TsyeM-tdbqAmqfw,6.102682202997854e-05,3963,birank,149,20
4Ygd9CYAJSXXOhREELhzNQ,6.1012987890670754e-05,3964,birank,153,20
gt2RX36MNRF1B9V8i8xuRg,6.101154371754379e-05,3965,birank,49,20
c2VdONiIDoAkTCEjPNehjQ,6.099698288727068e-05,3966,birank,41,20
QQUDUU_4bCu2BIeofxaY0Q,6.099446794822567e-05,3967,birank,24,20
fFb9GJIGQ7dt5dd63xov8Q,6.099446794822567e-05,3968,cold_start,17,20
OqG88rqpX3PvIQK7XVgDug,6.098839913751372e-05,3969,birank,55,20
b2ZSuQ_7aiH5IycxtY3xZQ,6.0985220465049665e-05,3970,birank,28,20
aHn7NOKQi3XL9_AghoBP1g,6.0985220465049665e-05,3971,cold_start,8,20
a76apdjXLdeHUuYRZH54rQ,6.09565147773005e-05,3972,birank,50,20
y8RbDyDJd-zGcgThqIZWDg,6.0936655292935956e-05,3973,birank,73,20
T4JsC_1U0ctm0XMy6g8PTg,6.093608725334413e-05,3974,birank,114,20
6EHVbuZiER0I0_WPWePBxg,6.092086123354407e-05,3975,birank,20,20
UGADjVkBITKPU7I6sMO1oQ,6.092086123354407e-05,3976,cold_start,11,20
u08-CrCg_f9sdGD5BtL-QA,6.0919337998467984e-05,3977,birank,105,20
9ZGG0q8GZ3Mh-HzG0livdA,6.090818649856432e-05,3978,birank,105,20
yjXSQDwuI49poc3MA7AGdw,6.0902275894085166e-05,3979,birank,530,20
njdcYRIB9FqwMwAE_wJuVA,6.089695151260419e-05,3980,birank,168,20
UJ-YmZmkomhpJsPIinZWNw,6.0824932459141434e-05,3981,birank,29,20
p_g_AjXjRGXN_IyGAzuIMg,6.082278569203983e-05,3982,birank,80,20
LjSvLbbzFnFc6JScXH3r3w,6.0810081447370694e-05,3983,birank,101,20
K8J6_9RWE3WB_4h0nvd6Jw,6.079825367266979e-05,3984,birank,64,20
VFaIfVHLAJduhiBeZ3TlUw,6.075712030867079e-05,3985,birank,94,20
16F4GypSrqrwObH6IkaOUg,6.073841293202702e-05,3986,birank,66,20
6ro0Uy6TCDZ-R3a90Dnt6w,6.0728346948530905e-05,3987,birank,67,20
zO0UwsrbwCLYFWpn5jZ2DA,6.0712249377361335e-05,3988,birank,96,20
uPQVKBptNqOxiYfXQyFxwA,6.066745568291791e-05,3989,birank,141,20
Ll3JFb6QR0oxcZIIVeUuLg,6.0644966783649424e-05,3990,birank,117,20
b4GPlPrcZLZY-TDvr8u3Ug,6.064303226183428e-05,3991,birank,58,20
3_kZ2pDiKJLZ9kGKKOWqdA,6.063535548243255e-05,3992,birank,38,20
Sckvwz-t7-oMXh_JNzxg_Q,6.063535548243255e-05,3993,cold_start,19,20
WXxlJiG1QIae0Dasbf-fzA,6.063277217226165e-05,3994,birank,166,20
n_RyzuCAiR4yW2JLkl0Jng,6.062044150137672e-05,3995,birank,59,20
yx31OWOldAFmgJ8PDzgMYQ,6.061928035799472e-05,3996,cold_start,17,20
3gwwGdwihsmb4TOnUOo6RA,6.061928035799472e-05,3997,birank,34,20
t5n5IBvXYG55xXrq6hga3Q,6.0611592812924095e-05,3998,birank,58,20
zIOsk_X3bUTakbDcodGPMA,6.058056461254261e-05,3999,birank,78,20
xbaxgLzJEM7AtrNJCPhkmg,6.0568929328836386e-05,4000,birank,158,20
6bT5PaG9xC-V76O4dtDOrg,6.0568390096248056e-05,4001,birank,154,20
3GH1JjRirgs1s2OR6Dk0RA,6.054404030594792e-05,4002,birank,64,20
dGOvRqPDzEA3bNy3f_fmUQ,6.0468176417766264e-05,4003,birank,98,20
WAdlP8I0a3DrlsKX4Zd9bA,6.0466672586886935e-05,4004,birank,53,20
pV6N5Ku0FoybJpKRRiZl2A,6.044363459848684e-05,4005,birank,21,20
dBS571rwNf8V0tnz-ZKnqA,6.044363459848684e-05,4006,cold_start,7,20
VCkSUsdL5P0p16DAPxVROA,6.0427205393114574e-05,4007,birank,48,20
74OO_45KTjh6WI3XKdP9Zw,6.040777291690765e-05,4008,birank,67,20
sqWlikw8elQr6GkNT1qaMw,6.04076757709399e-05,4009,birank,36,20
HsNnBPABPaSvWqglZEqAuw,6.04076757709399e-05,4010,cold_start,6,20
RPx5kihFmtHgHRSPsPVC8Q,6.0356451987702145e-05,4011,birank,78,20
6F4JadEP6ouUvNiIKr8pMg,6.0321393183479536e-05,4012,birank,118,20
HIZvLb3GhYykeCvaaW3kTw,6.0309483209894774e-05,4013,birank,35,20
YOZWP7qlFpHn9rodJSFWDw,6.0268091202053545e-05,4014,birank,345,20
ytalLxZdNZvyEw0UYfvRug,6.0259873977002315e-05,4015,birank,93,20
rMXX7YgI45rBXAFYcrPKjw,6.0257783591035194e-05,4016,cold_start,13,20
cgnU59I7pMj-VMeBXhh4cA,6.0257783591035194e-05,4017,birank,24,20
QCRLjou6Q_jclARDz0ss5A,6.022143228368889e-05,4018,birank,51,20
9Ip7jPc0L8BfqwAYa7Lqzg,6.019958888715921e-05,4019,birank,108,20
DefRn9bPWVK5iNeGixFbzA,6.019736625131837e-05,4020,birank,88,20
goK4sOSp_uWTFJclIh3K1A,6.016848923416507e-05,4021,birank,50,20
7A-q7-bajt0NxMy36dUfIw,6.0117462542182914e-05,4022,birank,74,20
YshBHMZJhbAJ3nmjr9xUGQ,6.0114064895562036e-05,4023,birank,141,20
6vXFb9q_dfhI67hma3xRjA,6.0107429463487856e-05,4024,birank,142,20
StvwzSjNX5Aki0yBafTcmA,6.007716747478299e-05,4025,birank,382,20
87eWKmI-nxN_76n1OKHcHQ,6.006890470115535e-05,4026,birank,166,20
hZQ6pquIrxaI74OA__aOtA,6.0055458656380284e-05,4027,birank,70,20
C7UNcd4OuXxOZUU36tBalQ,6.003956181199163e-05,4028,birank,111,20
-Ze_1WxQmM_iDlc3kFZ8bg,6.003351495486245e-05,4029,birank,47,20
e7NPtfoNcTbL-ceQBsO0PQ,5.997217861655733e-05,4030,birank,75,20
Vk_R5yKXkRqy9nj-Rhm8kw,5.994916125704442e-05,4031,birank,92,20
7EIRMyPzlNlvqXOnc3AphQ,5.993587819360401e-05,4032,birank,29,20
n4iXrGYnpfTeR2_y006xPw,5.993587819360401e-05,4033,cold_start,14,20
54sOo41hxch8D3bRCUVdoQ,5.988899580230151e-05,4034,birank,78,20
JU4Ea-xwPCGOUG93TUrVmA,5.986269774912225e-05,4035,birank,149,20
Ki-RQ-Q7dL6MScuUCCz5qw,5.9832576628581376e-05,4036,birank,85,20
fzftd8EhMnYCXE7D76zCrA,5.9818060508738755e-05,4037,birank,101,20
y1YYRnAHxWz88FZGSN5mYA,5.981770905791994e-05,4038,birank,36,20
7Ycg7RgBswvQ8yQqHe7CYQ,5.981770905791994e-05,4039,cold_start,9,20
t8wLtNmA64m8UtJ8eK0c4Q,5.981428765255973e-05,4040,birank,117,20
XcFUxeLcbBt0xefg03Muyg,5.978742508539801e-05,4041,birank,63,20
nFKHu5DJMMXktBsSrOpU2w,5.976046316458158e-05,4042,birank,249,20
jqK60MutY_MDmzgG1aXWLA,5.97582002497642e-05,4043,birank,156,20
CTLnaL6IYK11qbv-zsSk1w,5.97529978110803e-05,4044,birank,140,20
99VA9y7rdlDzl_-Rd-WKKA,5.970864724433321e-05,4045,birank,106,20
nsZYVtv9l7Vyf9ZolUmYUw,5.969155615288713e-05,4046,birank,34,20
dU0qqkUwlwS_So3_yhAARA,5.969155615288713e-05,4047,cold_start,17,20
-DlF6neBa1HKx7aFi3ZxOg,5.967472728561886e-05,4048,birank,100,20
OOna4RpWG0AJghKOuVca1A,5.9661213520234625e-05,4049,birank,52,20
WKMJwqnfZKsAae75RMP6jA,5.965959719800798e-05,4050,birank,266,20
jF5XeCVL6MrA2IcLIHy1JQ,5.965766715477682e-05,4051,birank,261,20
L3492THPX3WRpAKoPktqMg,5.963870376578071e-05,4052,birank,49,20
rZm_ttIRjTaQyVmD-Rk55A,5.9635360775869277e-05,4053,birank,368,20
2hzXcWn8bOpzGTI4BfnMYw,5.962493203442136e-05,4054,birank,80,20
SETJPjryrcYvo2ezLm0WaA,5.959012149155844e-05,4055,birank,127,20
PCLfNb3s9xVlUkslcwXZuw,5.954967754375524e-05,4056,cold_start,17,20
XKquWoKNCBnjdWcJoOPdrw,5.954967754375524e-05,4057,birank,26,20
slReJ8PFVwozP3FBdj6ufQ,5.9548575192211135e-05,4058,birank,58,20
nAFlaqJwr3RspnWlnFxy7g,5.951735852940883e-05,4059,birank,47,20
iLLCTZJgTucIFTMm0-IfTQ,5.950975968090037e-05,4060,birank,21,20
w8C_pRQvdIXQ5VRWlW2M3w,5.950457366440723e-05,4061,birank,73,20
kXf1ub58e2IRQ3U7eEQjng,5.950423418802574e-05,4062,birank,108,20
jns8FlhfwbGfsE10eKLBnA,5.949501358480108e-05,4063,birank,34,20
cgPke0UtMkQECm07ZRWHDA,5.949501358480108e-05,4064,cold_start,10,20
7Ljrtr65Q7-uX2Nl4I_7Iw,5.9484132386038026e-05,4065,birank,244,20
HgzSkvWHctw5pTQVfKNegQ,5.948006208050271e-05,4066,birank,65,20
flAKU5PiUDE0jkZL6h4cLg,5.946876867289019e-05,4067,birank,99,20
eYZBpbi42VoMYsulwalQaA,5.945605597793419e-05,4068,birank,132,20
pjxRQazeYbjfmlquc2D4Vg,5.945292514174198e-05,4069,birank,50,20
bjxpXg1gOwHsN_yaVzJCWQ,5.943836463571993e-05,4070,birank,105,20
h7wpU50JpFK2nhBwgmUXYw,5.943832409575498e-05,4071,birank,64,20
3RtMd3VZ21WL5auDr6Jp9A,5.93432694863696e-05,4072,birank,196,20
dYq6OUxFtMVHwqcmum5kOg,5.931916484128992e-05,4073,birank,56,20
5fb_BPmweD9oapVqJrWNcA,5.928553019098144e-05,4074,birank,107,20
YV_20nqs8NaQflupgDdxOw,5.927086525485303e-05,4075,birank,46,20
hSGNnn68K4W4Dbzp6GJ2UQ,5.9269257947112886e-05,4076,birank,55,20
AEgaEEWNGuXWBHUkf_fN3A,5.923510995023548e-05,4077,birank,534,20
PZJqMdFa2zn51Td_jHOsMw,5.91705514079593e-05,4078,birank,87,20
ANDbwHhhs1XYFWAGhaqWQQ,5.9157984689275305e-05,4079,birank,84,20
xkloXCI9qCOxOIPlgM7tiQ,5.914082224649522e-05,4080,birank,74,20
iOOL2MWsuYoMgwqPTmq4aA,5.912372196700997e-05,4081,birank,131,20
2kOGFDJ9v4T9AzuKWhwl2g,5.908148052664474e-05,4082,birank,536,20
apswwLV8HHRmBMPrESCZoQ,5.907917751661e-05,4083,birank,253,20
t_n6iMoQh3tLIULRTDfzYA,5.906900257185179e-05,4084,birank,83,20
amnKFpOOoMHgGEW1xinIDg,5.906762775473315e-05,4085,birank,50,20
jTUkZm97QaVb-YxV6q2NLQ,5.9061696044752545e-05,4086,cold_start,14,20
_RHKuqA3mCHBaNyoljJTrQ,5.9061696044752545e-05,4087,birank,35,20
bspbvVY7GH6AVOKYevJTxA,5.906143324812635e-05,4088,birank,51,20
OlDnxLaoi4J1hQJNzh3jkA,5.905887433076089e-05,4089,birank,75,20
FlSiPPvYiqqDbKb8E_lLNg,5.9040091034450496e-05,4090,birank,300,20
mTEbLavIWB1gNKX-cjqATw,5.90315906496602e-05,4091,birank,179,20
YJn_vbvLVLySH3ZdMYlSsQ,5.9027382920533914e-05,4092,birank,112,20
Y1QKeVZSvhnAZnO26SK6QQ,5.90248823025698e-05,4093,birank,107,20
PlTAoveKUOY7fOOk4FWS8g,5.902449701204704e-05,4094,birank,46,20
8Oh9PG45L4bDN3kXzKunVA,5.897769747588024e-05,4095,birank,54,20
pARcoIwXlijaXVCfp5jdsQ,5.8965742649841975e-05,4096,birank,47,20
gUIZcY8jYpYNg00J3gQlpw,5.894608852811163e-05,4097,birank,297,20
9Ekfby4OgzWs96RO8M4tnQ,5.894561096492437e-05,4098,cold_start,6,20
h2di-Poek8cax2_-xyBOVg,5.894561096492437e-05,4099,birank,30,20
dZ5U0y0PsUp5R4TggYARBA,5.894558552628689e-05,4100,birank,35,20
mVZhzTJ5xoneXa9XMWRyCg,5.894558552628689e-05,4101,cold_start,18,20
C9UIBsRy_mNeSXCQ4WLMxQ,5.893120879141943e-05,4102,birank,76,20
jFAj4ZTHKukcEnFZXz2DiA,5.891881871165777e-05,4103,birank,22,20
Nej7tlfGF6WHblVTApFsQg,5.891881871165777e-05,4104,cold_start,6,20
4BKKBx50oZaEczazjZ1ZEQ,5.8894656075047184e-05,4105,birank,125,20
BvgxS6Nr5i7th5p1rFo2_w,5.888843343335132e-05,4106,birank,93,20
coBMIDJvLpiOCQhu3uM4MA,5.885604467890777e-05,4107,birank,118,20
ldczA2r_LlKSfbrGxt3ThQ,5.885099677468156e-05,4108,birank,294,20
px3bYo2g-MGGTYAs0CH6Qg,5.884819898824435e-05,4109,birank,217,20
5_OsTZrS1jMEj0Qg2wBSBw,5.8825001193557263e-05,4110,birank,98,20
900VYF8eLWoFt2FlMQ_gyA,5.879252103048404e-05,4111,birank,67,20
q-dcHGK0ur8O2F9AI_0Ilg,5.878002455278751e-05,4112,birank,81,20
iMbqQ3nXS0V33EImLCqXMA,5.87587790672686e-05,4113,birank,79,20
dhIyv1RgNYaNsn9Q7LkxhA,5.872824913411108e-05,4114,birank,77,20
yPt6y_CWuYiztCYE9UBcxA,5.866948337461807e-05,4115,birank,97,20
qcclrilFObdpGcn9Uj4lkA,5.866506972109806e-05,4116,birank,248,20
RvV-egTT16QOsKw7DEu2NA,5.855608982973327e-05,4117,birank,24,20
y8R6_RZsBO-b__bJaQjuaw,5.85501119246894e-05,4118,birank,55,20
-tdKOhrg4dB3xz1tEYujLw,5.852090432014096e-05,4119,cold_start,13,20
zb7itgC8u-89r09B_COslQ,5.852090432014096e-05,4120,birank,22,20
wAUkOyvAoyE6F7zuQ3g_UA,5.8492363665535025e-05,4121,birank,50,20
TGicQ2Jbe05WIV4rDUFk-g,5.847294272982338e-05,4122,birank,44,20
T9sdnqG0AnXv5xkVy7b4RQ,5.847273937586767e-05,4123,birank,73,20
W888zYEemWuF4c4Od0_yRA,5.847039817734619e-05,4124,birank,30,20
zDnxrHSH6nhpX2j67wJiUA,5.847039817734619e-05,4125,cold_start,8,20
QQq1LwR-X1ZdpDdYIzNh2w,5.843485438398276e-05,4126,birank,140,20
qk2g-tKFjNKO8_MtFrOATw,5.839517748791352e-05,4127,birank,59,20
iuftKhlrXImvtz-OngBJtw,5.839405372832572e-05,4128,birank,50,20
8Wqjjtq9PAK7EulkmjJtDA,5.8382576575489885e-05,4129,birank,33,20
Jkg5qYBqIbZdkMMK62Ix3A,5.8382576575489885e-05,4130,cold_start,12,20
6QVxSFKlw30xCyJaasql9g,5.827569727837709e-05,4131,birank,208,20
0bFgBWMmCTXwGT932s6z2A,5.818549323665418e-05,4132,birank,120,20
8JEVqaKFy6BNsNIhCnnAmA,5.818141465355827e-05,4133,birank,161,20
0pVM5OaWWu-M0TWMQ9Zwyg,5.8169797609225735e-05,4134,birank,52,20
xG5NtjLZ6S7KGBNFGDqoZw,5.816593726168205e-05,4135,birank,421,20
jEKE_T_iTSCTehiB5K1CvQ,5.8159728204979806e-05,4136,birank,81,20
naN3lrbHYjCTVZjBgFb53Q,5.81357719731329e-05,4137,birank,398,20
H-9b7h3NAYamWPH75c5_oQ,5.810209714764043e-05,4138,birank,259,20
O3e9xgI92__6qK9a937LeQ,5.801136840488649e-05,4139,birank,49,20
QwlwT9sJrf85RelP0frxcA,5.7981568006201596e-05,4140,birank,64,20
PDGyduDCysMP5L__5BnYJA,5.795591403325602e-05,4141,birank,34,20
SY8-rMi4JMPEQJ0Wzqd-5w,5.795591403325602e-05,4142,cold_start,15,20
R3NAV2ACaBFZXIwBTHhPaQ,5.792312262933701e-05,4143,birank,527,20
T8gJyppKf9GWogFTkead-A,5.791248708320708e-05,4144,birank,71,20
MU7zynS0IW_m-d54qvkfPQ,5.78753509244256e-05,4145,birank,211,20
nOuYFVtC-I1-dPOToQqB7A,5.7857329077467416e-05,4146,birank,20,20
NQn2fIomrrMXXUxZXH99YA,5.7857329077467416e-05,4147,cold_start,13,20
z_RyP9WuygubNj--wuwuUQ,5.7819214238298654e-05,4148,birank,54,20
b5vN05m7zf7cQeIgdw9L2g,5.781128609404641e-05,4149,birank,47,20
nB9dev-4Wzxo4NHJkQQmUQ,5.78088735740892e-05,4150,birank,57,20
LJeJ29ZQVwai3IGsHkso8Q,5.779725718792677e-05,4151,birank,45,20
YcbkyXTAWjs4FwIMTUHB5A,5.7765502394059256e-05,4152,birank,54,20
-Lz1eG1xyHk634wVzBD83g,5.773935381202911e-05,4153,birank,49,20
DGefID2EzDJl4g_DCMbnYQ,5.772323775137034e-05,4154,birank,265,20
GmoYBvRsVa18G5FPiXk8JA,5.770641320002945e-05,4155,birank,147,20
Brq-BCgyGWnf26eLuYRMyg,5.768000484444208e-05,4156,birank,93,20
mhK2uIu7F06ypYdQ5ndmzg,5.762818631580615e-05,4157,birank,82,20
Z1whpjCi-3RiuBPUtdK44A,5.7625657650685454e-05,4158,birank,47,20
MHEbn9ASZzsFrgwlttNyrw,5.760476035813924e-05,4159,birank,70,20
Pxeb0heJO93VEaU9PpoTmw,5.758746580899193e-05,4160,birank,84,20
I3xJD0fXyiokQtb_6sn0fQ,5.758670441566492e-05,4161,birank,322,20
ffvS2BlFwQra5FTPNk5N2g,5.757044191452312e-05,4162,birank,31,20
wrSS3bnu0u1Vh4znhbBXwA,5.7565786961242606e-05,4163,birank,80,20
JeoIxdzt5E3QXT1KHXR2oA,5.755907615480514e-05,4164,birank,99,20
cWS680GN3JNEyPb0jIIVQg,5.752834360244645e-05,4165,birank,220,20
i3GAJ8IL6z_jXj9GLkpFpQ,5.750695786305572e-05,4166,birank,85,20
Z-WED5Dnx6Mejpx-_Agnhg,5.750105520059401e-05,4167,birank,117,20
OZnQZ4sZRwd7L1jMc7pv2w,5.750009475820521e-05,4168,birank,60,20
Tve_ON4rFFWMwIpeRApl1w,5.743134014116273e-05,4169,birank,55,20
J1gnPAaw-LoW6khm6P9UOg,5.741244716135594e-05,4170,cold_start,6,20
CwzW9_0dOTuvHeciWqQPTA,5.741244716135594e-05,4171,birank,27,20
mlwJfMFNERB9cGgrB4Uppg,5.739988476856808e-05,4172,birank,42,20
aoGstjLfJi4p0lcS9rFDmQ,5.737270330570814e-05,4173,birank,42,20
SV04xdj87VOEa4GJ2dZm_g,5.734753947229699e-05,4174,birank,120,20
QjktE2M71v56CVHERuyiTg,5.731190325308046e-05,4175,birank,47,20
tmYDjisEHdbgngUwL_KuyA,5.731157385904072e-05,4176,birank,202,20
oriPnDLQE8MiofeR2ijVdw,5.730813262353656e-05,4177,birank,68,20
8cGyreYTlXU87DfS8g4P7Q,5.7308087946085616e-05,4178,birank,62,20
L8_JnkQUdlUEc3QPs7H98g,5.7303092439240754e-05,4179,cold_start,11,20
owjryf1VM333UrGOnHzqDQ,5.7303092439240754e-05,4180,birank,26,20
fJQHj9Sq1R0a9FO08q8HWw,5.727855429967577e-05,4181,birank,266,20
IKSpkuhsivnbvRPghFHARw,5.727405560798817e-05,4182,birank,355,20
-cDVG1zBZPBYU3TAoshgxw,5.725759452189302e-05,4183,birank,233,20
WI4V-quGkyEdrG2__hIr3A,5.7220189536891374e-05,4184,birank,125,20
KEIZyGFin1q2zcR9SIS_Ag,5.7218173248950776e-05,4185,birank,123,20
YpGSRLzkk8UOCVzd0Dpo3Q,5.721550554702681e-05,4186,birank,54,20
EQrRwkK6yv44_CEHuoZIQQ,5.7196682368641795e-05,4187,birank,83,20
fYolPq5NKp-fTDHMBrCT1g,5.7191397541857196e-05,4188,birank,78,20
dKfm1sngKAGthtEuW2fVWQ,5.7171433657430426e-05,4189,birank,79,20
9SVub2VmfgMmyqe3KQh3bA,5.7168705155565875e-05,4190,birank,129,20
vfuO_1C2TqbS7jlNvRt63Q,5.714477294644023e-05,4191,birank,76,20
sIgFetlP6tX1vYWYjkyq1w,5.714142225694179e-05,4192,birank,135,20
B4zE07aML4DoLFd8gMVMPQ,5.7122609169878026e-05,4193,birank,220,20
w0iWxESZA0Oaseol_MbD0Q,5.710212462389132e-05,4194,birank,64,20
XAAKCdk7KU5qLA42r6F4pw,5.7090774363987955e-05,4195,birank,244,20
IP2JfHtz4x2b-SlZ6i2ZZQ,5.7087509328965584e-05,4196,birank,36,20
3TroNo3SClF2vXc1OnC44A,5.7087509328965584e-05,4197,cold_start,15,20
0cwYcIySz-bdipKJjD4Keg,5.70843831369907e-05,4198,birank,72,20
ts28to44UDqPxIKIlt68yQ,5.708113379134245e-05,4199,birank,87,20
DkkosGugBW5g8h2k-elPxw,5.707627032515995e-05,4200,birank,78,20
GzYLKS6vjbZMfr3BYtq2Iw,5.7071580841486063e-05,4201,birank,137,20
ZNUmF2BHvp4fovXFTFW9Cw,5.705005909400247e-05,4202,birank,166,20
IM-dIO1caJbMcmv6BbozNQ,5.704193905969043e-05,4203,birank,57,20
Pxc8z7VOtkGNerrGvqzdHw,5.70383529915969e-05,4204,birank,273,20
BueOza2JDK5jNQRW7hHNxQ,5.701922550293664e-05,4205,cold_start,16,20
tvKZ9NxjgR5VwIZMKb32aA,5.701922550293664e-05,4206,birank,33,20
0PTuPOOXkmoP0s5STUBY1w,5.699557496420946e-05,4207,birank,43,20
2y2LhpdlHuGU6bkAHFSoQg,5.69906699193252e-05,4208,birank,117,20
DHm-sK53w6kFk92TK0SDIg,5.698660240484674e-05,4209,birank,34,20
oqZrIL_hCfWKrbETRVmvlQ,5.697255317695474e-05,4210,birank,141,20
UmIOlyZo4ehT9SlsC3Qa5w,5.697071037521597e-05,4211,birank,41,20
G21MuD1q2SAdZLjTxxPMGw,5.6969463804564466e-05,4212,birank,294,20
DOGobCECSZNaaDCevtG8Vg,5.6965372470028454e-05,4213,birank,120,20
dCej8zB_aXDFxxl8kcUC1g,5.695128507766814e-05,4214,birank,332,20
dUoSaa5JPSNCmI_vg3mbsQ,5.6917775433726335e-05,4215,birank,186,20
eGi5vLxSXjHkmubADGhFPg,5.6886477776967095e-05,4216,birank,20,20
cl5NjtALgaX7E-WL2DtiYQ,5.6886477776967095e-05,4217,cold_start,10,20
U6RX5K67l95kXzAnkmPesA,5.687524821383996e-05,4218,birank,112,20
VaJdXHK4VQDJO-idOGFbxA,5.687391548695606e-05,4219,birank,108,20
CwQGSvYCgmRRJMA9G28U6g,5.6859333493424905e-05,4220,cold_start,18,20
peFmuP97MqtYx7tx6j4u6g,5.6859333493424905e-05,4221,birank,34,20
M1r6v01bF7GQFH30FTbyAg,5.685106584130803e-05,4222,birank,468,20
-34c4hcDPIInTROr8Xtxtw,5.68343480883722e-05,4223,birank,71,20
zraJ8MD-n5ob6s7dSNzKFg,5.683284628918979e-05,4224,birank,28,20
cunUzAOeA9fdB8lwNGROtA,5.683284628918979e-05,4225,cold_start,18,20
wd1AqgQQdeoMCMEwvvs4ow,5.682468665509738e-05,4226,birank,55,20
mJ_itjZYQ_OA71q2NaWE4Q,5.681876735904618e-05,4227,birank,89,20
2KjXarF28RIn7_APW1b7qA,5.680454676016728e-05,4228,birank,59,20
YdDhLRxF5UJQhQzM5IKjfA,5.6791836501440394e-05,4229,birank,377,20
ciQrHorElL1_ekMewnsDXg,5.676313731887119e-05,4230,birank,70,20
IpCgkwUJ0UizDzvVCdnHow,5.676125084125944e-05,4231,cold_start,16,20
54q7tvEh92SREvpgSSBSnw,5.676125084125944e-05,4232,birank,22,20
sdK9vpfsqtQ2UHx8gTAWzA,5.671180946246391e-05,4233,birank,58,20
C0W9r59JJld8ZfJ3hEQQWA,5.6711738544209045e-05,4234,cold_start,14,20
f16Y4V9bTpLaGW2roDsstg,5.6711738544209045e-05,4235,birank,36,20
mMuvlDGcJrokNFd4ob9tcw,5.668319096333232e-05,4236,birank,56,20
968Pa4ZZRrRLW5KeWL-k2Q,5.667799529120466e-05,4237,birank,320,20
u7WBOKDV5JAqV4RACM1dxg,5.666658426979793e-05,4238,birank,67,20
H1FXzbmnMPXRfOrTo1qxKw,5.661446543673475e-05,4239,birank,239,20
va40jWz1dr0CHG4fIJgaHA,5.6613870824961825e-05,4240,birank,96,20
3RvolkfkPzFkAHKWEG0Wnw,5.6613106986837577e-05,4241,birank,108,20
GoX9xsurR2_UNsJTzZVkjQ,5.6611956982060325e-05,4242,birank,43,20
RGtMrLcbsss7lbZsdVYrqQ,5.660036417054958e-05,4243,birank,73,20
KQ3nXee8hW4GCUEhr0EeOQ,5.659007146422196e-05,4244,birank,84,20
uxzICSaSJuAgvWH5TOMXOQ,5.6575052470658447e-05,4245,birank,22,20
gsXBNWHWhHv_f9NcwpVajw,5.656157636009937e-05,4246,birank,81,20
5q__7PxcjaqxrzZTC_yrug,5.651556603558007e-05,4247,birank,43,20
a5dAEJescHGr_srX8Ckg-Q,5.6455028539750343e-05,4248,birank,63,20
rbhFtPqq8ZCKmEU-rY6VDQ,5.645064997047281e-05,4249,cold_start,19,20
XBFa8NAUrTqi_iea1moyiw,5.645064997047281e-05,4250,birank,25,20
QZcLPdsNijgiqz-cds3efw,5.642011107079197e-05,4251,birank,191,20
pj2A1tMl-p2ozYHS6FvHJQ,5.6403390523877086e-05,4252,birank,109,20
Ma9FrtHwHi6KgtwEbQyXTA,5.639975679538758e-05,4253,birank,45,20
fTc0orr5IcZMXUlH6iSmww,5.639634565593353e-05,4254,birank,40,20
WTromeqt10avsjuTPU8vgQ,5.639441700641127e-05,4255,birank,67,20
DZdE09qqCcX7Atf3Df7Yqg,5.6372877691709515e-05,4256,birank,82,20
3gK2T4pGgA7R26jhDqOgwA,5.6372534721937574e-05,4257,birank,95,20
u4YM2N8-9Q2tr7kEU-ubGQ,5.6371336570554514e-05,4258,birank,110,20
Bfn7SYzvvemCOnjyKd4eaw,5.6367402456268985e-05,4259,birank,108,20
tqBkgu2wyCjYBWuTQoy2aw,5.6358391537599656e-05,4260,birank,40,20
EmN85_ePa8uogLdjN0g6Gw,5.635481568614236e-05,4261,birank,60,20
ekBDNOCEzskY6VH5SBbGkg,5.635327258443593e-05,4262,birank,45,20
YHN77g2zWsEN1F_q9W_WdQ,5.63345348136772e-05,4263,birank,98,20
V9BACxNu_td_DJY65gWwBQ,5.632500820561761e-05,4264,birank,487,20
ir-ZYaFU_0YRF5wFEcnGbQ,5.631116429808805e-05,4265,cold_start,7,20
NJsbhSaByhVvpD2986g5bA,5.6311164298088044e-05,4266,birank,36,20
CuFEwNXR6ALDHfDMu00RrQ,5.628990431833204e-05,4267,cold_start,18,20
ACYt-FtXTGBEsA0P36s4Cw,5.628990431833204e-05,4268,birank,36,20
l5-v4ttXyiBccg6zaVHoOA,5.626654022328798e-05,4269,birank,73,20
Aj44kUBmEfJlUsGCvKJKtw,5.625428137018075e-05,4270,birank,130,20
mDsYJ6H79Eum9XsiqnvUgQ,5.6178972008139196e-05,4271,birank,81,20
7Uy5TkrhSW7KN_8RdIvOaA,5.615443675389847e-05,4272,birank,54,20
InGDZzyut2RLtPv5FPiLnw,5.6130212939831125e-05,4273,birank,81,20
IbpTkANgK_6LgJ_DaS94YA,5.612977532744632e-05,4274,birank,129,20
3LcxYHWulzue7Um9q_FK5g,5.612870950302679e-05,4275,birank,58,20
G2n77sQxr0XqPekhTu6HvA,5.612473427202268e-05,4276,birank,47,20
mFWFtD6bXdpLz8bDXe-LHw,5.611798764701125e-05,4277,birank,96,20
kLS3Sth5HvO0IjrXCCvXxA,5.6096152100163274e-05,4278,birank,243,20
5zpFnlaQd90ZNMrvPSzh_g,5.60482122540033e-05,4279,birank,74,20
r_N9LaJuiTaLKIkCAXxM8g,5.600420948918443e-05,4280,birank,93,20
Hbinc1W5pNPuc7cLdIvsRA,5.600108552255939e-05,4281,birank,76,20
3RwqdIWmBgKF3HpKSlHNSg,5.598861332561504e-05,4282,birank,203,20
jVGKURBMYqOmLirjAQa0yA,5.592313376579543e-05,4283,birank,42,20
CBqvnpCA-8SWAr1-iGF0kA,5.58967995544977e-05,4284,birank,106,20
1s8KM8GP5X3m7ck57tCFpg,5.5893148098864134e-05,4285,birank,54,20
Bcsd8ZedTR5VK1DcGnmDtg,5.584581520917207e-05,4286,birank,87,20
t1KiSVmxADW1LaxA2Wtj9g,5.579648515261717e-05,4287,birank,77,20
Gcm1Ob02cfVWlupegB8uQA,5.578606093484739e-05,4288,birank,73,20
pDqwlUlcYZUIzRGHLYFr3g,5.57848867804676e-05,4289,birank,51,20
dwoqTu3q0D_T2UfT7cgHqw,5.574791525522952e-05,4290,birank,89,20
9pbEWyLUfPWqmeOklf2v4A,5.5737678757359304e-05,4291,birank,42,20
_e9NcunDgXR1dp1XbP2Mbg,5.573352929033034e-05,4292,birank,59,20
636ljtr87X3WC_et1N9Aqw,5.570243573737545e-05,4293,birank,103,20
vlqcTafHh27AuDbYtoG8rw,5.5700102521513535e-05,4294,birank,46,20
EoXPPhjf617rKvEtJ-gssw,5.5654014105931476e-05,4295,birank,227,20
x5zkOBa82aH9dsB8-ZUNNg,5.56410910037682e-05,4296,birank,147,20
nLSxxer8E-c2Zs_asUvbzg,5.562146631837439e-05,4297,birank,143,20
GcKHHOs_LaI9uHh_NKJQDg,5.558958982845127e-05,4298,birank,153,20
QCZvkvipsfyZ_5uBy3PkpQ,5.558372755693972e-05,4299,birank,135,20
NHz8uMabvQ2nXk6CddCK4w,5.5562299419872076e-05,4300,birank,107,20
8J-hkpk56R9UX69YKNTtPw,5.5536613148340516e-05,4301,birank,136,20
1JYW2WmoighRK2b7fGZx4A,5.550312742781127e-05,4302,birank,71,20
Sjqs4OjzTRmgeLjX5meIeA,5.549470447395761e-05,4303,birank,54,20
zjNcjqgQlPrbnn-pV5YCSg,5.549149945600514e-05,4304,birank,111,20
ceB1XkRoJLbBPScXZsAF9g,5.548176605396266e-05,4305,birank,98,20
bBMH0iGXMYVdnT9cf6_hgQ,5.546901853639727e-05,4306,birank,59,20
TnlbYrBYKN57gct0XiMIuw,5.545640007391698e-05,4307,birank,45,20
eCZ4jBuyOjVhkrTMcXR0Yg,5.5456204908644786e-05,4308,cold_start,16,20
TiapTI04Gtgj8AhIN-9fqQ,5.5456204908644786e-05,4309,birank,35,20
gCINi30rKixICJXHD6olww,5.5439231772987584e-05,4310,birank,71,20
2GligoW65tr0PY0NE72WSQ,5.543895388432144e-05,4311,cold_start,7,20
W7IXC4Bq5jXOQVV6Cu1OSA,5.543895388432144e-05,4312,birank,37,20
kl1vPc0N7t4NPRhOD1LLrA,5.543623561022487e-05,4313,birank,27,20
jPVVH8cb_1gEQkcIZGxg9g,5.543571335110662e-05,4314,birank,105,20
WH56nCM5KEcFKChDchvKlw,5.534041049112817e-05,4315,birank,102,20
_eQA_RCQjBWQYvAR01gIng,5.531552001016619e-05,4316,birank,67,20
vSo2sV6k-wSSE5F7DeLHNQ,5.5306330232542255e-05,4317,birank,65,20
qvZcebJFv1hqdmccs0hoqQ,5.529633465249801e-05,4318,birank,70,20
OSV4mS8wLuRAu5d1nkmaQA,5.526379302261915e-05,4319,birank,67,20
M5cSoV0agFcGTmm9EsUu6A,5.525581375161513e-05,4320,cold_start,14,20
wSuEwNNOTSH8LJcH1PJAYg,5.525581375161513e-05,4321,birank,25,20
0jJf0DNHvYI0itdQSezsgg,5.5249578554849054e-05,4322,birank,73,20
95Pw5mF_PMbfvXN_K-mXWQ,5.5243130782291246e-05,4323,birank,54,20
KfBpr_NoldM9w0CugY32ow,5.522591366775114e-05,4324,birank,158,20
1PMAO9O8iQ3gIZlPEaJN3g,5.522212168224306e-05,4325,birank,88,20
XAAHadX1iU-ueAMPWZ--_A,5.5184525119412416e-05,4326,birank,256,20
ttmO7eejS-ZkDMSnuVn4HA,5.518129101979773e-05,4327,birank,217,20
lnzvlkjKKPLatw6Y7ThcaQ,5.517479964289786e-05,4328,birank,187,20
YJUJqez_Sg0hFDEXHYls0Q,5.5144017467488935e-05,4329,birank,50,20
GkuKfHyDtTeBlB0BAC_u1g,5.5134926145151026e-05,4330,birank,23,20
coh8PyHDBdrLQ_OvKtqC5A,5.5134926145151026e-05,4331,cold_start,13,20
Sfml-YTCGYKiCpLlP7dAMA,5.513246903555333e-05,4332,birank,93,20
B_CXPcgf8QzKbNCdK5oLPw,5.510423011068101e-05,4333,birank,57,20
ZzqqkL9mHsOnFHJvVd-10Q,5.504717531958153e-05,4334,birank,378,20
Y0TWCjiiXlFi2XO2cFrUzQ,5.503333868932118e-05,4335,birank,39,20
9ubQAHmhBHJ9GhDUzhAIjA,5.503333868932118e-05,4336,cold_start,19,20
_mM29ipaSjYo4zJZkswZiA,5.500672762003472e-05,4337,birank,70,20
TCYDFBbn6oW3sTO9Ub2hCA,5.5006370038975896e-05,4338,birank,135,20
e27sItQBZuFbBPz_Ucq76A,5.500118080854958e-05,4339,birank,151,20
S5oafgiMvZU5AucxmX2xsA,5.499473536579392e-05,4340,birank,45,20
np56UXojrRQOaBvBHoLHkw,5.499074075606378e-05,4341,birank,81,20
UWAOQGA2cPyGwPoei5uifw,5.4983468632909705e-05,4342,birank,171,20
v30UfHgDVZJSjLriIwnh3w,5.498186112991026e-05,4343,birank,308,20
BDRjqFfnYu-i9xvFPCxfdg,5.497964815780431e-05,4344,birank,842,20
WO0XzkChXtlYjzXSl4My8g,5.496531889278655e-05,4345,birank,392,20
VRf2SIY2glP1YZHHuEM5xg,5.495110761554451e-05,4346,birank,64,20
1lWASQ_QiT_RFPEeSvyF5w,5.492982219552575e-05,4347,birank,40,20
DLotTM0D0amdRFKrj-mR-A,5.489882617271981e-05,4348,birank,42,20
zMLA0-Qd9_4nHvovBaAMzQ,5.4886558958229666e-05,4349,birank,47,20
RAmtKHxjvejgx9Cs0tND3A,5.487565103008929e-05,4350,birank,64,20
JE4gQjflWbg9eg3CSZvAVg,5.487418694932047e-05,4351,cold_start,18,20
9LkxqWm0d-UnRWItuDRt6g,5.487418694932047e-05,4352,birank,30,20
akDpsA4iPc6_0pHbDWFyYQ,5.487247717089105e-05,4353,birank,58,20
YxQUHb9b4mREta5_Q012iA,5.4846836690060934e-05,4354,birank,66,20
M8gqtBtaryMw4a5QStE1QQ,5.479625373429245e-05,4355,birank,68,20
M7qv_LrFhOb-OIl0ma4DSw,5.47752970067581e-05,4356,birank,127,20
ohIBOQgD3M5CohT4BGpJNQ,5.47448606579793e-05,4357,birank,56,20
1v5n-Sb3HW_2Uhaq1X1PdQ,5.4743823478364946e-05,4358,birank,88,20
xVbVhae2MfC_7-2bEAVg3w,5.4711024835266004e-05,4359,birank,178,20
dYMb9V0rUmspH-59KnobrA,5.468698175587199e-05,4360,birank,30,20
EplLH353uir93Jo_Py3xww,5.468698175587199e-05,4361,cold_start,13,20
B93BiuxTi4M533Ll-7XYTA,5.4677484387990756e-05,4362,birank,44,20
QQiFz7ZkslaoPUJKZGKOxw,5.4670016403161764e-05,4363,birank,105,20
9bH5Xc39pDsh70N9vUdBGg,5.463501788386922e-05,4364,birank,471,20
_tgh9i0r9WPHakd_8PSTNA,5.4633314993793876e-05,4365,birank,93,20
rH0FgPdxWWhH4YFz4mempg,5.460156290328195e-05,4366,birank,63,20
Xn9XOYqXa4IHdHnaZr9JAA,5.456597644544729e-05,4367,birank,32,20
JYHpxP4OOohJqujb7PisSA,5.455772058814956e-05,4368,birank,75,20
-qCCfmWdjCC16j2AQUtOzg,5.454139838634275e-05,4369,birank,83,20
Znr5C75iByDDIk7C6wqgsA,5.4533159919558344e-05,4370,birank,130,20
i3KOe32WYfGmnL3CRTj4YA,5.450610250213136e-05,4371,birank,76,20
_ozCIOzZtIuAewuMYI_OqQ,5.449735168177211e-05,4372,birank,56,20
BFZbW19pFZlfKStxlETthA,5.4493951852565885e-05,4373,birank,169,20
zMy3Pr6j2ZndQyD0Q0ToIw,5.447085981012081e-05,4374,birank,80,20
PNPREi-W9kVr37KWqD11rg,5.4442213605073874e-05,4375,cold_start,19,20
0ERS4_k61Ea7VVunLcxlgA,5.4442213605073874e-05,4376,birank,37,20
CKGLRosqPBxH9-V9AfkAhg,5.443619929695694e-05,4377,cold_start,19,20
7bnDURjKCOgMxaYz1H7avA,5.443619929695694e-05,4378,birank,28,20
dPIpO6HJ6OuHVvPqooW7IQ,5.439911199661649e-05,4379,birank,106,20
AmLmrWRTBmtlAZHwMFrWDw,5.438270764957816e-05,4380,birank,84,20
WHzeDa97M_eU1FEZaLJ_tw,5.4349917566145735e-05,4381,birank,338,20
aWQ2ObC8LoMCpl4w33mokg,5.434546813641264e-05,4382,birank,479,20
LGY50abwQOxJPkq0NKe99g,5.433698204206825e-05,4383,birank,131,20
UxtQd1lQ96W49oMaVVFunA,5.4313964403365916e-05,4384,birank,267,20
xa49Z4ar0PXDgjZyHrqbHQ,5.4285361784248745e-05,4385,birank,69,20
4EffIBpRHXJP0mNZeRAYvA,5.4275274303974396e-05,4386,birank,59,20
I1LP0Vg55lwufnoNREE1KA,5.427393216586407e-05,4387,birank,110,20
crW3WgVBvfE14EzHD8jClA,5.4262575507541914e-05,4388,birank,54,20
F3GmlhW3dOkqsdEDFMSefw,5.4259184413424246e-05,4389,birank,78,20
642kv5mYCqYr6COe49HMzA,5.425269573847075e-05,4390,birank,60,20
DpptAi5gmMiF0O8zwXgxtw,5.4245426732084124e-05,4391,birank,127,20
qgwOoCqT86uzrAoDAcWU1w,5.423910527742794e-05,4392,birank,122,20
HkAFa-Sxivmj-QSvJuPiHA,5.4212053360898344e-05,4393,birank,140,20
283P7ZbkvsHfhZTQX5m96w,5.418480215747265e-05,4394,birank,70,20
RArLnyQn4RZrf1SQ9rOJcA,5.417677619829886e-05,4395,birank,69,20
t5u0uDavOY6M9qu8FLAs0g,5.417371572596081e-05,4396,birank,94,20
oOTk19z-imx6Dp2rlPOv-w,5.4163892883432714e-05,4397,birank,75,20
L9QTAucz_in5f-ufCrvb1Q,5.4160071202546236e-05,4398,birank,93,20
86BkHfhvm7pVTMUSyJlttQ,5.413892048969199e-05,4399,birank,55,20
1ODBqsrWYKcby46CHOYjRw,5.412767299325272e-05,4400,cold_start,17,20
TkjhBKKptIu-7xJb-Oxy4Q,5.412767299325272e-05,4401,birank,35,20
LVhlQGAochcp0amO6-OX-g,5.4117396366344515e-05,4402,birank,111,20
ufR8XREY2d0UTK5DUV2CzQ,5.4114827201974694e-05,4403,birank,64,20
seyS6QybAaG_1spjTa6CGw,5.410956582532859e-05,4404,birank,101,20
TvnqERlxc8lFnpERkP8JCg,5.4099159467515275e-05,4405,cold_start,10,20
noRCd744AD5cAT0nuq5Aaw,5.4099159467515275e-05,4406,birank,33,20
Nr9EiPqLbE1b_MARnmVxNg,5.408563028485483e-05,4407,birank,57,20
M8Y9fLh41CLMf9tZBUTaFQ,5.4083949033664863e-05,4408,birank,299,20
5FxHK-Uj55d_kadHKeuYYw,5.405707827215374e-05,4409,birank,255,20
-yi4ks8BKZ-_xcJYT9WLjQ,5.403747324639181e-05,4410,birank,24,20
FSWJmMXXKAXdL6mrc-DzBQ,5.402234683011787e-05,4411,birank,162,20
ilriW8ywq5HFs56Ux8pftw,5.39947131504641e-05,4412,birank,55,20
FozqhmYlHTylkb-Vl-GrpA,5.3993953707313626e-05,4413,birank,809,20
2QJSPJ8X1tM2eZ6ipLf1AQ,5.3925079948443254e-05,4414,birank,124,20
kK6rYQcyxW_FnuVh8oTT0g,5.3913304205486834e-05,4415,birank,65,20
GNSiXp4UpopespSb49upUw,5.3898603400644694e-05,4416,birank,52,20
8q1goL8IPTfNMdEPm5ssQA,5.3896097677657446e-05,4417,birank,519,20
cfPs7KkYQslLLlH9r83vMQ,5.38926974843989e-05,4418,birank,84,20
8D-7SxEW-HUOqp-TfM2oLA,5.388450177019798e-05,4419,cold_start,11,20
e-Oj6-L6oYNdCY2nB5tRqw,5.388450177019798e-05,4420,birank,23,20
RwVutdZEZMQn7qfnlWGL8g,5.386415135915678e-05,4421,birank,44,20
i7WnyDXKpT-mPaHEMY-HcQ,5.383178741226155e-05,4422,birank,44,20
NiNYF7i7FoT3PiZNpTqsXQ,5.38221067431975e-05,4423,birank,452,20
NVd1jVceqef5u7ZW1aKKyg,5.3803007738220715e-05,4424,birank,97,20
lLDB5H7_Uqpc9hUd_A3Xaw,5.375304655377332e-05,4425,birank,46,20
96U1zRixy6c4vzmXAxbhHw,5.3749001500668117e-05,4426,birank,101,20
loKMBVzemBJN0RMGwW8K8w,5.374759420606732e-05,4427,birank,49,20
S0-IvLgMuzpjGI_DpLs_pQ,5.374540220880176e-05,4428,birank,31,20
w5uSvE0aMDKQn_0l9vuNxg,5.374540220880176e-05,4429,cold_start,19,20
3YEBcyWeqno6DzyZcEP0BA,5.3724414829919665e-05,4430,birank,106,20
Wryh0Nc-YrLxdntgA0x2Wg,5.369202290827759e-05,4431,cold_start,18,20
Jg1p_IMDIMByJwELjZRODw,5.369202290827759e-05,4432,birank,33,20
FiTls64Ll9f9OeqwASM-UQ,5.365953113928967e-05,4433,birank,513,20
yklgi4y_mRyjayUuWApwGw,5.3658602560799996e-05,4434,birank,117,20
l79KYZl3I2gi2C0JZ77BGA,5.364558845546996e-05,4435,cold_start,14,20
q22g76Uy0q0bSIoR74iE4A,5.364558845546996e-05,4436,birank,24,20
a-dPw0ISYHoxMmWgd4mK-g,5.364464592282754e-05,4437,birank,671,20
6bP0RhASi3WQuObr-FmTFw,5.362535860308992e-05,4438,cold_start,14,20
etK5pTCprPuKJCtiU-iLKw,5.362535860308992e-05,4439,birank,29,20
vilQ4JC8lHKkngWvqOI9Aw,5.359939729937649e-05,4440,birank,41,20
4pPtSIMVH9r5aLHQ0HKSDw,5.3596734867070326e-05,4441,birank,63,20
7fGsiwsL-cg4UIXWys5fNA,5.358493963444113e-05,4442,birank,80,20
3XmJrin3l2fbTP201HElCQ,5.358063873575998e-05,4443,birank,132,20
q65rexCPby1q3kHpKNkMwA,5.3571687633727146e-05,4444,birank,144,20
dmylotBWcIExhwyyft5bIw,5.356491976381346e-05,4445,birank,50,20
UNcxebA44CQPwyteLFUuXg,5.355397437020411e-05,4446,birank,142,20
0IdDSSNGXZY-qH9In5cDng,5.354470236024934e-05,4447,birank,230,20
2PjqWbfEefH1AMpL4opE4A,5.351776022537155e-05,4448,birank,187,20
ILgCJSDgPhnPNT8oS5XH4w,5.3506242886654466e-05,4449,birank,35,20
tRGmKAtSfPwe4Sl7uY7P9Q,5.3504677736056954e-05,4450,cold_start,6,20
wkIwr6GfkhoodGV-thcICg,5.3504677736056954e-05,4451,birank,30,20
m0t-vuBHQOfC1ldTF6Dy7w,5.349626876853318e-05,4452,birank,48,20
JOiDhBBiSu79PdPnYx87Xw,5.348152748453451e-05,4453,birank,44,20
iryPcdtXO3HQfUzXBqzckw,5.347670077171717e-05,4454,birank,49,20
zN1nWYBHTL4T4onTRoqE6g,5.3472470590507194e-05,4455,birank,194,20
B6k9V9q3BaSCjWtDyNipfA,5.3447756013173774e-05,4456,birank,266,20
5JyEHdmTufydVTQsw4afQg,5.3437713136424055e-05,4457,birank,226,20
vQ_rxK8TV37QOS-uJvGGQA,5.342648565372345e-05,4458,birank,110,20
4ORRY2fYsRhwN0u8QjQNEg,5.339497268519383e-05,4459,birank,174,20
l8uzbLGk9CLjElcWGyBZ0Q,5.33811703681021e-05,4460,birank,113,20
5OpUORgAc84h2Z4ctxKCiA,5.3373989477967916e-05,4461,birank,89,20
dq-02omJz_ufg1F-BME0kg,5.3348399151333146e-05,4462,birank,163,20
6yw6rcys6FuMnbatD0lEcA,5.33276438004822e-05,4463,birank,53,20
5-JfStgLY03ion8gpUJF4A,5.327927133528712e-05,4464,birank,82,20
YMo-kArYFQu7JhyviZfYSg,5.324853568907676e-05,4465,birank,107,20
l5NgHzWPPHYe-ulHz6MYpg,5.323930448060894e-05,4466,birank,97,20
4PY2rKHXo7DsRdHvJNwAvA,5.323684261771331e-05,4467,birank,68,20
Xr5ceZ5Gq7cc8YuyLYz2bA,5.32346315792579e-05,4468,birank,363,20
SNzMPnNJgzaCtDY_uhW4xg,5.319823416138479e-05,4469,birank,49,20
mI3d2h5I2rbzRmBjAcD-8A,5.3145975933992054e-05,4470,birank,43,20
FOTp2JNMj0_SuDSPKYhixQ,5.309948052398609e-05,4471,birank,93,20
Q6gX_JvVZHW3N9Wkh6RXNQ,5.3096885113087296e-05,4472,birank,42,20
MCNO7rSHfFj4tllpFkMwSA,5.307631054172196e-05,4473,birank,231,20
oDDQUnbC0RCYJBjc00NRew,5.306605134673377e-05,4474,cold_start,6,20
wDE1AfRVCKUL11hKehQEfQ,5.306605134673377e-05,4475,birank,31,20
x4XipmTC_-o-3BLS9jst5A,5.305379209058865e-05,4476,birank,101,20
xtAgDi9BPtO6FdcgOtcyHQ,5.304956374752162e-05,4477,cold_start,11,20
uSw3X8i2qisTUmuoHbXsIA,5.304956374752162e-05,4478,birank,39,20
HqjKx2lWhVa8jjhPNkkLEw,5.3032793422739784e-05,4479,birank,148,20
BKvjZNKB5CKcVltuc-2T3Q,5.3019111526071766e-05,4480,birank,65,20
56R9jd6PBz9jEg_WDyP7Sw,5.3005168724068765e-05,4481,birank,382,20
2rmpfdyV2POqpXtmPHO_IQ,5.3002215477680964e-05,4482,birank,119,20
TlusNUxZToaR7yjn69H5JA,5.2977971092036785e-05,4483,birank,75,20
ZekJUkrI9XqSx6fZ7Izzbw,5.296589755908805e-05,4484,birank,122,20
9Hz4L2kothD6hzwcMa5-zw,5.292679862283997e-05,4485,birank,32,20
KM9IUOILUKPQ6-g0oCxZ6A,5.292679862283997e-05,4486,cold_start,9,20
13UgduZFJXeiTFsJu5Y8gg,5.292475540035454e-05,4487,birank,124,20
7TzBf-cZT2qXbfCt1yU8Rw,5.288994635592224e-05,4488,birank,81,20
p82PWptZxgIY34qRbKMk5Q,5.28589533434206e-05,4489,birank,43,20
Tyie6h1FTsTeyGm-2BnRDA,5.285594094942347e-05,4490,birank,47,20
jK58-2RpBsUbGKWRo0NlYg,5.285511313077705e-05,4491,birank,97,20
h6pRlwoIpAxco0CKcVLxeA,5.282850468030098e-05,4492,birank,23,20
doXrSxu1hoYiQNlmyWS5yw,5.282850468030098e-05,4493,cold_start,16,20
o6QW19rG1Xsy_ySsxqkpxg,5.276093042139386e-05,4494,birank,66,20
jfv6PEdL5KchI-DGJlnbWQ,5.2748551921963567e-05,4495,birank,30,20
Emrw1nbhx9i3_y05V3Y70w,5.274530023561655e-05,4496,birank,46,20
pt0SLWdKuqrv7KRMgpOhLw,5.272027611511378e-05,4497,birank,695,20
OEeQTVPtrKq4kPqdIJLrKw,5.270620893271374e-05,4498,birank,43,20
UIlOq8dHsaqOqTZJVvI8tQ,5.266725338898972e-05,4499,birank,169,20
Te2NUeKrrwcKbUFuRZEfAA,5.2658559590846225e-05,4500,birank,21,20
iaraHjNVUQEqTp5jla1yZA,5.2658559590846225e-05,4501,cold_start,16,20
QSA-x2bb3kum9QLFpy7vUg,5.264461232524604e-05,4502,birank,88,20
BfwzLf3NEt6D51zB8rNwxA,5.263729468979109e-05,4503,birank,76,20
U6oNVSJAngSFXcCzNBXgGA,5.261160517776406e-05,4504,birank,125,20
s0VpsfcyxwqvSGvvTPyPiA,5.2590517499456966e-05,4505,birank,173,20
TtFwubbGIKnVsx-0pa7KiQ,5.2558014350809516e-05,4506,birank,280,20
p5pQ5PKXiEc4yLxsL4TsFA,5.255120670247099e-05,4507,birank,404,20
00sOoojttpdZljH8VgOU0A,5.254557222555923e-05,4508,birank,163,20
wjUlOsBLLnxpprgI-sSiDA,5.253227925064741e-05,4509,birank,125,20
cUYw6i8MF_2WEdd2d8t9yg,5.252506000219784e-05,4510,birank,387,20
CRtP520-w6tZrGN2F53Ccw,5.2437035112591565e-05,4511,birank,45,20
oc6_IVWcfALGuXM7ZEz9uA,5.243630107360659e-05,4512,birank,268,20
qsc66GLioJicWLYn7VG9LQ,5.241639584862145e-05,4513,birank,53,20
PE5-eg3xvGDoCN1Ikh2rGA,5.2415770361078624e-05,4514,birank,47,20
OgCyBZICDLrOSWxgnSnMVg,5.239781825982169e-05,4515,birank,72,20
-H-El0POa4KEtmyDD4QvtA,5.238419968843868e-05,4516,birank,30,20
h22117eMO-kVtCOLYYL6GA,5.238419968843868e-05,4517,cold_start,19,20
WJhr0iwDJ-JWpP-BNuUN2g,5.237430617739371e-05,4518,cold_start,14,20
kQhmw4RexXf6rfjpiysjkA,5.237430617739371e-05,4519,birank,29,20
_8bELjUz5tnftBbXAxKyjA,5.233228086529971e-05,4520,birank,402,20
tKL_MbA8s_ZeU4RV5m-0QQ,5.230792812785226e-05,4521,cold_start,16,20
qFKjD2yN3gDqkoQEs51KZQ,5.230792812785226e-05,4522,birank,29,20
Gzur0f0XMkrVxIwYJvOt2g,5.228071436639957e-05,4523,birank,117,20
BGLwAUo3603af9_Wd06PBw,5.2259429059132945e-05,4524,birank,300,20
ocvQV-47kkkG19z8tmedpw,5.2248423708502575e-05,4525,birank,86,20
xvzsFqLC__nyri2ch3Pgmg,5.2217898579105565e-05,4526,birank,31,20
sSY87quBd3LjV5Rk-KcPPw,5.2217898579105565e-05,4527,cold_start,19,20
zarrSwnR7PDD-7w9usNVYQ,5.22102011417225e-05,4528,birank,286,20
YICdPG1yr1tzlZBd05xcQQ,5.219631977591444e-05,4529,birank,104,20
vRVoNDTLQl0lF212AjXepA,5.219063196083686e-05,4530,birank,60,20
dAtU1ilhVlt_uid1vTTbAQ,5.215797053079779e-05,4531,birank,167,20
-6kIZWnXPuDC6JiQJ-A1fg,5.2151625148668945e-05,4532,birank,544,20
8ohbOM0ulHhPuNAbtTMvbQ,5.214116874463975e-05,4533,birank,60,20
w0XIMGG5xwEwFdbXzkp8mw,5.211739909459636e-05,4534,birank,29,20
6o_nPu2NOnVkdHXvGy1tQQ,5.207658291305279e-05,4535,birank,168,20
exsmq71Wm_Ksf-feMK1UJg,5.206145765729574e-05,4536,birank,113,20
0iXeck2mrz9GVlffx6RF4w,5.205000543193456e-05,4537,birank,88,20
E0EQvhXujng20fskiuZWBg,5.203855044129291e-05,4538,birank,169,20
TK31nJa2D8wYzgR0yaxTHw,5.201446330227726e-05,4539,birank,20,20
-H6s1c2NRic5UKxXqi4FdQ,5.201446330227726e-05,4540,cold_start,12,20
htkrEPPQg6iH2QoBDjrEJw,5.199658966469228e-05,4541,birank,95,20
d9i5hq9hIjmp7RN2hsOTzQ,5.1943966088046354e-05,4542,birank,50,20
RVD0t9-pUTbcypj45FBsNg,5.1869959106239735e-05,4543,birank,90,20
g2tZiRNl9Yyo1KWPkvrx7w,5.186915605828082e-05,4544,birank,231,20
6VZg-hUWOalEUpW71VxtOw,5.1862868664941674e-05,4545,birank,150,20
mXnlC59Wqe_Q8lAxmchBJg,5.1854321776053565e-05,4546,birank,52,20
WgWZDEDf2mbbrmSOIFPDRw,5.1850792972886864e-05,4547,birank,52,20
fWgIjclFlprhS90KH9ltiQ,5.1841729717152325e-05,4548,birank,41,20
NLaldZMObLqNSoEe7QzVCQ,5.1841558336630416e-05,4549,birank,66,20
_aITm6sZmcPzlAsaMZUQew,5.1832140466222924e-05,4550,birank,112,20
AN0zjd-9W1vq1AS9UnOWrw,5.181843676905517e-05,4551,birank,392,20
ccH0aidX_Z7FeAGW2oejog,5.17845846714943e-05,4552,birank,91,20
GOiJ4IggzshvIdW7Az8VNg,5.175430591524328e-05,4553,birank,47,20
MCLO8oPfEmpUlL0mzAiqgg,5.1732590500868294e-05,4554,birank,30,20
oqJw3lpaoUMz5LtEpZ4Y0A,5.1732590500868294e-05,4555,cold_start,12,20
D8In3wk8UIf-d748UqfaiA,5.172316195530404e-05,4556,birank,164,20
OPrvuoKep0_TWK8K3ggKbw,5.171837293519566e-05,4557,birank,72,20
OAdo3dcxGc9SHZN_QyMp5Q,5.169899522148678e-05,4558,birank,127,20
7UCEKJGWBqeJ-L-DHw8Y8w,5.1698698679374344e-05,4559,birank,102,20
fnBifLT87rhowfaKmbXdXA,5.167512318741712e-05,4560,birank,48,20
2jGFCdLWvw_XyU1gBdaxcg,5.167122681892282e-05,4561,birank,51,20
bvXbo6lPfiOxRSrz6WhnLw,5.1658011393735055e-05,4562,cold_start,11,20
L_ugtIRUdU2h67jc6Z0b4g,5.1658011393735055e-05,4563,birank,38,20
N6qpuOBs3SE3wn9t0dRNIg,5.161410425047044e-05,4564,birank,50,20
8uBU5Jnjz1IwnR2wCSO0Ag,5.159316781177508e-05,4565,birank,48,20
HIMC5c38SCBvY_5kX_JVVg,5.159037573056724e-05,4566,cold_start,15,20
IQzNitwJPnwEnc9YRVbWuQ,5.1590375730567237e-05,4567,birank,24,20
uY7um5bWKhiVwzL0wakJXA,5.1510489720054784e-05,4568,birank,36,20
G7Hq19GVC-zcAFuvovvIWg,5.150782334990741e-05,4569,birank,69,20
7R_bnIw6n2wSf8SUAL1gLQ,5.148815672372279e-05,4570,birank,144,20
RM7pUkMtXZIO137ShDJsYg,5.146630922403468e-05,4571,birank,21,20
4mSdL2rei9tsT8xwsV-BBA,5.146630922403468e-05,4572,cold_start,18,20
RrqRin8BYGrTlJbCDwtLzA,5.1425637834846094e-05,4573,birank,395,20
uO8ITLi5jQJpfN-TCoIh0Q,5.140366558746344e-05,4574,birank,77,20
a-ouU5dKcMOYgOkftIX1YA,5.1398656483911955e-05,4575,birank,308,20
mvJazJqQvm7CO7kykpDptg,5.1368216551579606e-05,4576,birank,35,20
HguxlcVKp23-NdBGstw9Hw,5.1368216551579606e-05,4577,cold_start,10,20
qgAIg5FCQl5bUNpYvg_SbQ,5.1360916365529494e-05,4578,birank,145,20
g29mjp_JF_LqNxm7I8_sYw,5.133476882727194e-05,4579,birank,151,20
F4Pk3sNtkPCYLColKYpuwQ,5.131985973914186e-05,4580,birank,474,20
tKIY9qXUUHIqOXXyT5EB6w,5.1307930186734545e-05,4581,birank,80,20
HydbO3DkCWwU8aQ8wi_42Q,5.128014348535726e-05,4582,birank,98,20
UQLWfOGTF-7T2EQlUT92Zg,5.12614623247964e-05,4583,birank,68,20
XauY4RGt_kGgu5otwYZf0Q,5.1250531968705406e-05,4584,cold_start,9,20
nZ1p5FRHlrtMSXx18jRFqQ,5.1250531968705406e-05,4585,birank,28,20
EHA4yOCgMXGRJwLYYPJRRQ,5.1236497306993825e-05,4586,birank,70,20
GD0_sWqURBSZARKgNgbwRg,5.123026444052771e-05,4587,birank,59,20
Xbx0B7y0MAKgR4tqQvWazw,5.1224965562708086e-05,4588,birank,97,20
tHrf1mS06yMxqF78Ormyuw,5.1218566361396756e-05,4589,birank,135,20
YBxBdrzQZplVWNUymSGVug,5.1206653881874235e-05,4590,birank,225,20
9iFqDUOMifeoJ2v4z6U_Wg,5.120406453382068e-05,4591,cold_start,16,20
_ws0jviXOt0PXezpUVmHTA,5.1204064533820677e-05,4592,birank,22,20
tVghfIsGDOOx_6j6IBfNiA,5.117560801716306e-05,4593,birank,31,20
3ArvoGCDuPYIj-RIInT8Dw,5.117560801716306e-05,4594,cold_start,16,20
Ad8t9T_WH9b7bPLxkni-8w,5.1164561184210836e-05,4595,birank,62,20
AAsbz_OrSLtSoQS0aEbkOg,5.116277764358546e-05,4596,birank,292,20
M5eciMJjAiEmwI_TUWrU1w,5.110711969589109e-05,4597,birank,38,20
6Pm_uPNQMnLW3Pmj9N7F7w,5.105654873413264e-05,4598,birank,96,20
Fg0vS_HDz2kAJt3Q_VZodA,5.100990266403271e-05,4599,birank,247,20
sCd7CNY3gqF4hUXdcWJWOg,5.098985087603472e-05,4600,birank,133,20
oklGt-CSgK6EyAIUT94Ukg,5.097271564623288e-05,4601,birank,157,20
4G9WWWYD_jsklt8WGd_j6g,5.0969823979856486e-05,4602,birank,49,20
SWP5Cck3Hd_g-KWfVkF_IQ,5.0969509241895606e-05,4603,birank,46,20
VPuWZ4dj3ZvFuuaKh7Up3Q,5.0967941128133495e-05,4604,birank,316,20
dqhpX2YseNDqoWQCQWSc2g,5.095761146654826e-05,4605,birank,68,20
ZJsjHHgmtxojH2wJWtpvYQ,5.0956771504593804e-05,4606,birank,60,20
gRSMrEF92ZsC2MBlUr3iOA,5.094814752069263e-05,4607,birank,77,20
WRQ75NLY793uvDSlura5WQ,5.0945145767122244e-05,4608,birank,96,20
g9pWS5r05_fttDfV_hAI0w,5.0928081797551315e-05,4609,birank,159,20
41LdicYBvhBYLmDdXhB21Q,5.088743198301158e-05,4610,cold_start,9,20
anWreIkJb6fph7kNfuIHCA,5.088743198301158e-05,4611,birank,26,20
1sr2QUShlkVk55LN4Ehkxw,5.087758265357819e-05,4612,birank,52,20
L2tGLS6O9bwVbHWKJbEhRg,5.086206878392825e-05,4613,birank,89,20
MJDsMlul6Nd7nQd-xQE7Pg,5.0859622184517905e-05,4614,birank,249,20
sEMXzxvqmv_HiGJ1KMl6zA,5.0839531528525355e-05,4615,birank,79,20
nT8O_5KgbgGvMyIRVqL6pQ,5.0793408925881336e-05,4616,birank,121,20
6i2h2hYPEEG13A6mamsq9g,5.078084882763524e-05,4617,birank,67,20
Tl60fwcMb0lzJb5-a7yguw,5.0758853811941576e-05,4618,cold_start,19,20
opU4dlmPxPNQBrgzgy7TDQ,5.0758853811941576e-05,4619,birank,27,20
zfqfw3FizcBMfU1vJvLWMQ,5.075295070771342e-05,4620,birank,114,20
Af0RbLKk4U-GU8J9OsRfyQ,5.073742878797692e-05,4621,birank,71,20
jyRQNFeaGhdZBgf4kkWFlA,5.067782003037876e-05,4622,birank,32,20
pJlg7kXLJC5HFNTTSINNhw,5.067782003037876e-05,4623,cold_start,16,20
zGXgO4L7UdRB5Z1fzYWr7A,5.067081201973841e-05,4624,birank,63,20
6D0ItjpdAw2JRSuW_ge6kQ,5.064658805501273e-05,4625,birank,235,20
td1ykOOoMhGkW76D0N9dYw,5.06348517342552e-05,4626,birank,491,20
JlxvJPucR0TygeXiIYtrBg,5.06241348746197e-05,4627,birank,245,20
1YBqzpRWXW_Vb5grCPGRvA,5.06041832949949e-05,4628,birank,83,20
9RvqC8Dh08QAp4qtcSgjpw,5.060120933186576e-05,4629,birank,255,20
ZqBwsiBlMqiMTSjlXAenMA,5.057572891788118e-05,4630,birank,74,20
Gqly-fbSiUhgXGgP4hAx7A,5.0572575652981944e-05,4631,birank,95,20
YwglietQ41y_GVlnO9eBPA,5.0571969489374686e-05,4632,birank,52,20
1MpCSA9931OUqvZ3vTqzvg,5.05707777738261e-05,4633,birank,44,20
vJShIp6EhBANULgQhkd1Kw,5.055263635195767e-05,4634,birank,49,20
seH9xqqQEqL5Gw_psdXSig,5.049919256028064e-05,4635,birank,75,20
Ue4AxfCmx6RgFxsr2AqjJA,5.048136690830136e-05,4636,birank,71,20
WGU1LKJp9rLxn5wLWSUqcw,5.042222483356975e-05,4637,birank,68,20
jJrXxt3eQvKVoCNaCaaXcw,5.038191885179784e-05,4638,birank,74,20
CWBDmsVm1pbg7mcSrc4QcA,5.036492799740835e-05,4639,birank,42,20
S5SYHcyBG9HuaprVO_6jFQ,5.0355787815921326e-05,4640,birank,26,20
Hj68GMB1E31JRtm5DbQcPA,5.0355787815921326e-05,4641,cold_start,11,20
R7495xRbB78fr_VzGonJBQ,5.0347158909643607e-05,4642,birank,63,20
pCxSjSpNUh4ry3dBWPEvmw,5.0317684339361254e-05,4643,birank,53,20
bw47OCNHoqDMHGEgs5AqQA,5.0298690309641946e-05,4644,cold_start,6,20
zJYLn2m_LWeJb8eqGmi_TA,5.0298690309641946e-05,4645,birank,30,20
AapRf_d8zEmq5O3nr6mJWg,5.0297733493100096e-05,4646,birank,98,20
UxP1VK4lTLKRu9cgjGhdaw,5.02417420690847e-05,4647,birank,102,20
29ThPh6IA69V-SfcwfV9Dg,5.0220390595703924e-05,4648,birank,805,20
V_L4yNgqG1zVbrvy7lgOWg,5.018650570058749e-05,4649,birank,92,20
mtowE4p6gOgyGrHAsMz-rg,5.014610771082593e-05,4650,birank,99,20
I9Fwoe-BZ9NGqr8YHVg_pw,5.01260625743512e-05,4651,birank,23,20
_BVW1RVFyPELn6K_mhwIMQ,5.0087928763604974e-05,4652,birank,97,20
JpH5dhrs9nB-DEoX2dbZwQ,5.008750081252175e-05,4653,birank,88,20
lgoYB3YiKPBkMq51nv0wPA,5.004687275548069e-05,4654,birank,110,20
ja7cjawPhBMHsKeL_popDw,5.004130726137034e-05,4655,birank,73,20
YaLZlatMJU_eXurZXtihHQ,5.003058651553971e-05,4656,birank,35,20
58OuqehnPxdFq8gWR_hBRw,5.003058651553971e-05,4657,cold_start,10,20
pXKUrKDnNzEW9rD3urTA5w,5.001871537135105e-05,4658,birank,59,20
Guxfua9nFaZr3aCAwH4bzQ,5.0018365095549395e-05,4659,birank,93,20
b8jbsZHfrGZCVPjI9KXV_g,5.0017528128184725e-05,4660,birank,495,20
UdvFMoayRuRBuHoOXBBqBw,5.0011809499956283e-05,4661,birank,233,20
1my6j5BxJysPqUkkXsKUFQ,5.000218613353792e-05,4662,birank,44,20
jh1WZm0fRwnjMv75gvVYhg,4.999732912709299e-05,4663,birank,89,20
FUkVxA0IhTvsBIbwUdkzdw,4.999105505302221e-05,4664,birank,300,20
GcrYv6PwODfV1NoQGdfKNg,4.997681793765396e-05,4665,birank,46,20
iwYEJXSabFsVK2Au4fdWLA,4.9954644480867257e-05,4666,birank,72,20
-Wd5KqFszREg0XdXfSv5tg,4.995130504259636e-05,4667,birank,83,20
Q3_Z2oFu9D67QVB1uJTXyA,4.9934545707330113e-05,4668,birank,43,20
hrxuwAwj7TIgAgo6TkPEMQ,4.9924604554391674e-05,4669,birank,237,20
1Q5c2dyYzgMW0KBDNxahXw,4.9911572372191625e-05,4670,birank,63,20
PYDIhqvAXhEtODBu-TwJ7w,4.988554700068783e-05,4671,birank,108,20
44K-t7jqrnVqRgth6F3tvA,4.982176765848943e-05,4672,birank,157,20
U2bIdbGjmmpw3BQj20dn5g,4.9817072602287884e-05,4673,birank,84,20
AvYzDybffU77KZdXZbTOXA,4.9802460339238546e-05,4674,birank,133,20
QD60OSYzQREO836FG_vplw,4.97834474320458e-05,4675,birank,153,20
PCmoZ6i5fXLKti6SmykDNg,4.978233400366665e-05,4676,birank,141,20
RJ_FlAlEUf8ALPxsEGn1Ig,4.978000315986709e-05,4677,birank,284,20
6D6QLWKg-pO5yl1u1k25ZQ,4.97703383716573e-05,4678,birank,823,20
c0Y9Fi2KSrthgsczdAPZ_g,4.971230754181852e-05,4679,birank,26,20
UoNpmrih4LnzGTZCqltIDQ,4.971230754181852e-05,4680,cold_start,6,20
IlJ34JsYt_A218sR8edxxQ,4.967229987103806e-05,4681,birank,290,20
YqGx9kaJRqEeTUs-EcKc2g,4.967099169235803e-05,4682,cold_start,6,20
dJYn3HhPt1irQZu-Q587aw,4.967099169235803e-05,4683,birank,37,20
KwJY9y6ss29PCkL52kRxzg,4.966141941100174e-05,4684,birank,112,20
qxpllw12v4B2seew25aWVQ,4.965070414548504e-05,4685,cold_start,18,20
bvCP5AUnA63vPzuLXD_tbQ,4.965070414548504e-05,4686,birank,33,20
n-WO5netYEXLiC6bBJrF4A,4.9640662486420186e-05,4687,cold_start,16,20
F6L-QB98RXDfNynYuUIYKw,4.9640662486420186e-05,4688,birank,38,20
GWr6EEZMlXMGlJ9VoKbe0g,4.963252324690681e-05,4689,birank,20,20
MoSyhSKj62gqBJyR_e5kIA,4.962898219060155e-05,4690,birank,76,20
T6HVr4su70-JEo0XDDV9dQ,4.9618690079281524e-05,4691,birank,142,20
sZyBB8wv0O1We1x40-Edug,4.9603334548945444e-05,4692,birank,60,20
4Y84551O9LXWL8cBVWRWEQ,4.960102382496531e-05,4693,cold_start,19,20
sWvT_QquWQN5gyNksqMmbQ,4.960102382496531e-05,4694,birank,22,20
Nco5LfpnfjWkE2XoEexF-A,4.953675706399152e-05,4695,birank,55,20
-JcSG0yNk06hpNWagOKj9g,4.9524896690289026e-05,4696,birank,59,20
cy1qlowyE-zHmzfVyBFOJg,4.952006604366857e-05,4697,birank,37,20
zqAPDoI34MDtNjvCWe3WKA,4.952006604366857e-05,4698,cold_start,13,20
eh3qGDOXDY3I4dk6UgCMFw,4.951489405924066e-05,4699,birank,69,20
5cpb23lEQ5brolyKRVBhgA,4.9506337329274746e-05,4700,birank,62,20
CB9wKiWLAwP6acj9Ld9uJg,4.94983371301916e-05,4701,birank,168,20
Loa01TIJDtjQ4_UomBpbQA,4.949367367483327e-05,4702,birank,429,20
7Xs44M4gmghxrJgU_xzppg,4.947828070234375e-05,4703,birank,169,20
44QTpz3cx4dHHvOWIPhsYQ,4.946092869965932e-05,4704,birank,67,20
K1h9s1n2679DxUM2cuMZXA,4.945453629180432e-05,4705,birank,152,20
ISFFAMis6f9ozFO2MHnuDQ,4.943546914291227e-05,4706,cold_start,17,20
dJ6M_mkBIkKignlonnx9Xg,4.943546914291227e-05,4707,birank,30,20
ip4LFXDktVPxnyq2Ld5i0A,4.9429523030125257e-05,4708,birank,48,20
RpY32D_zRYFQPYHlrkDi9Q,4.9413971453651296e-05,4709,birank,87,20
XZfgiMT8fZtGN1KkecoSrw,4.9409463620901666e-05,4710,birank,123,20
9P3pSXCxp5CzTq96qhTdGQ,4.93925289728776e-05,4711,cold_start,10,20
CyKEqW5UjhPB2pMEPrUsYg,4.9392528972877596e-05,4712,birank,22,20
jRmAvtGQfJz9Ye-Jq5gbUw,4.938297281833382e-05,4713,birank,37,20
t5xOcXSHGfJPevy_gavrDA,4.937219820265788e-05,4714,birank,111,20
aCAsjSh0aaaq8UsPHGtclQ,4.9362586567581805e-05,4715,birank,30,20
FyuCXTESXWjQ_H44deA49Q,4.9362586567581805e-05,4716,cold_start,14,20
gcQSAQIx-KQOdf5E8HF6Lw,4.936227218603097e-05,4717,cold_start,15,20
0toZzSP7i5JVrIVZKN2e7Q,4.936227218603097e-05,4718,birank,21,20
Gu5NOPTGyacbzP8TE6cwug,4.9357775084090194e-05,4719,birank,26,20
EwYjw0AD5BrqART5kFr2_w,4.9357775084090194e-05,4720,cold_start,9,20
AX9ppYZHLiztWo2v4DXO2A,4.9313503371713344e-05,4721,cold_start,16,20
NG3SFWgDgjMMpIJoQoQ3XQ,4.9313503371713344e-05,4722,birank,34,20
gyOiiM7g2ylYK_WT5vLFyw,4.931343620186843e-05,4723,birank,163,20
3Rn91lErljcpt0sY31bXQw,4.9295966868550814e-05,4724,birank,87,20
bgHVKRpZ6xotlAuw9VSLZQ,4.9192754172752765e-05,4725,birank,94,20
3kNwvKixMwe44dWvQd5PAQ,4.918784127412368e-05,4726,cold_start,12,20
Y9cp0wO7SeDn-kpT0Lt-LA,4.9187841274123676e-05,4727,birank,28,20
7BZo_arIR_qvyyVMRBxQDg,4.917574519649859e-05,4728,birank,79,20
Vgkz-0jEkYig7_WPTiTgyw,4.9139915737031226e-05,4729,birank,1273,20
hYPKB8tm4YIz0K4qm-y_6A,4.912086334180459e-05,4730,birank,108,20
zXXzimAYL2m4Jkul0iHUPw,4.9096418569079644e-05,4731,birank,69,20
Bsq3-p3cDBi7bfgPDJq7aQ,4.9091958695437355e-05,4732,birank,122,20
3rS9fNuUmpMdCP3AFiQKQw,4.903787224066444e-05,4733,birank,33,20
0VPTpRg_99ZoQyYuf4sntg,4.9025208434825103e-05,4734,cold_start,18,20
X8RDdUddf4CKPvhfCS-shQ,4.9025208434825103e-05,4735,birank,23,20
ErW5P5HJy90GNzVNpR14HQ,4.901420703792984e-05,4736,birank,25,20
mLWZQtqebGFaHGN6Ix6Tew,4.901420703792984e-05,4737,cold_start,15,20
WhzPmavp93LcoFVZSELUSw,4.9008948496403736e-05,4738,birank,41,20
_RRGOrzVgsEE4MlHHZE6iQ,4.900636388378642e-05,4739,birank,55,20
8n93L-ilMAsvwUatarykSg,4.8984250092124985e-05,4740,birank,68,20
kFSwmSUiHO4FEl33FdA_XA,4.8955151639434246e-05,4741,birank,316,20
C3W3tf6R91zLIlvF64Fleg,4.895091266395388e-05,4742,birank,72,20
sWPnsdr580BiXjUwUTQK4A,4.889894753040281e-05,4743,birank,51,20
9jnGGPtzKMwIPTnv7HkiNg,4.8882699874024976e-05,4744,birank,34,20
UsfWvnkNmhpD4ntbyIURow,4.8882699874024976e-05,4745,cold_start,9,20
BAWF37UN61D7P3ITVuDRLA,4.8868312953392734e-05,4746,birank,40,20
UPeIqSldWfA5M4gA--z-Yg,4.880984883121129e-05,4747,birank,88,20
-0epFLgYq2C1Jo_W4FOBKw,4.8749113994765976e-05,4748,birank,39,20
OCuodVY_jdUINB8KADuJqg,4.8749113994765976e-05,4749,cold_start,16,20
p-P6Vwx5TVXgnk6mNcV0zA,4.873904821111426e-05,4750,birank,187,20
p0WJbIveBMc2B4jZ3ZjLqw,4.872028140008358e-05,4751,birank,108,20
HvFHRwDDu36nBGSyEv81WQ,4.871353377161721e-05,4752,birank,22,20
zaVDhiikQDCV_kSmLBWflg,4.871353377161721e-05,4753,cold_start,11,20
q_CK-buoiPFNDoNNU1yb1A,4.869188335081978e-05,4754,birank,256,20
ihfw3MPioHrRsn7E0Xqj_w,4.866780190129445e-05,4755,birank,128,20
mC0O3s_moqKl6iLa6sChYA,4.866422912027948e-05,4756,birank,34,20
OyPQNwQtCuYkFuV3FlsnnA,4.865752065163188e-05,4757,birank,80,20
FZy-r97c8ifPtl8FMz7r-A,4.865288801678685e-05,4758,birank,134,20
4h7LohcAIj--xLHiF6ydzA,4.865163298487271e-05,4759,birank,50,20
AYCStuk7tHVX9Uuw0j69LA,4.8644034612792366e-05,4760,birank,46,20
InI2O9i59galnR563-A9oA,4.8637512485276034e-05,4761,birank,110,20
6HRbMeGq5Y4hqRkgXnG6Ig,4.859093539937485e-05,4762,birank,76,20
T1ujc3o1TVkr0DIc3kCjHQ,4.858076617416269e-05,4763,birank,35,20
TKRB31Z2z-GfpfYB2vaRjw,4.858076617416269e-05,4764,cold_start,16,20
5k1Hk_ETYdNASh4IrmCXKg,4.856422227988186e-05,4765,birank,193,20
cW2jouXxw1XFN8t35hnrDA,4.8552854185318694e-05,4766,birank,41,20
cvCNRnspcGjrOVMaNtdghA,4.854023805794329e-05,4767,birank,58,20
QlgkDPk0aS19t8L4aKT2zw,4.85034364367506e-05,4768,birank,53,20
ts9AK83XM3506jXA8xd2Tg,4.849361391142085e-05,4769,birank,109,20
pKccrz26dHNUcR5ShhoKJw,4.849102820726633e-05,4770,cold_start,19,20
aneH2uJ0sIF_nYfYYNXhhQ,4.849102820726633e-05,4771,birank,21,20
WDaJ3F7PmH6yoLxlNih1Hw,4.848486066963097e-05,4772,birank,46,20
ezx74ix7nc7ZpDQ29Rkn7A,4.846660898357808e-05,4773,birank,29,20
YygPa1o7gZKkv-6VYDh_3w,4.846660898357808e-05,4774,cold_start,19,20
uR--z40doqUJNP5WVsSKLQ,4.8459428191193384e-05,4775,birank,84,20
su7Yky-5T1ZD7FTGg1qMag,4.8423554368466436e-05,4776,birank,119,20
fgDaZkRNZbxdXzsj04xa3A,4.841420546124696e-05,4777,birank,335,20
4qT8pELXdpJVqnLTsHyDeA,4.840465358686141e-05,4778,birank,50,20
QfntRgLd_fR0krYYZWbeLg,4.8391473093547645e-05,4779,birank,77,20
ymurmddywqW-2D9Yp-X6jg,4.839048032122965e-05,4780,cold_start,11,20
kxvW5Mfebywb0L1HTHdX3g,4.8390480321229645e-05,4781,birank,27,20
zXCB28oFHB3SFNPKIDpdfw,4.8361211976119044e-05,4782,birank,465,20
5y4o3Tx2eQhXsnUpgYFolQ,4.833270031897203e-05,4783,cold_start,19,20
x2B34QWTjOt2-HhXXinyjA,4.833270031897203e-05,4784,birank,27,20
hKfs-tsper4UuAOiG23z2A,4.832847413054818e-05,4785,birank,34,20
JaBxw6oXYaizlh5Y_DoKkg,4.832034980915486e-05,4786,birank,39,20
cZvHhdp5bDqYFcVfRDER4w,4.832034980915486e-05,4787,cold_start,19,20
-hmRPTs-6XK3wnSN7IYgug,4.8316811055804836e-05,4788,birank,48,20
rApszehZejreNYb4yymzTw,4.828838828332715e-05,4789,birank,162,20
AUzVAJpsqxCpUz7ktn8QWQ,4.8278010783634505e-05,4790,birank,40,20
nB3izx-1CtnSx1WJqhFmqA,4.8264234997045346e-05,4791,birank,73,20
LYgLZ6mMp15rpMJqOEEKPQ,4.8247603806223134e-05,4792,birank,87,20
FpnBK7Rj47VmHQ3zE5oYyA,4.8243948489320924e-05,4793,birank,60,20
4MbJl_Pn4xqTHWWf_w5KHg,4.8232192304818643e-05,4794,birank,555,20
KsUimGJMBc7hNcNtZVrvRw,4.821267420774814e-05,4795,birank,53,20
fLD1la2uhl9P39CSJkk8NA,4.8209622188753175e-05,4796,birank,40,20
Ox6MY2s1Nur-yDCVpKcmDQ,4.820836179768696e-05,4797,cold_start,12,20
BebEqKsRAtZj_lPhj-Aptg,4.820836179768696e-05,4798,birank,37,20
x15WdO1CEan8yqexBNNOhA,4.820750612682206e-05,4799,birank,97,20
kP5igN3XFPRHvEaunI28tQ,4.818665642132467e-05,4800,birank,114,20
Zlb0FD8BRAwLFIngXe0saQ,4.8167599652991875e-05,4801,birank,288,20
wvi3MRCklSZgu2nQQMyhQA,4.8150516672186736e-05,4802,birank,85,20
igQDFfrOhici5tlZ3JkNhg,4.8088628917868994e-05,4803,birank,28,20
vRm7mIVRfvzvBKhDe5DsOA,4.8088628917868994e-05,4804,cold_start,12,20
XxvGmAlvZE-8cjDZF_39nA,4.807409378004626e-05,4805,birank,37,20
gnn0wUyQP8foe2_vkIT4fw,4.807409378004626e-05,4806,cold_start,11,20
AAYzFH0HjSUNL2nLScutxQ,4.8015638928426815e-05,4807,birank,128,20
vDhOjSNfgA4eE1Rj88-XDA,4.8010373016183015e-05,4808,birank,60,20
girDKh9waA2VA81x4h02Lw,4.800929669282588e-05,4809,birank,79,20
6LA1ttZl3vLl3YBg4IqZWw,4.80083900161859e-05,4810,birank,126,20
u5dDEh6EO7PyTzOSwJV92A,4.7996712518932926e-05,4811,birank,50,20
QVDdV_NeGwLho6qtBYtjuQ,4.7921734922138124e-05,4812,birank,136,20
QZJklQcVn5EqDarlAEwkZg,4.7900346701709583e-05,4813,birank,21,20
xiYFy6hcF2dXYSRUqXIjbQ,4.7894458636206744e-05,4814,birank,73,20
VSIUiDAMrrQVsfbLfquo2w,4.7865856233907896e-05,4815,birank,45,20
ACHVRhkmpCuT7WQQjzt07Q,4.785017917753579e-05,4816,birank,85,20
mwHeR8ad_drLy95cf69TPw,4.78491643410033e-05,4817,birank,63,20
OtIjTZZmMZwOyITdGx6UMA,4.783765621775064e-05,4818,birank,79,20
1jx1sfgjgVg0nM6n3p0xWA,4.782825862846138e-05,4819,birank,142,20
Rr2zNZ6d9_yipQLsdDq4tQ,4.782810070258508e-05,4820,birank,61,20
zTwWBZxB_G30buh26RKsHg,4.780566228421214e-05,4821,birank,58,20
52pgQaYBZx8axZK4mPn0Ow,4.7798109668993984e-05,4822,birank,76,20
DSz81CMeUgy9zYFLQhNJ4w,4.774896762056545e-05,4823,birank,45,20
kI173572bzkLY8MozgF_jQ,4.774073426027194e-05,4824,birank,49,20
5KxfyMYdLWzSIfrYnrt5MA,4.773754232896161e-05,4825,birank,53,20
7KZG7LzkzIbPm_r1zZolDQ,4.773639694674529e-05,4826,birank,66,20
tooCLsBJgtfcZLcpO_0hsg,4.77071627748867e-05,4827,birank,218,20
aVmuaNh8Z8gKSkoP418H9w,4.764089387869319e-05,4828,birank,37,20
WWUEE5l_tfYkVZtLAascoA,4.764089387869319e-05,4829,cold_start,16,20
CgAthB_K1fmD2OUpmYBRuw,4.762454899515769e-05,4830,birank,58,20
zwe9H6Xxqb1_E09A20Ptgg,4.762418770502206e-05,4831,birank,87,20
KBtJ98QUDu3LCESV33YxcA,4.76089743009231e-05,4832,birank,53,20
iQ_JNYzwvhSsToR4EHl4cA,4.7602851990006624e-05,4833,birank,126,20
GaqEQ5kQx674pGekE2QKpA,4.7599968953608744e-05,4834,birank,35,20
Fv_snoYk6oI_t_YfLM3MFA,4.7599968953608744e-05,4835,cold_start,17,20
Bx99-hT49G87I9S1V_6ikQ,4.758715765445003e-05,4836,birank,90,20
wJGuXhM6Tmx4gEp2IiTBHA,4.756440841328395e-05,4837,cold_start,19,20
5IcW2DreCu5zrDpll01BzA,4.756440841328395e-05,4838,birank,30,20
CPk6ozrDMy0ohC4-z0kGbA,4.755155654250355e-05,4839,birank,107,20
gbd0TWFMHhTyabgPC8eoeQ,4.753948540322951e-05,4840,birank,30,20
enrfGLDwo4We6Oi38qUJxw,4.753948540322951e-05,4841,cold_start,11,20
Auc20f0uYTIwPnJIqcdmNw,4.753519837960508e-05,4842,birank,121,20
X6nl7nLPHdBHzjmGvrVgXg,4.750767060404828e-05,4843,birank,22,20
GGW9w93__Y1wFkjMJA3Ygg,4.750767060404828e-05,4844,cold_start,13,20
Xj2Lym4T6NXYGfmZmZDFFw,4.7487876257686346e-05,4845,birank,34,20
fwb5klTiDBcBwFY8WqzX9w,4.744720536538095e-05,4846,cold_start,17,20
-F7XzFOkZkh_J66oKTRhrw,4.744720536538095e-05,4847,birank,31,20
cAgokhC70lhtn5jyyM8enA,4.740604353850777e-05,4848,birank,105,20
VtcBA2YXmCPdD4AxZbv7iw,4.740407673570397e-05,4849,birank,141,20
gwNlSSV0hGgNgTqPprj4FQ,4.738185532960202e-05,4850,birank,178,20
3XDHJmmBZ6TaqHTykXG7pw,4.737099577384304e-05,4851,birank,85,20
TwXdnMqRlT7mrRCOUcKhJA,4.736597256313563e-05,4852,birank,49,20
sTQDxlvt1fxBXvu-bvE7Kw,4.736482651766762e-05,4853,birank,277,20
VavwOmhVo83fOnuOw_WQPA,4.734426814626446e-05,4854,birank,43,20
3JTyLA0by0oTDeg_j0HCMw,4.7249230651735824e-05,4855,birank,44,20
rxkYwRxChYy8KlBcLEOAfQ,4.7230786670056706e-05,4856,cold_start,18,20
rL_DCiDWJS901E1LqH3xvA,4.7230786670056706e-05,4857,birank,38,20
9E-niGRtxsbA0xiTHfsKIw,4.720327898073809e-05,4858,birank,25,20
pds8bhq4azIP28OhTiLsDQ,4.720327898073809e-05,4859,cold_start,14,20
vpb8wjdX38PFHO0XoXzX_g,4.714008281648841e-05,4860,birank,147,20
QSzK9qwKPOIuxjflT6GOkg,4.712190453215119e-05,4861,birank,44,20
D1Z06FgUfwdV9dhMW1o8dw,4.7108757477259936e-05,4862,birank,51,20
2TYaq5AfaFi8kv_eacQYrA,4.709827623664956e-05,4863,cold_start,16,20
csykRUzx15yMpFbzD-BApA,4.709827623664956e-05,4864,birank,26,20
iZi0sfFccB8ZiC2NZun3Yg,4.709027250934486e-05,4865,birank,231,20
2HkgsHiqWwEW9e44Vhw8DQ,4.7079247019775675e-05,4866,birank,61,20
sg4zySgp0Al1WNk-JhTbHQ,4.7048547947110084e-05,4867,birank,80,20
v-oSCziSbc_S8Ko5nUOI9A,4.699791901872715e-05,4868,birank,67,20
LMeczyPxu7WZNi3HKWGoUg,4.698027974089514e-05,4869,birank,59,20
6rCL1hsSx2KEzq0oDfBcWA,4.69645167162468e-05,4870,birank,63,20
bpEiVcivZFHixcDGKXQQJA,4.694012994374913e-05,4871,birank,53,20
ffi48yk8tmg6NY9iIKZBBQ,4.687326181221493e-05,4872,birank,53,20
3gqWbaq86WGLScQlcMXEyg,4.685664827330697e-05,4873,birank,86,20
NwXPU4XBNFCpltHf6TlkHA,4.680540566140745e-05,4874,cold_start,13,20
OJQ-LAvYrCmGlmN3d99fMg,4.680540566140745e-05,4875,birank,26,20
ElCZ_9z_1Sx_FtgJokbrqQ,4.679241510023371e-05,4876,birank,170,20
_8Wq8lh2uJoMTftYtNAC3w,4.677812790215852e-05,4877,birank,39,20
Q1jnPDnpmUc6U6U_-wbgAw,4.6774472948998734e-05,4878,birank,320,20
xX5X62eyo8OkvmhoI84tjw,4.676925612542854e-05,4879,birank,53,20
29OSyDLAiX1nxP1SEaSWtg,4.67571573327575e-05,4880,birank,58,20
frjcpNfDx3dnCi-8YCVXVQ,4.674975372808247e-05,4881,birank,183,20
7RinFVNZHfVbXofpeO0cjA,4.672360053594426e-05,4882,birank,68,20
oxISlLklo1F5nMiyqho6PA,4.670972930309004e-05,4883,birank,38,20
F7FYN-nZ_Vb4o2oaPJjr-A,4.670972930309004e-05,4884,cold_start,18,20
ZFSt9QDyAgz5qKRfxCZWAg,4.6709707422055644e-05,4885,birank,887,20
X85AplVLxxc7LRlM7QmwuA,4.6706214275888384e-05,4886,birank,67,20
kQimxI9wOXrQjcdfwsOw-g,4.6704473957891785e-05,4887,birank,64,20
8Aavn4p0d-OX3GtHcLnGgQ,4.6678070201276096e-05,4888,birank,342,20
OjS4cZZxlyTvq6y9idmkjw,4.667541915789145e-05,4889,birank,50,20
PC0z5dgURsstoS0-APO4qA,4.6663438413523086e-05,4890,birank,45,20
D4_SY2a4YnoFhrwHeYVioA,4.664181177821189e-05,4891,birank,164,20
CcaYQDslcBH_PA0wbwZtKQ,4.6635627615282475e-05,4892,birank,86,20
4pyR9gY74U0cRWZDB9C6Cw,4.659118003341666e-05,4893,birank,84,20
k41dv3Pjnx0fHgkoyEz4Jw,4.657029944176459e-05,4894,birank,87,20
SzCgcj-r-iEzWtRIuhmr0Q,4.656235825650775e-05,4895,birank,53,20
cCIipUy2DdUS47MawgjMAw,4.656095227573455e-05,4896,birank,185,20
1QprdzNzcYKRcSTIfh5BGw,4.6549118794874834e-05,4897,birank,86,20
_-GYicUDtfIfMs2SiXdJIA,4.6544502067904226e-05,4898,birank,104,20
Hpe-2Omu5-U3S2NrouHcdQ,4.652027142973813e-05,4899,birank,45,20
PKQ8u65he4JlUpUCS200cQ,4.6516798683819594e-05,4900,birank,35,20
rLy6X5J4tPvzQ9BTHpsLRQ,4.6516798683819594e-05,4901,cold_start,17,20
vIozkqGCcKZteMYouua5Cw,4.6512754696212694e-05,4902,birank,34,20
AoboRmPP2tFZctiav2VAdQ,4.6512754696212694e-05,4903,cold_start,7,20
mYpMQvpdD78ZCZj_8XPUQg,4.649706019079066e-05,4904,birank,64,20
ZVkrLNK2Z6zSeCn4U9A7rg,4.6490431862909065e-05,4905,birank,113,20
ODHL8UzpkNvbYMrA_amt2w,4.648435447411803e-05,4906,cold_start,18,20
H-7jCwGugPs_yYM_wX6dDg,4.648435447411803e-05,4907,birank,38,20
vtn32S6zcfPWTYiZuhuFYw,4.64793042876933e-05,4908,cold_start,11,20
MUQGkZQqPx5dpM6yhajkDQ,4.64793042876933e-05,4909,birank,27,20
5pWgwGriPE3LaqADVAtYQg,4.6468116503579465e-05,4910,birank,336,20
8PjqEoQoQKhmsvSDF9dHQA,4.646512709891679e-05,4911,birank,21,20
WZM-G0aWjfTc2iXo_GrGEQ,4.6461512400458165e-05,4912,birank,167,20
fo4TOAiwYEZ5p13kqg1Ukw,4.641241485836997e-05,4913,birank,655,20
7xel1TMEUaK32yKYuWdx5w,4.641212228569548e-05,4914,birank,49,20
gq4zw-ru_rkZ2UBIanaZFQ,4.640270162477418e-05,4915,birank,84,20
xbgzX-_EpV6yH-6nf2LCNw,4.6382124854493834e-05,4916,birank,96,20
x67huqR9qbjoodRBu3KWfg,4.637597930713175e-05,4917,cold_start,18,20
-YDYk83kO5ek-h4Fdu-Ugg,4.637597930713175e-05,4918,birank,33,20
fBRoUhkpEXLI_QQUJ0du8Q,4.633819810131516e-05,4919,birank,78,20
y_s9BsVRsAp3hzNVXUichQ,4.633371230662894e-05,4920,birank,170,20
6O2dPoOJI-TDWPdw4rG09Q,4.633176139443243e-05,4921,birank,63,20
AMVL7n_M6MrIywrnyA0C0A,4.632691087070578e-05,4922,birank,256,20
hK59rATCI9o_rmeQu57RWw,4.6322055247484025e-05,4923,birank,105,20
QdDUxADl5p_nILwgRywqoA,4.629844321051769e-05,4924,cold_start,18,20
tfhmTE3ORFmHuo7phIY-KA,4.629844321051769e-05,4925,birank,39,20
BRivzUt6tnI9jpVeG3pJaA,4.6283933287065486e-05,4926,cold_start,19,20
YaMTfCPcyQeq3BVl2vd_Vw,4.6283933287065486e-05,4927,birank,26,20
VymPe2QIxLcb3KO0xqRd8A,4.628383940278926e-05,4928,cold_start,17,20
W6de6OniXm3HttgRJvhvsA,4.628383940278926e-05,4929,birank,30,20
2rv-W-PBYciHvOhruq8rlg,4.626546635310897e-05,4930,birank,71,20
l3WjRJA2nDkCttUmtkqYmA,4.62577896517396e-05,4931,birank,28,20
XWbWhTXkyzfhwh4dbfwEAA,4.625533934661076e-05,4932,birank,157,20
C2fsU9M6qqmo1rPShY4Oxg,4.6244092572801976e-05,4933,birank,187,20
KRp5xFDLs8JzuqEQgN0oUA,4.623532691013228e-05,4934,birank,68,20
X7_PtukZ3uDZwuEVnCmqZg,4.623237212908788e-05,4935,birank,126,20
xANlxMXcHBVFdTsmcX2ZzA,4.622971468424917e-05,4936,cold_start,18,20
1P1xD7dYMrd9VseziFi0bQ,4.622971468424917e-05,4937,birank,23,20
nri-2NUmwBZU17pC_SQlXw,4.620578122612401e-05,4938,birank,58,20
CHQDrpMa9AdL0M0vbZrOaQ,4.6196152437307375e-05,4939,birank,227,20
DTyeAYLV9YCc4mG5XTorTA,4.6188996090659946e-05,4940,birank,124,20
ie2xkZABFoBLX64UebMV9g,4.617158811022022e-05,4941,birank,60,20
LmGvuqllvutbtbkjgPOoJg,4.61606671794521e-05,4942,cold_start,15,20
r4grxU_cFpq_QE3OCXGAVQ,4.61606671794521e-05,4943,birank,34,20
e-uW1RrJGc0XqB5_Q2HKBA,4.6131435162419184e-05,4944,birank,193,20
K1VXSfSmxkLe2BrQ8yG9Og,4.612148919221237e-05,4945,birank,48,20
gmCwe5uKZjpJlX05S_NTOQ,4.6115051082233944e-05,4946,birank,29,20
zaOhxcCakvXke6FQRcFg2w,4.6115051082233944e-05,4947,cold_start,16,20
s5bTkc3YfTz2gyiNzlpfIw,4.610137520285719e-05,4948,birank,51,20
xjZHp1slZNUBJvQLuHSTTA,4.606197802854894e-05,4949,birank,135,20
yx32jmqWOQ2ZB3RsRRfRrA,4.605615883618498e-05,4950,birank,41,20
tp9YEQXd0HoWC-SFVjLH4Q,4.604400272218841e-05,4951,birank,62,20
Mu-ZNo2q_48Z0JAvzgkgfA,4.6040239345483685e-05,4952,birank,164,20
FKvkG0Taz8GoGE6gFB061g,4.601821087878233e-05,4953,birank,164,20
YOxtL5o-E-aHrR4cgSFcSA,4.5985806047389256e-05,4954,birank,102,20
DWeZM01dYX_sMzH1WfCT1g,4.596622160809949e-05,4955,cold_start,12,20
Qt-yEn_BymopCRwkSJEW2g,4.596622160809949e-05,4956,birank,25,20
l_j_c459iCHesKPhNE0qWQ,4.5955569926545413e-05,4957,birank,78,20
cBZJKUdFNSKHLI27Efy-uQ,4.595207268093859e-05,4958,cold_start,17,20
NdLBRy61OGT78GTn690u5g,4.595207268093859e-05,4959,birank,31,20
RUgPcPSdvwvCKMzl-au5yQ,4.5949128707519126e-05,4960,birank,70,20
g16JpEt44JNlGWOGghYO5Q,4.5919552442670845e-05,4961,birank,24,20
hkiJtkvSNBiSkc_op9a54A,4.5862919704807485e-05,4962,cold_start,14,20
fB8DULHVGkB9jI7M8qzKKg,4.5862919704807485e-05,4963,birank,32,20
mU8d9qbaUqJ-XTd5Ood6Kw,4.5853593216621024e-05,4964,cold_start,12,20
wPwxfwrSNMmqxEHMzGG1Jw,4.5853593216621024e-05,4965,birank,21,20
WmnPtMtY0elYVStooCTfng,4.582968708317437e-05,4966,birank,27,20
3OzjmMmkVydF75t8VeY73A,4.582968708317437e-05,4967,cold_start,9,20
5RvGRnsQGVqh0FM6ij3GiA,4.581117008699935e-05,4968,birank,402,20
aabwu8ObrrrBK-cGzrOkBg,4.579834802982825e-05,4969,birank,52,20
P3u-RmooNdeWOP6utecNLw,4.576521215537721e-05,4970,birank,78,20
cHOZWSxi93qS9FEsQAonHw,4.575195672147223e-05,4971,birank,65,20
vE_Y-3EWeu-IWlzpDKagvg,4.573610884126111e-05,4972,birank,24,20
0c9jXm3tggwKsszKFJhylw,4.573610884126111e-05,4973,cold_start,10,20
8Hq-mqE5n9q7RFP5ghnm0A,4.573264992122034e-05,4974,birank,65,20
lvL_24Vo9CLg5Cyimkpdaw,4.570076012847638e-05,4975,cold_start,10,20
B3OnO1GsVctDauJ6t2u5Wg,4.570076012847638e-05,4976,birank,31,20
DuBmz6aUgECGvIZm1ZOsag,4.569345963350667e-05,4977,birank,141,20
HHWTWs8sa7cE3ksH3_BCTw,4.567992347706981e-05,4978,birank,35,20
pPy84w7aFZ6kD0qvMT_0Ng,4.567495743166738e-05,4979,birank,218,20
k4KEydDbRUOY50hkwmGAuA,4.565847952103846e-05,4980,birank,103,20
tqMRd6zXx5kGes8PedR4Lg,4.565573892342208e-05,4981,birank,101,20
A6bawVXV5sa11LzXaI5asw,4.565318254588666e-05,4982,birank,61,20
deNOTM_X7PF8W3E2cKWXyw,4.5616621675061004e-05,4983,birank,140,20
Rhou4pBQXvlPdw6YAP0VRw,4.561457583646635e-05,4984,birank,37,20
he82vMgfTyBOROrJBD7FYQ,4.561457583646635e-05,4985,cold_start,18,20
D-NWrg9OVKIpHm0a74Pj_Q,4.5579427476655634e-05,4986,birank,50,20
7BMDF_d7in05n38QT8h2cw,4.557379933482029e-05,4987,cold_start,12,20
zKbpzL0w2vAE68MuyekDAw,4.5573799334820284e-05,4988,birank,27,20
voFurH0uTiM10El9y8mYNg,4.555976579482404e-05,4989,birank,92,20
Ve3hy3HV40OKUJIcZAK8qA,4.555833000687964e-05,4990,birank,198,20
jFV2aVEiI7TXjlLqeG92Ng,4.555076818378913e-05,4991,birank,96,20
PpL37OYAdmBxpmJoNNJQUQ,4.5527707000205606e-05,4992,birank,596,20
4SXaGSvFfz870jntat6ueQ,4.550925601133138e-05,4993,birank,105,20
PGCWN8JYSFoNAOqIFwTJUA,4.548612415689693e-05,4994,birank,661,20
KJFBsKNGldwoWZJtt8XgkQ,4.547703408273822e-05,4995,birank,167,20
Ix0DIZoP26W63pu85KBykw,4.544459407178078e-05,4996,birank,79,20
yhYJPnYn8n47o2mMnnKQlA,4.544241254283982e-05,4997,birank,59,20
68tT-waXYijVH4WGiFyQMw,4.5437900404910955e-05,4998,birank,29,20
E2ZxiZfWnI8qFFw78xrR-w,4.5437900404910955e-05,4999,cold_start,18,20
uUgRgEdYbp4IPOUK2j-60Q,4.543645636329817e-05,5000,birank,103,20
t1bLT6fQTKNhJnIlccVPFQ,4.5415587348065554e-05,5001,birank,109,20
Ts8RgdXdACrYBUR8md99-w,4.539503916071673e-05,5002,cold_start,15,20
TpE22_ITBg1ubzNVHE2MHQ,4.539503916071673e-05,5003,birank,31,20
qTGVwZouVL6AbRILdtwSlw,4.539226431365371e-05,5004,birank,32,20
Adg_va1mRvZZN9_yaLZn6Q,4.539226431365371e-05,5005,cold_start,9,20
99zoELPcbwRBUqiPoaPqiQ,4.538021036841717e-05,5006,birank,60,20
x7NoPYyVKjsye4yJVARL9w,4.537732145840686e-05,5007,birank,53,20
RWnrlVDBTWRUaNXwwcoCLQ,4.5367944611121624e-05,5008,birank,23,20
1nFRRAsJ740DLZdXS6_chQ,4.53486474298903e-05,5009,birank,37,20
A0uUOrjRVEmKmn-jt0KUAA,4.53486474298903e-05,5010,cold_start,13,20
-qEk9byAfXQvKNVK1tCitw,4.534345118661504e-05,5011,birank,71,20
nEP-AgKGA_-sEpotsTIhjg,4.533159507551638e-05,5012,birank,62,20
otm8R7rkCtCNM0g0TC55-Q,4.530840609234907e-05,5013,cold_start,18,20
BSSuIk1eV8Pt1WcQnUkofQ,4.530840609234907e-05,5014,birank,38,20
DUDstO-YrNRyQ_gP_mcRNA,4.530223605572544e-05,5015,birank,113,20
S0DD7L0Cu-fzIkzHEmjzTg,4.525633132957666e-05,5016,birank,75,20
cLNyFQ3T7p_Kcf09IburKw,4.52476763338954e-05,5017,cold_start,8,20
_Rw4h7U3Ap-fA90lsGjY6g,4.52476763338954e-05,5018,birank,34,20
rh3c8tgPyPXD4vj7nC0TuQ,4.523488222495618e-05,5019,cold_start,15,20
mabF2emQIQUf0QX2QA9LsA,4.523488222495618e-05,5020,birank,24,20
AtXi5Q5fNfvr-oZj3Vc_QA,4.521257210730542e-05,5021,birank,69,20
W-8s3otgvw_vJzPgV7FAog,4.520799220852643e-05,5022,birank,58,20
0bb_b3Neemt_LOZfxhnFXA,4.520534470749292e-05,5023,birank,35,20
etjcQEi4mTFiMBE1DyAIEg,4.5204304899328905e-05,5024,birank,99,20
MlLct82m1l2RxwC_i_D4jw,4.519132367264053e-05,5025,birank,137,20
khmaw-iyVP_y32ZWUwuwiA,4.518240397000168e-05,5026,birank,127,20
XHDglv86dSnNt0e3YSlsFA,4.517047622449517e-05,5027,birank,96,20
FEpHL55islEkxBHC5V_YfA,4.516746650697624e-05,5028,cold_start,12,20
AFk4mirRQ7RWYCDGEPDZew,4.516746650697624e-05,5029,birank,35,20
qTOZYUyeYwnsyaAcNMIZlw,4.5164725408952054e-05,5030,cold_start,8,20
hFhkY65hFZD0oFZlR6l4EA,4.5164725408952054e-05,5031,birank,34,20
oCzilfqdkNW0ihGVSXQWjA,4.514768171137804e-05,5032,birank,101,20
mEy4xGKfOqMa3q4nWSM0jA,4.5147336377678885e-05,5033,birank,46,20
8NcCGX7b9sXcYOvd57dFSw,4.5108110636717767e-05,5034,birank,83,20
qEQVDlj9GoNRAHzZ2PF4Vw,4.5090658414551636e-05,5035,birank,82,20
jow8Lf_IYI2tUte2uY9ydg,4.5080267267192985e-05,5036,birank,87,20
R8XNdKSd9078txLtRAhvUw,4.506116964870784e-05,5037,cold_start,8,20
1cqOPqedKmkYhbeF4T8YUQ,4.5061169648707836e-05,5038,birank,22,20
UIxL3xxpmJ6LiOMdqbqFTw,4.505767878482406e-05,5039,birank,36,20
XTJ03MbVT8FrleMzHeqtEw,4.505767878482406e-05,5040,cold_start,15,20
sQWe9s0LgpIAZlGZDIFcKg,4.505066090365931e-05,5041,birank,65,20
ARKqI0061oI44-7pvVDbLQ,4.504309194829003e-05,5042,birank,167,20
2jwUldEzfMAjPQVCgljLCg,4.500459114750246e-05,5043,birank,64,20
cVxy5TZv6dAm0KhkpktFcQ,4.498676817053883e-05,5044,birank,212,20
t9erINpCM8JOj2Iz9BmBUg,4.497465265248229e-05,5045,birank,48,20
KM602HnwBiUYkRtSML2dzA,4.4974422485148205e-05,5046,birank,66,20
5dYfXNP5bB45B350bC4b3g,4.496100444665399e-05,5047,birank,40,20
DbyJYiCIDelX8uLWDsruAw,4.495953927773382e-05,5048,birank,38,20
SAfcQECTvbjL_go6qn7gHQ,4.495953927773382e-05,5049,cold_start,9,20
UjK19Qr4ldenZ-WXkx7d5Q,4.495769298372495e-05,5050,birank,113,20
PYJ7YSaMmHM_7C4WwOuFgA,4.4940747435538416e-05,5051,birank,53,20
IgHxhtNeMwhChuRenZam6Q,4.492451339534426e-05,5052,birank,46,20
Xl10ezJvJOzOdkr9Oelo2w,4.4904539850346374e-05,5053,birank,26,20
cK4uyQHRkZfuJYeVFb1TDA,4.4897724965717836e-05,5054,birank,75,20
ekWuXfvjArUhET3dOUQaxQ,4.487933045240425e-05,5055,birank,20,20
nfZswvgO6iC-zIcWKbCFCA,4.487933045240425e-05,5056,cold_start,16,20
Qi3hCb03SwNwPj_geMRQXA,4.487829821792167e-05,5057,birank,116,20
oI9KX_Hd_ofs6c-xJdX6JA,4.4869718804481465e-05,5058,birank,29,20
GlrpA_iR78s7vAP1j4CI3Q,4.4869718804481465e-05,5059,cold_start,11,20
-gFkkYh0tqQcgZh3z0yyYw,4.48580645432084e-05,5060,birank,48,20
KfnMkNJrQQMmqNs34aAXBw,4.484034220183823e-05,5061,birank,51,20
AAotftoryNTP0mEY_8ApuA,4.482981161062607e-05,5062,birank,49,20
lndVYqfCgFfclrmo2BN6LA,4.48166770078359e-05,5063,birank,760,20
g_0U8kzf5iTMJ-I9E3MWlA,4.479312718773637e-05,5064,birank,76,20
PIedZfXVCr820lB1bTHlMw,4.47771782854323e-05,5065,cold_start,14,20
TSkZWzfBuBr224eBMczZ_g,4.47771782854323e-05,5066,birank,34,20
fM8ZCk2SlMu--joYJQ3EQA,4.4761796337188906e-05,5067,birank,44,20
XKAF_0hKEpILjSEcZ5EJow,4.474857230903328e-05,5068,birank,88,20
Ag_GeZwOrT0nmyhnKQiVBA,4.4725994303596126e-05,5069,birank,852,20
qDkAJSYGOsXIr3XhC4Hl4Q,4.471779589173198e-05,5070,birank,74,20
YkNz-yiDQq1hyNXStNrFkA,4.4692187718419834e-05,5071,birank,29,20
GQXeK-CdSb9D4QOfS9tYQg,4.4692187718419834e-05,5072,cold_start,17,20
jCyQknyt1mkMTBw60-ABUw,4.4689958986164776e-05,5073,birank,135,20
uKnoHpDQTQZiqsOldeMx7Q,4.4687727454415114e-05,5074,birank,48,20
JjR-spxq6lVpIXHPrFKy7g,4.46707857793656e-05,5075,cold_start,16,20
wIFiBEXMMtMuP9kgxYMQZA,4.46707857793656e-05,5076,birank,28,20
5WF3593by2u-aE_WaM7_Mw,4.466978556342844e-05,5077,birank,115,20
5YFVP_hmIXyVDU24sTKDxA,4.4654304056626824e-05,5078,birank,44,20
YIMPh1-8zKCQ79ZsfocHBA,4.4647512040278485e-05,5079,birank,112,20
X7TvrNg6jY1Q0JHJXjlQ2g,4.462226147212451e-05,5080,birank,97,20
XAVsvqv1HWUiiqgJM6zubg,4.4598362341694506e-05,5081,birank,28,20
-4jxTEaNONDDsC0Xzzp1UQ,4.453161197169789e-05,5082,birank,173,20
lZym8zAzq0lWbQYaLVuBlw,4.452325261713539e-05,5083,birank,84,20
hDGYyMhYXGXfEZmFJgLqdA,4.45203103568588e-05,5084,birank,131,20
PRG-_3mhWa6r3pUFZVlSOQ,4.4493153772934154e-05,5085,birank,139,20
V1pEXtJgaczutwK7YLzrHA,4.4487103747742666e-05,5086,cold_start,10,20
ZzeRdxutUqZ4CJ7GEA4GlA,4.4487103747742666e-05,5087,birank,31,20
4yKBQiY6KCJmZVMSES77Kg,4.447933124970116e-05,5088,birank,95,20
2mBzfKvAM4kSU6Gm9WS7lg,4.437470161030299e-05,5089,cold_start,12,20
uShHLfwPhalzCPxh5VwgUQ,4.437470161030299e-05,5090,birank,22,20
I4DJFpNU-SSZImUa7JnqGQ,4.436426105370334e-05,5091,birank,225,20
ZTcCAGRxxXAf_K6mgFoW0g,4.4354591471368224e-05,5092,birank,24,20
9MHIC3BTGyE68EHD52XLCw,4.4354591471368224e-05,5093,cold_start,15,20
9OkoIFBL8K8I7ejvZnrgUg,4.433638706614134e-05,5094,cold_start,16,20
sjem0d3HOJrJRfGqpiNOdw,4.433638706614134e-05,5095,birank,28,20
w5fyVRnGWXl_ldGt0Hu5uQ,4.433154468666314e-05,5096,birank,400,20
Q3ZVqlnrW0OQsakX-yLwvQ,4.4329594554288535e-05,5097,cold_start,16,20
evOg5Cxy0N8IUPcxKof2Uw,4.4329594554288535e-05,5098,birank,26,20
kzRHpO0DvaBY4RQSv7srcg,4.431984920293568e-05,5099,birank,1205,20
U2o8Jz66M5ceXfi5C_lT2w,4.431695936070091e-05,5100,birank,62,20
RPgiI4k8cSwta5C2gFkfTQ,4.429112983948086e-05,5101,birank,119,20
wHpOgSutd4QmV_X7gXZ3dw,4.427016136065547e-05,5102,birank,64,20
SaUSOvz-YhFtGEP3w5SBZg,4.425846046004397e-05,5103,birank,20,20
jXrcAvkCDOIbXJ7_FZiYdQ,4.4243421641523904e-05,5104,birank,149,20
zp2q74KG6d7CTsRWYrTecA,4.4239163364189256e-05,5105,birank,119,20
yuCHAXdpgbQdvDbzTTyzdA,4.422356492856183e-05,5106,cold_start,8,20
Hs6ZiTfYM3pzhfhUNgoIpQ,4.422356492856183e-05,5107,birank,25,20
1i0NDQ2VUchckortEI_GeA,4.4211901695864006e-05,5108,birank,139,20
7aGR18LRkq_yK-r4inL_WA,4.4208073871144994e-05,5109,birank,142,20
2J36fuglZCzvzfFlneRFjA,4.418084646999539e-05,5110,birank,112,20
iGGBxdz76mISLVgsH4Dohw,4.4170405556995036e-05,5111,birank,50,20
X2JkEvWPO7_dEPHne7qJKg,4.4167214608203725e-05,5112,birank,415,20
1v2VVeaOFM4NRaxW28tkzQ,4.416227907813379e-05,5113,birank,92,20
6HFVZzJu4VgazgmV73lQZA,4.415805075179567e-05,5114,birank,65,20
kX_qrUoz3WYmhLTS-SFvnw,4.415438040458581e-05,5115,birank,75,20
JG98smIWipytmzzvo4lBTw,4.414058673346913e-05,5116,birank,57,20
V2hqC0b1d6Yn0JMGg4DCPA,4.413054805417438e-05,5117,birank,47,20
jsZU7VLbyn50MabU86zI1w,4.412591273525823e-05,5118,birank,79,20
o61HRHnzNDcU6eMKZaB5wQ,4.410166738844203e-05,5119,cold_start,18,20
sKl7n8k58Y1f08SeHv7PKA,4.410166738844203e-05,5120,birank,37,20
-rW8eTXkovH1NksTZzJ7Yg,4.409785148930536e-05,5121,cold_start,16,20
vDC3NC8T9QpPMZlrCAnnIA,4.4097851489305356e-05,5122,birank,28,20
RpxJ4-rYuqAI2an7WGELFQ,4.409410603223451e-05,5123,birank,245,20
IPYuu24deRJ3P5K498no4g,4.4051696335643954e-05,5124,birank,84,20
rEQihqQgfngM3nzRl9Qb1w,4.4050343984631686e-05,5125,birank,157,20
4-TKASCNK5-XBWdXmeXWbA,4.401630467141941e-05,5126,birank,63,20
vt80VTnTbTloFODYKBFA9Q,4.395526659805189e-05,5127,birank,114,20
6GB7tn2AoXvVIpjYkeIrkA,4.3953292871464016e-05,5128,birank,91,20
JbI8R-Mjrn_kG7zBObj4vA,4.3880362198264335e-05,5129,birank,799,20
e-Dfq8Vylc_evbuKeG8g2A,4.384026972130118e-05,5130,cold_start,19,20
osomcHxvrAGlXoDvlb9G_g,4.384026972130118e-05,5131,birank,36,20
2Ax2c1Ok3bCa2CO-HKIzHQ,4.383852313280822e-05,5132,birank,64,20
ZzGTfIxIVpNP7PFbyeMAUw,4.3823459213478926e-05,5133,birank,89,20
g_HU4ecX22Yzy2LGDiPIVQ,4.381968888610428e-05,5134,birank,66,20
C-5bR1H-ynXbIEQaaI92jw,4.3807393729372736e-05,5135,birank,136,20
UgvyukRCZidKkqtIeOVDMg,4.37991623069608e-05,5136,birank,57,20
JcoZFBA7S6X2SQEjfCKwpQ,4.379516848118325e-05,5137,birank,37,20
TrcS6ja_Kb3jtRSaNB-36A,4.3781557306297546e-05,5138,birank,174,20
At7iebut3p14ElmaVBLa0g,4.378002925100298e-05,5139,birank,69,20
K00KiknORCOQdIhMisBjbA,4.3776852913718204e-05,5140,birank,53,20
7svjXaOKO5638eYiymNP2A,4.3763759089403986e-05,5141,birank,63,20
at4PB3mejHy6cX_xNLhMYQ,4.373283406881761e-05,5142,birank,74,20
wP0SSjU7R-m9j-VRhOCzmg,4.372945702220772e-05,5143,birank,40,20
xg2BYY0tswiEDz2HvTRq2w,4.369312237935749e-05,5144,birank,48,20
2n9elHQvEt4xL9neD7KviQ,4.367496632379229e-05,5145,birank,54,20
Swk_Fdv-gRY8zUT2ft18Kg,4.367345223617482e-05,5146,birank,72,20
ffbkjmGeIOnV5oUn9GUp0Q,4.365436400803484e-05,5147,birank,74,20
YTYK2xCNJviDtNkXvPx0Yg,4.3642676853259936e-05,5148,birank,41,20
8EHiK59NngwSxjcTYAzywQ,4.36336589534366e-05,5149,birank,40,20
XF7qNhRJktAfLoH5GP4tCw,4.3622021897867e-05,5150,birank,237,20
tPpxOb2HvefqsS6z9EoxZQ,4.3605111500764154e-05,5151,birank,50,20
qDheewhaZNDWLfpsrrrRiw,4.360109186101316e-05,5152,birank,45,20
jUWz9dteCwl9_X7HdkqDDw,4.358078515200207e-05,5153,birank,21,20
FPbh-t9fTEc5x2SCresK6A,4.358078515200207e-05,5154,cold_start,17,20
0_gh-ZRllduRLrjaYy0Icg,4.356958030702157e-05,5155,birank,136,20
DUfvvIwagBe9VK2_0RyOug,4.355419329481002e-05,5156,birank,48,20
wlOkr1iIQep-08o6r5bnjg,4.354347109961727e-05,5157,birank,30,20
BBVrr3ZqmzfF1eD6hQJSYw,4.354347109961727e-05,5158,cold_start,19,20
V1ZN0CuQ0xfGzmHZLJ_v8w,4.35423196864461e-05,5159,birank,65,20
xg2v-Lf39AVEo4we0dnbtA,4.351033791327623e-05,5160,cold_start,11,20
iJOwwuhHP_0BCHmpmJ8l4Q,4.351033791327623e-05,5161,birank,33,20
qyGjCSiWBmEGw_zOYcDnSg,4.349475016424043e-05,5162,birank,42,20
TzgPHuqYMaU2hafYkJDRgQ,4.349293026914001e-05,5163,birank,70,20
AedSMCrVUMZkHgoOSTU4vw,4.346518625060874e-05,5164,birank,36,20
gITXkZ3IQlSW_PurDwa5uA,4.346518625060874e-05,5165,cold_start,13,20
TTl2V6mG7IAMi_JK16bgow,4.3457165994054474e-05,5166,birank,64,20
rN3oijuukag6Yp9xfHdMVg,4.3446746160391555e-05,5167,birank,190,20
WkNJ3FnK5WVW3thVUe-WSw,4.341565227658866e-05,5168,birank,34,20
x0YRWf9_vPoJC9wUPoJUrw,4.341565227658866e-05,5169,cold_start,10,20
Af7NWqfoTszSyyuMRU6few,4.339742676667828e-05,5170,birank,323,20
KtDdYseuflhOVI8Bal58kg,4.338720452734215e-05,5171,birank,28,20
oLV14RPXy_gCS9gvlAofSg,4.336579095496224e-05,5172,birank,132,20
BkC1t7uicnafM0fXz-2ZIg,4.3355522919377715e-05,5173,cold_start,15,20
T7ECXsrp7ocoCxXrXDicAA,4.3355522919377715e-05,5174,birank,25,20
K9urrbEJ0xjKiZ5nCdv9xQ,4.332795573822509e-05,5175,birank,265,20
idz_rIXAJFuXHOQTBZ5IMA,4.3282996282804726e-05,5176,cold_start,10,20
npfsQt_rU9HdxcEJF06fDA,4.3282996282804726e-05,5177,birank,31,20
DTgQCDiGPk_LS4LMWD2o1w,4.321726929122741e-05,5178,birank,46,20
WJIc6ZlR-pd9W-Vt-rRtzA,4.3198629923300034e-05,5179,birank,28,20
Iy5NjdEmvreKhE43k5nV1g,4.3198629923300034e-05,5180,cold_start,19,20
FX9CL_-hBxRDq6c4uiLCrQ,4.316873279860023e-05,5181,birank,47,20
PyB2SdLq41Mt3-79Wv_bMw,4.3151553581905225e-05,5182,birank,109,20
M7j6McAe_k1KQyJ_mCuAUQ,4.314667980677602e-05,5183,birank,61,20
IbiG8dVoWZhMBRYVgCCDdQ,4.3129765651404656e-05,5184,cold_start,15,20
pZl68OjM4Fz0Ms0raK69Bg,4.3129765651404656e-05,5185,birank,22,20
XkveGZ8pr9TL5bZCqmzuhA,4.3127663430127494e-05,5186,birank,98,20
tnkBdiiMcBXe9jutifP4sw,4.3125618312615895e-05,5187,birank,73,20
20DL03rDdw1R2mSH4ORVJA,4.3104730792523216e-05,5188,birank,38,20
WoI4kF2nFFu2Nl8mhFQOcQ,4.3104730792523216e-05,5189,cold_start,18,20
ZtDiNvGta1prJKyAXhawNg,4.310291200229808e-05,5190,birank,22,20
8w0G2Yc95nOBLxNCayjq1g,4.310008318220232e-05,5191,birank,92,20
-7CqBmK0zxwyjEqa3LBVSw,4.308802391770394e-05,5192,birank,127,20
mLF5l4rFV0JaD1xsB2IPng,4.305321806787136e-05,5193,birank,100,20
53KCCiwnJxAiOcjCPUi5nA,4.301228536586938e-05,5194,birank,68,20
Sbr8tgyW9uaM594JIw9AWA,4.300897701934612e-05,5195,birank,195,20
PybkLq1widON8UAl__tPvQ,4.298797837670411e-05,5196,cold_start,13,20
A_idQh0jc1nkBZkoOY--Jg,4.298797837670411e-05,5197,birank,22,20
kSiUu6mgp1awC4n_XrMXVw,4.297372667231506e-05,5198,birank,56,20
KBNMK2rD7qrLUm0Mrwa_Hg,4.296858077487099e-05,5199,birank,143,20
oOpC3Xp-aV_y5yqOSSx1PA,4.2952365227755264e-05,5200,birank,94,20
-2dvQxx3cYXd5XmFdDDsDA,4.287232530655813e-05,5201,birank,65,20
iJEkWDUE25BbNifWaYEfgw,4.284116134847409e-05,5202,birank,64,20
uf-vkwfYYO5-4tOTNntQcw,4.2819161577546845e-05,5203,cold_start,14,20
8TkCsT1AV1xW4Ud_8MaEgA,4.2819161577546845e-05,5204,birank,38,20
5LMTmQJBxP9aONuu8KhLbw,4.2818555306350655e-05,5205,birank,77,20
wV9ye9P6APb2Cnn6vr7RTw,4.2800613144297565e-05,5206,birank,83,20
Ws_DY9aK0iSr4BqDX2US-g,4.2792766356686125e-05,5207,birank,88,20
9ZFCaOWsiXF3iQW26gcB7Q,4.2767144908994376e-05,5208,birank,67,20
-zGlHyBaxib9p7k18i5TSA,4.276139817353847e-05,5209,birank,52,20
_3Cv3TGUPMgnq7aADi13Wg,4.275528681145673e-05,5210,birank,66,20
bWFZ_VkmkY2oA4NlWXPVBg,4.272178888005411e-05,5211,cold_start,16,20
E8_9MKASoMIDD6HWl8gZwg,4.272178888005411e-05,5212,birank,23,20
Q5jjv62ck52e9A8mPY3SPw,4.268754680969862e-05,5213,birank,185,20
xwAj5spllAq9s-eCAHB3oA,4.266423221023898e-05,5214,birank,72,20
cpaMCrmG7WK10tJ4c_GXow,4.2664190982829794e-05,5215,birank,87,20
dX8dnwxVTpUvHXHlOXjgcw,4.2663921138170515e-05,5216,birank,52,20
xPUAToEmtkJlRjIKDkpWIQ,4.263652413894186e-05,5217,cold_start,14,20
Ih6pTTWLdFwzG1zhRCuAVA,4.263652413894186e-05,5218,birank,25,20
NJg2ookzRGD2Ej-VNpuY-w,4.2623452501648824e-05,5219,birank,146,20
XK-mrAzh0cxD4U5Kmhy0fw,4.2616074778513595e-05,5220,birank,81,20
ynwPpC1G2vn-BC9p_dO4Qw,4.2611388834216414e-05,5221,birank,37,20
_Fet9vBMM9Y8VBhUX0IYYQ,4.2611388834216414e-05,5222,cold_start,19,20
UCH_WRunWvJ2ROcJfasruw,4.260443991202319e-05,5223,birank,47,20
JngvCO_EWSG5r3Mcy_5_9A,4.260176549221893e-05,5224,birank,622,20
i1kwgtoCQN3t5curFYWRUg,4.252941917341394e-05,5225,birank,57,20
s6Q05wZpitOCDU6aIKVx-Q,4.252422854773042e-05,5226,birank,111,20
gomlKL3wQVzhHfz6DoAa3A,4.2512145562552784e-05,5227,birank,79,20
eqLgpNj0DnRpMj63IfGVeA,4.249293995572262e-05,5228,birank,87,20
TQHkhkAenVgUQaf4Hf9gkQ,4.2482133297178394e-05,5229,birank,36,20
BFPxxguGxBZQ0kR0rWePTQ,4.242738864493954e-05,5230,birank,96,20
X2nTJDYtXD4-t5aUhdU2gg,4.241695784879276e-05,5231,birank,66,20
Lkt2-GnwnnfexcYa_z9ezA,4.240808022576618e-05,5232,birank,42,20
TIQz_P42B1BtCJyg2YUhLw,4.235417164736753e-05,5233,cold_start,14,20
NXaw6ox4vQkLfQ13sq_oGg,4.235417164736753e-05,5234,birank,39,20
lVDJ8PkEwwdTWVwiqvnDDg,4.235051311302253e-05,5235,birank,91,20
F-8dIRehX6_bYZ2T2PZEUw,4.2346058231012776e-05,5236,cold_start,15,20
j7QIIEv9tkm_z55Cd0RYWw,4.2346058231012776e-05,5237,birank,37,20
fPjjGmgDMGstcYJcH4K19w,4.232865498384125e-05,5238,birank,84,20
eO47HI7ZqidXMkHyaOsf-g,4.2260916180301104e-05,5239,birank,407,20
gq3m1jV115bH370JfIK0-A,4.2248985303348615e-05,5240,birank,41,20
2LSVbGkyFSVflCbjWyVrhg,4.224505185427764e-05,5241,birank,47,20
yvk6mmjToQHHqeT17nrQ_A,4.22447219785575e-05,5242,birank,38,20
TQGnMEbtvn4B3K6ZQIN9cg,4.22447219785575e-05,5243,cold_start,14,20
b8fXwzOwJlqFILC4txb8WA,4.2225917508969845e-05,5244,birank,76,20
j2J573HOZM9afnW_t67sjw,4.2204243713932876e-05,5245,birank,128,20
UhekcbvU2xnBZ93KCb9cYA,4.2190103479607574e-05,5246,birank,68,20
CGpwDytO5spD4y11BZy2LQ,4.218929815970993e-05,5247,birank,41,20
bDNBsMltPLACTkYFIBB0Mg,4.217492534702783e-05,5248,birank,310,20
ATp5s0MCyKxjWQJy4HNPHg,4.217124039840547e-05,5249,birank,67,20
eKxKm6fK0-tO_WM4D2_5xg,4.217091670461791e-05,5250,birank,72,20
63vCK62HJXpGi8aG0wr58w,4.214898253924252e-05,5251,birank,393,20
rFj1un-9Eg-3FYGarc1S_A,4.2129795323841855e-05,5252,birank,82,20
H1bbYNKgk6JF9pKcBXyDXw,4.207795350974781e-05,5253,birank,58,20
dctMpMdLUMad1Umh4knaNg,4.206843418654445e-05,5254,birank,22,20
_btEd4zwjdy80WQTOPm6Hg,4.206843418654445e-05,5255,cold_start,17,20
vBQNbW_aiKCteAp756VQgw,4.2058704873728514e-05,5256,birank,84,20
aTOCTSi1GwigOEcqOKRwFg,4.2049948243625e-05,5257,birank,50,20
C9C-JQOdb5iywv7MzBiUVw,4.203462845489296e-05,5258,birank,100,20
uv5EeYMn3giMqBXYu-ejKA,4.202417340039605e-05,5259,birank,101,20
674s2focdcEvQGs_049qeQ,4.202404716542457e-05,5260,birank,56,20
TNtiicqWe0CgdmjWhm60HA,4.202201604461796e-05,5261,birank,53,20
tpDJ0vOYiBLxMqtGvhBSmw,4.201574029980938e-05,5262,birank,339,20
3emutOUAcgDUtwiXGDnYGQ,4.20152209509109e-05,5263,birank,50,20
Wl0NHi-9yIbBElYEvpTEHQ,4.199710790019839e-05,5264,birank,56,20
o6UMWlDpZQDaMZrQhCwHiw,4.199621861569949e-05,5265,birank,33,20
6rzuiMOivqs6Qc3VS1ugGg,4.1991320249096276e-05,5266,birank,100,20
xR97Lcp_HwWm_yaBlfOXTQ,4.197619917487998e-05,5267,birank,182,20
oPiqiBdRbvaMTzPlYNeZ7Q,4.19142128958006e-05,5268,birank,146,20
WLPd-ikGqNuizk_TNjbluA,4.190517698318188e-05,5269,birank,85,20
YBW_smhjRI331LWOwBHQvg,4.1882917566828206e-05,5270,birank,33,20
vhGQBkw05SrbnMT99vshAw,4.1882917566828206e-05,5271,cold_start,15,20
825S0nTj5TRtKOWPPAMlRQ,4.188202601373848e-05,5272,birank,97,20
USOHCmTPr0CU6UGp6YCYuw,4.187862900803332e-05,5273,birank,52,20
8X9Urg-r8QmQOAoBJmX2pA,4.1874545322113304e-05,5274,birank,64,20
Vtdv2E8LBEB7K6tyn5ufrg,4.185252917604978e-05,5275,birank,39,20
4t8ClQEmeDyyEfx-KupDwQ,4.185252917604978e-05,5276,cold_start,17,20
q5Kb63rdNPDJ0MoVtq3KLg,4.184641014033377e-05,5277,birank,22,20
Yuwn7udUEvLiOsTpJHQkQA,4.184641014033377e-05,5278,cold_start,17,20
hqIUuqXO6HwUmUb2N4yGWQ,4.183667320600146e-05,5279,birank,378,20
jPFFeyh7RmmxzQmYgAAPQA,4.18327551517419e-05,5280,birank,61,20
SSflsIndvh-xokDPiqZFPA,4.182868433242752e-05,5281,birank,43,20
WNzi0_1V0YMsrCg_LrJ4jA,4.182199416433841e-05,5282,birank,45,20
3yk9H9PPUTbPe6sXJqubaA,4.181324805535503e-05,5283,birank,182,20
pnBPGy8iiBVkyVab7SCCsg,4.180528221293882e-05,5284,birank,102,20
vsjZ6QzDk-gZwh3b1a9r0A,4.180298642305381e-05,5285,birank,62,20
jwkgVfSLydNMAF2US6bL1g,4.1781507456221065e-05,5286,birank,297,20
ZWKEe2A92sJctVihjBotaA,4.1774553179618686e-05,5287,cold_start,16,20
icpUCKIr8oAJEQW64pabjA,4.1774553179618686e-05,5288,birank,38,20
NZL6CxqSzc4BThjhx21nJQ,4.176474185777262e-05,5289,birank,43,20
IC4r-CreIIONpsXIrvtGJg,4.1728928907657795e-05,5290,birank,186,20
obIckr-3bLCOTGatfedk6A,4.171446941716218e-05,5291,birank,147,20
dY4Y94BDwfIVyO_kaTFeSg,4.1695971885703135e-05,5292,cold_start,10,20
_QQHhERJ1WVH05Vc8AJ1kQ,4.1695971885703135e-05,5293,birank,27,20
8ZhC29t_mepcAQ4OlN15NQ,4.168680109328492e-05,5294,birank,48,20
Vho7J8gexa47aDbLqraK-g,4.166443239167279e-05,5295,birank,33,20
rxuRBvc9vSkSEf35VsL4qQ,4.166028470131973e-05,5296,birank,86,20
lHOjknsVNLBHB0fs-SM7-Q,4.1641497159582094e-05,5297,birank,152,20
eFeBGZ8xbYR-LiESfovs_g,4.1638769883321e-05,5298,cold_start,19,20
w24xAj7dmjE0SPkNrKE41g,4.1638769883321e-05,5299,birank,38,20
i2YYT2IV4KrURBZzbzGLTw,4.163538879895693e-05,5300,birank,28,20
SBs30RyeoiEU2LjeiH1YFQ,4.163538879895693e-05,5301,cold_start,16,20
9rVSinEDIjuOLE0rNDh4qA,4.163321530616885e-05,5302,birank,44,20
6ZZX9XQpBOk7U8FFEnMwbg,4.163199487803802e-05,5303,birank,114,20
hsCQcQoJZfLYFWOCuDAuQw,4.162981050849888e-05,5304,birank,80,20
TYH8eFPHCvK-7Y0CV7z1Zw,4.161175708170349e-05,5305,birank,273,20
djj8qE6hQjSeyEt9T2H_dg,4.1599345894650134e-05,5306,birank,98,20
0KaePrBSRJwUQaHywCM5Zw,4.158928944586116e-05,5307,birank,120,20
hGH63m6UmnruW3D-WNQ-xQ,4.156536470324795e-05,5308,birank,371,20
yPrNoVfE90iZxSYzty7RNw,4.156066520797522e-05,5309,birank,40,20
D-Up4cSxOOnmzowXfkI4Fw,4.154885102116094e-05,5310,cold_start,13,20
Z4yrtVsQrBB5dTvAmrIBAQ,4.154885102116094e-05,5311,birank,32,20
2oHyI8snh5WtEh83gSczlg,4.1548845370004965e-05,5312,cold_start,11,20
XXkS9cqoT2yom2qS1VcX9Q,4.1548845370004965e-05,5313,birank,34,20
a2FCobBzFzC62IbHPa_oIg,4.1545179505742555e-05,5314,birank,26,20
MruqWDUrgigjONJHOoE7eg,4.1545179505742555e-05,5315,cold_start,19,20
wf2BEEcyK2HxxQiHSUI2Vg,4.1509122313233576e-05,5316,birank,45,20
-w31kc6pp2m0fzkTollj5g,4.149455636045418e-05,5317,birank,99,20
BsehmEx5EX1FbEOPPswtfA,4.1446825302694724e-05,5318,birank,81,20
_VYWkhKEy3QO1LTD_rTPYQ,4.142608306905764e-05,5319,birank,92,20
nF9pEi7NxvMWXZYTHOhdew,4.139387236011639e-05,5320,birank,89,20
uuEdVSddKBJ5CtStDifE3g,4.1364763375812635e-05,5321,birank,30,20
h5KYnGUvF4XXuy0Q8o0HtQ,4.136315237285286e-05,5322,birank,297,20
OsQZo9gzazFARLfjyvJMvw,4.134990311424e-05,5323,birank,145,20
b2WN3yA79dMvCUMywM3I_A,4.133727551257295e-05,5324,birank,176,20
_7V9Yr8VCMlLzykAo-Lhnw,4.1336992019292184e-05,5325,birank,71,20
V39dhRv0sbTOkfRflzd4Uw,4.1298449761308224e-05,5326,birank,298,20
vFhOCxCeY_oniyoceyzGpg,4.126572805287295e-05,5327,cold_start,19,20
tZU9d-czS4VfY72zE0Homg,4.126572805287295e-05,5328,birank,24,20
wJ3zqDpuxUKFtUWIVeAukg,4.125361856454261e-05,5329,birank,101,20
G_6dvmDO3snpl2CimKL9YQ,4.1232599810224656e-05,5330,birank,44,20
tjEKEDmyR_VmeBkJGwreLA,4.1191142762123526e-05,5331,birank,102,20
i2BdYwl6daYX0ObRX14t1w,4.111123025667397e-05,5332,cold_start,15,20
ZRW9dxsm9Peh2zRHNvv29g,4.111123025667397e-05,5333,birank,39,20
fZ-e1GjdLjlidJiEENAqUg,4.110708464121189e-05,5334,cold_start,12,20
SHhgDe3KB2ycYxUG_mI-HA,4.1107084641211884e-05,5335,birank,37,20
C6anLYmswoVwAv7D2ihCng,4.108703512956351e-05,5336,birank,64,20
RV4PKQxkJjF7VrUfuZgwLA,4.108008208321499e-05,5337,birank,44,20
AssP84KHvx8vFAk-1brkog,4.106118788273454e-05,5338,birank,45,20
KxmOJPeNaUrEcKE1-p0huQ,4.1059931473852655e-05,5339,birank,143,20
v5doqJn6cJ3vHJuVOghMzA,4.103685015955375e-05,5340,cold_start,16,20
z-7fgq0DHYB7-jO_6iGnJg,4.103685015955375e-05,5341,birank,22,20
FRKqZwXnJqPSdtGW-7nwpw,4.0967943128672716e-05,5342,birank,27,20
UfjOESkPzTXkV2o5suvkBg,4.094115069174046e-05,5343,birank,90,20
xM2zutXv11alems5TnlC5Q,4.0936779861148074e-05,5344,cold_start,19,20
wTDuyCnQuPEvArtcX46FFQ,4.0936779861148074e-05,5345,birank,35,20
HGRR2w9KddspVBYA-4bSlQ,4.0924659303712905e-05,5346,birank,121,20
waamstonAxP48FXcJqxBfw,4.0920022056635674e-05,5347,birank,55,20
hyMK_bUrIIXuTOFKHJKVNg,4.0895926690147463e-05,5348,birank,49,20
Mu90i2c_9B5LOW4FpCWjEw,4.0890797594565036e-05,5349,birank,55,20
V5Bb9StvahgCSkBKXHMW8w,4.088252605311031e-05,5350,birank,85,20
6om0BH0Cpotw8H0pQm5Uyw,4.085383577685719e-05,5351,birank,28,20
gxwut4Ruxc63pY644MldWw,4.085383577685719e-05,5352,cold_start,18,20
vTBKqG5hmIta0NqtpbGg6Q,4.0853160660055047e-05,5353,birank,31,20
o-JguBmC-oWAShOmFdWxcQ,4.0853160660055047e-05,5354,cold_start,16,20
hoqITwtnCoz8x_2CcMylJg,4.0803946253584714e-05,5355,birank,61,20
vIT19IkXjNd39r55YTeq2w,4.0787757731632736e-05,5356,birank,114,20
FdLLsltA19IYDvz6CIOHzg,4.077945612449216e-05,5357,birank,59,20
tiZ6mTB6zT7lSBvOKgssPg,4.075278732898537e-05,5358,birank,65,20
97PA4BTfAm6OwuDObQ4n5Q,4.0749324753651914e-05,5359,birank,63,20
z8ZreCzxKUGzmCojZU1TKQ,4.070725647055753e-05,5360,birank,29,20
eOeKgRKbs-iAsIEOmHTrYg,4.070725647055753e-05,5361,cold_start,15,20
o59FKrkVKag4bzAjyH64SA,4.0703016458545017e-05,5362,birank,52,20
YvaeYCBYVTJ1wmFP2VioyQ,4.0663212263297454e-05,5363,cold_start,11,20
ebnjBO3r5AMsqLdrJVJvVw,4.0663212263297454e-05,5364,birank,37,20
Oiwll1QEUAKhnvex5HePfQ,4.06330302992293e-05,5365,birank,30,20
_ouits0qM3TBR8l39sCNHA,4.061077886978267e-05,5366,birank,50,20
RPLPto1ejkyE8vsGOV5phg,4.060897613253706e-05,5367,birank,55,20
CqwPurpyPzwGs9chhrUc3Q,4.060185264637926e-05,5368,birank,71,20
x_iJuJSJ52ptHur08V86HA,4.060131857260891e-05,5369,birank,71,20
exrvCKEGg1Ays38rKLOdhA,4.058726503033654e-05,5370,birank,41,20
WKGW6s10eL_xL-xaB2c_og,4.058629040053609e-05,5371,cold_start,15,20
jxgJgogcyAHcHW6g4SO7ew,4.058629040053609e-05,5372,birank,34,20
BuYGuVflKu_pWtS-GXDH0A,4.057560893712133e-05,5373,birank,56,20
0UVx40zcIeh6wb_I4-QzfQ,4.0507671904580765e-05,5374,birank,68,20
hVRebPv7EKMUGVV2m5IKaQ,4.050681563992816e-05,5375,birank,273,20
GabL6KPmrPirzYWiQ9LtBg,4.047024062248341e-05,5376,cold_start,10,20
O8BC6z_CCz5mAagYZT9aAw,4.047024062248341e-05,5377,birank,25,20
yZUdzAVPpc57Q--rYeHOUg,4.04593633392256e-05,5378,cold_start,9,20
oa4bCkow1hrF6pqQCT6EGQ,4.04593633392256e-05,5379,birank,39,20
7Z2Xr8yowbTILokoXQGU0w,4.0448020044074415e-05,5380,cold_start,11,20
zZKnptPeSPSkza6SKq00HQ,4.0448020044074415e-05,5381,birank,39,20
5Ubo-2HLRnCCo8Pnq-v-cQ,4.04345077801527e-05,5382,birank,52,20
g2leve1c8LW9ZTlEygMK8Q,4.0431559781476116e-05,5383,birank,58,20
n27SxISfVxNPWZARYIYwzQ,4.042569601629122e-05,5384,birank,59,20
kJFuE6u9eOsPlwgJdYabbQ,4.038742867871989e-05,5385,birank,45,20
0zHKg3EAOwROEn8hnYRvUg,4.0386441380935696e-05,5386,cold_start,8,20
chiXVs9fuaXcxb0OHs-Kig,4.0386441380935696e-05,5387,birank,23,20
ZfdPbQDz2hXc9x5r2LQiIg,4.0374451371572765e-05,5388,birank,69,20
wmRZAjOxxY78Lwk6KXlxbg,4.035620140146132e-05,5389,birank,47,20
sixpNRu5DfSP-nAiciiBnQ,4.034406645660289e-05,5390,birank,48,20
k920l7wHSjLZDJLvn-UfyQ,4.0332571790682164e-05,5391,birank,48,20
xbjq4lKiZnr8b4_PhjPI6w,4.0309269401217056e-05,5392,birank,77,20
cyt2QmCjELEDn71j8aE8Ow,4.0304820368148575e-05,5393,birank,123,20
9Wor6FL3k1Ce5cVSUcnbxA,4.028825513459813e-05,5394,birank,101,20
hVtsleCxdP7rPx0YbduBQA,4.028119207806775e-05,5395,birank,31,20
OhxH_vLWKwSohst8h0G3hA,4.026382300947469e-05,5396,birank,394,20
Wh16yXjrNwl2PFaXdvNyIw,4.021809120520267e-05,5397,birank,99,20
W8veVYMZidtykCpFozGDYA,4.019154706602919e-05,5398,birank,43,20
JfXYFsOEElqn5ukwDBml6Q,4.018060942844914e-05,5399,cold_start,16,20
52DsTBhg8NjKDQ6sVaqB7w,4.018060942844914e-05,5400,birank,36,20
qqpMcKlimSqNSJghEDMPbQ,4.0153243673502166e-05,5401,birank,27,20
eQG5bKz5S4F0jG8mMw7ohQ,4.0153243673502166e-05,5402,cold_start,11,20
abyhAtKhZUh8w0VT3Rn_BA,4.012579738689263e-05,5403,birank,25,20
WlsLzk-IIwcotjrh4fDo5w,4.012579738689263e-05,5404,cold_start,16,20
f4XSOzFOQDydPyqavMV7cA,4.009846105170312e-05,5405,birank,413,20
9T0KlT0HW75LM-sTEPBPbg,4.009639027987283e-05,5406,birank,83,20
3hzIivDZ-K60Fha0AeqAhA,4.009301808494904e-05,5407,birank,74,20
QS-MuBTaT5ufY22UGelWtw,4.009064920886469e-05,5408,cold_start,19,20
vdoA5t_zL0nTTww1PQkTVw,4.0090649208864684e-05,5409,birank,21,20
4u4njx79dMrXNhbRFHjG8A,4.0082590508736845e-05,5410,birank,128,20
5yvs585-TDqiIJ39jHt8qQ,4.008213204096865e-05,5411,birank,218,20
tMj79H5v1nOWmg9tsMfWiQ,4.00614540611947e-05,5412,birank,269,20
5ELqQ2YBM_vDqp10pINlgw,4.005423658668105e-05,5413,birank,25,20
4zyj8kBZoMrwAJ1e68cEMQ,4.005423658668105e-05,5414,cold_start,19,20
-9yzQQ0d_rcOD2CzdTNO_Q,4.003651418263039e-05,5415,birank,74,20
2lcgp7-09VXUTnlQ4PPKpw,4.002694920175038e-05,5416,birank,271,20
O0kQGkmlllaN7oU6sQyzPA,4.002432436192051e-05,5417,birank,64,20
K2CdyUamZALB_DXQT2iU_w,3.99985799395522e-05,5418,birank,47,20
ZvUymj1wUdQFbg71XrA0Lw,3.999082645377074e-05,5419,birank,48,20
3BxSsr7QIWI6NGW08MU5JQ,3.998236011441839e-05,5420,birank,57,20
h6fI6-2x0lDpiDZJ3lb0mg,3.9980978243436546e-05,5421,birank,209,20
Kn5fJYNiEmzdOgcRgs73zw,3.9975043828734535e-05,5422,birank,34,20
jTbOziVO4fGAPCUII5OgYg,3.9942761530153124e-05,5423,birank,72,20
oDl1Zh9L7rM3o5RNur0kZA,3.9938597067591816e-05,5424,birank,77,20
eIVfVLwxUXd3GKbPUvljqQ,3.991578252580671e-05,5425,birank,138,20
JU6I33iIJw1UsYWXlaGLWA,3.987968192499061e-05,5426,cold_start,19,20
NitglJNDVoAM_Wr5q_mM7w,3.987968192499061e-05,5427,birank,28,20
HgvOxHGHnEway0hEn4jjtw,3.986676777256975e-05,5428,cold_start,11,20
Tpc-9OGNmHSGzxa5RT4IDA,3.986676777256975e-05,5429,birank,34,20
DrazQLX4I8aSEHAkkJEnxQ,3.984530467762941e-05,5430,birank,95,20
UFgozownU_uvsG_iOZls6g,3.9784827891848464e-05,5431,cold_start,14,20
EB5pnHGHthrpHw4875lzBg,3.9784827891848464e-05,5432,birank,37,20
e228TnyMNoJLp4zYnunvmw,3.9765998411147814e-05,5433,birank,108,20
HTFSwE6jGnpbIrmLPH1mfA,3.9747657214100406e-05,5434,birank,70,20
DAcqRGI_u8yNCcUIczfNxA,3.9740784447858344e-05,5435,birank,110,20
vHQ_RMQQ_QCuUGXDQNpGNA,3.973520096038249e-05,5436,cold_start,9,20
HVDwUDNLLS9tPTtyHFO2Rg,3.973520096038249e-05,5437,birank,24,20
OgUrojj-vHiX51ra4A8uqg,3.971134474064839e-05,5438,birank,27,20
ype7l-G4zuw3pmIG-HpvZA,3.9658193648919314e-05,5439,birank,640,20
iPuUDOwZKlGewjaDVo9kOg,3.9645037510596006e-05,5440,birank,58,20
BYtYJs4ovdPnM434zA9Z_A,3.9642896282170014e-05,5441,birank,41,20
XoX8Erg2hrLdpqfIA468RA,3.9640444583901635e-05,5442,birank,225,20
x975oi4VWOxHJWE6dwSPzw,3.9633454579303885e-05,5443,birank,90,20
cwvpVlg5BE2XXRWTHe3p9w,3.9622600233252466e-05,5444,birank,73,20
crDmS2Hux1Rwgylo6S022Q,3.955295258598305e-05,5445,birank,1030,20
tOfaMOiMrXSmTDuPjLOCuw,3.954383537040307e-05,5446,birank,391,20
4cdS6DLtYIQfcpe5w_PyyQ,3.9494414674963975e-05,5447,birank,172,20
SpKppNFimODBt-BZ0c2WbA,3.946369854496495e-05,5448,birank,43,20
2AqEWqRbKhcY-30b9geCRQ,3.9460766272722905e-05,5449,birank,114,20
5vTos29P7PP1bWOtfSQLbw,3.945256489490638e-05,5450,birank,193,20
dkxB_I_3-63HJMmQszE0Kg,3.9447717435022506e-05,5451,birank,583,20
xhxP_Gixld0hhD74tqDLmA,3.942846361402538e-05,5452,birank,145,20
sPFVy3YI8viClkH08SPLeg,3.93818785013858e-05,5453,cold_start,16,20
erblzA3d7GRmMHDshhTzFQ,3.93818785013858e-05,5454,birank,23,20
iRb6rh6J5hveHIIWxsr66A,3.9377435288073604e-05,5455,birank,42,20
KD20H4BiOqSaw-0n5LsV1A,3.935654062768695e-05,5456,birank,168,20
c8c0xWech0Qv-JlwXqrTqw,3.933996449062087e-05,5457,birank,78,20
TC0SkzAqSdbmX0bYyvoJ8g,3.932993632023567e-05,5458,birank,90,20
jgmj_apBPNZa5Kq9ZJkSqg,3.932416071126808e-05,5459,birank,63,20
Iq7LZi_MCUg8xAfboc_r7g,3.931001965040517e-05,5460,birank,41,20
oBXdVA8_gHq2ML2dkv6nhg,3.930864382016044e-05,5461,birank,41,20
7rsdqP_j5s-x2OnFv_TrIg,3.930637513913096e-05,5462,cold_start,18,20
8u30hH32rp4d3TnULZw9vQ,3.930637513913096e-05,5463,birank,26,20
JjaUdQ5dnJ5Ktitu4UpWZg,3.930325534493005e-05,5464,birank,58,20
GUapKeZz8THjpuS3urS16A,3.929976783720828e-05,5465,birank,98,20
0vfmJXYVLZAMpUuNJx6ejw,3.9292284695490695e-05,5466,birank,37,20
CbMJxmEsm_NFue6NQ0kNpA,3.9292284695490695e-05,5467,cold_start,16,20
llSXs36PjWbDlyDcI4weAg,3.927362922804229e-05,5468,birank,58,20
I4cEvMuHycbWp34Ayh57DQ,3.924765219136848e-05,5469,cold_start,15,20
6ko58lgD6RjhINuNcuP6bA,3.9247652191368476e-05,5470,birank,30,20
GdEEibDpjjKVkEQzB6jiYg,3.9247603643827956e-05,5471,birank,133,20
hGUr1HxLfqvhQC1AG8kkVg,3.9245458515215516e-05,5472,birank,173,20
M0oI1SxhPqoX7V0YGumP1A,3.924406826110287e-05,5473,birank,115,20
6rdfC4ESbWEBeKbyQziZ1w,3.923812730615354e-05,5474,birank,226,20
0-XYsSxJhu8ayKx1f3v_tA,3.92215632216524e-05,5475,birank,56,20
mDBXgJGoHl5TJThOc7g9rg,3.917577347103686e-05,5476,birank,110,20
LeXTkBfmJbGlG5VNLNLRyw,3.916111495165002e-05,5477,birank,97,20
AkpQwujeWuPYPULJGUlsdw,3.912328311581859e-05,5478,cold_start,15,20
oz5GyYc_R2-CB10nrV1Psw,3.912328311581859e-05,5479,birank,39,20
CU0yiz9rIm6cBkdCGFwJiQ,3.908835048188828e-05,5480,birank,56,20
7lpkWY6BPUjNfWpiklxz6g,3.908268750026938e-05,5481,birank,249,20
XBGXPRTzUTPdzBRmNCjOig,3.90825072605631e-05,5482,birank,54,20
jyI0Egi-Zij0WLxgW1Qjmw,3.905398063925953e-05,5483,birank,78,20
Bg-XoPfbAF5-U1OGhhBasA,3.9053803290756524e-05,5484,birank,109,20
8TBPpEgCEEpVlPyo9LKcGw,3.904673836207272e-05,5485,birank,25,20
yHgRhWWUC1C8oQx8lChooA,3.9019284517998334e-05,5486,birank,165,20
DGDW-rIXYACpLZVrhHF-ww,3.900585559936856e-05,5487,birank,529,20
0ACFnKVLuLhAWU6NOic6JA,3.898070147379275e-05,5488,cold_start,12,20
kqh6VqnflT0PD78A9VAEgA,3.898070147379275e-05,5489,birank,23,20
0rM3Izz5hVz-_kf339YMeQ,3.8974972244365524e-05,5490,birank,101,20
5oSMIhWSvMyZQs57AsNTSA,3.897273120980848e-05,5491,birank,47,20
dq_B8fJB1oPo645xkwPSKQ,3.8964192906826575e-05,5492,birank,45,20
0UYn-R_LF-V0KSlYFRi3PA,3.8942615939126486e-05,5493,birank,60,20
WjzWl2kUn1eWuLj4OZH47w,3.8941357572820574e-05,5494,cold_start,13,20
d1mtX0eI13U7JBY2-1cOPw,3.8941357572820574e-05,5495,birank,20,20
Dqop6WgHI3m_piEVcaPJ6Q,3.89129062497801e-05,5496,birank,94,20
5iuNneK8vTYvYB9SmRWRnw,3.887532583270298e-05,5497,birank,63,20
pWny9VNzQlvDXV_Fw3snjQ,3.885287814996482e-05,5498,birank,110,20
jV7FdR7puEdY5ch11jg3vg,3.88518767531357e-05,5499,cold_start,16,20
PqqTZ8ZY54s6nCzQhN7Agw,3.88518767531357e-05,5500,birank,26,20
7a3P2nje3j65pX6d5xYCvA,3.884486358033964e-05,5501,birank,115,20
U0sokqPeNaDJzbhLZnDPzw,3.8839152018580496e-05,5502,cold_start,15,20
Ub_6YsWqb90lfT6k1kRbwA,3.8839152018580496e-05,5503,birank,21,20
f8B1vstbUsW2ynCeqGuiUQ,3.88269873568643e-05,5504,birank,44,20
bqT9LFxOiV9hr0361Ph8rA,3.881392388443327e-05,5505,birank,50,20
Tvn4DEIXkRm9QY_IQ_HJJA,3.8791930845028995e-05,5506,birank,29,20
kxs_y4UlQl3p1ByNPB4H7A,3.8791930845028995e-05,5507,cold_start,13,20
zzXRdzrVhfNWPHD2MeyWeA,3.878675638138326e-05,5508,birank,37,20
pYyShHmDznH4b67OTuMmWA,3.878455841880009e-05,5509,birank,63,20
RPszRvgRQR5q7WMGhVNLCA,3.878203020188279e-05,5510,birank,251,20
3xwv_lWddQZ2ms4I7uK53A,3.873693882792504e-05,5511,birank,25,20
EGKqY6jvj-uJczzvPFK24g,3.873693882792504e-05,5512,cold_start,17,20
o_zQZbVFi665kqa_u2YoTQ,3.8734905395765324e-05,5513,birank,163,20
-0eUa8TsXFFy0FCxHYmrjg,3.8728837152911946e-05,5514,birank,61,20
MbrfN3NB-yRg93GdA5YM9w,3.872876325444396e-05,5515,birank,47,20
TiisuaP4gaBbIKeJ1LVCmw,3.871251280402512e-05,5516,birank,41,20
rOgdan7fJiLo0FQ2sUGwjQ,3.870744179415625e-05,5517,birank,180,20
fvfoKdU_ohKE2InskbOtjA,3.869279881081104e-05,5518,birank,92,20
390CUkTdCxK89Nb9FdNp1g,3.8689618639644424e-05,5519,birank,106,20
VK7iPt8e77e61SC7HraJaw,3.868499270923073e-05,5520,birank,61,20
z1d3dFsEJ8wXB2v0W97LFQ,3.866206178085592e-05,5521,birank,56,20
CFqHpJScxhi1jxkiHpzx0g,3.8642336489159324e-05,5522,birank,139,20
uh25a36RgVbIeq99Qy4a0A,3.8641215804298807e-05,5523,birank,92,20
c_YbtTRac_wv5jpzLQElsQ,3.85732649911872e-05,5524,birank,92,20
S1JGVt_nIqTpCyjrzQZ9Uw,3.852339942330411e-05,5525,birank,120,20
uVtTkB1EVevu-0EIQygVMg,3.851691996457889e-05,5526,birank,351,20
1O3049ULg-o1MxmR_w95Tw,3.851362639911872e-05,5527,birank,46,20
xvrmpEUp1P6wolmuZ5LQiQ,3.8512598229774766e-05,5528,birank,59,20
rLiG5i1Ct2q8qEbqZWwG4Q,3.850952834049778e-05,5529,birank,45,20
NwscaDjCWWtPNG0xfTjm3Q,3.8504582425421926e-05,5530,birank,66,20
ZLW8u1n776S7maN4KhN6jg,3.850058663500415e-05,5531,birank,57,20
pq7CAQGsxjaFcMLmhdbbvA,3.8493858095280086e-05,5532,birank,132,20
1H-RURg-RoOuSDmwAmMhLA,3.847447612583293e-05,5533,cold_start,12,20
C9k02Ejz4RXwRRaKNKAYCA,3.8474476125832924e-05,5534,birank,34,20
SQCqLXBnzU3Bw-SiLLvgqg,3.845686327872733e-05,5535,birank,200,20
i1PNxXNO1zlEWJF-GvDuEQ,3.844510199290176e-05,5536,birank,23,20
vLobB_Q9BB6cJDE_P9KsHQ,3.844510199290176e-05,5537,cold_start,17,20
q3QIAx4u8BLBOhwca2UBjQ,3.843546546424998e-05,5538,birank,83,20
QcQjRgBOf_LYum2HALgM5w,3.841981467126911e-05,5539,birank,214,20
47ZG5ZbGjKypH194HA_HTw,3.8400970850634415e-05,5540,birank,126,20
kUR59XFQps7CwVlo43wIlg,3.838593243036301e-05,5541,birank,37,20
6Fk7Mlgy8msAC0NCgsun_g,3.838593243036301e-05,5542,cold_start,19,20
UBriJCMES8rsmY0SiYjtSw,3.8384968340958807e-05,5543,birank,89,20
9yhny3ODCDOAmMrNIOGJtg,3.83761031452324e-05,5544,cold_start,15,20
ta8B_P1j_gN22rEy_yO21Q,3.83761031452324e-05,5545,birank,28,20
HN1sAd6vqKgPfQqnCxa6fA,3.836206161731064e-05,5546,birank,24,20
h3AI5bjSwdeT_WYbziS16g,3.8354358643234115e-05,5547,birank,30,20
maDs1YYOCLPm3-qlRNAePg,3.8354358643234115e-05,5548,cold_start,16,20
WrV6iYQyaaOsfwk6fiDDXQ,3.834187273395767e-05,5549,birank,201,20
pTeatktHioSoawLSCzfgKg,3.833623861046022e-05,5550,cold_start,18,20
wr46ByJI0i_7TwvvN9U38A,3.833623861046022e-05,5551,birank,24,20
xcdT294axowe3Tj-04tHIA,3.833089865930574e-05,5552,birank,104,20
7_2O7S0_jpKAjQp-iETYXA,3.833027753575111e-05,5553,cold_start,16,20
XZDp0wF6kmDYnIbH6MKiKA,3.833027753575111e-05,5554,birank,21,20
P3Oy6-nfqP46PmHJXNPLYA,3.832997949163471e-05,5555,birank,191,20
FEFi0AmjHzgSceeLYW3Glw,3.830246433077663e-05,5556,birank,102,20
eXTIdWDxaZ4Dh7hB0--kGA,3.828290109200403e-05,5557,birank,170,20
AcDQ4C7Plc0IOjMgntaoCQ,3.826943064951636e-05,5558,birank,70,20
svMo6g8n3oyvSOIvROj5GA,3.82527205016642e-05,5559,birank,69,20
hx_9etInU71CGRs6xDjM0g,3.8218410210632205e-05,5560,birank,55,20
2Ec7JLAHcJo4Aj2yvqfkiA,3.8215886127798884e-05,5561,birank,83,20
USvBH2Pqr3ZUDKwo12_FKw,3.8213141464737366e-05,5562,birank,36,20
oqw60IDy9yAf8euM0C4eNg,3.8213141464737366e-05,5563,cold_start,16,20
4iuNK5svIKV_GrbSwAXM6Q,3.820627669831724e-05,5564,birank,171,20
lzCreRMEgzDCwb90GuPmeg,3.820131609380314e-05,5565,birank,82,20
1lYgczPofVzbRqBT4XdLZQ,3.819360886335937e-05,5566,birank,46,20
3kFs_QlJ64oZ2qPu0WqaWw,3.8184492237970605e-05,5567,birank,44,20
GUuLWkqfieTDwORs8z8mDg,3.817929652526946e-05,5568,birank,75,20
IbNiBar9ClyX9hXvto-7AQ,3.816971932990082e-05,5569,birank,155,20
n8KfQqY4U2j8iZ4cjq8dPQ,3.815335497559478e-05,5570,birank,38,20
vDVTecHXPkKp9OkVXX_boA,3.8145253474672724e-05,5571,birank,62,20
SL1CvdV8mqc8xqTJAR4kNw,3.81093013688581e-05,5572,cold_start,19,20
1fZSiIItAjn8JiDm9HUYvw,3.81093013688581e-05,5573,birank,26,20
CPdzdO7YuxFSUOWYhqthOA,3.8101587206604305e-05,5574,birank,44,20
ZQXiT4vn7eg6Sf1Cosh5AQ,3.809047870425552e-05,5575,cold_start,16,20
DsKm53QrsVk5GZ9QgYQmyQ,3.809047870425552e-05,5576,birank,37,20
DoLGd8U9bWoNCvbSbegUBw,3.8088141462442467e-05,5577,birank,73,20
BisFlwuKO09MQdmxwZb7EA,3.8081590480401184e-05,5578,birank,141,20
3pbc89Mbi-L7HjuAw-DQfw,3.805894372357647e-05,5579,birank,38,20
LjmiLfuPMByqXVkjSeZoQA,3.805894372357647e-05,5580,cold_start,14,20
B8Uwm_12OajiujN_5AvrrQ,3.805482640415111e-05,5581,birank,44,20
n2LA9JJRhrC5DzpkFhhy-w,3.802920009442483e-05,5582,birank,110,20
GxuxCctcz3Hyk0wnuly7vQ,3.80248565910712e-05,5583,birank,839,20
7WrnAUGyB_uyWBSk5imztg,3.802438149299982e-05,5584,birank,474,20
IWkB--hat1Q1RCb2-JE9xA,3.802243738217385e-05,5585,birank,113,20
Ulnv0kGvI1qHk9CY-0w4JA,3.801794941011139e-05,5586,birank,40,20
1JxSgUivApwcRYFnXw23cQ,3.799585747360347e-05,5587,cold_start,13,20
RnYIZ1N5xRiA09DiEt947w,3.799585747360347e-05,5588,birank,21,20
MrGpJUIA2WSke3x70YC0Qw,3.798158429094424e-05,5589,birank,69,20
GTmwc3AWVB756gDiuHwtuw,3.798117469591631e-05,5590,birank,151,20
qpFvoENzTuy4WHk5R1qAFg,3.797307628895241e-05,5591,birank,58,20
a7RobRBScR0SVQVMKwkJmw,3.796794463885306e-05,5592,birank,347,20
TMfqKovAdxptiQTqv5gslg,3.796306167986265e-05,5593,birank,110,20
o3th9ES21lN4V97XwDa4eg,3.794266333471266e-05,5594,birank,282,20
ZsAFRyR1J6d1c9MF79o2iQ,3.793350632837299e-05,5595,birank,53,20
je8HwCtpyIRQOa-QCNBf7w,3.7905439566515054e-05,5596,birank,136,20
lra3ButUZm7ZymM1YSnkWA,3.790395732714334e-05,5597,birank,40,20
xQ6CMjWbhm_sDWKvthgCWQ,3.788007910390206e-05,5598,birank,116,20
yDxJU9IMp0vDfXrXY8eViQ,3.786915664000156e-05,5599,birank,32,20
-fvncmHOAGh4YSiTbCuqCQ,3.786915664000156e-05,5600,cold_start,12,20
gFdBHaAKtCycQuVX3fd9Hg,3.7859524164198493e-05,5601,birank,60,20
J9TnylMqNS62wjKVtnc1ug,3.785721211778319e-05,5602,birank,69,20
AV--_bzb6m-RqUfk269DBA,3.785093024014796e-05,5603,birank,89,20
2qnuqB4Q7yVDSnUFRHfVrw,3.784121317804048e-05,5604,birank,189,20
lcJc6yH1uqwMOBNO6ux5UA,3.7824954539411356e-05,5605,birank,442,20
dccCnHSZyPCst2mn7Jkw-A,3.7810083665497957e-05,5606,birank,47,20
XjXqBCD1Qyo7RHGGh2eX5g,3.780576799342908e-05,5607,birank,283,20
3CDGF41-vPznG9zY0-05wQ,3.779527492895064e-05,5608,birank,39,20
AIeyR4FxIx1FkWY6BwJHhA,3.778275723098468e-05,5609,birank,73,20
PnLhRzyTRCd2gHSmukcy7w,3.777611462375883e-05,5610,birank,234,20
biGlvJh1Fn__C_H41OU3lg,3.7770055581741974e-05,5611,birank,98,20
CJSSTraJzktYE48l8pBADA,3.776070993546693e-05,5612,birank,32,20
SJ3JA9EwBmQeQJXxC8T0vw,3.776070993546693e-05,5613,cold_start,15,20
FV-IDfUkj07Ctseem_dyoA,3.77457665916783e-05,5614,birank,36,20
y3ApB9iM9tlsksQJEANHkg,3.77457665916783e-05,5615,cold_start,13,20
CCoArdXOGJjTgDVePAUrOA,3.77446866907102e-05,5616,birank,320,20
P0u1f6ea6LsyB8m1CXXyNw,3.773228590212652e-05,5617,birank,50,20
NZ8rkOpkBisCWpfJb2rfzQ,3.7674155111501516e-05,5618,birank,97,20
UxPNpzKEC4FpdidHz8MCcA,3.767138186459336e-05,5619,birank,138,20
Wb9XhNUocfCsoMWIwjEcxQ,3.765865421968847e-05,5620,birank,516,20
_evTKuGvzfQJzDlnf6FMdQ,3.765108456875595e-05,5621,birank,81,20
WPdLRG-jsZmS7RkAfnZJQQ,3.763918169436704e-05,5622,birank,251,20
fII7VVkwvuKLjq3j0C5LCg,3.760660000742694e-05,5623,birank,67,20
76HRdyRWAJSJwKdAeNkR7w,3.75883458696168e-05,5624,birank,48,20
KRc2irAIY3pgGlV0p4znmQ,3.754382096650962e-05,5625,birank,249,20
E6kLNnb8VcgaZHzBp-5uMw,3.7537452310687504e-05,5626,birank,57,20
aTWIhy04A5TA0WTckxu8KQ,3.753281983502844e-05,5627,birank,70,20
7tIkHJL_c_Yea62w5ZhLdQ,3.753182710782052e-05,5628,cold_start,13,20
SjOD3i2vTmPhS4Ez4dUtpw,3.753182710782052e-05,5629,birank,20,20
ovXCLLeR56KBxAMyEdM15w,3.752752203762333e-05,5630,birank,87,20
KN0IJPxZ6bwVYmqLcAfRdg,3.748137616412771e-05,5631,birank,78,20
ezpDnpa1f87EMLlSGgnDxQ,3.7407246973741056e-05,5632,birank,43,20
b_NJFKY3vWv4VC8fPSGO1g,3.738755584602804e-05,5633,cold_start,16,20
i570mGBY_jIuotRCWotxng,3.738755584602804e-05,5634,birank,29,20
5Vrbqr9DK1gkrHGAS7y5eg,3.73642960858497e-05,5635,birank,52,20
P_AK2eaSpBK6_LuHMlJv6w,3.7327490295164565e-05,5636,birank,290,20
OdqRC1BZ3G4ORTis3owPZg,3.731828439180597e-05,5637,birank,28,20
4pwP8B5BpUThYVkOzDOd8Q,3.731828439180597e-05,5638,cold_start,18,20
5wLDwv4t6pnI37b2bzmnyQ,3.731316289333833e-05,5639,birank,78,20
mncyhXfad7xfLokrf1jm0w,3.7301755924486635e-05,5640,birank,43,20
rcXGrE-U7b9MjOJiYZ9SBw,3.7300605135724074e-05,5641,birank,40,20
lqy_CaGif3Jw-nGWxggUFg,3.729262656613868e-05,5642,birank,65,20
906LNhIYthmVJlKdS40PYw,3.727194954970903e-05,5643,birank,58,20
OlKxBWQrutu0kcHq4-on6w,3.7255351519233645e-05,5644,birank,94,20
aJpDjaMVhWZRLdwZtqQjEg,3.72449588179035e-05,5645,birank,101,20
1gsByhy26ZZtg87sJGcpNw,3.723210349042279e-05,5646,birank,25,20
Ui8NyjOYYG5FyMPXbw7yeA,3.722623752679567e-05,5647,birank,58,20
wCgIJhH_CTuwsSZPcafkng,3.722563742998856e-05,5648,birank,798,20
f0LN8fAzO8MMIvv88cOrrw,3.7221563729790416e-05,5649,birank,105,20
5AQDQGqneAHC8SZLKHgHIA,3.7211824510740925e-05,5650,birank,142,20
2GwrhnUq7qvX08_31aRiSA,3.719610443806701e-05,5651,birank,92,20
l8FMRUu-IVSuzcfCIeyHsg,3.717404487961974e-05,5652,birank,54,20
m2iS4YYmcq6pFpaGCtO-Iw,3.716790227362828e-05,5653,birank,81,20
Jx57H8us3w9UNtNyS_D28Q,3.7142884911788605e-05,5654,birank,56,20
5u98TGP6uBs-NO6m35exsQ,3.7139002753794085e-05,5655,birank,75,20
uIYodhuKvXEWd6jEGK9l0g,3.711887773591662e-05,5656,birank,1068,20
KgWwa6g40OK1lgXAktYo3w,3.711065362408596e-05,5657,birank,20,20
t5-yexCcAQaxuPw6EZZwnw,3.711065362408596e-05,5658,cold_start,9,20
Yh4yCF2cjDVr2LSuphgrXQ,3.710995484304442e-05,5659,birank,58,20
lMRBJZ5dt0c51GizF5EHig,3.707242854559802e-05,5660,cold_start,13,20
YJJHFq1_CQnCm_oXcO23Ag,3.707242854559802e-05,5661,birank,34,20
DAY19GbJnEka30bjh1_9vw,3.706606719591628e-05,5662,birank,47,20
5Yuy8Ygct5QpoMLLM5isMg,3.706121766809297e-05,5663,birank,51,20
GWgiPFdz7rgc3DS-pTkMWQ,3.704026043082812e-05,5664,birank,36,20
AV9kGDvqvtWQZkOzJvQKIA,3.704026043082812e-05,5665,cold_start,14,20
llmWFWNqZQ2J0UVECr0bvg,3.703868819462182e-05,5666,birank,78,20
Jc7nrhpijP6xSGFxIu0uiA,3.702904049699585e-05,5667,birank,73,20
DhkTrLGSI63OrnGt2q0KWQ,3.701527026555247e-05,5668,birank,60,20
kHCW7RZUdV64CPuX1871Zw,3.7010384303786595e-05,5669,birank,47,20
-RkGrQUxlwgaR5By4p2tAQ,3.7001645097636923e-05,5670,birank,39,20
IjulL_5PvUyJJyIHNQtu-w,3.700164509763692e-05,5671,cold_start,15,20
RQGrUjVhkjO9g-C-vl_nzA,3.6993327664046215e-05,5672,birank,57,20
piSFtzkXxkpU1q9a66ot2w,3.69880740781306e-05,5673,birank,42,20
WfGXFCu0e0SVr9tZG3-TfQ,3.696442342744954e-05,5674,birank,561,20
kURPPbhrJ2j3MtpD66HR3Q,3.6963777957547535e-05,5675,birank,80,20
tvmoUTS2O3EP2swVoEipMg,3.68893601469546e-05,5676,birank,31,20
s4nlPf6kXz97uk0yerqmHg,3.68893601469546e-05,5677,cold_start,17,20
UdJmsKwBvkHADwr8imRxNQ,3.6878639443840056e-05,5678,birank,188,20
DtE_filcjbtVPa3vHu96Hg,3.687670858158657e-05,5679,birank,33,20
haIljRs6pruzNI_4fZrjJw,3.686754090675556e-05,5680,birank,45,20
bfpwNZp1TprfhORDNh6iTw,3.685653886422557e-05,5681,birank,58,20
EEOgBTYNuaAHDSOBXauQxQ,3.684126719326663e-05,5682,birank,54,20
hJnW5-ovJQkecq0EZhHaKw,3.683210434603053e-05,5683,birank,24,20
DQ40RrKUpAra--v6C0Q_2A,3.683210434603053e-05,5684,cold_start,15,20
f8xDi3rajxvIqS73N93Afw,3.682106155359125e-05,5685,birank,41,20
GzYIDkGgkHa1vghxXGQlJw,3.679556054181109e-05,5686,birank,147,20
K2KJKuC1J4U5WS6Y-9ZWRw,3.678403384470177e-05,5687,birank,121,20
l_xCcePP38yNSPrlziIQSA,3.6782583293951464e-05,5688,cold_start,18,20
2L4ncdPfO7b5k3wyWAz9CQ,3.6782583293951464e-05,5689,birank,36,20
hUtkmOGwqRbnzkttutDe8g,3.677776579385404e-05,5690,birank,155,20
Flu8zFsJbX-mRw2yOFBC-w,3.675407996307958e-05,5691,birank,492,20
cXCky2gHKQo566ThcoVtJg,3.675115657890024e-05,5692,birank,39,20
u12BYcjx2VGy8L_N1Q_sPA,3.675115657890024e-05,5693,cold_start,17,20
7SC59d4nl7hc3BFjaMPSEw,3.671840661999842e-05,5694,birank,23,20
zX5bp2_1O9cJFQoGOjFwyA,3.671840661999842e-05,5695,cold_start,14,20
cXfQ9MqoG41RGd8oIaFxag,3.671357529067292e-05,5696,birank,31,20
CV2NybLmtkyegVvoZ-Ncgw,3.6709531871199336e-05,5697,cold_start,19,20
qaEqiGzQ67ief_yoKP97Hw,3.6709531871199336e-05,5698,birank,35,20
fx1532CemYqL8wZivfcDzA,3.669573636020205e-05,5699,birank,46,20
35yoH8b__Uv8_QJxCAawLA,3.668346215855948e-05,5700,birank,102,20
cEyo1UgdluY7bsu2VwcRBw,3.666721554668306e-05,5701,birank,53,20
jlaktBNmve9FMOAlsG6PwQ,3.666614340928122e-05,5702,cold_start,18,20
tA0bhhroDjar8irGCZXObQ,3.666614340928122e-05,5703,birank,28,20
tc6Qtzos9S09eRlHHrNUbQ,3.6659645778555755e-05,5704,cold_start,13,20
tYZ_yj9rJEDH-BbgKIctXw,3.6659645778555755e-05,5705,birank,31,20
3RPeXlx93lC_W3AH89-SjQ,3.661599348752654e-05,5706,birank,118,20
Jci_xPpsvVqhBNJ9oHA31Q,3.660728944747323e-05,5707,birank,68,20
JAMmjTFdUGBpV24K1riSjQ,3.6606503180758746e-05,5708,cold_start,17,20
i9eMSNpOA8BfHGZrM-9sZg,3.6606503180758746e-05,5709,birank,35,20
KBuoxDEsxLJvr2QctPRkLg,3.659987705459918e-05,5710,birank,222,20
jhbJuMrHKP4Vb2kfsVizKg,3.659388602584408e-05,5711,cold_start,16,20
s5J4_ZJpBqsPYuq8ddZkOw,3.659388602584408e-05,5712,birank,30,20
cpauYmd7cXS5g1KREWOxuA,3.659171617095949e-05,5713,birank,37,20
bL2bIVv0CFyBp-_XijGzlA,3.6588489278785635e-05,5714,birank,42,20
NOG-VrqO18rHyPwz0I_hHQ,3.657257080733641e-05,5715,birank,46,20
9-1C7wFYA53uxXXYTYCbKw,3.651333347402817e-05,5716,birank,90,20
K6c5WJDRDTjzb8eCcn0dGg,3.647860883991167e-05,5717,birank,225,20
G1MXujpA5g9QU0Cn1N9RqA,3.647508140087165e-05,5718,birank,126,20
19ucoG2VHdR2aMGyf4aoNQ,3.646677802438472e-05,5719,birank,146,20
_ahiaZVH2uVzVaZ0SF2uOg,3.646291939542627e-05,5720,birank,57,20
F1GL5ew2UMYNjawcR7HPyA,3.646143349209684e-05,5721,birank,44,20
dogcOCiqIr3Q09VW_lFuEQ,3.6445899093777837e-05,5722,birank,83,20
olqTsVDufyeaqXx585Uv2Q,3.641752145320442e-05,5723,birank,177,20
kLSEk3qXY1KdtFjxHJ9pww,3.638392567214336e-05,5724,birank,63,20
Zlga4izAoM55RDMzkK-aIA,3.636700579566697e-05,5725,birank,81,20
89VqFJf3COkgb6dL2AqXhg,3.636556941755897e-05,5726,birank,36,20
GRduI6GKz6dzk9n6JRpmOw,3.636556941755897e-05,5727,cold_start,10,20
Z9gdO6rGNcRUPkQSqEN9kA,3.634047228932999e-05,5728,birank,102,20
V8OAg2UNc3jgoltKAehhLQ,3.633822445068428e-05,5729,birank,146,20
LOpRqDGLGOKk__bc2-JbBA,3.630410250849642e-05,5730,birank,67,20
MqBtykhqU_4GgqgNjz079A,3.630044056476403e-05,5731,cold_start,17,20
nKgQfX62h5aJJA0m4gMX-Q,3.630044056476403e-05,5732,birank,31,20
EMoU8F2O4hTDNjXk05TWqA,3.629314582909963e-05,5733,cold_start,18,20
rv_1S0yg-YtulZ6gGAVE1A,3.629314582909963e-05,5734,birank,29,20
ul97zyH40F8OMTwRIgJqDQ,3.6278571528004983e-05,5735,birank,51,20
o5Uee_gmS-y9R582PAkX6w,3.6234209126561675e-05,5736,birank,25,20
g58J50yqKPpn0B1wn5o22A,3.6234209126561675e-05,5737,cold_start,19,20
a93VytGczF5xkcq_Bs2hYQ,3.6172127860507045e-05,5738,birank,20,20
KhPuIle_oLlKhz5pRaUA0w,3.6172127860507045e-05,5739,cold_start,19,20
fDMEHZ_0UqQF3CJGYmq4Kg,3.615713815026176e-05,5740,birank,275,20
MiHEBc2XAZ0c39WAul-XBA,3.6156155162748255e-05,5741,birank,39,20
azp2wLevlaVODNk26MDfEA,3.6140199695546e-05,5742,birank,50,20
dlqEa58Xf7q5w4e_4Wys1g,3.613407626101836e-05,5743,birank,75,20
l-gbfEu4oye4IZX75W-drA,3.612015753801766e-05,5744,birank,36,20
gtlEuByPIBW1HLA89D22mw,3.612015753801766e-05,5745,cold_start,16,20
YwlhxsSsa5WcrR-_myL9qQ,3.6103993419491474e-05,5746,birank,218,20
Z47HyCOQC6D3kWYZGqe6RQ,3.6033002641355456e-05,5747,birank,59,20
QyMpPd5eJCZLzuj-v-sLYQ,3.603133627168612e-05,5748,birank,55,20
t-XRW66FDaRQqlt7FPCSTg,3.603094363144367e-05,5749,birank,80,20
JrRs7f-6LVTDOwtYjZR6zg,3.602700001666106e-05,5750,birank,33,20
-RzbRfPnKcwTixtokN-p6A,3.602700001666106e-05,5751,cold_start,9,20
95NWdx75Gwy4r_IGGuCnmQ,3.60181679913289e-05,5752,birank,31,20
fgCDIVM8-PLgJuhxePt2MQ,3.60181679913289e-05,5753,cold_start,12,20
CMiTXglTH36Z1Crwpf8nNQ,3.600023894007253e-05,5754,birank,62,20
wunF8CkjYkARgCbGwYRm3A,3.5993465134300677e-05,5755,birank,60,20
vMWBVI5ky6c1gfuPB7ZTLQ,3.597894756805466e-05,5756,birank,96,20
bzG2ul_mhdPMvhxsn-8EEg,3.59707548068913e-05,5757,birank,298,20
3jfSmj2DvdsNdJm5xrlK8w,3.5965873032760314e-05,5758,cold_start,16,20
GLDeniJ20Z0X_ZMbt4Y8Jg,3.5965873032760314e-05,5759,birank,29,20
4INCRF2drQv6ivUZHkCIJA,3.596122220072876e-05,5760,cold_start,19,20
l9PEswjyG6P2fDN2wkbhGw,3.596122220072876e-05,5761,birank,27,20
pdXEjhNzy5YERGk_wBA9Lw,3.596120365728921e-05,5762,birank,51,20
7kv0_b00dLOqKxaHb7Xfeg,3.595855800782972e-05,5763,birank,108,20
z37fpa6lh-HOIQh0MbQXag,3.590460099447886e-05,5764,birank,75,20
TjwgZj9_4IC8LPoY6W3AxQ,3.5904188773144076e-05,5765,birank,28,20
hoKAUu79tANdM2AGGLAFxQ,3.588308094827784e-05,5766,birank,44,20
vln582yf0nbUuHzBnY6yOQ,3.588276475142574e-05,5767,cold_start,18,20
wWZexHCkuRXFhaapSgzeow,3.588276475142574e-05,5768,birank,36,20
ww-fKGfc4XJHOAxDH0ac5Q,3.587833828340133e-05,5769,birank,76,20
Qdt45UfQRMCy7Zdeq1UcvQ,3.587376106281805e-05,5770,birank,110,20
4MiYEI_-zKyCXNlElbhC0g,3.58650759979372e-05,5771,cold_start,9,20
vYr5IUI8MDEAPBAuZJdNPQ,3.58650759979372e-05,5772,birank,28,20
p6zCE-CRFFLtjlrtn6kyCg,3.5809451436584304e-05,5773,cold_start,12,20
mzrrU4MbX0CHuDAnZb7jXw,3.5809451436584304e-05,5774,birank,36,20
JwBTq6IOFH97b9Hr6RT7pw,3.580597040562138e-05,5775,cold_start,13,20
06mrRuzYE3zTcVqDDPvzNQ,3.580597040562138e-05,5776,birank,32,20
bKIl8WELw2a09bdeJHU3UQ,3.579655740794419e-05,5777,birank,59,20
zYCrmx7qSuT-6ut1_F22iw,3.5794684499897494e-05,5778,birank,51,20
JIvfg4W979rqqfGDRD4MXA,3.577838133818268e-05,5779,birank,54,20
H3iXNL_ZHSwpOA7RLZY1pA,3.577201167016302e-05,5780,birank,342,20
HlaqPcOkOb7AjLpYU5fsoA,3.5767844064233504e-05,5781,birank,33,20
mGfmLdBI7kXRWox7Yl7RBw,3.5733044556536105e-05,5782,birank,115,20
YGUr57Zf4RYb7mswg32qxg,3.5723715130933634e-05,5783,birank,60,20
Tn_mh2nvf6XXh9O6EN7QcA,3.571899761191869e-05,5784,birank,404,20
45RduxnVKS8kB1sU_p2mUQ,3.571444656679829e-05,5785,birank,38,20
4mYPqTpCjHqx8Ee4TIERXA,3.571444656679829e-05,5786,cold_start,15,20
Byo1q14KR5oBRep1MJLHXA,3.5713702947050986e-05,5787,birank,75,20
2XmP7QMdeiGTtJou5BMosQ,3.569006247496918e-05,5788,birank,76,20
TiADrFs870HFMGWGXziySg,3.568169640503266e-05,5789,birank,33,20
xjoeCDmeRteRsMh_HTdOGw,3.568169640503266e-05,5790,cold_start,16,20
BAe6clozuQy2iS44KrIB6A,3.5657202511660416e-05,5791,cold_start,17,20
M7VaEo-4B9hi4hMkwTQKAw,3.5657202511660416e-05,5792,birank,36,20
UALJipwvpD-M-PzI9uALZA,3.5652849421328383e-05,5793,birank,32,20
UXiqbA_hU-NUd8k7OeWEFA,3.5652849421328383e-05,5794,cold_start,14,20
8GCFe81qmoTEcq2BnO-HGg,3.5618020396077985e-05,5795,birank,133,20
6W6UjdRDn2OQlH1Iwo9gew,3.560958946196007e-05,5796,birank,30,20
vJpRfwM1MT3gWjKBZf_9sw,3.560958946196007e-05,5797,cold_start,14,20
NhRecETfR6m5yM-iGFlqOQ,3.557183743471664e-05,5798,birank,62,20
mIfISzGcOgxifjlYwU9vqg,3.556727152183226e-05,5799,birank,65,20
cIY42Z8avTO0WCl0uY5anA,3.556469908103596e-05,5800,birank,24,20
GBhdeF0ScyX5HN3gj-NNCA,3.5554461864749136e-05,5801,birank,56,20
LX0J0POj4Ul2n474A-JbjQ,3.554664911814227e-05,5802,cold_start,18,20
IcD4lXY6lT8zZPkGD9Flqg,3.554664911814227e-05,5803,birank,26,20
5tSloJbLGvllqnn9neahLw,3.551823922703941e-05,5804,cold_start,14,20
6vJyfndJjC-LVbfa3MdyzQ,3.551823922703941e-05,5805,birank,21,20
by8mvBBS0pAgq0cMJpRY-g,3.5482385322819276e-05,5806,birank,44,20
FqSsVgbOxedTevshj0bfIQ,3.5463868500932144e-05,5807,birank,130,20
kayVS-MPUVp_Vmo54Pjp9w,3.545966319167607e-05,5808,birank,122,20
SVXr9Ta3-o2TJfmDEBuK9w,3.5431328854590274e-05,5809,birank,25,20
-P0cVKNzgqsqBsKkwngvpA,3.5431328854590274e-05,5810,cold_start,16,20
EmzPQvyNQH-lR81tcFrKSw,3.54234208827759e-05,5811,birank,236,20
nwUFPclGP8sMNyjJXiSPZQ,3.5411450872225646e-05,5812,birank,59,20
bhaaBv7YMTYYIMjx0rrO3Q,3.540884480233202e-05,5813,birank,111,20
FtT_HlYiyOrE-TzKl6_qgg,3.5405493040021296e-05,5814,birank,22,20
koeubKPpi6ax4FDh7_zcWg,3.5405493040021296e-05,5815,cold_start,16,20
9ygXHUaa7_cW2ou98VHaeg,3.535447873462585e-05,5816,birank,85,20
2yhZklZm-4SmAVYRdPK4XQ,3.5334223589853186e-05,5817,cold_start,11,20
MhY13kxJHfnigrA2S5j6Rg,3.5334223589853186e-05,5818,birank,36,20
QG_CEG2_kb-0af1O0HiADg,3.532979309944575e-05,5819,birank,20,20
vDb4ioypKzJ0Wshp5i3-bw,3.532215399778377e-05,5820,birank,23,20
WwPPNhUpIsPhLumwravwKw,3.532215399778377e-05,5821,cold_start,9,20
mPEemzmB68ThtuKhVXE3BA,3.531803564553175e-05,5822,cold_start,15,20
j_eImSxsxnW0FCM1b5ekEQ,3.531803564553175e-05,5823,birank,30,20
hP0TIqhqjWPyJtSd--nJtQ,3.531070246059002e-05,5824,birank,53,20
zkUGrri25CXfZc4OS2BtPg,3.528803759411592e-05,5825,birank,69,20
VI4p14GU7lf8mvztZzs9Xw,3.528679487911422e-05,5826,birank,20,20
FVcIeaJY8vTnt9AksAVFaw,3.528679487911422e-05,5827,cold_start,9,20
2s1e-4t_35JfQBXAluqqzg,3.528273942850413e-05,5828,cold_start,19,20
fzVxr26ms8z_srMH2Ypudg,3.528273942850413e-05,5829,birank,22,20
oAyDxwEJ5pT-cCwNnc6dRQ,3.525817111000873e-05,5830,birank,192,20
RQBwDVWNCyhhsLcyD6rkMg,3.524547313015864e-05,5831,birank,166,20
6MBVjXPYjlNkIcNzlChEsA,3.523606105063905e-05,5832,birank,162,20
dv_AMvV9J-6qrke4BUQuEA,3.523406768363316e-05,5833,birank,93,20
uV2UIrCxSng1tQ1Gi9n_Sw,3.5231472826818235e-05,5834,birank,54,20
XiPmvfzsqSUdwBZfSt3AUA,3.5208237851760584e-05,5835,birank,46,20
vvtZWCcOw-wA9CF-79U0jw,3.5199930918838414e-05,5836,birank,141,20
rC8BSNd6Anq41TVkP92kOw,3.51829823992476e-05,5837,birank,93,20
tubjTe68wKhldVs8W2_weQ,3.517325729769435e-05,5838,birank,64,20
SSKhM0-bEYv76DcExRAiSg,3.5165866285007866e-05,5839,birank,66,20
XbXoL8r97I_f5t0hv4BzIw,3.513039993688884e-05,5840,birank,61,20
VYZ6-e_vfCBLYwXZxybdfg,3.512204838054098e-05,5841,birank,34,20
2juujWzR3Ac_TSmbTzWawQ,3.512204838054098e-05,5842,cold_start,15,20
-2BDt9OdGiBONysWCdKgNg,3.511210367008964e-05,5843,birank,61,20
_CAtatmn5FKtMFXcyQyWdQ,3.508504965123606e-05,5844,birank,210,20
Zl8jd_gzZduzMLN4_vUjLw,3.50845195785645e-05,5845,birank,24,20
PnLZ1uKbRZkv6t72gSvCwQ,3.507995608888903e-05,5846,birank,190,20
o1I-pKoa6WUNpMViWaA9Fw,3.505504866948387e-05,5847,cold_start,11,20
bNB06UwQgfpaLsDl-g1xcg,3.505504866948387e-05,5848,birank,21,20
EUiV2nhMgXZHL--ofr3Xdg,3.504950261637944e-05,5849,birank,106,20
JUamG9JZEHwFDJGXLrgIFg,3.504474644213334e-05,5850,birank,53,20
1MPwu6bFI67m39SUXH1hxQ,3.504390145836892e-05,5851,birank,90,20
dB0h6ULGQiFuhE2G3zh-uQ,3.5034912210661436e-05,5852,birank,110,20
nOtxdJst7a0oxMWb7Sdteg,3.501735544278934e-05,5853,cold_start,13,20
fQAyS1EGx75yDGweJ9YnQw,3.501735544278934e-05,5854,birank,31,20
r28E3Magy-W_w2V_0jfMdA,3.50101905661178e-05,5855,birank,390,20
vjZyFjcc8A9HAUuJczOgqA,3.497923406387756e-05,5856,birank,49,20
4b8lGugmvF3ZavCy_3wcaA,3.497190548708896e-05,5857,birank,72,20
UveLPMibXg1KMnYo3MfGKA,3.4963223813310865e-05,5858,birank,49,20
_UMblgA_K4QYgoyszy46QQ,3.4949527207262256e-05,5859,birank,210,20
_vwnAL8mXsf1xPDsljllvg,3.494426389908096e-05,5860,birank,30,20
PDdUfkGAsNLUkgHaJg3tVw,3.494426389908096e-05,5861,cold_start,14,20
WbxPdq_PgVvCI462l0vPEQ,3.494259317716251e-05,5862,birank,80,20
on8IOJvb1mkHx_eXiMnV1w,3.493185202229251e-05,5863,birank,72,20
78lXlSJ2Vp3kw0Ds9dZsdw,3.493065639118107e-05,5864,cold_start,12,20
JRBfLvTRf8umVgq7ZSOm9Q,3.493065639118107e-05,5865,birank,24,20
nrkJ9yY915jq3LjWywkruw,3.4906635653771557e-05,5866,birank,76,20
lZkp51ME2iBdQbhF4QrpuA,3.4893681682844375e-05,5867,birank,321,20
lJLrYem1SsD0nv09Kls2kA,3.488683746713883e-05,5868,birank,38,20
MrMMI9ZFYQy6r_g6TC4UrQ,3.486084312459016e-05,5869,cold_start,10,20
v5KBQIMZaa87gtK4BAq4Kg,3.486084312459016e-05,5870,birank,27,20
lBZ0TUZu0S8_syGUTQs7Bg,3.484788187060321e-05,5871,birank,29,20
R5ycR4CZc1mNdxDtY2PYAw,3.484788187060321e-05,5872,cold_start,17,20
G1vUqy1-vDsCbCFrZkFnuQ,3.480892963838903e-05,5873,birank,73,20
jO6zRQLiE1cRuqKA0k6YFA,3.4803011576659524e-05,5874,cold_start,8,20
KJuskPXc4XFTto92HPz1aw,3.4803011576659524e-05,5875,birank,33,20
x74ddt2X1j6SLbuCo0vV8w,3.4801780971103767e-05,5876,birank,63,20
kNcrmaQNneyioUg1MY9ZqA,3.478301073028527e-05,5877,birank,70,20
6FfvGK0ULZzFH2LmyOd0Kw,3.477836515031181e-05,5878,birank,46,20
dOkg_xoAt2unx0ninDN9TA,3.4771847136542856e-05,5879,birank,46,20
8MzlreHr5tUxXM_Maqm1eg,3.476618811068662e-05,5880,birank,45,20
-xhTcS5y-7LwHPRfBxJhfw,3.476577386557078e-05,5881,birank,50,20
S6xjG5thtYKhNpFulIo10Q,3.475530494974875e-05,5882,birank,46,20
QwH__zx8N0TmF0r4o4yOuA,3.475088283484625e-05,5883,birank,69,20
kgzgHWoGBznqRODFLy9FaQ,3.4726203951096286e-05,5884,birank,175,20
RlKxbcxLSUqjqL4tv4mOKg,3.4712832752178666e-05,5885,birank,107,20
mE4D25vY8SNxpNOZZtEauA,3.469119627373096e-05,5886,birank,104,20
Jk7abQBp7BTOt7c5F88Jwg,3.468927109830817e-05,5887,birank,89,20
T5BTWxPdcCodK2JMPcPD0A,3.466854003194154e-05,5888,birank,132,20
_tnLEdv1H_JYEcfWSpNFow,3.4665099134892475e-05,5889,birank,198,20
papbVEKch3cma_aN1KuopA,3.46639562862214e-05,5890,birank,55,20
wUHUyTrOpUcTVTQpyZFo8w,3.4658711304419925e-05,5891,birank,228,20
MqdCs22Lym96IRmt9ivKyQ,3.465572192720273e-05,5892,birank,24,20
TAjUu0R-Owhu0cFZ4R_I7Q,3.465572192720273e-05,5893,cold_start,7,20
LDRCTgT9TR_71SWkSgEhGw,3.464651799480715e-05,5894,cold_start,13,20
YH5KqmYkkrJrPP7kcJjKfg,3.464651799480715e-05,5895,birank,31,20
4rglQWnQsA3gNrdHHqZF0g,3.4645729481786674e-05,5896,birank,30,20
bRF8nyWgzrzhQ31NoflMBA,3.463225433706632e-05,5897,birank,69,20
x1zvE33a3y4lSKnbCsaAUA,3.460487328323681e-05,5898,birank,487,20
8wfjxXNYEViVwig-SswjKg,3.45943377492236e-05,5899,birank,22,20
B62OWlFCOM_w7CWrk42fsg,3.45943377492236e-05,5900,cold_start,13,20
EkYGO5eZJ9litEaBEx6w9w,3.457313516941701e-05,5901,birank,94,20
ZFcE6HItnUzgGPM0Uxm-DQ,3.457191944583894e-05,5902,cold_start,11,20
L1f5JTTFDIEMkkTBSgof0A,3.457191944583894e-05,5903,birank,20,20
ZhcVjB2jA5nhzpTKjuR5cA,3.456791348962352e-05,5904,cold_start,10,20
DchoWk5R3ZSkvVs59e2PpA,3.456791348962352e-05,5905,birank,22,20
BjW9Vj8nxgRUZS3UrOoolA,3.4567623278574066e-05,5906,birank,81,20
m9MVR81RpiI4G8BY8ssWWg,3.456653804651018e-05,5907,birank,658,20
fDhdu4D4nsBC7h3i1mHaOA,3.455931309363024e-05,5908,birank,57,20
oT5Bidkfa7cGOp1806ryXQ,3.4558197105403095e-05,5909,birank,159,20
kRSQGsUUNwNWGhhiBZFWcg,3.4548065284471475e-05,5910,cold_start,14,20
hkNTfubm5Vbf0j78AcDxHA,3.4548065284471475e-05,5911,birank,26,20
2cfEAFZZee8fq3Xx6yZ87w,3.4536028632740557e-05,5912,birank,140,20
TAitPmhWLhTSLmeJQ85iog,3.452478122783579e-05,5913,birank,22,20
0xmV6WSKyq0SFUa_uZKocw,3.452478122783579e-05,5914,cold_start,17,20
tdalPINw11qFnrb2YL0ayQ,3.4518386842552034e-05,5915,birank,152,20
FId1uY73JcswBn6oz5gTEQ,3.451668007325323e-05,5916,birank,208,20
x-waJIgYyDLprk6xniUjlA,3.4516516764183467e-05,5917,birank,81,20
oJaf0e6k7vcolmRO96ckUQ,3.45138343484262e-05,5918,birank,42,20
nacRf5nG7Cm5Dhfl7Ijlmw,3.449526312892044e-05,5919,birank,90,20
TuRCuEVeYE0dfF2d2pcnRw,3.447234993947441e-05,5920,birank,57,20
yyJ-cNLt44n9DnNI4xrDXQ,3.445139578782784e-05,5921,birank,68,20
4QnaPR1FJlONov3ANyuOdg,3.4412641160083225e-05,5922,birank,544,20
XRDcLPEmTyZihws-_sC3_A,3.440637511370483e-05,5923,birank,66,20
80I1vUvNOS9u50Y5oqq8Vw,3.436525692408974e-05,5924,birank,163,20
NfuQxhkadU9p1nFUs-2sbQ,3.436508428215192e-05,5925,birank,119,20
cbG-YiFmhZ6AmGuuP6f64g,3.432490307953605e-05,5926,birank,30,20
5ZUyW2FV8jwtLQPMSbx6wA,3.431704932512146e-05,5927,birank,20,20
XaBOwJFCe1odBPYdIwCsPg,3.431704932512146e-05,5928,cold_start,17,20
Cch7lpybfh4V0_1j8Nr3yQ,3.42954099434187e-05,5929,birank,21,20
AZ2Y73dJwn6RK3H1FlO7gg,3.42954099434187e-05,5930,cold_start,16,20
d0Eb3kHX1QQgk3UUBzuOhw,3.42918701500566e-05,5931,birank,284,20
YCrlaAAwOadwtd9W0cH6zg,3.4280172300451695e-05,5932,cold_start,13,20
rXROtgLbpHRnkqWfEL6YhQ,3.4280172300451695e-05,5933,birank,27,20
m0goxK9IkGhjoyfEA9ZvBQ,3.425003826217817e-05,5934,cold_start,10,20
RGMPK0znWtlP6Sr9yHntsA,3.425003826217817e-05,5935,birank,35,20
9dTnpsb_tO25h44IAoeRjQ,3.4235794622497014e-05,5936,birank,66,20
GsppfYtMMxI86N9FuXzccw,3.422069057573271e-05,5937,birank,56,20
S2I4-Vjo6koQg-kiXwEkjg,3.4151181112125973e-05,5938,birank,179,20
xJ3aziMabFEjF8X0kvPfLw,3.415016610415688e-05,5939,birank,116,20
XuZ0PjtRiRCIOpzWTtQ-Vg,3.414928805047122e-05,5940,birank,105,20
pyC19rtFOuoicvkgk6VcNg,3.4143412004564276e-05,5941,birank,1599,20
txPjpADdwFJ7fExRLgw0eQ,3.412397532663296e-05,5942,birank,25,20
KIjJP6D4u3aqRvb7e5w5nQ,3.412397532663296e-05,5943,cold_start,14,20
n4Q9OvVDD4I8OjAsMziZhg,3.4121890270010734e-05,5944,birank,59,20
U19I-WvCc0SwxXpoe86zZA,3.4119608943582804e-05,5945,birank,35,20
sg09rwt2WMCI8KAaOqOu2A,3.4116167116169566e-05,5946,birank,120,20
_Uv4zjcVEqyKC8CtWRZGzw,3.411234198199279e-05,5947,birank,85,20
hhC_L7WE5sQB8TkaWxkBwA,3.410857141906127e-05,5948,cold_start,7,20
f8xDFhZTT2iB8dDZ5fFZmQ,3.410857141906127e-05,5949,birank,31,20
vTNm04guTgOT5hCmGSN5HA,3.410107079923096e-05,5950,birank,473,20
DX3_ZHbtsl705f0CnHd82g,3.409213336386133e-05,5951,birank,79,20
Idfc5jjr9hGTtGts1KYIYQ,3.40856659992838e-05,5952,birank,73,20
xsbUN2133MlOmQlAqRPVtA,3.4077974561778085e-05,5953,birank,175,20
wbrcw9fIlE5cqd_3GtXPFA,3.406947740887796e-05,5954,cold_start,11,20
h9LVl1yLP69rqWNmsGgALA,3.406947740887796e-05,5955,birank,39,20
ZnssDQyR5H7H2LJ-vT6YyQ,3.4067976017086885e-05,5956,birank,65,20
QN_zsAFypp7lCuK7Txr-eg,3.405903225477036e-05,5957,birank,21,20
oY6osC4Ch3PvguA7D1hh_w,3.405903225477036e-05,5958,cold_start,19,20
VG_6ZamOZ3-s6ODu9BCmqQ,3.405588126371813e-05,5959,birank,71,20
n_kAyrRnu5UApY2jfAhvvw,3.4055081128039316e-05,5960,cold_start,13,20
CJk82J81BWKvNTOGRyBD-Q,3.4055081128039316e-05,5961,birank,27,20
q-XV-IvzAekuAvD9yp-4OQ,3.4015422467056474e-05,5962,birank,41,20
OeO23GTZxF5tRnOXsYxCNA,3.398681413891382e-05,5963,birank,556,20
RaK2NlWb8RV3xckcug_TJg,3.398044584459247e-05,5964,birank,25,20
Wb00MpVcZSU7d8n5EXiWkQ,3.3964471720634846e-05,5965,birank,128,20
P0XD2z0VYEW6VnC7wIPPMw,3.395419901160771e-05,5966,birank,69,20
vh62OClh9wi-hsGCR4bNjA,3.3947558643137573e-05,5967,birank,83,20
SgpPB69RDlyJBwGdaf5_Ew,3.3946009715456694e-05,5968,birank,32,20
zG3ijcNz5_KyxQb3w29OZg,3.3946009715456694e-05,5969,cold_start,14,20
WQv2RGlyOIlDsUmF63nh-Q,3.394036117837149e-05,5970,birank,95,20
71IDpjWYOP9ZVShNVm8FkA,3.393154450074656e-05,5971,birank,22,20
pvy9pj_kCKNBX5sdn-YlnA,3.393154450074656e-05,5972,cold_start,12,20
80cGp3IFlveDqwDiRENOHg,3.393145577922893e-05,5973,birank,219,20
f4QAry-KSSkNT3fZ034NQw,3.392860745289266e-05,5974,birank,22,20
pMIps0jIDadJuWqxP6MNQg,3.392860745289266e-05,5975,cold_start,12,20
AFVNXoSMJ9VoMSaXGqcQRA,3.392110268017309e-05,5976,birank,37,20
D9LrenrSj83Bt9QBED7eCQ,3.392110268017309e-05,5977,cold_start,15,20
smhunYEIv0HjziHb7VSa7Q,3.391392501642916e-05,5978,birank,26,20
chktpCblpN5Kd_yskQXreg,3.391392501642916e-05,5979,cold_start,12,20
y9WUY6Gh3GcVqtXkDre3fA,3.389649529161302e-05,5980,birank,75,20
fjjcwhKHfHh9T4l3B83Pzw,3.3856433974691485e-05,5981,birank,25,20
bxSy7cZC6OFXNLAV2QPOTw,3.384860087649362e-05,5982,birank,154,20
f2A0fFtAuSnx9cSrazyzcQ,3.3841806579550325e-05,5983,birank,48,20
1l6enor7mUQT7dyJ7WCa9A,3.383077520806894e-05,5984,birank,113,20
hk_bXoZjJQjGUqqCGq6WBQ,3.381014952699445e-05,5985,birank,86,20
vwqqOKV8enOLmuvNSY3s8A,3.3803961309415074e-05,5986,birank,401,20
C9_UPkwXYx9B3fxNLkCHgA,3.37998419363733e-05,5987,cold_start,12,20
hrQxyTItUixWTwaBdv18pQ,3.37998419363733e-05,5988,birank,39,20
IGxyVCiLyDhOwC3fDC3NDA,3.378640153022636e-05,5989,birank,64,20
sVvL9HpF6doo4y4SEjSbKg,3.377438435040638e-05,5990,cold_start,14,20
fcJp711HfLAkPEgWi_GZ0Q,3.377438435040638e-05,5991,birank,27,20
mx31XU-QJIxObRGH_qvy3w,3.375698904611472e-05,5992,birank,40,20
gqKhZNdJ-4GiwnU6s30CcA,3.3741633222194346e-05,5993,birank,59,20
cHPeulZjtuyuEJHihAYQ7g,3.373287355301376e-05,5994,birank,323,20
uGacI_nMwg8hxdg6PloiOw,3.372905413490081e-05,5995,birank,331,20
rgCh1nIqJUPRf8QJM_YjSA,3.366825721959934e-05,5996,birank,39,20
EzsIyXUnQeq-JmmXtaYJiw,3.366825721959934e-05,5997,cold_start,10,20
UFHelCWPQkhxOdFjx5Cgog,3.36584085351342e-05,5998,birank,256,20
HYBuQ2B82DDbXpbXrAIGHg,3.364769029124174e-05,5999,birank,103,20
Z0H_XDlMEfLSXrvOm9YFmQ,3.364544764187437e-05,6000,cold_start,19,20
CcYQ5iBvUlG7OOVxacvBEw,3.364544764187437e-05,6001,birank,31,20
8IOOFeWwW9p8auITeMtiHQ,3.363767461827256e-05,6002,birank,71,20
lzwyq1FaMcR24-5qDiEDHg,3.363755479770017e-05,6003,cold_start,18,20
V_N2ZVEKMDIbUvATk50UlA,3.363755479770017e-05,6004,birank,37,20
v-Xb8mYFiezNRDFZoKYifg,3.362996241533449e-05,6005,birank,69,20
XKhACCLtkT29uWmEBx-DHQ,3.3625191480080236e-05,6006,birank,34,20
PXt8karfX_lgc4UAOM1wuQ,3.362119215930743e-05,6007,birank,47,20
Qe7PItqlut81ypED4uQpiw,3.3615293289810274e-05,6008,birank,71,20
pItLoze0FuYvujz5d6HySg,3.361198498167504e-05,6009,birank,33,20
51jium4RFWESPIPeu3fgAA,3.361198498167504e-05,6010,cold_start,14,20
Zo4JTq141zH5ggZqX7A7bA,3.3611567373152225e-05,6011,birank,68,20
LzWvZFkxO-9tHfV0kX1EFQ,3.356383243446272e-05,6012,birank,26,20
I6UsZWQFcQmDErlj9ym7Iw,3.356383243446272e-05,6013,cold_start,10,20
k7I4QgxQVnxo-IAooZsvcA,3.3553336680434334e-05,6014,birank,111,20
JlQBjL61H_AxxFRLEHLrLQ,3.3551119205189784e-05,6015,birank,54,20
1KhFin3FDeR7auf39WBUiw,3.353585281007478e-05,6016,birank,21,20
pzGBno0OEeEIAjB45h3O0Q,3.353585281007478e-05,6017,cold_start,10,20
pRuQpgFGDh4wYP3nU-mg9w,3.352277462538778e-05,6018,cold_start,7,20
tFNSLWl2Tcaf0tkeu48JSA,3.352277462538778e-05,6019,birank,36,20
pTanA4AfvywjZCYWupCeug,3.351178637043659e-05,6020,birank,109,20
P-1Z19YDcmwpwEazmhJOvw,3.350876309520594e-05,6021,birank,98,20
7iiUkblw8yXXsM_P-EjBwA,3.3498170985468294e-05,6022,birank,66,20
z6-UhljI4jqBMyMrCUoz0Q,3.348774614408048e-05,6023,birank,41,20
pWAmi4uwpLGjInPSb7Et2w,3.348397821207572e-05,6024,cold_start,17,20
HymyQp7WQycckFTYXFSGFA,3.348397821207572e-05,6025,birank,24,20
7ZhN2yp1TAaoRQl99hnbfQ,3.347809717618499e-05,6026,birank,109,20
qfKcc--dmGurMudBkVg8Tw,3.3472442625790865e-05,6027,birank,123,20
zfZa3Csq1HjhQjY0HkhdxQ,3.3463362229708185e-05,6028,birank,55,20
XXsofYxziipczzc3OFDD5Q,3.346277556280061e-05,6029,birank,45,20
cwzn8WC2mIUvC4DaXqhsSA,3.345488608611288e-05,6030,birank,23,20
HoXdBq2Puaj69d8z6lgiVw,3.344643674132818e-05,6031,birank,90,20
KkA7sTU3YovKzBmgqxrGRg,3.3409165161081844e-05,6032,birank,112,20
f_w3vvy3q-p7DFVRo-EUIg,3.3405649056127925e-05,6033,birank,79,20
u2THoMNjQJU8eIv8AAQKTw,3.3394646247763554e-05,6034,birank,42,20
dqdEPiPQugiz8sIgMqXmiw,3.3391025347825834e-05,6035,birank,77,20
_WrL7teoT0im_28inoePwg,3.338741408649634e-05,6036,birank,399,20
_x_4r6wNkvWjxjeUQ0jRKw,3.337105713705348e-05,6037,cold_start,15,20
8uxr2vjNzNzBkFVVxCHEJw,3.337105713705348e-05,6038,birank,26,20
7G1dv3W-Lt7IeUUyDymOAQ,3.3356163630293956e-05,6039,birank,64,20
K8NZT_j5bCCYvByzXFLe-g,3.333877580825528e-05,6040,birank,47,20
h6Ng0F_Y4BHj7EfZlm3Jcg,3.333766496226334e-05,6041,birank,44,20
MVLKOf25mj0MnqivWmdUwA,3.330407312059007e-05,6042,birank,29,20
ukpvdbvKsxh8-oAxY3nsZQ,3.330407312059007e-05,6043,cold_start,15,20
cACFFkkizy5b56xWdGbLAQ,3.328727923983266e-05,6044,birank,59,20
Iiybta6qLb25oakRiS9oLA,3.3253284825583375e-05,6045,birank,141,20
udsU77Rh2wAN7tEOmIUY7w,3.324123681933698e-05,6046,birank,44,20
fm9Mofq-hDDQhDHbrg5E3w,3.323218450088638e-05,6047,birank,26,20
cAXgBoj8mkcHEEg_FtmI4A,3.323218450088638e-05,6048,cold_start,8,20
11_eIDfQ146e1J3CMPjpqA,3.323110203251087e-05,6049,birank,25,20
2FSMRmpCjkbAY615yJp_Qg,3.323110203251087e-05,6050,cold_start,11,20
6y3ieaio3N5I157dwA2IcQ,3.32236805526125e-05,6051,birank,66,20
WW_qGCrcNqACvA8NLK5AMQ,3.3203683504283114e-05,6052,birank,20,20
DJ-tsckw8NLfkT8P9V7q1A,3.3180050717261016e-05,6053,cold_start,8,20
T1a5ODI7B19pLQVdBIs8Gg,3.3180050717261016e-05,6054,birank,32,20
9RmCMNxgGe7vX5MYF_TM4Q,3.317425977162658e-05,6055,birank,304,20
PtgLYnVX4tJ9JoDWe7q8QQ,3.3132492049115266e-05,6056,birank,32,20
Zj191m1XJiv7u_7jQZlBeg,3.3132492049115266e-05,6057,cold_start,11,20
i418p2YhZ-owrHhOlWp32g,3.312612496923368e-05,6058,birank,90,20
5Z71LWiFuQR-0xcdS8fmMg,3.311465841049218e-05,6059,birank,62,20
9-ko2uX5p7h17KbpobOGaw,3.3109700640106734e-05,6060,birank,53,20
0f93yTITlSOiC83jz2bYUQ,3.31074911445301e-05,6061,birank,21,20
snFTGTO_TIpJMh7Qdlb6tA,3.31074911445301e-05,6062,cold_start,14,20
w2ReK1oQ9EUTgrN6Y0GSRw,3.309043110955859e-05,6063,birank,44,20
JV99g4Lth5iSt0HukavSiA,3.3078576341769764e-05,6064,birank,39,20
W3XUQEn7v84t_6uz829ATw,3.3078576341769764e-05,6065,cold_start,10,20
cUKteyNt2Gl-m0h9uBJhlg,3.307402682600196e-05,6066,birank,118,20
eHzPkFFmnWJC_YlkjJ4fhQ,3.3060526248620546e-05,6067,birank,60,20
qXzkHqSTxtyTiKqzTtP0Ew,3.304338761217679e-05,6068,birank,66,20
H3CGcYrOufoF8gRDQYTMYA,3.3035209743605545e-05,6069,birank,81,20
yOvGqROeTabICY7c80h98Q,3.299791145244345e-05,6070,birank,149,20
WaijMSG7b5VxxJxEIlWQ0w,3.2973554410517635e-05,6071,birank,40,20
Plsx0pcqTVyt8ibKdhnzYQ,3.296794394365891e-05,6072,birank,109,20
cELLyBogNeU_QbN5tJsBRA,3.2966217977527164e-05,6073,birank,75,20
A7Na8qz6895I__Y19CXhMA,3.294452823038196e-05,6074,cold_start,12,20
eIClHkqYqCeaYOZSzu1eLQ,3.294452823038196e-05,6075,birank,33,20
VbEm2EN2rpCqSQDVnIZZuw,3.2942275725329135e-05,6076,birank,25,20
9fajAXTAT1A_pcGakz64hA,3.292425719421013e-05,6077,birank,52,20
1JXJbmiVaLK2Wc2-reqQ5w,3.291868223991387e-05,6078,birank,49,20
bzQvlz7oUKFez_XMYmfjtQ,3.289994559365874e-05,6079,birank,89,20
SbGlm_zejxo5hec2Kniojg,3.288638135297022e-05,6080,birank,168,20
4jUHYFw8OPXaVxyH7_8dwQ,3.2858300785634304e-05,6081,birank,169,20
BKiy6QxpvfTIo_s8j0w--A,3.2851826612237136e-05,6082,birank,58,20
SK1xfuaLsaX8wuiUng-dhQ,3.281720467324057e-05,6083,birank,26,20
DR7NgnZ21c-gQmVwLaMK0w,3.281720467324057e-05,6084,cold_start,10,20
XSAAxFlV5XQq3m3a91R4vg,3.2764014026034884e-05,6085,birank,28,20
3bXofhF2Jc1bacUL3p-_Tg,3.2764014026034884e-05,6086,cold_start,10,20
rfsFB_Z4B-CNTBktcUEbmA,3.274167371914399e-05,6087,birank,68,20
ZarMOp7jgZlR02J119n_Ag,3.272280729541494e-05,6088,cold_start,10,20
PmpuUEFKQSmAuSxq0SFMqw,3.272280729541494e-05,6089,birank,37,20
QhIY6bUmaHK--NeSOuZ3Hw,3.2717797857383824e-05,6090,birank,51,20
M8jDdmyOu0HgAJ1iH14yfA,3.271728746249707e-05,6091,birank,30,20
geqKnxm7PtvGiM3sCRXdYQ,3.271728746249707e-05,6092,cold_start,12,20
qkMMkIdghXUiN7eMNSpiHg,3.271231768804204e-05,6093,birank,131,20
hfnQgCDLlbUfPHkkMlpb2w,3.270002174021435e-05,6094,birank,49,20
nrlYIT438hkDub2ifE8DHg,3.2663005573949616e-05,6095,birank,55,20
ShM2wUwJaK8d0-Jm9YDd0w,3.2645599373204494e-05,6096,birank,25,20
ca84zCcwO52EgYChKTseLw,3.2645599373204494e-05,6097,cold_start,15,20
_8igh2mxuHZTOnm0k2MT_Q,3.260151584832864e-05,6098,birank,27,20
tpmXakPzEw-AapddjxAx_Q,3.2561531075240095e-05,6099,birank,66,20
twzNU32q_CLrjtnAqMjLRg,3.2545840452289667e-05,6100,birank,596,20
ztcOE7NN0WdleNOCbje8ng,3.253745179552929e-05,6101,birank,57,20
qD2fr80U04Fk-Ctx0H_vtg,3.253100223237212e-05,6102,birank,103,20
H9giitmH1pwUIru-GyF0HQ,3.252616364085557e-05,6103,birank,126,20
FoIzWtiwffKyfKJHsm7VKQ,3.250394118015307e-05,6104,cold_start,18,20
dM70fyF9wqjsmVsJ4gHGyg,3.250394118015307e-05,6105,birank,33,20
hXfXTxPeiR8HBAtmsMPYzA,3.249986857474317e-05,6106,birank,144,20
aFWCSA7GGlpoqOkuxGfB4A,3.249943700191422e-05,6107,cold_start,13,20
fA3SeGrgXYS9nXoAn9q1_Q,3.249943700191422e-05,6108,birank,38,20
LojIiUOGn5EEdluoytxubw,3.247991364852914e-05,6109,birank,48,20
2GUTsH6BHqasxtBEcXwNzQ,3.2469967727297416e-05,6110,birank,64,20
9veZaK_zyKQw0QgOdQDxGA,3.2469004426243094e-05,6111,birank,40,20
TZiFEVqaVckIANgI6Wx3zw,3.2456407461822125e-05,6112,cold_start,18,20
_oJ5QA131I_XnyaXAa8nsA,3.2456407461822125e-05,6113,birank,29,20
Q-Hj1zFu1k958BcwEmfVlA,3.244092260007841e-05,6114,cold_start,12,20
yLriMqgy4CKmkajLPjtjJw,3.244092260007841e-05,6115,birank,25,20
pOQGEGN_UrH8rtKea0WKRA,3.243967436987009e-05,6116,birank,44,20
mL1Q-xMMgXiiEJiZKhRgpA,3.2407722805279845e-05,6117,cold_start,13,20
G871bjv4Sr0CuxN2TgWcQw,3.2407722805279845e-05,6118,birank,23,20
JreLMvu6O-Ul4elrFKDSnA,3.240652935681479e-05,6119,birank,73,20
KDOChZhZt7AvV_QuxXMDrA,3.239275081912609e-05,6120,birank,63,20
qGktl0XjPNgc1nRJavkLGA,3.237730416580522e-05,6121,birank,114,20
PkM0FSK9WH_XpQEYtVsrRg,3.233858578484893e-05,6122,birank,105,20
Vg48ETIyEP9MALSqfDLGmA,3.233611178423113e-05,6123,birank,48,20
l5RjEnNSaO9fiFLj_E3DUQ,3.231768439085193e-05,6124,birank,30,20
QfHcqJgrvBfgnyd9DlsZIw,3.231182363522336e-05,6125,birank,85,20
fLxtgf3U8iA0yOIfe97D0w,3.229685151975372e-05,6126,birank,50,20
R8CIWGd0SADUQI0X_bydFg,3.229554090637457e-05,6127,birank,39,20
T3FF-JsbLeBIZJS0RcZdqw,3.229554090637457e-05,6128,cold_start,17,20
Ejeicx8j1gvBDyI1w9lZlg,3.224455555492732e-05,6129,birank,32,20
bhAalBOH552_mOPNxESNQQ,3.224455555492732e-05,6130,cold_start,14,20
7CwAjHjTPilN_zBuOSdMxg,3.219784389666416e-05,6131,birank,53,20
7KFWWjzHOSBl9HDVXkyusQ,3.219487576260755e-05,6132,birank,222,20
LEUrvUGgG-04Dk30M3QUHw,3.219322447606488e-05,6133,birank,35,20
BBBT3Mogjo3hPPA0de--Dw,3.219322447606488e-05,6134,cold_start,12,20
gnGIQWAwL28OhKlSxbVfyw,3.219239516619296e-05,6135,cold_start,10,20
TIxOovwQuNp5JYh7VaiD_A,3.219239516619296e-05,6136,birank,38,20
y_xJzKTkZN96V5hvXahX9A,3.217926019413657e-05,6137,birank,82,20
GVzGNqMCzmKK_F6nFJIQiw,3.2169285167066186e-05,6138,birank,88,20
BfCTFKdKhdQ-N9k6ZuKb_w,3.215716487034899e-05,6139,birank,91,20
iIUZDKozkjRpDQt07VVs-A,3.214172978929174e-05,6140,birank,352,20
MnaUUSxuaM8aKKhhjxLXWA,3.214111134092879e-05,6141,birank,34,20
OMrnDIpzSflcVUm6uJrukA,3.213952752306789e-05,6142,birank,51,20
bFEqY3r6D049AudUmBAoOw,3.213569649916373e-05,6143,birank,42,20
pi8-7F-RlfGyiaMy9s2oEQ,3.211572890931278e-05,6144,cold_start,7,20
l64m-rYrUYwUHOoKlJnAOQ,3.211572890931278e-05,6145,birank,28,20
GwZIp1hPsahqjlfLhn-NLw,3.210270793951643e-05,6146,birank,21,20
qI41bbsoa2-eiLKHsiVAhA,3.210270793951643e-05,6147,cold_start,9,20
g_4FE6yWIihMdVi3eHAtog,3.20638702593371e-05,6148,birank,36,20
R13Oidfd96gQqayPMA96VQ,3.20638702593371e-05,6149,cold_start,12,20
vyWlrMyMypGPnipA7ovgSg,3.20588213606365e-05,6150,birank,54,20
tQDS0UOVk2DyB0zfTtT1Jg,3.204700539218952e-05,6151,cold_start,14,20
borNWx_MXnc9Efb6G66CSA,3.204700539218952e-05,6152,birank,36,20
KPnJ3hdHljTWbsq_mx5oZQ,3.201920958514802e-05,6153,birank,62,20
pTRRpEu3Nz2xTExQljL7TA,3.2019067668062186e-05,6154,birank,31,20
GvlQw5zpaCLBY0pW4pm4_A,3.2019067668062186e-05,6155,cold_start,17,20
oCKTM-7LazLVwptMkNNdZQ,3.201426985010343e-05,6156,birank,42,20
DPDqL_--3SgiXQ4P8U4kdA,3.2009230209540055e-05,6157,birank,98,20
lI3aba-4VAnqiQLUPGewNg,3.200864719587613e-05,6158,birank,44,20
QDvQmizwCiFGf3y0Om9jyA,3.2001935006191064e-05,6159,birank,94,20
LaqJHvI5NCKYAFvh_G88_Q,3.199101264893888e-05,6160,birank,24,20
pCdHHSIYirmUVSQC0y4YaQ,3.198434613250288e-05,6161,birank,40,20
vxrGNnuEef7YCfB7mN08rA,3.198253448520071e-05,6162,cold_start,10,20
VFCZwUEKRWAGZPatISKHSA,3.198253448520071e-05,6163,birank,21,20
hq_lYGWzsC27nL8aMfxLIg,3.1979165557464215e-05,6164,birank,488,20
N00XVr8qnUl5DSdTecFJ0w,3.194252338356401e-05,6165,birank,35,20
y5mX8NllPt30Nfw8oCcLuA,3.194252338356401e-05,6166,cold_start,18,20
ueSknQNYtV0jQmGEoDTerQ,3.1928802467375965e-05,6167,birank,72,20
4w6Z5v0uVt08oSBaA3342A,3.191956693452012e-05,6168,cold_start,15,20
IbfjmW7svGRQs7zIBwx-EA,3.191956693452012e-05,6169,birank,37,20
y23lxMHt3EAs8qffEwpULg,3.185482073398384e-05,6170,birank,108,20
ytSd4wezO1NqUDuJJwFzNQ,3.184383002672889e-05,6171,birank,35,20
1DCUoKRe971ZReg1nk-QIw,3.184383002672889e-05,6172,cold_start,13,20
Iuir7lUtx-LMhYtStwyf3Q,3.184190082892836e-05,6173,birank,54,20
HL36medghgieK8QCjnF1DA,3.1830495594140384e-05,6174,birank,55,20
f80tPVX_SxnBElz2bNSznw,3.182717496506713e-05,6175,birank,24,20
1PKvoJ-jtw1UcuzCVtoqiw,3.182717496506713e-05,6176,cold_start,19,20
dEZoHywgbq5mS0Ytv0vSHw,3.182419525785798e-05,6177,birank,42,20
bcxxBysUzzI8MlotsIG5zg,3.180845536538484e-05,6178,birank,25,20
Xx0rOtPQP_1FwOoYSVFWTQ,3.1762372970250935e-05,6179,birank,46,20
5gsujKYr-TiZsByZZ_vB1Q,3.175517120919959e-05,6180,birank,108,20
LrxBMhi7qvWrli0z6wRGJQ,3.169824253405217e-05,6181,birank,25,20
mM4vtt-BVT_80J9JSKdw7Q,3.169824253405217e-05,6182,cold_start,19,20
AuSYrTKWPyTa08AfmEE0Pg,3.169742821851601e-05,6183,birank,38,20
iCZga7FcYiOjYiTrhcAAXw,3.169742821851601e-05,6184,cold_start,11,20
LDjjjDiWfFocyV7YQNFK3A,3.169707436874861e-05,6185,birank,425,20
1f1ZvvT1qyFFTIW-BdJ95A,3.1682006788102855e-05,6186,birank,93,20
2owewxu5r6mLfKv6BBV3Aw,3.167967005285986e-05,6187,birank,101,20
dHV0igKxOKZgl-P-eQvqmQ,3.167926801136764e-05,6188,birank,70,20
EEnFk6b4kuoc4q3hRb5Lcg,3.16792417134233e-05,6189,birank,185,20
xYiFhIxwluJ_qYIyScWufA,3.1676695332573535e-05,6190,birank,33,20
iyW-OrFw2YnRxsoeQ36skg,3.1676695332573535e-05,6191,cold_start,17,20
pbAfraRFRDsyvSB856dryg,3.167410801319776e-05,6192,birank,33,20
FYs3jIvpxRCeTHMn2nOWDQ,3.167410801319776e-05,6193,cold_start,9,20
mKTQek1QqB7xQcPBMzfG6g,3.166448898871847e-05,6194,cold_start,14,20
g07R_b5AIg30pst1enaZVQ,3.166448898871847e-05,6195,birank,22,20
DHENrreqQDQx9NtuorNOZw,3.166042200231696e-05,6196,birank,33,20
0784txBW2zSqStI7Xzw6GQ,3.165896329988087e-05,6197,cold_start,16,20
hOApQmKn3ACCnycMDYEgbA,3.165896329988087e-05,6198,birank,34,20
6OTDvhgDHMcQZTSQaj3H4w,3.163127154954232e-05,6199,birank,45,20
U41FZCI4nQIcH8nLR8i1eA,3.1627765854523246e-05,6200,birank,145,20
vtJzY7yw636iiEH5tz3B-g,3.1603431511227285e-05,6201,birank,238,20
G3fZGozLaJjIVU08mXk5qQ,3.1601540954676207e-05,6202,birank,186,20
JhrvtLpCEQcYrZLbb6CZGw,3.160029376816382e-05,6203,birank,101,20
AHzR6p7UMKsRG5RnjkSONg,3.1558124086901594e-05,6204,birank,207,20
CupDB560BayqHoIEoeEhCQ,3.155322573770905e-05,6205,birank,187,20
I2Ipf82-rbAwh0I-X9T0gg,3.1514690019661774e-05,6206,cold_start,12,20
xr9YuIfv4ZqgLTAMF1FrXw,3.1514690019661774e-05,6207,birank,27,20
sLw1rA-NK3vm4Pbvzczb8A,3.151159713266576e-05,6208,birank,43,20
c97s-dquA9D56fYAwA-ngg,3.150748779556794e-05,6209,birank,49,20
uVIOgGhOYozGPwpptrF3Cw,3.146769663779111e-05,6210,birank,115,20
Nx58HlMTrezf5wlCLbvSig,3.144782839682032e-05,6211,birank,435,20
PcHhD-Xbs_nZ9TRrHzSTMQ,3.1443355937341264e-05,6212,cold_start,16,20
eOJovtfgmGhvHYDKsjvKWw,3.1443355937341264e-05,6213,birank,36,20
yh9LdwO06dCtk-sV4HjBUQ,3.1424103264897206e-05,6214,birank,28,20
OVmUVXuW7JS_NelnCxHw_Q,3.1424103264897206e-05,6215,cold_start,11,20
YwkYSoViGv2R1-dYpzbebA,3.136788349686975e-05,6216,birank,164,20
pTpZS84EQhvZaxhq6SSWNw,3.135150272303026e-05,6217,birank,37,20
5iWGiyNiiiRGvPah8mJJaw,3.134471715948272e-05,6218,birank,62,20
eX1eHyJ6iYD1rzfzEox43w,3.134017400144326e-05,6219,birank,43,20
50FVsnpCK71gkuy5ressIA,3.133261478878093e-05,6220,birank,59,20
eZldAV-8VNSnrlbG270Wzg,3.131005718315181e-05,6221,birank,45,20
jSAOaEVCfZkcDpg-yVJ_Ow,3.130172388463803e-05,6222,birank,31,20
aP7i24EyIaVMmMWEvPs-nw,3.130172388463803e-05,6223,cold_start,19,20
1nXNyhtAS2y-e4O14LJBRQ,3.1270815255051764e-05,6224,birank,23,20
0jDPdf7kIkjZuNDNVH8Qew,3.1270815255051764e-05,6225,cold_start,11,20
BGI6XK85PVeJM8tQ9gimaw,3.12612380682489e-05,6226,birank,42,20
uSBO3RM6JTbckZ63PEIW2w,3.125559623382873e-05,6227,birank,129,20
yJw38SIIn9EaQuSSdxRHUA,3.1243020091933236e-05,6228,birank,72,20
1QwLNoPJuDaye0uqeE56xw,3.122458890153191e-05,6229,birank,33,20
ToW6MFXu2C6N04FualtFxQ,3.122458890153191e-05,6230,cold_start,18,20
fGsEVei0W5kyhlL8TRNclg,3.1216970513378586e-05,6231,birank,363,20
5QmWfGLN0E-cjfUs_Y3CDw,3.1212231952353814e-05,6232,birank,165,20
7kr8QQ33vSkMmQ_mby5JUQ,3.119430408971698e-05,6233,birank,27,20
9iP-mvRp835QYWu68pTRkg,3.119430408971698e-05,6234,cold_start,11,20
rUlrzgX_hVZo7xtzbdKwRw,3.11909916531796e-05,6235,birank,460,20
2rvRTXkBB_8b0TSQiNmr3w,3.118693311711284e-05,6236,cold_start,9,20
72_YsggUrXElHQ3eqVlOpw,3.118693311711284e-05,6237,birank,22,20
Bl8DF47-weywnngmNbTvzw,3.117512213938553e-05,6238,birank,41,20
oPN5j1BNvFFM13AvFSBXjg,3.115952613113201e-05,6239,birank,22,20
84fKFTKnYwc8PijJdMkkLQ,3.115161131780789e-05,6240,birank,135,20
1V1QNsvymonQTNjKVd2gQg,3.1141536566480116e-05,6241,birank,142,20
XZtRYRXMkaR_Ra15ECrS1w,3.1135977531887514e-05,6242,cold_start,14,20
g__reLE-nkT2HrRDE0R55A,3.1135977531887514e-05,6243,birank,32,20
1u_cOXKrpzUSYkAPBhY4Cg,3.113108528812883e-05,6244,birank,53,20
0D1UBNxkT17qejQjjlZurQ,3.112427010248035e-05,6245,birank,44,20
szreY58d1Ag-XeiGYa6KNw,3.1083239193688355e-05,6246,birank,106,20
Ppmdzznk7jR8YRyei79_Xg,3.107372732455103e-05,6247,birank,26,20
DZxyXqQSmR59wFOTT7UJBg,3.107372732455103e-05,6248,cold_start,16,20
sZs1UrdLUMQ6khJGXSvObg,3.107066446629329e-05,6249,birank,44,20
OED6sS03t872JCN5WK-TZw,3.104481368022216e-05,6250,birank,56,20
609Lr-Hvo3sr9amdiimOJA,3.100866753964165e-05,6251,birank,56,20
TQPs9n0t8KUcxhrHO-N6ZQ,3.100817289488388e-05,6252,birank,68,20
1N58_B4IsWcj19QZyJdzag,3.100230143877421e-05,6253,birank,147,20
D88Cbal0C-mtgy8f6WdUig,3.099662171305146e-05,6254,birank,26,20
U4hibwdvk2pACJeo6FaoIA,3.099662171305146e-05,6255,cold_start,17,20
WdUiTm8EZ6l9ukq9Hh32PA,3.099173722237838e-05,6256,birank,67,20
IoHOUGETebGrG3oDGSoAdg,3.0991581335912435e-05,6257,birank,54,20
ytaVHTK7kdHxUscf2PCrow,3.0989122547894356e-05,6258,birank,45,20
JfEvhf0cSyjeh82be2KeTQ,3.098383348797423e-05,6259,birank,48,20
nWhAxQw3bAsvXg3Oe91okw,3.0960133198961865e-05,6260,birank,37,20
_qY6dVBchZloskbrvvxeDg,3.0960133198961865e-05,6261,cold_start,12,20
4vml641OlDNYtl46Fg8cYw,3.095063111874957e-05,6262,cold_start,18,20
VhVc_kxNStk6var7DTCf9g,3.095063111874957e-05,6263,birank,22,20
q7kwvOr9Cr3isDn6r-FaHA,3.095054844243758e-05,6264,birank,33,20
Hxmr7w2ufU4wsFeU68HnMQ,3.094940706880806e-05,6265,birank,59,20
GUAF7ybULhg68asLfFZYbA,3.09401019898665e-05,6266,birank,68,20
N9g4lGJbzQzJCUf6AF7d7Q,3.091744191396797e-05,6267,birank,49,20
duf2PORLOL6it1dTGhSnKA,3.091357660480385e-05,6268,birank,88,20
64B7UIqpNy9zQu82oYJMgg,3.0908039498513445e-05,6269,birank,71,20
ZQDylFG7tpQcL9KzI3k6hg,3.0901106581811716e-05,6270,birank,44,20
xnDX9i4RfIRrxMEFARlPtQ,3.088669019986842e-05,6271,cold_start,14,20
HIlzfVDzOeMQgf_yuz_Vlw,3.088669019986842e-05,6272,birank,39,20
sW6AmF-EUVRoOCtd5FJyCg,3.088434805674414e-05,6273,birank,42,20
IqocLKWSjSCCRakMon52dA,3.0875326372432604e-05,6274,birank,165,20
Gk6EoDA3Bd9LDnYhJe1WKw,3.0831954963582024e-05,6275,cold_start,14,20
urEO2v7ydkJ-j9tUUmXpZQ,3.0831954963582024e-05,6276,birank,28,20
Qbb6nFPzPgvyCDvCd7OHqA,3.0786371226992586e-05,6277,birank,67,20
6HoDzaVJX_rTUeQiX8GVww,3.074389755669386e-05,6278,birank,66,20
XH65ppjM-rlUmMnlH6CAFg,3.0731840675021385e-05,6279,birank,66,20
ViABP9dkPTBdd4FS6uhi2Q,3.073101266574879e-05,6280,cold_start,18,20
5ItU9P3LcOwGJzSGgzs1KQ,3.073101266574879e-05,6281,birank,21,20
mxSD-ijR1IXCliF_m9G4wg,3.073010219321462e-05,6282,birank,60,20
_A9HatbhHMesQq8-O_e20g,3.072776160144058e-05,6283,birank,75,20
6RVwHKupjKs8lyu2qDQXtw,3.070636728670922e-05,6284,birank,27,20
ucA1W2jGl-PwKK2gCr05yA,3.070636728670922e-05,6285,cold_start,11,20
hr40aIHgfEGTuzhMxne3AA,3.069909706010992e-05,6286,birank,127,20
gCa8Qx33FlAg4rSQoKPqWg,3.069527470872786e-05,6287,birank,87,20
QO0ARm4gC4k5JQAWmtGMKw,3.065415293884581e-05,6288,birank,185,20
8bdrXvgQ3pkvR0bCTg_LDA,3.0626890107332053e-05,6289,birank,45,20
k3tCEcSJ_BJrwZP9_LLHpg,3.062646331509423e-05,6290,birank,32,20
4DxbEns9iihpilbffdzvPQ,3.062646331509423e-05,6291,cold_start,19,20
d5WQMTNea__i3nUjz2qYdA,3.062495064323218e-05,6292,birank,59,20
jAhOQ0QBKtF2VlhwYlPS6A,3.0613691307361026e-05,6293,birank,37,20
-SFSt3FkjGfavnyMpHsZPA,3.061122909413656e-05,6294,cold_start,19,20
U5SazwXdLrVvAquMfsf9Ug,3.061122909413656e-05,6295,birank,36,20
gkB8SvYIgkn3x4bRn9nOSg,3.060706208598456e-05,6296,birank,48,20
FtmlfXAZISZYoZOZJ5o-Cg,3.058154615258085e-05,6297,cold_start,16,20
g7sGox7GgILjHwfmHYyyEg,3.058154615258085e-05,6298,birank,20,20
6LmJ1077AVxEMn4Ce5ZSHg,3.056610675866045e-05,6299,birank,63,20
QqOKPUl7aNiW4IN_Ij2mBg,3.055662698709506e-05,6300,birank,28,20
yQK9YpO1lnQqcpiT7uZHHA,3.055662698709506e-05,6301,cold_start,15,20
8WZh1nEW3BzsqGk_j73TFQ,3.052880213221678e-05,6302,cold_start,12,20
M99ZH5s10gditCQZCJfCMQ,3.052880213221678e-05,6303,birank,35,20
Rq3Wjcg5ULV2yn-AwcmirA,3.0511735067426334e-05,6304,birank,45,20
x6P31MbaYPECYWNA3BsYyw,3.045419042568858e-05,6305,birank,74,20
eEW2LAE2Fb8rZVE2rtNeyQ,3.0427168125715534e-05,6306,birank,41,20
O56pqlopX5ohaLD12HiN9Q,3.0369762819968206e-05,6307,birank,58,20
1vMvq4kXlOmSdPDWp_1shg,3.0360351749385337e-05,6308,birank,54,20
f2M-zBeIWFknjzzCRfpeIg,3.0341722440416307e-05,6309,birank,21,20
IRJvFUVDEfS7YQJaiaV8zg,3.0340489888478817e-05,6310,birank,30,20
562EHk55n8A_Uo1katVcpw,3.0340489888478817e-05,6311,cold_start,13,20
ak0PfrI9FZcFaDQv5oXtVw,3.033824723469326e-05,6312,birank,44,20
Jy3-BMdpLm-ST5nbsVeYHw,3.033728880826805e-05,6313,birank,40,20
MSrMMtj7S4OFvW3J9o-G-g,3.0320469066983885e-05,6314,birank,118,20
6F8BtCbhjXjvXTcdDQ968Q,3.0312277649528952e-05,6315,birank,95,20
gZkT5f8_7-J5dQQJQgnY5w,3.0296689958085605e-05,6316,birank,152,20
nN4-5uvtqTsBBI4Gsf8jcQ,3.029522957360859e-05,6317,birank,156,20
1cjR9b6qWme6ipVIffWlow,3.0276534829379293e-05,6318,birank,45,20
gQmEcvAAy-DplsK34e8ECQ,3.0215154753146646e-05,6319,birank,103,20
-Mig1TcxvFWREy-pfx7rZQ,3.0199633240343944e-05,6320,birank,56,20
0sLvh5ODb0W7uL3WWOCTeg,3.019123892604294e-05,6321,birank,65,20
CGWi0CL99ilYaUFAtND9IQ,3.0177177498620087e-05,6322,birank,43,20
Jb4Pu-lUWeO6dYLiiJ3cmA,3.017165333533482e-05,6323,cold_start,11,20
S0UPup0pLE9knjrwc-kAdw,3.017165333533482e-05,6324,birank,22,20
HWIukj1MFtVgrBDQPXkbZA,3.0166910851810513e-05,6325,birank,255,20
fwsPPYt0By1ivuXSXv3wlg,3.014894858128051e-05,6326,cold_start,17,20
xb-qtXVZ7xFr51Se5fAZjg,3.014894858128051e-05,6327,birank,26,20
mYcdkeLn32Ab9VXE5-HniA,3.012306434821278e-05,6328,cold_start,10,20
KIpghikMrBbxx75tx_ZJUw,3.012306434821278e-05,6329,birank,31,20
5tq8E5TtZi1eq3EbP42aWw,3.0122891240539367e-05,6330,birank,58,20
IjjUbIP7plAbNVV8o337xQ,3.0086763737873247e-05,6331,birank,63,20
zyMkbavgHASQtqVwaock9A,3.0052769882121256e-05,6332,birank,90,20
SKHxYjxnganAHf5l_yB6Yg,3.0051489930951763e-05,6333,cold_start,18,20
-Wv0KRW7vv77bjOKLrxpXg,3.0051489930951763e-05,6334,birank,33,20
T8KnchPug4GhrwvueZUspw,3.0008886269396022e-05,6335,birank,46,20
jZ1Gmk5k42e19WO0mry5wQ,2.999321129952001e-05,6336,birank,41,20
i5tz7suqZ_MIZSUpyimI_g,2.9968220934314326e-05,6337,birank,45,20
HlZK43tRoexaI3pOrJR5_Q,2.9961386058667815e-05,6338,birank,74,20
OsqIvGhSlyhl_eLuVmzHpQ,2.995330585412416e-05,6339,birank,100,20
JBYKW1ZEt_lryYanq2O-_A,2.9923942162425908e-05,6340,birank,78,20
XUEP6erHkEWyGzR0j0rrvw,2.9904492217909874e-05,6341,birank,171,20
UrWsPqcJFlf5sGVRZzsuYw,2.9883109661411555e-05,6342,birank,34,20
W_UOjay9T7Lj2chxT-Jb-A,2.9866427493132065e-05,6343,cold_start,17,20
omwO39xLkwrW5cU7glOeWw,2.9866427493132065e-05,6344,birank,25,20
q88CESQa0al2CQBPi187xw,2.979502292289307e-05,6345,birank,45,20
n8F6d2M3vGfQSZCXy_2ptg,2.9774709207725556e-05,6346,birank,182,20
3HuJFaspIb8fW2zQh7CP1A,2.976878410276885e-05,6347,birank,35,20
gWE14ed0pcUlQo2IETmFmQ,2.976878410276885e-05,6348,cold_start,10,20
-Zb5_s9g-Jo5j4ntcvHK6Q,2.976820978336187e-05,6349,cold_start,15,20
zzu6_r3DxBJuXcjnOYVdTw,2.976820978336187e-05,6350,birank,31,20
smRQA9crZ6SwUrLATMSVPg,2.9741624011462384e-05,6351,birank,70,20
e1o-2If3E-OY2A_yvamrIQ,2.9717622132134424e-05,6352,cold_start,14,20
HLrDflJTscXg3OuuU0SYkg,2.9717622132134424e-05,6353,birank,34,20
bGBK1r0I46Oc8eU8fNc0bg,2.9698359309891186e-05,6354,birank,69,20
wskZf-c4YAmtLA1i2WBKww,2.9694242864692018e-05,6355,birank,45,20
HMyXpfUQud_7B0OsmBuNcg,2.9661471852638802e-05,6356,birank,68,20
7lOXJ-SS0k8eK2fAgQG91w,2.9659957192027065e-05,6357,cold_start,8,20
2W9KFPXzQWOPW70pGSw2ag,2.9659957192027065e-05,6358,birank,34,20
XBFPFjjCYZhd2zmZLqRdEw,2.9658822653101425e-05,6359,birank,103,20
Dk4PLmrV93uj5UKxKpqWbA,2.9653403495668524e-05,6360,birank,36,20
ZFXvC4V-YU1U4jzVozqNUg,2.9646288457635064e-05,6361,birank,21,20
-bmzEhftbyGVuUQV9FIxmg,2.9646288457635064e-05,6362,cold_start,19,20
AJzAO951NR1LFaBHojeudg,2.964304033664113e-05,6363,birank,162,20
TfP0dN1L88RcWyQzp2O7Eg,2.9641908961519726e-05,6364,cold_start,14,20
4W9f4R-SQ5_45TZhAbLr1g,2.9641908961519726e-05,6365,birank,31,20
b19zKm5WRczDGna1bV_Ghw,2.962896787693994e-05,6366,birank,58,20
Skjt4qu-ix90v4r4blJ07A,2.960585980562147e-05,6367,birank,70,20
PxwdZDfO9AMFxUYjedhV3Q,2.960229703874491e-05,6368,birank,82,20
edMDjyhuyaaRo5nOstjlpg,2.958777151352574e-05,6369,cold_start,12,20
CHcpcv65XtaGuq4gogzpXQ,2.958777151352574e-05,6370,birank,26,20
P_-Vz6G55EQenifFwmiing,2.958046726479289e-05,6371,birank,33,20
z83W435NrTZyazSaX-9tvg,2.958046726479289e-05,6372,cold_start,8,20
zezqFvepI43vrYCVHwr-Mg,2.957930855963999e-05,6373,cold_start,19,20
0ZvwD_zqnIS8MyaU95hSqA,2.957930855963999e-05,6374,birank,21,20
s8WKM0XUoNvg9b0vOYHxCA,2.9557835029231804e-05,6375,birank,32,20
w-XtBQ3qraVCkJ1JtSTRIA,2.9556000520786796e-05,6376,birank,22,20
spm1KEE-5jAJVTE0ldpzFA,2.9556000520786796e-05,6377,cold_start,13,20
s0fsISDcNrNSvGokGRjq3Q,2.9529600227070122e-05,6378,birank,109,20
QCKYU9YTxa0cLXXedYuxGA,2.9518876645119087e-05,6379,cold_start,17,20
4zK5zmIqQxeDgetjoRmkrQ,2.9518876645119087e-05,6380,birank,35,20
vxL059Pde-q3XgU9Fqv6Vg,2.9515470853119665e-05,6381,birank,47,20
JgvV_xEGu32N1qWe0bEGow,2.9509811088711594e-05,6382,cold_start,7,20
KLTfuIGv9fjarbrY0QHE-Q,2.9509811088711594e-05,6383,birank,34,20
RMRlzkMedvSjxFLN9cIJSw,2.950698696433005e-05,6384,birank,31,20
AhcSesT3mjnch_1ftdwiug,2.950698696433005e-05,6385,cold_start,19,20
CR_hm3-T9HEGGWTElXErRw,2.948736804099727e-05,6386,birank,46,20
KhHSgq56m6lqmVwBezyqcw,2.9483376064424907e-05,6387,birank,126,20
-iXlYo2AI1iHgpeZnv5sPw,2.948230253307731e-05,6388,birank,40,20
ItK7wimYGEXb-XrfVCQByw,2.9470257839279435e-05,6389,birank,116,20
1KxvbQoLUSnYlgxzJ3FEJw,2.9456059693768317e-05,6390,birank,130,20
-cDE_lW8Om8w0YIUriXXMg,2.9442692508275036e-05,6391,birank,25,20
8YJtf5v76SIz-4udyF4YmA,2.9437068586913102e-05,6392,birank,51,20
qv2Jkwp2_Gao3pO0IPqzCg,2.9435963895988598e-05,6393,birank,86,20
tQ8uGMhqDWcPfXMqukZJRg,2.943311517587433e-05,6394,birank,133,20
g2eWutrVGyfytXepjTXznw,2.9409699822639182e-05,6395,birank,70,20
5N33VO4gB41-8Cqm0FzbGA,2.9318423775709412e-05,6396,birank,202,20
npyH-DyEMLhDMIqEedmB-g,2.9317939274852755e-05,6397,birank,263,20
ilDffunHCdBBOGFpUGn34w,2.9311558548083664e-05,6398,birank,32,20
CLm6JtHXt8ibDkHLnBxggQ,2.9311558548083664e-05,6399,cold_start,12,20
WI8Oucjfr7t2AertQqbYLw,2.9265873152508153e-05,6400,birank,55,20
SLfImlmwJaSL5qwgzWrscQ,2.92277648578888e-05,6401,birank,47,20
lAB_RLlu9Xwo1jZ77c4Wsw,2.921074057019493e-05,6402,birank,55,20
LzgxfMu24HbJbUi1cCk70Q,2.9190178538447803e-05,6403,cold_start,12,20
pJguU0TyaIcrqIxp30d_kA,2.9190178538447803e-05,6404,birank,37,20
JYlNxP4j7LX59o9gNaKnKg,2.9189497194218496e-05,6405,cold_start,12,20
pe1uspK6xnVuVgLXFIjQlg,2.9189497194218496e-05,6406,birank,37,20
Krtxh1w4-vgZikis6LkAMQ,2.9186577383422162e-05,6407,birank,58,20
pbsxTKD_Yn1RIvjneNVfrQ,2.9162195335302817e-05,6408,birank,42,20
tjcbw-0JVLrjrEcWenio1g,2.9100891284250694e-05,6409,birank,77,20
c4cnGwvSWdOi27p7eOCwlA,2.9091290047358506e-05,6410,birank,129,20
7NlcGz2E_pOs8y8N8rDR6Q,2.90793286112191e-05,6411,birank,66,20
6ZiDuFIsSJxz7U1D98sQyQ,2.9041624764358746e-05,6412,birank,519,20
Z4vlztrocJo9WWcL5TFeBA,2.9035609822759804e-05,6413,birank,42,20
XIdjpQWEw0-0h41Xbs47kA,2.903262984376485e-05,6414,birank,131,20
sGnSlJffPkhXb6C61y2ywQ,2.9018310553959548e-05,6415,birank,29,20
uotTfs2JtXxKG9hymg0ReQ,2.9018310553959548e-05,6416,cold_start,17,20
gVzi6ytZ4Is8II27Irs26w,2.901062107882436e-05,6417,birank,25,20
KXY-Ff8ji6FmVMEDw5Xc7Q,2.901062107882436e-05,6418,cold_start,19,20
Y98F1mtF5zsvZiUc6MjbSg,2.901058706118227e-05,6419,birank,39,20
_GWzZ0WCT_ngRXOJiwLj7g,2.901004601866339e-05,6420,cold_start,11,20
5oxN4yXEMRU9_iQrXlFkvQ,2.901004601866339e-05,6421,birank,22,20
sX-HF1WzCOpvePr4EMSlHA,2.9007408319883657e-05,6422,cold_start,17,20
IG-FdH40iq-o4aFWIf4zoA,2.9007408319883657e-05,6423,birank,27,20
rHofsMAKj62iBE8x4iVCwg,2.9006436957723615e-05,6424,birank,166,20
A8gVrDQNeNOFLep0icvpSA,2.8999711574907173e-05,6425,birank,60,20
Y50hBZo0V-9mqPkSgRwR-A,2.8980155501325572e-05,6426,birank,78,20
fVtEm37waf_2STWOupyJ_Q,2.897008697786459e-05,6427,birank,66,20
wS2y6L0kV7_FSDroT3HETw,2.896827559226259e-05,6428,cold_start,13,20
8yy8PtUdZv_3XxmmrLNhvw,2.896827559226259e-05,6429,birank,39,20
Du9QRh1EvGO7EXG-m9Sb_g,2.8952851845655314e-05,6430,birank,97,20
YklJC4Lt2rMGfV8JfrTtuw,2.892866453874443e-05,6431,birank,41,20
AGxZAzfxI-QXPLaHVd9flQ,2.892401416846335e-05,6432,cold_start,12,20
netWsdUBNbYMkCgUr5a0dQ,2.892401416846335e-05,6433,birank,35,20
4klH4lQI8DneBUqLP0vHvw,2.8908774416730184e-05,6434,birank,43,20
L-UeDOl6WfJWdpWePuVvPA,2.8899189525635107e-05,6435,birank,94,20
6yXQIqM6397s8VY0jutUFg,2.8867159655852015e-05,6436,cold_start,15,20
aqubLw9IW03svL_uDXNJ8A,2.8867159655852015e-05,6437,birank,30,20
dmyPzMRNgTIOBRT11NFcvg,2.8826526799545323e-05,6438,birank,29,20
paO0ETshl56TNSaEyzm9Cw,2.8808639948369446e-05,6439,birank,112,20
gvAOc8vwczgVscNj-NN6hw,2.880740950968093e-05,6440,birank,32,20
g3uJf3aqdK6zPsKjMN2UyQ,2.880740950968093e-05,6441,cold_start,15,20
cEyPNMvOehbACz_t9p2yNA,2.8772900922768006e-05,6442,birank,20,20
OepegcksAfr6LDOlRTg1Wg,2.8772900922768006e-05,6443,cold_start,8,20
KF1RRfSjz9ljpNXiuMBDCw,2.8750407508663994e-05,6444,birank,34,20
56AIvAU0yxOfVKPGwONjuA,2.875040750866399e-05,6445,cold_start,13,20
1nMLt5F9MO-RUhW7jMVlMQ,2.8679055311509507e-05,6446,birank,46,20
K9gaM9XdGqGWsQMdjpxFIQ,2.8671107477517534e-05,6447,birank,118,20
NIlAb8xuqKyvvqV9mwK6Hg,2.8667872964272824e-05,6448,cold_start,19,20
yc76PdPdke67hWc8OAyQCA,2.8667872964272824e-05,6449,birank,33,20
ZKWfCEqvVt7mECgWf53sBA,2.8666230180355763e-05,6450,birank,45,20
gad7BwCpIO3_XOvo8aosJw,2.866499704320679e-05,6451,birank,119,20
x2PYuKmTUiQfzOhAAM9_Cg,2.863066087876331e-05,6452,birank,27,20
5TZsVq3kBcNB7NVXVjH4kQ,2.863066087876331e-05,6453,cold_start,17,20
79-mLS1vvVYkHRCYBMXmzw,2.861627608708177e-05,6454,birank,50,20
82gbDck145sIpkPH3wuc4A,2.8597423258220577e-05,6455,birank,67,20
Bb3F76xkJrA-IwXLNK52RQ,2.8542801411563246e-05,6456,birank,50,20
_uvTdEAVbPVch8ESDnvbuA,2.8530372768656342e-05,6457,birank,43,20
6tQrTyDTs5hWh5e4LlPLCg,2.8504143698971213e-05,6458,birank,23,20
r7GGMXm2AmaJxMIgLeB1gw,2.8499435746776535e-05,6459,cold_start,10,20
Wo2aCm_YFYh48P69ZsEIDQ,2.8499435746776535e-05,6460,birank,20,20
ud1DYfS8px87ApE5uDdRAw,2.8460182253718626e-05,6461,birank,44,20
MJ3sdlP7ye_ui7ZJ1YBRww,2.8445601089672742e-05,6462,birank,94,20
Fxzm5Yp3yDq_8n5gptP1lw,2.8424874424960412e-05,6463,birank,93,20
AjzEFdI4hheVodEJZLLJzA,2.8424166678615535e-05,6464,birank,41,20
OQBgwnIHY7vOrbjft8RM8w,2.842275243345086e-05,6465,birank,47,20
tVfJPW14AeuAHDJeleWWdQ,2.839961547326139e-05,6466,birank,51,20
pM1M2A14mNXz48KCcQtz2w,2.839664391299921e-05,6467,birank,183,20
dtg4q0ZfJZXjRpaPJa9BvA,2.839528127849858e-05,6468,birank,44,20
ZRo0TfOuUogoIHu7Jka5pw,2.838172415211817e-05,6469,birank,57,20
yuO-Qy1QQVumIhO0ijvl3w,2.8378582200709065e-05,6470,cold_start,18,20
hs7ADvEl57RKs1fnG9WmNQ,2.8378582200709062e-05,6471,birank,35,20
ZGWf9W79UooH4S-Q0D5Z6A,2.8373053536614247e-05,6472,birank,36,20
rZIoDcsE7vsneLXRzkXlfQ,2.8373053536614247e-05,6473,cold_start,16,20
ef-uoHTDLBaoDZrc-MOtSg,2.8369249018947192e-05,6474,birank,46,20
d4qVVElEjQrsKBg3ytSWww,2.8347588026396962e-05,6475,birank,23,20
5YBvmgi0kFkyCTXj0AEFdQ,2.834758802639696e-05,6476,cold_start,16,20
IFXqeJTbIUVhtBDPLJ4ufw,2.8345707407080065e-05,6477,birank,23,20
IzKWd5VmKcwlxK9GWBuohA,2.8292852790110555e-05,6478,cold_start,13,20
_ljP8KWwMTSMOv_zGW6nBA,2.8292852790110555e-05,6479,birank,31,20
SG9_UvGkcsArW6oELZ5XFg,2.8277300185753588e-05,6480,birank,34,20
3NueMBnZyyGdqVW4v2-uEw,2.8277300185753588e-05,6481,cold_start,12,20
kooLdkrNy4bRMXDZnKLzbQ,2.8254563662791556e-05,6482,birank,85,20
LtPMiHSuC9Zvt7HxwXLShg,2.8227777776650237e-05,6483,birank,56,20
kxtftrW1gCGAOFufGLv4hg,2.818925393410078e-05,6484,birank,100,20
VmluS4IPOHcfx8w67h2_Bw,2.8187721608991067e-05,6485,birank,112,20
1QzXiy2fOUHXOSYxeZrcXA,2.8180117785487565e-05,6486,cold_start,10,20
g2N8NipQpKIR4h88m2PJXw,2.8180117785487565e-05,6487,birank,26,20
BtXwqcJq0xS607Hsq5Wq1A,2.817922924055901e-05,6488,cold_start,16,20
NCjb4Lo7VELIV3YcPzKV7A,2.8179229240559006e-05,6489,birank,37,20
Xy1mX8UQWMavQh_tMFjthQ,2.815987188955578e-05,6490,birank,45,20
kqIENT-CoSkcDGtrZk35Rw,2.8155116141533447e-05,6491,birank,21,20
GKrxrkKqpMmmY7P2AdoY4A,2.8155116141533447e-05,6492,cold_start,16,20
v4s3xYzkXZB6sAY5yszyRg,2.8152884182046848e-05,6493,birank,23,20
iMkk09jgIHrgAwnzStbk1Q,2.812527559529572e-05,6494,birank,131,20
ifWCzW6H6t2xKQfpoleQgg,2.811148834914831e-05,6495,cold_start,14,20
-RLJlk68dmL--ff0lsP0JQ,2.811148834914831e-05,6496,birank,36,20
w9yOn6SCa9i7z59n5oLEDw,2.8104249837030574e-05,6497,birank,67,20
10kx3j_jGJutjQDJSw_cBA,2.8095072689423445e-05,6498,birank,21,20
6FNfW_9YaP5Fm7tE1caLyA,2.8095072689423445e-05,6499,cold_start,12,20
vH7J9jSry4QgOR1MqTuRLw,2.8094906348757817e-05,6500,cold_start,11,20
m7QwOZSP21kmiZ-HQV5PfQ,2.8094906348757817e-05,6501,birank,33,20
r2yGJDvwCCSneV5pM9bGtg,2.809377919334269e-05,6502,birank,46,20
Rvgiu99ueTM0i_a7TbsB1Q,2.8086759272376175e-05,6503,cold_start,17,20
YCU16wQbm-3RA_j2srt29w,2.8086759272376175e-05,6504,birank,32,20
-MwKwvY0gG3GyR5ymxsLNQ,2.8048941600682014e-05,6505,birank,41,20
3bDVXWqAZZbSp7bS8aYhfg,2.8043733252968003e-05,6506,birank,47,20
VbtcX28aEOOSgMq8zwwnWg,2.8017772172366005e-05,6507,birank,47,20
wT-pzGY8rJ_xbTJDKaSl8A,2.8017027293398633e-05,6508,birank,135,20
ZllDVefj_NbGdsMUR5LS2A,2.800705963080035e-05,6509,birank,60,20
Tq1qcFHbURcncnR03YiUPQ,2.7997998661700105e-05,6510,cold_start,14,20
SmoEzF8pka2rCG_HgE21zw,2.7997998661700102e-05,6511,birank,32,20
rz1xDgl7epuXNqT7k7eZdQ,2.7974252135431264e-05,6512,birank,22,20
QlcQ6cBSKfK_upcBhAt8Yg,2.7953422605157217e-05,6513,birank,172,20
rYTdFa_sH5eE41wfg9LMhA,2.7952643417800687e-05,6514,birank,140,20
rDV7gCvKjXrF2CZhzZTG-g,2.794836395727088e-05,6515,birank,58,20
bO9tyY6kSQUScHtFbc1UZA,2.7940792404713257e-05,6516,birank,61,20
Y0pnoywoHENMzj5n6j4vxg,2.7939063029813537e-05,6517,cold_start,14,20
Rbd9lrMElo7Tzt_v1UvKxg,2.7939063029813537e-05,6518,birank,39,20
pnR9ex4IWiYrnexU6qNP9Q,2.793012390818606e-05,6519,birank,24,20
GpYDs9W3cM5D1mjNx6pxug,2.793012390818606e-05,6520,cold_start,13,20
5nYIj79IC6QsZ-JT-UTu6Q,2.790931448171744e-05,6521,birank,52,20
JnFpgav_bgPN6aSJDYpzyg,2.788392296794569e-05,6522,birank,96,20
1FB6qlf7ZuUD22Vyqo_4RQ,2.787038602430939e-05,6523,birank,79,20
xBmLaYKPIzUnrdEpg5BLYw,2.7838584379210136e-05,6524,birank,278,20
0JGG50I4c9iAPrk7H8dRcg,2.780690331344591e-05,6525,cold_start,17,20
SF35XOX6vmx_NMzoQ7RLkw,2.780690331344591e-05,6526,birank,32,20
oGS8C5zuCqqj8AbsH7R8Uw,2.7788911541940927e-05,6527,cold_start,16,20
zvXK340RFrQqaPU22U7zcA,2.7788911541940927e-05,6528,birank,25,20
HCtaslujHiD_j5St_FR5IA,2.7768592433954425e-05,6529,birank,378,20
JhjHlvSgBqD-o8-ahT0ccA,2.7762710578067073e-05,6530,birank,43,20
mQtDQblKR8-RY295XLyGMA,2.7758503369133614e-05,6531,birank,59,20
KJd4UY9fWiofipNaZOS_7A,2.77459665450949e-05,6532,birank,47,20
c9xznvN0pQeFwzZCPbO__A,2.769352054193047e-05,6533,birank,24,20
9dTadxqN5hvIVwnhpxlrDA,2.769352054193047e-05,6534,cold_start,16,20
de5kSvAoNNGpRL3dHRPqXA,2.7670527780288116e-05,6535,birank,27,20
3o7L6OWJzKnjTlwh-hkAhg,2.7650850729922995e-05,6536,cold_start,17,20
0iLgVQpBeIYYwQZIblTTVw,2.7650850729922995e-05,6537,birank,24,20
qMt524_PRxRfpbGkVFaWjw,2.7649421261893213e-05,6538,birank,44,20
pFR6-Py-CyIDiXyJer2aqQ,2.7638039483903606e-05,6539,birank,46,20
68KD674p59qJj4DX6NuTzQ,2.761883668762182e-05,6540,cold_start,15,20
6cJ6PwmP9l7W_xWskfJSWw,2.761883668762182e-05,6541,birank,29,20
j7JUGY0WtfGaV8DnkmNNGQ,2.759001390777111e-05,6542,birank,198,20
sNLCzeCWwNBi0QRrIHfwqw,2.7589907950957497e-05,6543,cold_start,17,20
W3kFd-uNAkLZZsXEFwz3ow,2.7589907950957494e-05,6544,birank,24,20
HR1l5-NNQdD3reR89aFguw,2.756421079064705e-05,6545,birank,115,20
CTGvOtbw9dmxtMnZe8FxPw,2.756205310913788e-05,6546,birank,62,20
T0L0KltiJMAtrYHjqyuoMw,2.7553786119044035e-05,6547,birank,96,20
OI_A8VRmMVxIq_ZeNaLVeg,2.7546367264990586e-05,6548,birank,215,20
AlMozN7JtyrIDsyrgqRZzw,2.7536077215607486e-05,6549,birank,62,20
B5ySdB77BHYyWb_MT-5tEg,2.7477826817379907e-05,6550,birank,50,20
8UuBoJmuIf29LqM-zm3Qdg,2.7467486190411447e-05,6551,birank,135,20
0-fNOKL8IQBVe97Xx593KA,2.7467442636218253e-05,6552,cold_start,11,20
ybQem1jFkGPI1F-PEfEZBQ,2.7467442636218253e-05,6553,birank,25,20
NgH1W4V9ZCOkAeGJQ1ON6A,2.746039872682106e-05,6554,birank,23,20
diKcuTF11thKjScDB0AATg,2.7455836690657066e-05,6555,birank,51,20
f3umcbFgGLVUx1R7iz9Qnw,2.745297749455784e-05,6556,birank,235,20
FZlbI7_mdb79DzaqRIAqtg,2.742018536692997e-05,6557,birank,52,20
u7MJKcNdZXYyTeb67vD5jw,2.741093143734678e-05,6558,birank,69,20
xKl0C6DiWa7T3z1Qncptqg,2.741032821375359e-05,6559,birank,211,20
rfFJTymwtgcnSdb1BXb7xw,2.738863390263371e-05,6560,birank,49,20
eIDC_UAORw0frg030Nw4tA,2.7381318877979087e-05,6561,birank,51,20
iUhLGy41VYrLVAhJFH4x_w,2.737059184160259e-05,6562,birank,37,20
h_Z-1d9Fwc_VHoWOYVen-w,2.737059184160259e-05,6563,cold_start,18,20
ou24typ9w08S_WS8piWa1A,2.7367944138806704e-05,6564,birank,77,20
Aoe8dOzeuiAovvFYPl2jMA,2.736523366440125e-05,6565,birank,43,20
Iipfa9Kaac9XH5Vo8GQwvg,2.7358909036628715e-05,6566,birank,58,20
DWasEqvA6ZMxGl5t271M-A,2.7356995683372835e-05,6567,birank,37,20
ARkakVqPME7CASRwzRlVHQ,2.7356995683372835e-05,6568,cold_start,7,20
a1a1RgfaYBeU-jGEgbJj_Q,2.7330536533957075e-05,6569,birank,89,20
sNsTaKQVajoHTltd_HK-_Q,2.732399702249727e-05,6570,birank,105,20
FOXeWdQCemWMnmYqlDT2jw,2.731972625366325e-05,6571,birank,33,20
fgUV6NErXY1OkflgCjNi2Q,2.731972625366325e-05,6572,cold_start,11,20
v1kfHazPIbHf3u9ybTnLRg,2.7301259693958915e-05,6573,cold_start,19,20
wNkfYzasTvhspDmiPNB4dg,2.7301259693958915e-05,6574,birank,33,20
xZc-23PEAKIzE9vg8hVd1Q,2.730106041216175e-05,6575,birank,83,20
3s3M082JCZCM0KEL-_7fdA,2.7291559719499316e-05,6576,birank,144,20
Ov8-eg1-2S9a1PpuYRVLTQ,2.7267537856131623e-05,6577,cold_start,18,20
kshLlCoMLkTXf7PiPDkIFA,2.7267537856131623e-05,6578,birank,20,20
PaP2OwAFRITcjJ_Xb6dUAQ,2.726083883542999e-05,6579,birank,38,20
ut9lc20Dq7tUH0tZMKic1w,2.7257059237499197e-05,6580,birank,49,20
6a7dcp1p15RQTAnEjb3H0g,2.7247754962115527e-05,6581,birank,30,20
Qusula0NuWTgrEOWowlBvQ,2.7247754962115527e-05,6582,cold_start,8,20
Wvkf6PHy9pL3MROt2coxhA,2.7230207938969288e-05,6583,birank,114,20
9SDMmYFtwSeQ7-ynEI2cgw,2.7198854581720892e-05,6584,cold_start,19,20
-mWySS-oF7Pw-OdgHMCHUQ,2.7198854581720892e-05,6585,birank,29,20
D2urir1M5gO0XYdnJxTVQw,2.7197458511377528e-05,6586,birank,27,20
X_T1gP8z1f_sGNX7qV0PJw,2.7197458511377528e-05,6587,cold_start,15,20
7x5A_GbTLveFhLHf7MbGXQ,2.717082457249496e-05,6588,birank,66,20
JFY8k6JOc-iz1oszqHFgCg,2.715235087891006e-05,6589,birank,61,20
_OB65sIprNs4eUm1SHjhxw,2.708713229162995e-05,6590,birank,42,20
-8_ufROuDzIWxFAny4FasQ,2.7077820306303663e-05,6591,birank,23,20
gus6t8E-KBZYlkPNqsOUEw,2.7077820306303663e-05,6592,cold_start,17,20
JdiS_2HdAMtBprXgX0zkqg,2.7071234468859905e-05,6593,birank,121,20
TfYFyl8WFLPKGTcRz8AMpw,2.7068417231640116e-05,6594,birank,43,20
_TEWOkqBWDtNigjujuPQfw,2.7065155035904575e-05,6595,birank,58,20
Rj7TzLBeGt6gq6Cafqz90Q,2.7054737559272102e-05,6596,birank,82,20
Mo09V4DcoZmhI4j7M_NCJw,2.7054106929687983e-05,6597,birank,57,20
6lr3qkrqie9bqxl7DaYvTw,2.703663481874206e-05,6598,cold_start,17,20
XUnOrn2ZPom7cJCfG9syXw,2.703663481874206e-05,6599,birank,37,20
SWKjVbrlsrDibS-spyJCDQ,2.702060270920982e-05,6600,birank,49,20
H5cH1BbNfP5YEkytAQaYrg,2.7000683025955055e-05,6601,birank,154,20
wY9y0cOAzNALZ7BELMwozQ,2.6987747741768207e-05,6602,birank,91,20
DpCziU4uvnOdAdIWtfY8Bg,2.6961999338507513e-05,6603,birank,20,20
C90VRArdfin-06NcvTaaSw,2.6945574085819576e-05,6604,birank,72,20
teNfxYX0estS2Bdr2Snobw,2.692547011787035e-05,6605,birank,62,20
u9ZlXHPo4qrjyYg27FsLFA,2.6921190212843864e-05,6606,birank,25,20
dfMwNf78ttnEYXNRTIhXeA,2.6921190212843864e-05,6607,cold_start,10,20
GvjQEhSTB2CyzJVx1boR8A,2.6892684046093826e-05,6608,birank,53,20
brlew1UwRlO6Qj9QlQ-WWQ,2.6872867980199792e-05,6609,cold_start,10,20
3aG8idCwlP-loKf8_hxcRQ,2.6872867980199792e-05,6610,birank,26,20
kSglWloGVOI5evbnx8ub5w,2.687269645603259e-05,6611,birank,73,20
HpgUNMYvOCResSncOjZTTQ,2.6872132086381986e-05,6612,birank,32,20
_uEGd2Rx8SzViS9MuHNU0A,2.6872132086381983e-05,6613,cold_start,15,20
5h3uxYuoY40id-EByqQ3Xg,2.6864027921482894e-05,6614,birank,46,20
wMyo6-nHl7ZbvEvqWSLx9Q,2.6836562782084608e-05,6615,birank,49,20
aD-6NpNI8tHRGCu5EVLdAg,2.6824537015542707e-05,6616,birank,68,20
etU4of3VovLEW3MVDi_5sA,2.6819951579394436e-05,6617,birank,115,20
4JSDGbEILb9GZcRsLHs1rQ,2.6799791327333263e-05,6618,cold_start,9,20
8_7HvKnMgkO2p7EDc74f2Q,2.6799791327333263e-05,6619,birank,25,20
3uZDQ582PUBqawE9uRBtfA,2.6794979549581284e-05,6620,birank,34,20
i2g8Vt3SZu2GnVAv-OuXGg,2.6771348639001253e-05,6621,birank,27,20
XggfVUV71SMMUhCoIEKhrw,2.6771348639001253e-05,6622,cold_start,11,20
vhYqMJa5dxZfDNuRHwVlfA,2.676927295953009e-05,6623,birank,48,20
rLkqMqQu4uf-iE4j749fzw,2.6745928487151874e-05,6624,birank,100,20
UtQ3M7hlmJrZU-WRuIxfzQ,2.674355846210997e-05,6625,cold_start,12,20
yL1yC5OOawjSamAb9Wjm5A,2.6743558462109966e-05,6626,birank,31,20
pmx7I4YUau3RHczvKmXeeQ,2.6717485118826568e-05,6627,birank,27,20
TOGQERO4hdon5DoVXHooEw,2.6717485118826568e-05,6628,cold_start,14,20
9nJLpVhr5EGMU9sdwMauUA,2.6713850982757117e-05,6629,cold_start,11,20
8CXGk1YTeXMpAkZZ_ji6lA,2.6713850982757117e-05,6630,birank,25,20
8aEHSfVjOUC7XSJw3xwrqg,2.6707063837078534e-05,6631,birank,110,20
ZYJzr1diF0uwD4Wp7qkKxQ,2.6696097144633175e-05,6632,cold_start,15,20
duH8EuGBJPTckGe0s23ecA,2.6696097144633175e-05,6633,birank,21,20
7UFRDoDdwC3_Pt77FzaJfg,2.668648202730208e-05,6634,birank,20,20
jfjpExDsvog4CYFsBMmwdw,2.668033993819333e-05,6635,birank,22,20
Visax-kBz0AY_34PkuvXSQ,2.668033993819333e-05,6636,cold_start,14,20
1NdGpMaXMWA8FwJRL7LZnw,2.6678823284156907e-05,6637,birank,30,20
jVQkjR0H-xpCzw5xNVhr3A,2.6678823284156907e-05,6638,cold_start,17,20
_pm435OrG6fEsSPRh4KE9A,2.667807913892941e-05,6639,birank,20,20
NpWGrKnmm44CzpZ1Wi1bLQ,2.667807913892941e-05,6640,cold_start,15,20
eQdB1ZjnNspjE7KTFzblzA,2.6671990560008383e-05,6641,birank,82,20
y-Zx4DHEsDPmVAwlo0m40w,2.666840633829771e-05,6642,birank,180,20
7SWXnS2odT-0EiMFXUgIcg,2.6648087244303466e-05,6643,birank,41,20
0liks45enqVRV3_ORP2wng,2.6647987797200065e-05,6644,cold_start,18,20
pzKzUt-XPgvYrhzuLgByRg,2.6647987797200062e-05,6645,birank,35,20
hPGUmYikkMpTW9EJNEfVoA,2.664408514499922e-05,6646,birank,36,20
dGLx7Ls5DQtlG0sLcZ0DZQ,2.664408514499922e-05,6647,cold_start,19,20
qFbBDbIjAKdqxJnHu7SoOQ,2.6643105540955453e-05,6648,birank,111,20
rmPlBsLaXv9mMPltIZO5hw,2.6635046736571e-05,6649,birank,43,20
fx7YdpHn10qQO_7Y2ZJLUA,2.6600400870112993e-05,6650,birank,61,20
a0rBn7usm4HTnPcz_Angmw,2.6585495415567697e-05,6651,birank,110,20
bZPu1IZ-KvUcX4_i454R6A,2.6581311641606427e-05,6652,birank,25,20
EzPMG7xCuSZCpA3HSSAjHg,2.6563466815446575e-05,6653,birank,155,20
AXRSeJZfr9pi1wJQ61D4UQ,2.6547403963585142e-05,6654,birank,84,20
IdCg29WyDhqMxwsthwknxA,2.654123678388287e-05,6655,cold_start,13,20
NfyMmdhkwSPjhFrckLbj-w,2.654123678388287e-05,6656,birank,34,20
PCIR3Z78l_nLXu_OnhTweA,2.652942810857569e-05,6657,birank,25,20
VM2Pt-FCmKGkds7TB4lKRA,2.652942810857569e-05,6658,cold_start,14,20
cYohoNYuY3l2Po1BbSr1XA,2.652315212886552e-05,6659,cold_start,17,20
15IzVzKuvUCrpM1AFvDT_A,2.6523152128865518e-05,6660,birank,22,20
TP3LNjHNph_yacJ_fo3ULg,2.6505644798343535e-05,6661,birank,113,20
Up2hJViJJf61k9V3jFbvzg,2.6502302423168425e-05,6662,cold_start,14,20
lMMK2vSieQb_FtqqZ_VGlQ,2.6502302423168422e-05,6663,birank,35,20
P0ldsyfDWNcWnGSq8w2jFQ,2.6497121603061937e-05,6664,cold_start,17,20
FXSj0mOK_vSTGfKywdHwwg,2.6497121603061934e-05,6665,birank,34,20
8dBPK7LNnKVAewpouGoADA,2.6441067509126083e-05,6666,birank,59,20
oRY9axuwOQSN4HbTu7obtg,2.6432844538437583e-05,6667,birank,63,20
pXb7pDVPayyElIqVlh1FOg,2.642583525346542e-05,6668,birank,23,20
slZvJtFnrFsP9fS2lIg80Q,2.6424396688774355e-05,6669,birank,159,20
HuqKQA8VZuOzkfbnY1pjvA,2.639583486441301e-05,6670,birank,209,20
xf4hdY-izcbyzcYTOUy2Rg,2.639583388473438e-05,6671,cold_start,15,20
LopGlCZ1ANqrTf8BqL0OWQ,2.639583388473438e-05,6672,birank,33,20
zhdJZc19FDnARtn_r9WDjA,2.6392056316216302e-05,6673,birank,65,20
et96-0iMUgkDiQWKqr4k2g,2.6385346585881562e-05,6674,birank,39,20
V8XvmeJxK8fMjNFsv3VUjg,2.638534658588156e-05,6675,cold_start,16,20
1lb42lEHaZMhy_1gLQNXoQ,2.6358303882169263e-05,6676,birank,82,20
wYkH0leEO12XKnVz3VtfiQ,2.635829875317992e-05,6677,birank,43,20
1yeVKNQRYPCeQtADajZ9Sw,2.634718016605694e-05,6678,birank,27,20
cosvZvfx1ElZsQV5LW3X0A,2.634718016605694e-05,6679,cold_start,18,20
hrTq1ddt6JHBILeJx2KtPA,2.6345354538869067e-05,6680,cold_start,14,20
nuXgC0Jvks85kwEnog7Paw,2.6345354538869067e-05,6681,birank,34,20
vkIhDz7eJScEN2CZnGAkjg,2.6336478950026086e-05,6682,birank,102,20
LdKOAUDS7L8wj1ft3GnMmw,2.6287804792482576e-05,6683,birank,26,20
gG_1AN235A58hOU-gimZkw,2.627847415885508e-05,6684,cold_start,12,20
odLn6EJ6zceAy7ESGSNVWQ,2.6278474158855078e-05,6685,birank,26,20
9NeR-LIQBXPkCw2K07lrvg,2.6276241121301132e-05,6686,birank,55,20
Dy4cmOkfS_2e4DNNBx3O9w,2.6251058870144548e-05,6687,birank,35,20
hDpXh2boLl6JCP3pt-XupQ,2.6251058870144548e-05,6688,cold_start,19,20
mmrDkJEIxvXqBs-cDCnVZw,2.6233070924896467e-05,6689,cold_start,15,20
9hWw-Lffnc9jCTgGnnJt6g,2.6233070924896467e-05,6690,birank,21,20
XCEO3zlDSKJvemP5LNwWsQ,2.621657574057908e-05,6691,birank,54,20
smoEsBXQ72n2gyyctrKaOQ,2.6215573026071796e-05,6692,cold_start,14,20
T3g3tcBive58pmsbB_nkLg,2.6215573026071796e-05,6693,birank,32,20
kbAyAsfRIIVdUondbHLkWw,2.6208475445641e-05,6694,birank,320,20
QDgGe--XQrPrap3u5EjAmg,2.6208197924310724e-05,6695,birank,66,20
Sr0MtMVsXpYu8-PTJDg44w,2.6154484904267432e-05,6696,birank,79,20
lrARqZZdNhkeH6o6-hP4ZQ,2.6148185867453814e-05,6697,birank,43,20
tEjgGPpomcMxJ7kvDqPyXA,2.6135723417973013e-05,6698,cold_start,16,20
8b-DMpY7hDf67vAIJChNWg,2.6135723417973013e-05,6699,birank,20,20
ptc5JZ2UOhuuGyVLodbEnQ,2.6134697959093225e-05,6700,birank,28,20
lR4yxv8dGwVewvm8g-eW1w,2.6132286149301082e-05,6701,birank,35,20
2JK2p9X5FftFxNwbqWdkdA,2.613228614930108e-05,6702,cold_start,12,20
BO4SGeOWoFhnypKv9xvL6w,2.613197962913148e-05,6703,cold_start,9,20
RMZOOXWt6S0FkzjsuwjP0g,2.6131979629131478e-05,6704,birank,38,20
zKC6BvDRMtwmtj2aNvIapQ,2.6091974056721896e-05,6705,birank,60,20
OEEzmw7fNGU70M1vmiw_OQ,2.6085878876931106e-05,6706,birank,158,20
Fag3PLbNg3H7eSjzxiODnQ,2.6081669160574953e-05,6707,birank,21,20
qjkxF-JjH3JW4hlftSq7KA,2.6081669160574953e-05,6708,cold_start,12,20
N3wKFf3q6vJi0g5g0Y1ICw,2.608051837521773e-05,6709,birank,107,20
-sRtgVuwRz7JJQaHiLV9zw,2.6078446284896276e-05,6710,birank,41,20
ZgsIctKamHA8z3KTbTYOoQ,2.6074736808892678e-05,6711,birank,102,20
NFE6ThbmVlRmX7uzJ3wJ0A,2.6062554462752105e-05,6712,birank,21,20
RA90yF4DWcRIcDj8S5qkZg,2.6062554462752105e-05,6713,cold_start,18,20
zdJCe6BLDB03FBC4U_9bYw,2.604827942757549e-05,6714,birank,34,20
Gib553AC85MoMzQSusnc6w,2.604827942757549e-05,6715,cold_start,10,20
8_Q7nxgnb6WuAOhhOT0ONw,2.603633704095631e-05,6716,birank,39,20
J7TNypXgpjMFS7Rp3HXYuA,2.60309983294228e-05,6717,birank,40,20
CTaS3dtVDJ5Dk3ACI7blYg,2.602213712459019e-05,6718,birank,63,20
6g2-9mUquEDYw8y9KHJTzg,2.6019752400188214e-05,6719,birank,58,20
DrjRjaQpZJAVFFR68_xq0g,2.6015013597176652e-05,6720,birank,47,20
sMZe5nmFqffApI_-ReO4xQ,2.600085346898977e-05,6721,birank,101,20
AbR-qyMws6GgQYgZcaBKJw,2.5985869655623162e-05,6722,birank,52,20
yhYkF6ZWeX_omCXgtQ40Iw,2.5955327590440575e-05,6723,birank,27,20
pDDwhEfUVhXYqpZ0NFLNcw,2.5955327590440575e-05,6724,cold_start,9,20
t4mRS4ErJhzJh6vAbev15g,2.5942132749435146e-05,6725,birank,74,20
GH8Pxb6n7CDZehbydWyDcg,2.593617513377856e-05,6726,birank,62,20
0Q11c6T3ydBung7Sjex5yA,2.5930546209986858e-05,6727,birank,58,20
7nhfY3Z_d_0XD21m7Ha_dA,2.5917177915088596e-05,6728,birank,35,20
p_HeJssTSDwiT4K261H_kw,2.5917177915088596e-05,6729,cold_start,8,20
z3JIp32V1eTem1NNVCjsnQ,2.5908355524267463e-05,6730,birank,117,20
bh60ZTqnciiH3FlTUJ-6iw,2.590656669910982e-05,6731,birank,70,20
FV0AtR_aPKtnp5_RqjkC3A,2.5867623964723732e-05,6732,birank,36,20
YMdXDiRiNoKEAFen3XUWFw,2.5867623964723732e-05,6733,cold_start,11,20
XmQRh4JtW82Aki9dmaoJ8A,2.5860945504832783e-05,6734,birank,59,20
JMnK4PX12ygMSDe9pnL_KA,2.5843656671704318e-05,6735,birank,77,20
T8CRW0yUTIQdW91XQp4EWw,2.584062546410815e-05,6736,birank,60,20
nA8OwIMCvBXVbEJALcF4Yw,2.583129717024974e-05,6737,cold_start,11,20
82HewnAO5_FLCDPET6m5KQ,2.583129717024974e-05,6738,birank,38,20
4TQMOy00KD_54xSFwKgMZw,2.582658144092088e-05,6739,birank,27,20
bLNSAljXE00oAcfGYJA-FA,2.582658144092088e-05,6740,cold_start,15,20
oNZBLadCTPGpm25rmtoiUQ,2.57537506166391e-05,6741,birank,27,20
bP3woTpfO9XZ41_e7TQdMg,2.572739070977719e-05,6742,birank,189,20
Mq9gCgsWS6-_1HMUH7iiXw,2.5725822733616198e-05,6743,birank,257,20
bCEZL0FqWYvO6VubTieN0Q,2.571974507998659e-05,6744,birank,50,20
R4V_g8fR2mB6RjvpBjBElw,2.5705334579364396e-05,6745,birank,89,20
M3LZKA-tVFRJyPeKA3_2OA,2.570097235225064e-05,6746,cold_start,18,20
EtGFDdjui_Hww78JU4XoXg,2.570097235225064e-05,6747,birank,29,20
sgCUMv2spV-tpCHWBO1Etg,2.569834028674244e-05,6748,cold_start,10,20
tEWZp2wIkNmOblKgZr32lA,2.569834028674244e-05,6749,birank,34,20
uwtZHsvaENUXhUD--_JU2A,2.568573134775353e-05,6750,birank,91,20
OmvUk_FtthzFtRLfX2Cs0g,2.5669893939635052e-05,6751,birank,43,20
956T4LrfnQCeiCtm9YXxTg,2.5647531266864302e-05,6752,birank,63,20
H8-Gl63zF-zDzqLj2G29Iw,2.5611769469668215e-05,6753,cold_start,13,20
Zhj3JqPcEmeiY6uBpIMmIA,2.5611769469668215e-05,6754,birank,24,20
hrEtM0WMgwhv19mzVnKiJQ,2.561040631941231e-05,6755,birank,53,20
XYaOXB1i1zT2zAWreYbX0g,2.560796745376519e-05,6756,birank,48,20
PCdSjDrU4K8rUzVoxqFyew,2.5605109119687197e-05,6757,birank,78,20
kwxHDNF7MQ9kHd4F7PHCfw,2.5593343412941703e-05,6758,cold_start,7,20
LbbU2mJPRS3YjC5e_B7h5Q,2.5593343412941703e-05,6759,birank,27,20
5SiNn7wyc2qOQkOC7EXYOw,2.557832383963083e-05,6760,birank,132,20
o2k6jpXlYFPrDck3j7bHgw,2.557187342001387e-05,6761,birank,53,20
AX4bsa-cmMnjOCx0f75cTg,2.555589849922574e-05,6762,birank,43,20
enfQ1SHv5PpO_Pq8BvtCRg,2.553755691927502e-05,6763,birank,39,20
Z_70Zl2SgHYmAfOXJQzXbw,2.5532273756580754e-05,6764,birank,21,20
ESXii9Bwivm0HXcAZxlvBA,2.553227375658075e-05,6765,cold_start,9,20
2J6x5uYTXbJzTHbQN1W6eA,2.5524418048434294e-05,6766,birank,59,20
8IazNnZkqYlNODBZPS1CGA,2.552286072256033e-05,6767,birank,115,20
j36UB_KZrjPx6AVPvVLJmg,2.552110003679395e-05,6768,cold_start,17,20
ra8-KYlESFGeK11BG7SCrQ,2.552110003679395e-05,6769,birank,35,20
6195Y62RRPJrfz1T3oABbA,2.5520808484898437e-05,6770,birank,197,20
dHY0EBrKi7HHjsQoK0inUA,2.551386488053514e-05,6771,birank,22,20
x5-7JNoYyh8VgCp5pCsiUw,2.551386488053514e-05,6772,cold_start,11,20
lZ9YlsBJlq9jQDQZbQznAg,2.5509487201860797e-05,6773,birank,21,20
v4V3ZDGNae7vUAOfzDd3Og,2.5509487201860797e-05,6774,cold_start,11,20
rZvy8V52zR2_2Jt-_WsvzA,2.547440932584463e-05,6775,birank,43,20
4M_kLVDf0vq2dKoRcfkGCA,2.5470885070765455e-05,6776,birank,116,20
c14bGBk8b76o7No3fdbywQ,2.5451038310369428e-05,6777,birank,81,20
IThvWu5a659nF3bk-wzgcg,2.5446424321126108e-05,6778,birank,66,20
-xd2u9BsEOy-CVKopm4VWw,2.543026253028628e-05,6779,birank,28,20
36rXK3hy6OR0k-tMBf1Ltw,2.543026253028628e-05,6780,cold_start,11,20
UMaNwuJBwO0I_7qJnhjECQ,2.5401158405955402e-05,6781,birank,131,20
Vil6Ox7d0GXkKHIzztyUfA,2.5383435798871742e-05,6782,birank,42,20
w7QQVFhjgkGi8AyGyPHRwQ,2.538113405412607e-05,6783,birank,33,20
1SI-jPcGxag54hWZvafxIw,2.537311703853914e-05,6784,birank,159,20
ovBGKwbm-x9mQ-Vd-L0QgQ,2.536475124045796e-05,6785,cold_start,8,20
OaU7V5zZvddcmp8PKLQk6A,2.536475124045796e-05,6786,birank,34,20
oryxEQldKf-FVqRgP5SfrA,2.532155549268393e-05,6787,birank,257,20
bKy4goWSRKsEYkQ7NGSu3g,2.530374621696341e-05,6788,birank,77,20
3pX1xcKcin65_-LdZu-kkA,2.5291069344671287e-05,6789,cold_start,17,20
1v65CU3ub7VdM6GexSixAw,2.5291069344671287e-05,6790,birank,37,20
zlp7KfaESwgnTPvyVk9gSQ,2.528507974575544e-05,6791,birank,20,20
jJvYr8kC7vMKGVeWyHbSWQ,2.528507974575544e-05,6792,cold_start,15,20
M8Zxy5yP2XPXdeiGW3lUrA,2.5284544134590122e-05,6793,birank,26,20
ZDinrfm2fP1WIy6IqUFyCw,2.528454413459012e-05,6794,cold_start,19,20
2qhuQ-tnonyLEQLw2cbvAg,2.5276682449112053e-05,6795,birank,47,20
Qe1ukXYUsvM-hOvpGvrVVQ,2.525561564172034e-05,6796,birank,32,20
9qFdMKd4LLrLt8AnQq1BnA,2.525561564172034e-05,6797,cold_start,10,20
EuGfAJ0un7GsQ90pFWZubQ,2.5248144368613597e-05,6798,birank,29,20
jgN86blLZPSuBh4ZeVeqMQ,2.5234278459117455e-05,6799,birank,58,20
vsM7RsJNrP6ukSgy1Ew5xA,2.522210691246809e-05,6800,birank,27,20
KXVn1sHOBrLvARWYUhI-lg,2.522210691246809e-05,6801,cold_start,9,20
lmx66dQekwC0FkCCp39xww,2.522043209890704e-05,6802,cold_start,14,20
qtgKa_QOPJweLiOGceMESw,2.522043209890704e-05,6803,birank,24,20
gbZd0FVBD5VITCnGQnVJOg,2.5215557229650014e-05,6804,birank,389,20
TIMYy-4DvpDEaJGzzMoMCQ,2.5211628544547955e-05,6805,birank,49,20
9y9O9Skpg6Kqn2jb57dXZg,2.5180540833286067e-05,6806,birank,24,20
vP08ToWNiC3y_fLgNgMhCQ,2.5180540833286067e-05,6807,cold_start,15,20
OKmwUmfWO3e3ZpfzhpOE_g,2.5172609356092138e-05,6808,birank,60,20
bZbepmBtqt5A-p4x4CWh1Q,2.516671543184919e-05,6809,birank,364,20
nJaofGlu3gAClv_1Kw5sUg,2.5160131840635837e-05,6810,birank,32,20
2PX8MOkN6cPG7-gte7IpIQ,2.5160131840635837e-05,6811,cold_start,8,20
wfBEbpPmIm6PX4oclmOt7Q,2.5128157978139556e-05,6812,birank,82,20
MnFKmuHLpv347qCAcxSPzA,2.5117351218260174e-05,6813,birank,303,20
zjhcbO-fhczQwZwfvchm0A,2.510818383822287e-05,6814,birank,20,20
E9-zXaqJGg97ZqgX_tydTw,2.510818383822287e-05,6815,cold_start,10,20
1X1vMLF6VnEwOqOrPuWQNA,2.5103409961464766e-05,6816,birank,97,20
BjIIbYXQzxAfP2-l1qzhYQ,2.509416704904668e-05,6817,birank,30,20
YNFkP6HqZxwbv-2YMPyZtQ,2.509035893187117e-05,6818,cold_start,9,20
PATq-61JTih0fmhoXSl2Zg,2.509035893187117e-05,6819,birank,24,20
jWsZ4M0g6ViLdJKRM73C8w,2.5070176756319835e-05,6820,birank,23,20
z-BMYKp2XjdNdUArwj2BPw,2.5070176756319835e-05,6821,cold_start,13,20
YEAQzv5m87g1MaoEtY9hbw,2.5069527994217995e-05,6822,birank,152,20
gRZfY0lrS4JyFg4lgQfczA,2.5057541580883337e-05,6823,birank,28,20
0_GkFTdRWeKyeI5O8ROmnA,2.5057541580883337e-05,6824,cold_start,14,20
yqnxbt0GBPZ5IDACqqMkBg,2.504216266726146e-05,6825,cold_start,8,20
H_nR5KDpakeNJux8V__ERA,2.504216266726146e-05,6826,birank,39,20
9e3uANpD7iRNNGpdfrt5nA,2.5037949343832774e-05,6827,birank,122,20
QMeDIEI1uCN4CWzWwzAnGw,2.501111104880402e-05,6828,birank,71,20
tgOSbgbTZ1zipBZakE-aqw,2.4999059453573364e-05,6829,birank,92,20
Up_4I0tqoVtyknJJXULdfQ,2.497876739967359e-05,6830,birank,29,20
huIIVzj-e0oa2kN0B6-2-A,2.4977501718582832e-05,6831,birank,94,20
-R2w_cB1_nA9ZrgvP2PkUw,2.495569405903992e-05,6832,birank,68,20
ivNaN2TmuoLKobiRHJCulg,2.4903951191964388e-05,6833,birank,161,20
p_JcylEbz2yZiJnGOYXEvg,2.4894966739734583e-05,6834,birank,138,20
zRS07E7aUBLePn0La-WcfQ,2.488635546421096e-05,6835,birank,326,20
imfSiNMesWjGTSX7xLDHXg,2.4875464930247616e-05,6836,birank,45,20
yZs3y-RGYYysNVgDZ4I-Fg,2.4874163444110205e-05,6837,birank,34,20
Kta3IXWH8TjCBR-0mE5vgg,2.4874163444110205e-05,6838,cold_start,8,20
b22gesyVeOOJdsbx5SxK-A,2.4861590706848434e-05,6839,birank,44,20
EBKLpGREqUFj-fpIB85pPw,2.4853242918934263e-05,6840,birank,85,20
ilms3tyoWYHDPo00lmrMOw,2.4841789473704107e-05,6841,birank,21,20
BGLazGm6grYkF_HpodkdDQ,2.4841789473704107e-05,6842,cold_start,12,20
NS39nXJ6OFgZQVzzgBaHfQ,2.4834532865071227e-05,6843,birank,39,20
J7TZeIXaJFgrSIZzAjQMsw,2.4834532865071227e-05,6844,cold_start,12,20
-ilTnXu41RrxQITuolQhmQ,2.4825719686628103e-05,6845,birank,176,20
rOIFpBba2nWVrr7reKgYKQ,2.480971429690704e-05,6846,birank,74,20
mhEClxuKxv8UWXPm1tSPyQ,2.4792501816603658e-05,6847,cold_start,9,20
v7O1HYc4D6Z4H4T_tSh5Nw,2.4792501816603654e-05,6848,birank,34,20
1C6IeR5K7vtEPCcb164svw,2.4779985474951644e-05,6849,birank,118,20
662o6Z3l7o0PDi8Y-88oWQ,2.476579730981539e-05,6850,birank,74,20
V2zPRphk1HtXfSwc8enm8w,2.4761460678962763e-05,6851,birank,27,20
b01W9cJtcB0dtXqnNtsstA,2.4761460678962763e-05,6852,cold_start,13,20
MQke0whcwgjP25g1yfv3cg,2.474672047471499e-05,6853,birank,54,20
Bv-v7B3Bva_t-sYpNIhzrQ,2.4745341616426344e-05,6854,birank,50,20
dtYPZBWoziDAtT6IQnIR_A,2.4736765587832813e-05,6855,birank,20,20
XloKzzmRFP1S4mGnOmqXKQ,2.471907936883131e-05,6856,birank,53,20
WO_ntmoHq0zovM8v0niBAA,2.471332460014627e-05,6857,birank,66,20
499j2YBfJuZLgNOk7SzFCA,2.4709510300147523e-05,6858,birank,41,20
sXMC2ZZD_8hss_BuVlfB7g,2.4702507799394244e-05,6859,birank,97,20
EVu72ZfMe7IpUWhD1el5kA,2.4693725077492976e-05,6860,birank,35,20
8AdQNUcZdcvxMDsrGQGMAg,2.4693725077492976e-05,6861,cold_start,11,20
vhd0gUXen6B4km2VQlljVw,2.469266110139369e-05,6862,birank,47,20
t-ZpeItaWnYymUK1Hrzr1A,2.4686521208130468e-05,6863,birank,95,20
GhLCh9fL9Nc8c33eHszX5A,2.467135774891726e-05,6864,birank,46,20
E1unNdsEAWr8QLF91Wg8xg,2.4670921463972856e-05,6865,birank,83,20
9dW3CVyvnTXdkXg2AOyBfw,2.466485591302115e-05,6866,birank,46,20
vTNSSvjc2J3DSOsNRdXtRA,2.4655740893740795e-05,6867,birank,60,20
QyEMjcD8NrWm-tFAUXprhw,2.4654379642657265e-05,6868,cold_start,17,20
60A570zht69eAj3Md81nsQ,2.4654379642657265e-05,6869,birank,22,20
OazW8HaMRQjo2bDEwl-WiQ,2.4648630555568875e-05,6870,birank,44,20
LnsqXu0Qot2f638dbq501Q,2.45943987213509e-05,6871,birank,44,20
WPlzKv5eZLC1-1qq64bZQw,2.4574159338413888e-05,6872,birank,33,20
XG5-bigWGG_IFgbCvVs7xw,2.4574159338413888e-05,6873,cold_start,10,20
2Y7h1oxMRfVVGvc02aTn5g,2.4527650737667193e-05,6874,birank,51,20
eWJHUC9ubuxW6fQVtG_mAw,2.4520649706599585e-05,6875,birank,48,20
awP8K5-rmX6lfPy3CDCvsg,2.4512865519267664e-05,6876,birank,32,20
8ZHMr31oBElXmaqSmZJs2Q,2.4512865519267664e-05,6877,cold_start,16,20
eQa7PB6VhomV_DTjCw1B9A,2.450020479858132e-05,6878,cold_start,15,20
h2t4Fx4v9r0AjTJ7P9Su2w,2.4500204798581318e-05,6879,birank,23,20
_EWIAcznqBcCLon_MBf47Q,2.4498976679046112e-05,6880,birank,22,20
pAwtNwMQC_EcuX6opGskWQ,2.4491958653922483e-05,6881,birank,69,20
tX7Cdun9VVRRBM3hmv0P1g,2.449056786513138e-05,6882,birank,32,20
LZHiuorqSMLdTJoGCV-UIw,2.449056786513138e-05,6883,cold_start,19,20
lo2VbA7Lwzu3i23pQpmzlw,2.4479385594380014e-05,6884,birank,49,20
KOXS3nJm-e5E5MwQ6Pfrlg,2.4459839040398063e-05,6885,birank,78,20
gapEmZHdwBivcHstKNweGQ,2.4458787507757137e-05,6886,cold_start,9,20
Hu8AaQE2d3Uo6_EGlpVsUQ,2.4458787507757134e-05,6887,birank,31,20
oS_i_WSEMwNulxRECiM00Q,2.4408941079045228e-05,6888,cold_start,14,20
h5gcHaJUVf9W-ZOQ1fpg0A,2.4408941079045228e-05,6889,birank,20,20
qvnfFOgJOvon_Ak8loYMxw,2.440769748920551e-05,6890,birank,52,20
g2rtbtmL_MTf_cjATokalw,2.4402305071211275e-05,6891,birank,58,20
_g76dgDk1E9tC5TXZAF5gg,2.4399396509440212e-05,6892,cold_start,9,20
amdnUjtJG0XwaLuzvwvMcg,2.4399396509440212e-05,6893,birank,37,20
_Eu8C90eKnGj5LY3n4Z5Gg,2.4398198315655025e-05,6894,birank,59,20
fEhjxZMXFxM3Mh4ZHZ55nA,2.4390241620634343e-05,6895,cold_start,13,20
MVke1hgAyoGfEAfDop_2qw,2.4390241620634343e-05,6896,birank,22,20
IOZrqUQ2Jg6UeQ5CWpsmkg,2.4384242594795827e-05,6897,birank,20,20
Y331KeixvXEdcOFaXkI4dQ,2.436690938057376e-05,6898,birank,44,20
ttPZOjbUVxHkXWwof6nuzg,2.434006896923985e-05,6899,birank,52,20
kpRE7eYEYVEtnQOWHCf5ww,2.432896597065315e-05,6900,birank,197,20
ZeSfX_NTmOm48hK3kQRxfg,2.429917780199711e-05,6901,birank,105,20
gtMQHyA0QERHSEFtVAf2Jw,2.4270991888806285e-05,6902,birank,195,20
kCrzq7PEBYCMU1xNPNQA8A,2.426656220074867e-05,6903,cold_start,19,20
eGnOXQYoE6qh5LdTHym_Ig,2.426656220074867e-05,6904,birank,37,20
WM65nRzjQxnVtLTHzUy0RQ,2.4254792412431836e-05,6905,birank,61,20
7BNS9K9LKnlK3lI9JQsBHQ,2.4235879151448273e-05,6906,birank,26,20
8jkCh4MKxS126H-ld-AFYw,2.4235879151448273e-05,6907,cold_start,9,20
wu9X1NOPhKKl8lgZ3vDpsA,2.423480080658299e-05,6908,birank,36,20
YKabQr2Ik2mDtBVvKC5ohA,2.423480080658299e-05,6909,cold_start,9,20
RelZM_5DBaBdixZDFfyyTQ,2.4234068594065685e-05,6910,birank,177,20
iapJoe3OzxeZqOGUJxnG3w,2.4231072820520483e-05,6911,birank,66,20
EtWAtnK13mftCl3TgsWyJA,2.4227633425387432e-05,6912,birank,37,20
MnCs5pIA0BF3FN7T6wTNyg,2.4227633425387432e-05,6913,cold_start,18,20
1J6QlHsJeXFTrL-mdjwjNQ,2.4216854190407703e-05,6914,birank,96,20
DKsFd47sx8Cz6qsUPLOJ7A,2.4212744477528156e-05,6915,birank,126,20
IH8_zFDyFDA2RXwUX2CC0w,2.420745002685244e-05,6916,birank,21,20
_63cmxCZdWUDMk6HK1uQhg,2.4206839151236083e-05,6917,birank,45,20
4YDg3XicduxyQZ_qQvHYLg,2.4206569159574002e-05,6918,birank,95,20
ynIeFwYcNI82cM9LuuqJWA,2.417680521294889e-05,6919,birank,115,20
KVamI4hQmsT-r91PmCPh6w,2.4165804177991864e-05,6920,birank,42,20
buhO8vRCaEoNvlxU0AJRpQ,2.4121434959609795e-05,6921,birank,487,20
Dokh4OOjKPmtywRcYguH4A,2.4092142603453296e-05,6922,birank,45,20
ZkkGL93vuWtpcUblZO2WCg,2.4071918060164223e-05,6923,birank,20,20
hR_j-38v2pOesza1j6akBA,2.4071918060164223e-05,6924,cold_start,16,20
hoNc_KStFGoPRvDq2oI8LQ,2.407079069767184e-05,6925,cold_start,18,20
7dtnDUJuF6cyqkv5Hvuumg,2.407079069767184e-05,6926,birank,32,20
Qh4SE3580B-nnH3DwuAXOA,2.4064700267688473e-05,6927,birank,144,20
Q9knOlfU9ppR1HhtK8r7qA,2.4051781794126202e-05,6928,birank,53,20
b7ao5G03_c_8YAueJW7pXA,2.4049659460358635e-05,6929,birank,88,20
V9AitNEoxNsQhfx8Xpu55g,2.4038969841960128e-05,6930,birank,23,20
4OmYeez1ArtXkHMYGijaOg,2.4038969841960128e-05,6931,cold_start,18,20
9QT1KgrNutANvTzT_UChcg,2.4036810274401962e-05,6932,birank,128,20
VPIHVHsO_vTk2lnAcYxARQ,2.403509691706135e-05,6933,birank,61,20
45f_mcoZd3tU5VtUbHfr0g,2.4005423332104653e-05,6934,cold_start,18,20
FtY4uxKAXcZDDFUhfOp-lA,2.4005423332104653e-05,6935,birank,31,20
aqcTydf-DwI8GBBB2f2_SQ,2.3984549130160424e-05,6936,birank,58,20
gb7JjRJtzWDsIWpJihZhBQ,2.397766982092812e-05,6937,birank,56,20
y0pfoNQOyrb98aEIdH6cnA,2.397201697955774e-05,6938,birank,57,20
bMiFUN-qiZm6ZRBxTuJ2AQ,2.3945393156604212e-05,6939,cold_start,15,20
yqKGAqAh9WIeIKIN6ZNBfw,2.3945393156604212e-05,6940,birank,22,20
ZVADnWGkKSOqW7z0LB9e8g,2.393684509527312e-05,6941,birank,41,20
_f654bkrYdNs1wB_fQVS5w,2.3922392305829904e-05,6942,birank,66,20
xkv-67koB_8kqLXOe2BBiA,2.3902030954694563e-05,6943,birank,67,20
IIcq73oEcm1u_SbXfkLObA,2.3897497766185602e-05,6944,birank,40,20
kl2aUBT46mTCujJEWYgS8w,2.3887500916567418e-05,6945,birank,24,20
9fLkROUd4EcFlbf8NKzxbw,2.3871308673481017e-05,6946,cold_start,14,20
qtyF_DOueK4JwFn8Trsr2A,2.3871308673481014e-05,6947,birank,37,20
MBtoji84lhvTCRTjfLwTDw,2.3856268955025938e-05,6948,birank,90,20
_l05Dd6BKBAiJKX71bLq6g,2.3840661840617462e-05,6949,birank,45,20
neR6xLcJKsAunowFe5Yf-g,2.381683409242225e-05,6950,birank,63,20
Z4Bg-Z-_ld2onuMdbOvv6A,2.379548965832078e-05,6951,birank,120,20
du5dxXBD52NLvJeqw4sfsw,2.378423687435003e-05,6952,birank,38,20
0FQKOh13Tkcfgbu6qeZtXA,2.378423687435003e-05,6953,cold_start,15,20
bDFk_io_k-6To1ul3h3tuA,2.377752559023373e-05,6954,birank,74,20
4B5ORibJ3vhimhW8LTY6Fg,2.3770703033247413e-05,6955,birank,270,20
UIGf-gCLEm6nTKTNEDFNiw,2.375013182900288e-05,6956,birank,22,20
nEAxkQ4m0rbSAjD8mxaVrQ,2.375013182900288e-05,6957,cold_start,18,20
lkwj0-9Sc_anMVNlnuqYAA,2.3721937533184067e-05,6958,cold_start,16,20
F4BeTasvCR-iDNlJeyxmnQ,2.3721937533184067e-05,6959,birank,26,20
Uif8NGtHlCJmMdrV3pVqCQ,2.3717439158093334e-05,6960,birank,599,20
OS-4bz9u46-7sVBTMfhkhg,2.3701120612206063e-05,6961,birank,55,20
PQEtMZD-dKNuiYIW2Pbpxg,2.3700130086962924e-05,6962,birank,69,20
OevKyf31TBJkGdKCarZiew,2.3670874352571023e-05,6963,birank,20,20
33CbYOIye2dtQrfiVGjaRg,2.3670874352571023e-05,6964,cold_start,15,20
HcZCu26W1B4avM3P0S2CBg,2.3664987103538853e-05,6965,birank,23,20
yV5K0oZL4SSyEVHqBMGCGA,2.3664445752791418e-05,6966,birank,64,20
3UavdxyL0nmWKVIqxDft3w,2.3653413595613648e-05,6967,birank,42,20
xbX3gQtqaki0LCZTPhY-jA,2.3647973416359253e-05,6968,birank,48,20
sSbbUmWhNmMKRZOHG1BnYA,2.3644982707078922e-05,6969,birank,81,20
MX7qpwwwdBry69K-V4432w,2.3637025138264606e-05,6970,birank,125,20
rLIcgitJX35DqjnRIfhKDQ,2.3621638873677603e-05,6971,birank,44,20
ovvpslfuo-XDQ8PSvjszxQ,2.3606761436681398e-05,6972,birank,49,20
40W1u-blvEhffAPrOtUH3w,2.360004837412513e-05,6973,birank,142,20
2XlnquSnBb1ayfsw3Lk71g,2.3577377325092136e-05,6974,cold_start,16,20
7Bq927oiZRlEVMqQSNR0Lg,2.3577377325092136e-05,6975,birank,26,20
2QIxk_gGB9rRX45uzmPHuA,2.3545093219439657e-05,6976,birank,38,20
L0A7KsCubmUscVet0pv8sg,2.3545093219439657e-05,6977,cold_start,19,20
wP9Cx-jxLflhv6c1mGIjYA,2.3520606944801735e-05,6978,cold_start,10,20
CCRmyL5ClU_ZfpjB1rfIQA,2.3520606944801735e-05,6979,birank,27,20
Zh7c_1oN5BpPqwyXF8dy7g,2.348468661834227e-05,6980,birank,83,20
Ahz2VUUpsvbN-cR37dAV3g,2.348421912031756e-05,6981,birank,50,20
cpM1Ia8EozVN0Oovw4ALTQ,2.3457030941389437e-05,6982,birank,129,20
7lHSyLOLuW0glxvjcvtBJA,2.3435439936512985e-05,6983,cold_start,14,20
3B-hQrPI6wi92pLcnaErgA,2.3435439936512985e-05,6984,birank,33,20
xS4DRl1z2mQQgBUdJwzsjA,2.3426086971094127e-05,6985,birank,107,20
C8_zQVh3L7-yFazQs76fzg,2.3418129297260536e-05,6986,birank,74,20
PPjb-hFfmyE9uVj-zm5L8w,2.3412486155097182e-05,6987,cold_start,13,20
3_urfCS-CpLW1NRAVgx3lw,2.3412486155097182e-05,6988,birank,24,20
P-N7lqZPSSCplkomm0P1cA,2.3401461376691692e-05,6989,birank,74,20
CLnCVeYvwVVn8B9FDrC5aA,2.3401288322809704e-05,6990,birank,21,20
7BedZ4I6K8lNZca0WAb5JA,2.338218534766552e-05,6991,birank,50,20
tDbF0IWQq-mHPi7OBla6eg,2.3360276365298813e-05,6992,birank,27,20
ofoNjqi3JY_m7Iuy5oJzdA,2.3360276365298813e-05,6993,cold_start,9,20
j70u7spYb4E1X5DwuCf99Q,2.3342443557575073e-05,6994,birank,27,20
NZAvylBiyMPsZfT0r-fD7w,2.3342443557575073e-05,6995,cold_start,19,20
PZpp1Z3V8HLK9d4-qLMUgg,2.3329746507859617e-05,6996,cold_start,10,20
scvINAyroSODU64b73QEBw,2.3329746507859617e-05,6997,birank,24,20
uttovmgZMrYTv-lW859tjg,2.3300157460672536e-05,6998,birank,47,20
pMK3BNK9Mk0jopvoVACwbA,2.3281340405762246e-05,6999,birank,85,20
IjZjDGRVXFbT22Om7zJlwg,2.327853796605695e-05,7000,cold_start,18,20
7U7IgKCBvUqHDoZvmunuAA,2.327853796605695e-05,7001,birank,30,20
NN67GbhgQioOwA9vN7aHug,2.327579406033239e-05,7002,birank,25,20
FSb8rGb71GbJt48E-t4w5Q,2.3271767758002933e-05,7003,birank,90,20
_4g4EBJowOS_LXbyMB7DnQ,2.3268264888825536e-05,7004,birank,94,20
xW6anc3eKbijsELT7FLr9g,2.324764140211944e-05,7005,cold_start,9,20
wuAMhHbHPs1Rm2SOY4kWCA,2.324764140211944e-05,7006,birank,29,20
cVBxfMC4lp3DnocjYA3FHQ,2.3245928667598728e-05,7007,birank,43,20
wFZCwLkn8pegsmprBOpa4Q,2.3240710897408355e-05,7008,birank,54,20
9wicN8U1jTdXG49anAV9JQ,2.323679609319353e-05,7009,birank,24,20
ht8lG0gs4-ddM7ap3wwIaA,2.323679609319353e-05,7010,cold_start,16,20
lEC_8UDzg206jEawykDguw,2.323596782267368e-05,7011,birank,46,20
Ell4MNXqG3r-hwp2EtNFlw,2.323329068562527e-05,7012,cold_start,14,20
iRLFBbtyP8dpOKSFi6wXfg,2.323329068562527e-05,7013,birank,28,20
UKg1F0v-3q5V5SCyGWYj1g,2.3198066442777143e-05,7014,birank,78,20
cb1nUu3c4qD0DymqTlUJaA,2.3171760235411152e-05,7015,birank,22,20
EaEWx18JJ6l81U3JvcaoKQ,2.3171760235411152e-05,7016,cold_start,12,20
alpF8d_veJy9Isk6f7wgRQ,2.3152926094290343e-05,7017,birank,186,20
WklNC4oBYyPqMb2ILfcV3w,2.3136263977046033e-05,7018,birank,49,20
VKsqpZVSFgvAkTm5NNU47w,2.3094984013936553e-05,7019,birank,42,20
t-ROSN9X4QqbGFd6cchDNQ,2.307295616593969e-05,7020,birank,365,20
9tt8wDtWkXhRd6pYM2iOfA,2.3053692811798857e-05,7021,cold_start,13,20
dTDBXOnGK0w96L79P92AbA,2.3053692811798854e-05,7022,birank,38,20
a2UtxqPxstaoyU4yrisDwg,2.3022769287878328e-05,7023,birank,163,20
E9_ZbWLoGUoWnkYhUHu0qA,2.3017685213364154e-05,7024,birank,43,20
I_51fLQfEbrJoqLEDxssvQ,2.3016185214974672e-05,7025,birank,181,20
P2hXKZohTtKkLir8SVBbYQ,2.299597619579999e-05,7026,birank,35,20
RsJE0PIwTgKSB6CHmutjAw,2.2988804273472336e-05,7027,birank,59,20
yEsntN33ff9rNOuNXdjsNA,2.297460727130584e-05,7028,birank,83,20
l9NdPiAL1zFK9NZRyfSHbw,2.2941162381399172e-05,7029,birank,40,20
iBuu7okC3YxfHO-osHa2eg,2.293003029977081e-05,7030,birank,35,20
MNTak2VqYlxifS1i7FjHcQ,2.293003029977081e-05,7031,cold_start,15,20
6RBrYMiAf8jFJI4fDoQpcw,2.292634586640713e-05,7032,cold_start,14,20
R-PW9OTuSLPLyWA6YsVK9Q,2.2926345866407126e-05,7033,birank,27,20
BypYxOw7LRO8zjFMxRWdDQ,2.2913065178407897e-05,7034,birank,24,20
VpqcLFGASg6mB1PK5KqcpQ,2.2913065178407897e-05,7035,cold_start,15,20
DEs_3Vzcg5R7gGfADBc28w,2.2893642475286635e-05,7036,birank,23,20
VPs2Xxv8ue8NKfV-gDNebg,2.2893642475286635e-05,7037,cold_start,12,20
g2bYK-Z3foqSnCiOPYtdsA,2.2840329775273673e-05,7038,birank,34,20
yXclLfvPrfQVowKQvlgurQ,2.2840329775273673e-05,7039,cold_start,16,20
Em9xPtWJst1AYROBkDZYBg,2.282984299494457e-05,7040,birank,228,20
5bMJAHlV14oMVFIZOibd3w,2.2824069899163606e-05,7041,birank,20,20
xJly7BzeX92hyQ0IMkEQ_A,2.2792414871490624e-05,7042,birank,52,20
6tgrhfz8XsTH2ItEShoohA,2.2773950739801313e-05,7043,cold_start,12,20
_hfy-Rj0XtJAxaKRQmKeYQ,2.2773950739801313e-05,7044,birank,22,20
HkMjKITEqy0-ekVmCEao0Q,2.2767530334265443e-05,7045,birank,80,20
bcG5ySKHYxP0NtqCewbcCQ,2.2765842119177603e-05,7046,birank,33,20
XffCKjkB1qaTU1MNbwJwGg,2.2765842119177603e-05,7047,cold_start,14,20
i32_0bfMEpQxV_q556R6kA,2.2743935236748094e-05,7048,birank,229,20
cgwydv-BvXL5A_h_SaCTNQ,2.2723440884876976e-05,7049,birank,41,20
AI27j5T0Le6Dy_JkaG4HQQ,2.2693120596854488e-05,7050,cold_start,18,20
7PVFGTeOP2LW8_m8Z1VV7A,2.2693120596854488e-05,7051,birank,25,20
bwDeI0YRqn7rToBwH4ptKQ,2.269189547851816e-05,7052,birank,148,20
c3j1irGxpIJ-8RmMBnyXxg,2.2683615306467317e-05,7053,cold_start,14,20
tM_ZLztaq5yfHrSx7t0PUQ,2.2683615306467317e-05,7054,birank,35,20
ezq75k5TyS_c38jjmQADNg,2.267823166954652e-05,7055,cold_start,16,20
i3Z8_NDY9KMDfxBGFW86Qw,2.2678231669546518e-05,7056,birank,51,20
TbFx64U4Gk2k-Yd0-0jpsw,2.2678231669546518e-05,7057,birank,22,20
y2hSDX4fRNRONjTPRh8RFg,2.2652598095488638e-05,7058,birank,92,20
AweeOEOV-BhSWfJSGCxlug,2.264466775319444e-05,7059,birank,43,20
l9eLGG9ZKpLJzboZq-9LRQ,2.261329716172477e-05,7060,birank,117,20
ymLl9bWlfHpL-ooWx8ko5w,2.2587426285513452e-05,7061,birank,51,20
BYOcAamry9OCJ4vjbdmBYg,2.25848754090259e-05,7062,birank,27,20
wMcl1F6EEa3ngDh0HsN_vA,2.255040263543009e-05,7063,cold_start,14,20
mEXgQJ0c4gEdBUNyC6Y6qg,2.255040263543009e-05,7064,birank,35,20
WL0r9Hsb3Mnuvr4b4lKdCA,2.254918092330361e-05,7065,birank,136,20
fb8V9SD4DNyRQ3nt9CWQDg,2.2532252274023452e-05,7066,birank,49,20
GMc8-oh5IAWYi4j-Ac-ppA,2.2528617731701747e-05,7067,birank,42,20
RluKriAcsLRb8WyJs_uubw,2.25235440432168e-05,7068,cold_start,11,20
cF3ncOTRBxk8QLF2vBX-7g,2.25235440432168e-05,7069,birank,26,20
Q_c7V501_9DFuefGNM1ZkA,2.252347493464929e-05,7070,birank,69,20
z5HXbl8oiPAwp4vKhMqArg,2.2517773442997506e-05,7071,birank,28,20
DsDXhnFF5a848sgwC1_07A,2.2517773442997506e-05,7072,cold_start,18,20
ymvSAcuCX9iIF8gKamfc3A,2.2514206464278957e-05,7073,cold_start,9,20
6JjUFam24kazPf29gR-ZfA,2.2514206464278957e-05,7074,birank,28,20
LO1T3M80J3sqOQjkl3GThA,2.2477104507893176e-05,7075,birank,43,20
9D--6413BnOOSqlbCFIGkA,2.2473137701168932e-05,7076,birank,26,20
hgdh0gKSczCIjLikWtZpGg,2.2473029629987062e-05,7077,cold_start,17,20
vgYFLyWDsXsGbHTwfa2ONQ,2.2473029629987062e-05,7078,birank,34,20
iQa7kNO5jMkGeJCJzbCPGg,2.2470989464045647e-05,7079,birank,66,20
jUzhKIPSlBDenYWV1H-ucw,2.2467317951946774e-05,7080,birank,77,20
FZ3759DVo6Q2Eg_wOlJ9TA,2.2463319497399608e-05,7081,cold_start,12,20
6yDedrQLDH-IC8eU1DAd2Q,2.2463319497399608e-05,7082,birank,31,20
8BVWeJiwsP3TxUBovBF9Sg,2.2443161099292697e-05,7083,cold_start,10,20
GJ9hLjmKZ_9fmw2XuRhAzQ,2.2443161099292697e-05,7084,birank,38,20
4VaEkCFqCsk656jQxPpUpw,2.2433290155422065e-05,7085,birank,90,20
LAUvZGqjB6edmeD1RTX6fQ,2.2429437908102756e-05,7086,birank,20,20
upxQiiUF-6NM9jOJCxS_hg,2.2429437908102756e-05,7087,cold_start,16,20
O_V9eD3bne7DrZtNHT4Tfg,2.2404357920048947e-05,7088,birank,26,20
ctObtwPf9BCya-nDE8rvzQ,2.2404357920048947e-05,7089,cold_start,10,20
kApk7Pr8baAV4FzrIwvHFQ,2.240417156798496e-05,7090,birank,24,20
NnA2n0gbI0YBFKZR53Ad7g,2.2396602727294656e-05,7091,cold_start,12,20
qi1fmFf25hJTPtjqG3hhQg,2.2396602727294656e-05,7092,birank,32,20
dS_bp9xxifjXv4Z6Iy_Vaw,2.238508942951476e-05,7093,birank,46,20
cPQraNrJFprte7438BpD0g,2.2365440275292996e-05,7094,birank,23,20
rpdC86_GmmRBKTvF2_DnEA,2.2365440275292996e-05,7095,cold_start,11,20
bbo8Wzh3LFrysrdaLzufsg,2.2339262094253677e-05,7096,birank,42,20
Q3DRmIEABlhYRUK8udvAbQ,2.233325303643499e-05,7097,cold_start,12,20
03u-wHrKSntiQvfxs4z84g,2.233325303643499e-05,7098,birank,34,20
TP3dM7jh5_pTp1DKci_eSQ,2.2315071056673395e-05,7099,birank,233,20
54WR2MLumQhfHCKOB-eQKA,2.227742519592887e-05,7100,birank,73,20
Rmr_kEVZGzIqzLRjWsmP-A,2.2268328661967166e-05,7101,birank,81,20
8ediP1TG3wJybp-Ixo_N7Q,2.224780326986434e-05,7102,birank,81,20
k91vKZa8oDHGFEumLyI-KQ,2.224507681056175e-05,7103,birank,41,20
oIS7C1oeQHS8-CxKB6uqFg,2.2236155955184268e-05,7104,birank,28,20
9ZcxmF09BwB7K2R_I0yU1g,2.2236155955184268e-05,7105,cold_start,18,20
TSQI_PnJDdGgN8-HtbFALA,2.2216843078946643e-05,7106,birank,164,20
zFvHFdx2lDsxnmtbpf79bw,2.2208340011239532e-05,7107,birank,35,20
LVAn0nRWGFaitwtRh1Q3oQ,2.2208340011239532e-05,7108,cold_start,18,20
9eYm5gwEOhBQdkg9ihV7EA,2.2189269816683343e-05,7109,birank,67,20
j6muHG0zR4G6z1KBt92KtQ,2.2174395258422612e-05,7110,birank,21,20
YCPSELmCiZGB0xuKd558uw,2.2159123873158522e-05,7111,birank,41,20
CANk57JhjPTrpOkOCvECKQ,2.215846728697573e-05,7112,birank,65,20
UJQGJ0tlKO93Lia2JGidZA,2.2145552791179655e-05,7113,birank,27,20
qievsN2fQbRZXywsQFf1AQ,2.2145552791179655e-05,7114,cold_start,13,20
7DSRQQunKE4uJu1DIhmWxA,2.2121061873238955e-05,7115,birank,25,20
WKQnbFHNaENHMHDVhFMk-A,2.2121061873238955e-05,7116,cold_start,13,20
HKhf_mFXd6ETeo2iLVMgAg,2.2118798238932196e-05,7117,birank,68,20
pzclcGZd0fZmLb9R8SNdbA,2.211716480670789e-05,7118,birank,163,20
W3oTrqqIEvE5LOgnFPZVrQ,2.211061589123125e-05,7119,cold_start,12,20
Gp29XKuYZEUGol2kwIUvmQ,2.211061589123125e-05,7120,birank,29,20
a8VS5iOxeEIv3JnUiQLF6w,2.2108114328564315e-05,7121,birank,401,20
7d_OgR-rNFMh0tScSqtegw,2.2062131643784035e-05,7122,birank,34,20
XjaYTbAMsIOkofZJ4QSuJA,2.2062131643784035e-05,7123,cold_start,19,20
UM17blpuw4l9_K93KZyR4w,2.203349515310579e-05,7124,cold_start,14,20
uiv7dH5PsqjOvIWr91iDDA,2.203349515310579e-05,7125,birank,31,20
FWA-LNGHisJXq_UP0WfSmA,2.201895617854323e-05,7126,birank,39,20
W5yNQMGeEFiWehSE1EvxQw,2.2010253492033697e-05,7127,cold_start,10,20
rFoap6lcuZ2IU6WzQsH1yQ,2.2010253492033697e-05,7128,birank,27,20
YRwpT08JOsezBbBRcvpAGg,2.2008753709749042e-05,7129,birank,34,20
gTQhys1slmwDScf7xQ0w5w,2.200875370974904e-05,7130,cold_start,19,20
_BDXbsPPdSj-MbdwdICqAg,2.1997951581624177e-05,7131,birank,72,20
2keoSehgkUD3Sv__f0lkTQ,2.1961597754468985e-05,7132,birank,27,20
jGuLNmMIM_7IfulRVBWZJg,2.1961597754468985e-05,7133,cold_start,15,20
XHUdKqKQOzXUkImZvMbiBA,2.1959437398367086e-05,7134,birank,86,20
e75wnGhnZfGajDXXpY-UNg,2.1955114543355194e-05,7135,birank,52,20
Jt8hjWJzGM0m5r5xFd6OlQ,2.190847239969635e-05,7136,birank,70,20
VvoRA1KLjWs7pUq_mXvHpw,2.190079203000699e-05,7137,cold_start,18,20
e_3I3UEy6ibfDiABDPQCTg,2.190079203000699e-05,7138,birank,21,20
sPMAnWj-uipCJwFPc1ROTQ,2.1886492884988866e-05,7139,birank,44,20
uD_M9stPZ7X1O28LWb7cKw,2.1852701818095352e-05,7140,birank,21,20
DKUCYmrxjNHkaQowwKcOQw,2.1850922048527715e-05,7141,birank,39,20
Az4V0S5GdA0n24l53Rw7Ig,2.1850922048527715e-05,7142,cold_start,15,20
ZSO7isM9z-BkHP0kyE7Tzg,2.1846103632842393e-05,7143,cold_start,17,20
cRWfG4bnVec8tiF8VAycyA,2.1846103632842393e-05,7144,birank,36,20
WLkrmAiAtVRMgSQkVIFV6g,2.183929862055251e-05,7145,birank,48,20
3bmrxhqVpB5XCg-4j6y39A,2.183314434041067e-05,7146,birank,53,20
peIWQGr3YPWNJC7SnS74wg,2.1828858480071477e-05,7147,birank,256,20
htc3Ten0e1WO0DO1MJM71g,2.1763732915469663e-05,7148,birank,36,20
qHqh7Zt8Wckr1-ylCOaiDw,2.1763732915469663e-05,7149,birank,40,20
U4A8ZcnjeO2k4J9LsLS2zQ,2.1763732915469663e-05,7150,cold_start,18,20
_9d6vlplnhYFlUJR3I8fQQ,2.1757691085016584e-05,7151,birank,49,20
BIOU7gSGgNJQSd72_qe6Tw,2.170750862992017e-05,7152,birank,95,20
JD4yd4N8HCDziaJKJXk2yA,2.17042949903996e-05,7153,cold_start,9,20
wObna18K6-5V-rutqz-jTw,2.17042949903996e-05,7154,birank,37,20
pp1WQCg_2nr7Ght84qSSyw,2.1667948288694257e-05,7155,cold_start,10,20
E1A3JTR-9oFWe9PE4pA65Q,2.1667948288694254e-05,7156,birank,39,20
dEotxkNxYaoG_7TS3kzUvQ,2.1667172900804e-05,7157,birank,26,20
IZ8MvaGP3O6h7VnpPBhkJQ,2.1652414267679404e-05,7158,birank,40,20
5QW2m0rDWXCat79bvB__SQ,2.1643790047417684e-05,7159,birank,21,20
vMNR7pvwQDPtdf1Wuxqn4Q,2.1643790047417684e-05,7160,cold_start,9,20
rccTGDEgn7kwc9-KLx2Trg,2.1640061478113984e-05,7161,birank,76,20
dn7fj6iePzwnvyhtNmiTrg,2.163409880997007e-05,7162,birank,116,20
IlxIkuFaAE6NMovlPZgr8A,2.1630029532206844e-05,7163,cold_start,8,20
M_jzsQWIZIZF9LmO_cmaTA,2.1630029532206844e-05,7164,birank,33,20
veSSeeVWzRbZvPD3xyc9mA,2.162500595538161e-05,7165,cold_start,15,20
AnxLo-wgSqSWePahtA3zEA,2.162500595538161e-05,7166,birank,23,20
edWlkjQnmXa8l3RxBQavag,2.1603997941329497e-05,7167,birank,49,20
Em5rXI3amBD5Ekvmy0qZUA,2.1589488553328424e-05,7168,birank,43,20
Bc_Bw3dLw5S5hXM8UCFoqw,2.158837754116044e-05,7169,cold_start,10,20
j43CKlz11Id4TQDJ3wA4HQ,2.158837754116044e-05,7170,birank,31,20
gxipZ2126wTI7uDNLttHSA,2.1530837403533223e-05,7171,cold_start,16,20
RDXH141tT8d0FabI0dpr8w,2.1530837403533223e-05,7172,birank,23,20
WLaT4_8EgunV0UXks3Qukw,2.1528374682267554e-05,7173,birank,50,20
pQdlYJiblnNDP2L987daBQ,2.150467679895068e-05,7174,birank,71,20
uQcKo8m34OULhySxwRaOAg,2.1492763537029552e-05,7175,birank,70,20
CDzHnzj4sStb4oFedQ-fSA,2.14910612209861e-05,7176,birank,75,20
IqY4dWzY-VaHGVznt-IDxA,2.1487463698929886e-05,7177,birank,25,20
Sv56wBnEoygNYJqYMfyC-g,2.1467863021508928e-05,7178,birank,110,20
cCLINaXaTfB1grCOBfnY1Q,2.1462298969704322e-05,7179,birank,149,20
1F_lKVOdC8UN-5UOQ-FSGA,2.1453132642417584e-05,7180,birank,62,20
yKLYA_R5mpt4Ho5YJhqY_Q,2.1444919553619217e-05,7181,birank,46,20
cBarFzmjByEo7On2nJtRlA,2.1429174297807698e-05,7182,cold_start,9,20
XaQsV_NIYMOjyKe39gOXDg,2.1429174297807694e-05,7183,birank,34,20
q6qZzQbIDnl54kH-4BIA6Q,2.1421961270810015e-05,7184,birank,24,20
IXyGZtmODsQZ2qfVzsd_eA,2.1421961270810015e-05,7185,cold_start,9,20
0v6_mSaPBuBAKevIpRp-jw,2.139867766675565e-05,7186,cold_start,12,20
gHKQIn_mfTP2JdoH3R05aw,2.139867766675565e-05,7187,birank,22,20
TYSI8iapliyWOAmNi2RJzg,2.1367560456698453e-05,7188,cold_start,11,20
Zm3X8i9GsYaxdWHlI-WQwg,2.1367560456698453e-05,7189,birank,30,20
btHprfNAOx7akqU-VDLDzA,2.1297367210138168e-05,7190,birank,32,20
sC0nPDdjkErUhoT1BAduLQ,2.1297367210138168e-05,7191,cold_start,10,20
SRi09Oz23ob1LGDudhUoQQ,2.1290483705893445e-05,7192,birank,44,20
DusxSc4n6WicPtUusm_N9Q,2.1290475208984238e-05,7193,birank,25,20
SDF1usj2mnUNqbIy4JBQTQ,2.12834562368683e-05,7194,birank,105,20
mJVNXkfExLzzsXvbaY-ymw,2.126046482484541e-05,7195,birank,22,20
ftYHkyI3cCJSpaj9At86sw,2.126046482484541e-05,7196,cold_start,17,20
BYKnHEpYaLaUJRREJitOfQ,2.124805614093645e-05,7197,birank,130,20
22JMnG7XzPRJC0aj-ipHtg,2.124785072364673e-05,7198,cold_start,10,20
fabhgrgPWijO6LuSGfkytQ,2.124785072364673e-05,7199,birank,30,20
sGdpqF3LRPMJfr7ickXlgg,2.1195376767359227e-05,7200,cold_start,16,20
VUKM-r3xgNjlW128pEG79A,2.1195376767359227e-05,7201,birank,23,20
TDWeczZPdLs5xhTmuh3vHg,2.1191736698774068e-05,7202,cold_start,17,20
VxXmaSvT8lv5PdDDduB01Q,2.1191736698774068e-05,7203,birank,33,20
i5CdJTdTSNUCqtKWzYNRaA,2.1178512397909905e-05,7204,birank,50,20
xYca_PTaOxhNm9ky7oExvg,2.1173739908722506e-05,7205,birank,43,20
AHVRAVhlfRp2UnrVNon3ag,2.117254770642409e-05,7206,birank,63,20
6qCs0NoA6mJpHKWX_3vQaQ,2.1171153738399254e-05,7207,birank,57,20
p761BGYIhxRozawwS7XrsQ,2.1167147212620047e-05,7208,birank,30,20
EZQafNN19PO-KICK73BZqA,2.112110075120995e-05,7209,birank,57,20
cSJDhD7a--7nY4TWAVg3sg,2.1069954406992847e-05,7210,birank,59,20
LO23N_AsEoptZ8QG8ZjkRQ,2.106181563741451e-05,7211,birank,58,20
S7sKdwrSSzwnJqGY4hPkcA,2.105601154419369e-05,7212,cold_start,9,20
CXrglIRqzaH037QARARPLA,2.105601154419369e-05,7213,birank,28,20
qbuWNMBSqrvHFJsUU-gQlg,2.1055095042563938e-05,7214,birank,30,20
gnE7VBl6EDTiy02a4WP4ng,2.1055095042563935e-05,7215,cold_start,17,20
_GfI_1ViCDVW7WxjVNvl7A,2.1038275151620673e-05,7216,birank,32,20
QwwljXNHdWjb6UkIFJZTlg,2.1038275151620673e-05,7217,cold_start,16,20
upYJCCzwEw8ylTZ8RLcBJA,2.1037241276163032e-05,7218,birank,51,20
UvMbtn9JNpmd6VADusTV3Q,2.1036042646698242e-05,7219,birank,35,20
vKq53JMpZGATGhq-KqzOEg,2.103604264669824e-05,7220,cold_start,10,20
802zLI8fqGFUVbSojvZZsw,2.1024028249925386e-05,7221,birank,32,20
bDgmtVzsDOE0hhX0q8YAKQ,2.1024028249925383e-05,7222,cold_start,13,20
XkZVpfDiS_D-xDlqNhVTkg,2.1008677008297323e-05,7223,birank,47,20
CLboXaxb9V6tnD69sYbJRw,2.097272597157539e-05,7224,birank,34,20
0pMj5xUAecW9o1P35B0AMw,2.094880232206911e-05,7225,birank,87,20
dGlMJzK84qUU8zwdbjUjmw,2.088333262819205e-05,7226,birank,118,20
sEz9CXEHXANqXOIcJW6oeg,2.0882528671115028e-05,7227,birank,45,20
ZzKuqTj_fjlStijadL5noQ,2.085544050395431e-05,7228,birank,87,20
YJx313YT5ibnMvsqSNhdSw,2.0842919367603522e-05,7229,birank,84,20
Og0H5yYQoER94o8lxdHDLA,2.077447232840286e-05,7230,birank,79,20
oenwq6HeMQGonbzrMNGoQg,2.076699052564353e-05,7231,birank,23,20
s2J1lRgd4CagG4TjTUYQhA,2.076699052564353e-05,7232,cold_start,13,20
DnNpi-NbFPXyJHikqxPjSA,2.0757089424383688e-05,7233,birank,148,20
ZgqZAKHXZi5HoCRYcTh9Gw,2.0748579216364794e-05,7234,birank,28,20
vnHL_GrlfdmptInzFTU_5w,2.074857921636479e-05,7235,cold_start,19,20
XSL9RuLwRTyhNUwUo7WAPw,2.0706174974819665e-05,7236,birank,51,20
DPfp-da67QVFP5wg6Bq3Mw,2.068825966873547e-05,7237,birank,60,20
ggJXlslLYndvE7n3hgJBCQ,2.0675546269696176e-05,7238,birank,34,20
ejLlJAajTJbg4q3Q9xCG9A,2.0675546269696176e-05,7239,cold_start,15,20
eb_LtLr1D1AT_XTKsq1RSA,2.066751338468353e-05,7240,birank,79,20
K2Lr663S6apbfMY7b0WLXg,2.0659500839769993e-05,7241,birank,23,20
66Eb7k-oL3m3GGhyQRuFTQ,2.0659500839769993e-05,7242,cold_start,10,20
vyYMaj0HZPr5xqzhY7WPUg,2.0639933688800985e-05,7243,birank,41,20
S1yt3sGBqgwAjNzZd2r08w,2.062826284609392e-05,7244,birank,53,20
z9xBQXT6Ru19ySOjdGDIqw,2.0616598537133878e-05,7245,birank,84,20
PdhnUOxRZmU2iasubZO5JQ,2.060058197716369e-05,7246,cold_start,19,20
RW3iQlF3KB-BNg4V4f4dkA,2.060058197716369e-05,7247,birank,25,20
JIMo4CQNZiLYa8Tak4EFiA,2.0597079568086016e-05,7248,birank,28,20
w7SV07hCkl0cOTtrEVuf5Q,2.0573019302490193e-05,7249,birank,25,20
VhrLzGdITj0UTAu8YjkAKg,2.0573019302490193e-05,7250,cold_start,18,20
wCWtAobVuZ0N7XJTb1ugGA,2.0538125577111358e-05,7251,birank,65,20
nwfUGLlKaF3D3OPS4idFtw,2.0521380825512505e-05,7252,birank,64,20
47TOmOqMxeyUSpYoLKqTsA,2.050645646103661e-05,7253,birank,83,20
W41lKwSUobJaTDLd4q9x0g,2.0488162842235167e-05,7254,birank,134,20
1FLnFCgwTiDoVjBJAViXnw,2.047729444331609e-05,7255,birank,47,20
FAEUVw8ZrUS4KpsimS38pQ,2.0472955281109966e-05,7256,birank,50,20
OPhWuFj83RDS9O1qU21X8Q,2.0454684252344697e-05,7257,birank,21,20
sdUQjlWN9y6yowVcvqomnw,2.0454684252344697e-05,7258,cold_start,19,20
BifjgBfpv7dA3Q0qHBIlBw,2.045238963820413e-05,7259,cold_start,9,20
e85sw6dE3jNu697Hb3BskQ,2.045238963820413e-05,7260,birank,25,20
OHFLSDbEZAP65Cl0lHfmqg,2.044538351178253e-05,7261,birank,153,20
nROgQ9JIN0sjv-i5R1rHcA,2.0424563667488772e-05,7262,birank,73,20
jsAqWUT1tbAI6WXxUg8ZSA,2.041235859845975e-05,7263,birank,47,20
G05onTfsBbgpFHejwvDCcQ,2.0383288169967744e-05,7264,birank,43,20
dpsjOpUxxuPkG-9Dd7LLBQ,2.0376150231596375e-05,7265,birank,27,20
5wnGMB8tXhNvGcbhPJeeVw,2.0376150231596375e-05,7266,cold_start,9,20
Xt0BfrNdzrYxw-SBdq5aXA,2.0374538369813037e-05,7267,birank,32,20
PYtMqV_xv_EAhDbnfREf7Q,2.0374538369813037e-05,7268,cold_start,12,20
rmzEhkDx9ra4gZ-cVI2TVw,2.0373963004936437e-05,7269,birank,33,20
8xM8akbQhHDQdJO1sPMB1A,2.037070403609219e-05,7270,cold_start,15,20
9XotjNYdPzWCokrVMRo4Mg,2.037070403609219e-05,7271,birank,39,20
G-LyXtmdMt2t1IGHhCUKTA,2.036167684672303e-05,7272,birank,98,20
bBPrDU0lA1vgiQOlDhzuWw,2.0331459630229316e-05,7273,birank,66,20
Od7ky707Ei3nizTxCmscnA,2.0323556041508578e-05,7274,birank,315,20
IRrUGBV4BjumBG3oiRRF9Q,2.032252162997292e-05,7275,birank,44,20
eT_mk6n1sGovcZS_jT5-bw,2.0275166749440595e-05,7276,birank,69,20
sfOA8djNfmZqilSzTwi0SQ,2.026870231252207e-05,7277,birank,78,20
R_3EhO4r3kMSw_W9DpbYaA,2.026129621978223e-05,7278,birank,194,20
CxUcM0VdEcHhlm_4_Mbwyw,2.0231951057992183e-05,7279,birank,68,20
LMXaKchY61sXCr17RBSjdA,2.020775892889171e-05,7280,birank,159,20
ij4m-6fYAq16IlmHEQFAIw,2.0177446786828637e-05,7281,cold_start,13,20
k33P6dhrR_B7ClHa7sBC6A,2.0177446786828637e-05,7282,birank,33,20
RgVcY0hWnkZkP76cqb5ZhQ,2.0152410184074287e-05,7283,cold_start,15,20
y5fT2Nx49cWtmQTJzkphmg,2.0152410184074287e-05,7284,birank,36,20
Wpw-cUHTjQ65LV6e4bME5g,2.0129197549702315e-05,7285,cold_start,14,20
_l2qMhWrwrYp-HoiBkfi-Q,2.0129197549702315e-05,7286,birank,37,20
TUmDqPWKfovIhDSEh-TC2A,2.0125058257174683e-05,7287,birank,23,20
5E0p6pFnspwCi3DUmEZ6gQ,2.010548977964189e-05,7288,birank,177,20
OetKsgbBp_slqg2VIKzxxg,2.010370987778967e-05,7289,birank,126,20
KuCqZJuqs7EEWzxeZ3w94Q,2.0061727963593163e-05,7290,birank,31,20
_birKQtizyWql9P14Vw8aA,2.0061727963593163e-05,7291,cold_start,10,20
mkfZtqEYfekrKiJgI6TS6A,2.0052379414734684e-05,7292,birank,28,20
t-kcwzZPiF2hKTPWJEeF7w,2.0052379414734684e-05,7293,cold_start,16,20
GvRA736fSqNZPe_OJRCt-w,2.003813866082011e-05,7294,cold_start,12,20
41UZPKPojnFz70F8aP5VEg,2.003813866082011e-05,7295,birank,24,20
73SCAor6x6Acyv5cEp2Whg,2.0022809934034736e-05,7296,birank,167,20
hco-7K-Kjtoc2SaHBuy9Xw,2.0021069147523167e-05,7297,birank,154,20
nzqqtNencRTeCaAMS75Z_g,2.001145241444344e-05,7298,birank,134,20
6leRV7IyumdJq8KxScBqaQ,2.001134895221476e-05,7299,cold_start,13,20
AUOZWpLFX3o4uyqkcyt07Q,2.001134895221476e-05,7300,birank,30,20
TfS4WxvQaQ96ts6fprfH0Q,1.9998292360758372e-05,7301,birank,56,20
lqaxv42965K15BcyfT24-g,1.99810067161849e-05,7302,birank,322,20
FeMWRqfmWvVR1BPqBN3E1w,1.9960798885613585e-05,7303,cold_start,17,20
gaBqXU8ipANuXDjogoCAag,1.9960798885613585e-05,7304,birank,28,20
xBFNCseDehGAf5D--HWG5w,1.9959510035247824e-05,7305,birank,29,20
bOwcOSdNbU2f3obnKZ2_SA,1.9958188644132742e-05,7306,birank,24,20
03YfclexPdS_yrIbU6ahaA,1.9958188644132742e-05,7307,cold_start,14,20
oMwgGoawoMEqvgcy2FKVug,1.9930098027838526e-05,7308,birank,51,20
64jKdxGGwfHx4rutBBKWBQ,1.990719287688014e-05,7309,cold_start,19,20
pnpFjGwgCWS7CTbLu6PDpg,1.990719287688014e-05,7310,birank,29,20
z7A9nIWxFPOnbgz7drHZyA,1.9900561609963625e-05,7311,birank,20,20
9mNXWpQJh0ydVgJKRhmwRg,1.9900561609963625e-05,7312,cold_start,10,20
RfiyYH8ZEpHflMI9ZMJNGw,1.988774014951945e-05,7313,cold_start,11,20
M3OQGg24RhArosPRv5GagA,1.988774014951945e-05,7314,birank,26,20
JX4tUpd09YFchLBuI43lGw,1.9876940667465753e-05,7315,birank,27,20
n7i8dOHL-RTBcSv47u73Hg,1.9876940667465753e-05,7316,cold_start,19,20
EfROb-PLUsXRrK0qksx5FQ,1.9848273217635934e-05,7317,birank,276,20
KaKoNWZGzYgI9RfubGJZBg,1.9761155649401682e-05,7318,birank,173,20
0YbIF5pSvcArYqGmpQbP6g,1.971250705091062e-05,7319,birank,35,20
HlwDNFhRZYMwweAPwioGWQ,1.9698968510668695e-05,7320,birank,21,20
1kzNeQbACsnSGR0ubpsNbQ,1.9698968510668695e-05,7321,cold_start,18,20
Igfj3Cxs3LXB9xB0GEe9YQ,1.9681821305882228e-05,7322,birank,30,20
hN4n_a3FTedoJP1h8ZbjTg,1.9681821305882228e-05,7323,cold_start,14,20
i6D8QSgr82Yd5PqiUf3hXg,1.9665869779065946e-05,7324,birank,63,20
Qz-ns3UaKe8irtH1wOAjfQ,1.9664286538792595e-05,7325,birank,65,20
Dl87vbrc0W-NKaOKXm2Bgw,1.963551043751381e-05,7326,cold_start,11,20
ElgpjYk-Wzq1LVZQblI46w,1.963551043751381e-05,7327,birank,28,20
4GVLLLEDXDR-CUE1t9DnKw,1.9625834685967166e-05,7328,birank,49,20
M5HQyQXVOuwT9lSMChKVdg,1.961726059347772e-05,7329,birank,46,20
8Xk9nyQkaLZyWJcZrwX2uA,1.961486935664224e-05,7330,birank,23,20
m5a-tpuxemrMrLk6BYVb5g,1.961486935664224e-05,7331,cold_start,9,20
7Uju6dZG11IV-veCyJ6lgQ,1.9610400281755967e-05,7332,birank,55,20
ygyLBdPZhXpFmfq6EAZ62Q,1.960985443830561e-05,7333,birank,46,20
X0SlpSPlckmY2ymbOzdtsg,1.9608316861187542e-05,7334,cold_start,14,20
_hY_2sTgEqpKnwJxbi5a7g,1.9608316861187542e-05,7335,birank,30,20
S-O5ht3Z52FZiVoOhl9BRA,1.9604225274659245e-05,7336,birank,166,20
UVZOk4q8Sovcst4N9ZQcKQ,1.9591410122476594e-05,7337,birank,45,20
wLGOcxzFFM3uWl9X97Fg9w,1.958421977899264e-05,7338,birank,78,20
LWKQm2P7TlrdEYdsLo0uAA,1.956976589982802e-05,7339,birank,37,20
MUQDp-1rzSN3lCjUycNLug,1.945902204373418e-05,7340,birank,55,20
A8ZtAwFgsW1MNkWvArF7MQ,1.9447909657490147e-05,7341,cold_start,15,20
LDUAhHYmSgH9uwuO5y3yaA,1.9447909657490147e-05,7342,birank,33,20
ldH_8qBe2ps4j7QyeJ5bDg,1.9418316018274716e-05,7343,birank,55,20
ck0PpuchJLrKdxW5xND1lg,1.9406031312324055e-05,7344,birank,29,20
W2gSKulDUBGTfcSDk8kNvg,1.9406031312324055e-05,7345,cold_start,17,20
GSFWtWARVqiXIWQGCezioA,1.9390632478184957e-05,7346,birank,168,20
J5CxTCM9nL_s-qYByTiNgw,1.9382903199135357e-05,7347,cold_start,11,20
MsjeqVij6usbF8lSARj4pw,1.9382903199135357e-05,7348,birank,30,20
-xgWMTF_F8E85I_XImNEgg,1.9373164224782457e-05,7349,birank,190,20
mO_QmDdeC3mXzd1EVvL-JQ,1.932315927601587e-05,7350,birank,24,20
DSrVrCa8nK3HPG0Hwa4ntQ,1.932315927601587e-05,7351,cold_start,10,20
s4eTJGMrxmnet8FYTOXOtw,1.9296796762593565e-05,7352,birank,63,20
sD2yBIzp0SNYRMD4QfH9Jw,1.9287837410612357e-05,7353,birank,92,20
30SDmG0Lzlly8ZISz6cXuw,1.9285019369606704e-05,7354,birank,25,20
esWy3DlzFeajW5awtFHITQ,1.9250923068822364e-05,7355,birank,42,20
k09pb0lnZfJ_TrcCH3VqrQ,1.9245587979263053e-05,7356,birank,21,20
AwgJYeQaefEdGI34fJcQ2A,1.9245587979263053e-05,7357,cold_start,11,20
C73iFAmwEntIONkbd5fOuA,1.924558797926305e-05,7358,birank,67,20
_fwZODmzgXtnW7wAwqV3dg,1.9239507000397028e-05,7359,birank,126,20
WTyW0nI_zv0T3kB9jR750w,1.9233932871036763e-05,7360,birank,65,20
5uPl-QMsKnlBwbP7GPcpFA,1.9208990074189964e-05,7361,birank,46,20
DqMK22MKFgpUfmgzMH3G5A,1.9172370123169298e-05,7362,birank,71,20
lbjJ2ACmmYvhCXcWav-E0Q,1.914118354707527e-05,7363,birank,48,20
C1bqyTxjnyd9WQ3PgLbMDA,1.912413239250154e-05,7364,birank,88,20
LyCOaz2ZyzRBMGfFD70rTQ,1.907767664972435e-05,7365,birank,76,20
_kKI9PJkZSRs51niGByXZg,1.9075751297311025e-05,7366,birank,41,20
zb-HVLBwbnfiUTPt42Os-w,1.9041549138352516e-05,7367,birank,24,20
t4Wdgfto05xRBd_ggd5T7g,1.9041549138352516e-05,7368,cold_start,11,20
tvPEc_fEMhx7kymxFiSQlg,1.9037546723668275e-05,7369,birank,34,20
P5VhiFjSfJLoZoxef9x4IA,1.9037546723668275e-05,7370,cold_start,16,20
oxsTUf9HsYXVdJSXsJdabQ,1.9030421330904277e-05,7371,birank,113,20
OwSQF9WCbQf1Kvk0HzmEcg,1.902326852527728e-05,7372,birank,123,20
WzMfMJKOpN0j21DvXC-g6Q,1.9019369460687252e-05,7373,birank,45,20
5lyF_I3SNJ1fKoBpkuSMjw,1.8975776098226548e-05,7374,birank,51,20
X6nMcdEJxt4RISek-DvdKg,1.89735107468197e-05,7375,cold_start,18,20
JMlxN6__cSV60gu8LZ-fyw,1.89735107468197e-05,7376,birank,20,20
MKnde7vpyigJIn76p-85cw,1.897343899606636e-05,7377,cold_start,13,20
n04MPaNrNSUJI_ogOfb3Ow,1.897343899606636e-05,7378,birank,21,20
SvyQvFlUb3R-8KhEIFPRxQ,1.8969490532558743e-05,7379,birank,60,20
cwA7VnaIGWkiUreR3M2NQg,1.8952344692411655e-05,7380,birank,53,20
0ev1P7-P0nCXHM-0sDmiTg,1.8931543990899922e-05,7381,birank,20,20
M-mSxEpERB0_Lk7J20WjPA,1.8916830677576122e-05,7382,birank,20,20
jl8QAeSW1sbBJOvsCcZEqw,1.891683067757612e-05,7383,cold_start,16,20
ZepTeV70GKRBntGBIwev1g,1.89137202717772e-05,7384,birank,93,20
XeuloGDcqfKza_qlKexzmw,1.8908182588262214e-05,7385,birank,66,20
3L18kz_SjKpnvSwwsuDw4A,1.888374813871582e-05,7386,birank,22,20
R84qWSVghknKWKXPbKwYLA,1.888374813871582e-05,7387,cold_start,16,20
tbAonEfkzYL7RDcjsznTRQ,1.8854725207726407e-05,7388,birank,20,20
laN9GTzSj9Qz4S2wxyVanQ,1.8854725207726407e-05,7389,cold_start,18,20
nGOxr26XkyuUuihyK8RsXg,1.8845335677842107e-05,7390,birank,163,20
XSvfmG8EJIfnXLiJ7qZWXg,1.8834241437455192e-05,7391,birank,57,20
k_W2VhhVe0AjbhqNrbdQHA,1.8824410676013376e-05,7392,cold_start,16,20
_A4JgqZzr3rUsMgHfKer7Q,1.8824410676013376e-05,7393,birank,34,20
594Hh8RZg__h6DV83cYMmQ,1.880014059913331e-05,7394,cold_start,17,20
eEquyJ-Iy8yYjxvAunHW7A,1.880014059913331e-05,7395,birank,33,20
10M-OPRL1iITxEM7FIqeeg,1.8783151933398903e-05,7396,birank,76,20
ZJXc_MYDaoNr2n4uRgfzhg,1.874099223276554e-05,7397,birank,121,20
4lqDUZTUfTDoC1xBjNiLPw,1.8732878104845052e-05,7398,birank,35,20
WTrmBvsI65Zk5SvRweNZkw,1.871502675782678e-05,7399,birank,60,20
uWHPd11jHXyR1Mu0LI725w,1.8711719909853313e-05,7400,birank,51,20
cjNiQ1g1VF3rU3uF7EN3yw,1.8708386297282578e-05,7401,birank,33,20
msIS0f3xGr0SQFqkQ1wM3A,1.8708386297282574e-05,7402,cold_start,18,20
ESixVXjylrV-ljDmgOT__w,1.8707891135895858e-05,7403,birank,23,20
TDJosP6sAx1-ONY28Z7-Fw,1.8707891135895855e-05,7404,cold_start,12,20
SBIvXnAHFPSFk7DNLtNUSg,1.8706959964551308e-05,7405,birank,70,20
YLLWDhNYfP1ocOHC5KWBOQ,1.870580672317323e-05,7406,birank,62,20
vG6_ZC5sHRP8Jso09-WjsA,1.8699973590890137e-05,7407,cold_start,17,20
EbUHcdCkaIDRUh-rgDerbw,1.8699973590890137e-05,7408,birank,33,20
Yz6b3SrI_MXcaVekMISmIg,1.86893045196518e-05,7409,birank,52,20
s9jc9fcMlsRyoXnWKFal_A,1.8660138702395768e-05,7410,cold_start,18,20
QyKBHL5X_02UBrgBxHPoWw,1.8660138702395768e-05,7411,birank,20,20
wxO1S4NuUTX7M2BfSvkRhQ,1.863787489218264e-05,7412,birank,44,20
vnQgWhtfE2dkqooJEo39rw,1.8622326311281295e-05,7413,birank,48,20
FAdOnoeDHbcolTN3e7oB5w,1.8618731074810597e-05,7414,birank,40,20
jvYHP3wLOSYk1S71XLT6WA,1.8616123038686965e-05,7415,birank,29,20
oSHQxAD_q9MwRHQo9UGBPg,1.8616123038686965e-05,7416,cold_start,13,20
CsS21RMbu-fHJxbUhKCf9g,1.859106364770057e-05,7417,birank,20,20
TejtemosB9xICAU-s-auQQ,1.8589650594606533e-05,7418,cold_start,12,20
kcmkZ39ttPUqaLx8vhEScA,1.8589650594606533e-05,7419,birank,25,20
zLa1ItT12xW4gDmlHE0sIA,1.8582037453392275e-05,7420,birank,30,20
5wE4m3XzAAd1gDI6g7AuQA,1.8582037453392275e-05,7421,cold_start,11,20
MjJ0ZTZxw9Rn5TDWEbLaQg,1.8579755140917085e-05,7422,birank,24,20
R6UjOdQ7sFqmlPiXcL1Hzw,1.8579755140917085e-05,7423,cold_start,9,20
DiBddJx63O8y9mICMJx0xg,1.8569633632310345e-05,7424,cold_start,13,20
PdcU-86mAF2H1p1dN7m1kQ,1.8569633632310342e-05,7425,birank,34,20
uDQxX5LiFAnv4JeNJe9ORA,1.8564220775258664e-05,7426,birank,24,20
FJY0EP3DNkrAV2lVpllN4Q,1.8556006463669335e-05,7427,birank,220,20
My63Hd5kYboH73VNS09YFg,1.8549448671470275e-05,7428,birank,41,20
R-EoysIkhjXJrIUvEgYYLg,1.8511886377188504e-05,7429,birank,114,20
xNXQkCkiUzswX5rd7DM-Dg,1.8494535642589307e-05,7430,birank,39,20
pKJu-pK6GWgPSaYhaEzZGg,1.8494535642589307e-05,7431,cold_start,19,20
lfsVFWNsb_fbeYQenBf-4Q,1.849025326991652e-05,7432,birank,21,20
0NsAFbMqOcyaeAvGiwo1NQ,1.849025326991652e-05,7433,cold_start,9,20
CD1gNgrodLjVVLpB-Kcn3Q,1.8473810938212683e-05,7434,birank,56,20
TPNv3aGh3UKoZ8iAcpbWKA,1.845409115006308e-05,7435,birank,151,20
zClx6vjZMfECZZML9RZUIA,1.8426466872529426e-05,7436,birank,25,20
Z6QKpencBJcmjJ19ZIYMcg,1.8426466872529422e-05,7437,cold_start,14,20
vJLbVnnZFb_kiUMjGIWsSg,1.8396105320386315e-05,7438,cold_start,11,20
tSfeCQ9uasc5hlPu5gjGhA,1.8396105320386315e-05,7439,birank,37,20
HurIULSux5zziHRXwgS-Uw,1.8387076129032764e-05,7440,cold_start,11,20
4yjgHXfwO94puF7Ac-lCTg,1.8387076129032764e-05,7441,birank,28,20
7SfQg9aLs0Go_BT5C9NoKA,1.838411829304267e-05,7442,birank,29,20
tTbYIQk08cO-uyXmYIdVOg,1.835692364649764e-05,7443,cold_start,12,20
-eCe9GfRqhbMaB9CylkBSg,1.835692364649764e-05,7444,birank,37,20
Px-U9DtzGY3sU6YvAt428Q,1.8353015360936033e-05,7445,cold_start,17,20
H6C8W2KWgT0E0AZOeO4WAQ,1.8353015360936033e-05,7446,birank,38,20
wFysdfCAQl6alhpJRh9Hbw,1.8343717743038713e-05,7447,birank,69,20
Dgbhms2bctcCSEnlK3T79g,1.8331666408569835e-05,7448,birank,41,20
RjKTDimEapGJGtxIMnIwbQ,1.8290770230702633e-05,7449,birank,45,20
SyELo2Uet1VWOpXuE6tPpg,1.8271325215042777e-05,7450,cold_start,15,20
epGYbd0_OeSxsSkw-Kx5Rg,1.8271325215042777e-05,7451,birank,21,20
5eJcO6AGTntwC-KM3O4usA,1.8254713683174737e-05,7452,cold_start,11,20
thc-xdYdWzvWKeolRzK_kw,1.8254713683174734e-05,7453,birank,24,20
1TDkOZykS66a7pV6yeAAHQ,1.8244068414209543e-05,7454,birank,23,20
ITmpZnJ6ltL-5iaRRSYaqw,1.8244068414209543e-05,7455,cold_start,10,20
RmEuAg_sbAI7DD3BurvO8Q,1.8241716692658596e-05,7456,birank,109,20
9r8jxa_KCn9UYEr9eqSDuw,1.821785614714365e-05,7457,birank,39,20
WUQYNCFuNMkybusRz2RYfw,1.819758971338947e-05,7458,cold_start,13,20
LpoGxHNR-cEbaWhAaU1Nlg,1.819758971338947e-05,7459,birank,22,20
uq98rLs4rkWRtuDAggiR8w,1.8189982226868445e-05,7460,birank,60,20
bJodYUhoZb-ewnzZS-d3Bw,1.815740133348957e-05,7461,birank,610,20
pSjT5Att7iCjpTi5hDhsAQ,1.8154396804580218e-05,7462,cold_start,18,20
fQ6ymHh00-JTr2mjUUjdXQ,1.8154396804580218e-05,7463,birank,27,20
9Udgv_7h8oj6NXq5hQeJow,1.8136444096224717e-05,7464,cold_start,17,20
w_Ruik_McXjaJ1YqOLoaog,1.8136444096224717e-05,7465,birank,31,20
OAT5j2W8F5ypj0eDGH22Xg,1.813089588080156e-05,7466,cold_start,11,20
Pw6fbFqzYt3DfQardKyCBw,1.8130895880801558e-05,7467,birank,39,20
ANo9sn6kZM9OUYvDLuugbQ,1.8120245900224613e-05,7468,cold_start,10,20
LoT5NnLsC0xdoAKroALciw,1.8120245900224613e-05,7469,birank,24,20
13N2olEEZ3E6rshOriEGSQ,1.8103547158283138e-05,7470,birank,94,20
57WmsMG9ApjYT7zNNX0YYw,1.808767635027329e-05,7471,birank,23,20
CakEW4c5vgDbxqqR8XULWw,1.8085544348579772e-05,7472,birank,79,20
fexmqGkuur7akWvQopTZ8A,1.8079673715934316e-05,7473,birank,32,20
kBbtYlzHXqMLj_8ZkupvwA,1.8079673715934316e-05,7474,cold_start,9,20
QfzhKUUUEOvHK7OuHJ5Cqg,1.8076735779962373e-05,7475,cold_start,14,20
KsJP_BEXKQV9nvOmTbgbVQ,1.8076735779962373e-05,7476,birank,24,20
-qZ3GVQpEa02BXg1ehzaMQ,1.80457980051072e-05,7477,birank,41,20
vbKckewFfz7vVRhFmOh4UQ,1.8045761875743592e-05,7478,cold_start,12,20
0uAdNV5KUFOgbg42MhDwWQ,1.8045761875743592e-05,7479,birank,29,20
IEyDu4UsvIs7ZknW8i4e4Q,1.8031518565843495e-05,7480,cold_start,16,20
nEvSHcdH7IE0zVdqcxlc-A,1.8031518565843495e-05,7481,birank,24,20
zfivKUpA9MPwVVrqRrrDIQ,1.8026327334276106e-05,7482,birank,36,20
VPZY6vzompsA69myzmQDgg,1.8010482241673974e-05,7483,birank,39,20
MrTwkXSBjYSsX8U8OgnWhw,1.8010482241673974e-05,7484,cold_start,13,20
0VlGRVZ2z62KXgZCc7b5Kw,1.799512457397703e-05,7485,birank,147,20
ns0RYfhXBADuEeuEQmTl7A,1.7974453997770707e-05,7486,birank,68,20
2Kqq7D6oj4FNF_9JmVjQJw,1.7949360077894788e-05,7487,birank,77,20
si6ydGbemo4qmljtLy3EEg,1.792491164098105e-05,7488,birank,118,20
dR6RHU-iEOL8e1p9hBzzDg,1.7915551669007216e-05,7489,birank,57,20
SZnKIC9zVn_DJH6eC4ROIw,1.790980271909088e-05,7490,cold_start,13,20
KO8GkU3J9W18hMR5Jn7t7g,1.790980271909088e-05,7491,birank,30,20
r-EldXbu3BcEPGudSu0EZA,1.788449408194531e-05,7492,birank,41,20
YN3Od6UktX_WJ-TCXoYfvw,1.7876084502484006e-05,7493,birank,88,20
Bt_JEHYUBUKkSJVRTHszbQ,1.784686616889481e-05,7494,cold_start,12,20
gB4nDVQY9b5w9F838p_2Yg,1.784686616889481e-05,7495,birank,25,20
EDDzBfCuhp9kwbcTRMpJAA,1.7799101506843685e-05,7496,birank,29,20
S2qHo7frBbF7dWwmvxGZTg,1.7799101506843685e-05,7497,cold_start,13,20
-3dkEoYgH8AlUtBMZvzUfg,1.7797426903235716e-05,7498,birank,170,20
GH1csLX8t8VXHhjQE5KpIw,1.7787666325143473e-05,7499,birank,48,20
av9TaTSDj96rDEeL5G8N8g,1.7782859639894957e-05,7500,birank,51,20
4t3yeXmkrMaJruCWA0H8DA,1.7773715214300223e-05,7501,cold_start,11,20
_Ri9vkf4KMprP_hIw3vW_g,1.7773715214300223e-05,7502,birank,26,20
mfTE6x39X0vjNhy8mBwp0A,1.7746683848607504e-05,7503,birank,51,20
rEmjV0nYnFs6OpYSR1QBWA,1.7724246224663835e-05,7504,birank,62,20
CP0ozlSic2l34x8Ovz4cYg,1.771328078131279e-05,7505,birank,119,20
GF-GWt4zA4UbXCQIBdFSbw,1.771230486694916e-05,7506,birank,67,20
IOvJW63nFMReO7mMDqPRNA,1.770399023108395e-05,7507,birank,50,20
ZznSNkRERGH8l-wSFJKsEA,1.7703600434758726e-05,7508,birank,30,20
nC2hMQoR57q_a5lHdAZOxw,1.7696558010984653e-05,7509,birank,20,20
HSb0mHv23zY42j2vcPtSyA,1.7696558010984653e-05,7510,cold_start,11,20
aWxc9q4vhd-ajKeKTjHe6w,1.763411142543363e-05,7511,birank,43,20
wUCMIE7mRpS6oijQzJBgDg,1.7611533344011338e-05,7512,birank,91,20
CZgqojhoil3y1qc3UEy_AA,1.7606879016658023e-05,7513,birank,62,20
lrDuV3HZUo1O52U2MYUPAA,1.7603019269865167e-05,7514,birank,22,20
vr7LLo3Y-A1FbN3azFGZkQ,1.7603019269865167e-05,7515,cold_start,19,20
hsFeBJI3k6sxinXWHrHWpA,1.757321605737064e-05,7516,birank,29,20
3wILhQIc2A7pip-M9MC5uQ,1.757321605737064e-05,7517,cold_start,15,20
SX_gjDkV6y3iWyTcK9OLcg,1.7539536550206777e-05,7518,birank,277,20
PjimxYZDCn6xYbcgCK9PqQ,1.7517854077514158e-05,7519,cold_start,15,20
bHj1XBczyH84HpDOnj3gWA,1.7517854077514158e-05,7520,birank,22,20
N6tFfU1jGAy4AqO3FD174w,1.7514381951896145e-05,7521,cold_start,12,20
rXAEZx0zt-iCaWlx3woxeQ,1.7514381951896145e-05,7522,birank,33,20
jbwJ6wuKBuSZ9-GGPNPVRA,1.7495695274466212e-05,7523,birank,26,20
tyFuhfn1BDGHWpmwpkwBAQ,1.7474103479501683e-05,7524,birank,310,20
KEA0YPercPSPYh1JcpkV2A,1.7460580060318828e-05,7525,birank,68,20
3I3m2eT-UURdmr2PgYXtJA,1.7437221201909965e-05,7526,birank,29,20
rS2z1SZHNFHIU0_KWcUgsw,1.7437221201909965e-05,7527,cold_start,13,20
mioOXRIczhdsavNtFjnnoA,1.7394693823896018e-05,7528,birank,39,20
BZkgqFORyik4XgPpqRtjLw,1.7394693823896018e-05,7529,cold_start,11,20
HgfwFlwjBpP3uGAFMKFXeg,1.738165702459825e-05,7530,birank,65,20
k6ti2dkJD_6xGzxjQQ_FnA,1.738050575502233e-05,7531,birank,240,20
eoI-rJfnSV_rLjqRXXSWSw,1.7370822044191247e-05,7532,cold_start,18,20
vuzilOmzlFbrSTiwZfOSOA,1.7370822044191247e-05,7533,birank,23,20
zWDESCEtvhzpi8YRXaukNA,1.736831234626696e-05,7534,birank,49,20
CgweZJAp5Fz-2XzjPE4Htw,1.7361771875978585e-05,7535,birank,31,20
DiUth6heibbImpMaOQbc1Q,1.7361771875978585e-05,7536,cold_start,10,20
5tZ42WGLm9fr_F4eg7ME7w,1.7341261349159452e-05,7537,birank,76,20
VZxyWuhu_wF1wqeZHo2uDg,1.7312060273669048e-05,7538,birank,22,20
GUa00RPM2d-H45KBhj_t_Q,1.7312060273669048e-05,7539,cold_start,11,20
OTidyJ0pcVB6d73FlkBnag,1.7300628170793425e-05,7540,birank,200,20
cOaJqBOKe5xDx9rX3rG2hA,1.725304916253803e-05,7541,birank,55,20
W5Xn1-IYuMf_0ZimpRs_LA,1.723470455859014e-05,7542,birank,444,20
hbef-jw35EGvzEC09MyJqQ,1.72197626362953e-05,7543,birank,45,20
k5bldcjsOytNhNGpR_NxDw,1.721124231569559e-05,7544,birank,20,20
CA2HX-HS8KSdvB7wW0hdvw,1.720928543322538e-05,7545,birank,31,20
P45CIS48xeQjXwWkjoVoGg,1.720928543322538e-05,7546,cold_start,15,20
1JGfNy-SMPQK86PNWPjJvA,1.7201961468794968e-05,7547,birank,22,20
dBLJTwDHD_SHGnE4gwPWMQ,1.7201961468794968e-05,7548,cold_start,15,20
ulwns2OavT81v6zG-Sk6ng,1.718991667129592e-05,7549,birank,127,20
X4WPH7J7ezt5rJJJtwRs1Q,1.714737406777051e-05,7550,birank,67,20
z-KhjAolUgorZVWSFbVqnQ,1.7128863868656675e-05,7551,cold_start,16,20
AQfAhiVYzRDH9h0t1TiIIA,1.7128863868656675e-05,7552,birank,36,20
7EAP8bzgJM2SEDU8U5XFfw,1.710684448637158e-05,7553,birank,44,20
oftZCuhr2tw4kv2Bsixeww,1.71006872775024e-05,7554,birank,53,20
-FSNRWP_3twzsH-qliHcZQ,1.7093516434275353e-05,7555,birank,72,20
FR8YnUEtePT6D901MXQc_w,1.7020123560839084e-05,7556,cold_start,13,20
ZdJgP7puNRex0Hy4PWIcAQ,1.7020123560839084e-05,7557,birank,23,20
JuWE5ywjzZetPaanM8QQfg,1.700196568879326e-05,7558,birank,106,20
GsTHcKsO4c9ZnK0AdwfCpw,1.6998747084675945e-05,7559,birank,46,20
VBf70Zn9CWXBAwqz8u0TjA,1.6931542336889262e-05,7560,birank,33,20
C7vmoLAEnOZQaMqj6ZHn7w,1.6928994629912243e-05,7561,birank,28,20
OLrLFtCoacBjTjFGG65ckw,1.6928994629912243e-05,7562,cold_start,15,20
htQEdoqk04sv8tofoHHWfw,1.6893411288689767e-05,7563,birank,57,20
k6oWYhbUeQUITmKqWgbdiQ,1.6882288334705245e-05,7564,birank,22,20
7dfl5-n6r_8EJVh811q9hQ,1.6882288334705245e-05,7565,cold_start,15,20
OYurSs6SJYqU1cvEivz6xw,1.6878926831020867e-05,7566,birank,42,20
FGYU6bw-oVJ_rDJyyjfWeQ,1.6876149315078855e-05,7567,birank,54,20
vQMAQ5msSBgsCrECS6QhqA,1.6866893009488985e-05,7568,birank,214,20
qCjN6OhBOSsxd0Tfnvf8pw,1.684602597216494e-05,7569,cold_start,14,20
o7maiIUu3OmqMvmUB8YW-Q,1.684602597216494e-05,7570,birank,37,20
03Lu3GNBhAp8pBtnXQ3dXQ,1.679763626991696e-05,7571,birank,31,20
rtvDfe1YXglHBBFG6aQx8Q,1.679763626991696e-05,7572,cold_start,15,20
5K6AddwkS4Fi76iPVPMIuQ,1.678154587856718e-05,7573,birank,58,20
l46sjKxPfJCzCJCTQEEKUg,1.6766686397299664e-05,7574,birank,20,20
jgi-7LWLzcGkPvqFryqI6A,1.6766686397299664e-05,7575,cold_start,12,20
fGoVUonpgaeoAenfc3mVzg,1.6757639878883504e-05,7576,birank,22,20
DZz6zpI_eKcNyTPhfkF8dw,1.6755704035479663e-05,7577,birank,195,20
v_iJS6_qhIPiiziqybmjKw,1.672744304305644e-05,7578,birank,42,20
yUcIuR557TA3GY_pGDj1-g,1.672744304305644e-05,7579,cold_start,11,20
bQR4hdYPHPld-6bBW87nZw,1.672744304305644e-05,7580,birank,221,20
uswNPK8UQ44QmopDal6Fxg,1.672744304305644e-05,7581,cold_start,13,20
Nn3M9Jc-7SJEWsFV17ha3w,1.672744304305644e-05,7582,birank,30,20
mtXTk0-IRTS8d0w16ihRPw,1.672744304305644e-05,7583,birank,24,20
pbrxNztUAp8M5zoQplPVTA,1.6716671957378842e-05,7584,cold_start,18,20
HD89IKBPqc29dK8qpu6dVg,1.6716671957378842e-05,7585,birank,24,20
35nhYScG8Q8x1ctzPCEUmQ,1.6691228627473995e-05,7586,birank,55,20
K2kdQAsB70WxDQW-6z1Clg,1.6682991575664463e-05,7587,birank,102,20
VsFoF_AzglUtSQy5ZvDbKQ,1.6667645133653108e-05,7588,birank,55,20
iY-LCg0gysYOPvFRrF9Ybw,1.666363030054342e-05,7589,birank,105,20
Ij5cfoShFFmDWVPaSGitLQ,1.663194362006062e-05,7590,birank,73,20
Eggbe8TRDB0wPjqymWMk9Q,1.6626861398174998e-05,7591,cold_start,15,20
v7j08QnDuWfQlY6s-NKHPg,1.6626861398174998e-05,7592,birank,24,20
QFr8Txh9fKQsEgapY63hBw,1.6596051810521685e-05,7593,birank,43,20
YZtphZ-zlhiPjzcJjuQc3g,1.6577945959284368e-05,7594,birank,71,20
CCciHhF3WcrkG-P_NpLi_w,1.6576939776532844e-05,7595,cold_start,17,20
Fu3QcNVVIQOHWTvxkOHy3g,1.6576939776532844e-05,7596,birank,20,20
eSI0OtM5lcv5W_gqoJPCiQ,1.652512136482934e-05,7597,birank,21,20
ayw971qfS9gR4jaO7c69sQ,1.652512136482934e-05,7598,birank,222,20
L7mbUPFMAfetY0fzuYtZ_g,1.6514832624091684e-05,7599,birank,33,20
VzKca5jeWbfDeqzZZRElzQ,1.6514832624091684e-05,7600,cold_start,12,20
vgJDi6bYu02k6h9_ZodulA,1.6512364536317365e-05,7601,cold_start,19,20
Bl5E6RZKCpB5Tl5jouy4FA,1.6512364536317365e-05,7602,birank,35,20
ds7_Qebtt-tSDXHYcefr8A,1.650383682888373e-05,7603,cold_start,16,20
xQ850u4BgjrN0tpun1zGXA,1.650383682888373e-05,7604,birank,28,20
lAeoNBksQeNB5cY8mvYg9Q,1.6503560377238713e-05,7605,cold_start,17,20
WUUWAzgfbF7r2awdKeNKBQ,1.6503560377238713e-05,7606,birank,36,20
1c669rzhfL88tNGuOhMFlw,1.6501849164021597e-05,7607,birank,111,20
awmy82IdpCC8xK56tO4IEw,1.6490801925048257e-05,7608,birank,138,20
jvHMq4TtoB0hUGFk8YmZkg,1.6479396443209115e-05,7609,birank,61,20
Q5whIn3ifZy4jpwDkiRn2Q,1.6465092421202336e-05,7610,birank,33,20
Rk0SeN8Ur_Z7cVHZttGLKw,1.6459236008319766e-05,7611,birank,28,20
VF_OIm5uG54cCQ3uzzSc5A,1.6459236008319766e-05,7612,cold_start,16,20
PhS0clf_37zSPrzi8XRG0Q,1.6454152670539766e-05,7613,birank,46,20
z5QMBDD468EImgmr0pbilQ,1.6438213421760043e-05,7614,cold_start,13,20
w_SsLvj6Xir_B4OQv6v8OA,1.6438213421760043e-05,7615,birank,25,20
A1lAqN3SOaBLoo6NqVcy4Q,1.6399463724090865e-05,7616,cold_start,19,20
L6912HNcx8iFWEyyN4cijg,1.6399463724090865e-05,7617,birank,20,20
l54taYsUYwDxB93lA-w9Vg,1.6394514175054648e-05,7618,cold_start,11,20
UdDZEoDyqsxqeqvghYxDTw,1.6394514175054648e-05,7619,birank,26,20
9t2qXG35tHfXVSXSQ37EXg,1.6388573660277917e-05,7620,birank,67,20
dRMkNHJbUwHWY56vem8V_w,1.6377936259868932e-05,7621,birank,69,20
42VQjORKlHh6D41p7lTDhg,1.6355419054011284e-05,7622,birank,104,20
0FzbiQyBnFnH1OkMol_mgQ,1.634051856004462e-05,7623,birank,49,20
E4hgF2y1DiDdijo7rcOrLA,1.6333707523825203e-05,7624,birank,91,20
waMeR43MNRlowsLDY02HXA,1.6320484691795027e-05,7625,cold_start,19,20
Civ-IjTIL9GmMSPYjSqE1g,1.6320484691795027e-05,7626,birank,33,20
pyOOxah5FFNAkENc5ajbyw,1.6310671269613518e-05,7627,birank,22,20
-7Rx5jVeQmlVoAU_oXrzew,1.6278427556327476e-05,7628,birank,27,20
CLIsXugvRCV-h_Suc-xN2g,1.6278427556327476e-05,7629,cold_start,18,20
RXulUc5AcuclmU0FdQ2quw,1.6246902653646676e-05,7630,birank,239,20
n0Mf1XEY90VplwcqR_2tGA,1.6243321154195685e-05,7631,birank,49,20
ftCK0qmDE3yj8TT0RQh5rA,1.6227963199588596e-05,7632,birank,89,20
t9pr2WIsBEuglq-5MS4aVQ,1.620351405878346e-05,7633,cold_start,17,20
vN8fxTmzCU7omio4yf0hjg,1.620351405878346e-05,7634,birank,21,20
vIqc98__17LMLk0ZCOuiLA,1.6194289470832268e-05,7635,cold_start,12,20
YzpmO3Of7eXcL-Gtr7C0mg,1.6194289470832268e-05,7636,birank,33,20
RvidXO1i2keYPsmZE41NBw,1.6186811835152018e-05,7637,birank,142,20
NxCSxeL-OG2WHYtaB8lKUQ,1.6179308043401624e-05,7638,birank,196,20
qNWKQTIiE3hxHrqE6itK-g,1.6144390131148968e-05,7639,cold_start,12,20
eYF-P4Dp7zHH1o2cEV39Ug,1.6144390131148968e-05,7640,birank,29,20
Y6L5BGGSfj2gVcx3i168bA,1.6111243504979596e-05,7641,birank,20,20
cU0_JyREJ-3vwaNxRdmmig,1.6111243504979596e-05,7642,cold_start,9,20
gUqEACZc9faE9beaANW9fg,1.6101678015970933e-05,7643,birank,74,20
yFrX5aM1_mKdRb9s4fQSMw,1.608034734246122e-05,7644,birank,32,20
OQIVpOcueFErJiauCi-KQQ,1.607601899516958e-05,7645,cold_start,16,20
TNz-ZAiCS6GzN1PtDBn-RA,1.607601899516958e-05,7646,birank,25,20
M8AE0_L8zO0HsI8DGRqPJA,1.606166791566713e-05,7647,birank,22,20
QQpwk-wegXd3v_fYopmlXg,1.606166791566713e-05,7648,cold_start,13,20
q6HaBDtVLApz8f2L9UluNA,1.6041105424477424e-05,7649,birank,98,20
bAyG_TXi3CNYDt_FoaetoA,1.6018231004191268e-05,7650,cold_start,16,20
gxAfvEbMFgwOPWpeYD8WMg,1.6018231004191268e-05,7651,birank,20,20
Gbe0IX0FBQ-f3hpFxH-6bQ,1.6005604855812954e-05,7652,birank,104,20
bnY1-1e0XdPz6zTrG5dacA,1.598667515887017e-05,7653,birank,88,20
XS1wPZeULZtbiP1OsuHFwQ,1.59810280419426e-05,7654,birank,32,20
M1t2pqGZmSIygY4880a_lQ,1.59810280419426e-05,7655,cold_start,14,20
LxhDTlTsNX3PhOiDuiic3g,1.595954049929482e-05,7656,birank,35,20
Bs4VAkR4X1kDaB4Hb7oIKA,1.595954049929482e-05,7657,cold_start,14,20
hSgY_2L02kB-1xRDoJKsng,1.5951689676492826e-05,7658,birank,20,20
cCWoPtjDvx2SvwjYw5YAkg,1.594238741969447e-05,7659,birank,95,20
3Gsjcg0yHhrjaia4SouMSw,1.5931146785868325e-05,7660,birank,30,20
4g5Jkyj-bJdFuo7PkMhO_Q,1.5931146785868325e-05,7661,cold_start,13,20
wAIZDurYmEeSR9vQxge89w,1.5924066101165993e-05,7662,birank,36,20
NK9Lcz3LWLBGf42LH38qwQ,1.5924066101165993e-05,7663,cold_start,10,20
91gDFsfejFglVwdQWnkOpg,1.5911456769403043e-05,7664,birank,66,20
zjsZ6DROAotlcuWR7MQYzg,1.5911241916726378e-05,7665,birank,101,20
516L9-ZWyqVgzqjP5uW7Jg,1.5851131956585014e-05,7666,cold_start,19,20
Cc16fTxApkStrec2GSnFoQ,1.5851131956585014e-05,7667,birank,23,20
qi9hrMHDUnpUsHZPAnhIrQ,1.5841003394051427e-05,7668,cold_start,16,20
f-idTk9lhN_c9IqvvZ4fBA,1.5841003394051427e-05,7669,birank,26,20
lSe_4H6iy6jmnDh_I_AGCg,1.5825035970287043e-05,7670,birank,29,20
fh6pTnv_yMWTF6wnaWfmcA,1.581383628262425e-05,7671,birank,41,20
GuoxUKwFBAZNiQ5vN5CNJQ,1.5810172005653003e-05,7672,birank,21,20
5r0Ikncb46GC3iK1lru1Hw,1.5810172005653003e-05,7673,cold_start,15,20
EVqeyOX5XpUsrf8PZwsPdw,1.580691233372018e-05,7674,birank,41,20
0M--IAwPfqJC9yfmI-EiAA,1.577959242264388e-05,7675,birank,42,20
K_kRU8j8th6yBeLbI94pJQ,1.5778706363715505e-05,7676,birank,20,20
cEnlLDbwRJjeIGXGQZN9NQ,1.5778706363715505e-05,7677,cold_start,19,20
RrrgvkKwwq9FHayFKwOI3Q,1.5772878937702948e-05,7678,birank,100,20
EWPbRyoG7-JiDyeV52nZBw,1.572968698115395e-05,7679,birank,96,20
_BCDwsB-WFrFTzbOjbtavg,1.5695492090803413e-05,7680,cold_start,15,20
nhxrObNImLPh94m40Q8HAQ,1.5695492090803413e-05,7681,birank,35,20
Fr7An-N0iyNXOPDaoPEzHw,1.567403997018534e-05,7682,cold_start,16,20
whUR7TFShhEhPT0X2REk-A,1.567403997018534e-05,7683,birank,33,20
xY1W8nRMHLREeV8W3ald5w,1.5671026013557505e-05,7684,birank,25,20
ruPaJWpkFnyBxsN_LnnmQw,1.5671026013557505e-05,7685,cold_start,10,20
XgPaGKEO34UhLtJcaByMxA,1.5649160334456753e-05,7686,birank,32,20
rNlG6yEM3tI8TBoPyzyPhg,1.5641288252035164e-05,7687,birank,30,20
_OmjicQbWgNNKJUTYMixjg,1.5641288252035164e-05,7688,cold_start,13,20
h_hwuftiOMvdRe5HjmFwBw,1.5618299160018107e-05,7689,birank,31,20
ai3DEXs_ziB1AOHVUKGtiA,1.5618299160018107e-05,7690,cold_start,13,20
1NJTnfFfLYnt8-p3iUoGOg,1.5604001450088552e-05,7691,birank,108,20
XTsiutArkvTDr-BU5B_Itw,1.559814881233125e-05,7692,birank,33,20
ov8_PI6uHVEMODtdwX96gg,1.559814881233125e-05,7693,cold_start,16,20
JQUQ_wa8JIiSe3YIms6b6A,1.5597341922753254e-05,7694,birank,55,20
h6XRiG4QOnuY6n3SRnou1w,1.5590526013541892e-05,7695,cold_start,17,20
E7R9YF9rGIOL9Pd5fJwMAQ,1.5590526013541892e-05,7696,birank,23,20
7O-BkVJHcxwlxj5qjXArrA,1.5589606843825115e-05,7697,birank,58,20
3hHw_c5CI-f2TdZOYDkHcA,1.554887952013026e-05,7698,birank,30,20
2WqDjTxf9IoeVU52XnLZaw,1.554887952013026e-05,7699,cold_start,15,20
9Xcj1jOXxzz3IsImANGTNg,1.5539909867577607e-05,7700,birank,171,20
o-KbL5aNSNEIxeINaihQMA,1.550437527846489e-05,7701,birank,29,20
q0tB0ch5cFQQBSp5nUXRCQ,1.546291509235963e-05,7702,birank,645,20
Vnh_rLa0jrd4Tqjh4633Aw,1.545628069089373e-05,7703,birank,36,20
r00ngMUM5cLi5ZmKexELqA,1.545628069089373e-05,7704,cold_start,17,20
_v-qR0-RePoOX3OD9xDKTA,1.5446929958060192e-05,7705,birank,25,20
7o-p4IlitJ-SbSCZ84vHqQ,1.5446929958060192e-05,7706,cold_start,18,20
xr6tLZ6MMyBmOr8EGVAWQw,1.5425672539464568e-05,7707,cold_start,17,20
J_U_Cx2DiKH0t5Ue6KpcnA,1.5425672539464568e-05,7708,birank,31,20
FL58ckZZ-jB5DgJQKpHqcQ,1.5398322210811283e-05,7709,cold_start,12,20
9L7yi0YRdzbK1KCjBsalNw,1.5398322210811283e-05,7710,birank,20,20
7qN3TW2RU89Q78iceR1R4g,1.5387720940495945e-05,7711,birank,21,20
SbMcDs06t7IPgXALJ2aNZg,1.5387720940495945e-05,7712,cold_start,12,20
fnXndX296dwWoj_jcDBzNA,1.5369646566740074e-05,7713,birank,297,20
yulGdN0Ezh0lbP81Wrki5w,1.5366532195381157e-05,7714,birank,22,20
LJprLiLt2dSC_esTjZc88A,1.535385683946345e-05,7715,birank,44,20
-HL8513QTgQ50vWjtg2Dyg,1.5348248556525706e-05,7716,birank,25,20
_7TAm2XyzahdDRDDE-Xb8A,1.5348248556525706e-05,7717,cold_start,19,20
kLfkz8Rj74XB67w06iV-7Q,1.5329547879012424e-05,7718,cold_start,12,20
j8hscD6sTMcmaLzCTJjEWA,1.5329547879012424e-05,7719,birank,21,20
mYOFkbJq_SDnUaN_BDEkZw,1.5308022457408718e-05,7720,cold_start,16,20
OFObWXTZlVBLaDZdl2ov-A,1.5308022457408718e-05,7721,birank,32,20
wdmRWiuUD6oOv9XC3v31Iw,1.5307355418509034e-05,7722,cold_start,15,20
k7AoT14yuZZ9fFUtGNZ_1A,1.5307355418509034e-05,7723,birank,32,20
j8NpaEvv4AaweMybeADmGQ,1.5284146187429296e-05,7724,birank,20,20
5Mqe-TAK7GzwiZapwNqQbA,1.5263554876123398e-05,7725,birank,114,20
zbNa-poXHF9zR6M7tnxjPA,1.5257005673952458e-05,7726,cold_start,12,20
WrR6yPcE2Pf-zFR5W9vPxg,1.5257005673952458e-05,7727,birank,26,20
q2s15GwZr6NdTH-HtSirsA,1.5234613040828762e-05,7728,cold_start,11,20
TFul4GrkKtL0TOkW6toYig,1.5234613040828762e-05,7729,birank,25,20
gGNWbHg7jGu-vaeqqglZ-g,1.5229838329096317e-05,7730,cold_start,11,20
m_K5001QBKloP7FVnDyLUg,1.5229838329096317e-05,7731,birank,22,20
T8I4aeFWzcha5Y5C57WsdA,1.5200318388369656e-05,7732,cold_start,17,20
am5qD6LFjkV8f_4MLp8Img,1.5200318388369655e-05,7733,birank,25,20
2LJYUjeRv53-FGG0sljByA,1.5169568251312834e-05,7734,birank,68,20
X4Z8Iq0hICOjHdc-0NT_jg,1.5166720083961006e-05,7735,birank,78,20
q_CpQ7sOSC-Q1aum7GXbsQ,1.5157942512505302e-05,7736,birank,67,20
6ymIJJ780dpKOyPJkhtDsg,1.5157230232148688e-05,7737,cold_start,18,20
mVKutQZg508LcqRYXeAdWw,1.5157230232148688e-05,7738,birank,33,20
utJPIg1UrXG_PpE1QLOomQ,1.5148868583193737e-05,7739,birank,26,20
9nBqiimE6bGE1TSxlnDJ-A,1.5123030972227296e-05,7740,cold_start,17,20
CglxS35-7j94tD5tWaPwsQ,1.5123030972227296e-05,7741,birank,28,20
3zWNxtRhyR4rLPfXyQgSyw,1.5056518646714913e-05,7742,birank,55,20
Hx7GFPYqTL6Ws11UJZZwBQ,1.5056203485375483e-05,7743,birank,155,20
nVUg4KZp8ZeHtkaVSO-1Lw,1.5005621213301544e-05,7744,cold_start,16,20
p24n1vScP_MHxJVPrao-jA,1.5005621213301544e-05,7745,birank,29,20
4E3iIAuCGDz7h3D4nJzuHQ,1.5002809038508982e-05,7746,birank,109,20
iibELFthZ_mTJyYs99De_Q,1.4973770067459955e-05,7747,birank,47,20
jx-yh-gKeGvOmkS_guVYAg,1.4972774010339617e-05,7748,birank,29,20
picPFi6JAQ6VDQUCOqftmQ,1.4972774010339617e-05,7749,cold_start,9,20
OI_dtFY0ZiUG5ryHPwucKg,1.4970569013724365e-05,7750,birank,37,20
1eLL2eTmHwbrC6w1VzMjGw,1.4970569013724364e-05,7751,cold_start,19,20
gXwHMtF-PLNG_9n7t9IxBA,1.493871356179202e-05,7752,birank,29,20
31Wj0ypO-F83ca_Q8bboMw,1.493871356179202e-05,7753,cold_start,12,20
VRwqMoWUebBzeg-dGOR9VA,1.4932318164637288e-05,7754,birank,24,20
xDgY4bksYHiNO0hPmT4gYw,1.4895998640664634e-05,7755,cold_start,15,20
wmKvuZUKr-Ia8rfOMsFCHA,1.4895998640664634e-05,7756,birank,38,20
4iHAZo9zk1gc-xBzuLEDig,1.4885591936345515e-05,7757,birank,64,20
ZNLHB8ljPt5jvwxpy8GAhw,1.4777520028946623e-05,7758,birank,115,20
VySIi29-o4hl4Ry4dBIH7w,1.4759903193074934e-05,7759,birank,46,20
ABp0BSeiYty6EpVW2ScO-w,1.4721955573839296e-05,7760,cold_start,12,20
AxtOW_b6a6iuojs_ObGpzA,1.4721955573839295e-05,7761,birank,24,20
e4__1wpgPI3OfTLamW8L1A,1.4711476955206872e-05,7762,birank,96,20
M86tXb_fj7jQEciKEE3cbg,1.469236193462386e-05,7763,cold_start,18,20
wgaSFjDljjQ5kKaP4evgrA,1.469236193462386e-05,7764,birank,21,20
whAw6ljhyqDy6CHcP233jA,1.4688235294134778e-05,7765,birank,22,20
iErS6C2sUShAQs4F7qa-1A,1.4688235294134778e-05,7766,cold_start,12,20
UMweGTUKB2YbeE4bqfB0TA,1.4679588186351695e-05,7767,birank,46,20
RhtWU4tTmfzC-715ltmv5Q,1.4675643354878109e-05,7768,birank,57,20
MVGzq4J1vOaXOfbewCD0jg,1.4644068927175039e-05,7769,birank,189,20
Vvq9QucD0IokLBlkbttd3Q,1.4641721400990622e-05,7770,cold_start,16,20
NQQHTCDbvJ3yCHIc0eki0w,1.4641721400990622e-05,7771,birank,26,20
Ogn9c0QudZBmfOSJF6aIdA,1.4607170291569883e-05,7772,birank,84,20
D0uoz1yQR10Knf_N_TCJ9g,1.4571703607848749e-05,7773,birank,26,20
3Nfa2VSW90m3OAOSPV8mvg,1.453277145724607e-05,7774,birank,78,20
l9ir9IOlpC2zxYtFYQu49Q,1.4517940984372741e-05,7775,birank,153,20
98JiQQWF-GXM-RcjT0AyNA,1.451033315505003e-05,7776,cold_start,9,20
DoKwhPThHtweIg-fWcjGgQ,1.451033315505003e-05,7777,birank,31,20
NlU_lOXB20c5dSC1QV4U4A,1.449789513369905e-05,7778,cold_start,19,20
nOc4sJvuD04e2yqYmIos4g,1.449789513369905e-05,7779,birank,24,20
LTEpFgVru40dLvg1dsaD8g,1.4479652939594871e-05,7780,cold_start,19,20
rBxbG3uiqfYZjRXr40YXQg,1.4479652939594871e-05,7781,birank,30,20
AGn4ZJwHvMhFDTvLbGsf7w,1.447516222051509e-05,7782,birank,263,20
vCuax8KsAt5kZ8DkaYIOKA,1.444937219833452e-05,7783,birank,36,20
uppHXQH6tuNFtqxT8dRHig,1.444937219833452e-05,7784,cold_start,11,20
OA3_7cJ1vMWvwdc-Yf83BA,1.4444764542027095e-05,7785,birank,64,20
Oio2er4frY-zuqAXwi2lqw,1.4423552562153389e-05,7786,birank,24,20
6XFAHeS-BTzxpBMg2wRbtg,1.441847305649865e-05,7787,birank,23,20
UDfOkkn-MX6v8R3CX0T4lQ,1.441847305649865e-05,7788,cold_start,12,20
CsYpEHP2fvZV2yt49fSgJA,1.4392233673360931e-05,7789,cold_start,12,20
xhSpCPK_hb0S7GIewZwSoA,1.4392233673360931e-05,7790,birank,24,20
CbpT0UHGugQdpfK5HUekew,1.4363062728629568e-05,7791,cold_start,14,20
E5V_PDqAKWceLM-9u8Ayww,1.4363062728629567e-05,7792,birank,24,20
69vVnH6T6-uwcJK4bxfV7Q,1.43592266919148e-05,7793,birank,33,20
Xu2wzTGixa_zSjYQO-GPoQ,1.43592266919148e-05,7794,cold_start,11,20
IKOtPpMJTtvEkDXMSc_wjQ,1.430188163016578e-05,7795,birank,46,20
GpOC-e2vWYi1gADV1SI8eg,1.4280721589167222e-05,7796,birank,43,20
OZEo4EnJ2KDR0Tj0YnH2Zw,1.4276657143592262e-05,7797,cold_start,13,20
_46NI0zcrnA0HFWdRmGbkg,1.4276657143592262e-05,7798,birank,34,20
-J_HhUwt5pPiHRNf_m7rHw,1.4273063675647786e-05,7799,birank,210,20
7AAUjAvOS10dMx1F_QMaew,1.4236485787604488e-05,7800,birank,52,20
9Q8eNNRnb_Higrs7TvR8lg,1.4217420513231385e-05,7801,birank,21,20
KMBkUpq_7uGF20EmXQS1bQ,1.4199280620247548e-05,7802,cold_start,18,20
1AqUAR932UJgGwr6FGfPkw,1.4199280620247548e-05,7803,birank,21,20
CjaLZOk0XnBASGxOaMWJrA,1.418324576000965e-05,7804,birank,47,20
5X5Nn-jlIoWFhkgewON6sA,1.4181373207439054e-05,7805,birank,62,20
Ai8MnqWUCTT03knlsrDSOQ,1.415676651789553e-05,7806,birank,23,20
s9WOS_6UI-E78zw2HCRX9w,1.415676651789553e-05,7807,cold_start,19,20
FrFK24JWjyc3nhR9mcSoqQ,1.4120331834884637e-05,7808,birank,24,20
694YRbhnl7NShhEt8OmiSg,1.4120331834884635e-05,7809,cold_start,12,20
ka-GZEjFKl8lmDXlZPftoQ,1.410937509932006e-05,7810,cold_start,10,20
35XA5-HmCdlGig97Lf3WUg,1.410937509932006e-05,7811,birank,29,20
Bye73IBqt2u37RKTgwv8sg,1.4077159426831648e-05,7812,cold_start,13,20
R22wAKcMz5BsZSQBRcyLHQ,1.4077159426831648e-05,7813,birank,20,20
KmyzlQ4zhlTHw31fwxqo7Q,1.4070066127413559e-05,7814,birank,67,20
ibhRPfV4SiqDeBKuuAhpWg,1.4067794583162341e-05,7815,birank,37,20
-vSkeoIujNpKhITwvcYVLw,1.405199266326585e-05,7816,birank,137,20
4T8dsk4lvfpdHSrWuRAKdA,1.4047500336348598e-05,7817,birank,78,20
Dp4xxrLd1EfB-AbQTDPohg,1.403705102584505e-05,7818,birank,38,20
Zn-Fm1X8nwjrDtaWV3bQXQ,1.403705102584505e-05,7819,cold_start,8,20
SNYpn2BdTbz8QrrfH8rvdw,1.4026416845497612e-05,7820,birank,63,20
83xszo9qxDPI-tv0_IGeOg,1.4019759166446726e-05,7821,birank,40,20
XUMia3OxaCVk5sB1rJpvpg,1.400973888685596e-05,7822,birank,172,20
gzoNgJP5LjaFl3vkYCLJ_A,1.3972050489455801e-05,7823,birank,31,20
z9wCTHYI2VZy9YIblwSsgg,1.39720504894558e-05,7824,cold_start,9,20
iPyVge5Y_rSK2Ok_DXWeDg,1.395382355101911e-05,7825,birank,213,20
PzvTiZtyVm74RYc5FFq0Nw,1.3934904931070193e-05,7826,birank,164,20
lEAhUFytEPERFroM4h5awA,1.3927250207507549e-05,7827,birank,22,20
dNawpzf7Q8mnHIASvFf6LQ,1.3927250207507547e-05,7828,cold_start,15,20
Ptt6dN1N3_jbdeXmU0eGGg,1.3908864521682196e-05,7829,birank,170,20
i19wEwROtj7zBhOczEObTw,1.3832156891442116e-05,7830,birank,89,20
YP6IjFUxh9_VcFUWq5ru-g,1.3796306962481465e-05,7831,cold_start,11,20
rLVwdLibZQ2XQpTNqrsYjw,1.3796306962481465e-05,7832,birank,39,20
fSrv4o8kvmBFfd2MWnbsDA,1.3780396200739517e-05,7833,birank,59,20
_1aCRm_YRJ1x9RagRHltLg,1.374776519206135e-05,7834,cold_start,13,20
vM0eMwU8W9id0YHLCzukgA,1.374776519206135e-05,7835,birank,28,20
LMm555z8BReDxgkpF_TEug,1.3719921006418788e-05,7836,birank,53,20
SJ_hPrUQa0l3PS2vQi-0yw,1.3705488799628144e-05,7837,birank,30,20
MjXZmK9YKOIjKg1GIse51g,1.369026091059963e-05,7838,birank,61,20
X7dhiI3ReIhhF2uJTK0dsw,1.3686312228173225e-05,7839,cold_start,18,20
XZPL988dC2lRVAfFcuH7Xw,1.3686312228173223e-05,7840,birank,28,20
0wOp7FA8vyUOEgqWRcfEeg,1.3662169198126303e-05,7841,birank,32,20
nOEuF2LUxnHSqjLLbg8VKQ,1.3662169198126303e-05,7842,cold_start,12,20
S18_H6x5IisrGmIW9ITdlA,1.3640901800014383e-05,7843,birank,392,20
RYbqjtb0P6fNQh-Txs4LBA,1.363115172905049e-05,7844,cold_start,19,20
IazLGcO9aggJnMMa_5UO1Q,1.363115172905049e-05,7845,birank,22,20
KiNB06Y8hcrIkTbF3XEexw,1.361931291100956e-05,7846,cold_start,13,20
rTng9EtHrqu_nmLfGWFjyA,1.361931291100956e-05,7847,birank,39,20
Vk9Rp6O18mbnjaOy2GnhhA,1.3612811690800962e-05,7848,birank,25,20
rFZhTARrrlJSEFKDVMib5g,1.3608176606019868e-05,7849,cold_start,9,20
vDgT0MyVtWZNX4X9j6EsMg,1.3608176606019867e-05,7850,birank,22,20
uQub6nYRyGH7bjNwuwCUMw,1.3589586297097089e-05,7851,birank,68,20
xZxAoUnClT5wm0-QuZPFwg,1.3585768589928367e-05,7852,birank,125,20
X9A-z_tQGIyr8Z4Efw1wbA,1.3569975936236786e-05,7853,birank,292,20
hgMv8rN-kAY-1DJLSmi0Pg,1.3567708001626436e-05,7854,birank,359,20
2kyczXOKMGqcDdval--KJw,1.3567032428657787e-05,7855,birank,118,20
DEULqPtQ5cbGyvc0yfZudQ,1.3555067779172052e-05,7856,birank,42,20
0JQgHiPAQQWkdgbBvEL3JQ,1.351799970692947e-05,7857,birank,49,20
MeA_7cfxh9c7wczQHYQKeQ,1.3483265661542216e-05,7858,birank,133,20
Da3LmQYuxuCJfRTH6FXsiA,1.3478122132469108e-05,7859,birank,40,20
jsk68Xu_iNWn3oGP3BDyKg,1.3472787042909792e-05,7860,birank,71,20
II1ZGMmA0BLGV-EmhPkrEA,1.3419122851144064e-05,7861,cold_start,9,20
EUtNup4WQZ6UBxou8HsRng,1.3419122851144064e-05,7862,birank,36,20
ljRFZy8ZeRnNkTMm3Ssjqw,1.3413835342158752e-05,7863,birank,22,20
aiTr5RX3RkAwQeCswBaL5g,1.3413835342158752e-05,7864,cold_start,16,20
Xu4-OKcr18K-z2PQ_sMgJg,1.3374127656917182e-05,7865,cold_start,13,20
LM4Ah_JOjqpP9H2YLArokQ,1.3374127656917182e-05,7866,birank,21,20
oOmEd0K-1rpGo5FmvijMgA,1.3361622880545871e-05,7867,birank,97,20
6jNFUIKiCCKnLCpGJpkyrg,1.3286470633360643e-05,7868,birank,39,20
SSp4GBRnvdnuLRCIH4v_mQ,1.3286470633360643e-05,7869,cold_start,11,20
SVN5tqic3QoK1hhfPU4u4w,1.3286470633360643e-05,7870,birank,28,20
YNkDhu7Ba36mUR6vN0491g,1.3272563937205474e-05,7871,birank,39,20
YoxeI8Bnz6Fwg7glgRCDdg,1.3272563937205474e-05,7872,cold_start,13,20
yWbLO04FlSDJzIZbKr8t5A,1.3271040046141317e-05,7873,birank,50,20
XwqwayHSA_TJDnk-13AyAw,1.3265679891918084e-05,7874,birank,75,20
rZtkmrnb-uFhnTFP7lgOEA,1.3253439231953987e-05,7875,birank,77,20
8XMrbikOColypHMqLsJoxA,1.3247507841299368e-05,7876,cold_start,13,20
LQgWohpJxMcsR-10QV2lgg,1.3247507841299368e-05,7877,birank,24,20
Jr5hwzjNwr-VD9pVWOFa7w,1.3241509414739969e-05,7878,cold_start,12,20
zziDpuuJw-Km1J4BaGpBKA,1.3241509414739967e-05,7879,birank,26,20
Z2Dh3nBT7bGIS2IVoV2zAw,1.3233081966757038e-05,7880,birank,199,20
5hID2DruRwIwit0BcLHTaw,1.3226333621393146e-05,7881,birank,30,20
HPV9-9iNLuVhUrQKXXvf5A,1.3226333621393146e-05,7882,cold_start,13,20
f_uHHYGSnfy92YuKvatDTQ,1.320329664090664e-05,7883,cold_start,11,20
XAaXtqL1_HsI2t6FEIrA8Q,1.320329664090664e-05,7884,birank,25,20
dJGZ4w3ujr-X44XPOzxOfw,1.3195998683392045e-05,7885,birank,32,20
idN-TpWI1T3_UgufggVQ3Q,1.3182642249467435e-05,7886,cold_start,14,20
VjAKC7Pb-sW96NZ5mPrHSg,1.3182642249467435e-05,7887,birank,22,20
3TagDMAD_Ciy0_Sg3kJf2w,1.3170411765422788e-05,7888,cold_start,13,20
UYhCp9OzvrESmX4aT368fg,1.3170411765422788e-05,7889,birank,23,20
KrJcaM7Fh-NClOIXfB-s4g,1.3156924604101894e-05,7890,cold_start,7,20
1b3kbq_fIw8QoAYnqOzHfw,1.3156924604101894e-05,7891,birank,25,20
zwizQO8vSXZBcVO-Nb_cUA,1.313845210657028e-05,7892,birank,43,20
zELwtjWxnYXVAzOu82Xw1Q,1.3133399564766915e-05,7893,birank,46,20
mmSTPGfCVNtR30ymISw6Lw,1.3090930795218067e-05,7894,cold_start,17,20
DRn_7q7gtYRfOzN5ximKSg,1.3090930795218067e-05,7895,birank,23,20
hXL6oSqDFIp8DWQzR35QKQ,1.3068939097447296e-05,7896,birank,27,20
FWTkrjnoIVJ4UiUWUVDi-Q,1.3068939097447296e-05,7897,cold_start,17,20
JqvkVi-aiTjdfdp4wP8XIA,1.3058239749281796e-05,7898,birank,58,20
uf8uvDhevgyaUwMk8UxTIQ,1.3045361602291263e-05,7899,birank,30,20
Oh_T694xSly6_5wNnqAliw,1.303754809228839e-05,7900,birank,61,20
3hmjz4VDytVaPy7drmvnDw,1.2980270927839965e-05,7901,birank,59,20
tmiGdoFefTVsfalYO7uMHw,1.29562913690027e-05,7902,cold_start,9,20
E-L64r-ZKFrctVILn4w6tg,1.29562913690027e-05,7903,birank,21,20
su7GpBsXIzEWtkOkNwk5Lg,1.2951437835579268e-05,7904,cold_start,18,20
G2jGesZ1xLLlrqNKab5RfA,1.2951437835579267e-05,7905,birank,30,20
6p1ef8veye7qmetHBjxrLw,1.2918165457990249e-05,7906,birank,104,20
9xv_hrKXFRMndvtqSnD2fw,1.2876495552530018e-05,7907,cold_start,10,20
6fJcHm3dNTBILsa646nZBQ,1.2876495552530018e-05,7908,birank,38,20
sWpXlvhu-4luyc85kL0Ncw,1.2854520709191567e-05,7909,birank,28,20
GZDUQ9P8oNRa8E3hJWXgmw,1.2854520709191567e-05,7910,cold_start,10,20
eoHfkdxrMBo8CkisX6ippg,1.28429547772897e-05,7911,birank,21,20
4W87MOGiHIzRtSfdruD18g,1.281965821758343e-05,7912,cold_start,13,20
CSAJxLa_LeuIDe-lHrC03w,1.281965821758343e-05,7913,birank,31,20
h8t_AMU4FpoD7U9b_s2waA,1.2788839903618157e-05,7914,birank,200,20
3xHyD9FBsQjHXgwI31czXw,1.2762962776994919e-05,7915,birank,80,20
6xWQqSQ6nctJ6Ifro4Nrxw,1.2747643965771551e-05,7916,birank,22,20
vLKZGIQYKaTDxcY5shttWg,1.2747643965771551e-05,7917,cold_start,14,20
O1Q_VOE-Tl2TJhM_Mi_eMA,1.2737519813338166e-05,7918,cold_start,14,20
x3K-ifqEkj7A386Crl6jog,1.2737519813338166e-05,7919,birank,33,20
scbhmEZlGBKELaLdIlNbnA,1.2735865198336163e-05,7920,birank,107,20
NHpBHlHYekPKsWxw-AOzCg,1.271646810462215e-05,7921,birank,34,20
lYPeTDK3fvOL1g5KPIvGCg,1.271646810462215e-05,7922,cold_start,12,20
xWrns9oes6rEf1NmGtz1bQ,1.26955108673573e-05,7923,cold_start,11,20
Vjztqe-JBseYpypb6xv3PQ,1.26955108673573e-05,7924,birank,30,20
wAPXYljzn9YDTvQqqL54pw,1.2684733869175958e-05,7925,birank,105,20
lgNRlE9gtXvZTEm_TQqXWQ,1.2678821465543735e-05,7926,birank,70,20
Mz-CgPqdwdLZYiOt0sPSlA,1.2673657997345577e-05,7927,birank,20,20
IuJgOIBjBBVqG6lExeq3jw,1.2625755313141054e-05,7928,cold_start,11,20
7119UBDxs6ugvitzkJ0prw,1.2625755313141054e-05,7929,birank,29,20
LR40dPwDG7bVoIPQM9M78g,1.2617542045915471e-05,7930,birank,25,20
ccSzXV4wi2cJPnkfP7xy5A,1.2617542045915471e-05,7931,cold_start,12,20
rxGN3mljUEwNLyE2q-DWcA,1.2614475691608211e-05,7932,birank,20,20
zXNx6wFZsoYPtMAZmdlvWw,1.2614475691608211e-05,7933,cold_start,17,20
1wvYBjX6radqmb_k0Fv_Ug,1.257129992765787e-05,7934,birank,23,20
uKEZQ_j3B8kMd-ThoGZDYQ,1.257129992765787e-05,7935,cold_start,8,20
jdx80PbfbXMkUZvhJmdFbQ,1.2548212107854905e-05,7936,birank,27,20
lnCLpUgxG8In0M7fv7liFw,1.2548212107854905e-05,7937,cold_start,16,20
rfZXwpaBoXBYWz47NzzyKQ,1.2535103663659905e-05,7938,birank,32,20
OAbrYeHibZHdv3ch8nOrbw,1.246413496937033e-05,7939,birank,94,20
BFDQyF0mVD9in6ZKMd7aMg,1.2451784965290105e-05,7940,birank,21,20
nJcpA8LGYWg2XKSK8T5aug,1.2451784965290103e-05,7941,cold_start,16,20
TS-NZ7L-hQtmcGDG79P2cw,1.2441392660385921e-05,7942,birank,95,20
_y1R6TNotvVid2VzvIXHiQ,1.24405133151935e-05,7943,cold_start,15,20
6Z2ymUlANwtvn7dWLGUE2w,1.24405133151935e-05,7944,birank,23,20
L_4GDsQT0UXSMxDKdB7rQg,1.2424793857240635e-05,7945,birank,76,20
L8RfVsIAvNPCKlp5fJkoHA,1.2398088212484852e-05,7946,birank,56,20
V4AndHJfOgAwP85wJxyKXQ,1.2393560147859625e-05,7947,birank,49,20
9xb4prqdGMyLb55r6nUTJQ,1.2373608612835566e-05,7948,birank,85,20
5eJDmxZ8CJkgm57ioG6BwQ,1.2373437881564434e-05,7949,cold_start,10,20
xB3gyIdQ7sR0cjMi2NL7wg,1.2373437881564434e-05,7950,birank,32,20
IYdG3pk8DgIcNHz4khph7Q,1.2350461208249296e-05,7951,birank,42,20
1cxwHtw_UBMSOE6cvNmVmg,1.2340182732496064e-05,7952,birank,33,20
f2pOTQ5d64XYJ0PeMHfBXQ,1.2340182732496064e-05,7953,cold_start,14,20
jwg_T0_my321ag20O1g97A,1.2322648680452989e-05,7954,birank,256,20
3WhSMPpreTgGt53lk7NY3g,1.2298964864365486e-05,7955,cold_start,10,20
UjhAD9kZe7-wUTjD0BGh9w,1.2298964864365486e-05,7956,birank,23,20
um8npcImasA0sPITsPB_Hg,1.2293284409043575e-05,7957,birank,21,20
AIN2K4n1wwetGrCMiAIGFA,1.2257089456181964e-05,7958,birank,232,20
6dKO8dfJbeHEXkOwX52LLg,1.2193874970708803e-05,7959,birank,53,20
kCAvqT_3AWOHx80VALz2lw,1.217237478173541e-05,7960,birank,42,20
wUJqfAtMvxG2m2oKeGXRGg,1.2170544887061598e-05,7961,birank,108,20
_AJaYqoPRdN7sSxuMDQlVw,1.2158403290225513e-05,7962,birank,24,20
oo3Jpr_Nqw73fybrQjpcHg,1.2158403290225513e-05,7963,cold_start,9,20
g71iYkeIeoxB4ppkemK24Q,1.2102656118370455e-05,7964,birank,27,20
RDbNHzbnZ-gRcB-jkG62Yw,1.2102656118370455e-05,7965,cold_start,9,20
Yl2iZQZ4EB7N2vnZDYqoIA,1.20815766806873e-05,7966,birank,27,20
yDi27lJ-GDv_yC0iiL_68Q,1.20815766806873e-05,7967,cold_start,9,20
IefEo5kZdwR647j8WBUozg,1.2080388658887876e-05,7968,cold_start,11,20
vY1u5rmhsOIxTO_ezdbqjQ,1.2080388658887876e-05,7969,birank,26,20
6BWcdOv10taQzy5BCVl2rw,1.2078373938574263e-05,7970,birank,37,20
9QdXPBRzVRJ8HYouYKQcHw,1.207739124203699e-05,7971,birank,105,20
OMIG0o6Jy8mppFO8ry5u0Q,1.2066824027245245e-05,7972,birank,20,20
4oI4ikLPM6yDyw0QUrv53Q,1.2066824027245243e-05,7973,cold_start,9,20
VUilII_2y40BYq0FatRf3A,1.2036436255724485e-05,7974,birank,83,20
L0sPQtAKX2V8HDCw5Yn9UA,1.20172373483115e-05,7975,birank,379,20
ekrj3Ov-tRqcE9APVlMnHg,1.1986027801186288e-05,7976,cold_start,12,20
gmeaD_sfeJVImX3mIhdWcw,1.1986027801186288e-05,7977,birank,20,20
SSYIVVD1qad7Sz6vgJAhpQ,1.1973826267029022e-05,7978,birank,93,20
Yk62SB_HISNsv85CDbVkKg,1.1971306774759209e-05,7979,birank,49,20
ayqh0cxxuLrnY55oZr0kkA,1.1967492838021718e-05,7980,birank,45,20
2kvPnK4DLK09KHvvwEj1xg,1.1959286052346466e-05,7981,cold_start,7,20
_FNtyJvpNMnGmnO6QkCuOg,1.1959286052346466e-05,7982,birank,35,20
o8aFtFrZcWp-twnIgdqwyQ,1.195901398278562e-05,7983,birank,124,20
4WAgExw8IOQ_mcN1DUy4Iw,1.1938567604210666e-05,7984,birank,26,20
2SLtQI24J5Qwolxil-W-MA,1.1938567604210666e-05,7985,cold_start,8,20
qS7uSZdQ3f0HqYSSaiYQ3A,1.1927331647925859e-05,7986,birank,126,20
jHJCsoQ53CixPE0q-3ATFg,1.192616103427716e-05,7987,cold_start,9,20
AqYorZLGd1DP68eL5hQN3Q,1.192616103427716e-05,7988,birank,27,20
sLj0JhR6vnR23D2o84ULlA,1.1908100882047565e-05,7989,birank,24,20
B3UQC3oMyhRA274_KXDFKw,1.1843512476941144e-05,7990,birank,54,20
llx_S8wac2y_0pNRRAwZ7g,1.1841269740687584e-05,7991,birank,121,20
2HKLaz8nktScK4-1hIFykg,1.1808740633768156e-05,7992,birank,42,20
KSEBjuFKPnbeQ6TAgJL7sQ,1.1806072925794504e-05,7993,cold_start,11,20
GQvMNxdE4uCIie4D53tE-Q,1.1806072925794503e-05,7994,birank,33,20
hMoFsCFz1vBDaglH0Qvwwg,1.1801679394835547e-05,7995,birank,73,20
U_1Dam1j0VasEgKF6QZpGw,1.1792825566313875e-05,7996,birank,25,20
5GgCRUSQ4_ejE8YpjDYuEQ,1.1792825566313875e-05,7997,cold_start,9,20
3Annr4f7u9KX2bavh2Y47g,1.1788688662546066e-05,7998,birank,20,20
eVTLl2F7_r5etLZwFuU_0g,1.1788688662546066e-05,7999,cold_start,9,20
wMJlbZt2vOTG_FV96gkRVA,1.1787038006350433e-05,8000,birank,98,20
PXWBDGzI4hvZzZzD7Fezpw,1.1786937747694755e-05,8001,birank,143,20
Q4pDFBTzhXFN6ym0g78oWA,1.1776957776299237e-05,8002,birank,45,20
Wk5q7fdSUb2_iiqQ8Eus3w,1.1776789247104219e-05,8003,birank,42,20
bqEuDKbVgOALSAkYh_TVIw,1.1761135313903052e-05,8004,birank,113,20
l2SdflR7ydSWtxG2UlWA7A,1.1723915647916691e-05,8005,cold_start,12,20
gHPS6jy5UzfVUDLUE74Y-A,1.1723915647916691e-05,8006,birank,34,20
Y6tnZeHMvK7feBa655lk4A,1.169686423016132e-05,8007,birank,69,20
0lKJ_pClGH_ribos6kPeGw,1.1673536636538292e-05,8008,birank,48,20
Tm1-GfbxXnpw6cPO_Vh7jQ,1.1661347577930094e-05,8009,birank,31,20
rEYWXkpgUbLeWaCylWuJNw,1.1661347577930094e-05,8010,cold_start,11,20
x589U7fFPB-1G121HE8Jiw,1.1647365721536524e-05,8011,birank,36,20
0h4Vs6PqhRNbNrcel0O8ag,1.161743264177807e-05,8012,birank,60,20
V5Kaq2WsdsCKJ2JNoWgwxQ,1.1611167555790797e-05,8013,cold_start,16,20
yKVE6F2qqkVJpW55bWLmqQ,1.1611167555790797e-05,8014,birank,27,20
bSIrwzXUgh_7CmcLlzENCA,1.1540075222660996e-05,8015,birank,78,20
zLULLZsVKZrv7QNn_EmRUA,1.1535544204364522e-05,8016,cold_start,13,20
Gs43rBxzv6hwYoIp-FxVcg,1.1535544204364522e-05,8017,birank,30,20
Amq1IKeqyyWrx6rt8j5TLQ,1.149689321290808e-05,8018,birank,24,20
_DGULHeb-Pk40QAywiG62w,1.149689321290808e-05,8019,cold_start,8,20
Z1AcC_khlMgMamH3XtH3-A,1.1462539165591954e-05,8020,birank,24,20
XbFRkhVgX3jggGxfAaZyuA,1.1462539165591954e-05,8021,cold_start,7,20
V71KzO8mXPK7E8no2FN8sw,1.1446404704962612e-05,8022,birank,50,20
AR1ZK5MNYNgTzkAQPn3gqw,1.1418880257050412e-05,8023,birank,67,20
ma9v_hyIJtb63dtXfVnamQ,1.1411723297740537e-05,8024,cold_start,15,20
FT-cRqGz3kJBDgXr-9Fdtw,1.1411723297740537e-05,8025,birank,24,20
GrfFulYVrfWIKmwa1dHktg,1.1411234069294539e-05,8026,birank,30,20
IhCbb8ou59_57j5xEKFz9g,1.139573237379453e-05,8027,birank,122,20
5AliYk_XYNEu271Sz7EUbw,1.1362935088154593e-05,8028,birank,544,20
IFmXNVC3Qj5ZXfAzczle_A,1.1354935943601392e-05,8029,birank,35,20
v8GLvA8kl1_1L8I2Ie1RCw,1.1354935943601392e-05,8030,cold_start,9,20
MlDgcQAyr4wLZkS39Z-3CA,1.1347637628411337e-05,8031,birank,26,20
CrLhHE69dVJfVIuqFs3egA,1.1347637628411335e-05,8032,cold_start,6,20
pd1XNEPorncrBED2e8CgHQ,1.1344924604872483e-05,8033,cold_start,9,20
VfhexEmkG8sNgRf4tviAJA,1.1344924604872483e-05,8034,birank,20,20
hv9qzqMK9UojjMgc0W6nRg,1.1304631926592473e-05,8035,birank,21,20
FfNqZitGYvBdBNxRfG-ang,1.1304631926592472e-05,8036,cold_start,10,20
_j4MKXubKQfu9v_kd_d9Ng,1.1296569815503926e-05,8037,birank,29,20
u-LC1VfzdpBHDNYr2H-Gxw,1.1276096926091758e-05,8038,birank,117,20
-YC81xKbSenKaCrtFZpRfQ,1.1265552576924174e-05,8039,birank,121,20
iqeI_TWLvK3JabtPTZOkPw,1.1265552576924174e-05,8040,cold_start,9,20
NUzUOzkNS1mTJavkVVcdVg,1.1265552576924174e-05,8041,birank,27,20
veLho7eH9YvS4ylnJ8LsLw,1.1261770640851014e-05,8042,birank,22,20
1bsQMS1SeLxcqXrJQYVfGQ,1.1261770640851014e-05,8043,cold_start,14,20
RQ9RnhKijxH3vvBbXm323A,1.1214139450019653e-05,8044,birank,36,20
t-siznLJ3Mj6Ols8SAWz-Q,1.1214139450019652e-05,8045,cold_start,7,20
TfSOfMR7s3n9rpoy6u60eQ,1.1206113810558396e-05,8046,birank,189,20
h_qlv6CIXGVurFOhFQ945w,1.1153107587212388e-05,8047,birank,296,20
duuUYNDVgesTsLRfGCeMrA,1.1151628695370958e-05,8048,cold_start,6,20
D8lk94uMutsYM0dqBYAFfA,1.1151628695370958e-05,8049,birank,39,20
tNEK7YiRXcdoaXnAkI2uhw,1.1089140104548827e-05,8050,birank,36,20
cquDeQN7gzg72tcI4hi9Rg,1.1089140104548827e-05,8051,cold_start,11,20
5syHaITUosZ58Pm519cjBQ,1.1088639213511467e-05,8052,birank,70,20
LhtZ0k_dNPWDzk-TlYwQwA,1.0980242927226473e-05,8053,birank,39,20
bjw8swV8_e4rVGo-b87Vhg,1.0967284547199552e-05,8054,birank,77,20
TsPJqE3QcQ8TESztAYw0iw,1.095779206990301e-05,8055,cold_start,7,20
Mej-T3IEAZHw5hdpWUut0g,1.095779206990301e-05,8056,birank,26,20
MeyzmeHKDsy7dEh2GdddOA,1.0935919649845198e-05,8057,cold_start,8,20
4zY9AoCbvNy5nZhr7J05Lw,1.0935919649845198e-05,8058,birank,22,20
D215IzO-XoSxNFhKDEv2RQ,1.0905127043711668e-05,8059,birank,90,20
Ir4-CFGZDfloJkUMax13Og,1.089729457297553e-05,8060,birank,78,20
jtvJ6JQ4D2z-SKdPkoU07A,1.0881866457734831e-05,8061,birank,28,20
IO0zhMADxMmw7NXB2iJbKg,1.0881866457734831e-05,8062,birank,40,20
XqGNxBmAo2Jm5DibhJcrOQ,1.0881866457734831e-05,8063,birank,32,20
6B9wFMzNngXqa1ZZO2JWGg,1.0881866457734831e-05,8064,cold_start,7,20
iy-7QUn6s5xGXf1vOmcxDA,1.0881866457734831e-05,8065,birank,128,20
qu84rS2gClt1MeSb99CrKg,1.0881866457734831e-05,8066,birank,30,20
2u0mmUtcEdvgeioiGE730w,1.0881866457734831e-05,8067,cold_start,6,20
5YKOs_VGFHgUv7DSMLaQeA,1.0881866457734831e-05,8068,cold_start,6,20
0vU_OcoHU_hcEfNTpDyOvA,1.0876365687686188e-05,8069,birank,74,20
qVM5QFngP4RnTyGQAprIJw,1.0875414116606031e-05,8070,birank,25,20
5ZWg9DxQlAOxaOL5KS7rvQ,1.0856793032717008e-05,8071,birank,24,20
gWDeSVOZh8ThPMU2G9dAtg,1.0856793032717008e-05,8072,cold_start,6,20
O76kDVYNag6w7VJVd69m3A,1.080784015530126e-05,8073,birank,95,20
1VUeZg25PebLy9ZMVCddbQ,1.079880801801013e-05,8074,cold_start,9,20
aI1uVR-RPsE2TmrLJfcZ0g,1.079880801801013e-05,8075,birank,23,20
gH3fKYUCsjIrIvGgXzXdfA,1.0769640394080304e-05,8076,birank,24,20
ZbGExfbZTb3IYZ2PxyFrMg,1.0769640394080304e-05,8077,cold_start,15,20
lSR0JkU7iCnR7sP-8Gjkqw,1.0688575224395317e-05,8078,birank,22,20
4y0DlszRtjZHvFSUYOvaxQ,1.0688575224395316e-05,8079,cold_start,15,20
E5QDrZPan50Rd7jWcaFyfg,1.0676605176423882e-05,8080,birank,42,20
CV1ZOJap9ZiEmtqgN3SKNQ,1.0670506371079514e-05,8081,birank,145,20
29mQNZv8dsN8IAJ8uBnjUw,1.0657278684522296e-05,8082,birank,65,20
dD8HFOlOowiEcBv5F38pew,1.0650464051827844e-05,8083,cold_start,13,20
eDLnzdEsJTYmqVdRheOyrw,1.0650464051827844e-05,8084,birank,32,20
rPBO4EMvyPaXc8XKaBlu-w,1.0628253969686932e-05,8085,birank,64,20
wuoYvojFNWuRrUO2UyM47Q,1.0619233572924553e-05,8086,birank,161,20
fGa6oaUxdxqs0JPnwUxn6Q,1.0582083752705446e-05,8087,birank,121,20
kZdkMY6GeaMebm81h3sfww,1.0560803187792111e-05,8088,birank,136,20
vpAgKeDIdzEtsqdSn8yHUw,1.0540094813075186e-05,8089,birank,26,20
lBmrBQlxJ0gkD3QKtUEVBA,1.0521479581639812e-05,8090,birank,77,20
a3oQcnZHbFooAaevF1IjbQ,1.0500039869071174e-05,8091,birank,84,20
8YZc7dVxGjFvEyX0L9ugbA,1.0482785252633809e-05,8092,birank,60,20
uWJ8yes4D6f7e0bUQdBeJg,1.0473470064785517e-05,8093,birank,160,20
bwlSGCjYLNwzXVD9CB_8EA,1.0447537584275843e-05,8094,birank,68,20
3oFPL2QGawKJ4z9skJD_9Q,1.0433694664645425e-05,8095,birank,189,20
tzSKydKgvXCDp2bzdynoLQ,1.0426356718336842e-05,8096,birank,154,20
cQWrKXD4Nt9Gv-xk609Jdw,1.0398927111984673e-05,8097,cold_start,17,20
42VF6xwr0Lak0X_9Ox8G2Q,1.0398927111984671e-05,8098,birank,21,20
3CAPOtopHuk2W0tBPsTcGQ,1.0379850716976014e-05,8099,birank,48,20
0qMuzRkFDNO-8OBZf3Yi3w,1.0374160959332264e-05,8100,cold_start,11,20
-GJN01qCjGgnNBTbZexNpQ,1.0374160959332264e-05,8101,birank,33,20
K8Sk2IzQilL1_UwlP5OFnw,1.0363682340699838e-05,8102,cold_start,9,20
C9PW9WsdbM3COdqhHMR2Og,1.0363682340699838e-05,8103,birank,24,20
X_X60vlWlPLWcW97LPrSjw,1.0342752551770117e-05,8104,birank,26,20
3pLLTz_flVK3r2DFsX6tNA,1.0342752551770115e-05,8105,cold_start,6,20
oEcWJZDKjFbTXcOt4sqE1A,1.030296407133476e-05,8106,birank,61,20
FG7_-7LtVdOecAqThoFOOA,1.0265380606852156e-05,8107,birank,188,20
wPQ01R13kkpWKGqLIwxTzA,1.02146668100564e-05,8108,birank,49,20
27Za9Rl4nmXK6vfEf0Fv6A,1.0207847349799809e-05,8109,birank,41,20
oxFAic55QhHFgLph4jERzw,1.0203846769434102e-05,8110,birank,23,20
ExNHHLqQDiYdMbzqesSpGA,1.0139494984159582e-05,8111,birank,21,20
ZFhNIqxf4CEImg_EvF2anA,1.0139494984159582e-05,8112,cold_start,6,20
r0LJJomHdpbmb8RkxtsbZQ,1.012278419442443e-05,8113,birank,58,20
RXhvlDppMyw6vhTxQX5kSw,1.008182665553624e-05,8114,birank,73,20
1AJHVnRGxTWNMaFbIUbWcg,1.0053057399455437e-05,8115,birank,40,20
LDlpHfx0qjIkoC6Hk9UU0Q,1.0045216491039594e-05,8116,cold_start,7,20
tvlElS5cQ6YVEVOb34ujqQ,1.0045216491039594e-05,8117,birank,25,20
LWxplpZ01XtgpkSBSicNCQ,1.0039162994677923e-05,8118,birank,48,20
__2LkeVwTuKar5AE95Idzw,9.980126773427877e-06,8119,birank,29,20
WyV5R02-feXJUTIs53Cm-Q,9.980126773427875e-06,8120,cold_start,8,20
nu271G06WiOoxi5QEhmvnA,9.9797540157503e-06,8121,birank,45,20
v_QABT3I_rG8swgkiEu3Jw,9.960610061484538e-06,8122,birank,61,20
RHKhrJeq5iDRxYgobK4mCQ,9.951035064645582e-06,8123,birank,124,20
OTK-1bXfze5elfqYIHmfIQ,9.91884205697205e-06,8124,birank,26,20
x4CW-FWI7BslcgBYK3gcDA,9.91884205697205e-06,8125,cold_start,6,20
MPTi75aYZzjuKXB8e9jvBQ,9.886952953027646e-06,8126,cold_start,11,20
VU9rKbmrj_Oh1VLvUI_yZg,9.886952953027646e-06,8127,birank,22,20
5DSOl68ua27nwknuiFUHhw,9.883106729579683e-06,8128,birank,78,20
WQx928GOxEAIbKWP8GWPuw,9.840260567012298e-06,8129,birank,138,20
jC9Fn4tGGYbJg332IJ4MHA,9.783781411441623e-06,8130,birank,62,20
R6n618g5agn5lYIp3TnEyg,9.76106149525146e-06,8131,birank,59,20
Gtn4_eWhhkjCVI613L2ZqQ,9.739891123957719e-06,8132,birank,63,20
MK83TvLeXUkyQwAzO4Mpdw,9.738273074084198e-06,8133,birank,50,20
5Bn9CbdNYnZMDYryh6n_0g,9.729109783494183e-06,8134,birank,44,20
YEwmI50bso_LYtuivsdwiA,9.697646603096626e-06,8135,birank,141,20
hr-hd7kkdy4GWocTtj9EfA,9.66903482032834e-06,8136,birank,28,20
vwT-Gac13DmYw4ij1ksbvQ,9.6619090989422e-06,8137,birank,54,20
mFXzS0ogBF8fc_mMMGSLDA,9.642368723089273e-06,8138,cold_start,10,20
pl3uFIN3os6ZAkrhXh_mIA,9.642368723089273e-06,8139,birank,36,20
uN9d_m0ZG6KM4zYVUS-ZDg,9.628017389149958e-06,8140,cold_start,9,20
VPb3USr9Nm7JjtmsHPRo7g,9.628017389149958e-06,8141,birank,39,20
Oh7d7ExBxbIP33KkH6QG6g,9.605388368580527e-06,8142,cold_start,19,20
lc2iVDg4kjwewPoBrSwqoA,9.605388368580527e-06,8143,birank,34,20
T4RdefWsIRfo_36Bv8X15g,9.584900049689091e-06,8144,birank,62,20
kw5EFL8mX4IMd7bQyL5Jew,9.522015430194672e-06,8145,birank,56,20
SfpJLbqHjLTR6FZ0s7upXQ,9.513239696353662e-06,8146,birank,47,20
IC4_eqxeqLqN0P_6Zqa6rA,9.492129798132774e-06,8147,cold_start,16,20
_xRXDraCnehWW4mpMsfP2A,9.492129798132774e-06,8148,birank,27,20
XlbFKW_Keun8qh1S5m3QgQ,9.486456938204908e-06,8149,birank,171,20
6H5ZA66G7zmMD_OvipRS5A,9.475777650397898e-06,8150,birank,36,20
GDtcIsIfH9Up8E-Mls5XCQ,9.475777650397898e-06,8151,cold_start,10,20
BC-lnlxVEFFU49CUmikmAA,9.469359403964657e-06,8152,birank,54,20
-Kro8CtHkk9Ge9MMDK8t7g,9.46653849108713e-06,8153,birank,44,20
HW1RPSCFfLyBe2pT7_E61A,9.456860135888604e-06,8154,birank,20,20
e9aorf7A7aTRh4C6_vpgnA,9.44327176535112e-06,8155,birank,68,20
KuKZc8RDUJdNCbYRQjkFEg,9.439775433397476e-06,8156,cold_start,19,20
z4M9rU6CZjHG8qm4xlUurQ,9.439775433397476e-06,8157,birank,31,20
JTHHrV0VO99HF7lfazZpOw,9.430950930036852e-06,8158,birank,22,20
o2547RNviHXFBXIzGTatlg,9.430950930036852e-06,8159,cold_start,8,20
KbrWEdC_jbn1lOLk-M3mHA,9.41446325358574e-06,8160,birank,116,20
dr_nIjj7A0PYfaN6qS2yng,9.381936906522445e-06,8161,birank,37,20
ee90xw9wB5-2JBlcqEDa1g,9.381936906522444e-06,8162,cold_start,6,20
bTVY4S3fC-ZI4-Vy-fvCsQ,9.363701931114028e-06,8163,birank,50,20
z00F0RSAGimvSU9IrTevOw,9.352982108595022e-06,8164,cold_start,6,20
SO0dcsQP6I83i4QIZg0Y7A,9.352982108595022e-06,8165,birank,25,20
tUAG5hK3O3M52isPh98DMw,9.337875370257025e-06,8166,cold_start,15,20
yBz96I6CDRDDA9rYchHeUw,9.337875370257023e-06,8167,birank,23,20
xc-Uaxg8wbjEKapkGNd44A,9.307543591142403e-06,8168,birank,20,20
bWJZiwXPWgtlmDDyt-YCEw,9.171323280700716e-06,8169,birank,348,20
V6BZHmkKGJSGp_SDpVVKUw,9.169382887225909e-06,8170,birank,27,20
rPZVLJ4QucRMNIlR-VYQHQ,9.169382887225907e-06,8171,cold_start,7,20
ym3e_a1L4gyKZWU1-LuRYQ,9.16472600382118e-06,8172,birank,59,20
XBhY2uL9rijmAr21bK7cRQ,9.112420946449298e-06,8173,birank,207,20
YHVrrdOqBEwRrW5XiNm3Fw,9.073557137671673e-06,8174,birank,22,20
nzGPYlzhmvCxTfPKKRQurg,9.073557137671671e-06,8175,cold_start,9,20
X_1RXvYxdaaTXJp3lo0xYQ,9.05477516996718e-06,8176,birank,47,20
enF3lioValNS3Bwic5nB6g,9.025009755702149e-06,8177,birank,88,20
3uvFklejzRPwEPEZQ5vHYQ,8.993595494655748e-06,8178,birank,102,20
y6_8bLLUTLZWMYu4JQq_hg,8.956618719729991e-06,8179,birank,56,20
Y8IzgicQSkxNsewSzR7NLg,8.954329812874939e-06,8180,cold_start,13,20
UMyRtM8TBLHrfDoA6us3zQ,8.954329812874939e-06,8181,birank,28,20
ljEM0v_KClcruWn22B_V7g,8.924454405776675e-06,8182,birank,146,20
jcXkAf-4BSsDNVhTHn-fmg,8.904193841706019e-06,8183,birank,33,20
8xV1PeAKQ64uJUTrqqe34g,8.904193841706019e-06,8184,cold_start,6,20
1i42ZlDF5aKDpxHNjDf9oQ,8.893196676548827e-06,8185,birank,21,20
wlzn5BhVMS2Kz3BYcTZIRg,8.886096412979604e-06,8186,cold_start,7,20
Yup2oUK2tKI2vvHo3kmscA,8.886096412979604e-06,8187,birank,32,20
HkhqlX-GOrm96yvG3wHZqw,8.880457738225053e-06,8188,cold_start,6,20
5tzgmPDeHCwfZbs2YObMaQ,8.880457738225053e-06,8189,birank,37,20
fvY3H_jCM3yiogUstXsplw,8.872856903277431e-06,8190,birank,352,20
_qidWi35H30-Rjn74a6ORw,8.848167213471414e-06,8191,cold_start,15,20
hWOLLCdf-c5X6qTXpUgOdA,8.848167213471414e-06,8192,birank,21,20
48zRWlrJVh1rcpTQCIRvJA,8.782254846825714e-06,8193,cold_start,14,20
-RZEK75brNtAA6QmDU365g,8.782254846825714e-06,8194,birank,32,20
N9gF1pYdptTrH1thC7dX9g,8.762349401036578e-06,8195,birank,324,20
-QbbFXdiWQb2vKaDIky4Pw,8.76227295260725e-06,8196,birank,102,20
AEmQSOm1OKR5GhxZtTOXeA,8.73230338005665e-06,8197,birank,35,20
uVNzMzly3ICsE_tgR-IlqA,8.73230338005665e-06,8198,cold_start,7,20
LnnWq5-4pTnBn96E3lQygw,8.705493166187863e-06,8199,birank,58,20
02nUjwVmJGTgGyiIi-hklg,8.697691554787468e-06,8200,birank,34,20
5ZjEI6N5iZ_ACQEjlfABFg,8.660458001360531e-06,8201,birank,92,20
nTXcWsIA8gPpnNYrmmkhKw,8.646642225233519e-06,8202,birank,33,20
wZjHlM6t-kMhnPDaeGzZ8g,8.646642225233519e-06,8203,cold_start,10,20
o0jh0G07cEmL4EYusZe3JQ,8.630684393945323e-06,8204,cold_start,10,20
EJPhcvVqYi6Y1dhDQXP-bQ,8.630684393945323e-06,8205,birank,32,20
zaCX8VFkfunbp3yH60Zg_Q,8.575766177945627e-06,8206,birank,66,20
Su1Ghu4OcR0d-xDLGPkNYQ,8.562146669225375e-06,8207,birank,60,20
E8nFvonCaW63W9d3zUYhgQ,8.550037931077366e-06,8208,birank,33,20
F8L-u2wn5zMNVA5NZNL06Q,8.550037931077366e-06,8209,cold_start,9,20
LrZ5-YoLk-n6OsmE7NUskQ,8.523748969436085e-06,8210,birank,161,20
N_VbYQo9tDf6sXG5hfVV7g,8.448736103229273e-06,8211,birank,22,20
n10ZO6Bx75kqYtQg6pkJdg,8.448736103229273e-06,8212,cold_start,10,20
Trag_neVzNhujsh-hdfg4g,8.397240050413201e-06,8213,cold_start,11,20
XVoCYNFCAG8CrLYgYSIe1A,8.397240050413201e-06,8214,birank,26,20
z5c4GinIQ5COwvBCeF05hA,8.386710613545277e-06,8215,birank,49,20
4JkBNoIPKJIxyPsuUgO7xg,8.36637281151371e-06,8216,birank,21,20
J0E_GEsvDNS3I4TEfyKdtA,8.36372152152822e-06,8217,birank,20,20
pvC022Q2HIsSg0dNksS7bQ,8.36372152152822e-06,8218,cold_start,9,20
dg3w68b9e4pJsdeCv5pHVQ,8.363209208604409e-06,8219,birank,156,20
L24ouhO2blekpFZZXIgR9w,8.336584171221908e-06,8220,cold_start,12,20
GEtK2S6zALXgsjKjK3abJw,8.336584171221908e-06,8221,birank,21,20
zZrDoiQIUmiVkifJx0h_KA,8.32437418360636e-06,8222,birank,28,20
gGV8GLMIikXGegF0NWS6Pg,8.32437418360636e-06,8223,cold_start,12,20
_PlmFAlaUQHdQN6rli0gzA,8.300042828680915e-06,8224,birank,200,20
RTEaH3i8X3yCLNjOdPw3Pg,8.28314321276213e-06,8225,birank,48,20
GY0OfiGt04kur8WlviKacw,8.248700051063167e-06,8226,birank,303,20
YAmFD_UJbQz5kUc6dXU7MA,8.2454467793568e-06,8227,cold_start,10,20
cyVZXj7hL2wf4b-3UMD6Gw,8.2454467793568e-06,8228,birank,26,20
xRbgH1yBAo6_NWBUlYtYEw,8.244663696265875e-06,8229,birank,47,20
XTssUDUwofqaVzaJ6fG_-Q,8.19775377616241e-06,8230,birank,40,20
Mhg8jHWHgX8unab5u9hmvQ,8.166952174227932e-06,8231,birank,31,20
x-64ogehwhEXOfo_NEE5mw,8.166952174227932e-06,8232,cold_start,9,20
dXmx686sTWcyTHB0vXm5JA,8.142476383204322e-06,8233,birank,21,20
INi3exwj3hUpWFoyEl_OGA,8.118542477253782e-06,8234,birank,133,20
DocA3jtIJET0ZM5Xbai85Q,8.06629832189331e-06,8235,birank,23,20
KWKtIQ2-JvyVwYCc-PFHDA,8.06629832189331e-06,8236,cold_start,6,20
kka9G6czM7e7QdXFQbRo9A,7.980035402338877e-06,8237,birank,61,20
P_5OkU8s4hknUSesl6kWhw,7.971082116582487e-06,8238,cold_start,10,20
n07XNC-z_uWZWG8xJZ8YfA,7.971082116582487e-06,8239,birank,27,20
bXhp-p5IHO8cNyznY94-SQ,7.914084696534422e-06,8240,birank,28,20
fQtplZtjIkYenwhxSWim2w,7.914084696534422e-06,8241,cold_start,14,20
8ZN5M6bUQ_KWo8YbxYSVPA,7.889644645631379e-06,8242,birank,24,20
2MKTSjcis749QGzm0vwFXw,7.889644645631379e-06,8243,cold_start,9,20
iQKlDgXiM1B0pcKtxXsJHA,7.85912577503071e-06,8244,birank,21,20
lYxKXvDZGX9a3RwGuu0tPA,7.835326201575158e-06,8245,cold_start,7,20
z6-Nxhr-JX4OBOpmknkkgw,7.835326201575158e-06,8246,birank,25,20
VPH9GIz6rxoL3eViEbRmow,7.793655139294324e-06,8247,birank,21,20
mPUHKEOvrmH-uLzvzrOt-g,7.793655139294324e-06,8248,cold_start,10,20
2rnDTrLx9yiWnfDX2P3EFg,7.773276337567615e-06,8249,birank,109,20
6WJ-dFE9axF2o55NQWrNgA,7.763296772002835e-06,8250,birank,22,20
sTQZ6WHggp7pBnn7mW7y0w,7.763296772002835e-06,8251,cold_start,12,20
C3roKH0ekXBz8l0ZoUIvAA,7.727702267087053e-06,8252,cold_start,10,20
alIV10COVIoLpd8-jqAx-Q,7.727702267087053e-06,8253,birank,28,20
fMjyjqrtqNWjHIMfH7vkgg,7.63639751419988e-06,8254,birank,23,20
B-Ycnm-uf2hkweGwHgDCig,7.63639751419988e-06,8255,cold_start,7,20
OO5oDYrIYlJaoFAFetrW-g,7.617306520414381e-06,8256,birank,45,20
aDSfrxqOf8lelQ9Ofqt1tA,7.549000432259769e-06,8257,birank,25,20
fFA6bjWbq724vB1tW4V9pQ,7.545507241421222e-06,8258,birank,33,20
YFIk4noVT4mrdF2fiEr85w,7.545507241421222e-06,8259,cold_start,7,20
jiWx3be6Q6KftyK9M1_mwA,7.5282730675783696e-06,8260,birank,26,20
qbt1zCsv5aDQoGGjTfbV2A,7.5282730675783696e-06,8261,cold_start,6,20
UDbFes4IAGEL9C2rbPeUKg,7.527204970592244e-06,8262,birank,38,20
WQu3uaCOoBsJFCrv-RvBNg,7.527204970592244e-06,8263,cold_start,8,20
X3Aqv8WpZEaaGAc2kRqw8g,7.509808969700545e-06,8264,cold_start,10,20
liqVJX9k7jCqk9JohlosPw,7.509808969700545e-06,8265,birank,36,20
-mc0GB26tKLQhxKpuR3xUw,7.401240072473981e-06,8266,cold_start,10,20
AorcIbAAOJI7z0CBwICwoQ,7.401240072473981e-06,8267,birank,31,20
axLfdXz-hV7_ev2Ne3s9mw,7.355738477603435e-06,8268,birank,39,20
V4sRdCecoNS4Uw5LARxVUw,7.35115452388946e-06,8269,cold_start,16,20
J3v9wfVtxcQ2DZPXgE8ksA,7.35115452388946e-06,8270,birank,36,20
EPiFB9rj-RXf8VHdpVV67A,7.2649195666511165e-06,8271,birank,65,20
em474WuTw7-OkhPfX4EohA,7.254577638489887e-06,8272,birank,39,20
timmWUfeZ0ES0-mGnY5E2g,7.254577638489887e-06,8273,cold_start,7,20
byPSaXuK8HwXsFqvt7MHAQ,7.183895588061651e-06,8274,cold_start,6,20
OIecFe6Zum4pqPp-6C-spA,7.183895588061651e-06,8275,birank,22,20
UWDjZ6ljWGoyyv1pHrztMA,7.169623071293106e-06,8276,birank,49,20
eQAre7prBUzRQOppgnI4XQ,7.128444080813087e-06,8277,birank,52,20
aG8XkIE_TMkr_QKSfaFBBg,7.100695225293098e-06,8278,birank,54,20
9YxqrKuDxwbMqcbKmTQFtQ,7.0951576409720964e-06,8279,birank,37,20
uGqgf0SNirwrezTrv3GLJQ,7.095157640972096e-06,8280,cold_start,15,20
czaPJbUz2-Y8_t2bBN7djw,7.069590768064992e-06,8281,birank,40,20
i4aX6gdfDMU6OquZp0f-4g,7.001833212129337e-06,8282,birank,38,20
nlBbduGlFLoHMQ1Icln3Nw,7.001833212129337e-06,8283,cold_start,7,20
_L4N2qjUUZWR9BELd4oemg,6.99727364993354e-06,8284,birank,109,20
X3AVbLMRGMmD5B-lH0OpQQ,6.955902080946477e-06,8285,birank,154,20
UmrZshqaASb4yA_LjS9D0g,6.951294081329755e-06,8286,birank,113,20
b3Tl3r8P4xWX0mAyESO1WQ,6.936047654902333e-06,8287,birank,23,20
Hoe1rNQzFe-5BtuOA3MpYA,6.894612552517818e-06,8288,birank,35,20
Ds7-VDtQHwYmrHVXEZGRUA,6.894612552517818e-06,8289,cold_start,8,20
VuHknGPkwb7Qjv_EzEdK0A,6.862544819065031e-06,8290,birank,158,20
QAZvQiR4c_wAlG9qrGJEQQ,6.837176639743447e-06,8291,birank,245,20
5EGhvgDt_E-JPl4EhQkOtg,6.724338996279517e-06,8292,birank,116,20
2gWAivEMugrIdrl0aol8IQ,6.712262398357678e-06,8293,cold_start,8,20
4t1VMmixGuvj6jKhWGLVWg,6.712262398357678e-06,8294,birank,22,20
f3xbrkFqjahlcOs8NSkNsA,6.670996517443079e-06,8295,birank,22,20
DBpOYGNEwA4cC5xhJ6T87g,6.670996517443079e-06,8296,cold_start,13,20
EN93aHUaowPXDXXv01PTZw,6.670001777377589e-06,8297,birank,51,20
o7mN59QlAoL6dJctc014MQ,6.600053306927406e-06,8298,birank,41,20
nLjDhc5lzWe6g5b6iUpzMA,6.58957468829498e-06,8299,birank,22,20
Zxt3eTFe6M0AJ7ZYEbcwJQ,6.58957468829498e-06,8300,cold_start,9,20
t__uF8kJWMYlWGGJ84pFyw,6.5402943720804616e-06,8301,birank,26,20
rx1VeHzhyLdMSjdHqU5f2A,6.528299221061884e-06,8302,birank,97,20
p2SakAsYqdAvLqPpAhkekw,6.523475253852169e-06,8303,birank,58,20
Kyzpu6B2laW6MYJFhRoPOQ,6.484141299121406e-06,8304,cold_start,14,20
mhkPodUyu4xQe5QBXXlYdA,6.484141299121406e-06,8305,birank,21,20
zY4ObZaMfkguE37G2gmabw,6.462088621882315e-06,8306,cold_start,10,20
JD2SkbWJFpKyMZjqzT8fdA,6.462088621882315e-06,8307,birank,33,20
-Ot1Qa0V3wNVUroZmItMyQ,6.4576392492289075e-06,8308,birank,42,20
QZqNkjxX7xNg1RPFFVhB5g,6.411425928910078e-06,8309,birank,49,20
DDFnIMsUjCHVOE72y86TfQ,6.353090523237967e-06,8310,birank,57,20
n6zEr09OC7WigrxfQ4rjQQ,6.310317377743369e-06,8311,cold_start,8,20
rZd29McH59UhpsXfDXf_Lg,6.310317377743369e-06,8312,birank,31,20
1rN5JlJuoJxHppuS49qxDQ,6.277140427573437e-06,8313,birank,44,20
Nj3tEe9UtEa7SyGunl7Y6g,6.248679759033214e-06,8314,birank,36,20
22DNKxXIMwjcYa1DFebfqA,6.248679759033214e-06,8315,cold_start,11,20
XeTD0c0EH4-XSFfvfArq0A,6.247773417840142e-06,8316,birank,105,20
2dVJ7R-3JMmu2v4DJYtBbw,6.218209404419903e-06,8317,cold_start,6,20
RQpPCFJwPaOOCqX6S3nujw,6.218209404419903e-06,8318,birank,28,20
QnMTRCUEOgYBc3niKCfaUQ,6.1933539782399166e-06,8319,birank,94,20
Hf5d6683-zPMmN0tQWi7BQ,6.144467818534154e-06,8320,birank,68,20
EGSR3XIGuwa-CLAQnJmqdw,6.121049882475843e-06,8321,birank,23,20
hjHWlYtCRLg7CjAIvtUGGg,6.069215107780465e-06,8322,birank,71,20
_iUlEsWFSQrvujrIssuMNQ,6.018855602974128e-06,8323,birank,86,20
QQHRhLed0B6aGqkQOSJr-Q,6.009546760721577e-06,8324,birank,109,20
d-1UpPNpdDvEIGhTdEzdDg,5.98675793319696e-06,8325,cold_start,7,20
DzAiKgi0HH1wDzAt4aEd7g,5.98675793319696e-06,8326,birank,39,20
8GV2FoK0nkVKC6xMoKNKHA,5.8825358005897495e-06,8327,birank,118,20
mlxJy8BKHKpRglLXWCyoNQ,5.843957216237485e-06,8328,birank,41,20
R9qdziBWlg89-wHm47SMWg,5.822753104577409e-06,8329,cold_start,7,20
XfSRXmUwaCRzxFl9cuVNiA,5.822753104577409e-06,8330,birank,25,20
o1j6x_XniimFUe45JIusBw,5.744546295895712e-06,8331,birank,58,20
Pn5Suxh1K5Af4wn24Tqswg,5.7129798903107864e-06,8332,birank,80,20
YP8qxvmUKHdgZiJN0oCKLw,5.706054850467036e-06,8333,cold_start,9,20
-7qO7OvcQS7t6v6uHxDAxw,5.706054850467036e-06,8334,birank,31,20
jvjhFWwbnyn3pqWnBaW_0g,5.683260507127897e-06,8335,birank,46,20
CzoyGCILGH7vp2esOCutdA,5.6647142410195966e-06,8336,birank,101,20
ACVar6kJC_P2aDHDBx6N_Q,5.632966166356854e-06,8337,birank,26,20
xywaDaIL8_udyftSvgPmAQ,5.632966166356854e-06,8338,cold_start,9,20
S5VH9dR3nCgNO5C0M_HttA,5.6150290238441034e-06,8339,cold_start,17,20
riMs1_xoDD143yY4i1QVDQ,5.6150290238441034e-06,8340,birank,25,20
xvvKErRSIryWpluElU9kJA,5.608783444960302e-06,8341,birank,26,20
WGAG5zFj044C5BIhCjT17A,5.5799007875268e-06,8342,birank,22,20
ERHyEolZoa_QDG3L-5quxw,5.5799007875268e-06,8343,cold_start,11,20
UMEnB4wdUFlBPiAj3iEJnQ,5.575814347685479e-06,8344,cold_start,8,20
mqI7dRVusi8Ktwvx5-p0hQ,5.575814347685479e-06,8345,birank,21,20
2tsyQ6I1hjqAmRdnrTV94w,5.551468478600266e-06,8346,birank,87,20
J8on84cuYSeLXYuzgc9xJA,5.495302177652301e-06,8347,cold_start,8,20
xTUcyLMpKTKm6miCN_4VgA,5.495302177652301e-06,8348,birank,21,20
nIitlcVPluCbjA6fbKJhJA,5.466298884946051e-06,8349,birank,100,20
pdrSPbOJVsvTZpAfU2nddg,5.3578403859970984e-06,8350,birank,20,20
skzs_McPObYVqUUzXK-E7A,5.3578403859970984e-06,8351,cold_start,7,20
nt3s_bLQirMU2WysUQ62Sw,5.255349654039304e-06,8352,birank,92,20
gLPlHz4xHajEWqQ88w8_tg,5.1644531359739145e-06,8353,birank,172,20
8t3a6XoVbQ0nAOwCzpEsaw,5.161865559666027e-06,8354,birank,55,20
YgZwJJDb81jcPHLjJ1mYIA,5.138846327202744e-06,8355,birank,52,20
SHlngye8ADgmOcU-oXjXaQ,5.103220131903232e-06,8356,cold_start,8,20
_czjtkS_XllCJi_1vBc_sw,5.103220131903232e-06,8357,birank,29,20
ol6Z_mQyAEKI3bW4Cd01sA,5.078204346942921e-06,8358,birank,47,20
7HznGpvXxOP3ILOvBxG8hg,4.995178223875776e-06,8359,birank,62,20
mIwPIJqIqAaDVZHJTtodbA,4.993509908537468e-06,8360,birank,90,20
tz__wL5D6vb6g3f7Xda84w,4.9913804582122015e-06,8361,birank,45,20
K5WTakHfyimdWZ87QJJPUg,4.987522126461797e-06,8362,birank,30,20
aP_1cPI9DflkfaTSSxakAg,4.9000409597162635e-06,8363,birank,28,20
jh7ltUh43BuzmgPaTf4MWQ,4.9000409597162635e-06,8364,cold_start,9,20
VjDJV7FrrgRnOauV86NTYw,4.9000409597162635e-06,8365,birank,27,20
DPih_TVOcKR-CyA6K13j9w,4.9000409597162635e-06,8366,cold_start,6,20
-QG6KSRQKTQ80--wqrnLTg,4.841719621022094e-06,8367,birank,51,20
S9w3hD8kv5VIIJZ6t5BvwQ,4.705721915828142e-06,8368,birank,35,20
3lLHM-cAPU5VwJC7u7581Q,4.705721915828142e-06,8369,cold_start,9,20
UWg158bSV1C68C86u42EFw,4.595628298410503e-06,8370,birank,53,20
JPmd9szvz_YI8_LtcwixFw,4.581715140253281e-06,8371,birank,91,20
U95M8QQ5kQGnZKQ6HVAFvg,4.499511774005706e-06,8372,birank,120,20
xgJMQq0uVY4KB9EfnccXzg,4.4937754943517325e-06,8373,cold_start,7,20
JG0MsBKH1blxSzOgg2HjQA,4.4937754943517325e-06,8374,birank,30,20
41Z0d7AvmK5lgzjFuGzrHQ,4.433675254384771e-06,8375,birank,37,20
6BYBoDOsxYQMTHFTD3L1mQ,4.3527465830939325e-06,8376,birank,29,20
L1DN799Mg7DS3XfsI3FHKQ,4.3527465830939325e-06,8377,cold_start,7,20
KkhEGIVQAsfg-LCEjf4oqQ,4.3527465830939325e-06,8378,cold_start,12,20
pTDG360oGFvWJV29BY0tSw,4.3527465830939325e-06,8379,birank,83,20
avbMNfxpo6A1A5ldMAJR2w,4.3527465830939325e-06,8380,birank,70,20
eYQIJF48xAOCrmtLXdv8iA,4.3527465830939325e-06,8381,birank,20,20
fUPT-1LNMCJeZRrQWy67lg,4.328844686011985e-06,8382,birank,166,20
y6qX5EfymzNEei5Ry45hHQ,4.314000290973788e-06,8383,birank,180,20
j1CCLERiAMYSvCPhDmJN1g,4.152312772463942e-06,8384,birank,174,20
lPday_z2XpRJqbFWyCh6dw,4.11278214759938e-06,8385,birank,27,20
UHeQx4RkuKqjn4HRHhFjJg,4.11278214759938e-06,8386,cold_start,10,20
3Vlftzk7RIe2z87hAjw1Cg,4.03154905472672e-06,8387,birank,40,20
F8H5zuu_eTx8KpmkgO5JAw,4.030803006074823e-06,8388,birank,63,20
FsWEzgnPsARCH0qmKkWLNQ,4.000686197696629e-06,8389,birank,67,20
yueX2QEsXa5_mTsp_CffjA,3.964863425558125e-06,8390,birank,71,20
fVkyuNElYY3AO4a3SxchCg,3.857377187614444e-06,8391,birank,161,20
jv2Wc3-j8Q225eRgq2JLvA,3.853867364536714e-06,8392,birank,53,20
h71Bxbv009IEmwsMzdWZ5A,3.7695957082097232e-06,8393,birank,28,20
ThzzKyJvXDKmrFvc7SBOoA,3.7695957082097232e-06,8394,cold_start,14,20
8IV78gQwTH-eZgbfFS_plg,3.74870647019726e-06,8395,cold_start,6,20
2ZrmEwoZW7Na-JVH9dM_Ug,3.74870647019726e-06,8396,birank,31,20
vv6sIXQHy4JQzaG4mt9jvg,3.7221676012372664e-06,8397,birank,38,20
rydGLnO6XqB5OIUuGDVMiw,3.712942150933733e-06,8398,birank,24,20
9FNrCSiR6s5oYNyxGv4DtQ,3.712942150933733e-06,8399,cold_start,14,20
Ck_VER3teqjj_8cuVkB1EA,3.6963896455686127e-06,8400,birank,23,20
8dZbYgJxNgKd9G3kHWmQ6w,3.6963896455686127e-06,8401,cold_start,12,20
shwU_rE-turuyGBYHeolNw,3.609620369890756e-06,8402,cold_start,6,20
dBuXIPjZFl1u8WZkSsyJ5A,3.6096203698907557e-06,8403,birank,28,20
Z3AabbdzSsxPPC8Kgbar_Q,3.465727678305323e-06,8404,birank,84,20
ZUwdkXBcXAxNnz0sQnw34A,3.4596410166747994e-06,8405,birank,84,20
1et8GvbWnXrClLli988vJQ,3.4358031921329697e-06,8406,birank,30,20
BOeBIWjryCt0EyrlAeqTMA,3.4358031921329697e-06,8407,cold_start,6,20
E8DYhqJCjfWm6RsEbQesqg,3.4005832680421348e-06,8408,birank,175,20
AhexobOXNdhg5CuO2tdtlg,3.364441803357629e-06,8409,birank,72,20
3qFBE73XxxZRlc6uqZvb-g,3.344088729614055e-06,8410,birank,21,20
Xa-YvpwIQ871AXJPDH_rKw,3.344088729614055e-06,8411,cold_start,11,20
8F75isJz4UF_5LFsyf80HA,3.286533101961402e-06,8412,birank,27,20
NGK31ST2C3sT1uwNtAeFdw,3.245983525577685e-06,8413,birank,68,20
WaHCrE9gQrVh0ANZ4kR7Lg,3.1381120158217953e-06,8414,birank,42,20
ii4nKLMiivPFktWxo1lC5w,3.109104702209951e-06,8415,birank,40,20
UMdy-hcoLE5-zLgCrURvXQ,3.029726428459069e-06,8416,birank,51,20
HOUmGe9ij2LS4Vnzqi_Asg,2.8960118754720323e-06,8417,birank,32,20
FLxLJ4DzXRgsQSUpwe5Q1g,2.8960118754720323e-06,8418,cold_start,7,20
bFQ4ikRVhPDHUyi6n5jLag,2.8115407200508775e-06,8419,birank,81,20
ULc4qSFQ4ISBs0SqlxmHdw,2.3897432220907863e-06,8420,birank,57,20
u3uB0GD7cVf5NC-AFHdwnQ,2.2858188381304945e-06,8421,cold_start,11,20
5Xo3oIX4IQ6elHzQy1lEDw,2.2858188381304945e-06,8422,birank,24,20
M5cX4IYSKpqcr9U7U2zuJA,2.1763732915469663e-06,8423,birank,58,20
ph54YN8EgbbDjJzW8agf2w,1.9252532963684703e-06,8424,birank,42,20
1pwtjoNAoi7kIXqf1Z-AXg,1.7184664322793198e-06,8425,birank,63,20
d6PFud28NVgYtrgOs9vkfQ,1.29579203658046e-06,8426,birank,112,20
uVXm-khx_kNEnhKLgn8jUg,1.1964071067974326e-06,8427,birank,73,20
KPofPh5SmzKumg-PpbAEYw,1.0881866457734831e-06,8428,cold_start,7,20
5SIXBmfYWS2dVlIm5EER5w,1.0881866457734831e-06,8429,birank,22,20
X3Qa-dXb2DFdZZ2UnAfSVg,9.06822204811236e-07,8430,birank,21,20
Y7CyVy4yXkpYUfQyKu9ZYw,9.06822204811236e-07,8431,cold_start,10,20
d3v51cMiLdNvn0GevIQDeg,6.858319196051363e-07,8432,birank,71,20
1z0anwqdzkcarPVk8zg4cQ,2.790222168649957e-07,8433,cold_start,6,20
W6Grhi3XihW82rKQKPycig,2.790222168649957e-07,8434,birank,22,20
myKiQiaRJsPfYnlSW7_qEQ,0.0,8435,unranked,10,20
bz9kF7xBaFk0qXwzmzUSPw,0.0,8436,unranked,8,20
fiE7T-iWLTFFW5lVKe3bJQ,0.0,8437,unranked,6,20
EzHUZ4OqRKASptcx4qiYjA,0.0,8438,unranked,8,20
ri5slg2kpEzD2LuGLRGSMA,0.0,8439,unranked,6,20
fi4cTVUS6_C5pvXyddZQ4A,0.0,8440,unranked,6,20
k04LCpip1Aow0HUGX1OQtg,0.0,8441,unranked,11,20
a4kvfeqeM5NvadLr3ehIcg,0.0,8442,unranked,5,20
d2Woy2Ocuj2P2FEB6_GeYg,0.0,8443,unranked,5,20
KvZRlwOy1vk1nliD9lW3zA,0.0,8444,unranked,11,20
KZIuyooXzm7Y0x78YO7n8Q,0.0,8445,unranked,8,20
-8oD6dtRRUpkIFSkJ46UqA,0.0,8446,unranked,13,20
KwnSALoRCfIwa_IP5aHqhw,0.0,8447,unranked,5,20
fzt_W-vCaq4iGactb07VwA,0.0,8448,unranked,18,20
3YeGKN_HFj--UmzZrYviPA,0.0,8449,unranked,8,20
FC-TYbSmomccxWdmeo23RQ,0.0,8450,unranked,15,20
kG7VAFl67L0syjVhjYj5ZA,0.0,8451,unranked,9,20
ROmLv3sVsXqZX3fOZvAh5A,0.0,8452,unranked,6,20
HaD5ujravYVhw-Ob2-q8Vg,0.0,8453,unranked,16,20
YJ4jzBFJU2EJhM-zatdLRQ,0.0,8454,unranked,6,20
-CLHHZzNmv1DYqyNQmlNtA,0.0,8455,unranked,11,20
UDM7TDJwu-JT4HsCYZkOcA,0.0,8456,unranked,7,20
GO6pUQAL3_g1GesAxI5CHA,0.0,8457,unranked,6,20
IimPOohIx7TZfwmWhmdmfw,0.0,8458,unranked,17,20
pfeuxzvUVRZCv-_2uX3p9g,0.0,8459,unranked,6,20
GZa4ZeND0gwKtdnMtRCM4Q,0.0,8460,unranked,5,20
613euL4IockQDQ3tFi_M6A,0.0,8461,unranked,5,20
gOlC00rXT7bgUGleshi6lw,0.0,8462,unranked,6,20
GiU2GxSq-LV6pw1LWpaWLA,0.0,8463,unranked,5,20
xScOMFp3aWwrcYlIi9PzSA,0.0,8464,unranked,8,20
ydpTeUOS3fvu3uP47s-_Nw,0.0,8465,unranked,5,20
OET9aa_ks6FmWaImk_CX1w,0.0,8466,unranked,7,20
tgUgn5pq8uThma4iB62WYA,0.0,8467,unranked,6,20
stL1yXLf9C85ZccQx-ySXg,0.0,8468,unranked,7,20
sc-ODc3ldfGGBOPy_k1uig,0.0,8469,unranked,12,20
lnhPbN6idRuYQrdG-XLWgw,0.0,8470,unranked,6,20
UMWt0rIuIgZlGkDD98xDCw,0.0,8471,unranked,5,20
LwBUbOQhi3KKzmJCD7WrDg,0.0,8472,unranked,5,20
9N3rRQEoCN2or2byuSVJvQ,0.0,8473,unranked,6,20
ec2JpNIEH0-eqwAL-5FiWg,0.0,8474,unranked,7,20
P2ZNB33FRQBdfKYGeS8irw,0.0,8475,unranked,5,20
tWacrK2PCQZ1Q0aQ2PFJRg,0.0,8476,unranked,8,20
UYIr1d1zJr3jVYhXOoxyLg,0.0,8477,unranked,5,20
9b1zwZatzcDYNNVwfiBrjA,0.0,8478,unranked,8,20
VJnq2lgXILRaGuXXlmRztw,0.0,8479,unranked,19,20
M1KxFuaHGggIG2g_Z9qsPg,0.0,8480,unranked,8,20
fM8SEJJndoP2oRpJDs6NgQ,0.0,8481,unranked,9,20
Pmb8DDl9ATf0Q8pIev13ZQ,0.0,8482,unranked,15,20
XGkFv_oFBVlEHGUcleCZdg,0.0,8483,unranked,7,20
52uM8Yx1DO3o8-w0kYDaGw,0.0,8484,unranked,5,20
D6T7YvQlBSy6edaIdCLQUg,0.0,8485,unranked,11,20
FUIxs41dRPVebNg6n58pfA,0.0,8486,unranked,6,20
QUZMirD4N4w626c3GA4YAw,0.0,8487,unranked,6,20
0GSUrqeDBwJoZXxTAnmy-A,0.0,8488,unranked,6,20
0F9zfns0Tk5q3XE6zTv19w,0.0,8489,unranked,5,20
hh9NYl_uHKCRoOiXJJRdVQ,0.0,8490,unranked,10,20
QPU2DcnQrkD7cvXB-2pjAA,0.0,8491,unranked,9,20
j9YkV3Rw74YKXABDk7IALg,0.0,8492,unranked,5,20
MYWH-iUxPN97tFWxqlpidQ,0.0,8493,unranked,5,20
JkyEYN3pCk1B7qRuXAUX4g,0.0,8494,unranked,5,20
4rgm4Uaor21vaN14KdocHg,0.0,8495,unranked,11,20
2Eyu9uCg0xbitNE_d4u46g,0.0,8496,unranked,5,20
IyEdPGa9EeZxL_pgvtGJow,0.0,8497,unranked,5,20
JfW344tAqcRaDWbyIpp0Wg,0.0,8498,unranked,5,20
54hp8YAMnI0baeSwbnBxDA,0.0,8499,unranked,5,20
018SgjILDCKLR7gFSEkbGQ,0.0,8500,unranked,9,20
WeU7pN8VmkhxiVD71-pWGA,0.0,8501,unranked,5,20
qLV0NfttUfQfzQDFUWYtOg,0.0,8502,unranked,9,20
Sgp_0NFKVLmqGD7_Sh8jag,0.0,8503,unranked,11,20
SoiO_O-zWB_tjInFX-Ohew,0.0,8504,unranked,8,20
ks0vrdxxoiwhZSeu-pzHxQ,0.0,8505,unranked,7,20
fMIjg71Le9Qf-Ew60xsehg,0.0,8506,unranked,10,20
Nu8aj_v77Fh3prSC_RoDWw,0.0,8507,unranked,6,20
jnZR1Urkc3BtZxEdSctBVw,0.0,8508,unranked,15,20
kxwo6aBZp_sG6Ea5rhiwCg,0.0,8509,unranked,13,20
