business_id,birank_score,rank,friend_checkin_count,fof_checkin_count,social_unique_visitors,social_diversity_index,mean_bridge_confidence,social_boost,social_linked,best_gamma
qLV0NfttUfQfzQDFUWYtOg,0.0013380045601559451,1,,,,,,,False,0.0
AoboRmPP2tFZctiav2VAdQ,0.001150036342466999,2,,,,,,,False,0.0
SoiO_O-zWB_tjInFX-Ohew,0.0011384207977711096,3,,,,,,,False,0.0
szamoM9NWmqMgNmhCIWztQ,0.0009032345044107932,4,,,,,,,False,0.0
pWAmi4uwpLGjInPSb7Et2w,0.0007998863801438461,5,,,,,,,False,0.0
eOdJgsNyROi8TDV-F-_juA,0.0007549536865088195,6,,,,,,,False,0.0
YFIk4noVT4mrdF2fiEr85w,0.0006393211268390777,7,,,,,,,False,0.0
WQu3uaCOoBsJFCrv-RvBNg,0.0006310823750718676,8,,,,,,,False,0.0
l2SdflR7ydSWtxG2UlWA7A,0.0006084736682740544,9,,,,,,,False,0.0
zLULLZsVKZrv7QNn_EmRUA,0.0005762980408864438,10,,,,,,,False,0.0
W3XUQEn7v84t_6uz829ATw,0.0005514015697237996,11,,,,,,,False,0.0
VKgaoJO30VPyl_PFGw0S2g,0.0005495247137986394,12,,,,,,,False,0.0
jh7ltUh43BuzmgPaTf4MWQ,0.0005431983196624673,13,,,,,,,False,0.0
5TZsVq3kBcNB7NVXVjH4kQ,0.0005309284277760693,14,,,,,,,False,0.0
ejQS-q3gy2LS4Y5Q08B0_w,0.0005287109638582365,15,,,,,,,False,0.0
_lzdvo1_8RSiseYQOMozKw,0.0005208400929812014,16,,,,,,,False,0.0
kxwo6aBZp_sG6Ea5rhiwCg,0.0005166999528032287,17,,,,,,,False,0.0
4G9WWWYD_jsklt8WGd_j6g,0.0005141456455618473,18,,,,,,,False,0.0
h6pRlwoIpAxco0CKcVLxeA,0.0005052277180089279,19,,,,,,,False,0.0
ucA1W2jGl-PwKK2gCr05yA,0.0004899347662596952,20,,,,,,,False,0.0
mmSTPGfCVNtR30ymISw6Lw,0.000489410461621406,21,,,,,,,False,0.0
3bXofhF2Jc1bacUL3p-_Tg,0.0004870730533305963,22,,,,,,,False,0.0
pfeuxzvUVRZCv-_2uX3p9g,0.000482125023858436,23,,,,,,,False,0.0
0U9lMTfd1wtf2fkLOTaPyw,0.00047378671515466673,24,,,,,,,False,0.0
bHj1XBczyH84HpDOnj3gWA,0.00046548753797583017,25,,,,,,,False,0.0
EbBing7Y8Y0rjGVfbt9h7Q,0.00046490798555241103,26,,,,,,,False,0.0
k5bldcjsOytNhNGpR_NxDw,0.0004626872520765219,27,,,,,,,False,0.0
ekWuXfvjArUhET3dOUQaxQ,0.0004422432041623206,28,,,,,,,False,0.0
Jkg5qYBqIbZdkMMK62Ix3A,0.00044023557448683655,29,,,,,,,False,0.0
xYiFhIxwluJ_qYIyScWufA,0.00043899075278077846,30,,,,,,,False,0.0
g3uJf3aqdK6zPsKjMN2UyQ,0.0004365789226969847,31,,,,,,,False,0.0
Jn5nZ0b-cdBS2xHnF4msug,0.0004351313261523857,32,,,,,,,False,0.0
sVvL9HpF6doo4y4SEjSbKg,0.0004339865762391875,33,,,,,,,False,0.0
M99ZH5s10gditCQZCJfCMQ,0.0004321804578315469,34,0.15,0.045,1.0,0.6931,0.15,0.029765766681636534,True,0.0
pV6N5Ku0FoybJpKRRiZl2A,0.00043184321030002333,35,,,,,,,False,0.0
waU0sq7ThK4uY-30YZ5h8Q,0.000430848459367413,36,,,,,,,False,0.0
PIedZfXVCr820lB1bTHlMw,0.0004304718985420265,37,,,,,,,False,0.0
KO8GkU3J9W18hMR5Jn7t7g,0.00042631843418984046,38,,,,,,,False,0.0
89VqFJf3COkgb6dL2AqXhg,0.0004244958565860179,39,,,,,,,False,0.0
M_jzsQWIZIZF9LmO_cmaTA,0.0004212229033550478,40,0.9878,1.2387,1.0,0.6931,0.247,0.14631973249484215,True,0.0
X0SlpSPlckmY2ymbOzdtsg,0.00042010126358074716,41,,,,,,,False,0.0
wPwxfwrSNMmqxEHMzGG1Jw,0.00041915517016417214,42,,,,,,,False,0.0
dGOvRqPDzEA3bNy3f_fmUQ,0.00041862251252209004,43,,,,,,,False,0.0
RRqSl8wmYpVP1dQZgaEn8Q,0.0004185301590685732,44,,,,,,,False,0.0
ka-GZEjFKl8lmDXlZPftoQ,0.000417850647894256,45,,,,,,,False,0.0
gG_1AN235A58hOU-gimZkw,0.0004169655803716766,46,,,,,,,False,0.0
61wOYrhTgEf-Xjif7lCREQ,0.0004163789738919826,47,,,,,,,False,0.0
eZNBKIqJi5w7-bGh501ovw,0.0004141566563848828,48,,,,,,,False,0.0
oqw60IDy9yAf8euM0C4eNg,0.00041405115670742354,49,,,,,,,False,0.0
r5--kPhTvamXmN7ZMbUUYQ,0.0004133683600736882,50,,,,,,,False,0.0
gJLJgXz_1pjnDuHfuni1jA,0.00041096323766037904,51,,,,,,,False,0.0
KSEBjuFKPnbeQ6TAgJL7sQ,0.00041072746852502677,52,,,,,,,False,0.0
B3UQC3oMyhRA274_KXDFKw,0.00041001906185892463,53,,,,,,,False,0.0
ftYHkyI3cCJSpaj9At86sw,0.0004041766170600164,54,,,,,,,False,0.0
ukpvdbvKsxh8-oAxY3nsZQ,0.0004040786028954707,55,,,,,,,False,0.0
LZHiuorqSMLdTJoGCV-UIw,0.0004034161648574504,56,,,,,,,False,0.0
DprebG7jJq7AHuZ4Qg_1xA,0.0003961343390208273,57,,,,,,,False,0.0
FUIxs41dRPVebNg6n58pfA,0.00039598506221383365,58,,,,,,,False,0.0
G047PcbKKb0YHwtpfZE8yg,0.00039518468932176647,59,,,,,,,False,0.0
ZPd6tNapV7y2AFh1RO2WBA,0.00039309689734563037,60,,,,,,,False,0.0
fBNAR1lquwEEqruuR16UqQ,0.00039268738995937573,61,,,,,,,False,0.0
nGFWg8F1dvDW3iasvyOEBg,0.00039178149455761704,62,,,,,,,False,0.0
yL-xeorNGIryLE2AY8nGnw,0.00039078543194695953,63,,,,,,,False,0.0
5gsujKYr-TiZsByZZ_vB1Q,0.00038955786026659213,64,,,,,,,False,0.0
h_qlv6CIXGVurFOhFQ945w,0.0003895094664692187,65,,,,,,,False,0.0
3qGQcQVEn8GYqkVXL-RS-Q,0.00038844851613405374,66,,,,,,,False,0.0
6EHVbuZiER0I0_WPWePBxg,0.00038480660249506313,67,,,,,,,False,0.0
3YeGKN_HFj--UmzZrYviPA,0.0003844755292799985,68,,,,,,,False,0.0
tvKZ9NxjgR5VwIZMKb32aA,0.0003841575553410281,69,,,,,,,False,0.0
yIAhT0JRN05LRIJA16Lx5w,0.00038369701418143647,70,,,,,,,False,0.0
y1YYRnAHxWz88FZGSN5mYA,0.00038334982743048877,71,,,,,,,False,0.0
8PjqEoQoQKhmsvSDF9dHQA,0.00038191263835772506,72,,,,,,,False,0.0
vJLbVnnZFb_kiUMjGIWsSg,0.0003813978745431827,73,,,,,,,False,0.0
nRv9MgxFMhONywEpxyI6uw,0.00037883123769870316,74,,,,,,,False,0.0
27x17_lW-rawrzv367mpNA,0.0003783229326351268,75,,,,,,,False,0.0
rUlrzgX_hVZo7xtzbdKwRw,0.0003772196089271192,76,,,,,,,False,0.0
3vTG6LQyr3obzfvrK1l1hA,0.0003771487418156699,77,,,,,,,False,0.0
iLLCTZJgTucIFTMm0-IfTQ,0.00037649091435640943,78,,,,,,,False,0.0
vJlbggc3FsyeOqUOPhVfiA,0.0003756878037799045,79,,,,,,,False,0.0
rEYWXkpgUbLeWaCylWuJNw,0.00037485359479996674,80,,,,,,,False,0.0
N_lp4iuSfrJchn8wL51BKA,0.00037317760469176864,81,,,,,,,False,0.0
zKbpzL0w2vAE68MuyekDAw,0.0003726795703834313,82,,,,,,,False,0.0
dBS571rwNf8V0tnz-ZKnqA,0.0003720830218442345,83,,,,,,,False,0.0
xf4hdY-izcbyzcYTOUy2Rg,0.0003706336323509018,84,,,,,,,False,0.0
iaraHjNVUQEqTp5jla1yZA,0.00036934210602319016,85,,,,,,,False,0.0
g58J50yqKPpn0B1wn5o22A,0.000369100291352565,86,,,,,,,False,0.0
F-L_qhgCWukNYwjck9vwzw,0.00036865358184527566,87,,,,,,,False,0.0
yZUdzAVPpc57Q--rYeHOUg,0.00036600043967686887,88,,,,,,,False,0.0
kQhmw4RexXf6rfjpiysjkA,0.00036468354179601715,89,,,,,,,False,0.0
4rgm4Uaor21vaN14KdocHg,0.00036407076761926343,90,,,,,,,False,0.0
zG3ijcNz5_KyxQb3w29OZg,0.0003628828274337893,91,,,,,,,False,0.0
48zRWlrJVh1rcpTQCIRvJA,0.00036251223124220025,92,,,,,,,False,0.0
UWg158bSV1C68C86u42EFw,0.0003624341828535688,93,,,,,,,False,0.0
10kx3j_jGJutjQDJSw_cBA,0.00036141044354448055,94,,,,,,,False,0.0
XPrSgW88T2EaNvl5v2jukA,0.00036098085678172673,95,,,,,,,False,0.0
mlwJfMFNERB9cGgrB4Uppg,0.00036056493856489747,96,,,,,,,False,0.0
NX6kQVDE1jeSLAOLyNC4ZA,0.0003601812438422488,97,,,,,,,False,0.0
vDC3NC8T9QpPMZlrCAnnIA,0.0003593498611875709,98,,,,,,,False,0.0
BYOcAamry9OCJ4vjbdmBYg,0.0003589991573545163,99,,,,,,,False,0.0
acqDz7WDsCS3WiLxHVceOg,0.0003577622952147373,100,,,,,,,False,0.0
mhkPodUyu4xQe5QBXXlYdA,0.0003556377517261967,101,,,,,,,False,0.0
Q0R2NBaN9JmHW1w4sdFtww,0.0003545669924507302,102,,,,,,,False,0.0
OCuodVY_jdUINB8KADuJqg,0.0003545047131737915,103,,,,,,,False,0.0
mZhgrM010o3JkaCZO3dXRw,0.0003533648640556544,104,,,,,,,False,0.0
Dokh4OOjKPmtywRcYguH4A,0.00035302324033680867,105,,,,,,,False,0.0
9yhny3ODCDOAmMrNIOGJtg,0.0003516727923544482,106,,,,,,,False,0.0
XN6IctwNyZOvmlXCkmettw,0.000351344566756806,107,1.0143,1.2224,1.0,0.6931,0.2536,0.14914020860973723,True,0.0
vIozkqGCcKZteMYouua5Cw,0.00035118267328011754,108,,,,,,,False,0.0
U3ymuxVlD8yPVbJZbYqzhQ,0.00035004508808596826,109,,,,,,,False,0.0
3WhSMPpreTgGt53lk7NY3g,0.0003491601810776871,110,,,,,,,False,0.0
O2apTti9QMFHWkRPeo_JNg,0.00034847750804024375,111,,,,,,,False,0.0
TKTJZCIeYx2wGaxjLYnC6A,0.0003480357653317937,112,,,,,,,False,0.0
jHJCsoQ53CixPE0q-3ATFg,0.00034681183425562225,113,,,,,,,False,0.0
bLpmJpVfP9sRwzhlnJ2F8g,0.00034659850003835127,114,,,,,,,False,0.0
1VHsBGgnioHuFYINzeplPA,0.00034568288616894816,115,,,,,,,False,0.0
geMqFv2nGXDQB5JPhRKqng,0.00034489050562735307,116,,,,,,,False,0.0
khmaw-iyVP_y32ZWUwuwiA,0.00034378531307369,117,,,,,,,False,0.0
7CwAjHjTPilN_zBuOSdMxg,0.000343677667203362,118,0.96,0.2057,1.0,0.6931,0.24,0.14332019031663878,True,0.0
s27GlS3WCN7b4dxTpainrg,0.00034321958901175763,119,,,,,,,False,0.0
03YfclexPdS_yrIbU6ahaA,0.0003425193694293997,120,,,,,,,False,0.0
lZ9YlsBJlq9jQDQZbQznAg,0.00034167256945200395,121,,,,,,,False,0.0
UdvFMoayRuRBuHoOXBBqBw,0.0003407760646216522,122,,,,,,,False,0.0
8CfXhST1sJt6IH99PPEZYQ,0.0003397673257161739,123,,,,,,,False,0.0
OV2gDDTGX7ObyK6X1zrD7w,0.00033886845689713236,124,,,,,,,False,0.0
kG7VAFl67L0syjVhjYj5ZA,0.0003388444037411129,125,,,,,,,False,0.0
6FNfW_9YaP5Fm7tE1caLyA,0.0003384726636957203,126,,,,,,,False,0.0
-YDYk83kO5ek-h4Fdu-Ugg,0.0003376857963746439,127,,,,,,,False,0.0
hR_j-38v2pOesza1j6akBA,0.00033565853150297316,128,,,,,,,False,0.0
ekBDNOCEzskY6VH5SBbGkg,0.0003350943750669739,129,,,,,,,False,0.0
QrsgwJ2YG73Ry3byIcABVw,0.0003350401313922456,130,,,,,,,False,0.0
ri5slg2kpEzD2LuGLRGSMA,0.00033462225726171684,131,,,,,,,False,0.0
yzz9gwayRptbwV7l5cHtRQ,0.0003340787904646847,132,0.3196,4.5712,1.0,0.6931,0.3196,0.05906400596962232,True,0.0
KwWmZOV6q6GTva8j6h05Nw,0.0003337627542391137,133,,,,,,,False,0.0
ZYJzr1diF0uwD4Wp7qkKxQ,0.000333687063451266,134,,,,,,,False,0.0
YgZwJJDb81jcPHLjJ1mYIA,0.0003327806473054256,135,,,,,,,False,0.0
uVXm-khx_kNEnhKLgn8jUg,0.0003325495487479517,136,,,,,,,False,0.0
z7A9nIWxFPOnbgz7drHZyA,0.0003313183468163802,137,,,,,,,False,0.0
ub8HSWJPsD_CqImzCehrZg,0.0003301311303339497,138,,,,,,,False,0.0
cy1qlowyE-zHmzfVyBFOJg,0.0003299231563353952,139,,,,,,,False,0.0
4w6Z5v0uVt08oSBaA3342A,0.0003296763933669168,140,,,,,,,False,0.0
eGgYses6equ9ZOHj6lYmXA,0.00032912523765843437,141,,,,,,,False,0.0
7EIRMyPzlNlvqXOnc3AphQ,0.0003291229171601161,142,,,,,,,False,0.0
aI1uVR-RPsE2TmrLJfcZ0g,0.00032733220772251345,143,,,,,,,False,0.0
gyOiiM7g2ylYK_WT5vLFyw,0.00032549267517970526,144,,,,,,,False,0.0
g07R_b5AIg30pst1enaZVQ,0.00032477922825603677,145,,,,,,,False,0.0
dD8HFOlOowiEcBv5F38pew,0.00032464769681927455,146,,,,,,,False,0.0
hkiJtkvSNBiSkc_op9a54A,0.00032444235576659255,147,,,,,,,False,0.0
OevKyf31TBJkGdKCarZiew,0.0003221943581635205,148,,,,,,,False,0.0
lc2iVDg4kjwewPoBrSwqoA,0.00032201384052071396,149,,,,,,,False,0.0
rfZXwpaBoXBYWz47NzzyKQ,0.00032194628172056917,150,,,,,,,False,0.0
35nhYScG8Q8x1ctzPCEUmQ,0.0003211237593474462,151,,,,,,,False,0.0
11_eIDfQ146e1J3CMPjpqA,0.0003195547489698647,152,,,,,,,False,0.0
LrZ5-YoLk-n6OsmE7NUskQ,0.00031946395627449213,153,,,,,,,False,0.0
ayqh0cxxuLrnY55oZr0kkA,0.00031834914289043185,154,,,,,,,False,0.0
cFFUSPIJfjm5pbgLGu91XA,0.0003180340993828526,155,,,,,,,False,0.0
0_GkFTdRWeKyeI5O8ROmnA,0.00031787161991049095,156,,,,,,,False,0.0
5Xo3oIX4IQ6elHzQy1lEDw,0.0003173895583781744,157,,,,,,,False,0.0
PqqTZ8ZY54s6nCzQhN7Agw,0.00031723887680428344,158,,,,,,,False,0.0
F-Z2J3GDTNge3K6bsbnKSw,0.00031717830219591276,159,,,,,,,False,0.0
5DSOl68ua27nwknuiFUHhw,0.00031688606407103055,160,,,,,,,False,0.0
k04LCpip1Aow0HUGX1OQtg,0.00031592779712784775,161,,,,,,,False,0.0
jGuLNmMIM_7IfulRVBWZJg,0.0003156176536212087,162,,,,,,,False,0.0
96xOmjfSB6RoKUFAF8yzIw,0.00031560605731858224,163,0.0,0.06,0.0,0.0,0.0,0.0,True,0.0
zb7itgC8u-89r09B_COslQ,0.00031556487991136816,164,1.3888,0.6687,1.0,0.6931,0.2315,0.1854565391224791,True,0.0
cxHhdkZ1dQPyzno1oBdDxw,0.0003147363258326892,165,,,,,,,False,0.0
2GwrhnUq7qvX08_31aRiSA,0.00031433148497737146,166,,,,,,,False,0.0
_ws0jviXOt0PXezpUVmHTA,0.00031379825748115397,167,,,,,,,False,0.0
WXVb0_TPSNGjqRshykMY8Q,0.0003130883480830705,168,,,,,,,False,0.0
ibZ2KjRKzVKKgqjWq4ST8A,0.0003123285353908038,169,,,,,,,False,0.0
8WZh1nEW3BzsqGk_j73TFQ,0.0003122929330746255,170,,,,,,,False,0.0
WjzWl2kUn1eWuLj4OZH47w,0.0003120681331481689,171,,,,,,,False,0.0
rbhFtPqq8ZCKmEU-rY6VDQ,0.00031117151057616236,172,,,,,,,False,0.0
ekrj3Ov-tRqcE9APVlMnHg,0.0003105193593271759,173,,,,,,,False,0.0
EEOgBTYNuaAHDSOBXauQxQ,0.0003103151160625369,174,0.4714,1.8818,1.0,0.6931,0.2357,0.08225390543625043,True,0.0
WklNC4oBYyPqMb2ILfcV3w,0.00030951865740931037,175,,,,,,,False,0.0
6om0BH0Cpotw8H0pQm5Uyw,0.0003093841793894202,176,,,,,,,False,0.0
E7R9YF9rGIOL9Pd5fJwMAQ,0.0003092833202478785,177,,,,,,,False,0.0
vHAjYdA3c4G3E7HKMl3OgQ,0.0003084231333671502,178,,,,,,,False,0.0
zY4ObZaMfkguE37G2gmabw,0.0003076392375065344,179,,,,,,,False,0.0
rpdC86_GmmRBKTvF2_DnEA,0.00030732726570126175,180,,,,,,,False,0.0
sc-ODc3ldfGGBOPy_k1uig,0.0003063837264264729,181,,,,,,,False,0.0
jRaBuPn1YNfze55LcBCM0g,0.0003062840810643285,182,,,,,,,False,0.0
F7FYN-nZ_Vb4o2oaPJjr-A,0.00030623794133241924,183,,,,,,,False,0.0
WbcLJqj84WrGRZ1FWQeQeA,0.0003059400497002921,184,,,,,,,False,0.0
nBr6NgqcZz1GhtAngU0RSQ,0.0003051046039502712,185,,,,,,,False,0.0
mIfISzGcOgxifjlYwU9vqg,0.0003050935607443766,186,,,,,,,False,0.0
thc-xdYdWzvWKeolRzK_kw,0.0003049923773880241,187,,,,,,,False,0.0
QdDUxADl5p_nILwgRywqoA,0.00030450603731354577,188,,,,,,,False,0.0
cQWrKXD4Nt9Gv-xk609Jdw,0.00030450553754600256,189,,,,,,,False,0.0
3uvFklejzRPwEPEZQ5vHYQ,0.00030370873792125375,190,,,,,,,False,0.0
EB5pnHGHthrpHw4875lzBg,0.00030367015145165235,191,0.0,1.3388,0.0,0.0,0.0,0.0,True,0.0
l8FMRUu-IVSuzcfCIeyHsg,0.0003033147605390372,192,,,,,,,False,0.0
9MHIC3BTGyE68EHD52XLCw,0.0003030149357299583,193,,,,,,,False,0.0
1KhFin3FDeR7auf39WBUiw,0.0003029396897435035,194,,,,,,,False,0.0
CupDB560BayqHoIEoeEhCQ,0.00030257098585427105,195,,,,,,,False,0.0
_BCDwsB-WFrFTzbOjbtavg,0.00030227462066342766,196,,,,,,,False,0.0
bGBK1r0I46Oc8eU8fNc0bg,0.0003016587204620728,197,,,,,,,False,0.0
QZJklQcVn5EqDarlAEwkZg,0.00030137010204174,198,0.2,0.0,1.0,0.6931,0.2,0.03882989051478855,True,0.0
d3v51cMiLdNvn0GevIQDeg,0.0003005990874199666,199,,,,,,,False,0.0
Gib553AC85MoMzQSusnc6w,0.0002998398778251808,200,,,,,,,False,0.0
IRJvFUVDEfS7YQJaiaV8zg,0.0002996190464243312,201,,,,,,,False,0.0
yVBTwIJdbtScInZ7G8eDwg,0.000299402932193817,202,0.0,0.2092,0.0,0.0,0.0,0.0,True,0.0
h2di-Poek8cax2_-xyBOVg,0.0002986472239846779,203,,,,,,,False,0.0
fiEOkqKETWUyQ6OkeM_F_g,0.0002983091946050409,204,,,,,,,False,0.0
1riuPe3T4qcDkYlmEPku_Q,0.00029812396436313055,205,0.9548,1.032,1.0,0.6931,0.2387,0.14275440436400616,True,0.0
8ZHMr31oBElXmaqSmZJs2Q,0.00029782988147588935,206,,,,,,,False,0.0
stL1yXLf9C85ZccQx-ySXg,0.00029782862731341214,207,,,,,,,False,0.0
L3u4I6wHtwMQJ-ZtvfrkkQ,0.00029765835919608923,208,,,,,,,False,0.0
X5s7U0pPUuSPhV2MK0GeqA,0.00029588558879496506,209,,,,,,,False,0.0
LU7WfvB9o5_JSW5IMvGedg,0.0002954848942600454,210,,,,,,,False,0.0
hSGNnn68K4W4Dbzp6GJ2UQ,0.00029501858949509925,211,,,,,,,False,0.0
mzcC8OPdnkKbfimmvqedOg,0.0002943456218020503,212,,,,,,,False,0.0
0PxMeIT6Tj1MH2jip5spMw,0.0002942831551305442,213,,,,,,,False,0.0
qAYmjp2zObRayfpYVUN-HA,0.00029423723624181933,214,,,,,,,False,0.0
7x5A_GbTLveFhLHf7MbGXQ,0.0002933836007990526,215,,,,,,,False,0.0
8GV2FoK0nkVKC6xMoKNKHA,0.00029334590353975433,216,,,,,,,False,0.0
ht8lG0gs4-ddM7ap3wwIaA,0.0002932716002871633,217,,,,,,,False,0.0
J8on84cuYSeLXYuzgc9xJA,0.00029226871968471686,218,,,,,,,False,0.0
6W7BXh5dHiWml8zwvvtR4Q,0.00029226384550522233,219,,,,,,,False,0.0
TMfqKovAdxptiQTqv5gslg,0.0002921097933601218,220,,,,,,,False,0.0
cRWfG4bnVec8tiF8VAycyA,0.00029184774568834237,221,,,,,,,False,0.0
eiQ7HEEuzToQue026gutXw,0.0002903591834075548,222,,,,,,,False,0.0
jo37YLQJyWhuKBdjlKpoAw,0.00028993562217076197,223,,,,,,,False,0.0
yh9LdwO06dCtk-sV4HjBUQ,0.0002899346902080825,224,,,,,,,False,0.0
zi5cMfvS1imWog3TFfuFnA,0.00028972970834234286,225,,,,,,,False,0.0
lm-KtpMuHoPVCkC7zpr_xg,0.00028950030230198926,226,,,,,,,False,0.0
fLDI6tGJNHfR_jYcP0ejCg,0.00028930771118151216,227,,,,,,,False,0.0
mc1uhOwSoZ-lMMcRiRd4iw,0.00028856256953238677,228,,,,,,,False,0.0
e8bOuDRCsHOb5IqQrapT2Q,0.0002884361610025642,229,,,,,,,False,0.0
k2qArgJgsWWrtWT_r0rRlQ,0.00028719592184826365,230,,,,,,,False,0.0
Nco5LfpnfjWkE2XoEexF-A,0.00028702069324554,231,,,,,,,False,0.0
1Nvx5xo_cErlEqpubzocSg,0.0002866509811841358,232,,,,,,,False,0.0
S5VH9dR3nCgNO5C0M_HttA,0.0002866159850001198,233,,,,,,,False,0.0
GLDeniJ20Z0X_ZMbt4Y8Jg,0.00028635737575696216,234,,,,,,,False,0.0
-Ze_1WxQmM_iDlc3kFZ8bg,0.00028587622490357147,235,,,,,,,False,0.0
-0epFLgYq2C1Jo_W4FOBKw,0.00028569493043065344,236,,,,,,,False,0.0
lSe_4H6iy6jmnDh_I_AGCg,0.00028569057524593797,237,,,,,,,False,0.0
e-kmlwJ-CDSiZCLBBKzUHA,0.00028507743737645353,238,,,,,,,False,0.0
K2CdyUamZALB_DXQT2iU_w,0.0002840148630791697,239,,,,,,,False,0.0
nIE7ph1w_bttQMJQx5hUEQ,0.00028333208102940835,240,,,,,,,False,0.0
4WWxTisW97Ks7r06Exxx2A,0.000282562046916203,241,1.7907,1.29,2.0,1.0986,0.2238,0.21857439446589888,True,0.0
cTAJ9PrmTvJ6mvf8Uj3hYQ,0.0002825333721382702,242,,,,,,,False,0.0
GUapKeZz8THjpuS3urS16A,0.00028212204367664265,243,,,,,,,False,0.0
zFvHFdx2lDsxnmtbpf79bw,0.0002819189931650054,244,,,,,,,False,0.0
8IazNnZkqYlNODBZPS1CGA,0.0002818595647265129,245,,,,,,,False,0.0
08SYU1uLNCned0Oyrh06JQ,0.0002816912417342534,246,,,,,,,False,0.0
nB6wv6EY7ExXdehFs6sB4A,0.0002816284006228898,247,,,,,,,False,0.0
Nx58HlMTrezf5wlCLbvSig,0.0002815845808395201,248,,,,,,,False,0.0
slReJ8PFVwozP3FBdj6ufQ,0.00028140439500239176,249,,,,,,,False,0.0
V39dhRv0sbTOkfRflzd4Uw,0.00028129401472199583,250,,,,,,,False,0.0
hgMv8rN-kAY-1DJLSmi0Pg,0.0002805221116401184,251,,,,,,,False,0.0
cb1nUu3c4qD0DymqTlUJaA,0.0002794735341713542,252,,,,,,,False,0.0
9b1zwZatzcDYNNVwfiBrjA,0.0002793950375124744,253,,,,,,,False,0.0
gCINi30rKixICJXHD6olww,0.0002793201113244938,254,,,,,,,False,0.0
1PKvoJ-jtw1UcuzCVtoqiw,0.0002791005004450915,255,,,,,,,False,0.0
0VPTpRg_99ZoQyYuf4sntg,0.0002786258562842618,256,,,,,,,False,0.0
66pIa8VXmTQIHkMxMv_f0w,0.0002785131911458104,257,,,,,,,False,0.0
3qFBE73XxxZRlc6uqZvb-g,0.000278211138735006,258,,,,,,,False,0.0
TfP0dN1L88RcWyQzp2O7Eg,0.00027817305819761783,259,,,,,,,False,0.0
jSZQ89WehnfYJcYMGQO2og,0.0002779511159045365,260,,,,,,,False,0.0
jgOgj1gvfPy3DEIpSjQiOQ,0.00027769109309015103,261,,,,,,,False,0.0
b2ZSuQ_7aiH5IycxtY3xZQ,0.000277254641623903,262,,,,,,,False,0.0
vnHL_GrlfdmptInzFTU_5w,0.0002765395640692608,263,,,,,,,False,0.0
_czjtkS_XllCJi_1vBc_sw,0.00027625394809246745,264,0.0,0.302,0.0,0.0,0.0,0.0,True,0.0
WKQnbFHNaENHMHDVhFMk-A,0.0002761877786521658,265,,,,,,,False,0.0
UT9vP1Ww8OlL4nzBOKBCOQ,0.0002758987274905405,266,,,,,,,False,0.0
rxGN3mljUEwNLyE2q-DWcA,0.00027582959318155987,267,,,,,,,False,0.0
e2__bkb8kvgEuFHZO7iScw,0.0002748742855784866,268,0.3333,0.072,1.0,0.6931,0.3333,0.06126369702731207,True,0.0
nsZYVtv9l7Vyf9ZolUmYUw,0.00027460646597704416,269,,,,,,,False,0.0
t1o0DX6aEUVm9ur43kQ_Yw,0.0002744059381378532,270,,,,,,,False,0.0
yefPoFFKlR9xHTqlAR_BWA,0.00027410661938245394,271,,,,,,,False,0.0
doN8QSdGtlIAW7BP8afZEg,0.000273101118727223,272,0.6333,0.2442,1.0,0.6931,0.3166,0.10448595333374501,True,0.0
R13Oidfd96gQqayPMA96VQ,0.0002727323291400739,273,,,,,,,False,0.0
fFb9GJIGQ7dt5dd63xov8Q,0.000272562685941333,274,,,,,,,False,0.0
3hHw_c5CI-f2TdZOYDkHcA,0.0002722165687077354,275,,,,,,,False,0.0
kUfUsNfgf0PFRH9d2bLSOA,0.00027198841590350865,276,0.2,0.5113,1.0,0.6931,0.2,0.03882989051478855,True,0.0
6lr3qkrqie9bqxl7DaYvTw,0.0002716480042024202,277,,,,,,,False,0.0
jnZR1Urkc3BtZxEdSctBVw,0.00027145987223798837,278,,,,,,,False,0.0
r2yGJDvwCCSneV5pM9bGtg,0.00027111230697182334,279,,,,,,,False,0.0
YNkDhu7Ba36mUR6vN0491g,0.00026993549843866866,280,,,,,,,False,0.0
3_kZ2pDiKJLZ9kGKKOWqdA,0.0002694700328490256,281,,,,,,,False,0.0
4pwP8B5BpUThYVkOzDOd8Q,0.00026922055141296973,282,,,,,,,False,0.0
lAeoNBksQeNB5cY8mvYg9Q,0.0002691866892082401,283,,,,,,,False,0.0
OTK-1bXfze5elfqYIHmfIQ,0.0002691560714428177,284,,,,,,,False,0.0
3w7NRntdQ9h0KwDsksIt5Q,0.00026913888456764736,285,,,,,,,False,0.0
9QT1KgrNutANvTzT_UChcg,0.0002687650076237772,286,,,,,,,False,0.0
ljEM0v_KClcruWn22B_V7g,0.0002686507359298945,287,,,,,,,False,0.0
V1RqqnT42tnm5--1nQ7Q1g,0.00026766390556413574,288,,,,,,,False,0.0
IimPOohIx7TZfwmWhmdmfw,0.00026751027146174294,289,,,,,,,False,0.0
2EWZLzieEZo8KD-Kw2N91A,0.00026711335997819865,290,,,,,,,False,0.0
HFYgRMHh_2LN9nVhagcMuA,0.00026703336254438147,291,,,,,,,False,0.0
msIS0f3xGr0SQFqkQ1wM3A,0.0002669805737804523,292,,,,,,,False,0.0
7KJBDV_gd-ycyz7EiBzprQ,0.0002669712897533944,293,,,,,,,False,0.0
HTFSwE6jGnpbIrmLPH1mfA,0.00026657425598617686,294,,,,,,,False,0.0
dKfm1sngKAGthtEuW2fVWQ,0.0002663918879933128,295,,,,,,,False,0.0
iesJewaACphdFs-ml9WTjQ,0.00026576051991868794,296,2.0986,2.0567,3.0,1.3863,0.2764,0.24086389371109357,True,0.0
3eJlEkRmcJODPMOp-cJkcA,0.0002655961662371786,297,3.0264,7.4231,2.0,1.0986,0.2269,0.2966467294368383,True,0.0
F43ox1eEedpvt6968xp0sA,0.00026521652321814885,298,,,,,,,False,0.0
6MBVjXPYjlNkIcNzlChEsA,0.0002645212170518919,299,,,,,,,False,0.0
8o3w3Tu368WTFz45rMLvYQ,0.0002641416760757817,300,,,,,,,False,0.0
PYtMqV_xv_EAhDbnfREf7Q,0.00026357275209425407,301,,,,,,,False,0.0
JNHEadNYIm5eY_4lTjmISQ,0.000263515143354548,302,,,,,,,False,0.0
UGADjVkBITKPU7I6sMO1oQ,0.00026295371870501766,303,,,,,,,False,0.0
AnXdp1xcObinHQD2pRP6Ew,0.00026272687240070145,304,,,,,,,False,0.0
H-7jCwGugPs_yYM_wX6dDg,0.0002619962000453577,305,,,,,,,False,0.0
f3xbrkFqjahlcOs8NSkNsA,0.00026186465078093733,306,,,,,,,False,0.0
uxzICSaSJuAgvWH5TOMXOQ,0.00026142092411117707,307,0.15,0.9774,1.0,0.6931,0.15,0.029765766681636534,True,0.0
yyJ-cNLt44n9DnNI4xrDXQ,0.0002612221555629927,308,,,,,,,False,0.0
DHMTaMk6JEcgYC2mIwi0hw,0.0002611710813498129,309,,,,,,,False,0.0
3aG8idCwlP-loKf8_hxcRQ,0.00026089329501639456,310,,,,,,,False,0.0
gLPlHz4xHajEWqQ88w8_tg,0.00026084408005962574,311,,,,,,,False,0.0
xjZHp1slZNUBJvQLuHSTTA,0.000260533699215892,312,0.2414,0.162,1.0,0.6931,0.2414,0.04605361502908446,True,0.0
ta8B_P1j_gN22rEy_yO21Q,0.0002602800336859871,313,,,,,,,False,0.0
YTYK2xCNJviDtNkXvPx0Yg,0.0002599201297497718,314,,,,,,,False,0.0
i9_2zZZAhQwzFe1Pk3QnXw,0.00025983380181636954,315,,,,,,,False,0.0
QniIUsutkKPEUrwMvPGJzg,0.0002596012800302689,316,,,,,,,False,0.0
BFDQyF0mVD9in6ZKMd7aMg,0.00025956191547859387,317,,,,,,,False,0.0
NlU_lOXB20c5dSC1QV4U4A,0.0002595516732711374,318,,,,,,,False,0.0
rNlG6yEM3tI8TBoPyzyPhg,0.000259320876262058,319,,,,,,,False,0.0
BKvjZNKB5CKcVltuc-2T3Q,0.0002592261532545431,320,0.1636,0.6293,1.0,0.6931,0.1636,0.03226964820960087,True,0.0
Y0pnoywoHENMzj5n6j4vxg,0.000259217650005649,321,,,,,,,False,0.0
CBXly4YEShOzxA6524BE3Q,0.0002591193464713988,322,,,,,,,False,0.0
1pwtjoNAoi7kIXqf1Z-AXg,0.0002590855963480871,323,,,,,,,False,0.0
6leRV7IyumdJq8KxScBqaQ,0.00025859180935561136,324,,,,,,,False,0.0
ISi7EprwNSCBAsAGGdyq-g,0.00025858484490809647,325,,,,,,,False,0.0
Ui8NyjOYYG5FyMPXbw7yeA,0.0002584844138948806,326,,,,,,,False,0.0
PlTAoveKUOY7fOOk4FWS8g,0.00025846631722111965,327,,,,,,,False,0.0
hUcUvCpETeN0hvN32zrOlA,0.0002582408764338758,328,,,,,,,False,0.0
-yi4ks8BKZ-_xcJYT9WLjQ,0.0002580542271572064,329,,,,,,,False,0.0
3CDGF41-vPznG9zY0-05wQ,0.0002579275525515886,330,,,,,,,False,0.0
Ut7Mz_yPW4hZwunVm8FSYg,0.0002573505418664572,331,,,,,,,False,0.0
eaKqicXSSjHstoGm6FQ_NQ,0.0002566940667469111,332,,,,,,,False,0.0
JG0MsBKH1blxSzOgg2HjQA,0.0002562860486514152,333,,,,,,,False,0.0
ihYl-uK0PYNPeFskcNAr-g,0.00025578672855969985,334,,,,,,,False,0.0
K2kdQAsB70WxDQW-6z1Clg,0.0002557786661743209,335,,,,,,,False,0.0
tubjTe68wKhldVs8W2_weQ,0.0002556878942074854,336,,,,,,,False,0.0
nJaofGlu3gAClv_1Kw5sUg,0.00025536045652922186,337,,,,,,,False,0.0
yPrNoVfE90iZxSYzty7RNw,0.00025514436863940325,338,,,,,,,False,0.0
4BC4bMlxww-lMgmYmZsQvg,0.0002546105974983508,339,,,,,,,False,0.0
MSnWYdS0w5m9JLcr1wHO4w,0.0002543421534937598,340,,,,,,,False,0.0
Kyzpu6B2laW6MYJFhRoPOQ,0.0002543377748240703,341,,,,,,,False,0.0
s8eXjE9r0vo78hzb3Br7cQ,0.0002538803464763911,342,,,,,,,False,0.0
eFeBGZ8xbYR-LiESfovs_g,0.00025381589284926344,343,,,,,,,False,0.0
e_3I3UEy6ibfDiABDPQCTg,0.0002538053756086419,344,,,,,,,False,0.0
p3qatJIq6b8Gd_k7hwpHOg,0.00025363274682550893,345,0.4,0.54,1.0,0.6931,0.4,0.0716600951583194,True,0.0
Ynokyesqb9pXBT9EUlnAbA,0.00025362119346092674,346,,,,,,,False,0.0
LuPs7eFsixV6OIGwsNUZug,0.00025334057279907527,347,0.3514,0.3853,1.0,0.6931,0.1757,0.06413545300272476,True,0.0
CGaaHAG28nnxMpbvOHhO-Q,0.000252918893197963,348,,,,,,,False,0.0
gmeaD_sfeJVImX3mIhdWcw,0.00025273955556666107,349,,,,,,,False,0.0
CwQGSvYCgmRRJMA9G28U6g,0.0002526553587055192,350,1.5603,0.9669,1.0,0.6931,0.26,0.2002227804733873,True,0.0
CxoRg-ZcXdpqXWmUJliYog,0.00025193098938501953,351,,,,,,,False,0.0
U6RX5K67l95kXzAnkmPesA,0.00025164871014104806,352,,,,,,,False,0.0
tEWZp2wIkNmOblKgZr32lA,0.00025120495561311245,353,,,,,,,False,0.0
pMLv5hzklGgcNMKr4xnhbw,0.0002511766057386968,354,2.1522,1.7629,1.0,0.6931,0.2152,0.2445164588697315,True,0.0
EPiFB9rj-RXf8VHdpVV67A,0.00025092682941848653,355,,,,,,,False,0.0
QAZvQiR4c_wAlG9qrGJEQQ,0.00025063452814949133,356,,,,,,,False,0.0
qk2g-tKFjNKO8_MtFrOATw,0.0002505881640078599,357,,,,,,,False,0.0
0v6_mSaPBuBAKevIpRp-jw,0.0002500912067409703,358,,,,,,,False,0.0
0fv1QcEpN8Xy3rczz5B7Yw,0.00024997016776676133,359,,,,,,,False,0.0
NQbGOi0OUWt_-ra_nles0g,0.00024996796643225993,360,,,,,,,False,0.0
802zLI8fqGFUVbSojvZZsw,0.00024984539430965107,361,,,,,,,False,0.0
PlnQ0xuzCNQZUiswBiXcIw,0.00024962419243341284,362,,,,,,,False,0.0
borNWx_MXnc9Efb6G66CSA,0.0002495344944090162,363,,,,,,,False,0.0
499j2YBfJuZLgNOk7SzFCA,0.00024946305702560457,364,,,,,,,False,0.0
uShHLfwPhalzCPxh5VwgUQ,0.0002494581828968747,365,,,,,,,False,0.0
mhK2uIu7F06ypYdQ5ndmzg,0.00024930485877018544,366,,,,,,,False,0.0
2rmpfdyV2POqpXtmPHO_IQ,0.0002492988877170818,367,,,,,,,False,0.0
P0ldsyfDWNcWnGSq8w2jFQ,0.00024910771119082833,368,,,,,,,False,0.0
phh8Fo60_xBmNXyvdovTbQ,0.0002490849130032239,369,,,,,,,False,0.0
ws-gbVjt56zCQC-CR5pjTQ,0.00024873291314897293,370,,,,,,,False,0.0
HIMC5c38SCBvY_5kX_JVVg,0.00024857881292873106,371,,,,,,,False,0.0
GVzGNqMCzmKK_F6nFJIQiw,0.0002485420187049807,372,,,,,,,False,0.0
1cqOPqedKmkYhbeF4T8YUQ,0.00024823287112630475,373,,,,,,,False,0.0
0lKJ_pClGH_ribos6kPeGw,0.00024822611547601633,374,6.24,10.0307,1.0,0.6931,0.26,0.42160935907345315,True,0.0
w7SV07hCkl0cOTtrEVuf5Q,0.00024810943300026595,375,,,,,,,False,0.0
oQUcuppwkPqDjkhXBXNwcg,0.00024760745863465207,376,,,,,,,False,0.0
wskZf-c4YAmtLA1i2WBKww,0.0002475938638652309,377,,,,,,,False,0.0
QBAzeuugYrhnEokFhPHlIA,0.0002475100768660892,378,,,,,,,False,0.0
CsS21RMbu-fHJxbUhKCf9g,0.00024732061861543387,379,,,,,,,False,0.0
yj0bwjpMvBuNgJ0IQIC8mQ,0.0002473033823259182,380,,,,,,,False,0.0
zIOsk_X3bUTakbDcodGPMA,0.0002469234236497823,381,,,,,,,False,0.0
I_Sxmx6puRYyLS51RtLqtQ,0.000246436699055521,382,,,,,,,False,0.0
OQBgwnIHY7vOrbjft8RM8w,0.0002463235595414382,383,,,,,,,False,0.0
wkIwr6GfkhoodGV-thcICg,0.00024608769211378233,384,,,,,,,False,0.0
u7WBOKDV5JAqV4RACM1dxg,0.00024604458989823405,385,,,,,,,False,0.0
I4cEvMuHycbWp34Ayh57DQ,0.0002460089119768851,386,,,,,,,False,0.0
TjwgZj9_4IC8LPoY6W3AxQ,0.00024598090706329554,387,,,,,,,False,0.0
PQEtMZD-dKNuiYIW2Pbpxg,0.00024569398746866804,388,,,,,,,False,0.0
bJodYUhoZb-ewnzZS-d3Bw,0.00024552207985401785,389,,,,,,,False,0.0
pZl68OjM4Fz0Ms0raK69Bg,0.00024465829459610774,390,,,,,,,False,0.0
sfOA8djNfmZqilSzTwi0SQ,0.0002445720938344147,391,,,,,,,False,0.0
MDMSLmczSxB2fjT_ybMpGw,0.00024442164268214257,392,,,,,,,False,0.0
Uu7jwsfsaU-VJrV8Kpb4uw,0.0002441287640755328,393,,,,,,,False,0.0
kJFuE6u9eOsPlwgJdYabbQ,0.0002438758945883023,394,,,,,,,False,0.0
WQv2RGlyOIlDsUmF63nh-Q,0.00024342455759277594,395,,,,,,,False,0.0
jXb9PQf1Sss5ukgNVB1a1w,0.0002434032072788486,396,,,,,,,False,0.0
s9WOS_6UI-E78zw2HCRX9w,0.00024315150400847595,397,,,,,,,False,0.0
xM-HnG-yurTNI38ui0Akzw,0.0002430222565686687,398,,,,,,,False,0.0
jHZi9YI4zUWoBZ0BTj_92w,0.00024297796512628885,399,,,,,,,False,0.0
t9pr2WIsBEuglq-5MS4aVQ,0.00024290552627493245,400,,,,,,,False,0.0
4qT8pELXdpJVqnLTsHyDeA,0.00024279690115305573,401,,,,,,,False,0.0
RM7pUkMtXZIO137ShDJsYg,0.00024274075405046738,402,,,,,,,False,0.0
XU8MGYX9oKQ0bl4r8IMqfQ,0.00024242689991179923,403,,,,,,,False,0.0
5E0p6pFnspwCi3DUmEZ6gQ,0.0002423828907197237,404,,,,,,,False,0.0
p1BPKxK3LFyy9lkXGA-0zA,0.00024217016703543913,405,,,,,,,False,0.0
YHVrrdOqBEwRrW5XiNm3Fw,0.0002413584126250942,406,,,,,,,False,0.0
HiQwgtgkvkqJmZrCyF2jBQ,0.00024123069288849337,407,0.5173,0.1474,1.0,0.6931,0.2586,0.0887960878814218,True,0.0
Jx57H8us3w9UNtNyS_D28Q,0.0002412079770084607,408,,,,,,,False,0.0
4T8dsk4lvfpdHSrWuRAKdA,0.00024114237345522515,409,,,,,,,False,0.0
Isaf9-x5hdXWX0cvboGTMA,0.00024107388994617528,410,,,,,,,False,0.0
3xwv_lWddQZ2ms4I7uK53A,0.00024096203669930232,411,,,,,,,False,0.0
fnBifLT87rhowfaKmbXdXA,0.0002409620355524407,412,,,,,,,False,0.0
BvpSIYibEitPN-SH14I9yg,0.00024049459762196996,413,,,,,,,False,0.0
6OTDvhgDHMcQZTSQaj3H4w,0.00024049295377934112,414,,,,,,,False,0.0
16F4GypSrqrwObH6IkaOUg,0.00024032175386864233,415,,,,,,,False,0.0
Znr5C75iByDDIk7C6wqgsA,0.000240235470449066,416,,,,,,,False,0.0
q3lJFu0b0VuJkbMKnb1F7Q,0.0002388890890561365,417,,,,,,,False,0.0
Be8U1wz3as45341ZFYimIA,0.00023882916472200944,418,,,,,,,False,0.0
EbUHcdCkaIDRUh-rgDerbw,0.00023821925778962154,419,,,,,,,False,0.0
0f93yTITlSOiC83jz2bYUQ,0.0002376395832429078,420,0.8106,0.4684,1.0,0.6931,0.2702,0.12643423246768068,True,0.0
GaqEQ5kQx674pGekE2QKpA,0.00023755053218729513,421,,,,,,,False,0.0
Vf2VpSmAHwaQzkIwYdFyRw,0.00023728498315878067,422,,,,,,,False,0.0
z-KhjAolUgorZVWSFbVqnQ,0.00023727696285228846,423,,,,,,,False,0.0
ma9v_hyIJtb63dtXfVnamQ,0.0002372131734283829,424,,,,,,,False,0.0
jJvYr8kC7vMKGVeWyHbSWQ,0.00023716801844040846,425,,,,,,,False,0.0
h9c5p5JwhdbMFGTFDvozag,0.00023701198309943703,426,,,,,,,False,0.0
BAv8v-iEDrrlCjvWoY7B3g,0.0002365787920400528,427,,,,,,,False,0.0
vnQgWhtfE2dkqooJEo39rw,0.00023655728057051266,428,,,,,,,False,0.0
6cJ6PwmP9l7W_xWskfJSWw,0.00023597429225769972,429,,,,,,,False,0.0
SNzMPnNJgzaCtDY_uhW4xg,0.00023593719259591285,430,,,,,,,False,0.0
j43CKlz11Id4TQDJ3wA4HQ,0.00023579181186541307,431,,,,,,,False,0.0
IjZjDGRVXFbT22Om7zJlwg,0.0002355019815587059,432,,,,,,,False,0.0
zwizQO8vSXZBcVO-Nb_cUA,0.00023544519364526048,433,,,,,,,False,0.0
fSfrk_Y9xmcCvMJVdYkJTA,0.0002354305465030284,434,,,,,,,False,0.0
mI3d2h5I2rbzRmBjAcD-8A,0.00023530809850247535,435,,,,,,,False,0.0
8ohbOM0ulHhPuNAbtTMvbQ,0.00023526836054288934,436,,,,,,,False,0.0
3F777YJJYthdPNrB-7MUNQ,0.0002352656065762739,437,1.5205,2.9994,2.0,1.0986,0.2172,0.19688607405417555,True,0.0
bspbvVY7GH6AVOKYevJTxA,0.0002352590783269045,438,,,,,,,False,0.0
njdcYRIB9FqwMwAE_wJuVA,0.00023516664904489536,439,1.0542,1.1558,1.0,0.6931,0.1757,0.1533176526442391,True,0.0
sg4zySgp0Al1WNk-JhTbHQ,0.0002350400242870069,440,,,,,,,False,0.0
hjHWlYtCRLg7CjAIvtUGGg,0.0002349843311445323,441,,,,,,,False,0.0
T4JsC_1U0ctm0XMy6g8PTg,0.00023471522017409218,442,,,,,,,False,0.0
tgUkNxkYHss_X4Db6ng1tg,0.00023433425834404862,443,,,,,,,False,0.0
DoLGd8U9bWoNCvbSbegUBw,0.00023421597222618998,444,,,,,,,False,0.0
Ue4AxfCmx6RgFxsr2AqjJA,0.00023414290315592175,445,,,,,,,False,0.0
4mSdL2rei9tsT8xwsV-BBA,0.00023409744082186334,446,,,,,,,False,0.0
vsU6uRvqqf-Mls3GrDm1og,0.000233869448800713,447,,,,,,,False,0.0
CzoyGCILGH7vp2esOCutdA,0.00023384208027428123,448,,,,,,,False,0.0
cLTASgist2XiaBy6mnjubQ,0.0002338121703468873,449,,,,,,,False,0.0
INi3exwj3hUpWFoyEl_OGA,0.0002334832016625628,450,,,,,,,False,0.0
OsqIvGhSlyhl_eLuVmzHpQ,0.0002334273708054042,451,,,,,,,False,0.0
wacMqAA_9USygYvgJAkfgw,0.00023339117568912877,452,,,,,,,False,0.0
-RkGrQUxlwgaR5By4p2tAQ,0.00023329603733695037,453,,,,,,,False,0.0
qvnfFOgJOvon_Ak8loYMxw,0.00023299094962321237,454,0.0,0.12,0.0,0.0,0.0,0.0,True,0.0
wPQ01R13kkpWKGqLIwxTzA,0.0002329864609175572,455,,,,,,,False,0.0
qWhYKRqQf1RRUzxZdXbM_g,0.00023266810934583426,456,,,,,,,False,0.0
x2ILIoH7NLPHuYKSItNPTw,0.0002326256835573315,457,,,,,,,False,0.0
ZnssDQyR5H7H2LJ-vT6YyQ,0.00023235452648954493,458,,,,,,,False,0.0
uq98rLs4rkWRtuDAggiR8w,0.0002320288987612326,459,,,,,,,False,0.0
VSLgzs_x3mc7Mg8DaqsmfA,0.00023176901990246425,460,,,,,,,False,0.0
vMp55ea__Pk0fYbBDCn6jg,0.00023175691601661627,461,,,,,,,False,0.0
Ahz2VUUpsvbN-cR37dAV3g,0.00023172167294533853,462,,,,,,,False,0.0
5Mqe-TAK7GzwiZapwNqQbA,0.00023163125212298424,463,,,,,,,False,0.0
AbR-qyMws6GgQYgZcaBKJw,0.00023158937219830994,464,,,,,,,False,0.0
VFrmNGmPK-8UsDAXlxX-CQ,0.0002314802816611505,465,,,,,,,False,0.0
IuJgOIBjBBVqG6lExeq3jw,0.00023142566975612228,466,,,,,,,False,0.0
-tdKOhrg4dB3xz1tEYujLw,0.0002314009873579851,467,,,,,,,False,0.0
rDk_O0KRIqEYvoBhonLmjA,0.00023139035047419328,468,,,,,,,False,0.0
-3dkEoYgH8AlUtBMZvzUfg,0.00023109279309622028,469,,,,,,,False,0.0
opU4dlmPxPNQBrgzgy7TDQ,0.00023109276689666633,470,,,,,,,False,0.0
2jbu_xi_FEghI37kPG5LzA,0.00023095036232500358,471,,,,,,,False,0.0
0sLvh5ODb0W7uL3WWOCTeg,0.0002308913225905314,472,,,,,,,False,0.0
scbhmEZlGBKELaLdIlNbnA,0.00023074187044667873,473,,,,,,,False,0.0
xYca_PTaOxhNm9ky7oExvg,0.00023070930254066827,474,,,,,,,False,0.0
CfxaspC1y3xfmL_AnA-7MQ,0.00023064058611429902,475,,,,,,,False,0.0
dOkg_xoAt2unx0ninDN9TA,0.00023036874553071667,476,,,,,,,False,0.0
Ai8MnqWUCTT03knlsrDSOQ,0.00023036431680727658,477,,,,,,,False,0.0
CLboXaxb9V6tnD69sYbJRw,0.00023000977574481744,478,,,,,,,False,0.0
5h3uxYuoY40id-EByqQ3Xg,0.00022999549568821637,479,,,,,,,False,0.0
9P6lEvHdJL8dy9VPpIgieg,0.00022974543215239284,480,10.855,9.3727,2.0,1.0986,0.2296,0.5266332877348336,True,0.0
MlDgcQAyr4wLZkS39Z-3CA,0.00022954018800682213,481,,,,,,,False,0.0
7tnOEAvPYk2C5M41GEy8PA,0.00022905131420726882,482,,,,,,,False,0.0
ue-Me7wcOixhdHNOEQ6j3Q,0.0002290175597464287,483,,,,,,,False,0.0
VENBnW8AF4jYTBbekO8X2A,0.0002289882677502177,484,,,,,,,False,0.0
PwKi85QvANOTcb2f5eHLzw,0.00022882325132407108,485,,,,,,,False,0.0
oPN5j1BNvFFM13AvFSBXjg,0.00022842280804900161,486,,,,,,,False,0.0
dv_AMvV9J-6qrke4BUQuEA,0.00022836906921380208,487,,,,,,,False,0.0
VxVQSJKTCx-5WFe-clKOaw,0.00022785431094549008,488,,,,,,,False,0.0
1DVFSLWmzyqRHmSyVwN81Q,0.00022774810446299116,489,,,,,,,False,0.0
JbJmkmPZtz9OlKcs2pUTaA,0.00022752538706497189,490,,,,,,,False,0.0
HateLNTkY-sxxu2leVfHUQ,0.00022694081355139551,491,,,,,,,False,0.0
qMJbwSUJQxzTaHyTvGiiCQ,0.00022686274222673107,492,,,,,,,False,0.0
uxoQdZD3mEptaPohiLQg1w,0.0002267566245327274,493,,,,,,,False,0.0
CcaYQDslcBH_PA0wbwZtKQ,0.00022661550359345884,494,,,,,,,False,0.0
a8r64xZqHHyUhnu4sFjN7w,0.00022660960759413244,495,,,,,,,False,0.0
HD89IKBPqc29dK8qpu6dVg,0.00022657814661301932,496,,,,,,,False,0.0
tpo4IsLJDU5agU2TjLO-jw,0.00022626227932352625,497,,,,,,,False,0.0
xPUAToEmtkJlRjIKDkpWIQ,0.00022617021863662756,498,,,,,,,False,0.0
fQ6ymHh00-JTr2mjUUjdXQ,0.00022597108851325344,499,,,,,,,False,0.0
Z_70Zl2SgHYmAfOXJQzXbw,0.00022578049471555433,500,,,,,,,False,0.0
9wy3c6seUtIQ3dGXShmy0A,0.0002257125553767551,501,,,,,,,False,0.0
wMyo6-nHl7ZbvEvqWSLx9Q,0.0002254894800935799,502,,,,,,,False,0.0
3sMGEl72eiDbble1RO34ng,0.00022523637596304696,503,1.0,4.0536,2.0,1.0986,0.25,0.14762285713802922,True,0.0
NyV_2EGhs-YHYYVmZRYmOQ,0.00022501076913282364,504,,,,,,,False,0.0
qxpllw12v4B2seew25aWVQ,0.00022480373471162144,505,,,,,,,False,0.0
Lkt2-GnwnnfexcYa_z9ezA,0.00022451038649680874,506,,,,,,,False,0.0
k7AoT14yuZZ9fFUtGNZ_1A,0.00022433446120360514,507,,,,,,,False,0.0
gWiUCJEcv1lnZtMT_d2p5A,0.00022386861059735697,508,,,,,,,False,0.0
JQUQ_wa8JIiSe3YIms6b6A,0.00022354975945638596,509,,,,,,,False,0.0
QkcPjBcJ_ndCG60HWfZ-fQ,0.00022354722645284432,510,1.3449,2.7926,1.0,0.6931,0.269,0.18150619998425147,True,0.0
uaTq-_gVT8XWHdBfVPzsRg,0.0002234654839557082,511,,,,,,,False,0.0
U11YzwqthKNbpZeyufveEg,0.0002233472429048331,512,,,,,,,False,0.0
4vml641OlDNYtl46Fg8cYw,0.0002229061334128198,513,,,,,,,False,0.0
lgNRlE9gtXvZTEm_TQqXWQ,0.00022288435821776707,514,,,,,,,False,0.0
4CdXVM7-7ek6sNs11gaVuQ,0.0002226705820931136,515,0.0,0.225,0.0,0.0,0.0,0.0,True,0.0
fdKqGhyMll3WpOqJOQaQPw,0.00022265022628736148,516,0.8316,2.2273,2.0,1.0986,0.4158,0.12889017645970438,True,0.0
hOApQmKn3ACCnycMDYEgbA,0.00022252265777257337,517,,,,,,,False,0.0
sWvT_QquWQN5gyNksqMmbQ,0.00022246782456859804,518,,,,,,,False,0.0
xM2zutXv11alems5TnlC5Q,0.0002224065432401111,519,,,,,,,False,0.0
9y9O9Skpg6Kqn2jb57dXZg,0.00022219896762072462,520,,,,,,,False,0.0
_RHKuqA3mCHBaNyoljJTrQ,0.00022177035765325942,521,0.9,0.7562,2.0,1.0986,0.225,0.13669867987542347,True,0.0
MCLO8oPfEmpUlL0mzAiqgg,0.000221500680409929,522,,,,,,,False,0.0
Y94rTUdjh15qoKR3w8NBaA,0.0002213608830530224,523,,,,,,,False,0.0
vilQ4JC8lHKkngWvqOI9Aw,0.00022133453871553944,524,,,,,,,False,0.0
WfjsGrbSIswLMwGtKVNcwQ,0.00022128423706907903,525,,,,,,,False,0.0
me9sSgNho9LSMfQ1RIR-Ig,0.00022111256888032203,526,,,,,,,False,0.0
bWJZiwXPWgtlmDDyt-YCEw,0.00022108754746131526,527,,,,,,,False,0.0
GNrZxUMFyBCjei_-gfVjjg,0.0002210495765284306,528,,,,,,,False,0.0
gVBrnluQNWJtYZOAcP-dYg,0.00022101451768681533,529,,,,,,,False,0.0
DQ40RrKUpAra--v6C0Q_2A,0.0002208872384414246,530,,,,,,,False,0.0
fwb5klTiDBcBwFY8WqzX9w,0.000220845026312763,531,,,,,,,False,0.0
64jKdxGGwfHx4rutBBKWBQ,0.00022079893832884328,532,,,,,,,False,0.0
q6HaBDtVLApz8f2L9UluNA,0.00022072240668536292,533,,,,,,,False,0.0
zuJmP1Uh8txOpGdwzZDOiQ,0.0002206462186992846,534,,,,,,,False,0.0
xEzEJd-ECXOlIhEw7p-j-Q,0.00022040973096153064,535,,,,,,,False,0.0
9XotjNYdPzWCokrVMRo4Mg,0.00022031128222798165,536,,,,,,,False,0.0
ptc5JZ2UOhuuGyVLodbEnQ,0.00022022989894180476,537,,,,,,,False,0.0
CuFEwNXR6ALDHfDMu00RrQ,0.00022015003042724242,538,,,,,,,False,0.0
EAApVzr9Uib9rvDs67RsNA,0.00022008792603009486,539,,,,,,,False,0.0
8TBPpEgCEEpVlPyo9LKcGw,0.00022006703814941657,540,,,,,,,False,0.0
X6nMcdEJxt4RISek-DvdKg,0.00021992997793600084,541,,,,,,,False,0.0
SbMcDs06t7IPgXALJ2aNZg,0.00021975856580212652,542,,,,,,,False,0.0
i1PNxXNO1zlEWJF-GvDuEQ,0.0002193370102814195,543,,,,,,,False,0.0
V4sRdCecoNS4Uw5LARxVUw,0.0002193103680102702,544,,,,,,,False,0.0
wuoYvojFNWuRrUO2UyM47Q,0.00021911032735812624,545,,,,,,,False,0.0
8Hq-mqE5n9q7RFP5ghnm0A,0.0002190238859224032,546,,,,,,,False,0.0
eEquyJ-Iy8yYjxvAunHW7A,0.00021896947613339986,547,,,,,,,False,0.0
VF-xxQsEeWYwdqiGVC7L0Q,0.00021884398259327997,548,,,,,,,False,0.0
a3oQcnZHbFooAaevF1IjbQ,0.00021879803063597257,549,,,,,,,False,0.0
lkhTmJH4iutaPfH44Zm2mg,0.00021875965300418573,550,,,,,,,False,0.0
gxwut4Ruxc63pY644MldWw,0.00021875692973411708,551,,,,,,,False,0.0
xZxAoUnClT5wm0-QuZPFwg,0.00021769510022283422,552,0.0,0.09,0.0,0.0,0.0,0.0,True,0.0
Iiybta6qLb25oakRiS9oLA,0.00021757815543481097,553,,,,,,,False,0.0
xg2v-Lf39AVEo4we0dnbtA,0.00021755740732175437,554,,,,,,,False,0.0
2JBon9dZPJLF8oKkxH7KCQ,0.00021728187668773805,555,,,,,,,False,0.0
7h0GEzhYlE6djSel23xleA,0.000216949660946264,556,,,,,,,False,0.0
lbjJ2ACmmYvhCXcWav-E0Q,0.00021687304014396988,557,,,,,,,False,0.0
apswwLV8HHRmBMPrESCZoQ,0.00021587739533247274,558,,,,,,,False,0.0
aFRB5lGVv4VnKiZt_c1zxA,0.00021573359132668718,559,,,,,,,False,0.0
9Udgv_7h8oj6NXq5hQeJow,0.00021567459537283587,560,,,,,,,False,0.0
mxSD-ijR1IXCliF_m9G4wg,0.00021565201916098228,561,,,,,,,False,0.0
0UYn-R_LF-V0KSlYFRi3PA,0.0002156292311113933,562,,,,,,,False,0.0
HvFHRwDDu36nBGSyEv81WQ,0.00021555479987926974,563,,,,,,,False,0.0
6mL1WHEloNCQfc7a81pBiQ,0.00021554635692189257,564,,,,,,,False,0.0
22_KB3FITRnuTXCEHsXpIg,0.00021543758336103926,565,,,,,,,False,0.0
5ewePyN_mEE_79OmYyYBEA,0.00021522515710066645,566,1.2405,2.9994,1.0,0.6931,0.2067,0.17180654084097238,True,0.0
2bx_F3UOGmeg5SQR6RoD0g,0.00021519701526186052,567,,,,,,,False,0.0
sgxg7pc3UAQrULu32GAwPA,0.00021507778495787175,568,,,,,,,False,0.0
VJnq2lgXILRaGuXXlmRztw,0.000214953029462369,569,,,,,,,False,0.0
smhunYEIv0HjziHb7VSa7Q,0.00021491683249678253,570,,,,,,,False,0.0
wUJqfAtMvxG2m2oKeGXRGg,0.00021483257989350765,571,,,,,,,False,0.0
-Lz1eG1xyHk634wVzBD83g,0.00021476832079851446,572,,,,,,,False,0.0
-QbbFXdiWQb2vKaDIky4Pw,0.00021459086765318245,573,,,,,,,False,0.0
ArHq_uM3K7mxAiqwFEcKsQ,0.00021449744657767934,574,,,,,,,False,0.0
a5TaDLChZDSgZ-en1sxNpw,0.00021420896261334287,575,,,,,,,False,0.0
86BkHfhvm7pVTMUSyJlttQ,0.00021388402432887966,576,,,,,,,False,0.0
0TPVRleoFUf769bCkh5Jgw,0.00021371965895769206,577,,,,,,,False,0.0
sqWlikw8elQr6GkNT1qaMw,0.00021345598957990569,578,,,,,,,False,0.0
alpF8d_veJy9Isk6f7wgRQ,0.00021330907024384342,579,,,,,,,False,0.0
EvwnRnlgQxjhlhhdK3iS_A,0.00021329766489018635,580,,,,,,,False,0.0
uGacI_nMwg8hxdg6PloiOw,0.00021329402036610412,581,,,,,,,False,0.0
kayZz9qkn24KGspavVYxfA,0.00021328029798401235,582,,,,,,,False,0.0
z9xBQXT6Ru19ySOjdGDIqw,0.00021327953101202222,583,,,,,,,False,0.0
CJSSTraJzktYE48l8pBADA,0.00021309175951155158,584,,,,,,,False,0.0
68tT-waXYijVH4WGiFyQMw,0.00021300466926646328,585,0.15,0.0,1.0,0.6931,0.15,0.029765766681636534,True,0.0
CzsnLeW_yFwmmcdvmy9bMw,0.0002126303497214876,586,,,,,,,False,0.0
jrOgLPx0YqKQKd0DF7gRhA,0.00021238456310345444,587,,,,,,,False,0.0
0vlisQJ0jKFB16KYi_q3LA,0.00021228048946649521,588,,,,,,,False,0.0
Fv_snoYk6oI_t_YfLM3MFA,0.0002122508165744655,589,,,,,,,False,0.0
SyELo2Uet1VWOpXuE6tPpg,0.00021210148267497418,590,,,,,,,False,0.0
Tgq7FzfhLx97K5NBXGO5fA,0.00021209194073966683,591,,,,,,,False,0.0
yPt6y_CWuYiztCYE9UBcxA,0.00021195969182748807,592,,,,,,,False,0.0
MjJ0ZTZxw9Rn5TDWEbLaQg,0.00021182491940597916,593,,,,,,,False,0.0
V2aRYSwy862tExL-pBUFtg,0.00021164072844939474,594,,,,,,,False,0.0
JD2SkbWJFpKyMZjqzT8fdA,0.00021148850294830385,595,,,,,,,False,0.0
wAPXYljzn9YDTvQqqL54pw,0.0002114367140577824,596,,,,,,,False,0.0
dr_nIjj7A0PYfaN6qS2yng,0.00021135231638298743,597,,,,,,,False,0.0
3gwwGdwihsmb4TOnUOo6RA,0.00021123561641308065,598,1.2228,2.3114,1.0,0.6931,0.2038,0.1701173543275247,True,0.0
V5Kaq2WsdsCKJ2JNoWgwxQ,0.0002111342090380608,599,,,,,,,False,0.0
wY9y0cOAzNALZ7BELMwozQ,0.0002109939237849118,600,,,,,,,False,0.0
9ZcxmF09BwB7K2R_I0yU1g,0.00021096984699844277,601,,,,,,,False,0.0
7tIkHJL_c_Yea62w5ZhLdQ,0.00021088801639020137,602,,,,,,,False,0.0
vxiJGUttvQkNim9Sa5KkLg,0.00021087484598518403,603,,,,,,,False,0.0
-SFSt3FkjGfavnyMpHsZPA,0.00021082603898395005,604,,,,,,,False,0.0
35BuVcbDU7D9mjmruxmnEw,0.00021074866819562597,605,,,,,,,False,0.0
Em9xPtWJst1AYROBkDZYBg,0.00021074046605007609,606,0.2462,0.09,1.0,0.6931,0.2462,0.046875515765155536,True,0.0
NfuQxhkadU9p1nFUs-2sbQ,0.000210717390501567,607,,,,,,,False,0.0
2Nvq88a-NLYC0e3Jc_vvTQ,0.00021056533983173387,608,0.18,0.1714,1.0,0.6931,0.18,0.03525039845926755,True,0.0
2m8Gdh2AYepXn0dQBA5y8Q,0.00021033719579310916,609,8.4625,1.8721,1.0,0.6931,0.2821,0.4786259858184684,True,0.0
_hfy-Rj0XtJAxaKRQmKeYQ,0.00021021776751723738,610,,,,,,,False,0.0
Oq6Pp80T0uLrdJH-XJAAzA,0.00021018694388390304,611,,,,,,,False,0.0
AJoWmj-UR1NBB6oSNxP_TA,0.00021005119577535854,612,,,,,,,False,0.0
lOOePsuwr75TCvIhV1Am1A,0.00021002072784389507,613,,,,,,,False,0.0
td_BI5T5qP01T5QfD4j3Sg,0.00020993850074354017,614,,,,,,,False,0.0
ou24typ9w08S_WS8piWa1A,0.0002095635168029233,615,,,,,,,False,0.0
eZldAV-8VNSnrlbG270Wzg,0.00020956196409342094,616,,,,,,,False,0.0
1lYgczPofVzbRqBT4XdLZQ,0.0002093444676772831,617,,,,,,,False,0.0
NG3SFWgDgjMMpIJoQoQ3XQ,0.0002092946507763253,618,,,,,,,False,0.0
hxz-ZUqfwcueJu3eIGcBMA,0.00020920886058201798,619,,,,,,,False,0.0
W7IXC4Bq5jXOQVV6Cu1OSA,0.00020920754900635323,620,,,,,,,False,0.0
_ozCIOzZtIuAewuMYI_OqQ,0.00020912728156529347,621,,,,,,,False,0.0
WoVo347Icg3gfQ1jOnfAUA,0.0002090553262347979,622,,,,,,,False,0.0
GDnr1VJjoKRokpuCMWrtog,0.00020898461175324504,623,,,,,,,False,0.0
Fxzm5Yp3yDq_8n5gptP1lw,0.00020875023391619946,624,,,,,,,False,0.0
-6TttC-1-rf5gC0QHWrs_w,0.00020871816076896364,625,,,,,,,False,0.0
n-qNp5n_GJTntIyiZWzeJg,0.00020862951429908842,626,,,,,,,False,0.0
fKbrDP45PmhwvVkNx3Tuow,0.00020829187132144047,627,,,,,,,False,0.0
RvV-egTT16QOsKw7DEu2NA,0.00020823777274327242,628,,,,,,,False,0.0
7d_OgR-rNFMh0tScSqtegw,0.00020823049692107412,629,,,,,,,False,0.0
qFKjD2yN3gDqkoQEs51KZQ,0.00020821436884652217,630,,,,,,,False,0.0
yug67xx7T6yIqzxiAOPMqw,0.0002081795808745182,631,,,,,,,False,0.0
25tI2s_AmToGGE2fNQYY7w,0.0002078639410709329,632,0.4197,1.2962,2.0,1.0986,0.2099,0.07463606502489009,True,0.0
_0JAjja8Pc2StBrhEgdf5Q,0.00020778867970501608,633,,,,,,,False,0.0
FKcQbzeClxbTAnAVJXx__w,0.00020776918185015856,634,,,,,,,False,0.0
z-7fgq0DHYB7-jO_6iGnJg,0.0002074673804644896,635,,,,,,,False,0.0
qQrNp9Q_-1GC1eRGv-HZLg,0.00020730724936188078,636,,,,,,,False,0.0
5u_eZ2_GYsPtLuRwAajgzg,0.0002072372527677554,637,,,,,,,False,0.0
LdKOAUDS7L8wj1ft3GnMmw,0.00020688110694007107,638,,,,,,,False,0.0
B_e2yKNLa0h4LbyI7u1wxQ,0.00020687833575558893,639,,,,,,,False,0.0
r00ngMUM5cLi5ZmKexELqA,0.0002068127320440093,640,,,,,,,False,0.0
Pftp2bkQD91tiUnnPD0FYA,0.00020669160795246824,641,,,,,,,False,0.0
0UVx40zcIeh6wb_I4-QzfQ,0.0002065567159418628,642,,,,,,,False,0.0
iUhLGy41VYrLVAhJFH4x_w,0.00020648309940905999,643,,,,,,,False,0.0
lSfMGqkDaMvqm-KCa6Yr2Q,0.00020638010401385586,644,,,,,,,False,0.0
llSXs36PjWbDlyDcI4weAg,0.00020637422810106264,645,,,,,,,False,0.0
oVMf5FvsD7_HmBc3B62Zxw,0.0002062248822294755,646,,,,,,,False,0.0
Mo09V4DcoZmhI4j7M_NCJw,0.000206205306644842,647,,,,,,,False,0.0
5n8bFTaTWsZwb2rgOQsDEg,0.0002060624452048217,648,,,,,,,False,0.0
i4aX6gdfDMU6OquZp0f-4g,0.00020601956224700546,649,,,,,,,False,0.0
FmBvwussMAP_hh5psTcHOw,0.0002058501534541681,650,0.3,0.5585,1.0,0.6931,0.15,0.0558769672846689,True,0.0
Joppbzd7vmiLj0Uhs_fdvg,0.00020579292401167164,651,,,,,,,False,0.0
kX_qrUoz3WYmhLTS-SFvnw,0.0002057341993535411,652,,,,,,,False,0.0
62eQzOWKmzsIJnJN33vofQ,0.00020557191304231917,653,0.0,0.18,0.0,0.0,0.0,0.0,True,0.0
ZvUymj1wUdQFbg71XrA0Lw,0.00020552157357493645,654,,,,,,,False,0.0
bwDeI0YRqn7rToBwH4ptKQ,0.00020546455152824127,655,0.2,0.06,1.0,0.6931,0.2,0.03882989051478855,True,0.0
TP3LNjHNph_yacJ_fo3ULg,0.00020527880515823157,656,,,,,,,False,0.0
XwqwayHSA_TJDnk-13AyAw,0.00020526906482004316,657,,,,,,,False,0.0
mkfZtqEYfekrKiJgI6TS6A,0.00020525195161683087,658,,,,,,,False,0.0
h8t_AMU4FpoD7U9b_s2waA,0.0002050411567650222,659,,,,,,,False,0.0
z37fpa6lh-HOIQh0MbQXag,0.00020468278980534954,660,,,,,,,False,0.0
7R_bnIw6n2wSf8SUAL1gLQ,0.000204674264414611,661,,,,,,,False,0.0
2L4ncdPfO7b5k3wyWAz9CQ,0.00020406655981664918,662,,,,,,,False,0.0
H6C8W2KWgT0E0AZOeO4WAQ,0.00020401209201196738,663,,,,,,,False,0.0
wCml58X_fTAbWXVLTQY_4A,0.00020387075731547673,664,1.6251,1.1471,1.0,0.6931,0.1806,0.205545989163462,True,0.0
4ORRY2fYsRhwN0u8QjQNEg,0.0002037746997127564,665,,,,,,,False,0.0
9Hz4L2kothD6hzwcMa5-zw,0.000203565569207894,666,,,,,,,False,0.0
pWny9VNzQlvDXV_Fw3snjQ,0.00020356238072822316,667,,,,,,,False,0.0
oGQb9Cx9Sk0Lvuns1Wf3tg,0.00020339181649746762,668,,,,,,,False,0.0
aQC_87xrNXm-K29ExZH4qA,0.00020333571456388025,669,,,,,,,False,0.0
a-ouU5dKcMOYgOkftIX1YA,0.0002033279982140909,670,,,,,,,False,0.0
ym3e_a1L4gyKZWU1-LuRYQ,0.00020309574323996405,671,,,,,,,False,0.0
PN63nkTW7UBPeVTMZZ8blg,0.00020307173648582478,672,,,,,,,False,0.0
J179GmDalU-NgZ7nhRwBYQ,0.00020301365656363057,673,,,,,,,False,0.0
14UWSgKjw5YLBqKYjBPjtw,0.00020299671730914366,674,,,,,,,False,0.0
deNOTM_X7PF8W3E2cKWXyw,0.00020296831222903412,675,,,,,,,False,0.0
1xOyqnO5FtxSLwRfT6mzPw,0.0002029477786969321,676,,,,,,,False,0.0
YdMKdHOPbNgzxrC7xFwL1Q,0.00020278877229617774,677,,,,,,,False,0.0
R2d7A6pIadcVOPPHCpffrw,0.00020278599301439508,678,4.6619,13.26,3.0,1.3863,0.2641,0.3692470255071808,True,0.0
bllbgSuMIYLHux27cnH3vA,0.00020274998634306493,679,,,,,,,False,0.0
iRb6rh6J5hveHIIWxsr66A,0.00020251104173723506,680,,,,,,,False,0.0
-bxLBGgtchd-O6-2CdDThA,0.0002024676678639992,681,,,,,,,False,0.0
QSA-x2bb3kum9QLFpy7vUg,0.00020220518622078747,682,,,,,,,False,0.0
i7WnyDXKpT-mPaHEMY-HcQ,0.00020219621443859958,683,,,,,,,False,0.0
O76kDVYNag6w7VJVd69m3A,0.0002021959778351828,684,,,,,,,False,0.0
MLHZ9MOx1NlIqTOkeWKipA,0.0002020936824452146,685,,,,,,,False,0.0
oa4bCkow1hrF6pqQCT6EGQ,0.0002018952698094667,686,,,,,,,False,0.0
u9VBun-zmcF59afKELs_NQ,0.00020187223487225724,687,,,,,,,False,0.0
U_1Dam1j0VasEgKF6QZpGw,0.00020177998101664492,688,,,,,,,False,0.0
oLV14RPXy_gCS9gvlAofSg,0.00020154915862673057,689,,,,,,,False,0.0
fPMoxNGm2LGXVTuqh0BBTg,0.00020146478354666407,690,,,,,,,False,0.0
hdVqM-QngiiLRaMOvwXglQ,0.00020118222274058487,691,,,,,,,False,0.0
9ziM5f6VHOnMy8Izv8xmVw,0.00020087524549292887,692,,,,,,,False,0.0
5wLDwv4t6pnI37b2bzmnyQ,0.00020068725974769583,693,,,,,,,False,0.0
DaVWa71vav0Mv1cg2H-gfw,0.0002006496717205512,694,,,,,,,False,0.0
PMH5bNPL81bdXboBv0Am5w,0.00020046096770334434,695,,,,,,,False,0.0
YaLZlatMJU_eXurZXtihHQ,0.00020042114339916415,696,,,,,,,False,0.0
WGU1LKJp9rLxn5wLWSUqcw,0.0002004065575961378,697,,,,,,,False,0.0
J-Gfo-YKtgFPSgCBZbT88Q,0.00020031342770817522,698,,,,,,,False,0.0
kApk7Pr8baAV4FzrIwvHFQ,0.00020011489967091545,699,,,,,,,False,0.0
-aUw9tAKRs_Lrw47U-YSBw,0.00020007663543117972,700,,,,,,,False,0.0
NBkrB_4GW4YYhopBhMtceA,0.0002000531277089957,701,,,,,,,False,0.0
wvi3MRCklSZgu2nQQMyhQA,0.00019999044369325246,702,,,,,,,False,0.0
6y3ieaio3N5I157dwA2IcQ,0.00019989935881864026,703,,,,,,,False,0.0
QMbbErMrrp5mwg8oZwFE8A,0.000199890968007743,704,,,,,,,False,0.0
KPnJ3hdHljTWbsq_mx5oZQ,0.00019981890027781946,705,,,,,,,False,0.0
e8PPDsGG6zLe9qV6x7B6Qw,0.00019979056700767205,706,,,,,,,False,0.0
mJCSttB63SaPVZOW3YWhhw,0.00019969697592199222,707,,,,,,,False,0.0
rnYZY-xF7qmBCAXKY19LqA,0.00019968126818541303,708,,,,,,,False,0.0
jqVyVd07PJnmOmEb0GOJtg,0.00019961188511914078,709,,,,,,,False,0.0
1lWASQ_QiT_RFPEeSvyF5w,0.00019959403408914987,710,,,,,,,False,0.0
l6vfUuv9KRsCC7WV5he2gg,0.00019948102800351324,711,,,,,,,False,0.0
X7dhiI3ReIhhF2uJTK0dsw,0.00019934588393131055,712,,,,,,,False,0.0
Ll3JFb6QR0oxcZIIVeUuLg,0.00019913233796767875,713,,,,,,,False,0.0
RMRlzkMedvSjxFLN9cIJSw,0.00019888084433027694,714,,,,,,,False,0.0
fGa6oaUxdxqs0JPnwUxn6Q,0.00019885411671564075,715,,,,,,,False,0.0
p076WpKLPb0IDlo-6c39GQ,0.00019879795178557292,716,,,,,,,False,0.0
gybl_Jycrn8X_CytA-9J8g,0.0001985179026938683,717,,,,,,,False,0.0
pCdHHSIYirmUVSQC0y4YaQ,0.0001984404658467609,718,,,,,,,False,0.0
ZJXc_MYDaoNr2n4uRgfzhg,0.0001984189071936089,719,,,,,,,False,0.0
TnlbYrBYKN57gct0XiMIuw,0.00019822144534785316,720,,,,,,,False,0.0
n07XNC-z_uWZWG8xJZ8YfA,0.0001981180830821139,721,,,,,,,False,0.0
mvJazJqQvm7CO7kykpDptg,0.00019806099078416037,722,,,,,,,False,0.0
agzEfydzvZWlbzpcMxLPBg,0.00019800738435669108,723,,,,,,,False,0.0
SwBhaxfQPbyhsi0QHUAN0A,0.0001979691752817981,724,,,,,,,False,0.0
q0xcJfaHQaP4tR43LQrLPg,0.00019795129909942858,725,,,,,,,False,0.0
XxvGmAlvZE-8cjDZF_39nA,0.00019792533125135466,726,,,,,,,False,0.0
noRCd744AD5cAT0nuq5Aaw,0.00019791477810236676,727,,,,,,,False,0.0
PGCWN8JYSFoNAOqIFwTJUA,0.00019782859261399842,728,3.321,5.9989,2.0,1.0986,0.2172,0.31168576785143404,True,0.0
SpKppNFimODBt-BZ0c2WbA,0.00019775284211495152,729,,,,,,,False,0.0
vhd0gUXen6B4km2VQlljVw,0.00019764643053446542,730,,,,,,,False,0.0
gjkw7CkbvSnovjpwkfsArA,0.0001975702949664246,731,,,,,,,False,0.0
g__reLE-nkT2HrRDE0R55A,0.00019732091431849048,732,,,,,,,False,0.0
zhdJZc19FDnARtn_r9WDjA,0.0001973006780612388,733,8.0573,9.6996,5.0,1.7918,0.2761,0.46930502678328656,True,0.0
f4QAry-KSSkNT3fZ034NQw,0.0001972135772315918,734,,,,,,,False,0.0
C4rnMUEKJTE29QhZP9QZWQ,0.00019715018415291492,735,,,,,,,False,0.0
t0T-rQQ2wLJ-9_MEhSfRtA,0.00019695811539011647,736,,,,,,,False,0.0
lHOjknsVNLBHB0fs-SM7-Q,0.00019690006053821335,737,,,,,,,False,0.0
GEKQqHL78Gkhy1juc7dDww,0.00019682649484764972,738,,,,,,,False,0.0
LWKQm2P7TlrdEYdsLo0uAA,0.00019680527546617305,739,,,,,,,False,0.0
-_LFA5At29YUr5Q48Nuf8A,0.00019674770504405606,740,,,,,,,False,0.0
DsKm53QrsVk5GZ9QgYQmyQ,0.0001966482462038089,741,,,,,,,False,0.0
rXAEZx0zt-iCaWlx3woxeQ,0.0001966049624453143,742,,,,,,,False,0.0
PdhnUOxRZmU2iasubZO5JQ,0.00019660190499981684,743,,,,,,,False,0.0
d8FgfM31dou00aYDqfx9Dw,0.00019655985212579252,744,,,,,,,False,0.0
4EbwDR58_1Lm54Oru_Dfxw,0.00019646269948377074,745,,,,,,,False,0.0
n4XdEzFBySM8_D_uJqSToA,0.00019631294904731768,746,,,,,,,False,0.0
6rZkogALtWhE57DpWhK6ow,0.00019630656777396523,747,,,,,,,False,0.0
5D-Gjagh385iopO3xqjjIQ,0.00019629928412388047,748,,,,,,,False,0.0
csykRUzx15yMpFbzD-BApA,0.00019627767193606177,749,,,,,,,False,0.0
ODHL8UzpkNvbYMrA_amt2w,0.00019609300002243642,750,,,,,,,False,0.0
FvvlLwlLrMXx7ScfKdx3MA,0.0001959228135077872,751,,,,,,,False,0.0
j4Fw7dF9W8wV3MrJIKDldQ,0.00019581971526245592,752,,,,,,,False,0.0
Vho7J8gexa47aDbLqraK-g,0.0001954616539673401,753,,,,,,,False,0.0
AN0zjd-9W1vq1AS9UnOWrw,0.0001953620080949028,754,1.3714,1.3733,2.0,1.0986,0.2429,0.18389955521557508,True,0.0
rPBO4EMvyPaXc8XKaBlu-w,0.00019528098264825765,755,,,,,,,False,0.0
FeEawbq1Hcdfx3GFf1aLZQ,0.00019525133787794304,756,,,,,,,False,0.0
SCvq_xornY-FU7yGB7ZzeQ,0.00019521037222484025,757,,,,,,,False,0.0
t-r5BbNosi0aM-0aNQ9t9A,0.00019466457720569282,758,,,,,,,False,0.0
jFAj4ZTHKukcEnFZXz2DiA,0.00019462882599371483,759,,,,,,,False,0.0
YQD_Gm999Cthin64uLdOdA,0.0001945912732945386,760,,,,,,,False,0.0
TK31nJa2D8wYzgR0yaxTHw,0.0001943857511296296,761,,,,,,,False,0.0
R2ZVVKXpZVQPj96cyDXZwQ,0.00019418382705417255,762,,,,,,,False,0.0
2GUTsH6BHqasxtBEcXwNzQ,0.00019418100296592978,763,,,,,,,False,0.0
tMzJ15VLjqIuitCXs6_bsw,0.0001941434337056168,764,,,,,,,False,0.0
Tl60fwcMb0lzJb5-a7yguw,0.0001940813557732175,765,,,,,,,False,0.0
2-6E1sAD1MKUixksDw-hkw,0.0001940007300930405,766,,,,,,,False,0.0
3AFJwWG2OcGtRlJhhEbjKw,0.00019399458406381742,767,,,,,,,False,0.0
NZ8rkOpkBisCWpfJb2rfzQ,0.0001939809485219743,768,0.2,0.2734,1.0,0.6931,0.2,0.03882989051478855,True,0.0
e-Oj6-L6oYNdCY2nB5tRqw,0.00019393868627449543,769,,,,,,,False,0.0
llmWFWNqZQ2J0UVECr0bvg,0.00019390460374450397,770,2.6642,4.3237,2.0,1.0986,0.272,0.2765711646579288,True,0.0
v4s3xYzkXZB6sAY5yszyRg,0.00019388604591595173,771,,,,,,,False,0.0
-8uatt4iWxUproNMOd1srw,0.0001938446309743754,772,,,,,,,False,0.0
DbyJYiCIDelX8uLWDsruAw,0.00019375789130275667,773,,,,,,,False,0.0
SY8-rMi4JMPEQJ0Wzqd-5w,0.00019374152024008502,774,,,,,,,False,0.0
qXctAMyV6n9PSjPQuUSEpw,0.00019372036197406735,775,,,,,,,False,0.0
9FNrCSiR6s5oYNyxGv4DtQ,0.00019366715872522701,776,,,,,,,False,0.0
c9xznvN0pQeFwzZCPbO__A,0.000193654076695678,777,,,,,,,False,0.0
SX_gjDkV6y3iWyTcK9OLcg,0.00019364023179929894,778,,,,,,,False,0.0
JJMMayeZruzAA_nKAYQTpA,0.00019357748163129925,779,,,,,,,False,0.0
zSEqhlaHqY8sIDxznturEQ,0.0001933927450232445,780,,,,,,,False,0.0
_qJqhR3q9TA3SB2BPY3PJw,0.00019334777674821243,781,,,,,,,False,0.0
rkqsFfbdeuXevR4Z3VgFuA,0.00019330069299263835,782,0.7069,1.5233,3.0,1.3863,0.1767,0.11387310393366637,True,0.0
7UOJofNZSY6pQkIk6QUOGA,0.0001932513903195097,783,0.75,1.3642,2.0,1.0986,0.25,0.1191840403185944,True,0.0
-Wv0KRW7vv77bjOKLrxpXg,0.00019303153893636898,784,,,,,,,False,0.0
DEULqPtQ5cbGyvc0yfZudQ,0.0001930246831531511,785,,,,,,,False,0.0
gHKQIn_mfTP2JdoH3R05aw,0.0001929571450476788,786,,,,,,,False,0.0
YBW_smhjRI331LWOwBHQvg,0.00019289939261559865,787,,,,,,,False,0.0
pMK3BNK9Mk0jopvoVACwbA,0.000192868270866516,788,,,,,,,False,0.0
neR6xLcJKsAunowFe5Yf-g,0.00019285999115548804,789,,,,,,,False,0.0
agnZcb-VR74GN01_8pHb7w,0.0001926791936889515,790,,,,,,,False,0.0
aI58hxqbyOX6irFfljXfQA,0.00019257809634502226,791,,,,,,,False,0.0
o6QW19rG1Xsy_ySsxqkpxg,0.00019255561270707338,792,,,,,,,False,0.0
uOf1XvY9yPEssWP8WBfgZA,0.00019252540627695978,793,,,,,,,False,0.0
wdFMJH5synpdp0jMNdCHNw,0.00019235986951324197,794,0.2,0.0964,1.0,0.6931,0.2,0.03882989051478855,True,0.0
tM_ZLztaq5yfHrSx7t0PUQ,0.00019209995992780523,795,,,,,,,False,0.0
B93BiuxTi4M533Ll-7XYTA,0.00019171742291346135,796,,,,,,,False,0.0
p2SakAsYqdAvLqPpAhkekw,0.0001915065440406763,797,,,,,,,False,0.0
a2FCobBzFzC62IbHPa_oIg,0.00019147735737101923,798,,,,,,,False,0.0
X6nl7nLPHdBHzjmGvrVgXg,0.00019141355118872347,799,,,,,,,False,0.0
Hu8AaQE2d3Uo6_EGlpVsUQ,0.00019135786097365816,800,,,,,,,False,0.0
B5YzH2QTnHThzrHPt-qHow,0.00019134814610054953,801,7.7736,37.5689,3.0,1.3863,0.2326,0.4625273498573216,True,0.0
FC8dvE8ilG2x8bV3wpIUHg,0.00019131834940303052,802,,,,,,,False,0.0
1M7b87GZXWOTjQTq3cxRBw,0.00019115435210635343,803,,,,,,,False,0.0
6LFhb-DEcVDnG3HZfHt1Qw,0.00019109270996116223,804,,,,,,,False,0.0
-OX0MJDPRHV0RCRvwYnvBQ,0.0001909347104391834,805,,,,,,,False,0.0
8Aavn4p0d-OX3GtHcLnGgQ,0.0001908229777496512,806,2.9378,8.4798,1.0,0.6931,0.226,0.2919079376992741,True,0.0
utJPIg1UrXG_PpE1QLOomQ,0.0001908168362825245,807,,,,,,,False,0.0
Emrw1nbhx9i3_y05V3Y70w,0.0001906763153349877,808,,,,,,,False,0.0
FZlbI7_mdb79DzaqRIAqtg,0.00019043236896312411,809,,,,,,,False,0.0
m408YCnvuIywzZkJX3K9KQ,0.0001903486249534151,810,,,,,,,False,0.0
JbI8R-Mjrn_kG7zBObj4vA,0.00019016787871507744,811,18.8301,45.9899,2.0,1.0986,0.209,0.6361984246283567,True,0.0
S18_H6x5IisrGmIW9ITdlA,0.00019005923625424215,812,2.5315,6.1968,3.0,1.3863,0.2814,0.2687150962599513,True,0.0
Y7DzF0ZfAIuXbLM4KcOExw,0.00019000850408965609,813,,,,,,,False,0.0
FPbh-t9fTEc5x2SCresK6A,0.00018998804569758386,814,,,,,,,False,0.0
0iXeck2mrz9GVlffx6RF4w,0.00018997044408772582,815,,,,,,,False,0.0
b-4xNydyGmdv2bGFOHTgdw,0.00018994674532937493,816,,,,,,,False,0.0
XBFa8NAUrTqi_iea1moyiw,0.00018990040356531106,817,,,,,,,False,0.0
Rr2zNZ6d9_yipQLsdDq4tQ,0.00018988663877117577,818,,,,,,,False,0.0
I7aGADzGs2kL50deE8BQTw,0.00018985348430759132,819,,,,,,,False,0.0
fx7YdpHn10qQO_7Y2ZJLUA,0.00018978103857895799,820,,,,,,,False,0.0
et96-0iMUgkDiQWKqr4k2g,0.00018972714885153718,821,,,,,,,False,0.0
FtT_HlYiyOrE-TzKl6_qgg,0.00018972713770387355,822,,,,,,,False,0.0
b5vN05m7zf7cQeIgdw9L2g,0.00018971043912360976,823,,,,,,,False,0.0
gSj1MMZGIVbx6tNRRUoYxw,0.00018963013610049363,824,,,,,,,False,0.0
sWZnoOJwHTQD7RgdrmFA6Q,0.00018930340421211605,825,,,,,,,False,0.0
IZ5hZD_helapxEPWUY29_g,0.0001892355988268167,826,,,,,,,False,0.0
3tHYTqsJcsZ578bmcneY0A,0.00018917798464542206,827,,,,,,,False,0.0
BfwzLf3NEt6D51zB8rNwxA,0.0001891760512513393,828,,,,,,,False,0.0
UrYj-HI2I61BK_nsPEa_QQ,0.00018915922122021873,829,,,,,,,False,0.0
4GmZ1qVrioP3duIk_YZMxg,0.00018905906637714192,830,,,,,,,False,0.0
oS91GprO3PRFDd2La4nz4Q,0.0001890218350988624,831,,,,,,,False,0.0
MjZQqZAmJeMco_Vq-Y9h-g,0.00018888883181104665,832,,,,,,,False,0.0
UYhCp9OzvrESmX4aT368fg,0.00018887935040880403,833,,,,,,,False,0.0
QCRLjou6Q_jclARDz0ss5A,0.00018878206268191906,834,,,,,,,False,0.0
pl5Aa-czd1t0eQBCCFUfTw,0.00018856874752294422,835,,,,,,,False,0.0
9DhjKaR2f9wKATnUvxBAgg,0.00018856523431077108,836,,,,,,,False,0.0
3I3m2eT-UURdmr2PgYXtJA,0.0001885018711964342,837,,,,,,,False,0.0
UdDZEoDyqsxqeqvghYxDTw,0.0001882950719543136,838,,,,,,,False,0.0
wVgo5MaohDWNuudZWWwfJg,0.00018828763953818357,839,,,,,,,False,0.0
vkIhDz7eJScEN2CZnGAkjg,0.00018823646933941883,840,,,,,,,False,0.0
uJc9lKaxLNBZch866x4_pA,0.00018819293373849319,841,,,,,,,False,0.0
OjS4cZZxlyTvq6y9idmkjw,0.00018815429722331882,842,,,,,,,False,0.0
IR_uQ6uMY2wMYpasQnQFzQ,0.00018788535064689148,843,,,,,,,False,0.0
7NITtPelRe_oQRsWACI3yA,0.00018779854436430833,844,,,,,,,False,0.0
d4FXXwFDzUv8Qu4hiqLUMQ,0.00018774849492746387,845,,,,,,,False,0.0
ZtZNEwpzAh0uKUKA1Gg-yw,0.00018769631292668172,846,,,,,,,False,0.0
o3th9ES21lN4V97XwDa4eg,0.00018766348290434262,847,,,,,,,False,0.0
Bcsd8ZedTR5VK1DcGnmDtg,0.00018764707549209043,848,,,,,,,False,0.0
HCtaslujHiD_j5St_FR5IA,0.00018757293220542833,849,,,,,,,False,0.0
4HRtArZJtcAs10gAE7_bzw,0.0001875359927993422,850,,,,,,,False,0.0
4LrN3iUtjMXUxilzE_xMVw,0.00018753110323538932,851,,,,,,,False,0.0
EfROb-PLUsXRrK0qksx5FQ,0.000187343055987665,852,,,,,,,False,0.0
-4jxTEaNONDDsC0Xzzp1UQ,0.00018731492609892363,853,,,,,,,False,0.0
EkYGO5eZJ9litEaBEx6w9w,0.00018720210519171892,854,2.1522,6.187,5.0,1.7918,0.2077,0.2445164588697315,True,0.0
dqdEPiPQugiz8sIgMqXmiw,0.0001871011923478553,855,,,,,,,False,0.0
AIN2K4n1wwetGrCMiAIGFA,0.00018706819592996502,856,,,,,,,False,0.0
SoFMoWEQatAfLLktojPJSg,0.00018685583244165,857,,,,,,,False,0.0
JtY9OkVp8lfdFVTahNjHdw,0.00018681823676064128,858,,,,,,,False,0.0
KpXLSMHoozqN8eWzpAUJmw,0.0001868112327808956,859,,,,,,,False,0.0
kg6yWp6MJPCMw0kT4l3O6A,0.00018678771724023246,860,,,,,,,False,0.0
QDvQmizwCiFGf3y0Om9jyA,0.0001867621082582795,861,,,,,,,False,0.0
dq-02omJz_ufg1F-BME0kg,0.0001866103035537894,862,,,,,,,False,0.0
uDQxX5LiFAnv4JeNJe9ORA,0.000186502359932706,863,,,,,,,False,0.0
3zWNxtRhyR4rLPfXyQgSyw,0.0001864842652326056,864,,,,,,,False,0.0
9fajAXTAT1A_pcGakz64hA,0.00018630992795943958,865,,,,,,,False,0.0
b8fXwzOwJlqFILC4txb8WA,0.00018623216278798452,866,,,,,,,False,0.0
IG-FdH40iq-o4aFWIf4zoA,0.00018611432439290682,867,,,,,,,False,0.0
ZBTVbCcc8OabC9Q5rIaGlw,0.00018611024957191274,868,,,,,,,False,0.0
svMo6g8n3oyvSOIvROj5GA,0.0001861039440723416,869,,,,,,,False,0.0
UmJVrd7hupfRJTFvMBX7BQ,0.0001860620054688995,870,,,,,,,False,0.0
JX4tUpd09YFchLBuI43lGw,0.00018605691882502372,871,,,,,,,False,0.0
dms2DI0DgFicvwLPlELlKA,0.00018603522076189892,872,,,,,,,False,0.0
MkMTxMvbCPb4wehmDK05IQ,0.00018592535464860972,873,,,,,,,False,0.0
h3AI5bjSwdeT_WYbziS16g,0.00018581594028291724,874,,,,,,,False,0.0
BfCTFKdKhdQ-N9k6ZuKb_w,0.0001856771255720654,875,,,,,,,False,0.0
WZPCfTRiN4ipajP7gFfziA,0.00018563000857075868,876,,,,,,,False,0.0
3s3M082JCZCM0KEL-_7fdA,0.0001856134694531902,877,,,,,,,False,0.0
BIyT7Kr7tMJqlfp4oOOYQg,0.00018547944207756553,878,,,,,,,False,0.0
W_F0fVuQRY76_z76veUnQw,0.00018542128352325596,879,,,,,,,False,0.0
WUUWAzgfbF7r2awdKeNKBQ,0.00018539923437979798,880,,,,,,,False,0.0
9pbEWyLUfPWqmeOklf2v4A,0.00018536635950764304,881,,,,,,,False,0.0
WRh6AOkXFl1qtnlCYUUQ6Q,0.00018535302250420084,882,0.8,0.0,1.0,0.6931,0.2,0.1251837261898521,True,0.0
L-wv-QK9VoUZX6zUcJwSSw,0.00018527261845135962,883,0.2226,1.1784,1.0,0.6931,0.2226,0.042803612382671864,True,0.0
iPyVge5Y_rSK2Ok_DXWeDg,0.00018523065261386325,884,,,,,,,False,0.0
mx31XU-QJIxObRGH_qvy3w,0.00018507005147963944,885,,,,,,,False,0.0
G7AEvOxbIUV2Em7FMmwXGQ,0.00018503975702592758,886,,,,,,,False,0.0
Pmb8DDl9ATf0Q8pIev13ZQ,0.00018501720665537358,887,,,,,,,False,0.0
pFpQAuoPfhHCbXnHarxxtg,0.0001849313729881455,888,,,,,,,False,0.0
X36Q4Tm3PZUFtyTxJqfKLw,0.00018491560960181392,889,,,,,,,False,0.0
Rn7nEFp5Vj-Wa6SdRONIFQ,0.0001847659151242396,890,,,,,,,False,0.0
a6t0nb4DrjbCb_gH3Kz8SA,0.0001847353188836596,891,,,,,,,False,0.0
FRBGjZKVmKqcyFb7XQCjXA,0.00018471411244261327,892,,,,,,,False,0.0
eE5w-7yMOwgL2OPsG85Z2w,0.00018464227283680897,893,,,,,,,False,0.0
5RN4m3XO66jK4ThoDX3VnA,0.00018450882124171423,894,,,,,,,False,0.0
R3NAV2ACaBFZXIwBTHhPaQ,0.00018440614487505222,895,,,,,,,False,0.0
IIcq73oEcm1u_SbXfkLObA,0.00018439035303142572,896,,,,,,,False,0.0
cUvwzWvx1rNJ2wZ8hEyNaA,0.00018432801192510607,897,,,,,,,False,0.0
AKAt17U4LQtz_Ro4RoofjA,0.00018423828994834212,898,38.772,148.6079,2.0,1.0986,0.2237,0.7844208017174598,True,0.0
-qXHPxXkzTxYSelS4nLOhg,0.00018423586353087087,899,,,,,,,False,0.0
XcFUxeLcbBt0xefg03Muyg,0.0001842020759876403,900,2.0436,1.3828,3.0,1.3863,0.3009,0.23704964959516844,True,0.0
4VXVP21v4Xec6C2mnnBnGw,0.00018398894241252402,901,,,,,,,False,0.0
_QDlxjPJf76c5O9OqY_tqA,0.00018398026205765843,902,,,,,,,False,0.0
T3rmAaYv-zDGMmlQtO_SJQ,0.00018370864657209172,903,,,,,,,False,0.0
UrB8opztqsAB_0ZyN3MnFQ,0.00018361930945863246,904,,,,,,,False,0.0
IP2JfHtz4x2b-SlZ6i2ZZQ,0.00018356456192657642,905,,,,,,,False,0.0
H3iXNL_ZHSwpOA7RLZY1pA,0.00018355386494113375,906,,,,,,,False,0.0
E6AnAHwEXEWwjbaRw5xyUg,0.00018352988811980143,907,,,,,,,False,0.0
pM1M2A14mNXz48KCcQtz2w,0.00018351448511625188,908,,,,,,,False,0.0
xR97Lcp_HwWm_yaBlfOXTQ,0.00018350921600490653,909,,,,,,,False,0.0
fnXndX296dwWoj_jcDBzNA,0.00018325673856894534,910,,,,,,,False,0.0
aneH2uJ0sIF_nYfYYNXhhQ,0.00018318300869622206,911,,,,,,,False,0.0
CRtP520-w6tZrGN2F53Ccw,0.0001831560873371103,912,,,,,,,False,0.0
szreY58d1Ag-XeiGYa6KNw,0.00018305476652005626,913,,,,,,,False,0.0
v1kfHazPIbHf3u9ybTnLRg,0.00018299338588079683,914,,,,,,,False,0.0
9y_0_oMDt9R5n2lDcWQv3A,0.00018287912551390208,915,,,,,,,False,0.0
CZgqojhoil3y1qc3UEy_AA,0.00018274111669336015,916,,,,,,,False,0.0
s4sR4VUo5bzMcpXuiAj-EA,0.00018252686551031348,917,,,,,,,False,0.0
f8xDi3rajxvIqS73N93Afw,0.00018241323301001276,918,,,,,,,False,0.0
nKGHbVaymrq2xjMM9mxydg,0.00018227553161948257,919,,,,,,,False,0.0
Mt85lqOEbMxKiokcnvI30g,0.0001821742602999036,920,,,,,,,False,0.0
5T9jV-wah1mHwKl-MQ5JmQ,0.00018203907394522266,921,,,,,,,False,0.0
l9NdPiAL1zFK9NZRyfSHbw,0.00018185028580508953,922,,,,,,,False,0.0
U3WKSiu7OquPEnRuEchthQ,0.0001818208233852604,923,,,,,,,False,0.0
aj3ESi3I6WNzGWp3j6OehQ,0.00018175075375507582,924,,,,,,,False,0.0
8dsMAUIA8Xk-2B0qrDHSnw,0.0001817385317716161,925,,,,,,,False,0.0
EM1P1u4ihl1Ritzm-P14iQ,0.00018173779252765904,926,0.15,0.165,1.0,0.6931,0.15,0.029765766681636534,True,0.0
0_gh-ZRllduRLrjaYy0Icg,0.00018158372049840443,927,,,,,,,False,0.0
lGE_dfU58hoOrNxPIwH3xg,0.00018151492488607267,928,,,,,,,False,0.0
0h4Vs6PqhRNbNrcel0O8ag,0.00018151021092202726,929,,,,,,,False,0.0
FkRQ735Sh9JOsHBQYXFkEw,0.0001814126462684399,930,,,,,,,False,0.0
uO8ITLi5jQJpfN-TCoIh0Q,0.00018134294511429187,931,,,,,,,False,0.0
F1GL5ew2UMYNjawcR7HPyA,0.0001809350228741817,932,,,,,,,False,0.0
MRV9lLRXThjcRYEAmUl9Lg,0.00018091042461256896,933,,,,,,,False,0.0
QCZvkvipsfyZ_5uBy3PkpQ,0.0001808848447110541,934,,,,,,,False,0.0
THSP3XyEjOgqpXcqwJoCyQ,0.0001808723825485513,935,,,,,,,False,0.0
g_0U8kzf5iTMJ-I9E3MWlA,0.00018083735426093357,936,,,,,,,False,0.0
Lv1-Uwm4aY-cXjxjSJyksA,0.0001807400734527636,937,,,,,,,False,0.0
8J-hkpk56R9UX69YKNTtPw,0.00018066572492366677,938,,,,,,,False,0.0
uKGuZYme6UO1DBexhtW5cw,0.00018066043385574798,939,,,,,,,False,0.0
2J36fuglZCzvzfFlneRFjA,0.00018065035410618142,940,1.3332,0.0,1.0,0.6931,0.3333,0.1804408914473235,True,0.0
ZllDVefj_NbGdsMUR5LS2A,0.00018062925750540295,941,,,,,,,False,0.0
ra8alrdPcPn3h65TH3G2zQ,0.00018056231532799998,942,,,,,,,False,0.0
D6T7YvQlBSy6edaIdCLQUg,0.00018050311723798605,943,,,,,,,False,0.0
KnWJ1iJWZ_tbQNlXDFtVwA,0.0001803766909401097,944,,,,,,,False,0.0
Xeqb2RxA3ApFCThIYOstQA,0.0001803583537220196,945,,,,,,,False,0.0
5LMTmQJBxP9aONuu8KhLbw,0.00018034861151453144,946,,,,,,,False,0.0
kURPPbhrJ2j3MtpD66HR3Q,0.0001803294737468784,947,,,,,,,False,0.0
48hwr-F1xEFfHdTD1ueE2A,0.00018032375709395212,948,,,,,,,False,0.0
iZedtF9CGBYCDdxF6QAZCQ,0.00018024587531473006,949,,,,,,,False,0.0
8Ho1ctSlanp9w_-dPmkFSA,0.00018004453938604017,950,,,,,,,False,0.0
rgCh1nIqJUPRf8QJM_YjSA,0.00018001014480031305,951,0.2571,0.9168,1.0,0.6931,0.2571,0.04873021923487039,True,0.0
0oX6TJp-yldw9ZNl0ACd8A,0.00017996091394410633,952,,,,,,,False,0.0
10B8LifXfBtMLbrYzTOy1A,0.00017995319679509284,953,,,,,,,False,0.0
n2LA9JJRhrC5DzpkFhhy-w,0.00017994062080756946,954,,,,,,,False,0.0
vuzilOmzlFbrSTiwZfOSOA,0.0001798228937925698,955,,,,,,,False,0.0
pokplllvDH7X9-n_3IEj_Q,0.00017971585058530645,956,,,,,,,False,0.0
KWIgNJwWWS34AvGaC0HdYQ,0.0001794697587235198,957,,,,,,,False,0.0
8n86Y8qTud6kcHgB1615OA,0.00017934139199314995,958,0.6114,1.1557,1.0,0.6931,0.2038,0.10161097681372665,True,0.0
9RmCMNxgGe7vX5MYF_TM4Q,0.0001792546104739283,959,,,,,,,False,0.0
3bmrxhqVpB5XCg-4j6y39A,0.00017921112264457232,960,,,,,,,False,0.0
6dKO8dfJbeHEXkOwX52LLg,0.00017914123832501173,961,,,,,,,False,0.0
ihfw3MPioHrRsn7E0Xqj_w,0.00017905553048380064,962,,,,,,,False,0.0
t5xOcXSHGfJPevy_gavrDA,0.0001790546228591101,963,,,,,,,False,0.0
4yjgHXfwO94puF7Ac-lCTg,0.00017899577947103298,964,,,,,,,False,0.0
Q5jjv62ck52e9A8mPY3SPw,0.00017890273012295373,965,,,,,,,False,0.0
N7jHHDEUtww0YHgNLWcOMw,0.0001788546603826434,966,,,,,,,False,0.0
XKAF_0hKEpILjSEcZ5EJow,0.00017867873897711,967,,,,,,,False,0.0
34x_Rkwd4UAcKuHyJui0sg,0.00017867471177649536,968,3.1686,11.7904,2.0,1.0986,0.2308,0.3040385662927835,True,0.0
o5DMQMa45xWM3mZqTVmsuw,0.00017859557443175214,969,,,,,,,False,0.0
zfivKUpA9MPwVVrqRrrDIQ,0.0001785436361841757,970,,,,,,,False,0.0
V8Xloxz2ozwBHCUSu0QGNw,0.0001785126088809822,971,,,,,,,False,0.0
yZYx6GiDN9pc8hutC_1qIg,0.00017839790727793971,972,,,,,,,False,0.0
yhYJPnYn8n47o2mMnnKQlA,0.00017833318367168217,973,,,,,,,False,0.0
pDInXOZ56x0oa4qI-YMSbA,0.00017831660612655198,974,12.0702,8.2232,4.0,1.6094,0.2256,0.5474164535456548,True,0.0
KuCqZJuqs7EEWzxeZ3w94Q,0.00017824094502952236,975,,,,,,,False,0.0
Kn5fJYNiEmzdOgcRgs73zw,0.0001779394570196042,976,,,,,,,False,0.0
hg-2O1MpZ24DhhR4WWofSw,0.0001778003494844206,977,,,,,,,False,0.0
mC_m-4k9Xo1kzjSL0w7uoA,0.0001776212533641544,978,,,,,,,False,0.0
1s8KM8GP5X3m7ck57tCFpg,0.00017746982999916218,979,,,,,,,False,0.0
_mGAcxIOqKcL3muEg3LHLA,0.00017740972207437182,980,0.0,0.6964,0.0,0.0,0.0,0.0,True,0.0
eaTElJi7NcuqPTYC0qWCpA,0.0001774030943753616,981,,,,,,,False,0.0
ANDbwHhhs1XYFWAGhaqWQQ,0.00017738760255665164,982,,,,,,,False,0.0
rWS8yiQtgtIelNX8wL0KBQ,0.00017729567008185684,983,,,,,,,False,0.0
70vQqNfFTdA3FmqjFDnVfw,0.00017716337030681913,984,,,,,,,False,0.0
UrvSisML6V1zXDcB-Wb1Aw,0.00017701580116523828,985,,,,,,,False,0.0
7rtbIYXGSFdZeKbIaif1vQ,0.00017701457155876486,986,,,,,,,False,0.0
bCEZL0FqWYvO6VubTieN0Q,0.00017695045398086033,987,,,,,,,False,0.0
Ttg0xnJpjDTlVDKC5iBbdA,0.0001768353322193904,988,,,,,,,False,0.0
wEtG1X39TB6c78OlkKrVyw,0.0001767327070855654,989,,,,,,,False,0.0
2YanqRyvO7nzfwi2SPQa7w,0.00017669237693160108,990,,,,,,,False,0.0
SSflsIndvh-xokDPiqZFPA,0.00017667610359376235,991,0.24,0.0,1.0,0.6931,0.24,0.04581329528932625,True,0.0
RXwaoArqhi_-JnZh5MH_ow,0.00017662049805021568,992,,,,,,,False,0.0
nXJ1dAI-UGbXfeaI_b1abA,0.00017655032681741095,993,,,,,,,False,0.0
KBNMK2rD7qrLUm0Mrwa_Hg,0.0001765123132539038,994,,,,,,,False,0.0
eXTIdWDxaZ4Dh7hB0--kGA,0.00017637937578177806,995,,,,,,,False,0.0
coBMIDJvLpiOCQhu3uM4MA,0.00017633746627879584,996,,,,,,,False,0.0
5AQDQGqneAHC8SZLKHgHIA,0.0001763344456163837,997,,,,,,,False,0.0
-0eUa8TsXFFy0FCxHYmrjg,0.000176247765393368,998,,,,,,,False,0.0
otm8R7rkCtCNM0g0TC55-Q,0.00017617342407735085,999,,,,,,,False,0.0
bNBi-RVlx71bugXY0GRLtQ,0.00017616126261076355,1000,,,,,,,False,0.0
di2U_tMQlkgqwblvjdcXcQ,0.00017611384742581354,1001,,,,,,,False,0.0
zgb1ylb-Ic1sneuOrdEYSQ,0.00017603078628078569,1002,,,,,,,False,0.0
jIuRCFtO7rEOezPAn7rCQg,0.00017602461897631255,1003,,,,,,,False,0.0
eIDC_UAORw0frg030Nw4tA,0.00017595940111574983,1004,,,,,,,False,0.0
3eAGbHu2VFz8dVNC_dO5ow,0.00017582694671038274,1005,,,,,,,False,0.0
V8CiwDpGxTrtO10QZnr-Ow,0.00017574064840310564,1006,,,,,,,False,0.0
WO_ntmoHq0zovM8v0niBAA,0.00017568926050393446,1007,,,,,,,False,0.0
AzQIIA5d5YFrU03pyhV1fg,0.0001756779294214962,1008,,,,,,,False,0.0
ksma5FPvWkaZvcwHz_bZPA,0.00017554754228597547,1009,,,,,,,False,0.0
pgEEHd7S83QsF6IFdWJkwA,0.00017553511261626776,1010,,,,,,,False,0.0
5dYfXNP5bB45B350bC4b3g,0.00017549913818290405,1011,,,,,,,False,0.0
hJnW5-ovJQkecq0EZhHaKw,0.00017537773280032148,1012,,,,,,,False,0.0
71jPhXJK1GGdGGV09jp0gQ,0.00017528422913807383,1013,,,,,,,False,0.0
6HsLzUyVMSj9NTjziJipog,0.00017509687306873392,1014,,,,,,,False,0.0
bc3K8KvLkLNu_XU3RkeeeA,0.0001749674699602084,1015,,,,,,,False,0.0
xTyQYFaPzxe-XRza7Xoobw,0.00017495844228417975,1016,,,,,,,False,0.0
WbxPdq_PgVvCI462l0vPEQ,0.00017493637421718246,1017,,,,,,,False,0.0
aD-6NpNI8tHRGCu5EVLdAg,0.0001749095230572437,1018,,,,,,,False,0.0
IqY4dWzY-VaHGVznt-IDxA,0.0001749081978309414,1019,,,,,,,False,0.0
50mfwRz6WA20SS3E080uTg,0.0001749032393407756,1020,,,,,,,False,0.0
5QCLmv-JrdY0ZGc_D5__iw,0.0001748764306549174,1021,,,,,,,False,0.0
YG1fT80sd9swV0oe1gPh7A,0.00017485668247944046,1022,,,,,,,False,0.0
RFTz_DEyA1PZANcF1rQYPg,0.00017483781085231046,1023,,,,,,,False,0.0
Pocs24Rhnbqy1tZQm0j7Rw,0.00017482554644921095,1024,,,,,,,False,0.0
wIFiBEXMMtMuP9kgxYMQZA,0.00017474278931698997,1025,,,,,,,False,0.0
zBHAoHU-SD7wECkKpTGImg,0.0001747228685667914,1026,,,,,,,False,0.0
ZzKuqTj_fjlStijadL5noQ,0.00017471279495795595,1027,,,,,,,False,0.0
D88Cbal0C-mtgy8f6WdUig,0.00017469385147748915,1028,,,,,,,False,0.0
S5oafgiMvZU5AucxmX2xsA,0.000174558681473252,1029,,,,,,,False,0.0
je8HwCtpyIRQOa-QCNBf7w,0.00017453351910699902,1030,,,,,,,False,0.0
jyRQNFeaGhdZBgf4kkWFlA,0.00017446891540105218,1031,,,,,,,False,0.0
6ZDTBwyQqFrXFK0shwJRqA,0.0001742562663546411,1032,,,,,,,False,0.0
5nYIj79IC6QsZ-JT-UTu6Q,0.00017413459654776558,1033,,,,,,,False,0.0
ifC2ha-7HZt4xKUVou6wTw,0.0001740480374410414,1034,,,,,,,False,0.0
fzt_W-vCaq4iGactb07VwA,0.00017403685080480118,1035,,,,,,,False,0.0
RdIffoaCKPkct-1EjP3JCw,0.00017391765851086755,1036,,,,,,,False,0.0
-Y-t4EXY68Lj6DqVFg08gA,0.00017391523900868244,1037,,,,,,,False,0.0
XZfgiMT8fZtGN1KkecoSrw,0.00017391493832604152,1038,,,,,,,False,0.0
BrtXtNgpCXjcyCKqLW3jPg,0.00017390661937999842,1039,,,,,,,False,0.0
a8yMJkV276XMHh3bJ39odA,0.00017384762528764564,1040,,,,,,,False,0.0
TWc-JsAnv8fssj3nJz_oRw,0.00017379389418081844,1041,,,,,,,False,0.0
-2BDt9OdGiBONysWCdKgNg,0.0001736648751233268,1042,,,,,,,False,0.0
BGI6XK85PVeJM8tQ9gimaw,0.00017365214690159383,1043,,,,,,,False,0.0
LJeJ29ZQVwai3IGsHkso8Q,0.0001736069137649904,1044,,,,,,,False,0.0
3MIsXwx5zVmlwzRx9UnuFQ,0.0001735206334944382,1045,,,,,,,False,0.0
haYikT8axUlLyNS7k-osng,0.00017348248265859853,1046,,,,,,,False,0.0
l9ir9IOlpC2zxYtFYQu49Q,0.0001734523280680785,1047,,,,,,,False,0.0
-utd1de-UUgQKZE4VHVLlw,0.0001733836375775264,1048,,,,,,,False,0.0
w2COOqbypjJd-HbJAa-0pw,0.00017328565239434915,1049,,,,,,,False,0.0
PYDIhqvAXhEtODBu-TwJ7w,0.00017326281825830802,1050,,,,,,,False,0.0
EvImrqBh6vad8AxN6KxJ3g,0.00017325635272405477,1051,,,,,,,False,0.0
wXUg9bsJ9b4PS4pie8GVIA,0.0001732447351568817,1052,,,,,,,False,0.0
4u4njx79dMrXNhbRFHjG8A,0.00017318640485020217,1053,,,,,,,False,0.0
FKvkG0Taz8GoGE6gFB061g,0.0001731548798072093,1054,,,,,,,False,0.0
1W657uKWvcMKIHaOmEOc-g,0.00017289008931060636,1055,,,,,,,False,0.0
W7yaBQpVr2qO4x2i3X0CPw,0.00017278869960918618,1056,,,,,,,False,0.0
w8Imup3Dy0-v377-ixFuWQ,0.00017274150010553396,1057,,,,,,,False,0.0
rYTdFa_sH5eE41wfg9LMhA,0.00017267168627388955,1058,,,,,,,False,0.0
Y0TWCjiiXlFi2XO2cFrUzQ,0.00017251221749776667,1059,,,,,,,False,0.0
zXvjFr3lftIlkuFNlY4PRw,0.00017235876605697489,1060,,,,,,,False,0.0
6z3n9bxWvYWDEcrvuahjtA,0.00017218326528505533,1061,3.343,11.4337,1.0,0.6931,0.2786,0.3127673594664769,True,0.0
h4emxpoA_pQ-Si8fSzzLig,0.00017216186939376176,1062,,,,,,,False,0.0
NC2VO-5Y2lmINFSCK1ZOLw,0.0001721460209680483,1063,,,,,,,False,0.0
6yw6rcys6FuMnbatD0lEcA,0.00017211176511302832,1064,,,,,,,False,0.0
-uQx0mht-CxM9OSJM92YdA,0.00017209917248631881,1065,,,,,,,False,0.0
VvfvtuVehnBOn6AeQvovZg,0.00017193477568807911,1066,3.8926,7.7515,3.0,1.3863,0.2513,0.338145114144882,True,0.0
cVFjnwuSmDKfIudiPHmkPw,0.00017193373227512984,1067,,,,,,,False,0.0
pPy84w7aFZ6kD0qvMT_0Ng,0.00017192530606982833,1068,,,,,,,False,0.0
WKCTgYenpI-0uWruy1Gh0Q,0.00017191447046089348,1069,,,,,,,False,0.0
2YoJUob1RL-LCYGiXdq8dg,0.00017183146948110048,1070,0.0,0.045,0.0,0.0,0.0,0.0,True,0.0
C26YgKWFVsW1MM-n7UJnIw,0.0001717771279711967,1071,,,,,,,False,0.0
woNKqqAki96qvJX3JONQfw,0.0001717116241901301,1072,,,,,,,False,0.0
b5ky9SyX0xm6bNs7r_bQ-w,0.00017168391899630392,1073,,,,,,,False,0.0
6HvlBeMH1povoskopmp94Q,0.0001716736334664422,1074,,,,,,,False,0.0
fJb98kTGBuTzxP8x9p6VhQ,0.00017162704739629464,1075,,,,,,,False,0.0
M3el6wWmdwyr9XQEmnGXWA,0.00017159976865333823,1076,,,,,,,False,0.0
oe_mNXHcqx_NTKL6YCfw4A,0.00017148620014061536,1077,,,,,,,False,0.0
OfHs6WEfuRfrSxTFZPIscQ,0.00017145002328326913,1078,,,,,,,False,0.0
dLXkx82ZMsR5NLkCRtg0Dw,0.00017143901855401353,1079,,,,,,,False,0.0
yBrK-DwpdbJY2F795ZStcw,0.00017134682870913404,1080,,,,,,,False,0.0
qa0LSF3qMsnxFRROeEQaXA,0.00017131114289410136,1081,,,,,,,False,0.0
Itv_1CMCvUQHAebxmsEzTQ,0.00017130515451359033,1082,,,,,,,False,0.0
1tm-CQ4-dFxY03fAScQ01A,0.00017117362140398057,1083,,,,,,,False,0.0
LRcDPus5f9lm5luwI293yg,0.00017116744040481335,1084,,,,,,,False,0.0
bxSy7cZC6OFXNLAV2QPOTw,0.00017116308621679957,1085,,,,,,,False,0.0
1MPwu6bFI67m39SUXH1hxQ,0.00017105828255755727,1086,,,,,,,False,0.0
LLx6iXXDWz205YXs6Puzdg,0.0001710228402305234,1087,0.28,0.5074,1.0,0.6931,0.28,0.05257496681747921,True,0.0
UqM1RE0TsyeM-tdbqAmqfw,0.00017102280871766223,1088,,,,,,,False,0.0
JHxfEDW05_KSTfk-SLqXGw,0.00017097915435855,1089,,,,,,,False,0.0
etjcQEi4mTFiMBE1DyAIEg,0.00017095699372427032,1090,,,,,,,False,0.0
VySIi29-o4hl4Ry4dBIH7w,0.00017095143322271229,1091,0.4,0.9129,1.0,0.6931,0.4,0.0716600951583194,True,0.0
UqYTMszykplowYci8YF_Lg,0.0001708792283781289,1092,,,,,,,False,0.0
OGWTzjVTIy5Jf3ndPO1STw,0.0001708617681958798,1093,,,,,,,False,0.0
aNXw3PkXVt8ANwLyCfcmpg,0.0001707935182896025,1094,0.8,0.1963,1.0,0.6931,0.2,0.1251837261898521,True,0.0
Pl4VWjRSuZFdhN7kczFfjA,0.00017072838902478852,1095,,,,,,,False,0.0
1V1QNsvymonQTNjKVd2gQg,0.0001706618931291944,1096,,,,,,,False,0.0
rOIFpBba2nWVrr7reKgYKQ,0.000170590669579115,1097,,,,,,,False,0.0
MDavek3zTU_ywK0hDbf_RA,0.0001705354499081261,1098,,,,,,,False,0.0
3D0bjMq82o92hQylTEkDug,0.00017049313892624076,1099,,,,,,,False,0.0
Hf3i3PcNDemoVSCHXuNIxg,0.00017046184241554805,1100,,,,,,,False,0.0
1ivYXPfJCuOrh3O0lTW_Jg,0.0001704424717400298,1101,,,,,,,False,0.0
vCuax8KsAt5kZ8DkaYIOKA,0.00017039117572004996,1102,,,,,,,False,0.0
BA0T9Yh9cSO0zkZweh5e5Q,0.0001703006734439837,1103,,,,,,,False,0.0
27LOZZ6MvlT9B0RfOca2Ug,0.00017028282813344857,1104,,,,,,,False,0.0
44K-t7jqrnVqRgth6F3tvA,0.00017020144624330907,1105,,,,,,,False,0.0
XoS-hu_i2Dr8VxzeMxLwVA,0.00017006614797063175,1106,0.0,0.18,0.0,0.0,0.0,0.0,True,0.0
6LA1ttZl3vLl3YBg4IqZWw,0.00017001757979953478,1107,,,,,,,False,0.0
zYnYOzhlG9jPoX9ANecEUw,0.00017000014712744137,1108,,,,,,,False,0.0
QQUDUU_4bCu2BIeofxaY0Q,0.00016983912575955658,1109,,,,,,,False,0.0
GD0_sWqURBSZARKgNgbwRg,0.0001698322484262387,1110,0.2308,0.0,1.0,0.6931,0.2308,0.04422726899562968,True,0.0
JyOfFuVEGnhLdoN3K1WewQ,0.00016979252597177925,1111,,,,,,,False,0.0
MCNO7rSHfFj4tllpFkMwSA,0.00016974355702253504,1112,,,,,,,False,0.0
4wy0zuo-j7uOckJeoJw4uQ,0.00016972650058727623,1113,,,,,,,False,0.0
hc7I_QpCszT3mlIP9uW19w,0.0001695393461319623,1114,,,,,,,False,0.0
uz2D0y3CQkt7LeNxVei6HQ,0.00016946157893001472,1115,,,,,,,False,0.0
Yv638OoaYQm3qBuFm30AQA,0.00016942334355496048,1116,,,,,,,False,0.0
mBcvp7NarEQEviJyRiX23Q,0.0001694173872904358,1117,3.2528,9.701,4.0,1.6094,0.2725,0.30829749538009,True,0.0
seyS6QybAaG_1spjTa6CGw,0.00016938104598113266,1118,,,,,,,False,0.0
Q3_Z2oFu9D67QVB1uJTXyA,0.000169360189393314,1119,,,,,,,False,0.0
qTGVwZouVL6AbRILdtwSlw,0.0001693498767053067,1120,,,,,,,False,0.0
f6eBJT2jiXXBkrlHdJMbcA,0.00016931892239158153,1121,,,,,,,False,0.0
OS-4bz9u46-7sVBTMfhkhg,0.00016927806242215612,1122,,,,,,,False,0.0
JreLMvu6O-Ul4elrFKDSnA,0.00016919945982267443,1123,,,,,,,False,0.0
XoX8Erg2hrLdpqfIA468RA,0.0001691500297647253,1124,,,,,,,False,0.0
R6IRHj65pEE-YJHVudBuVQ,0.00016903752724489792,1125,,,,,,,False,0.0
XuZ0PjtRiRCIOpzWTtQ-Vg,0.0001689859403927024,1126,,,,,,,False,0.0
yPXqCvd-I5OEs8Lep7sigg,0.00016893549465764245,1127,,,,,,,False,0.0
VaO7ytke0tj2S52xQbHY3Q,0.0001689249800507805,1128,,,,,,,False,0.0
72_YsggUrXElHQ3eqVlOpw,0.0001688928475730058,1129,,,,,,,False,0.0
s2OOs9ra249GiNQu4idFGA,0.0001688894347402093,1130,,,,,,,False,0.0
Oh7d7ExBxbIP33KkH6QG6g,0.00016882225581287178,1131,,,,,,,False,0.0
g4cJA7iabhQywVCDytdUJw,0.00016880626261097875,1132,,,,,,,False,0.0
CPdzdO7YuxFSUOWYhqthOA,0.0001687601889847306,1133,,,,,,,False,0.0
cbimTBHAiibDpq8O6mP4VQ,0.00016873495938135024,1134,,,,,,,False,0.0
7G1dv3W-Lt7IeUUyDymOAQ,0.00016873242665836806,1135,,,,,,,False,0.0
b2WN3yA79dMvCUMywM3I_A,0.0001686876388286732,1136,,,,,,,False,0.0
mDX0I8AQfro5st8IVufp-g,0.0001686371965297528,1137,,,,,,,False,0.0
7lpkWY6BPUjNfWpiklxz6g,0.00016859636999427675,1138,,,,,,,False,0.0
xb-qtXVZ7xFr51Se5fAZjg,0.00016857419165305614,1139,,,,,,,False,0.0
O3e9xgI92__6qK9a937LeQ,0.00016855635960899936,1140,,,,,,,False,0.0
1aSABPmktJY072mRN7_h6Q,0.00016845615528116305,1141,,,,,,,False,0.0
o_zQZbVFi665kqa_u2YoTQ,0.0001683555427792547,1142,,,,,,,False,0.0
5UhVJcfIEI0Lude5csrqpA,0.00016832333485039373,1143,,,,,,,False,0.0
txPjpADdwFJ7fExRLgw0eQ,0.00016829310542980334,1144,,,,,,,False,0.0
a3p47WxYVo0BZGJoP1O0qA,0.00016821720991418157,1145,,,,,,,False,0.0
BRyPAD7XM9mkBeTa2jAo7w,0.00016813863329573716,1146,,,,,,,False,0.0
vI06_INa6NT0HA2rCXZX0w,0.0001680876957666751,1147,,,,,,,False,0.0
Pux_7mToiJgXRjVldmLkaw,0.00016799339268377378,1148,,,,,,,False,0.0
XZDp0wF6kmDYnIbH6MKiKA,0.0001679526839804363,1149,,,,,,,False,0.0
SheKIt6Z_h-yzbkU8yjoPA,0.0001679525618234427,1150,,,,,,,False,0.0
9qxMhGWjGsuPUoQB3Y74Wg,0.0001679443655671634,1151,,,,,,,False,0.0
Wh16yXjrNwl2PFaXdvNyIw,0.00016784757091742618,1152,,,,,,,False,0.0
JvUu_Iez6nKIv-1a6UnBww,0.00016784210347032096,1153,,,,,,,False,0.0
ftn9PVzDo1yLsRzPYZ8Dow,0.0001678079079023168,1154,,,,,,,False,0.0
Q_c7V501_9DFuefGNM1ZkA,0.00016769026533475494,1155,,,,,,,False,0.0
ZsAFRyR1J6d1c9MF79o2iQ,0.00016763607541471644,1156,,,,,,,False,0.0
MJDsMlul6Nd7nQd-xQE7Pg,0.0001676310678347733,1157,,,,,,,False,0.0
Lswb5BgtMTWCsSw_blU4oA,0.00016758584434634378,1158,1.2514,1.2424,2.0,1.0986,0.1771,0.172840147770394,True,0.0
qPPE4N1zb-lQfAV-Zu15CQ,0.00016756727538519805,1159,,,,,,,False,0.0
X7_PtukZ3uDZwuEVnCmqZg,0.00016747883896370733,1160,,,,,,,False,0.0
3GcXSZQ65Np5N1N4a-DK_w,0.00016741692615483776,1161,,,,,,,False,0.0
pe1uspK6xnVuVgLXFIjQlg,0.00016736691823641877,1162,,,,,,,False,0.0
NJsbhSaByhVvpD2986g5bA,0.00016736322484479663,1163,,,,,,,False,0.0
OaU7V5zZvddcmp8PKLQk6A,0.00016733040109971452,1164,,,,,,,False,0.0
ql_-U6RfqR4hbyZfSIZECQ,0.0001672988808472598,1165,,,,,,,False,0.0
dAKbutwo3PmXq1G_EMwDlw,0.00016727466151064666,1166,,,,,,,False,0.0
gwNlSSV0hGgNgTqPprj4FQ,0.00016725248710892994,1167,,,,,,,False,0.0
cjNiQ1g1VF3rU3uF7EN3yw,0.00016721650696050584,1168,,,,,,,False,0.0
Tvn4DEIXkRm9QY_IQ_HJJA,0.00016712958540257905,1169,,,,,,,False,0.0
qfKcc--dmGurMudBkVg8Tw,0.0001671074510609272,1170,,,,,,,False,0.0
LOpRqDGLGOKk__bc2-JbBA,0.00016690199150173798,1171,,,,,,,False,0.0
2jGFCdLWvw_XyU1gBdaxcg,0.00016681045023314776,1172,,,,,,,False,0.0
e1VGijMQdYT2JujHbf0Xbw,0.00016680596353425614,1173,,,,,,,False,0.0
ZnRFh390K4vgTvbNKi59GA,0.00016675642845930084,1174,,,,,,,False,0.0
JlQBjL61H_AxxFRLEHLrLQ,0.00016668883974214001,1175,,,,,,,False,0.0
o2k6jpXlYFPrDck3j7bHgw,0.0001666673501662503,1176,,,,,,,False,0.0
7M4acncueqDznH9AwgPjeg,0.0001666582653987356,1177,,,,,,,False,0.0
D7zxhzUgeZhdAYvQXKvkFQ,0.000166619809165336,1178,,,,,,,False,0.0
Mfss88nOCGdyHkZZCfXNBw,0.000166580513436856,1179,,,,,,,False,0.0
2XK7ZqKSygxnn7iDpIeRbw,0.00016656593054177344,1180,,,,,,,False,0.0
fgTOJRkc703E4XRdcr5zRA,0.00016656043553646343,1181,,,,,,,False,0.0
zzXRdzrVhfNWPHD2MeyWeA,0.0001665460724243268,1182,,,,,,,False,0.0
T_bk3j3xvRWYpQ0YAgvhHg,0.00016653936510562764,1183,,,,,,,False,0.0
9E-niGRtxsbA0xiTHfsKIw,0.00016653934333731124,1184,,,,,,,False,0.0
HGRR2w9KddspVBYA-4bSlQ,0.00016653582109898353,1185,,,,,,,False,0.0
YVy2DgGfNmG5hWYbA7k8jg,0.00016645249323094945,1186,,,,,,,False,0.0
GxuxCctcz3Hyk0wnuly7vQ,0.000166369652447835,1187,2.912,8.7163,2.0,1.0986,0.2427,0.2905079609623599,True,0.0
BauybYsfqd0y6KDrJ6ZxjQ,0.00016631889694844213,1188,1.2405,2.9994,1.0,0.6931,0.2067,0.17180654084097238,True,0.0
e7I5Kj_kVMFdEW35RN0AEA,0.00016630292920169194,1189,,,,,,,False,0.0
lSfC1z4mUX_gyDujuB-3og,0.00016624468854976467,1190,,,,,,,False,0.0
UVZOk4q8Sovcst4N9ZQcKQ,0.00016621295640114074,1191,,,,,,,False,0.0
RM8KUqpvhBP5FhGJ6Eqp3A,0.00016620740572136102,1192,,,,,,,False,0.0
IVzCqHRuvCIeB5Ma2fOaRA,0.00016619923433766902,1193,,,,,,,False,0.0
cgnU59I7pMj-VMeBXhh4cA,0.00016617711710718836,1194,,,,,,,False,0.0
956T4LrfnQCeiCtm9YXxTg,0.0001661558773930124,1195,,,,,,,False,0.0
aMrBA4LIkGx8CYM9ZbKPBg,0.00016599047360731176,1196,,,,,,,False,0.0
4HEz5_8g2QWfoOU27WndYQ,0.00016594779345391133,1197,,,,,,,False,0.0
QM2R4q0SGdFcpQ8y7wTSiw,0.00016594743583759285,1198,,,,,,,False,0.0
PeDuQRFosh1DL10ayTVT_A,0.00016594526677850437,1199,2.1185,1.3431,2.0,1.0986,0.192,0.24222729860278167,True,0.0
JjaUdQ5dnJ5Ktitu4UpWZg,0.00016587211877557213,1200,,,,,,,False,0.0
5uPl-QMsKnlBwbP7GPcpFA,0.00016586985489230933,1201,,,,,,,False,0.0
odLn6EJ6zceAy7ESGSNVWQ,0.00016586565482716722,1202,,,,,,,False,0.0
O_1sGyWvZsPbAh09-uI-bQ,0.00016583570951190406,1203,,,,,,,False,0.0
0Jw_Q5vH6phmYxesX9jRUA,0.00016582605869514366,1204,,,,,,,False,0.0
q_CK-buoiPFNDoNNU1yb1A,0.00016581461447009218,1205,,,,,,,False,0.0
jtcsbp7trZmXEIaClV7waQ,0.00016581226067878272,1206,,,,,,,False,0.0
jXrcAvkCDOIbXJ7_FZiYdQ,0.00016573198879079603,1207,,,,,,,False,0.0
OI_A8VRmMVxIq_ZeNaLVeg,0.00016568129937124173,1208,,,,,,,False,0.0
xivK47F81CxFEaVE6rUyJA,0.00016564168479574554,1209,,,,,,,False,0.0
u6ymLCUNz0WQwsSIJ21BAg,0.00016560175889054456,1210,,,,,,,False,0.0
dJffXwctyNWkW0m0jVHE7w,0.00016558581641498062,1211,,,,,,,False,0.0
fo4TOAiwYEZ5p13kqg1Ukw,0.00016555527131515902,1212,6.3628,2.3457,3.0,1.3863,0.2272,0.4251914005353828,True,0.0
PE5-eg3xvGDoCN1Ikh2rGA,0.00016553315736399221,1213,,,,,,,False,0.0
DT_ZjeS2ZvBuzZvt9h48fg,0.00016553128844915764,1214,,,,,,,False,0.0
PQKY258MwEF9MkL9eVJB1A,0.00016548750915140924,1215,,,,,,,False,0.0
dYMb9V0rUmspH-59KnobrA,0.00016548671585445984,1216,,,,,,,False,0.0
Nz0AJVskEAlMVgF2HMhFRw,0.00016545148013454795,1217,,,,,,,False,0.0
Z1RfR8zskBy_c8vOAhDOFw,0.00016541402608293885,1218,,,,,,,False,0.0
MUOCeTGhL5llXe8GAuqOMA,0.00016511159701105627,1219,,,,,,,False,0.0
mRtGKvoxQLSh-tf2qBBoLg,0.00016508055386076531,1220,,,,,,,False,0.0
6Al95KtZ_ob3NpyyiueI6Q,0.00016505869218383354,1221,9.4596,18.7981,3.0,1.3863,0.2723,0.49996256399841743,True,0.0
6zxPHDdLUNhCSLSeHlCVNg,0.00016499317486503852,1222,,,,,,,False,0.0
o30cpvfgxHr6NQ5pvSb0Qw,0.00016497445386373316,1223,,,,,,,False,0.0
5ELqQ2YBM_vDqp10pINlgw,0.0001649667437709861,1224,,,,,,,False,0.0
sBT0a2VCq04gApS8clRk_Q,0.00016492384592934828,1225,,,,,,,False,0.0
CJk82J81BWKvNTOGRyBD-Q,0.0001648959928017298,1226,,,,,,,False,0.0
IlqNE_IDhqRrHAdfCItKwQ,0.0001648818484934323,1227,,,,,,,False,0.0
s2F9H5wDvH3LJqBfThmflA,0.00016481742929570293,1228,4.967,16.1768,7.0,2.0794,0.2251,0.3804249556461237,True,0.0
slZvJtFnrFsP9fS2lIg80Q,0.00016472662368351786,1229,,,,,,,False,0.0
-3-6BB10tIWNKGEF0Es2BA,0.00016466463642602795,1230,,,,,,,False,0.0
paO0ETshl56TNSaEyzm9Cw,0.000164663086260186,1231,,,,,,,False,0.0
yGFkdrYdndizAPymvyq2WQ,0.00016463537762418393,1232,,,,,,,False,0.0
BDRjqFfnYu-i9xvFPCxfdg,0.00016462337466912355,1233,0.9428,3.7636,1.0,0.6931,0.2357,0.14144297926021054,True,0.0
OeO23GTZxF5tRnOXsYxCNA,0.0001646031062442242,1234,0.0,0.8185,0.0,0.0,0.0,0.0,True,0.0
RX3gzXCiKOe2vI7zyB20mg,0.0001644733392904304,1235,,,,,,,False,0.0
GXXbsAsNLGuLYTQKHb0XMw,0.00016433629450405727,1236,,,,,,,False,0.0
DAY19GbJnEka30bjh1_9vw,0.00016424136656623912,1237,,,,,,,False,0.0
-KdeX92-JV2K8GWbAxVj2w,0.0001641697557964463,1238,,,,,,,False,0.0
eIVfVLwxUXd3GKbPUvljqQ,0.00016415290618483156,1239,,,,,,,False,0.0
xVbVhae2MfC_7-2bEAVg3w,0.00016393321659778477,1240,2.2328,3.5215,3.0,1.3863,0.2618,0.24989364848258744,True,0.0
YdDhLRxF5UJQhQzM5IKjfA,0.00016387966385202413,1241,0.24,0.5429,1.0,0.6931,0.24,0.04581329528932625,True,0.0
YK9kcUVwuI9j00g6o1k7mg,0.00016387038065385055,1242,,,,,,,False,0.0
USOHCmTPr0CU6UGp6YCYuw,0.00016370246327278523,1243,,,,,,,False,0.0
no8Sj8Eflgka2LFdrYFG_Q,0.00016368704008836756,1244,,,,,,,False,0.0
YwkYSoViGv2R1-dYpzbebA,0.00016367473118433464,1245,,,,,,,False,0.0
2Gik-IBYVBuU3e10pVdkhw,0.00016366860845960093,1246,,,,,,,False,0.0
1_BzX6o0O6w_9yx9NczMrg,0.00016361679272217336,1247,,,,,,,False,0.0
uAg0M9xi_ijuMw5T2peymg,0.00016360717884994326,1248,,,,,,,False,0.0
5hyIty7KkRfVE_1gCKbUvw,0.00016358811606336532,1249,,,,,,,False,0.0
XmQRh4JtW82Aki9dmaoJ8A,0.00016351253758052782,1250,,,,,,,False,0.0
2q8iaxBfJdSq3SLCi5NAsg,0.000163455840122912,1251,,,,,,,False,0.0
V4AndHJfOgAwP85wJxyKXQ,0.0001634435086811799,1252,,,,,,,False,0.0
vM0eMwU8W9id0YHLCzukgA,0.00016339734240961994,1253,,,,,,,False,0.0
su7Yky-5T1ZD7FTGg1qMag,0.0001633730165649729,1254,0.2293,0.0,1.0,0.6931,0.2293,0.043967554199108076,True,0.0
RL6BaK196Scg2DEY3Uc1AQ,0.0001632653669000442,1255,3.1791,9.7667,5.0,1.7918,0.2462,0.3045743393082136,True,0.0
hoKAUu79tANdM2AGGLAFxQ,0.00016324040871079417,1256,,,,,,,False,0.0
C1bqyTxjnyd9WQ3PgLbMDA,0.0001632227336545992,1257,,,,,,,False,0.0
0h4Oo6W8mG4HEYQzZRkoOA,0.0001632122091553302,1258,,,,,,,False,0.0
2MUvyUxQ8KDo5_H_re3OKA,0.00016319481870579554,1259,,,,,,,False,0.0
HGpo8xl2mmYInwnHXenHCQ,0.0001631371605364365,1260,,,,,,,False,0.0
fVx8Wk9AnV7PAQlheG_y5w,0.00016305911356173083,1261,,,,,,,False,0.0
UxtQd1lQ96W49oMaVVFunA,0.00016285842648713043,1262,,,,,,,False,0.0
pyC19rtFOuoicvkgk6VcNg,0.0001628497664597533,1263,3.1568,2.0417,2.0,1.0986,0.2553,0.3034348466163625,True,0.0
XlbFKW_Keun8qh1S5m3QgQ,0.00016277133844994833,1264,,,,,,,False,0.0
o6UMWlDpZQDaMZrQhCwHiw,0.0001627578185381797,1265,,,,,,,False,0.0
mlaj6BRLOVtlEMRTZhUVvw,0.00016266871515838017,1266,,,,,,,False,0.0
Nr9EiPqLbE1b_MARnmVxNg,0.00016265388140655532,1267,,,,,,,False,0.0
XTcqhIF7Rfm43aHzJPXT_Q,0.00016251436979942667,1268,,,,,,,False,0.0
T1a5ODI7B19pLQVdBIs8Gg,0.0001624883707902638,1269,,,,,,,False,0.0
fN36I-dXUjXCEgDKRi2hjg,0.0001623920249459583,1270,,,,,,,False,0.0
pBl1CSeYKbWMSrqgglIMDw,0.0001623350618263162,1271,,,,,,,False,0.0
LGY50abwQOxJPkq0NKe99g,0.00016214739604683798,1272,,,,,,,False,0.0
NKnwvuJygWPC42qycr6Hwg,0.00016214725967107952,1273,,,,,,,False,0.0
Z56KCCG4wRBy0zAafFaltA,0.00016208354517121073,1274,,,,,,,False,0.0
W8fyKHzZX68SQWFvwq_JMQ,0.00016202515346035436,1275,,,,,,,False,0.0
96U1zRixy6c4vzmXAxbhHw,0.0001620158755743629,1276,,,,,,,False,0.0
imfSiNMesWjGTSX7xLDHXg,0.00016185999217638492,1277,,,,,,,False,0.0
wE0DNA2dGzwLUTy6rxz3IQ,0.00016183898848023026,1278,,,,,,,False,0.0
y_s9BsVRsAp3hzNVXUichQ,0.0001617091053731403,1279,,,,,,,False,0.0
A8gVrDQNeNOFLep0icvpSA,0.00016170748881271988,1280,,,,,,,False,0.0
5aZC1FwNiaRayaz7QhAN-Q,0.00016169409122652597,1281,,,,,,,False,0.0
Q1jnPDnpmUc6U6U_-wbgAw,0.00016161637896856034,1282,,,,,,,False,0.0
JG98smIWipytmzzvo4lBTw,0.00016153849741775398,1283,0.15,0.4935,1.0,0.6931,0.15,0.029765766681636534,True,0.0
-cXxMH_oL82mOK6MBAjOHA,0.0001615181816085448,1284,,,,,,,False,0.0
K6rN4W4ErLVItpH_nIZncg,0.0001614484695496929,1285,,,,,,,False,0.0
NrsJ_WgLXwPVcOv38N2zQw,0.0001612586621388186,1286,,,,,,,False,0.0
hqIUuqXO6HwUmUb2N4yGWQ,0.00016121331148878364,1287,,,,,,,False,0.0
KuKZc8RDUJdNCbYRQjkFEg,0.00016120815032102544,1288,,,,,,,False,0.0
33SwdKTU_hhGbb0XZbElMA,0.00016110115442375278,1289,,,,,,,False,0.0
UWAOQGA2cPyGwPoei5uifw,0.00016109889472470018,1290,,,,,,,False,0.0
s30pUay0opzvriFweACWEA,0.0001610452902863619,1291,,,,,,,False,0.0
UFNpCQq1_eLnP1oSjMkRCA,0.00016103648890807451,1292,,,,,,,False,0.0
g-vBH_blPylAXzR-P0DtOA,0.00016101063033363395,1293,,,,,,,False,0.0
juU0THi7QojPDnGuxlH5Sg,0.0001609910528691752,1294,,,,,,,False,0.0
SuzwgDT71HxOccHXsBpJag,0.00016097518528034095,1295,,,,,,,False,0.0
08-r0VkemADdLZWX5a-cKA,0.000160973863861028,1296,,,,,,,False,0.0
ubRXFSsER3_MYb4BmvvnLA,0.00016094684302060374,1297,,,,,,,False,0.0
W0JwMDaPz4KxJPqiUuh45A,0.00016094180892955515,1298,0.0,0.3509,0.0,0.0,0.0,0.0,True,0.0
aWQ2ObC8LoMCpl4w33mokg,0.00016088510371632884,1299,,,,,,,False,0.0
6UZfJmVt8O1kpYRjAUFU2Q,0.00016086352120683664,1300,,,,,,,False,0.0
-Bsw0AjWemVa8D_7g7-9Kg,0.00016083649608029146,1301,,,,,,,False,0.0
FClTbPhPbslS8uk0p8leOw,0.00016075854674006863,1302,,,,,,,False,0.0
c4x06huNhVp04VI_MUiQsw,0.00016066457178259895,1303,0.3333,0.075,1.0,0.6931,0.3333,0.06126369702731207,True,0.0
Sa5Ot5Vuxqabt-qnq0q0aA,0.00016065983287595137,1304,,,,,,,False,0.0
YGUr57Zf4RYb7mswg32qxg,0.00016062062167852722,1305,,,,,,,False,0.0
PkM0FSK9WH_XpQEYtVsrRg,0.0001606191791007909,1306,,,,,,,False,0.0
sObr37op3k51WFriY2zbkA,0.00016061639858777624,1307,,,,,,,False,0.0
TJUALKgDgyGaEffzmJ7WoQ,0.000160603831282525,1308,,,,,,,False,0.0
gB4nDVQY9b5w9F838p_2Yg,0.00016059643324939138,1309,,,,,,,False,0.0
zb-HVLBwbnfiUTPt42Os-w,0.0001605810960539563,1310,,,,,,,False,0.0
u-8sFq05DQ6PYCR5HiKZ2w,0.0001605733733349908,1311,,,,,,,False,0.0
pq7CAQGsxjaFcMLmhdbbvA,0.0001605607351288691,1312,,,,,,,False,0.0
OlKxBWQrutu0kcHq4-on6w,0.00016055404955816764,1313,,,,,,,False,0.0
dlFdjPUJI1eqRs8WVPE3QA,0.0001605322724272187,1314,,,,,,,False,0.0
WLkrmAiAtVRMgSQkVIFV6g,0.00016052663580471414,1315,,,,,,,False,0.0
XSAAxFlV5XQq3m3a91R4vg,0.00016051894262198986,1316,,,,,,,False,0.0
nXG84STJU1y_AvevXABHuA,0.00016051278844251537,1317,0.2,0.0491,1.0,0.6931,0.2,0.03882989051478855,True,0.0
C7UNcd4OuXxOZUU36tBalQ,0.00016048327671869456,1318,,,,,,,False,0.0
pOQGEGN_UrH8rtKea0WKRA,0.0001603391218562233,1319,,,,,,,False,0.0
wWZexHCkuRXFhaapSgzeow,0.0001603229307271191,1320,,,,,,,False,0.0
wgPpwKJ6oyp3XN0jGUFhOg,0.00016030760129542946,1321,,,,,,,False,0.0
Pcyx4NFLTKRF5bdynKI9Pg,0.00016030086460022138,1322,,,,,,,False,0.0
t67btAFoivLLR53lktwsfA,0.00016024085583797468,1323,,,,,,,False,0.0
ETMBMbUI7iLB4fzM_GjgGg,0.0001601523044088224,1324,,,,,,,False,0.0
V_S54QGnokLMshOm8xNTag,0.00016005317375517117,1325,,,,,,,False,0.0
jUWz9dteCwl9_X7HdkqDDw,0.0001599303777414072,1326,,,,,,,False,0.0
dccCnHSZyPCst2mn7Jkw-A,0.00015988331643885468,1327,,,,,,,False,0.0
aJpDjaMVhWZRLdwZtqQjEg,0.0001598293824770593,1328,,,,,,,False,0.0
aN8-57MAemRhChOE_nxUDA,0.0001598107495406443,1329,,,,,,,False,0.0
LrkrvFHlnD1BHj2b2w0JpA,0.00015976768299233665,1330,,,,,,,False,0.0
J-iale4ilYuAXjnfLyYl1Q,0.00015972703791349672,1331,,,,,,,False,0.0
ZkkGL93vuWtpcUblZO2WCg,0.00015963644895956904,1332,,,,,,,False,0.0
UMHuKs1sO-wq3XqKaejXeA,0.00015955295374548694,1333,,,,,,,False,0.0
jRmAvtGQfJz9Ye-Jq5gbUw,0.00015948989533565925,1334,,,,,,,False,0.0
ocvQV-47kkkG19z8tmedpw,0.00015939559481361278,1335,,,,,,,False,0.0
YtKb_4jugA6VQaTxtQv5nA,0.00015933525058780393,1336,,,,,,,False,0.0
9tWLiz52KN-S7CFZvBhslA,0.0001592949416512531,1337,,,,,,,False,0.0
lgoYB3YiKPBkMq51nv0wPA,0.00015925587377908388,1338,0.6,0.165,1.0,0.6931,0.6,0.10009891197775421,True,0.0
ErvTvPF3vtLYsEqXqr0nUw,0.00015922421318039903,1339,,,,,,,False,0.0
Mq9gCgsWS6-_1HMUH7iiXw,0.00015920560204766207,1340,,,,,,,False,0.0
gfLsBY-xsNE9-ktiTvTvGA,0.00015920001429950396,1341,,,,,,,False,0.0
u5dDEh6EO7PyTzOSwJV92A,0.00015919993072629948,1342,,,,,,,False,0.0
EUiV2nhMgXZHL--ofr3Xdg,0.00015891475698936062,1343,,,,,,,False,0.0
IM-dIO1caJbMcmv6BbozNQ,0.0001588836616589938,1344,,,,,,,False,0.0
TC0SkzAqSdbmX0bYyvoJ8g,0.0001588338417628688,1345,0.16,0.0672,1.0,0.6931,0.16,0.03160971555031171,True,0.0
jmZt66lh8Lv70VoVwXgMow,0.00015879988270084639,1346,,,,,,,False,0.0
s4nlPf6kXz97uk0yerqmHg,0.00015878521438945824,1347,,,,,,,False,0.0
NHdLFG6BdE8ddddML0nyHA,0.00015876382404131345,1348,,,,,,,False,0.0
RwVutdZEZMQn7qfnlWGL8g,0.00015872639567677185,1349,,,,,,,False,0.0
393l3MHNAqKv2srwXJ8cCQ,0.00015871854177057582,1350,,,,,,,False,0.0
eEMqe1vC53vu3bkBSkekSw,0.0001586261920288627,1351,,,,,,,False,0.0
Zl8jd_gzZduzMLN4_vUjLw,0.00015861356302425427,1352,,,,,,,False,0.0
LsHyDO0k4O0mxgxcsQ5A8g,0.00015856849397108178,1353,,,,,,,False,0.0
dkEgU5UNNed9Rhn91Whuhw,0.00015850943120568768,1354,,,,,,,False,0.0
CakEW4c5vgDbxqqR8XULWw,0.0001584848353300712,1355,,,,,,,False,0.0
2Ax2c1Ok3bCa2CO-HKIzHQ,0.00015847034762919644,1356,,,,,,,False,0.0
opjF_JN6Kpr5zWxBhkGC7w,0.000158467631944349,1357,,,,,,,False,0.0
ouXwzUhtm3hnVUo79IebLw,0.000158430764282958,1358,,,,,,,False,0.0
5miKQIN3VqujzeZNHk-lqw,0.00015839189571476822,1359,,,,,,,False,0.0
4tJmaaIAG-rZrPF-2CpNEg,0.00015831549302024525,1360,,,,,,,False,0.0
xG5NtjLZ6S7KGBNFGDqoZw,0.00015827449695762983,1361,0.3,2.0268,1.0,0.6931,0.3,0.0558769672846689,True,0.0
wF3EdgYbUm6ARXDCzbpUEA,0.0001581651539314098,1362,,,,,,,False,0.0
E0qpZQLChtbEYSNj3OYrIQ,0.00015813490798084176,1363,,,,,,,False,0.0
rePMk8vWD1fFrg3WoQ_DKA,0.00015809592942016658,1364,,,,,,,False,0.0
DX3_ZHbtsl705f0CnHd82g,0.00015804065604423684,1365,,,,,,,False,0.0
MA5y-O4HDU1e8H_9ghcVwg,0.00015802287332757853,1366,,,,,,,False,0.0
s_E3MJF7CjZZB1AhfSJjmw,0.00015800966720777644,1367,,,,,,,False,0.0
lIU2BU8iWOoXBXaxdy7V_w,0.00015795430730411735,1368,,,,,,,False,0.0
88r-82tHoOm52PSt6dXy0g,0.00015795231523052394,1369,,,,,,,False,0.0
5-JfStgLY03ion8gpUJF4A,0.00015794846908031898,1370,,,,,,,False,0.0
ep7gFSrvNsiCpDXJrapg1g,0.00015792897868036065,1371,,,,,,,False,0.0
0jJf0DNHvYI0itdQSezsgg,0.00015789940166303866,1372,,,,,,,False,0.0
ADaZC5PLXRJZaNJQaJnMcQ,0.00015787401038215633,1373,,,,,,,False,0.0
AcDQ4C7Plc0IOjMgntaoCQ,0.00015786372227680678,1374,,,,,,,False,0.0
pCxSjSpNUh4ry3dBWPEvmw,0.0001577670468182199,1375,,,,,,,False,0.0
4QnaPR1FJlONov3ANyuOdg,0.00015776084879371834,1376,7.4328,9.7554,3.0,1.3863,0.2516,0.45408964143776703,True,0.0
RQGrUjVhkjO9g-C-vl_nzA,0.00015770729995663596,1377,,,,,,,False,0.0
-F7XzFOkZkh_J66oKTRhrw,0.0001577018421815892,1378,,,,,,,False,0.0
ZlpC-lTeTFKcqXoCD0rTMg,0.00015769879128284405,1379,,,,,,,False,0.0
LqDzm5YJs07jpyIMYFnFrQ,0.0001576833650288729,1380,,,,,,,False,0.0
PmpuUEFKQSmAuSxq0SFMqw,0.00015768275122904373,1381,,,,,,,False,0.0
3VKYbajPpszKNFv32ey2dA,0.00015764866668947772,1382,,,,,,,False,0.0
AF4eN-oI7IWwjv0M9BiHxQ,0.00015762951009680738,1383,,,,,,,False,0.0
9bH5Xc39pDsh70N9vUdBGg,0.00015757554251000631,1384,13.4511,28.3441,4.0,1.6094,0.2346,0.56880672442414,True,0.0
GfKb7u9KLgp6OExvIHf_Cw,0.0001575687507553973,1385,,,,,,,False,0.0
HmmNzS7wwyeXcvtFP036RA,0.0001574683760573761,1386,,,,,,,False,0.0
hkzC9Zje7rFffF-2ac6Vdg,0.00015740415453367694,1387,,,,,,,False,0.0
0xkgRnUPJKhfaCTc_Udqeg,0.0001573705990467571,1388,,,,,,,False,0.0
7WrnAUGyB_uyWBSk5imztg,0.00015731908753432343,1389,,,,,,,False,0.0
MTSW4McQd7CbVtyjqoe9mw,0.0001573016660458014,1390,,,,,,,False,0.0
ef-uoHTDLBaoDZrc-MOtSg,0.0001572265285772971,1391,,,,,,,False,0.0
_CAtatmn5FKtMFXcyQyWdQ,0.00015714355097614795,1392,,,,,,,False,0.0
teWJvpV5UuMZKdWtMONvFQ,0.00015702232908671663,1393,0.0,0.12,0.0,0.0,0.0,0.0,True,0.0
TCROPjxfzCZzrQjqLqstSg,0.0001570219306788326,1394,,,,,,,False,0.0
BursGHy9rw7um9xd90058g,0.00015701272756213957,1395,,,,,,,False,0.0
4TRaSx4vcKfhm9Jx-heiqg,0.00015696314913933414,1396,,,,,,,False,0.0
QCaidu0NAS_sseca_xe4hQ,0.00015678370301025918,1397,,,,,,,False,0.0
kkfHcOukpqNzABf3-NFN7g,0.00015677089383039916,1398,,,,,,,False,0.0
3RRvxFR5V_p4NicI7DGVEA,0.00015674948898855941,1399,,,,,,,False,0.0
H3p3b8nbB3OtIfQyQGKDkg,0.00015673087434763523,1400,,,,,,,False,0.0
9kjcWWo0pZ5qr1ZpAXBFnQ,0.0001567297616238698,1401,,,,,,,False,0.0
geMJbmX310M5VYe2f7au8Q,0.0001567250673775838,1402,,,,,,,False,0.0
RHj1RITdSwuXTc-lfJPO-w,0.00015670521798177676,1403,,,,,,,False,0.0
7A-q7-bajt0NxMy36dUfIw,0.00015670355746556322,1404,,,,,,,False,0.0
O3S4jdMvdf1VCPDoLYtqaA,0.00015669932879475176,1405,,,,,,,False,0.0
phE5cET1ucZrGdfd7-ZY3g,0.00015661575339743234,1406,,,,,,,False,0.0
DI6eQxYSWVwQgvPCgwxAUw,0.0001566139384225307,1407,,,,,,,False,0.0
VPsiMIDsBsezca87SteVDA,0.00015657344488058918,1408,,,,,,,False,0.0
hxB3ChW_IENkzAn_CyVnZQ,0.0001565711212334142,1409,,,,,,,False,0.0
xdpMd5zgtnigfU02w6Fs_w,0.0001565525195515113,1410,,,,,,,False,0.0
RtsxLNG5ta65Gatr09cnPg,0.00015645987308869408,1411,,,,,,,False,0.0
Tm_CKv5VauVFUZIkndo_rQ,0.00015637711500792628,1412,,,,,,,False,0.0
q88CESQa0al2CQBPi187xw,0.0001563210029423424,1413,,,,,,,False,0.0
fLxtgf3U8iA0yOIfe97D0w,0.00015626025187531257,1414,,,,,,,False,0.0
Sa09GY2yv5gn15qfZ5JKsA,0.00015625944230504435,1415,,,,,,,False,0.0
M7j6McAe_k1KQyJ_mCuAUQ,0.00015625583359644505,1416,,,,,,,False,0.0
iuftKhlrXImvtz-OngBJtw,0.0001562049097447583,1417,,,,,,,False,0.0
4iuNK5svIKV_GrbSwAXM6Q,0.00015616203559594102,1418,,,,,,,False,0.0
0D1UBNxkT17qejQjjlZurQ,0.00015606220434351734,1419,,,,,,,False,0.0
4kViSyQIJxn7kg-uGrYboA,0.00015604148580412408,1420,,,,,,,False,0.0
ogbVNDA-sYfO7oX0KzqOCQ,0.00015600290037754742,1421,,,,,,,False,0.0
F94hX4z3gqcUZHEh1_r8eQ,0.00015599604649565055,1422,,,,,,,False,0.0
oOTk19z-imx6Dp2rlPOv-w,0.00015597624369435617,1423,,,,,,,False,0.0
nFdDkQNfy3bOLrs1Wdn7ow,0.00015593632140955416,1424,,,,,,,False,0.0
O8dpGAUDpHI1ObEuXNf4OQ,0.00015593413644168273,1425,,,,,,,False,0.0
qlO8LCXgSAQ_Kz2hMM3Zyg,0.00015590777033195737,1426,,,,,,,False,0.0
Ops2BTk03uTYdGRqB9haGg,0.000155907630639157,1427,,,,,,,False,0.0
mskYyOH-xVyBlBn9OLqu4Q,0.0001558919440581563,1428,,,,,,,False,0.0
6t3zWNWQKLVUHUuFp5dpDQ,0.0001558691458282839,1429,,,,,,,False,0.0
_Mbw_orl5EdXJP1XzklQvA,0.00015583940886896845,1430,,,,,,,False,0.0
ywBRJjqtj2xIfsWzs8ungg,0.0001558156619531352,1431,,,,,,,False,0.0
0IdDSSNGXZY-qH9In5cDng,0.00015572388674676984,1432,,,,,,,False,0.0
CwiRXD-ovEU6efope9jhxQ,0.00015570398262621416,1433,,,,,,,False,0.0
rcXGrE-U7b9MjOJiYZ9SBw,0.00015569501092557196,1434,,,,,,,False,0.0
bDT5o-Syv0DNNCTigJDvYA,0.00015568736034249218,1435,,,,,,,False,0.0
t5n5IBvXYG55xXrq6hga3Q,0.000155607510594574,1436,,,,,,,False,0.0
S5SYHcyBG9HuaprVO_6jFQ,0.0001555708045775359,1437,,,,,,,False,0.0
EXTLMOTD6BCgKVogdSx3NQ,0.00015551778443006787,1438,,,,,,,False,0.0
r4UQR04jeItTcEIr4K7crw,0.00015550006851920708,1439,,,,,,,False,0.0
ljBjU43MhcFgoJsH9Xcj7w,0.00015549767253123873,1440,,,,,,,False,0.0
0Iks7qL1wlUCtEj_lytYBQ,0.0001554880455357228,1441,,,,,,,False,0.0
H4eTwVFJvjCL0asz94CSTA,0.00015548142582817292,1442,,,,,,,False,0.0
ts28to44UDqPxIKIlt68yQ,0.0001554394277960685,1443,,,,,,,False,0.0
qgAIg5FCQl5bUNpYvg_SbQ,0.00015543423764964443,1444,,,,,,,False,0.0
5zldWFm-ExDsDfQ9Frb_3g,0.00015541875570390147,1445,,,,,,,False,0.0
xYmyJQiCnsMdxHpMQomxqQ,0.00015539620996854242,1446,0.0,0.2779,0.0,0.0,0.0,0.0,True,0.0
52DsTBhg8NjKDQ6sVaqB7w,0.00015533152421997698,1447,0.0,15.5542,0.0,0.0,0.0,0.0,True,0.0
RelZM_5DBaBdixZDFfyyTQ,0.00015524645396828963,1448,,,,,,,False,0.0
68CrobDtaDP-_-aeowSG6A,0.00015524457524733075,1449,,,,,,,False,0.0
55Q1klIhnn7tcJ6inLtwiw,0.00015523212936779205,1450,,,,,,,False,0.0
fgDaZkRNZbxdXzsj04xa3A,0.0001552191096481222,1451,4.8812,9.7256,3.0,1.3863,0.2382,0.37734034293274227,True,0.0
K7cmAUWUebwIyminFIHqIg,0.00015519878200774304,1452,,,,,,,False,0.0
-mX0wJKh5uW1Kvd_VFFqjw,0.0001551584174204349,1453,,,,,,,False,0.0
HgzSkvWHctw5pTQVfKNegQ,0.00015514657085287538,1454,,,,,,,False,0.0
WOx0k6t0Y0zSYGsuPxIWww,0.00015513350395738752,1455,,,,,,,False,0.0
U00LMGWuM4nf9TqxFU1vRw,0.00015505522696666706,1456,,,,,,,False,0.0
uWHPd11jHXyR1Mu0LI725w,0.00015503627482342676,1457,,,,,,,False,0.0
Eg2fNUMwpUPJ37yy2DK7DQ,0.00015495445692885587,1458,,,,,,,False,0.0
VJ-c-Yjj1qv7dKS5YaYoHg,0.00015492512189382778,1459,,,,,,,False,0.0
O8xd0PQZfwHIIZhNRmZ_5A,0.00015487557322647723,1460,,,,,,,False,0.0
sLw1rA-NK3vm4Pbvzczb8A,0.0001548590514935295,1461,1.8782,2.8376,3.0,1.3863,0.2683,0.2251494873261859,True,0.0
Tw4UzgT76_Yrd2CK6GhAew,0.0001548543197250574,1462,,,,,,,False,0.0
1cjR9b6qWme6ipVIffWlow,0.00015480000595521117,1463,,,,,,,False,0.0
X_87Bx1bAwGPjPmSuiHWHQ,0.00015478595851115034,1464,,,,,,,False,0.0
GU8bT_YS2WbLK749ETzroQ,0.00015476829796577053,1465,,,,,,,False,0.0
qdKCj1XsTCgTql1iuPB5lg,0.0001547291418073214,1466,,,,,,,False,0.0
mMuvlDGcJrokNFd4ob9tcw,0.00015472301706644472,1467,,,,,,,False,0.0
iOJze9_E17l6DLuIib4H9Q,0.0001547050370230835,1468,,,,,,,False,0.0
WI4V-quGkyEdrG2__hIr3A,0.00015467471493279985,1469,,,,,,,False,0.0
zCglWMsODFnewijW7S5KwQ,0.0001546684423185728,1470,0.18,0.1714,1.0,0.6931,0.18,0.03525039845926755,True,0.0
zDSZ1o-FYC2U7rrBg_kH7w,0.00015463492347035098,1471,,,,,,,False,0.0
UBj0aJ6FfMR4tdvRbQ3KSA,0.00015452784281815672,1472,0.4,0.09,1.0,0.6931,0.4,0.0716600951583194,True,0.0
_birKQtizyWql9P14Vw8aA,0.0001544666775259089,1473,,,,,,,False,0.0
elEQxid6rZ3tRZF1Kwkr9A,0.0001544489333408886,1474,,,,,,,False,0.0
v-Xb8mYFiezNRDFZoKYifg,0.0001543383460759211,1475,,,,,,,False,0.0
0drpRPpYFGURvX_kbdPiCA,0.00015431398009890934,1476,,,,,,,False,0.0
xvcX_Q3YIReSthv9t3uDVg,0.0001542798579513458,1477,,,,,,,False,0.0
Vk_R5yKXkRqy9nj-Rhm8kw,0.00015427041653711665,1478,,,,,,,False,0.0
BisFlwuKO09MQdmxwZb7EA,0.00015421545783832598,1479,,,,,,,False,0.0
lwcIJiRdoEyQppHm0jc0GQ,0.00015417956465141772,1480,,,,,,,False,0.0
J2MWrGso6tBzALV_UMI5RQ,0.0001541352061259654,1481,,,,,,,False,0.0
tiZ6mTB6zT7lSBvOKgssPg,0.00015410238537863366,1482,,,,,,,False,0.0
Wndkw2PinAwTgjeUJOTdCg,0.0001540871354397767,1483,,,,,,,False,0.0
mi7JfdCRLfxzFG71oW0I1g,0.0001540479406840696,1484,,,,,,,False,0.0
YJUJqez_Sg0hFDEXHYls0Q,0.00015404167484152974,1485,,,,,,,False,0.0
uv5EeYMn3giMqBXYu-ejKA,0.00015400382976217704,1486,,,,,,,False,0.0
WaijMSG7b5VxxJxEIlWQ0w,0.00015389939767343098,1487,,,,,,,False,0.0
vG0uDzd0eoqryYUNfXwgjA,0.00015388187092570647,1488,,,,,,,False,0.0
9lTtm4UUHDrDtv_BmXI8uA,0.000153879587242478,1489,,,,,,,False,0.0
4TQMOy00KD_54xSFwKgMZw,0.00015380105743901628,1490,1.8804,4.0492,2.0,1.0986,0.3134,0.22531221594196327,True,0.0
pDqwlUlcYZUIzRGHLYFr3g,0.00015379687420595151,1491,,,,,,,False,0.0
UT5FXa3Cbj4siUPh09qGCw,0.00015372145970366722,1492,,,,,,,False,0.0
n8KfQqY4U2j8iZ4cjq8dPQ,0.00015371760156337303,1493,,,,,,,False,0.0
zGbycl5wGZXkbtq4c6-qYw,0.00015368378368034598,1494,,,,,,,False,0.0
LzWvZFkxO-9tHfV0kX1EFQ,0.00015365394334256947,1495,,,,,,,False,0.0
8iiOtnFCXPsq4mbXd-L-Qg,0.0001536070131096714,1496,,,,,,,False,0.0
TuRCuEVeYE0dfF2d2pcnRw,0.00015353114600586066,1497,,,,,,,False,0.0
OPrvuoKep0_TWK8K3ggKbw,0.00015350890011338387,1498,,,,,,,False,0.0
NFFS6Qow43IRG6dRPgZCzQ,0.00015350798519738124,1499,,,,,,,False,0.0
2HkgsHiqWwEW9e44Vhw8DQ,0.0001534228239238608,1500,,,,,,,False,0.0
L3492THPX3WRpAKoPktqMg,0.00015341771899649912,1501,,,,,,,False,0.0
D8In3wk8UIf-d748UqfaiA,0.00015338468614022014,1502,,,,,,,False,0.0
ey2XJjoyInbK3TL4x4k5fw,0.0001533031978896311,1503,,,,,,,False,0.0
StvwzSjNX5Aki0yBafTcmA,0.00015327332700295468,1504,,,,,,,False,0.0
-YljbQMbbTC9jwn8kOLitA,0.00015326802918472798,1505,,,,,,,False,0.0
_mM29ipaSjYo4zJZkswZiA,0.00015323750373814185,1506,,,,,,,False,0.0
GaktVVj3HWX0sVMlCXCWZw,0.00015316137290295658,1507,,,,,,,False,0.0
PON4EZK8TeqTi3CIuQbXpg,0.0001531569080819553,1508,,,,,,,False,0.0
y6HD7qhOsXt-BTnkuJLUSg,0.00015302099489142667,1509,,,,,,,False,0.0
uYBHf5LLq3f7YbBjncQdCg,0.0001529017432676369,1510,0.6214,1.1308,1.0,0.6931,0.2071,0.10292856802381944,True,0.0
g3G48LvuvwMdOg9J57gkOA,0.00015287519216340692,1511,,,,,,,False,0.0
L7wxpQOteDpED0zcn4hsHQ,0.00015285309895741095,1512,,,,,,,False,0.0
vMWBVI5ky6c1gfuPB7ZTLQ,0.0001528441258916928,1513,,,,,,,False,0.0
wHpOgSutd4QmV_X7gXZ3dw,0.00015282129551321926,1514,,,,,,,False,0.0
ul7RY7S80zD3EpvoYMNyAA,0.00015281300356130548,1515,,,,,,,False,0.0
YNP9czXLpMaEXZh4Bpi1Jw,0.00015278259069211134,1516,,,,,,,False,0.0
TQHkhkAenVgUQaf4Hf9gkQ,0.00015274005192143154,1517,,,,,,,False,0.0
ilriW8ywq5HFs56Ux8pftw,0.00015267468412558154,1518,,,,,,,False,0.0
oF1UsRAffQ5c7cw-1AUvew,0.00015264767307209646,1519,,,,,,,False,0.0
Da1Cc7gaouF_2avorSj-PA,0.00015259066763299823,1520,,,,,,,False,0.0
UMWt0rIuIgZlGkDD98xDCw,0.00015246901143039333,1521,,,,,,,False,0.0
TF3qNGUBUgIYp6u0j79JHQ,0.00015242890505300094,1522,,,,,,,False,0.0
GUAF7ybULhg68asLfFZYbA,0.00015239243246107067,1523,,,,,,,False,0.0
O6fpSQsG6waSug3tccobew,0.00015236142718624037,1524,,,,,,,False,0.0
VcXXDz9dsm9klG1uK3R0tw,0.00015223974871728723,1525,,,,,,,False,0.0
9u4_k8-XC4RFETCeiQdO8w,0.00015223043999315974,1526,1.0031,1.3483,1.0,0.6931,0.2006,0.14795271245021904,True,0.0
jaa0QoRrf2OFIhJIvmBCOg,0.00015221671993921303,1527,,,,,,,False,0.0
AlyKaJRNi_2lj5y96QtjCw,0.00015216083107254442,1528,,,,,,,False,0.0
hBqXAVtrMcjNBK-OiDOblw,0.0001521540422141624,1529,,,,,,,False,0.0
J2Jl-zmU7bjKsc9JZ65c-Q,0.00015210228885191256,1530,,,,,,,False,0.0
dh1C733vVNx7BaIBmwMwNQ,0.00015209046316640244,1531,,,,,,,False,0.0
LtlXh8nNVbo5vbCBHAGUgQ,0.00015202466152658994,1532,,,,,,,False,0.0
26nB0rypwfXXa-dnRREu0g,0.00015196259889054168,1533,,,,,,,False,0.0
1MeIwdbTnZOBFCKOrgaxuw,0.00015194785596739217,1534,,,,,,,False,0.0
0zH0l4Jbf-oove3cLvrFOg,0.0001519286347479707,1535,,,,,,,False,0.0
5MJMzVITShDQctNtLmCG4Q,0.00015189854828075617,1536,,,,,,,False,0.0
lpUn1M5exBmKegS1_f3WHA,0.00015188214834748652,1537,,,,,,,False,0.0
SETJPjryrcYvo2ezLm0WaA,0.00015187451209149443,1538,,,,,,,False,0.0
gwR8awly-RqOmM7_8MIncw,0.00015181773296631178,1539,,,,,,,False,0.0
o0mk2xOzMpVlhGtzMXdp6Q,0.0001517903866231243,1540,,,,,,,False,0.0
2N8aVo6j0PyL5Qj-qL9upQ,0.00015178935866264808,1541,,,,,,,False,0.0
8_Q7nxgnb6WuAOhhOT0ONw,0.00015177811048878328,1542,,,,,,,False,0.0
iMbqQ3nXS0V33EImLCqXMA,0.0001516994072903919,1543,,,,,,,False,0.0
U69aAXYMg9sPlzvsBX6UZw,0.00015169069964404653,1544,,,,,,,False,0.0
0s9wc8XMhxgKbiHUreqeRw,0.0001516777949349193,1545,,,,,,,False,0.0
TkEjccBOzVcc7uRjA8nmmQ,0.0001516412780146431,1546,,,,,,,False,0.0
S1HBESEvvKLcMTy1uz08sg,0.00015164059435023058,1547,,,,,,,False,0.0
AYdS8RWl_6npvX71Of8vog,0.00015156978099846796,1548,0.8,0.288,1.0,0.6931,0.4,0.1251837261898521,True,0.0
1XQWvgGDqzDoEOg0_7eWKA,0.00015153438566920595,1549,,,,,,,False,0.0
pciiiaOrxsuruqVVH2YQsg,0.0001514347357846935,1550,,,,,,,False,0.0
YrCCOyNJt3qOi0cbX05Kjg,0.00015138080932209326,1551,0.15,1.5566,1.0,0.6931,0.15,0.029765766681636534,True,0.0
OqQAPZaJ8IKQCxCjs34sXA,0.00015132524386082555,1552,,,,,,,False,0.0
z_nuzYCFJbfQ83eozdBMnA,0.00015129380088379864,1553,,,,,,,False,0.0
fFj8iQ8eVZui5kcPzPVIJw,0.00015125248221158622,1554,,,,,,,False,0.0
Sv56wBnEoygNYJqYMfyC-g,0.00015124058311541465,1555,,,,,,,False,0.0
1SI-jPcGxag54hWZvafxIw,0.00015122184501421826,1556,0.1636,2.1591,1.0,0.6931,0.1636,0.03226964820960087,True,0.0
eqLgpNj0DnRpMj63IfGVeA,0.0001511766935985091,1557,,,,,,,False,0.0
kCrzq7PEBYCMU1xNPNQA8A,0.0001511708131968455,1558,,,,,,,False,0.0
7hfstTAr43zIpEt69e-o2A,0.0001511609588829314,1559,,,,,,,False,0.0
Z1whpjCi-3RiuBPUtdK44A,0.00015108529566747265,1560,,,,,,,False,0.0
TPYRKrXsdUfOUQNFm6w_3w,0.00015087100792707044,1561,,,,,,,False,0.0
0-PClaUWGphUvuTH8wQ51w,0.00015082328281400422,1562,,,,,,,False,0.0
g_4FE6yWIihMdVi3eHAtog,0.00015077227104074424,1563,,,,,,,False,0.0
ZIfvFrdyT1L9mS-NpGhuMA,0.0001507495001002913,1564,4.0777,10.0224,8.0,2.1972,0.2878,0.3460538348081288,True,0.0
dmx9rfhDOixCsCA_DcsEEA,0.00015060377331092712,1565,,,,,,,False,0.0
WzykqsihM-Z6HxsLfwJdhg,0.00015059229064546598,1566,,,,,,,False,0.0
co28Isl2nsvX4-dd33R_yw,0.0001505914148111081,1567,,,,,,,False,0.0
aOHNMIs-N591irOmxQfbFg,0.00015056382123241805,1568,1.7433,2.1397,1.0,0.6931,0.2905,0.21492594824697758,True,0.0
Kgxmyd6epSRqTJGl8EtEwg,0.0001505322056675362,1569,0.0,0.5509,0.0,0.0,0.0,0.0,True,0.0
Flu8zFsJbX-mRw2yOFBC-w,0.00015050297152402256,1570,,,,,,,False,0.0
sHwNZLuLZvlVBX17b7RgTw,0.00015050039414387886,1571,,,,,,,False,0.0
zp2q74KG6d7CTsRWYrTecA,0.00015047843974347704,1572,,,,,,,False,0.0
2f1ZnZg7730yChhV24ARJw,0.00015046461778570646,1573,1.3449,4.5319,1.0,0.6931,0.269,0.18150619998425147,True,0.0
4BbzHEVKSHuctibot056og,0.0001503745310658435,1574,,,,,,,False,0.0
wrSS3bnu0u1Vh4znhbBXwA,0.000150340554532506,1575,,,,,,,False,0.0
w0OBYjoFdChfFDsP6f1KYg,0.00015028047493932214,1576,,,,,,,False,0.0
hjRxa6xpKOwnbUgGvVCE5Q,0.0001502653200519119,1577,,,,,,,False,0.0
I_51fLQfEbrJoqLEDxssvQ,0.00015015541747131868,1578,,,,,,,False,0.0
5_OsTZrS1jMEj0Qg2wBSBw,0.00015009362805052927,1579,,,,,,,False,0.0
amnKFpOOoMHgGEW1xinIDg,0.00014998778932332537,1580,,,,,,,False,0.0
3Mdx4S31beGzqC-RFjAAZw,0.00014998412207420101,1581,,,,,,,False,0.0
zZNFMQrCQ9GHXXT9D9BgEQ,0.00014996185416365465,1582,,,,,,,False,0.0
pWuoHHu0LuVrD0HjadDygg,0.00014995410790813444,1583,,,,,,,False,0.0
7a3P2nje3j65pX6d5xYCvA,0.00014994232932916157,1584,0.35,0.304,1.0,0.6931,0.175,0.06391470472688643,True,0.0
mqKz51qAxfcBaUhNCGcysg,0.00014993943575429832,1585,,,,,,,False,0.0
qu0qoXXxVVDxMaof1SFzXg,0.00014992727171486228,1586,,,,,,,False,0.0
61XRu-DYQur5epSxRa0ncg,0.0001499031094233448,1587,,,,,,,False,0.0
hs7ADvEl57RKs1fnG9WmNQ,0.00014982497799647176,1588,,,,,,,False,0.0
EdopUxxfxqEA79Vcy_dT3g,0.00014982163045989126,1589,0.0,0.09,0.0,0.0,0.0,0.0,True,0.0
x7NoPYyVKjsye4yJVARL9w,0.00014974172505241435,1590,,,,,,,False,0.0
8pSm6e9I8zUMa00Voc4giw,0.00014969621972882454,1591,,,,,,,False,0.0
bSgnLV5MkJycHpv6l5cnNA,0.00014969112894430413,1592,,,,,,,False,0.0
i5tz7suqZ_MIZSUpyimI_g,0.0001496557067381556,1593,0.2,0.0,1.0,0.6931,0.2,0.03882989051478855,True,0.0
zxuVnNVAUm16Sro0dS_lmg,0.00014965307652921848,1594,,,,,,,False,0.0
U_NCpKQDf3z7qSBjvv4U0Q,0.00014963811710910326,1595,,,,,,,False,0.0
J_w5J7dgRpyB4GFiBJIDIg,0.00014960571165650665,1596,,,,,,,False,0.0
YshBHMZJhbAJ3nmjr9xUGQ,0.00014957526846863682,1597,,,,,,,False,0.0
Ka-js9Fn1yRGcyy3VBDPDg,0.00014954610470670942,1598,0.0,0.1559,0.0,0.0,0.0,0.0,True,0.0
EDrN1km0f-TW8NkueYUrRw,0.00014949063583621667,1599,,,,,,,False,0.0
5mfbqMGaexZBtjLOtF9usA,0.00014949007379770276,1600,,,,,,,False,0.0
Idfc5jjr9hGTtGts1KYIYQ,0.00014942908996386117,1601,,,,,,,False,0.0
-xgWMTF_F8E85I_XImNEgg,0.00014939907207124614,1602,0.8333,2.1011,2.0,1.0986,0.2778,0.12908775736211525,True,0.0
12aD4pD1uCJYA4ivdAd3Ug,0.0001493980720957766,1603,,,,,,,False,0.0
ekaEajbGvF3SMwnespdeaA,0.00014938323469735156,1604,1.1132,1.4626,1.0,0.6931,0.2783,0.1593484395592761,True,0.0
kSHgckYR4YMaWiMNT8arZA,0.00014935056327034058,1605,,,,,,,False,0.0
y_7L0twQeuce5heUxXKzww,0.00014934390550009485,1606,,,,,,,False,0.0
1_ggjy2ygyhAztMvjLCCEA,0.00014930446410956648,1607,,,,,,,False,0.0
ACYqszWy-AlxeskqHuiRBg,0.00014927853320623112,1608,,,,,,,False,0.0
jW8RwU6gT4v3enWnAWICng,0.00014925977556487315,1609,,,,,,,False,0.0
kf8HXRAZxtC7xVR0Tg-rhA,0.00014915755578192444,1610,,,,,,,False,0.0
OAjof8dhS2zScmZh2Xuo1A,0.00014902339007310763,1611,6.4897,26.3316,9.0,2.3026,0.2317,0.42883080874494905,True,0.0
xCW-s1hBP23-HkyqW-kngA,0.00014899159316203374,1612,,,,,,,False,0.0
a_gAQfVy9Op95AGdZ7PFXA,0.00014899024251044602,1613,,,,,,,False,0.0
VVHfqUeYyAA9FEsH-6PI2A,0.00014898581896214744,1614,4.2217,5.7057,3.0,1.3863,0.2485,0.3520095923441758,True,0.0
uY7um5bWKhiVwzL0wakJXA,0.00014897056904500364,1615,,,,,,,False,0.0
TNtiicqWe0CgdmjWhm60HA,0.0001489505349207008,1616,,,,,,,False,0.0
USskWtGN3NmR3CRRaMX5IA,0.00014894597280308786,1617,,,,,,,False,0.0
QTjtz-bfm8Yrrv6t0PP0FQ,0.00014894395902029817,1618,,,,,,,False,0.0
1hRBDT7ajCL7u73SulUP0g,0.0001488453022018965,1619,,,,,,,False,0.0
64rDIWaeayyumSWprWAdfA,0.00014879997960905706,1620,,,,,,,False,0.0
RQBwDVWNCyhhsLcyD6rkMg,0.00014874944150168612,1621,,,,,,,False,0.0
DuBmz6aUgECGvIZm1ZOsag,0.00014868742625318305,1622,,,,,,,False,0.0
hB3-7Yg-x_eXMypf5VxKuw,0.0001486837814745427,1623,,,,,,,False,0.0
r4grxU_cFpq_QE3OCXGAVQ,0.00014868364216689584,1624,,,,,,,False,0.0
fhoqmnw5sXzj91-7yBW0Kw,0.00014866295006700077,1625,0.3,2.9525,1.0,0.6931,0.3,0.0558769672846689,True,0.0
ESixVXjylrV-ljDmgOT__w,0.00014866052957180088,1626,,,,,,,False,0.0
EUkh0Qyf_Y4-B69w_z8n6Q,0.00014860458535736706,1627,,,,,,,False,0.0
nXs1n8LOS10SpxfqEshFsQ,0.0001485759781527037,1628,,,,,,,False,0.0
_WrL7teoT0im_28inoePwg,0.0001485255149155548,1629,,,,,,,False,0.0
L_ugtIRUdU2h67jc6Z0b4g,0.0001485152889594301,1630,,,,,,,False,0.0
JU4Ea-xwPCGOUG93TUrVmA,0.0001485074645668052,1631,,,,,,,False,0.0
Jmlqb5UYfygtUXugrpywjg,0.0001484303519856005,1632,,,,,,,False,0.0
5RvGRnsQGVqh0FM6ij3GiA,0.00014838681016468677,1633,2.8239,4.2599,3.0,1.3863,0.2351,0.2856568413936021,True,0.0
WHzeDa97M_eU1FEZaLJ_tw,0.00014834467420528705,1634,,,,,,,False,0.0
GlYN-RJyL_YwxIqsSDo1ag,0.0001483425541921685,1635,,,,,,,False,0.0
z8ZreCzxKUGzmCojZU1TKQ,0.0001481569926927881,1636,,,,,,,False,0.0
ARKqI0061oI44-7pvVDbLQ,0.00014812126208104147,1637,,,,,,,False,0.0
YGp6vEXRRm3DE5GDQJ-WeQ,0.00014809404963377477,1638,,,,,,,False,0.0
1FB6qlf7ZuUD22Vyqo_4RQ,0.00014808366219300724,1639,,,,,,,False,0.0
XM3ZCy6mhG9y9FZPIjOHlA,0.00014807901254842347,1640,,,,,,,False,0.0
mYpMQvpdD78ZCZj_8XPUQg,0.00014806156258926543,1641,,,,,,,False,0.0
XjST6nGKZ7K_Sb6wKfCPDw,0.00014794246981588745,1642,,,,,,,False,0.0
Z47HyCOQC6D3kWYZGqe6RQ,0.00014791943157660113,1643,,,,,,,False,0.0
JCX4onyDxlYucChUTq9_lQ,0.00014790605401058358,1644,,,,,,,False,0.0
Zlb0FD8BRAwLFIngXe0saQ,0.00014789929426041427,1645,,,,,,,False,0.0
tvQqqSi6qnwYGMTSYfjWQw,0.00014789259831682496,1646,,,,,,,False,0.0
n9mvAPvzNjEE3qmly4vOLg,0.0001478249172324088,1647,,,,,,,False,0.0
U-VlSil0ZxpbfBX6TxKXbw,0.00014776834199449286,1648,,,,,,,False,0.0
sOjbtBWo-m6rpjHv4tA_oQ,0.0001477458339588762,1649,,,,,,,False,0.0
G_bi7l0nU74I4Vr1V7IcMg,0.00014774437548354763,1650,,,,,,,False,0.0
GZwgmKNS01hEWKQaRTro_A,0.0001477309792157986,1651,0.2706,0.1988,1.0,0.6931,0.2706,0.0510051621875267,True,0.0
ZcwUOOhNNDyRrrq8_bx1gg,0.00014759864702738616,1652,,,,,,,False,0.0
aF5m1YyHVh_sFoCgPVZT5g,0.00014759456083602792,1653,,,,,,,False,0.0
zsDjnBHyJsYfkdry96x75g,0.00014757101327556203,1654,,,,,,,False,0.0
-0iIxySkp97WNlwK66OGWg,0.00014755271290286517,1655,,,,,,,False,0.0
vNLLqMsUUb08N7wFFK7AYw,0.00014752635020935876,1656,,,,,,,False,0.0
GcKHHOs_LaI9uHh_NKJQDg,0.00014749997391404998,1657,,,,,,,False,0.0
kxvW5Mfebywb0L1HTHdX3g,0.00014749123670097151,1658,,,,,,,False,0.0
IFIdD8lL7Ul2LHepHryK-A,0.00014748038703652443,1659,,,,,,,False,0.0
DOGobCECSZNaaDCevtG8Vg,0.0001474738786026142,1660,,,,,,,False,0.0
RaK2NlWb8RV3xckcug_TJg,0.00014744501147594897,1661,,,,,,,False,0.0
Y1QKeVZSvhnAZnO26SK6QQ,0.00014743689048605805,1662,,,,,,,False,0.0
Zh7c_1oN5BpPqwyXF8dy7g,0.0001474349538035507,1663,,,,,,,False,0.0
TiapTI04Gtgj8AhIN-9fqQ,0.00014741149869663834,1664,,,,,,,False,0.0
Akmo0AQ5qhbqYlZ2OZnrQA,0.00014740564559901118,1665,,,,,,,False,0.0
v-oSCziSbc_S8Ko5nUOI9A,0.0001473973213179761,1666,,,,,,,False,0.0
EVu72ZfMe7IpUWhD1el5kA,0.0001473370056876578,1667,,,,,,,False,0.0
f9eWh7vqRryHRS4-H6gOlw,0.00014731966676003648,1668,,,,,,,False,0.0
xA6daGPW81vmyg9iRFEGbA,0.00014729328693523415,1669,,,,,,,False,0.0
dNC6G1FhDVQA5D58Oyg06g,0.0001472548848532632,1670,,,,,,,False,0.0
MSrMMtj7S4OFvW3J9o-G-g,0.00014721936995341938,1671,,,,,,,False,0.0
12uWSsgW5wkWzkxPycLtzw,0.00014719670677782612,1672,,,,,,,False,0.0
c14bGBk8b76o7No3fdbywQ,0.00014706804007163412,1673,,,,,,,False,0.0
yucn3Ygi3tr1LyVDgSWjvQ,0.00014705984801218375,1674,,,,,,,False,0.0
DKsFd47sx8Cz6qsUPLOJ7A,0.0001470583040315184,1675,,,,,,,False,0.0
h1_eW92xqrPrY-LVKkHPNg,0.00014704698943229097,1676,13.6077,35.204,11.0,2.4849,0.2541,0.5711022198268437,True,0.0
5PLTCfyndcWM44-yQH-YRg,0.0001470316312844497,1677,,,,,,,False,0.0
oT5Bidkfa7cGOp1806ryXQ,0.0001470132569761204,1678,,,,,,,False,0.0
wiDpuSCBqbq7jzw_vMuQWQ,0.00014700092335139846,1679,,,,,,,False,0.0
ukQX8e7o-DDRglKdF9fk4g,0.00014694390123226486,1680,,,,,,,False,0.0
csq9VYVCD49otyOurg2vFg,0.0001467833199121283,1681,,,,,,,False,0.0
zjNcjqgQlPrbnn-pV5YCSg,0.00014677983530393782,1682,,,,,,,False,0.0
KD9-X5AykKmiZszrMepjhQ,0.00014674293967253398,1683,,,,,,,False,0.0
6tfH-0BnhzDc29p712rUUg,0.00014669659521353428,1684,0.1714,0.3379,1.0,0.6931,0.1714,0.033692525586525524,True,0.0
R7495xRbB78fr_VzGonJBQ,0.00014663121523781527,1685,,,,,,,False,0.0
OHIEmhBx2SezWLaHPUljdA,0.00014659853881826375,1686,,,,,,,False,0.0
-FplUfMbM6YNKtwppNddxQ,0.00014652709858987934,1687,,,,,,,False,0.0
I9or-Qu47AbReJLS43TcBw,0.00014652477887039313,1688,,,,,,,False,0.0
LdiNRhW7nBqHub1d3Q4cOw,0.0001464882874934664,1689,,,,,,,False,0.0
bZPu1IZ-KvUcX4_i454R6A,0.0001464055960369947,1690,,,,,,,False,0.0
zHXYNXlSO3vMrWlISzmwlQ,0.00014634873736138511,1691,,,,,,,False,0.0
eYZBpbi42VoMYsulwalQaA,0.00014634393110629935,1692,,,,,,,False,0.0
7aGR18LRkq_yK-r4inL_WA,0.0001462526087918887,1693,,,,,,,False,0.0
Lmstm1D0Ch8QP1b2TB-tVw,0.00014625169428148839,1694,,,,,,,False,0.0
GcrYv6PwODfV1NoQGdfKNg,0.00014622072877248655,1695,,,,,,,False,0.0
AS7hUQSS8zg8D7l3hPXj2g,0.00014617349702613687,1696,0.5333,0.0,1.0,0.6931,0.2666,0.09103015820810456,True,0.0
OJWt3ccwit_NdthGwjvAaQ,0.0001461696897475628,1697,,,,,,,False,0.0
WIbqJf5SRM6wxLeR-_hMnA,0.00014616270332311313,1698,,,,,,,False,0.0
Wb9XhNUocfCsoMWIwjEcxQ,0.0001461585423322916,1699,,,,,,,False,0.0
9ZFCaOWsiXF3iQW26gcB7Q,0.00014613291808036812,1700,,,,,,,False,0.0
8vwdDagJc8bJR0ZojFGZxw,0.0001461259374960254,1701,,,,,,,False,0.0
KBuoxDEsxLJvr2QctPRkLg,0.0001460919038763081,1702,,,,,,,False,0.0
wCgIJhH_CTuwsSZPcafkng,0.00014609105118224515,1703,,,,,,,False,0.0
1v2VVeaOFM4NRaxW28tkzQ,0.00014607732563941294,1704,,,,,,,False,0.0
pzKzUt-XPgvYrhzuLgByRg,0.0001460270273367116,1705,,,,,,,False,0.0
xHM8vXtgOpKZKkDRxMsgpQ,0.00014602001177672178,1706,,,,,,,False,0.0
tYZ_yj9rJEDH-BbgKIctXw,0.00014600648734041532,1707,,,,,,,False,0.0
fTc0orr5IcZMXUlH6iSmww,0.00014598462411913478,1708,,,,,,,False,0.0
bxSqLGT0kt9zUlhIz5utnA,0.00014595387889654608,1709,,,,,,,False,0.0
y23lxMHt3EAs8qffEwpULg,0.00014590251978772016,1710,,,,,,,False,0.0
fb8V9SD4DNyRQ3nt9CWQDg,0.0001458775880510419,1711,,,,,,,False,0.0
CB9wKiWLAwP6acj9Ld9uJg,0.0001458611270340898,1712,0.4936,1.5599,2.0,1.0986,0.2468,0.08544319927361264,True,0.0
DekNG7GWeU28-aMpbfJwNw,0.00014585606362675616,1713,,,,,,,False,0.0
Jt8hjWJzGM0m5r5xFd6OlQ,0.00014585107059455154,1714,,,,,,,False,0.0
BAWF37UN61D7P3ITVuDRLA,0.00014583967775008263,1715,,,,,,,False,0.0
sMZe5nmFqffApI_-ReO4xQ,0.0001458351910283219,1716,,,,,,,False,0.0
TTl2V6mG7IAMi_JK16bgow,0.0001458062367496206,1717,5.2711,12.2599,2.0,1.0986,0.2214,0.39101139644753774,True,0.0
Cu-UEi18cdlereln29rdww,0.000145797812717277,1718,0.2,0.0,1.0,0.6931,0.2,0.03882989051478855,True,0.0
B6k9V9q3BaSCjWtDyNipfA,0.00014578502537295564,1719,0.0,0.2314,0.0,0.0,0.0,0.0,True,0.0
JtLgjIFEPqw38jTqn1H00Q,0.00014577440586622503,1720,,,,,,,False,0.0
tBvW2eH5DIwSRci4LRAezg,0.00014573837057801282,1721,,,,,,,False,0.0
KM602HnwBiUYkRtSML2dzA,0.0001457115617859443,1722,,,,,,,False,0.0
Thksu3pRk_QKFmKYa23mow,0.0001456896174466666,1723,2.3996,4.073,1.0,0.6931,0.1714,0.2606082263060008,True,0.0
eiSpDSqykFUhKI6-7d9qEg,0.00014566930542582096,1724,,,,,,,False,0.0
jwkgVfSLydNMAF2US6bL1g,0.00014563252649670241,1725,,,,,,,False,0.0
M7qv_LrFhOb-OIl0ma4DSw,0.00014562348396889642,1726,,,,,,,False,0.0
SsB0kJpBhIDK8CrcRWXuYA,0.00014561421105201494,1727,4.5668,15.4764,2.0,1.0986,0.2076,0.36563941566075364,True,0.0
GtfM73QC1y4_j8ghKPSt_w,0.0001456116418185247,1728,,,,,,,False,0.0
EZpbFQJEgo00XNlKJe-4ew,0.0001455799465543248,1729,,,,,,,False,0.0
d-e9OJzjy-_bWs3r6fKIbQ,0.00014545927359393686,1730,,,,,,,False,0.0
40N6HwvUOiRvvdOfMX7wXQ,0.00014543319724413106,1731,,,,,,,False,0.0
x1CpCXik31TwTtMPMcrcug,0.00014543187170233234,1732,,,,,,,False,0.0
N7wYxm84QtcqTJZfGWpxzw,0.00014539944377794126,1733,,,,,,,False,0.0
_tgh9i0r9WPHakd_8PSTNA,0.0001453672091692129,1734,,,,,,,False,0.0
tsqyVhSaI72JTNpy4u7QGg,0.00014536341555433115,1735,,,,,,,False,0.0
rWfV3Ii_C0iEbMI0PBByaQ,0.0001453610277598569,1736,,,,,,,False,0.0
kjnXnl9767bVQEQUmuuMCQ,0.00014535505061764588,1737,,,,,,,False,0.0
HWIukj1MFtVgrBDQPXkbZA,0.0001453270400269225,1738,,,,,,,False,0.0
LGNue5dZjUHIiVNiRLRzuw,0.0001452920189436881,1739,,,,,,,False,0.0
h4VyN6sZLqgJ6LBp0P6VPw,0.0001452358383775914,1740,0.0,0.36,0.0,0.0,0.0,0.0,True,0.0
oJaf0e6k7vcolmRO96ckUQ,0.000145202188113049,1741,,,,,,,False,0.0
suO_107nxddoUK6J-hK8GQ,0.00014519870623304787,1742,,,,,,,False,0.0
06mrRuzYE3zTcVqDDPvzNQ,0.00014519830935701757,1743,,,,,,,False,0.0
XRhKQxw8bQFF9iq-j721_Q,0.00014516618944702557,1744,,,,,,,False,0.0
rjdUiKAXXYHIH20zVTcPXw,0.00014512758409150034,1745,,,,,,,False,0.0
y_xJzKTkZN96V5hvXahX9A,0.00014504411865953556,1746,,,,,,,False,0.0
_LizRk3ouOvglz8o9z0xyw,0.00014503061659841833,1747,,,,,,,False,0.0
pRf9_8_RNSjlRo8YrfqtOQ,0.0001449820618783971,1748,,,,,,,False,0.0
winkCYdiTroKdbPbV0DfRA,0.00014493321745213654,1749,,,,,,,False,0.0
ZPjokVSTWDyRMWxaW7z_9A,0.00014493211149049963,1750,,,,,,,False,0.0
8u70WVawnsReBWNv7IXNSg,0.00014473763873035954,1751,,,,,,,False,0.0
ldL1_lWOtolY1BY5zVBslg,0.00014469404005208825,1752,,,,,,,False,0.0
N3CuXqWoFpBtYMBGhBE2fA,0.00014458987142561134,1753,,,,,,,False,0.0
5Fr4z608s58HEHLK9K4DSQ,0.0001445676013168894,1754,,,,,,,False,0.0
1i0NDQ2VUchckortEI_GeA,0.0001445378209585069,1755,,,,,,,False,0.0
KSaur56waK0T5SEKcy5AIw,0.00014453664877241222,1756,,,,,,,False,0.0
IKSpkuhsivnbvRPghFHARw,0.00014449632407956769,1757,,,,,,,False,0.0
ErW31qKCSDBc_oZ4DCziww,0.00014449270356305436,1758,,,,,,,False,0.0
_8bELjUz5tnftBbXAxKyjA,0.00014447674571100983,1759,1.1114,1.3793,2.0,1.0986,0.2223,0.15916695274478718,True,0.0
ajfmcCilbPMKb_VxswIuQQ,0.00014439706836437186,1760,,,,,,,False,0.0
f3qKagX8q2lnz1O6Ulck7w,0.00014434098520771393,1761,,,,,,,False,0.0
vC02DK_jvWZS1MMxrGG0mQ,0.00014427145721134774,1762,,,,,,,False,0.0
lA5BOb5Om5cn_dfwiOgbNg,0.00014411783457320463,1763,,,,,,,False,0.0
wOKMPDy1oixxGgI1RYDEqg,0.0001441162668879232,1764,,,,,,,False,0.0
88Zqyx8ZkecS_o44sGLEzg,0.00014409762319404074,1765,,,,,,,False,0.0
RPgiI4k8cSwta5C2gFkfTQ,0.00014409761314332904,1766,,,,,,,False,0.0
ApZoKDMHiY6sm3urIcqfxg,0.00014403323634137614,1767,,,,,,,False,0.0
2phMafOfwZuzShT7iaHH1g,0.0001440284996940272,1768,,,,,,,False,0.0
bzG2ul_mhdPMvhxsn-8EEg,0.00014400425405279967,1769,,,,,,,False,0.0
QAMJIJQ7SMO-C5xUN37iIw,0.00014397282396387396,1770,,,,,,,False,0.0
j2J573HOZM9afnW_t67sjw,0.00014391877187825764,1771,,,,,,,False,0.0
nSKLosQgplp35Y5MiYtOUA,0.000143887824895275,1772,,,,,,,False,0.0
lbMWWUdA3O0V5SsaLilfHA,0.0001438566888563404,1773,,,,,,,False,0.0
AcAMVPXz_VyV9VirqeDblg,0.0001438333967094066,1774,,,,,,,False,0.0
xmKMkJwP1k1SSzFfE4VBCw,0.0001438329049179459,1775,,,,,,,False,0.0
sWPnsdr580BiXjUwUTQK4A,0.0001438070916293054,1776,,,,,,,False,0.0
R722fDi0r2oamiWjbnRP2Q,0.00014376117733851126,1777,,,,,,,False,0.0
c4T4fWfNdnlyOgBN0a5JFA,0.0001437559489451073,1778,1.04,1.6718,1.0,0.6931,0.26,0.15184031701132775,True,0.0
ZNUmF2BHvp4fovXFTFW9Cw,0.00014375039758270544,1779,,,,,,,False,0.0
lCpO0y4VR19qMGWprbiGDQ,0.00014366736087294388,1780,,,,,,,False,0.0
tJxrkonV5iuVZUNJev0jWA,0.0001436373494484956,1781,,,,,,,False,0.0
o8VR_4C-krOcgHiMoi-g6g,0.00014363677423448026,1782,,,,,,,False,0.0
8rdnJAHnce3Cgon2w_EvGg,0.0001435908148640466,1783,,,,,,,False,0.0
hbs43HZRB1nwMzMtiT9lsQ,0.0001435103800552276,1784,,,,,,,False,0.0
bdJXwEREaJTeZrDHIo276Q,0.00014342961094757436,1785,,,,,,,False,0.0
kbAyAsfRIIVdUondbHLkWw,0.00014342487528045037,1786,,,,,,,False,0.0
rQyJXOiZ39eRJ2l9OMpw-g,0.00014342356015121968,1787,,,,,,,False,0.0
sCkBUXw-GrMvRRxcun-Alg,0.00014338596858383523,1788,,,,,,,False,0.0
GGMPGL1AmXwlNyHyJ4oUXQ,0.00014337670063997604,1789,,,,,,,False,0.0
G1MXujpA5g9QU0Cn1N9RqA,0.0001433749605772965,1790,,,,,,,False,0.0
x4BSeDfK8AFeguTRELNgUg,0.00014334980477600926,1791,,,,,,,False,0.0
C6anLYmswoVwAv7D2ihCng,0.00014330920790071145,1792,,,,,,,False,0.0
Hpe-2Omu5-U3S2NrouHcdQ,0.00014325965017810715,1793,,,,,,,False,0.0
saJFbz12EnzanelpD8_xXQ,0.0001432476224933647,1794,0.0,7.8359,0.0,0.0,0.0,0.0,True,0.0
Sr0MtMVsXpYu8-PTJDg44w,0.00014322217720341663,1795,,,,,,,False,0.0
QdzVXx4rzlEf_6ERBWEjmQ,0.00014318709755122602,1796,,,,,,,False,0.0
wP0SSjU7R-m9j-VRhOCzmg,0.0001431174136793883,1797,,,,,,,False,0.0
zMMSWTHxkLWYR359o-IuAg,0.00014311366289486473,1798,,,,,,,False,0.0
hGUr1HxLfqvhQC1AG8kkVg,0.00014311330570290296,1799,,,,,,,False,0.0
KQk4DebCDK5thbOhMl3FZA,0.0001430605477902432,1800,,,,,,,False,0.0
WLXceElT2l87hvOS4nHGwg,0.0001430287499036842,1801,,,,,,,False,0.0
06ddjGdyYk580UtBwyfbdw,0.00014298929942668882,1802,,,,,,,False,0.0
Mhqq0BaP2CinaPiZCYWVOw,0.00014292937655687834,1803,,,,,,,False,0.0
tX7fAS6C9vArD88yaPeqnw,0.00014292117989694967,1804,,,,,,,False,0.0
KYFJ7qh7bYYAsjnGrhH3NA,0.0001428313604889351,1805,,,,,,,False,0.0
GKi9B1w_3qazIURnJ6lW9w,0.0001427725392840726,1806,0.88,2.1833,1.0,0.6931,0.22,0.13444495763903075,True,0.0
JyYT5phFLg3BESNL-WXf4Q,0.00014276804692626744,1807,,,,,,,False,0.0
mHY_tUZBy_0dMEcCrYNgGQ,0.00014276670076812865,1808,,,,,,,False,0.0
2gi23-n_4fTU11olohHxrg,0.0001427520380455939,1809,,,,,,,False,0.0
jS8VAzNJjjekJwBknEFZFw,0.00014275098242230104,1810,,,,,,,False,0.0
N3wKFf3q6vJi0g5g0Y1ICw,0.00014273284740019628,1811,,,,,,,False,0.0
hyeo7JQr5uLp-St1MibYAA,0.00014270220842420973,1812,,,,,,,False,0.0
yHUWxfunpzerdiehxNFI8g,0.0001426702722713407,1813,,,,,,,False,0.0
yUcMPv-B9gCUUNT-GUiJbw,0.0001426619349428389,1814,,,,,,,False,0.0
ra8-KYlESFGeK11BG7SCrQ,0.0001426559865959798,1815,,,,,,,False,0.0
OAJvfcLmDhaS2HHs9vxtqg,0.00014262897053960623,1816,,,,,,,False,0.0
sQ3Q5UAN3eStKnrxkK8E_A,0.00014262298078070903,1817,,,,,,,False,0.0
SK1xfuaLsaX8wuiUng-dhQ,0.00014261798340164817,1818,,,,,,,False,0.0
8usO-H5uFTzlISfGZN8rSg,0.0001426125225825577,1819,,,,,,,False,0.0
H5nMeiXJmLpBALeV8A-FeQ,0.00014260855966233686,1820,,,,,,,False,0.0
An64muP06DPFaqPc6QGgSg,0.0001425842299137904,1821,,,,,,,False,0.0
JhrvtLpCEQcYrZLbb6CZGw,0.0001425476345961891,1822,,,,,,,False,0.0
TVv-Rijul-b1GoIZ_zq-7Q,0.0001425393530618199,1823,,,,,,,False,0.0
b4GPlPrcZLZY-TDvr8u3Ug,0.0001425369990136298,1824,,,,,,,False,0.0
1KwwJvCwwjdtlgeuxoMhsQ,0.00014251865783621647,1825,,,,,,,False,0.0
59fWFpyDg01BTEH-Hh6jdw,0.00014249723435943553,1826,,,,,,,False,0.0
dxNrscJ65hB8RWkMY6lruw,0.00014243141730246222,1827,,,,,,,False,0.0
FYw5uf26ry8-MuPKD10z0Q,0.00014236478799698144,1828,,,,,,,False,0.0
NhZ8lnDbq6cJYJJ0wwfv-g,0.00014233738782427937,1829,,,,,,,False,0.0
mJ_itjZYQ_OA71q2NaWE4Q,0.00014233614534329555,1830,,,,,,,False,0.0
KQ3nXee8hW4GCUEhr0EeOQ,0.00014229615819906876,1831,,,,,,,False,0.0
jvHMq4TtoB0hUGFk8YmZkg,0.00014229527451897916,1832,,,,,,,False,0.0
C9PVoSSpmncXgzmAKuLr7A,0.0001422819260227572,1833,,,,,,,False,0.0
wyZX3RxQLDVIzBiXFP4P3A,0.0001422809179752347,1834,10.04,0.3758,2.0,1.0986,0.32,0.5114642286105127,True,0.0
oLawoBd5XG8-56bYZHk1aQ,0.00014226469674949736,1835,,,,,,,False,0.0
q_1xjztlLeeYo12GBsuZXw,0.0001422447666204801,1836,,,,,,,False,0.0
2zocwC7qMq3LsivPn9Z-Eg,0.00014216036436541214,1837,,,,,,,False,0.0
KKivjYzOLDlbAo-iMyqWWg,0.00014212754239494819,1838,,,,,,,False,0.0
4rglQWnQsA3gNrdHHqZF0g,0.00014210626350407246,1839,,,,,,,False,0.0
XRDcLPEmTyZihws-_sC3_A,0.0001420829883777324,1840,,,,,,,False,0.0
XHDglv86dSnNt0e3YSlsFA,0.0001420305921631396,1841,,,,,,,False,0.0
Xtw1Rpqj3IV-TKn19fIgpA,0.00014201431532763037,1842,,,,,,,False,0.0
KEA0YPercPSPYh1JcpkV2A,0.0001419696347795521,1843,,,,,,,False,0.0
IIg_XileiB4DRqlTAuVdMQ,0.00014196332747342305,1844,,,,,,,False,0.0
M5eciMJjAiEmwI_TUWrU1w,0.00014194633141966,1845,,,,,,,False,0.0
iGGBxdz76mISLVgsH4Dohw,0.0001418849137617045,1846,,,,,,,False,0.0
ilms3tyoWYHDPo00lmrMOw,0.0001418773702512922,1847,,,,,,,False,0.0
Hoe1rNQzFe-5BtuOA3MpYA,0.00014184409643400823,1848,,,,,,,False,0.0
WO0XzkChXtlYjzXSl4My8g,0.00014183984815689752,1849,3.3959,10.0491,5.0,1.7918,0.2264,0.3153458310423984,True,0.0
Uif8NGtHlCJmMdrV3pVqCQ,0.0001418269295535845,1850,,,,,,,False,0.0
47TOmOqMxeyUSpYoLKqTsA,0.00014176801817868793,1851,0.6,0.0,1.0,0.6931,0.3,0.10009891197775421,True,0.0
0nlGy4Q5La_hWomqRIskxw,0.00014176287590863076,1852,,,,,,,False,0.0
2ZSnGlqj8JOWcN2bNf-3SQ,0.00014175982960393065,1853,,,,,,,False,0.0
pFoBM2CKL6PORYUplVvuFA,0.00014175807204486123,1854,,,,,,,False,0.0
qpFvoENzTuy4WHk5R1qAFg,0.0001417294286593878,1855,,,,,,,False,0.0
TGicQ2Jbe05WIV4rDUFk-g,0.0001416159917789369,1856,,,,,,,False,0.0
KtDdYseuflhOVI8Bal58kg,0.0001415743369437594,1857,,,,,,,False,0.0
vfD5568Nt1B_ImDC75fBIQ,0.00014155660369904815,1858,,,,,,,False,0.0
-6kIZWnXPuDC6JiQJ-A1fg,0.00014153561514008666,1859,3.9155,2.5832,3.0,1.3863,0.261,0.3391396249993638,True,0.0
kb2Zvig0OTEqlA1xS2lakA,0.0001415090623181521,1860,,,,,,,False,0.0
tmGfIaU4GIFbcPHzr3C-Lg,0.0001415022730654311,1861,,,,,,,False,0.0
WVYcB73fVpBMznlhhqjL4w,0.00014147753926149536,1862,,,,,,,False,0.0
y40Xvbq0Ahut5IcSaKn2XQ,0.0001414245190231768,1863,,,,,,,False,0.0
Ze5WMI88GQGZCA0oOOqPbw,0.00014142205146628858,1864,,,,,,,False,0.0
Ld3qgGua7MqrFnZY8AIo0A,0.00014138325824286605,1865,3.9814,3.0954,4.0,1.6094,0.2488,0.3419759160347917,True,0.0
fx1532CemYqL8wZivfcDzA,0.00014137625024529413,1866,,,,,,,False,0.0
sXMC2ZZD_8hss_BuVlfB7g,0.0001413640963887092,1867,,,,,,,False,0.0
m1FEyb_4FNJcLvMw82King,0.00014134091904496199,1868,,,,,,,False,0.0
fd5dRJa4171XdZ3Px9VztA,0.00014131404621411773,1869,,,,,,,False,0.0
lB0QRhfNQQI0-Znf7hkBXA,0.00014130687603303732,1870,,,,,,,False,0.0
3PA4Hc6G7ON6i_lyTpNf9Q,0.00014129202114466976,1871,,,,,,,False,0.0
hYs3ioWpQr-WwV9nRD5lAg,0.00014126473832267884,1872,,,,,,,False,0.0
3tABZPOFyYgY05ADJnRT4w,0.0001412139491627354,1873,,,,,,,False,0.0
6SYG6M05gIwaj3doas6X9Q,0.00014117950724972132,1874,,,,,,,False,0.0
29ThPh6IA69V-SfcwfV9Dg,0.000141174081122413,1875,,,,,,,False,0.0
ivNaN2TmuoLKobiRHJCulg,0.0001411599593128923,1876,,,,,,,False,0.0
oynwmvwg1CUYCk0-VpZlAg,0.00014107083410373164,1877,,,,,,,False,0.0
a0rBn7usm4HTnPcz_Angmw,0.00014106742915297716,1878,,,,,,,False,0.0
u5HLiu_HxBuPk7i0rV-rEw,0.0001410504993016602,1879,,,,,,,False,0.0
8cvkk0HB-F2Irctug1h3SA,0.0001410446827668363,1880,,,,,,,False,0.0
0yOfDyqoJTp6-9qbyroyEw,0.00014101923865184575,1881,,,,,,,False,0.0
HidFnrnlxOEbGzg0Xog71g,0.00014101537777951362,1882,,,,,,,False,0.0
TlvnDLrM4p2udHfeUwL82A,0.0001409770640245635,1883,,,,,,,False,0.0
IjjUbIP7plAbNVV8o337xQ,0.00014092415870062456,1884,,,,,,,False,0.0
q9Pupuw6Z2b8WaYK-MGt4g,0.00014090527915856075,1885,,,,,,,False,0.0
HNtTgTEYl3kBSN5U5FHHqA,0.0001408461472812765,1886,,,,,,,False,0.0
fIJl2U1A8yiul6WX6pOhdQ,0.00014083932116243624,1887,,,,,,,False,0.0
Af7NWqfoTszSyyuMRU6few,0.00014078858606635615,1888,,,,,,,False,0.0
LkmyxPN4L99fSZR76tV7CA,0.0001407764322615704,1889,,,,,,,False,0.0
QN38TkkGzF5vB1urbvi5nQ,0.00014071011672521814,1890,,,,,,,False,0.0
caGpaptBP4BKJkpH5W6cvA,0.00014069885110517297,1891,10.7614,26.8527,5.0,1.7918,0.238,0.524945092897267,True,0.0
FtY4uxKAXcZDDFUhfOp-lA,0.0001406891096732924,1892,,,,,,,False,0.0
GYFDgaBkWnxepHoyJ7mWAw,0.0001406193617917459,1893,,,,,,,False,0.0
qZF_3GegBnpVC4PjAHDrXg,0.00014060564784366118,1894,,,,,,,False,0.0
DTyeAYLV9YCc4mG5XTorTA,0.00014059912038369128,1895,,,,,,,False,0.0
21Yrp9EY9pI09qy-YYBhVg,0.00014055730558475062,1896,,,,,,,False,0.0
TebJaTyTkScemRVHZUAPoA,0.00014051568857654275,1897,,,,,,,False,0.0
RUWCx8WPhq4JwQjv_eGZ8g,0.00014048346626472502,1898,,,,,,,False,0.0
QnVOsBJWKZ6nN79VbV6l2Q,0.00014041035578569308,1899,2.5954,9.6811,2.0,1.0986,0.2592,0.27253427489541765,True,0.0
mv9uuDPJDaxl0zJ5cEhpXA,0.00014037910092194785,1900,,,,,,,False,0.0
TBmOpMQfWJy3v3b713X6wQ,0.00014035131097798052,1901,,,,,,,False,0.0
5xLGcJKU65Sv7rV8m5gAwQ,0.00014031600224606887,1902,,,,,,,False,0.0
ReKQjTVB8L2vnaxZKmRUpQ,0.00014031396632658942,1903,,,,,,,False,0.0
uIUjRtUh8fsoczFL6ttWYQ,0.00014026685008196126,1904,,,,,,,False,0.0
8JRdV8M8b2bIZGH92gMQ0Q,0.00014023476509641234,1905,,,,,,,False,0.0
mb1NchJIUHRvGJcNInjv_w,0.00014018698513655655,1906,,,,,,,False,0.0
mDBXgJGoHl5TJThOc7g9rg,0.00014017472927376295,1907,,,,,,,False,0.0
t4mRS4ErJhzJh6vAbev15g,0.00014016091919159097,1908,,,,,,,False,0.0
nLSxxer8E-c2Zs_asUvbzg,0.00014008496773780648,1909,,,,,,,False,0.0
xbgzX-_EpV6yH-6nf2LCNw,0.0001400077609080828,1910,,,,,,,False,0.0
H-aGBiY6wjLAppMcAk9Qrw,0.00013999796296442065,1911,,,,,,,False,0.0
dM5ZRYT1SUO86eZtisrKfQ,0.0001399802674309009,1912,,,,,,,False,0.0
vp_hPIvAcUJ7xjuWxYLZAg,0.00013996012478170597,1913,,,,,,,False,0.0
tjEKEDmyR_VmeBkJGwreLA,0.00013995681180250188,1914,,,,,,,False,0.0
AahCxtL9ZrcaeTpP23X8Ig,0.00013995191240914474,1915,,,,,,,False,0.0
jhSSiLwrq9t3Fij2pVlvug,0.00013992894638421106,1916,,,,,,,False,0.0
4bNFWpQtS5PtfjXuxTc-GQ,0.00013988343458665867,1917,,,,,,,False,0.0
qJ6pn9u4hl9L-DUbEXff_Q,0.0001398803166827957,1918,,,,,,,False,0.0
3dhah8zpkvc_juFE3xB_pQ,0.00013986582087577036,1919,,,,,,,False,0.0
DplwsTdPq4QZYBwaQtFxrg,0.0001398371128733493,1920,,,,,,,False,0.0
GjK8fBJO3sE9vYkK0RE7Jw,0.0001397728718141093,1921,,,,,,,False,0.0
LOzj0BsudeOeqoN5d0wLVA,0.0001397576212464603,1922,,,,,,,False,0.0
jmMCUCuErJP7EtR_6RVRig,0.00013975466289288207,1923,,,,,,,False,0.0
5P4w4WfPbXzUi6YALfwx2g,0.00013973446278955136,1924,,,,,,,False,0.0
ZyOqGKdr5JetY4jgD_UoGw,0.0001397050618220934,1925,,,,,,,False,0.0
AuSYrTKWPyTa08AfmEE0Pg,0.00013966742312900547,1926,,,,,,,False,0.0
6OJKoWZY-lLKM4zRcbauiw,0.00013965785276280875,1927,,,,,,,False,0.0
0FIfHHrNbcc_hXbCjhU8HQ,0.0001396388138710203,1928,,,,,,,False,0.0
-JkiE867GwCUuXFETjba2w,0.00013957020617584863,1929,,,,,,,False,0.0
pb1oZS_fVHwBkw3ysqF9pQ,0.0001395025941733344,1930,,,,,,,False,0.0
chMQVujO9guhdS4saUXAQA,0.00013949820191608284,1931,,,,,,,False,0.0
jBwfTPuxHgyAhsfTUONXdA,0.0001394836859101583,1932,,,,,,,False,0.0
QJfM8uRNy6KHhj6kIatzmg,0.00013947737382963564,1933,,,,,,,False,0.0
tP8wd-9CrI_RkHK424oifQ,0.00013946551865109394,1934,,,,,,,False,0.0
jVg0VUu4Z6jgrN_krWXLkA,0.00013946173215501076,1935,,,,,,,False,0.0
ExfSwwCB1zQ6ZGd_UQ4wYQ,0.00013943791091679963,1936,2.9376,7.6643,3.0,1.3863,0.217,0.29189712048293154,True,0.0
w5wfWE6skJDi_-mS56DB-g,0.00013943612518300743,1937,6.9779,7.575,5.0,1.7918,0.2536,0.44227941448056524,True,0.0
B6zs6ywn7TfhOmmDtuWQkw,0.00013943027884278232,1938,,,,,,,False,0.0
SS4__vpB-2xeX0DFARgl0w,0.00013942504268726845,1939,,,,,,,False,0.0
zGXgO4L7UdRB5Z1fzYWr7A,0.00013937302715766748,1940,,,,,,,False,0.0
kOOiEcy0UaWLwCPgZ95nmg,0.00013934733138184734,1941,,,,,,,False,0.0
jns8FlhfwbGfsE10eKLBnA,0.00013934471749307487,1942,,,,,,,False,0.0
642kv5mYCqYr6COe49HMzA,0.00013933262724496947,1943,,,,,,,False,0.0
nkw6BhHRlJc2jhDSJy9dtA,0.00013931868785892106,1944,,,,,,,False,0.0
n1i7yciuoS2_6_g7ix9jlQ,0.0001392540169556551,1945,,,,,,,False,0.0
PQuM6c6pdEOLyInZdzoa_g,0.0001392446934025741,1946,,,,,,,False,0.0
7Cecref3HqLLpVLhMB1oTQ,0.0001392427309478867,1947,,,,,,,False,0.0
eM-unjTl2rG-96N46qlveQ,0.0001392255366470157,1948,,,,,,,False,0.0
V_L4yNgqG1zVbrvy7lgOWg,0.00013913358704452418,1949,,,,,,,False,0.0
YvjGdHY7iAKv_ticIACnXQ,0.0001391117177683711,1950,,,,,,,False,0.0
gCa8Qx33FlAg4rSQoKPqWg,0.0001390634447133413,1951,,,,,,,False,0.0
gUIZcY8jYpYNg00J3gQlpw,0.0001390587682642118,1952,0.55,0.8587,3.0,1.3863,0.1833,0.09333724044960127,True,0.0
wGWnJ71EHjyrP7vuHxYoRw,0.0001390577951078068,1953,,,,,,,False,0.0
8IBVhpwSRtnbUhrNb7W8xg,0.00013904366625453314,1954,,,,,,,False,0.0
Ma9FrtHwHi6KgtwEbQyXTA,0.00013902843922176779,1955,,,,,,,False,0.0
ZzGTfIxIVpNP7PFbyeMAUw,0.00013899948586791613,1956,,,,,,,False,0.0
sdK9vpfsqtQ2UHx8gTAWzA,0.00013899914469852085,1957,,,,,,,False,0.0
57i-zASRB3jO1S6_oPvcZw,0.0001389894072296354,1958,,,,,,,False,0.0
3sQehkDWhJVtYQ90MUMRNw,0.0001389814475771877,1959,,,,,,,False,0.0
MTm2ttAKyfkn2c55PySsPA,0.00013896802798653085,1960,,,,,,,False,0.0
6tXfFVJJwfWOY9n7LK8dVw,0.00013894520768163975,1961,,,,,,,False,0.0
z6xFUwsrwZHmuNZp1bKaLA,0.00013888226233009238,1962,,,,,,,False,0.0
TQPs9n0t8KUcxhrHO-N6ZQ,0.00013886003919983645,1963,,,,,,,False,0.0
vcbe4MIUNemUvuxl7qPfxw,0.00013885549271110289,1964,,,,,,,False,0.0
D9CYDt7ywkIqGnCWhpqyxQ,0.00013885180891274514,1965,,,,,,,False,0.0
RFIHFxmNH9dM0ouz2N8ZjQ,0.00013885157195468712,1966,,,,,,,False,0.0
VNvJuCTMdGBj4lwC0L1Ghg,0.00013883248779301516,1967,,,,,,,False,0.0
U1Gao2oKgFaggpksDIctiQ,0.00013882382129231172,1968,,,,,,,False,0.0
J6bDpaw9QQ3qqncfIK4StQ,0.00013881760622702716,1969,,,,,,,False,0.0
gbZd0FVBD5VITCnGQnVJOg,0.00013873112016265317,1970,,,,,,,False,0.0
exsmq71Wm_Ksf-feMK1UJg,0.00013865258975638448,1971,,,,,,,False,0.0
P6iHMvttUL4HJ0fXbb_gow,0.00013864099393158137,1972,,,,,,,False,0.0
X80hD1JrBuyVnj3EZWhm9w,0.00013858127823710283,1973,,,,,,,False,0.0
gwGLBmNTfIlaTnwFtddbkQ,0.00013856396472291307,1974,,,,,,,False,0.0
zXk8R3KLuGcJ5ZS093MWUw,0.00013854658403036988,1975,,,,,,,False,0.0
YjtziUCMEwEZNGHnGtTDdA,0.00013853547340698496,1976,,,,,,,False,0.0
oz5GyYc_R2-CB10nrV1Psw,0.00013853492420389535,1977,,,,,,,False,0.0
DUDstO-YrNRyQ_gP_mcRNA,0.00013853076857937334,1978,,,,,,,False,0.0
Ve3hy3HV40OKUJIcZAK8qA,0.0001385174282966549,1979,,,,,,,False,0.0
VSVtG0BfSCRIZfo03VgHCQ,0.00013851421629416328,1980,,,,,,,False,0.0
V9BACxNu_td_DJY65gWwBQ,0.00013850208117295224,1981,6.3333,14.9782,2.0,1.0986,0.2667,0.42433637587250256,True,0.0
QdUbpCOvFbYb_RzlPxOonQ,0.00013849814236174276,1982,,,,,,,False,0.0
lDyqjSz6s36oeJ9EWQMYYA,0.0001384701562421884,1983,1.64,4.5309,3.0,1.3863,0.2733,0.20675141069533,True,0.0
IS_HLZmKQKqCFOHnTy019Q,0.0001384535029376677,1984,,,,,,,False,0.0
6pT7TIyrhpeo-LjTlIZBDA,0.00013844834546700914,1985,,,,,,,False,0.0
yOc3BbR4pua-7El5ce8lHg,0.00013839285413900484,1986,0.2,14.258,1.0,0.6931,0.2,0.03882989051478855,True,0.0
tw_PmFjjCyg0t8Ek_kQz0Q,0.0001383794246646001,1987,,,,,,,False,0.0
8JoO_AUqcqjwHiMrRvaGIg,0.00013836271165519192,1988,,,,,,,False,0.0
GWajXz5cKulo-5A1wCKv8Q,0.00013835166029090902,1989,,,,,,,False,0.0
Z72KDGgmPZV7Aii1L8Mxtw,0.00013824772330664974,1990,,,,,,,False,0.0
Mb8xASY4mhS9r8zVU2N_6g,0.00013824720581113298,1991,,,,,,,False,0.0
wEI-j7yCt-voSHgbjgnhIg,0.0001382133643584651,1992,,,,,,,False,0.0
ymLl9bWlfHpL-ooWx8ko5w,0.00013820782986619074,1993,,,,,,,False,0.0
G6BsgXWHqddv-bGKS1NcyA,0.00013815256201441607,1994,,,,,,,False,0.0
yklgi4y_mRyjayUuWApwGw,0.00013814618978538363,1995,,,,,,,False,0.0
0BZdcQAJjI-Kw97mQW_TPg,0.00013806059657092958,1996,,,,,,,False,0.0
Sc6gWuePeh7WnxQMVtSF_w,0.00013805172235026954,1997,,,,,,,False,0.0
MOy8qGtBOoJzRnHnv3Y3JQ,0.00013805124265947447,1998,,,,,,,False,0.0
coHajs6hyDloks4xay9SdQ,0.00013804122463466952,1999,,,,,,,False,0.0
2V82l0NAsTWwOaoDQvSqxw,0.00013801985163817946,2000,,,,,,,False,0.0
6ccvTPhcwC-B37eIlqA8fw,0.00013795471164216588,2001,,,,,,,False,0.0
lbtx0YX6Hj1F1WEv-QQjbg,0.00013795403654409682,2002,,,,,,,False,0.0
hVRebPv7EKMUGVV2m5IKaQ,0.00013791509569332754,2003,,,,,,,False,0.0
SIyJZCEjcu8fCnQ7Hh5A2w,0.0001379099394423747,2004,,,,,,,False,0.0
bZVx5Tz4Bvlx6Gsqg995WA,0.00013786924986810875,2005,0.0,1.05,0.0,0.0,0.0,0.0,True,0.0
0KaePrBSRJwUQaHywCM5Zw,0.00013783831236025527,2006,,,,,,,False,0.0
h81N-kVGvV9f_PWJQJN9YA,0.0001378283595296908,2007,,,,,,,False,0.0
i_KiOo7-DM1ZPnyOXgwgrQ,0.00013780533614104446,2008,,,,,,,False,0.0
Tyie6h1FTsTeyGm-2BnRDA,0.00013780296142760825,2009,,,,,,,False,0.0
Yc5HxVlYhixshqzTePwLpQ,0.00013777737405725151,2010,,,,,,,False,0.0
1KsRngfDY9Tr5mGvOQaG9w,0.00013773839861669137,2011,,,,,,,False,0.0
QAB5tp1anXy-tJxtj6Pwsw,0.0001377258257850591,2012,,,,,,,False,0.0
nMLZh1mfsg9RpmwtIAlq4A,0.00013770915742546946,2013,,,,,,,False,0.0
jtgBkAQuchDYgkdsebzLsQ,0.00013770170921085264,2014,,,,,,,False,0.0
eQo42s9IYFnLbRkFFU86ww,0.00013767890788477484,2015,,,,,,,False,0.0
_8MkUoObdLpakXbCobbKxA,0.0001376675427992643,2016,,,,,,,False,0.0
IG1MLst7GcptliBDES8ycw,0.00013765831055417935,2017,,,,,,,False,0.0
Gcm1Ob02cfVWlupegB8uQA,0.0001376305309022541,2018,,,,,,,False,0.0
iJEkWDUE25BbNifWaYEfgw,0.00013762406305515957,2019,,,,,,,False,0.0
a9hEzGG5mYH_sus0r9xfLA,0.00013761852239599205,2020,,,,,,,False,0.0
WP3W43z9Dryyunf8J8YhFQ,0.00013760214971604313,2021,,,,,,,False,0.0
kjIyHGVbVpQYK_UzetPShg,0.00013758290998951562,2022,,,,,,,False,0.0
vtJzY7yw636iiEH5tz3B-g,0.0001375775270857682,2023,,,,,,,False,0.0
IbndcMURguByburM72o3SA,0.00013756375660250433,2024,,,,,,,False,0.0
whh_h_yJaF2kz-ieB7Dcig,0.00013754886079034312,2025,1.0031,1.8532,1.0,0.6931,0.2006,0.14795271245021904,True,0.0
woJ6EMlZtBtpl8kG7aoffw,0.00013754332245404532,2026,,,,,,,False,0.0
GDcNvFZPEAzOFk4x4EbGEw,0.00013754024827254896,2027,,,,,,,False,0.0
ztcOE7NN0WdleNOCbje8ng,0.00013752300640614449,2028,,,,,,,False,0.0
Xat8Yhqly9GdM7kYcfQJyA,0.0001375074298651831,2029,,,,,,,False,0.0
mGfmLdBI7kXRWox7Yl7RBw,0.0001374632352936071,2030,,,,,,,False,0.0
o1Vs7jjK0_hu5L5h_ZgBNw,0.00013746239223635937,2031,,,,,,,False,0.0
InGDZzyut2RLtPv5FPiLnw,0.00013745129262877836,2032,,,,,,,False,0.0
7gqRNDQs9ezTngtXCZ03Fg,0.0001373218289814649,2033,,,,,,,False,0.0
Sjqs4OjzTRmgeLjX5meIeA,0.0001373108711303888,2034,,,,,,,False,0.0
Q9poenJ9SS3agpPo4Pgyyg,0.00013727686958702232,2035,,,,,,,False,0.0
kGXt74i82kOVgfixBuBoIQ,0.00013717810900645591,2036,,,,,,,False,0.0
Z-WED5Dnx6Mejpx-_Agnhg,0.00013717671734301399,2037,,,,,,,False,0.0
PgD2tnZT9pd-SE9fC8ThBg,0.00013716536199705247,2038,,,,,,,False,0.0
fZzvYELAKZ0A8wePhHvdiQ,0.00013711206901286625,2039,,,,,,,False,0.0
kQimxI9wOXrQjcdfwsOw-g,0.0001371093003642038,2040,,,,,,,False,0.0
xlKnyisd_MiBpZIsESo0bA,0.00013706853633393759,2041,,,,,,,False,0.0
j0kqlcG_HluOEEFsA7WwCg,0.00013703061169122394,2042,,,,,,,False,0.0
FCcFpitB7F3qxd1bD4Epfg,0.000137014663996376,2043,1.2,3.6018,1.0,0.6931,0.6,0.16792152018054146,True,0.0
47Xuiwsv_YsJIm7Px_mNWQ,0.00013701417766018127,2044,,,,,,,False,0.0
iFunuVzrg10UesZvMPCHHg,0.000136968363896045,2045,5.8465,9.5816,5.0,1.7918,0.2723,0.409707555399195,True,0.0
wTDuyCnQuPEvArtcX46FFQ,0.0001368992764095846,2046,,,,,,,False,0.0
AXRSeJZfr9pi1wJQ61D4UQ,0.00013684662893962378,2047,,,,,,,False,0.0
F4Pk3sNtkPCYLColKYpuwQ,0.00013678320366603545,2048,,,,,,,False,0.0
h8TJV8clolcjqp9aFV4OjQ,0.00013677379773758774,2049,,,,,,,False,0.0
TwXdnMqRlT7mrRCOUcKhJA,0.00013676692978853279,2050,,,,,,,False,0.0
ZqBwsiBlMqiMTSjlXAenMA,0.00013674044321013704,2051,,,,,,,False,0.0
PrqnVokpplB1Lt-fkBILTg,0.00013670026706432578,2052,0.0,1.7231,0.0,0.0,0.0,0.0,True,0.0
y0_n8AHgfhIjIF3z4lRQwQ,0.0001366793666942908,2053,,,,,,,False,0.0
ja7cjawPhBMHsKeL_popDw,0.00013657000558113712,2054,,,,,,,False,0.0
4FaYG9qKDpDyr68bKmaIEw,0.00013656533922780335,2055,,,,,,,False,0.0
Z_l5dmN5AvLDS0KtVEjZZA,0.00013656069267543747,2056,,,,,,,False,0.0
Z4yrtVsQrBB5dTvAmrIBAQ,0.00013649884475277284,2057,,,,,,,False,0.0
19ucoG2VHdR2aMGyf4aoNQ,0.00013644906720572058,2058,,,,,,,False,0.0
8q25GCkL0PngPIlCu2j4Vw,0.0001364299902310103,2059,,,,,,,False,0.0
bchZXVE4feVx4Q5rhIRCGg,0.00013641327400572826,2060,,,,,,,False,0.0
cm2FwmHNxg9LCzOFdwEJSQ,0.00013634615779611415,2061,,,,,,,False,0.0
dpiaAGgEMm9Lf8dbx0yEJQ,0.00013633781405586646,2062,,,,,,,False,0.0
jlkDIOPoRP9SJXTkRVpkMQ,0.00013632449996974765,2063,,,,,,,False,0.0
1feuZITxuTrl9mr7V11kwQ,0.00013631201077251993,2064,0.24,0.0,1.0,0.6931,0.24,0.04581329528932625,True,0.0
B3JF06ctShiYJeg1FyJ5jA,0.0001363118516253383,2065,,,,,,,False,0.0
qDz3dmLlGrra33ZkDAMkaQ,0.00013630905070655615,2066,,,,,,,False,0.0
NghIUbFjp683iyVJtF8u-g,0.00013624894093710514,2067,,,,,,,False,0.0
03an5ytHalUpCjfN8vcjRA,0.00013617345648159017,2068,9.3618,14.1374,5.0,1.7918,0.2229,0.49796182580661036,True,0.0
CybLEjtw_fhkiITdCN5GZg,0.00013616243266374855,2069,,,,,,,False,0.0
x4XipmTC_-o-3BLS9jst5A,0.0001361401729370655,2070,,,,,,,False,0.0
UIxL3xxpmJ6LiOMdqbqFTw,0.00013611175964349547,2071,0.2,1.2962,1.0,0.6931,0.2,0.03882989051478855,True,0.0
6cswuD0Qpsyy0s9CQEDHRw,0.000136104791480232,2072,,,,,,,False,0.0
68YMbUXLeDo28HmBbFJ1Wg,0.00013605894173325812,2073,,,,,,,False,0.0
gWE14ed0pcUlQo2IETmFmQ,0.00013601749620359237,2074,,,,,,,False,0.0
Gkfi3qXHH_FHvJ0_omUztg,0.0001360087896717442,2075,0.7146,0.5114,1.0,0.6931,0.2382,0.11483169428916093,True,0.0
mGxaM5kUC2GhYkp3Dip52Q,0.00013599222546668111,2076,,,,,,,False,0.0
xvrmpEUp1P6wolmuZ5LQiQ,0.00013598640381298126,2077,,,,,,,False,0.0
9XpU6r6ATXSWYfbU7kibaQ,0.00013597002857836096,2078,,,,,,,False,0.0
eoqpPPlegPddFATQadDsoA,0.00013595092910645754,2079,,,,,,,False,0.0
jgmj_apBPNZa5Kq9ZJkSqg,0.00013593800862982653,2080,,,,,,,False,0.0
pt0SLWdKuqrv7KRMgpOhLw,0.0001359365349032037,2081,,,,,,,False,0.0
IDjYyBrPW5C2CT9mXsyuBA,0.00013583577695036462,2082,,,,,,,False,0.0
uzhiTCvVaK_0fZwa7rWDzw,0.0001358279364363426,2083,,,,,,,False,0.0
uUgRgEdYbp4IPOUK2j-60Q,0.0001358116832801093,2084,,,,,,,False,0.0
YdsPB-Wl4CEo56qaFTTlGQ,0.00013578346027692383,2085,,,,,,,False,0.0
AJzAO951NR1LFaBHojeudg,0.0001357261665613801,2086,,,,,,,False,0.0
zZ_xsIQfotnHe25MxQyg0g,0.00013571268406456247,2087,,,,,,,False,0.0
CHcpcv65XtaGuq4gogzpXQ,0.00013570157679502999,2088,,,,,,,False,0.0
kD_NwNmRRbauKge70VUxqA,0.00013567219789065445,2089,,,,,,,False,0.0
E38acoNEJDP7A8Jqpj21Rw,0.00013563175441176712,2090,,,,,,,False,0.0
rLkqMqQu4uf-iE4j749fzw,0.00013561539503380244,2091,,,,,,,False,0.0
kyrqWqmgn65uVa2oTowAGA,0.00013553661061325485,2092,,,,,,,False,0.0
NxFuPjGPqM0X1RK4kOzdtg,0.00013549375985637838,2093,,,,,,,False,0.0
irXywqvfXj9maLLOBQMYvg,0.0001354759343988044,2094,,,,,,,False,0.0
VGFQZ1BJzA-zE24bSwlb6A,0.000135475775972859,2095,,,,,,,False,0.0
tARR9jhv5gi9TjsfSVmjmw,0.0001354364784530546,2096,,,,,,,False,0.0
G1q1IeNbiRJL5bReBLFdzQ,0.00013532854227659905,2097,,,,,,,False,0.0
AtQLrRpQan7UtJcIAo9hsA,0.00013531628273286605,2098,,,,,,,False,0.0
5pWgwGriPE3LaqADVAtYQg,0.00013531253240793765,2099,,,,,,,False,0.0
8PKxsbyRIPfhe0KMiBYuyg,0.00013531203654508177,2100,0.0,0.2692,0.0,0.0,0.0,0.0,True,0.0
cq6QhAdGH4sAHFdTr4Tn_A,0.00013526920806510367,2101,,,,,,,False,0.0
B7nlRFe3EeQwAWpUpefGHA,0.00013519935268983355,2102,,,,,,,False,0.0
qnTszlGgzUBu44tdQR7QgQ,0.0001351646422194071,2103,5.9223,8.6744,7.0,2.0794,0.2378,0.41205251649904884,True,0.0
_e9NcunDgXR1dp1XbP2Mbg,0.00013515871708070094,2104,,,,,,,False,0.0
OEeQTVPtrKq4kPqdIJLrKw,0.0001351313254501056,2105,,,,,,,False,0.0
lsyCjtPSGw-wfG6bn7_Wcg,0.00013512656954902904,2106,,,,,,,False,0.0
z5nU7jIyr-_Hv5ZDH0nY1A,0.0001351251932537506,2107,,,,,,,False,0.0
zXCB28oFHB3SFNPKIDpdfw,0.00013512045357376518,2108,5.73,1.9828,2.0,1.0986,0.2325,0.40605239110627855,True,0.0
-SQv9Kit89XgEik-Rd_5yg,0.0001350942127842599,2109,,,,,,,False,0.0
nk9CYmNy0mxuu3dosjyV3Q,0.00013508730547668343,2110,,,,,,,False,0.0
pjxRQazeYbjfmlquc2D4Vg,0.00013508423512074825,2111,,,,,,,False,0.0
wM4Zy0_yibPty__-WMiSSQ,0.00013505549311930643,2112,,,,,,,False,0.0
fUlCcUBeYRC80S8iWgccAw,0.000135038718335136,2113,,,,,,,False,0.0
FqSsVgbOxedTevshj0bfIQ,0.0001350386112354901,2114,,,,,,,False,0.0
Scd-rcsQCn60t1sHHFv-og,0.0001349731015964926,2115,,,,,,,False,0.0
FSxREGXCZdsh5wZhOcay8Q,0.00013492146909380146,2116,,,,,,,False,0.0
uWJx0gRuynGEjgRtxUu-dw,0.00013487160429165993,2117,,,,,,,False,0.0
0cwYcIySz-bdipKJjD4Keg,0.00013479748326513112,2118,,,,,,,False,0.0
8xjBQgZsIivU_qfbXYGrZw,0.00013477575598044424,2119,,,,,,,False,0.0
QSzK9qwKPOIuxjflT6GOkg,0.00013476433895624713,2120,,,,,,,False,0.0
lzCreRMEgzDCwb90GuPmeg,0.0001347582307608744,2121,,,,,,,False,0.0
bdoSOSj1LPSAlNoKezVdLQ,0.00013474921957140414,2122,0.2,0.0,1.0,0.6931,0.2,0.03882989051478855,True,0.0
vZKDU7nRGB_5pzJGR12efw,0.00013467809164773644,2123,,,,,,,False,0.0
Auc20f0uYTIwPnJIqcdmNw,0.00013466684868197832,2124,,,,,,,False,0.0
Ktfl6gzqp4kWBYCpa2r35g,0.00013464022384724933,2125,,,,,,,False,0.0
vyYMaj0HZPr5xqzhY7WPUg,0.00013463649250474151,2126,,,,,,,False,0.0
SDuDbDZfEKKR3mwcrNsz5w,0.00013462582921936042,2127,,,,,,,False,0.0
ZCF-HvfbITnNcaomqT5XRw,0.0001345884065919265,2128,,,,,,,False,0.0
2cfEAFZZee8fq3Xx6yZ87w,0.00013457007808125227,2129,,,,,,,False,0.0
h1UTMTj52te79ii7_nqF0Q,0.00013455356922480868,2130,,,,,,,False,0.0
WZM-G0aWjfTc2iXo_GrGEQ,0.00013445756129143937,2131,2.7516,7.7812,2.0,1.0986,0.2196,0.2815914878260475,True,0.0
AsMmX7njOzFkWsJQ1jMVCg,0.00013443551194082163,2132,,,,,,,False,0.0
IEpeqw4tr5vAXKVj1cdRhw,0.0001344297086459348,2133,,,,,,,False,0.0
QjktE2M71v56CVHERuyiTg,0.0001344260262497199,2134,,,,,,,False,0.0
BFPxxguGxBZQ0kR0rWePTQ,0.0001343931455191436,2135,,,,,,,False,0.0
foh6hwQxjCs0SeLT5MO1SQ,0.00013435525093149768,2136,,,,,,,False,0.0
ACHVRhkmpCuT7WQQjzt07Q,0.00013435366235754967,2137,,,,,,,False,0.0
pNf55jk_wLt8KO6yuz70MA,0.00013435305989140383,2138,,,,,,,False,0.0
HKhf_mFXd6ETeo2iLVMgAg,0.000134351921736418,2139,,,,,,,False,0.0
RhBsbZ8N_bSH-jD9X9FFZg,0.00013427618304706336,2140,,,,,,,False,0.0
eltuhV8KTDIhqdYgAyknAw,0.00013426773271176792,2141,,,,,,,False,0.0
qck6waU6WlXBesRKmtsWfg,0.00013426766437029828,2142,,,,,,,False,0.0
J9TnylMqNS62wjKVtnc1ug,0.00013422533235177677,2143,,,,,,,False,0.0
uGOEl8AfKsMJKebNcX3uNA,0.0001342055563308486,2144,,,,,,,False,0.0
f2KFAhVWZmFm63liyG8rVw,0.00013420229318480165,2145,,,,,,,False,0.0
tCKx9bkvughZdZK4vbiJ1w,0.00013418633494391557,2146,,,,,,,False,0.0
PQkJ5J8Qilol-JIhu-alhA,0.0001341662322526159,2147,,,,,,,False,0.0
R_ETro-Bhca3PGyosh56BA,0.000134140663663837,2148,,,,,,,False,0.0
KW2Ma_0uVm7KmBJhMI_yFA,0.00013413443138952783,2149,,,,,,,False,0.0
JPm93BlP-UHYPqFgK66JUw,0.0001341178579053883,2150,,,,,,,False,0.0
z_bTPCOeRv7IDHSNF0bxzg,0.00013410644613104226,2151,,,,,,,False,0.0
2f5JQR_QxrmqUHSjzpZynQ,0.00013397792044427198,2152,,,,,,,False,0.0
Nr-ew8B5DBXIhdt1oE9_-A,0.00013392545990766402,2153,,,,,,,False,0.0
c_MsK_ra1MB1Q9KvZgNwww,0.00013390101425594928,2154,,,,,,,False,0.0
JXhIz744GI7U_ereD9Nf8g,0.00013389352001878576,2155,,,,,,,False,0.0
kFSwmSUiHO4FEl33FdA_XA,0.00013389193118418247,2156,0.0,0.1334,0.0,0.0,0.0,0.0,True,0.0
kRowQIUMYRNno_Rk5LkRgw,0.0001338520416107515,2157,,,,,,,False,0.0
afkw4ZMsFhMyWpYn5xHCYg,0.00013385028220785228,2158,,,,,,,False,0.0
ZMeRh7SQS_McYDhopPS84A,0.0001338251826699624,2159,,,,,,,False,0.0
toyrKJg9cZgssxGfQ_kRgA,0.00013380290536169748,2160,,,,,,,False,0.0
cp2ZSHXibAxCHvJoPPyLag,0.0001337945705145433,2161,,,,,,,False,0.0
l5NgHzWPPHYe-ulHz6MYpg,0.00013377706834625565,2162,,,,,,,False,0.0
2-i-GRNg9dYlBJYfb4k0Rw,0.00013375362537259701,2163,,,,,,,False,0.0
GphUtL7kAHxd1CXxntt-Jw,0.00013374430609486,2164,,,,,,,False,0.0
FiWGTyWJs4p4dLQc8P6-pg,0.00013372278291863665,2165,,,,,,,False,0.0
V66EXhrxKanesMhoOqsORw,0.0001336922475578488,2166,,,,,,,False,0.0
XWbWhTXkyzfhwh4dbfwEAA,0.0001336829342854669,2167,,,,,,,False,0.0
7Klk8UuK1sdJt5_44eUtDg,0.00013364845186411795,2168,1.7863,1.4363,3.0,1.3863,0.2233,0.21823833954186958,True,0.0
CBqvnpCA-8SWAr1-iGF0kA,0.00013364520886999592,2169,,,,,,,False,0.0
r7iK-eZzarezCOIChpa8hA,0.0001336346355623281,2170,,,,,,,False,0.0
-Wd5KqFszREg0XdXfSv5tg,0.00013354466068325044,2171,2.4028,5.1711,3.0,1.3863,0.2669,0.26080860243642545,True,0.0
iryPcdtXO3HQfUzXBqzckw,0.00013353493679376624,2172,,,,,,,False,0.0
4JjrfHvcKzfra3YAWHa7qg,0.00013347275728552526,2173,,,,,,,False,0.0
CbMJxmEsm_NFue6NQ0kNpA,0.000133458723413919,2174,,,,,,,False,0.0
SaUSOvz-YhFtGEP3w5SBZg,0.00013343224273892331,2175,,,,,,,False,0.0
1QwLNoPJuDaye0uqeE56xw,0.00013338511580003807,2176,,,,,,,False,0.0
XR6zkgsFiwnaH2FVkoUVAQ,0.000133368524192969,2177,,,,,,,False,0.0
cEyo1UgdluY7bsu2VwcRBw,0.0001333382881114559,2178,,,,,,,False,0.0
y-XX_c8EVK4m3oQda42Y3A,0.00013333659918693692,2179,,,,,,,False,0.0
BN3LFoIi1AFQ4IZhvrMXsw,0.0001333175151996123,2180,0.6,0.0,1.0,0.6931,0.6,0.10009891197775421,True,0.0
jsZU7VLbyn50MabU86zI1w,0.0001333068389226453,2181,,,,,,,False,0.0
2rTCpBUN36jDhRxid_-Kng,0.0001332662052976603,2182,1.2405,4.573,1.0,0.6931,0.2067,0.17180654084097238,True,0.0
eX1E0J6uh8a3oVazer1_yw,0.00013322826712216878,2183,,,,,,,False,0.0
C2JtfhOZ3PPzIS9V5arQ2A,0.0001332211130004617,2184,,,,,,,False,0.0
sNoPDi--2hYuB2Z_VI8NXA,0.00013318588889428104,2185,,,,,,,False,0.0
FX9CL_-hBxRDq6c4uiLCrQ,0.00013317157046922968,2186,,,,,,,False,0.0
mw-Vn0mmSTYR1ZkQaHdeBQ,0.00013316296668768176,2187,0.4,0.1928,1.0,0.6931,0.2,0.0716600951583194,True,0.0
9tIP3Ey8swBpTlsHOQbvJw,0.000133119945465683,2188,,,,,,,False,0.0
DGefID2EzDJl4g_DCMbnYQ,0.00013309039441227548,2189,,,,,,,False,0.0
px3bYo2g-MGGTYAs0CH6Qg,0.00013308574206155081,2190,,,,,,,False,0.0
pdXEjhNzy5YERGk_wBA9Lw,0.00013307144221015005,2191,,,,,,,False,0.0
47JfuGySAVhQmIYynH_yfw,0.00013306346088118562,2192,,,,,,,False,0.0
loKMBVzemBJN0RMGwW8K8w,0.00013305745711396488,2193,,,,,,,False,0.0
s9BgSa45FigvXA-g56JHDA,0.0001330446087967727,2194,,,,,,,False,0.0
-TSPsir3LSLO9vVBkvkqUw,0.0001329990043071531,2195,,,,,,,False,0.0
fwAKmgDhi6vsxBWm7izc-g,0.00013299569703772825,2196,,,,,,,False,0.0
xBmLaYKPIzUnrdEpg5BLYw,0.0001329371714159735,2197,,,,,,,False,0.0
niV3iDWcxuKFOJr3qWp9pQ,0.00013291529453017366,2198,10.5306,16.9448,5.0,1.7918,0.2785,0.5207242287034265,True,0.0
OyPQNwQtCuYkFuV3FlsnnA,0.00013291069679654486,2199,,,,,,,False,0.0
HzUJO2v5lUEIeYoOYsdWbw,0.00013290438830886226,2200,,,,,,,False,0.0
vsrryxBR2Jykl71qa1H6SQ,0.00013289354618684768,2201,,,,,,,False,0.0
kLS3Sth5HvO0IjrXCCvXxA,0.00013288727416652438,2202,,,,,,,False,0.0
a1a1RgfaYBeU-jGEgbJj_Q,0.00013287431019582657,2203,,,,,,,False,0.0
G1vUqy1-vDsCbCFrZkFnuQ,0.00013286998129976582,2204,,,,,,,False,0.0
xFdZbv00SJwv5YSgwAGwqQ,0.00013280940126576737,2205,,,,,,,False,0.0
zKC6BvDRMtwmtj2aNvIapQ,0.00013277339373232524,2206,,,,,,,False,0.0
Af8k2BmCIBjxhWiHnAfGnw,0.00013276276645836601,2207,,,,,,,False,0.0
V71KzO8mXPK7E8no2FN8sw,0.00013273699935927762,2208,0.5,0.3334,1.0,0.6931,0.25,0.08635383567506355,True,0.0
dEZoHywgbq5mS0Ytv0vSHw,0.0001327319207379169,2209,,,,,,,False,0.0
609Lr-Hvo3sr9amdiimOJA,0.0001327035214180079,2210,,,,,,,False,0.0
zwrgCMuZyFX46mL3piDyjg,0.00013262870349194805,2211,,,,,,,False,0.0
SLreQZjicOqB_7MCfJ8MdQ,0.00013258184465743376,2212,,,,,,,False,0.0
DNMDGalFejExZqwb_YVQnQ,0.00013256326122518508,2213,,,,,,,False,0.0
MU6oyNoZoYZJtEZvsrnwOQ,0.00013254324210661,2214,,,,,,,False,0.0
zWNz-y5mVcJA364mVV-XRw,0.00013253392899055164,2215,,,,,,,False,0.0
D1Z06FgUfwdV9dhMW1o8dw,0.00013252942693116253,2216,,,,,,,False,0.0
Q3ZVqlnrW0OQsakX-yLwvQ,0.00013249300735617277,2217,,,,,,,False,0.0
k920l7wHSjLZDJLvn-UfyQ,0.00013245144051906424,2218,,,,,,,False,0.0
XrtJUw6CyipHlFkKrdHbtw,0.00013244539336693516,2219,,,,,,,False,0.0
PCmoZ6i5fXLKti6SmykDNg,0.00013242146672653518,2220,,,,,,,False,0.0
JfEvhf0cSyjeh82be2KeTQ,0.00013240525966264655,2221,,,,,,,False,0.0
6rzuiMOivqs6Qc3VS1ugGg,0.0001323409296755498,2222,,,,,,,False,0.0
wWoX5l58K8YTokEWRcFstw,0.000132328914373393,2223,0.2,2.4836,1.0,0.6931,0.2,0.03882989051478855,True,0.0
H_T1u5hL5HwH-XR9oZqYYg,0.00013232154660341145,2224,,,,,,,False,0.0
_lCaW3aU3yp-acJ8BnCLyQ,0.00013231829123605776,2225,14.7361,54.837,3.0,1.3863,0.2254,0.5869493842749173,True,0.0
CEBM9Ls8IHhYtbsxW9PC0w,0.0001323098320795185,2226,,,,,,,False,0.0
8ZhC29t_mepcAQ4OlN15NQ,0.000132232823623783,2227,,,,,,,False,0.0
ScWo1fsKbn6vJftI49bqcw,0.00013218934254506553,2228,,,,,,,False,0.0
emc9zbb0LeEC6D_f7SZWpg,0.0001321421666672729,2229,,,,,,,False,0.0
-TboXPMTf45s24FPyD8OAA,0.00013212519244837768,2230,,,,,,,False,0.0
jCZi4-LRB2bU-dxBSPmn9w,0.00013209226867176032,2231,,,,,,,False,0.0
XHF3oYylaLPeAynPo3bOKg,0.0001320882075621504,2232,,,,,,,False,0.0
4lkbbB4y_kaoPdDxq0F3Hw,0.00013208646428169245,2233,,,,,,,False,0.0
HZ_wXHeUoB7bopQ0vst2CA,0.0001320809847061593,2234,,,,,,,False,0.0
ZEd_RWWRVGqLlM5DUiXCeA,0.00013207026102997753,2235,,,,,,,False,0.0
f_w3vvy3q-p7DFVRo-EUIg,0.00013206818430234308,2236,,,,,,,False,0.0
wX4ap0Qy5ZK6Hy2iKvBqXA,0.00013202512071948193,2237,,,,,,,False,0.0
5z7N0Ih926XkkRW5-ZljuA,0.0001320204634332465,2238,,,,,,,False,0.0
yeZfgAw4LvWnri7ecPkiYA,0.0001320127524631381,2239,,,,,,,False,0.0
lkQP24RF-W7Hvb2WOPJWAw,0.00013197544453848493,2240,,,,,,,False,0.0
XJvOamdhTQI65jmzTfreDQ,0.0001319666466092488,2241,,,,,,,False,0.0
C9UIBsRy_mNeSXCQ4WLMxQ,0.00013194330472231396,2242,1.0214,1.6798,1.0,0.6931,0.2554,0.1498895816473114,True,0.0
ZfOS7Mz-iGseNxBhlhXm_w,0.0001319251183633902,2243,,,,,,,False,0.0
F96zZwm8zAMxUB2DvLkmEA,0.00013191639823669,2244,0.0,0.8123,0.0,0.0,0.0,0.0,True,0.0
2PeuTPjcC5jEyrMt9o-w7w,0.00013191438503758085,2245,,,,,,,False,0.0
4JR06JiS8W8ieXoF1ZWkGg,0.00013190755066202334,2246,,,,,,,False,0.0
MUBk0fgk0ViHwEiNnRitWA,0.00013190629356267972,2247,4.1967,3.609,3.0,1.3863,0.2623,0.3509874815944839,True,0.0
KC49N2P4g9_EJ-NV7vE_8w,0.000131892877617917,2248,,,,,,,False,0.0
CjJaDHMfIHqaIKvBVABAJQ,0.000131889789760275,2249,,,,,,,False,0.0
uWLFplSCk3lI9rf84ZDwUw,0.00013187829045405467,2250,,,,,,,False,0.0
eO47HI7ZqidXMkHyaOsf-g,0.00013185401234356694,2251,,,,,,,False,0.0
0K4RwxdAcViifyU3Htzxww,0.00013184675255328626,2252,,,,,,,False,0.0
ocNvlc_zH3VdBbRpB6kwoA,0.00013184427670635446,2253,,,,,,,False,0.0
dL0GYNilzv_esQ6GD5Vcqw,0.0001318410707869593,2254,,,,,,,False,0.0
wNuyxdg5wGoMFG19k1j59Q,0.000131807135432184,2255,,,,,,,False,0.0
aUyOBYQW20UiAVGeCdEwGg,0.00013177883828065264,2256,,,,,,,False,0.0
0f7mlSVIAk25QuEKGmVbPA,0.0001317601764481514,2257,,,,,,,False,0.0
TW--ofc3fcj2LM1Y-UK5rQ,0.00013174973061421094,2258,,,,,,,False,0.0
FCAqHUb6Wn1ABMDQZG0Dnw,0.00013173478700010636,2259,,,,,,,False,0.0
iJdGuMkctlJyoTTMtn0QWQ,0.0001316631313661644,2260,,,,,,,False,0.0
OJpGFS7e38cncjp2jlWydA,0.00013156193908105338,2261,,,,,,,False,0.0
LWbj99tJolTxhzIbXWQOaA,0.00013153756469349497,2262,,,,,,,False,0.0
jVGKURBMYqOmLirjAQa0yA,0.00013152028658540405,2263,,,,,,,False,0.0
uzp1k2LiBBwEjmSd8dv0DA,0.00013150191648827819,2264,,,,,,,False,0.0
pARcoIwXlijaXVCfp5jdsQ,0.00013149926459569934,2265,,,,,,,False,0.0
2njTjQ35skXN171KoobeGg,0.0001314963417890644,2266,,,,,,,False,0.0
bRF8nyWgzrzhQ31NoflMBA,0.00013144436294332024,2267,,,,,,,False,0.0
eLqHSAK0bXcEy6Q8pBYR0w,0.00013137045155880569,2268,,,,,,,False,0.0
Q1-a1z67RdKHjTbIhHaW6A,0.00013134156961778045,2269,,,,,,,False,0.0
M1r6v01bF7GQFH30FTbyAg,0.00013132190383415061,2270,,,,,,,False,0.0
wVLJwTaeTlTFr4il0pVJ5g,0.00013129774400713972,2271,,,,,,,False,0.0
htkrEPPQg6iH2QoBDjrEJw,0.00013128393158733277,2272,,,,,,,False,0.0
Mu-ZNo2q_48Z0JAvzgkgfA,0.00013126660057437455,2273,,,,,,,False,0.0
RbM-F22RcF5i2kDQ3jU1BA,0.0001312372021070517,2274,,,,,,,False,0.0
KfDQ7xhzuMJw7Z6okAwvow,0.0001312222613326898,2275,,,,,,,False,0.0
ZVkrLNK2Z6zSeCn4U9A7rg,0.00013120572632995835,2276,,,,,,,False,0.0
x5GkG0oI_S107wLlgdBxVA,0.0001311988692949709,2277,,,,,,,False,0.0
S2cKcdtOIDFyUfXYNPJUIw,0.00013118078502346938,2278,,,,,,,False,0.0
EzJI5x25U5GgbYBWhu5ZQQ,0.00013117564940295047,2279,,,,,,,False,0.0
_SBxweaeZORapKBJa2qmOw,0.00013113614108378958,2280,,,,,,,False,0.0
rv1KUBVNQkJ5WUQb49dU0Q,0.0001311065479509909,2281,,,,,,,False,0.0
_8Wq8lh2uJoMTftYtNAC3w,0.00013110417726261425,2282,,,,,,,False,0.0
Pdq64df8bTI648RCtHmJ0Q,0.00013109749982514302,2283,,,,,,,False,0.0
TrcS6ja_Kb3jtRSaNB-36A,0.00013109430266821325,2284,,,,,,,False,0.0
VTOeRnkozjB4wLJhWhS3BA,0.0001310860441102442,2285,0.1714,1.9576,1.0,0.6931,0.1714,0.033692525586525524,True,0.0
B2KGQwnxjpdY4TIVqmG3XA,0.00013106478224524982,2286,,,,,,,False,0.0
xVLoxYL8Jrvj1JQlM_bfLw,0.0001310579771254301,2287,,,,,,,False,0.0
uQgZitYr2ni6ZjL6LPOzBA,0.00013104679754008164,2288,,,,,,,False,0.0
UUJ5av87wFfxKqJBIerN6A,0.0001310399564638655,2289,,,,,,,False,0.0
eLomxx0tnJJhJ9wPcfUVvA,0.0001310368583838913,2290,,,,,,,False,0.0
IBNx2iuJOryYzHpn5S96VQ,0.0001310157823253264,2291,,,,,,,False,0.0
whiNQ0Z2AUkyBKucejQNTA,0.0001309933999964222,2292,,,,,,,False,0.0
D88TqtyrAajR6n7eX-JsKg,0.00013097447825012574,2293,,,,,,,False,0.0
091-A52K-wifGIf3jJ-hgA,0.00013097033152163095,2294,,,,,,,False,0.0
-rTJCKclkU_ZnoQb4oKa9w,0.00013095608274986493,2295,,,,,,,False,0.0
ZyyExneJPXjci7yc2CGAPQ,0.0001309172545601927,2296,,,,,,,False,0.0
jPVVH8cb_1gEQkcIZGxg9g,0.00013091197021717626,2297,,,,,,,False,0.0
voFurH0uTiM10El9y8mYNg,0.0001308946756114083,2298,,,,,,,False,0.0
5dXiNZgWI6B1VIFG3wVTqA,0.00013088430552519252,2299,,,,,,,False,0.0
HTaTuu_35PfpJMKcd-q-hA,0.00013083870491107687,2300,,,,,,,False,0.0
WY0ji9m-qAOc_6lK8h4pNw,0.00013081898975731985,2301,,,,,,,False,0.0
l8uzbLGk9CLjElcWGyBZ0Q,0.00013081679360322948,2302,,,,,,,False,0.0
7DqribLH6y79TLf0VaxxPw,0.00013080191332681107,2303,,,,,,,False,0.0
Ki-RQ-Q7dL6MScuUCCz5qw,0.000130789479251227,2304,,,,,,,False,0.0
Cdf1-VQAUrp5hlT-rZzc5w,0.00013077312062017847,2305,,,,,,,False,0.0
vRVoNDTLQl0lF212AjXepA,0.00013076916112623348,2306,,,,,,,False,0.0
s0VpsfcyxwqvSGvvTPyPiA,0.00013076619174697763,2307,,,,,,,False,0.0
Vo6qANHRdcJPdGryYZ5YEw,0.00013071130628208882,2308,,,,,,,False,0.0
rOgdan7fJiLo0FQ2sUGwjQ,0.00013070910315461534,2309,,,,,,,False,0.0
ql3jAWijsUf1-JdPLG2-AA,0.00013069588951580347,2310,,,,,,,False,0.0
GUmO4BEWjerirhEzceXDWg,0.0001306939234779379,2311,,,,,,,False,0.0
CTLnaL6IYK11qbv-zsSk1w,0.0001306881671389409,2312,,,,,,,False,0.0
2KjXarF28RIn7_APW1b7qA,0.00013068748101787036,2313,,,,,,,False,0.0
t1KiSVmxADW1LaxA2Wtj9g,0.00013066706472903984,2314,,,,,,,False,0.0
w8C_pRQvdIXQ5VRWlW2M3w,0.00013058495964550238,2315,,,,,,,False,0.0
LX0J0POj4Ul2n474A-JbjQ,0.0001305508419563229,2316,,,,,,,False,0.0
_UMblgA_K4QYgoyszy46QQ,0.00013053393787572083,2317,,,,,,,False,0.0
3KkJxs-iNT3IE1IJzlwxng,0.0001304902600160597,2318,,,,,,,False,0.0
yiR60hi1GUqVJ4Wu7U9dqA,0.00013048904085551037,2319,,,,,,,False,0.0
JIf1gHuAp_abYX7i1b2Y-w,0.00013047631401695505,2320,,,,,,,False,0.0
F__yT5i7C2t-IfzyXYscKw,0.0001304620473423688,2321,,,,,,,False,0.0
90LsqLbaoQpz_xNbSQsCFA,0.0001304182978573471,2322,3.4242,4.7398,4.0,1.6094,0.3483,0.3167125290395159,True,0.0
RCakEv95bIHqYkhMXZwGmQ,0.0001304108437932916,2323,,,,,,,False,0.0
qNXAR7i6Tb3m0J0UBurj6g,0.0001303788148722552,2324,,,,,,,False,0.0
hzkeaiW4tG0H_nHG31JuVA,0.00013033663458866912,2325,,,,,,,False,0.0
3Jk9lNDPhmUS8PC5CrY4sg,0.00013032042155425872,2326,,,,,,,False,0.0
-85kJMtb9wqNWDT8yLbitw,0.00013031897106726155,2327,,,,,,,False,0.0
kXfVql_wkaS7agu6gpzEkw,0.00013029787349916718,2328,,,,,,,False,0.0
jKM6u7Or-0C-UNWD2F8O1w,0.0001302844265044976,2329,,,,,,,False,0.0
PjknD8uD_0tisZQbomiYoQ,0.00013024422306190443,2330,,,,,,,False,0.0
UaCnhb7NEUAPR2okEIVa1g,0.0001302301209078144,2331,,,,,,,False,0.0
KHmgjAWfrj3MZKGY1aArFA,0.00013022510137667545,2332,,,,,,,False,0.0
qtg5d6UmDVFeUw5ZKVBl4Q,0.00013021888841469284,2333,,,,,,,False,0.0
cOSAFwj3NiEYFQpgheCygg,0.00013021612668912303,2334,,,,,,,False,0.0
MBpZOSw02ZmA7C9LkfLYSw,0.00013021067443409976,2335,,,,,,,False,0.0
6w86pEr2M3_-u9qqv0kedA,0.0001301874709812634,2336,,,,,,,False,0.0
dRKztV_Vtl7AvZg052SgRQ,0.0001301657227988427,2337,,,,,,,False,0.0
zVvdqWz7_qjJf3X87Yqp2A,0.00013016048164956118,2338,0.3,0.0,1.0,0.6931,0.3,0.0558769672846689,True,0.0
WgWZDEDf2mbbrmSOIFPDRw,0.00013014243380723032,2339,,,,,,,False,0.0
9TJzfMc4gEKSUxfnGcj6dw,0.00013014211408866622,2340,,,,,,,False,0.0
q72up2Av5yNNVPk7vdKg9w,0.00013013861928192996,2341,,,,,,,False,0.0
GLoP6o5UjGa3g-IP1L32JA,0.00013011562920036698,2342,,,,,,,False,0.0
cWS680GN3JNEyPb0jIIVQg,0.00013009102327835186,2343,,,,,,,False,0.0
wMMGNjWlsxjCkB6P5_X9Qg,0.00013005666795182214,2344,0.2,0.5548,1.0,0.6931,0.2,0.03882989051478855,True,0.0
1klRUBB6LfKCotq75BVmbA,0.00013004860004816872,2345,,,,,,,False,0.0
XBFPFjjCYZhd2zmZLqRdEw,0.00013004437207077372,2346,,,,,,,False,0.0
ynIeFwYcNI82cM9LuuqJWA,0.00013003744267519544,2347,,,,,,,False,0.0
VUKhLVz4X4zVS5wwjAxQjg,0.00013003578328249106,2348,,,,,,,False,0.0
hSusrHAzG3QUE8zrYqYYzQ,0.00013003231721959313,2349,,,,,,,False,0.0
1-z7wd860Rii4kbEMCT8DA,0.00013000886461511825,2350,,,,,,,False,0.0
ZwkdQGbg27T1jtFSP6-ggw,0.00013000611620622447,2351,,,,,,,False,0.0
cBp1fn2LXpSHe4VbTXLYEw,0.00012998922050021878,2352,,,,,,,False,0.0
_ml0rQHmsAqZwXtKSVMyMg,0.00012998295542375138,2353,,,,,,,False,0.0
PLgwTcTuOPHvJhy7nGjx0A,0.00012996066787438558,2354,,,,,,,False,0.0
h5tEpWXExIFwv70QN4wlAA,0.00012995204215590262,2355,,,,,,,False,0.0
VtcBA2YXmCPdD4AxZbv7iw,0.0001299377685308385,2356,,,,,,,False,0.0
qwOHMS_GcwDMY8z55_naUQ,0.00012991289467108365,2357,,,,,,,False,0.0
Yll7kUVI7j0gArBMQKpEaQ,0.0001298889475340179,2358,,,,,,,False,0.0
abvsCLYEOvhsWSlgiTvbCQ,0.00012986428064609874,2359,,,,,,,False,0.0
2pov9KtQBTChfCoJ0IvU5A,0.00012982600509197964,2360,,,,,,,False,0.0
jQ0uNiLU9mzeuQMS-YdS_Q,0.0001297928758950127,2361,,,,,,,False,0.0
WYDUHaSrkAvj1fjoFOgivw,0.00012977058193449224,2362,0.65,0.5743,2.0,1.0986,0.2167,0.1066524987175758,True,0.0
fVtEm37waf_2STWOupyJ_Q,0.0001297677992677971,2363,,,,,,,False,0.0
C-zgOpqD2K0xDJU4ty7zKg,0.00012972157461575224,2364,,,,,,,False,0.0
tQ8uGMhqDWcPfXMqukZJRg,0.00012971919177585543,2365,,,,,,,False,0.0
DLmkfCW_Pzi1Pyo6G8FnDg,0.00012966137233531863,2366,,,,,,,False,0.0
pcbXrSi22TkYvUTqkPK_IA,0.00012961424736283191,2367,,,,,,,False,0.0
Wk5q7fdSUb2_iiqQ8Eus3w,0.00012958892909054756,2368,,,,,,,False,0.0
XJ1KN2kQGBIo8h1nWvZNzw,0.00012957614353564337,2369,,,,,,,False,0.0
fmFiSeSGjaA8KI-xHB5Xxg,0.00012956866251278128,2370,,,,,,,False,0.0
iOFbMitGdfU6i5xm4nZ8Ww,0.00012956855858298793,2371,,,,,,,False,0.0
0Qs-G8Xs-mz-jmQH5lez5A,0.00012953205406005533,2372,,,,,,,False,0.0
8wkPLsDbGU3GcW8CoD-4aA,0.00012952102060880262,2373,,,,,,,False,0.0
mf7M1IxaoCRoM4-jJsyblQ,0.0001294893841583205,2374,,,,,,,False,0.0
QcQjRgBOf_LYum2HALgM5w,0.0001294887930101233,2375,,,,,,,False,0.0
GTXSk8QyD7N1Un-tzgPw4g,0.00012945318905029118,2376,,,,,,,False,0.0
VeFfrEZ4iWaecrQg6Eq4cg,0.00012942359533187417,2377,,,,,,,False,0.0
dS9HVkAU9IwOIjl4UdJvhA,0.00012942266261522313,2378,,,,,,,False,0.0
LiHdRXlcj0GDm_e97oiwKw,0.00012940359565439847,2379,,,,,,,False,0.0
dc98lqGzBSpZZExT_LSiCA,0.00012939487377506813,2380,,,,,,,False,0.0
N4o-T6EeZja_fIatrFwx1A,0.00012927407749386364,2381,,,,,,,False,0.0
jsDCfwLMjksdVq5SkNMLcg,0.00012921111903164148,2382,,,,,,,False,0.0
xCXGV3wEvYd4xBGx8ZRFQA,0.00012916410409757095,2383,,,,,,,False,0.0
npfsQt_rU9HdxcEJF06fDA,0.00012916008872552537,2384,,,,,,,False,0.0
rHofsMAKj62iBE8x4iVCwg,0.00012915364258644249,2385,,,,,,,False,0.0
jSr8KHVtQWgC_S_xNyrG5w,0.00012915002340825265,2386,,,,,,,False,0.0
DRa9zJ55Gnc7UHQV4sDh8g,0.00012913725734200354,2387,,,,,,,False,0.0
cvCNRnspcGjrOVMaNtdghA,0.00012912694202076773,2388,,,,,,,False,0.0
2E5fh57OvOQMWwxxEOkN8A,0.00012912360012941668,2389,,,,,,,False,0.0
FozqhmYlHTylkb-Vl-GrpA,0.00012908454405691162,2390,5.0145,17.3305,1.0,0.6931,0.2786,0.3821136180481889,True,0.0
Z0mBsgDzDnFAEC5o4X6G9g,0.00012905834617507584,2391,0.825,4.2267,2.0,1.0986,0.275,0.1281213557145884,True,0.0
XAAKCdk7KU5qLA42r6F4pw,0.00012903711589528334,2392,,,,,,,False,0.0
1jx1sfgjgVg0nM6n3p0xWA,0.00012903622493674492,2393,,,,,,,False,0.0
Ht66H1iGx0llc7ne81tjBw,0.00012902591768719642,2394,,,,,,,False,0.0
4nkbXXzgUn-tViXzuoKR1Q,0.00012900753065400798,2395,,,,,,,False,0.0
4Ygd9CYAJSXXOhREELhzNQ,0.00012896064311057696,2396,,,,,,,False,0.0
mNEWPsCO8ARHEERFw8JREw,0.0001289160208625968,2397,,,,,,,False,0.0
MzedNubJEzEDO_St-AN0Wg,0.00012889462286595557,2398,,,,,,,False,0.0
08ZKDwgc7_djSZkawBu-nA,0.00012888150026781224,2399,,,,,,,False,0.0
vGa5Xwkp1zw4kmANvL54Zw,0.00012888104116773138,2400,,,,,,,False,0.0
uJITgt5t7j-KpDChsXPV5w,0.00012885519141857707,2401,,,,,,,False,0.0
D8NEBGvh1DVHbyEs2cWVAQ,0.00012881537629802706,2402,0.4828,3.1199,1.0,0.6931,0.2414,0.08389761565238528,True,0.0
wm23rnUccF_3en3NSN7afw,0.00012880770031930864,2403,0.2375,0.1354,1.0,0.6931,0.2375,0.04538347725461014,True,0.0
FxeakFEI6gObK0CxcOft-A,0.00012879901876282032,2404,,,,,,,False,0.0
LDjjjDiWfFocyV7YQNFK3A,0.00012879884387623585,2405,1.18,3.4694,1.0,0.6931,0.1967,0.16597653164969683,True,0.0
Xc8E9n8ZJg_xZeDTHBoJPw,0.0001287111240436961,2406,,,,,,,False,0.0
Ibo4E5a_nf51egmeFR5Izg,0.0001286714361511471,2407,14.0482,50.0981,10.0,2.3979,0.2486,0.5774296139706169,True,0.0
yM8LlTInbQH4FwWC97lz6w,0.000128644008015245,2408,0.0,1.1701,0.0,0.0,0.0,0.0,True,0.0
OtIjTZZmMZwOyITdGx6UMA,0.00012862627987621146,2409,,,,,,,False,0.0
tYCok-NtWvg8_k7woeB83w,0.00012860501035803426,2410,,,,,,,False,0.0
Y331KeixvXEdcOFaXkI4dQ,0.0001285969606903104,2411,,,,,,,False,0.0
Jubq4o59PS1Q3vyxBgrtQw,0.00012859395847460034,2412,,,,,,,False,0.0
wjUlOsBLLnxpprgI-sSiDA,0.00012855381116600503,2413,,,,,,,False,0.0
wOFbUo9D-JSdMeuUgLyL5g,0.0001285478273312462,2414,,,,,,,False,0.0
PRsj49qMOyW9fbztKrRglg,0.00012851717452510585,2415,,,,,,,False,0.0
x1zvE33a3y4lSKnbCsaAUA,0.00012848990720980494,2416,1.3952,4.5815,2.0,1.0986,0.2203,0.18602637160667418,True,0.0
KYPhGJIibu_7ePIX4HNs6A,0.00012847617993281505,2417,,,,,,,False,0.0
JpH5dhrs9nB-DEoX2dbZwQ,0.00012847051198702214,2418,1.32,0.8428,1.0,0.6931,0.22,0.17923257268834095,True,0.0
GoX9xsurR2_UNsJTzZVkjQ,0.00012846623838862792,2419,,,,,,,False,0.0
B2wSy1zQCdZgDXOkhAKGDQ,0.00012845246658722863,2420,,,,,,,False,0.0
GUuLWkqfieTDwORs8z8mDg,0.00012841945619437641,2421,,,,,,,False,0.0
ovui6FywmF-MCY8QnwoBLw,0.00012841674520452662,2422,,,,,,,False,0.0
h6Ng0F_Y4BHj7EfZlm3Jcg,0.00012838995615808524,2423,,,,,,,False,0.0
bvCP5AUnA63vPzuLXD_tbQ,0.00012838726330113175,2424,,,,,,,False,0.0
vE8J5mGtFYPF1ya0SLOshg,0.00012838229096769305,2425,,,,,,,False,0.0
KJd4UY9fWiofipNaZOS_7A,0.000128358133397271,2426,,,,,,,False,0.0
2tAi411srrpmMofeAKdACw,0.00012830923640293163,2427,,,,,,,False,0.0
qsm7SkX60JsajT7Yz248FA,0.0001282954520224956,2428,,,,,,,False,0.0
sEMXzxvqmv_HiGJ1KMl6zA,0.00012827959385432525,2429,,,,,,,False,0.0
DdXHwMvFa_vlWwOfgxUNVA,0.00012827782307217798,2430,,,,,,,False,0.0
0rM3Izz5hVz-_kf339YMeQ,0.0001282550884171528,2431,,,,,,,False,0.0
n8yGo_YJneGjOWQHNHLj8Q,0.00012822451451662925,2432,,,,,,,False,0.0
g8Be92bxww7i4i5pwioIWA,0.00012822094319545036,2433,,,,,,,False,0.0
C9k02Ejz4RXwRRaKNKAYCA,0.0001282150204865021,2434,,,,,,,False,0.0
jJrXxt3eQvKVoCNaCaaXcw,0.0001281750463661927,2435,,,,,,,False,0.0
1qHkyWDixBqIE_SH4fuCXQ,0.00012816415948212835,2436,,,,,,,False,0.0
Hs-jwE791t3cX9ErgTcEFg,0.00012815789960038296,2437,,,,,,,False,0.0
jBF32PwCB1z_gm58m9ddMg,0.00012807950168477325,2438,,,,,,,False,0.0
kxyP4aeuQW5oLTm5tjweTg,0.00012804847410206218,2439,,,,,,,False,0.0
mvL5FhxCmZ1Im8lFgMu4fQ,0.00012804360575438558,2440,,,,,,,False,0.0
xSMPGUKxl7p3ls2KBMaNHg,0.00012802619080211586,2441,,,,,,,False,0.0
DTb7jw-yK8w-kTgBhTQRvA,0.0001279593892660889,2442,,,,,,,False,0.0
7Cpp1cVc1mtC3PVicq9dLQ,0.00012795760507016636,2443,,,,,,,False,0.0
3epzkP3YzaufCMIwPsJaJg,0.00012793914812039175,2444,,,,,,,False,0.0
kjDXbqCihUxgDvQn1n57hA,0.00012792959998647276,2445,,,,,,,False,0.0
_FNtyJvpNMnGmnO6QkCuOg,0.00012792827628344125,2446,,,,,,,False,0.0
0bqfOY_rF8HCVrDMgnWLYA,0.00012792787834387,2447,,,,,,,False,0.0
CPFKi2lZJazP6IdtCdDDyg,0.0001279110302575221,2448,,,,,,,False,0.0
gYrHa4CckDjgOQc5B-yTKA,0.00012790758685044158,2449,,,,,,,False,0.0
WhcPjw9vy8Ug0KjWEVRWcQ,0.00012790640789686275,2450,,,,,,,False,0.0
UCH_WRunWvJ2ROcJfasruw,0.0001278702814479838,2451,,,,,,,False,0.0
A2WOHcAk-BkMyf9Qgv8A8A,0.00012786219565545233,2452,,,,,,,False,0.0
dXtKhR0cORwZMW4GuFxwdg,0.00012784635837307466,2453,,,,,,,False,0.0
-w31kc6pp2m0fzkTollj5g,0.0001278455116997848,2454,,,,,,,False,0.0
sZyBB8wv0O1We1x40-Edug,0.00012781040123995103,2455,,,,,,,False,0.0
_evTKuGvzfQJzDlnf6FMdQ,0.0001277886931604513,2456,,,,,,,False,0.0
QFbKCvNM-RDAXgneleHG2A,0.0001277478837721493,2457,,,,,,,False,0.0
Lt_RJu8LN4P-YR07v45YKg,0.00012773820290324462,2458,,,,,,,False,0.0
5jrEg0SYV5gnCHXnGzvC4g,0.00012770838643750472,2459,,,,,,,False,0.0
oqJw3lpaoUMz5LtEpZ4Y0A,0.0001276971942167528,2460,,,,,,,False,0.0
NwscaDjCWWtPNG0xfTjm3Q,0.00012762587348510648,2461,,,,,,,False,0.0
ZKWfCEqvVt7mECgWf53sBA,0.0001276027393204662,2462,,,,,,,False,0.0
VaHG9BwrSZ-oNv0mGsTgiQ,0.0001275603583703908,2463,,,,,,,False,0.0
vf81tOiPd08VGI28EkB6OA,0.00012755997129226403,2464,,,,,,,False,0.0
WXRZlGsdUjraCAcgtCyk4Q,0.00012752322928303943,2465,,,,,,,False,0.0
4yKBQiY6KCJmZVMSES77Kg,0.00012751745518896064,2466,,,,,,,False,0.0
Rbu1ie-5KHHbuSCqyRFrDQ,0.00012750286945534045,2467,,,,,,,False,0.0
h85b3MFPWyaopMBy8DpBpA,0.00012748130368168414,2468,,,,,,,False,0.0
H0WR6GRX9S1o-S4szplQ0Q,0.0001274692080032253,2469,,,,,,,False,0.0
aZhwXa17CKUuh7lF8wwFvQ,0.00012746328432538287,2470,,,,,,,False,0.0
LFOiOxKTB0oDELEJ0yjBhw,0.00012746022095964867,2471,,,,,,,False,0.0
3yGN1hq_X-_xfzpgzE7j4A,0.00012743133196085662,2472,,,,,,,False,0.0
JSpgAY6fzCFU4F6_A-1rOg,0.0001274026281959804,2473,,,,,,,False,0.0
Sw8uw0pmocFqzBhq0AP5Bw,0.0001273942455699428,2474,,,,,,,False,0.0
yjXSQDwuI49poc3MA7AGdw,0.00012737678762680268,2475,12.5215,14.3211,4.0,1.6094,0.2018,0.5546461335296932,True,0.0
IjJSHYMgXV3ZQSAr0tn19A,0.0001273689354176092,2476,,,,,,,False,0.0
9oJinxECxlSutUM0kBOixw,0.00012736679967632615,2477,,,,,,,False,0.0
d-FXBUOsu1KXFypLt5bGqg,0.00012736456804727608,2478,,,,,,,False,0.0
B4zE07aML4DoLFd8gMVMPQ,0.00012735064040431463,2479,,,,,,,False,0.0
dnxBrWsHasYXofdKVcM1GA,0.00012731700216227868,2480,,,,,,,False,0.0
hEP9apWbN14o3o0P-mg-3w,0.0001272656025338113,2481,,,,,,,False,0.0
71q2UD1A7KL2q4AA8mPobQ,0.00012723369098473214,2482,,,,,,,False,0.0
Wewu2lolL111m_1TVTgR-Q,0.00012722435403915926,2483,,,,,,,False,0.0
S6tR7vBAg-3b9mGLB13-Ug,0.00012719713548660125,2484,,,,,,,False,0.0
OajzsBY9v5uqZ4Qpj5FuHQ,0.00012717086104788546,2485,,,,,,,False,0.0
9f48RWEylLgrkCt0-49iHw,0.00012713897720357907,2486,,,,,,,False,0.0
fvfoKdU_ohKE2InskbOtjA,0.00012709836423580826,2487,,,,,,,False,0.0
Bsnmz3yZQ7sF4zX_CAfOcQ,0.00012707095147670923,2488,,,,,,,False,0.0
GjpMXrlTWpADpyUR1WByNA,0.00012705400796626424,2489,,,,,,,False,0.0
RrrqJ2XY0CXNBot7zsdXPQ,0.00012704568161484836,2490,,,,,,,False,0.0
AooN1OtJJLh1G6A-8u1v8w,0.00012701715019332763,2491,,,,,,,False,0.0
1v5n-Sb3HW_2Uhaq1X1PdQ,0.00012695162811229938,2492,,,,,,,False,0.0
UGUVD1fzinNkrEmfJxzW1w,0.00012691607605701879,2493,,,,,,,False,0.0
jSP0rpPCYJ-FvW6yydY8Mg,0.00012686477328486076,2494,,,,,,,False,0.0
xkloXCI9qCOxOIPlgM7tiQ,0.00012681173661192592,2495,,,,,,,False,0.0
-rCB_kCW-u84S-CQir-lng,0.00012679052732457254,2496,,,,,,,False,0.0
h_RQXD7IKwDkVU_n67UG4w,0.00012678262207946732,2497,0.9134,1.4816,1.0,0.6931,0.2283,0.13819544055236485,True,0.0
ZzI68qUPwySLG3pFeQxg6A,0.000126776535904636,2498,,,,,,,False,0.0
x8xBo3sEACCBBFWXMptnog,0.0001267239262315908,2499,,,,,,,False,0.0
cEk1NBNAE9CyArMkTkhF8A,0.00012668312395265038,2500,,,,,,,False,0.0
kXf1ub58e2IRQ3U7eEQjng,0.00012667180721269707,2501,,,,,,,False,0.0
RJ_FlAlEUf8ALPxsEGn1Ig,0.00012666429720349092,2502,,,,,,,False,0.0
dnQMntrmickWGYLB30KBEQ,0.00012664574922001493,2503,,,,,,,False,0.0
CJoO4HYD0tZRXlZqA04wmw,0.00012658220045867784,2504,1.8514,7.5031,1.0,0.6931,0.2645,0.22315710904523342,True,0.0
k-q7lm2ovMSTZa4j16OzGg,0.00012658128877298929,2505,,,,,,,False,0.0
NOeEa5aJpUF38qxi2Bj5Gg,0.00012658103600659214,2506,,,,,,,False,0.0
GU3yKiycK8P4Q_TMGJbj_A,0.00012656708655565065,2507,,,,,,,False,0.0
f1ExfzC0Tj6uJgWvve1Pow,0.00012656178429517698,2508,,,,,,,False,0.0
oUL_aYOsontAz-zJ7pUQ0g,0.00012655735734637175,2509,,,,,,,False,0.0
RVIDySg190UzD4bipBqSOQ,0.00012654940240667043,2510,,,,,,,False,0.0
NOp5Q_8Lp8yqNKtcvxM1nQ,0.00012653291742542393,2511,,,,,,,False,0.0
qlRE9dbbQdDbdeL59Mkn8w,0.00012651569617426353,2512,1.7885,4.6561,4.0,1.6094,0.1987,0.2184064332869136,True,0.0
CUFPngz_OWQsh404FKjr0g,0.00012651440881475062,2513,,,,,,,False,0.0
MU7zynS0IW_m-d54qvkfPQ,0.0001265128230299146,2514,,,,,,,False,0.0
NFzfuIFghE-HnrodHpaT6A,0.00012648511546045122,2515,,,,,,,False,0.0
XFOLv6Vxik920W7OP-OStw,0.00012645962142086124,2516,,,,,,,False,0.0
kvbuD3U93O2w8YYPzsCxlA,0.00012645649826551684,2517,,,,,,,False,0.0
C4mWzmxdWDtYR0tFRVGOPA,0.0001264247702704121,2518,,,,,,,False,0.0
WkNJ3FnK5WVW3thVUe-WSw,0.00012639546783770243,2519,,,,,,,False,0.0
cljHYek6vHtqUgUsnJBqmA,0.00012636223433820613,2520,,,,,,,False,0.0
KJuskPXc4XFTto92HPz1aw,0.00012634491985837005,2521,,,,,,,False,0.0
c-CAcdH2-12g1sQUQfy5xw,0.00012630993289135806,2522,,,,,,,False,0.0
w8tS6xq3k3lmySn-L3FrEw,0.000126303744776277,2523,,,,,,,False,0.0
kEVptUKa_OUPn_50sTmoTQ,0.00012629608296720342,2524,,,,,,,False,0.0
eLcW0vn5Nu8yTS_ebV6a7g,0.00012626021011435907,2525,,,,,,,False,0.0
LigHJp25YWNmv22RjhaI-g,0.00012620731654908697,2526,,,,,,,False,0.0
b36EeutJRvowZMr9TpQm0w,0.00012617289827762698,2527,,,,,,,False,0.0
47ZG5ZbGjKypH194HA_HTw,0.00012614374839802877,2528,,,,,,,False,0.0
xlqqHO-iL5VEqPGZUOyIyA,0.00012614111125167887,2529,,,,,,,False,0.0
u7KZF5EegKTUt9xtr0yMYQ,0.00012612339076899964,2530,,,,,,,False,0.0
9XzPqLGIkuN1rmqWH7aP9A,0.0001261010348620784,2531,,,,,,,False,0.0
KyxAss4DMrT_GMzcOLE2yg,0.00012607387405265904,2532,,,,,,,False,0.0
IDU-TR01EtRLCMvI_CcOyQ,0.00012605848718134541,2533,,,,,,,False,0.0
fZ2RkIwoDCcODCOyoBTplg,0.00012604691088400916,2534,,,,,,,False,0.0
fKP9ALt3WZ6WipB98eGIJg,0.00012602376469841647,2535,0.0,0.662,0.0,0.0,0.0,0.0,True,0.0
Ll9dhi3PsGgMf6-HEZjfLQ,0.00012600966254597244,2536,,,,,,,False,0.0
P0fHDZn2pReUu7BdMxNuyw,0.00012598368364985483,2537,,,,,,,False,0.0
EreYgrQPuR7Sk_FKeZZg9g,0.00012597757532815493,2538,,,,,,,False,0.0
3RPeXlx93lC_W3AH89-SjQ,0.00012594577965346906,2539,,,,,,,False,0.0
dJKg1uEIE7cst91x8F_PSw,0.00012594008075904542,2540,,,,,,,False,0.0
L0A7KsCubmUscVet0pv8sg,0.00012593216886122997,2541,,,,,,,False,0.0
ovXCLLeR56KBxAMyEdM15w,0.00012585677663037542,2542,,,,,,,False,0.0
PBs6XgKSvSbio3wj8C-dAQ,0.00012584086374092414,2543,,,,,,,False,0.0
3koeM2Blt-4rEmVIJAZf8Q,0.00012583851683302733,2544,,,,,,,False,0.0
JrG4NINLspXPNhSXg7Q07Q,0.0001258234599840678,2545,,,,,,,False,0.0
wA5kqFd2XtxcuUAmwuqWdg,0.00012581694119655692,2546,,,,,,,False,0.0
CERGOKhFIaDU1mk4lpWDWg,0.00012580249937821784,2547,,,,,,,False,0.0
SFnD_MIA4w7emObpbf6H3A,0.00012579740073578158,2548,,,,,,,False,0.0
UIlOq8dHsaqOqTZJVvI8tQ,0.00012579739198294548,2549,,,,,,,False,0.0
1w40T5J6br425rMvpS1zgQ,0.00012578384280596938,2550,,,,,,,False,0.0
Ik878rI6t1MCHf5wMKRwDw,0.000125752902477169,2551,,,,,,,False,0.0
Mgaxy0pJAlhAjdNivhu82A,0.00012574562624100477,2552,,,,,,,False,0.0
ffi48yk8tmg6NY9iIKZBBQ,0.0001257238229367524,2553,,,,,,,False,0.0
j76unyU-BZnZQjOMRb2ldw,0.00012570843959949188,2554,10.3035,7.1821,4.0,1.6094,0.2201,0.51648774347108,True,0.0
4TleqRlbwgXcIgz33HjLJQ,0.00012568221083315395,2555,0.8248,0.069,2.0,1.0986,0.2749,0.12809801473545224,True,0.0
yuW60QyweNNcyHa_3fkrYA,0.00012567712103898554,2556,,,,,,,False,0.0
HUVLNeBs32cInBZVFS90RA,0.00012565454555370887,2557,1.8766,1.4802,2.0,1.0986,0.3128,0.22503106109728338,True,0.0
X2JkEvWPO7_dEPHne7qJKg,0.0001256498533849953,2558,,,,,,,False,0.0
RDSHenlM3jZ58LkVw4qxng,0.00012562274359792462,2559,,,,,,,False,0.0
A-8K66Kx7fMXkayG_3zdJQ,0.00012561421849422905,2560,,,,,,,False,0.0
cAZzKens_VhKXw002XfJgw,0.00012558677558133674,2561,,,,,,,False,0.0
26EPJeHypRPvF4UgJWi2Zw,0.00012558651866547994,2562,,,,,,,False,0.0
I7SkoqN88fpKagzKA059Fw,0.00012558229953744715,2563,,,,,,,False,0.0
t6nstSOOXkjSiGDE1i7WTQ,0.00012556308609801801,2564,,,,,,,False,0.0
HIVBMiyukLyx_SbN54LGvA,0.00012555862835868407,2565,,,,,,,False,0.0
aOJDVHCn9iBIC33l_2HTRg,0.00012545435268898972,2566,,,,,,,False,0.0
kSglWloGVOI5evbnx8ub5w,0.00012537668503161532,2567,,,,,,,False,0.0
me-gE1a7-DRGK9oeuCmbrw,0.00012535828553888234,2568,,,,,,,False,0.0
XzgFo5jFPBgeZedVWpwL1g,0.0001253461494254481,2569,,,,,,,False,0.0
prZjGYZFtZ05e80cSEYyjg,0.00012533982865186533,2570,,,,,,,False,0.0
Z0UWSWLszjuDn3bpdGVMbw,0.0001253193614830909,2571,,,,,,,False,0.0
KJFBsKNGldwoWZJtt8XgkQ,0.00012524945019042695,2572,,,,,,,False,0.0
O0kQGkmlllaN7oU6sQyzPA,0.00012516004982827492,2573,,,,,,,False,0.0
HuqKQA8VZuOzkfbnY1pjvA,0.0001251579970717908,2574,,,,,,,False,0.0
sophKEDc2rBDe-cuOaJDkA,0.00012514691582745375,2575,,,,,,,False,0.0
VHAfSIxcdmpQOTD0_ofbfw,0.00012513791309167783,2576,3.5872,2.9847,2.0,1.0986,0.2143,0.32441802947258563,True,0.0
SzCgcj-r-iEzWtRIuhmr0Q,0.00012513396388632477,2577,,,,,,,False,0.0
cN-E9LtQPXrE00iaQQ7UCQ,0.0001251057528613597,2578,,,,,,,False,0.0
Vtdv2E8LBEB7K6tyn5ufrg,0.0001250878707463749,2579,,,,,,,False,0.0
9dTnpsb_tO25h44IAoeRjQ,0.00012505954066847048,2580,,,,,,,False,0.0
BiJx6ZmX-JIjYd3FWSCJlQ,0.00012505219354282481,2581,,,,,,,False,0.0
xKobpA4w0P_J2jFMP7wcnw,0.0001250453619327179,2582,,,,,,,False,0.0
kzRHpO0DvaBY4RQSv7srcg,0.0001250259326821483,2583,7.9464,7.3329,5.0,1.7918,0.2336,0.46668121056168965,True,0.0
Y9wxA_5Mwnax3dTLTXxEZg,0.00012501586084248898,2584,,,,,,,False,0.0
SV04xdj87VOEa4GJ2dZm_g,0.00012500482611775573,2585,,,,,,,False,0.0
Rwirqn9cmt5xhTUZ5V-idw,0.00012497264437733808,2586,,,,,,,False,0.0
VgPDZyDLIWe4NVetnvjqig,0.00012492513429736705,2587,0.95,4.1394,2.0,1.0986,0.3167,0.14223080295973245,True,0.0
CCoArdXOGJjTgDVePAUrOA,0.00012491539510648772,2588,,,,,,,False,0.0
Ee-V8jWifZDvRyFrSW5LIw,0.00012486172632077645,2589,,,,,,,False,0.0
vCHNWdW-ys-nWUx3Cpvk8Q,0.00012485207778332663,2590,,,,,,,False,0.0
vbNmk49PJji5pC3JhniMOw,0.00012483728178383163,2591,,,,,,,False,0.0
Ddg-J_j0YFErk7wpMtH_0A,0.00012481296929765874,2592,,,,,,,False,0.0
OsQZo9gzazFARLfjyvJMvw,0.00012481147781420897,2593,,,,,,,False,0.0
G_zuuYzVYI6_Yw34cdq_NA,0.00012480896554319093,2594,,,,,,,False,0.0
AgRp84lRUlo_DoT_kOawCA,0.0001247908603849257,2595,,,,,,,False,0.0
SHbYc3bul_1IaifoHlT3iw,0.00012474264056888464,2596,,,,,,,False,0.0
on8IOJvb1mkHx_eXiMnV1w,0.00012473210284789005,2597,,,,,,,False,0.0
UlwE96tted02erwPHY16iw,0.00012472533770490718,2598,,,,,,,False,0.0
w4_14pVOLW2Tdm9LTczORg,0.00012472141239434198,2599,,,,,,,False,0.0
LsvXJPcFLYMNX0FvjJgUzQ,0.00012464340275357582,2600,,,,,,,False,0.0
uX31y8tMkt918miAJaSIgQ,0.00012462684476545181,2601,,,,,,,False,0.0
ujWCzhA9YS2fXzXPW9Lc9Q,0.00012461588211710805,2602,,,,,,,False,0.0
iuTj4Se42VUto09Stkiq4A,0.0001245340789517868,2603,,,,,,,False,0.0
wbDjLbShJ-ZJfm6jJZp-Aw,0.0001245289343247199,2604,,,,,,,False,0.0
-ZuxCKkOtFgBbgwtzwS0Zg,0.0001245170650768766,2605,,,,,,,False,0.0
-bGw8ARHQucKWEHEkxpGFw,0.00012449176875399203,2606,,,,,,,False,0.0
zuhraj8YI2SZazlUS4GFew,0.00012447754550595392,2607,,,,,,,False,0.0
NAfITNb2HzObDVktNs3DmA,0.00012445722857715137,2608,,,,,,,False,0.0
XjXqBCD1Qyo7RHGGh2eX5g,0.0001244569518903937,2609,,,,,,,False,0.0
rx_88M6zPns-IqMTMkpKWw,0.00012443578273995,2610,,,,,,,False,0.0
61RiTA-T02sU84FhoCLz_g,0.00012443464329619684,2611,1.4281,2.3196,1.0,0.6931,0.2856,0.18893184230305415,True,0.0
Rl7W2JPAUWFo2ZZdVeGAWA,0.00012442573230436475,2612,,,,,,,False,0.0
OqG88rqpX3PvIQK7XVgDug,0.00012441210707887505,2613,,,,,,,False,0.0
tJRqP1scsqrDatoAoD_DTQ,0.00012441028252895199,2614,,,,,,,False,0.0
wPecvQ0Hj7s58xxtiaKcbQ,0.0001243944773127392,2615,,,,,,,False,0.0
aA-6urKmmlZw9STPOHZNCg,0.00012439064434879477,2616,,,,,,,False,0.0
BZk7GCi2OmKTuvdQk-Wmbg,0.00012438585557356688,2617,,,,,,,False,0.0
jFV2aVEiI7TXjlLqeG92Ng,0.0001243855566104128,2618,,,,,,,False,0.0
MlLct82m1l2RxwC_i_D4jw,0.00012438134870854645,2619,,,,,,,False,0.0
sA-jrCH-R5741DQ3LWi9Mw,0.0001243581936910186,2620,,,,,,,False,0.0
WZMcvu6aG5juT_HFUOiaLQ,0.00012435389734570003,2621,,,,,,,False,0.0
xbaxgLzJEM7AtrNJCPhkmg,0.0001243441723502894,2622,,,,,,,False,0.0
bdRy9zeUgvcMkNhmr4QBqw,0.00012433438515243987,2623,,,,,,,False,0.0
QZcLPdsNijgiqz-cds3efw,0.00012431646948926725,2624,,,,,,,False,0.0
J-ciDDEdIHMcChGIyKZnOg,0.00012428854108497892,2625,,,,,,,False,0.0
Nxa362GcR1WWK2og8uJ_sQ,0.00012427464793321688,2626,,,,,,,False,0.0
s5bTkc3YfTz2gyiNzlpfIw,0.00012425429258991044,2627,,,,,,,False,0.0
ORlO0BQgrSIjABOJlGsXMQ,0.0001241829980736619,2628,,,,,,,False,0.0
OvLTP11dUnsE3UrfJwUe6g,0.00012415822130311808,2629,,,,,,,False,0.0
FSWJmMXXKAXdL6mrc-DzBQ,0.00012411918724992288,2630,,,,,,,False,0.0
hftnzIIZaq7Uip5bKRrY9Q,0.00012403609769674151,2631,,,,,,,False,0.0
1dizGIlRvFex3ivVyhMvIQ,0.0001240352109929391,2632,,,,,,,False,0.0
K4iZJUamQfWj9SyiT0udJw,0.0001239828339150976,2633,,,,,,,False,0.0
QfntRgLd_fR0krYYZWbeLg,0.00012394821102686707,2634,,,,,,,False,0.0
G3EW13G66ISs6L1xhDXdNA,0.00012393266131299494,2635,,,,,,,False,0.0
YcY48yvPw6-FE-5DJCY14g,0.00012391644674430532,2636,,,,,,,False,0.0
zjTBfbvbN2Ps6_Ar0w-fuQ,0.00012388364766398888,2637,,,,,,,False,0.0
wopwoiKIllIzcggK7HkTmw,0.00012386739070177123,2638,,,,,,,False,0.0
Ks3uMmqFr8b7RLsidq1g_w,0.0001238388410449517,2639,,,,,,,False,0.0
f9EcjCMakeDJMRR7nKH6zw,0.00012383634247979406,2640,,,,,,,False,0.0
089KGIJDnVJEAe3GiXzlrQ,0.00012382471139772724,2641,,,,,,,False,0.0
qSfTZcLbm50K1i_vgqBhqg,0.00012378163752759324,2642,,,,,,,False,0.0
VHw4q0f8WmajCUD2wGXBDA,0.00012377857181906343,2643,,,,,,,False,0.0
FryXEasH74MQDnj5Bvz3QA,0.00012376137650570724,2644,34.7964,71.935,6.0,1.9459,0.2298,0.7619911903644931,True,0.0
0PTuPOOXkmoP0s5STUBY1w,0.00012375319340742532,2645,,,,,,,False,0.0
J7TNypXgpjMFS7Rp3HXYuA,0.00012374924273425488,2646,,,,,,,False,0.0
FWqhypnh0NsTwpWW69nS7w,0.0001237108683103548,2647,,,,,,,False,0.0
EmN85_ePa8uogLdjN0g6Gw,0.0001237047330741058,2648,,,,,,,False,0.0
hOupS2QRNIuMLfcpOqC0oA,0.00012370145881006133,2649,,,,,,,False,0.0
7zt3kcVAcSoMP_XffifV8w,0.0001236825889217422,2650,,,,,,,False,0.0
xLuEfxyJ8BnDtI9pG-mGAw,0.00012367895231203932,2651,,,,,,,False,0.0
34O0RW7K12gB_og8Xv3M3g,0.0001236653968869056,2652,2.481,5.9989,1.0,0.6931,0.2067,0.2656475992168393,True,0.0
NDHgJsy-4Lb6WhERPXPs0A,0.00012366311858783772,2653,,,,,,,False,0.0
1i42ZlDF5aKDpxHNjDf9oQ,0.00012364283396790003,2654,,,,,,,False,0.0
LKLm4SgIHz48rQYlBRuaHw,0.00012364174369544642,2655,,,,,,,False,0.0
m8EZJFtJlVzTLOJvXVGxlw,0.00012363496119200136,2656,,,,,,,False,0.0
KEIZyGFin1q2zcR9SIS_Ag,0.00012360515245473785,2657,,,,,,,False,0.0
ep5qO5-HdYH8zKfz0LLqCA,0.00012359341524657743,2658,,,,,,,False,0.0
WAdlP8I0a3DrlsKX4Zd9bA,0.0001235375494963999,2659,,,,,,,False,0.0
-q4YqKsWJY6NtkQdnNeL1Q,0.00012351958220500398,2660,,,,,,,False,0.0
zKu9lcDwlkCEmVDWJnJ8WQ,0.0001235179542415597,2661,,,,,,,False,0.0
hU4gqTl636TJrxlI2WXZSg,0.0001235140452429321,2662,,,,,,,False,0.0
27wpv4Za6iXAzLp3R19Riw,0.00012349123446775065,2663,,,,,,,False,0.0
q65rexCPby1q3kHpKNkMwA,0.00012343813673720795,2664,0.0,0.504,0.0,0.0,0.0,0.0,True,0.0
GqQSFMLaM25zcM5OnCWnnQ,0.00012341579239809377,2665,,,,,,,False,0.0
CTaS3dtVDJ5Dk3ACI7blYg,0.00012337082566656675,2666,,,,,,,False,0.0
x4L77IWKk9Yd_d-WNxVb_w,0.0001233704198743505,2667,,,,,,,False,0.0
DLotTM0D0amdRFKrj-mR-A,0.00012333707181620758,2668,,,,,,,False,0.0
xdferXKwbgXAxbtmAShhAQ,0.00012332395141908606,2669,,,,,,,False,0.0
5RsVAkDnMrcSbErS6P1eew,0.00012332193004410723,2670,,,,,,,False,0.0
DuVxQyPxNPUDO66VxfJTIw,0.00012330853366381443,2671,,,,,,,False,0.0
UQ8UKfNSUT0aKu4naioVqw,0.000123275680182492,2672,,,,,,,False,0.0
0XqNLXvLK3n6j5uDww1qCA,0.00012325030702598513,2673,,,,,,,False,0.0
4YDg3XicduxyQZ_qQvHYLg,0.00012323773422579724,2674,,,,,,,False,0.0
vkrNaPsYX37nu8ndgFxLxw,0.00012322647883610492,2675,,,,,,,False,0.0
Vgkz-0jEkYig7_WPTiTgyw,0.00012321722168101803,2676,,,,,,,False,0.0
g2eWutrVGyfytXepjTXznw,0.00012318228694987434,2677,,,,,,,False,0.0
IMVCi-j2InXt_dJn5mnxEg,0.00012317846408497994,2678,,,,,,,False,0.0
xBS2bMESuefLuhZMltM_ww,0.00012314958705595284,2679,,,,,,,False,0.0
VHWCzIZXpWPyeFe2lkIutQ,0.00012314025621315263,2680,,,,,,,False,0.0
rH80UXr5YBv4um7phwwwMw,0.00012309904214373376,2681,,,,,,,False,0.0
KOkkX1YK0kRuxysrwsUD7w,0.00012307118844320048,2682,,,,,,,False,0.0
Z03QeLtc9PjlkSNqbdFdXw,0.00012306425218920996,2683,,,,,,,False,0.0
G4IigHfYODjMJ0NpF3zEhQ,0.0001230613290701536,2684,,,,,,,False,0.0
69ccjOpx2iFvr1y2qas9uA,0.00012304275042172163,2685,,,,,,,False,0.0
MLNZIwvYb7MiVkSm0lFFhA,0.0001229895924574394,2686,,,,,,,False,0.0
Ag_GeZwOrT0nmyhnKQiVBA,0.00012297431796438104,2687,,,,,,,False,0.0
_BreSZ3-mTEJYqJ1Ot7Akg,0.00012296089666474384,2688,,,,,,,False,0.0
kgMEBZG6rjkGeFzPaIM4MQ,0.00012294795152063964,2689,1.0838,0.352,1.0,0.6931,0.1806,0.1563646127883195,True,0.0
zdG9d52hqH0JIk65LQzcaA,0.00012294788373507233,2690,,,,,,,False,0.0
uVJkqQ1U9MH7hBorrwGhBg,0.00012293541370302284,2691,,,,,,,False,0.0
1O-cOXmPlowTmoGgMi2Vtg,0.00012290724260998942,2692,,,,,,,False,0.0
LG9WtCRXx_PAr0y4nO0qjg,0.00012289100480068204,2693,,,,,,,False,0.0
QS6fgF1QGHC9lABq8S395w,0.00012288495429845162,2694,7.246,22.8673,2.0,1.0986,0.2788,0.4493188726213733,True,0.0
kj3Lyh9KooU8GcRBbMDQWQ,0.0001228769553919089,2695,,,,,,,False,0.0
60A570zht69eAj3Md81nsQ,0.00012284182259016382,2696,,,,,,,False,0.0
q-dcHGK0ur8O2F9AI_0Ilg,0.0001228208242102869,2697,,,,,,,False,0.0
4b8lGugmvF3ZavCy_3wcaA,0.00012281068414666494,2698,,,,,,,False,0.0
i3KOe32WYfGmnL3CRTj4YA,0.00012277131703335633,2699,,,,,,,False,0.0
dT_knPUzLKzfh2extWQPsA,0.00012273222402628162,2700,,,,,,,False,0.0
yypfHgPJw6V65cLTOZiPSQ,0.00012272876059288184,2701,0.5412,0.3977,1.0,0.6931,0.2706,0.09212464793834906,True,0.0
yi1qt3cUK-RojZPXEjVFXQ,0.0001227214713825721,2702,,,,,,,False,0.0
pkijCGbVI1KRpQKqST1I5w,0.00012268123543491627,2703,,,,,,,False,0.0
UnN-wx3ogx0lW3UokqQxRQ,0.0001226412941727273,2704,,,,,,,False,0.0
XeTD0c0EH4-XSFfvfArq0A,0.0001226407164563198,2705,,,,,,,False,0.0
9Wor6FL3k1Ce5cVSUcnbxA,0.00012263883896193896,2706,,,,,,,False,0.0
PPnzhVLbyGbYdSGmnvzdXA,0.00012261099227675089,2707,,,,,,,False,0.0
mnDo6Ql9g_O5tgMQqP9RfQ,0.00012261048658409143,2708,,,,,,,False,0.0
ZzqqkL9mHsOnFHJvVd-10Q,0.0001225986876295037,2709,,,,,,,False,0.0
Yyn4z5ZysBDYCXfTFzflaQ,0.0001225934095473142,2710,,,,,,,False,0.0
p7UGlPkE3Gagm9Mq7aHfYg,0.00012258544620906623,2711,,,,,,,False,0.0
dHYGLQkSxp8nFyzydmgeVw,0.00012257445155859308,2712,10.7566,40.212,2.0,1.0986,0.2429,0.5248581570284867,True,0.0
RYfl2IphOq0xFN0N8pzXQQ,0.00012254469755640265,2713,,,,,,,False,0.0
zBs8GENWVLpX7KcBIPiB0A,0.0001225322845176574,2714,,,,,,,False,0.0
gHPS6jy5UzfVUDLUE74Y-A,0.0001225243622019255,2715,,,,,,,False,0.0
eZm0-iedpPrumpf_4eeJag,0.00012252216880856363,2716,,,,,,,False,0.0
QU3cET055Ewld3x_bxEtqw,0.0001225188593114756,2717,,,,,,,False,0.0
7qqlNBz6x6tiwoj0KhycwA,0.00012251029549819491,2718,,,,,,,False,0.0
0yMuUGGzk0DEEpXxdo5yjA,0.00012250624737185302,2719,,,,,,,False,0.0
lVB55eq-xIzi2J6VV11PYQ,0.00012247072964605702,2720,,,,,,,False,0.0
vEJ9dWt5If-u8BmTHocuEQ,0.00012244153063847634,2721,,,,,,,False,0.0
OZcl2HOUXAHuICrh5d2WjQ,0.00012241212630803754,2722,,,,,,,False,0.0
X85AplVLxxc7LRlM7QmwuA,0.00012237072402048127,2723,,,,,,,False,0.0
Pxeb0heJO93VEaU9PpoTmw,0.000122342673779177,2724,,,,,,,False,0.0
KWGyIzQMILsT0Zx6slvBNg,0.00012233980260836173,2725,,,,,,,False,0.0
Nvx2MceKWAtikcAxk_TBMg,0.00012233755535516613,2726,8.0834,64.7493,4.0,1.6094,0.2333,0.4699178636830389,True,0.0
UOiqYBdIPRrMm-lnEbbjBg,0.00012230341112667146,2727,,,,,,,False,0.0
e1l1IlKpL7FJlM4ivnoO2g,0.0001222652434574278,2728,,,,,,,False,0.0
SyiPLENX6wMfagzrsw2aFg,0.00012226335979011486,2729,,,,,,,False,0.0
xq4TwzlGLM5FXwSvu6hndA,0.0001222617116405874,2730,,,,,,,False,0.0
tN5Q82mcwOeVJVWVo_2AFA,0.0001222297054583912,2731,,,,,,,False,0.0
MBpl7cTqlJblEj0E8qSS6g,0.0001222276365621717,2732,1.3242,2.3331,2.0,1.0986,0.2805,0.17961778187498165,True,0.0
13oEDtCHrOvbhsHzno2Vvw,0.00012222473444524484,2733,,,,,,,False,0.0
AU5C7IX0mogLK32u2EEOBQ,0.00012218480566845888,2734,,,,,,,False,0.0
pSquMmdxtM5FFQYeNlcGAA,0.00012215668934432522,2735,,,,,,,False,0.0
9lRGG25YSg1-HNR7StNC1A,0.00012211808286550596,2736,,,,,,,False,0.0
kQRB8RNwd7cEMcURTS-I7A,0.0001221167673079,2737,,,,,,,False,0.0
-6nQZ-QCkAyNHdtaxOxDpQ,0.00012210884963556408,2738,,,,,,,False,0.0
Z9gdO6rGNcRUPkQSqEN9kA,0.00012205306099854163,2739,,,,,,,False,0.0
zO0UwsrbwCLYFWpn5jZ2DA,0.00012201452698156243,2740,,,,,,,False,0.0
Cgb8x1G4mr79Tv2CZc7e2Q,0.00012200440649908855,2741,,,,,,,False,0.0
G10zNaL02YL5ai5orAdDCQ,0.00012199589299588412,2742,,,,,,,False,0.0
LA99Dl-b9r1nKIZ3gKC_og,0.00012199528562604786,2743,,,,,,,False,0.0
vEfA3V3pCrnigUFlLJ3gLw,0.00012198399587308674,2744,,,,,,,False,0.0
PjimxYZDCn6xYbcgCK9PqQ,0.0001219791278807824,2745,,,,,,,False,0.0
L7r4uOZT58z1Vv-rGlSZBg,0.00012196112801242525,2746,,,,,,,False,0.0
Bfn7SYzvvemCOnjyKd4eaw,0.00012196051696023228,2747,,,,,,,False,0.0
mQtDQblKR8-RY295XLyGMA,0.00012194938850750544,2748,,,,,,,False,0.0
IgNDlyLERBwFGphgcC5VDQ,0.00012191512940258438,2749,,,,,,,False,0.0
uIFRFef7l43YxA8G3dU6Tg,0.00012189089294221275,2750,,,,,,,False,0.0
fb_UwqBl9OB4ct6awajODA,0.0001218708095526761,2751,,,,,,,False,0.0
s3ZR7G5l-YN5fqms8vRSRw,0.00012186551320139247,2752,,,,,,,False,0.0
5TVWytR2oNbSKYgfxypuBw,0.00012184400509290427,2753,,,,,,,False,0.0
cZqYh_HZB7pS8N7cQkIw6A,0.00012177892743393673,2754,,,,,,,False,0.0
103cmgKE0n1Cb8QCEXvbQQ,0.00012177762713158216,2755,,,,,,,False,0.0
QBvj3FvJbYJRa9xWb6DyQA,0.00012175231795506433,2756,,,,,,,False,0.0
vzG8THG9K2lDu-Ah6vFAVA,0.00012173601116042414,2757,,,,,,,False,0.0
FMUvCniLe8m8BHSYUsnH2w,0.00012173501485524408,2758,,,,,,,False,0.0
XQfwVwDr-v0ZS3_CbbE5Xw,0.0001217345003787976,2759,,,,,,,False,0.0
ASKMKkejMCoFA4gIfdhbNw,0.00012172168090581483,2760,,,,,,,False,0.0
fMsfxOQR01YZPRCnqoNuww,0.00012170144583767976,2761,0.9878,1.2387,1.0,0.6931,0.247,0.14631973249484215,True,0.0
4NYZ-PHH7GDgjfIO7_Vfgg,0.00012165114793594648,2762,,,,,,,False,0.0
gP2pWousNNGLtD4ahpNEow,0.00012164235359524928,2763,,,,,,,False,0.0
Jn8bQ86NMVlCG3tY0YVLaw,0.00012164214256801273,2764,,,,,,,False,0.0
7enJKZ9W2Vkq62ryK28taQ,0.00012163339712508976,2765,,,,,,,False,0.0
OAAh75gVvTZI4bjjrulxMg,0.00012163076575628424,2766,,,,,,,False,0.0
ygx4Pfk51sR4aFGDwv1xUg,0.00012162627009806119,2767,,,,,,,False,0.0
aFE0SdcfNN8mEbTv8rV1RA,0.00012161339075401831,2768,,,,,,,False,0.0
lzx4AFxrByuVxgyZwRMYYg,0.00012161167512873423,2769,,,,,,,False,0.0
M0oI1SxhPqoX7V0YGumP1A,0.0001216034969040912,2770,,,,,,,False,0.0
Oun4NN-u5yiHIxDqtJnxgA,0.00012158910963990993,2771,,,,,,,False,0.0
Zlga4izAoM55RDMzkK-aIA,0.00012148712103129207,2772,,,,,,,False,0.0
q6Rln6JUAr8ALqbTNZs2ag,0.00012148285304756901,2773,,,,,,,False,0.0
PnLPuCfVFYZPbapKSpzKZQ,0.00012143586498430897,2774,,,,,,,False,0.0
dJINO-g_RfwsJcuj9uumdA,0.00012142767470834498,2775,,,,,,,False,0.0
jl0QetAu4Tgf4mq33ZN9VQ,0.00012140607849425181,2776,,,,,,,False,0.0
_Q3XmBesceFqn9Dk-w6tlA,0.00012134255342425048,2777,,,,,,,False,0.0
3qZiXA_i4eQ3i4_QXvkhPA,0.00012133830038121466,2778,,,,,,,False,0.0
KZl-0F4hKwhKSLPmT-A6dw,0.00012128216717844337,2779,,,,,,,False,0.0
K1NdCTaJWK1ezkZpPyB7-A,0.00012126506002850971,2780,,,,,,,False,0.0
3cyjdxvskRcADylzLI32cQ,0.0001212361637527248,2781,0.2226,1.2504,1.0,0.6931,0.2226,0.042803612382671864,True,0.0
6HoDzaVJX_rTUeQiX8GVww,0.00012123541372122088,2782,,,,,,,False,0.0
XIdjpQWEw0-0h41Xbs47kA,0.00012120154958302847,2783,,,,,,,False,0.0
zwBvdDWFQpYJE1UMDTlSyw,0.00012119286409370185,2784,,,,,,,False,0.0
JX8KhTInMNfQVs4Fn8mSSQ,0.0001211899529417261,2785,,,,,,,False,0.0
c_YbtTRac_wv5jpzLQElsQ,0.00012116372013600864,2786,,,,,,,False,0.0
TZ9eAkKBKxj4HF_4rga9Gw,0.0001211378145503191,2787,,,,,,,False,0.0
eUAaIuf6oa_gHnI2j0ep3Q,0.00012113556543479142,2788,,,,,,,False,0.0
Fbq_tc6W5uNmQNrInXpd5w,0.00012112906103780526,2789,,,,,,,False,0.0
yvwIsOBQyTDsOhfS1sIVvQ,0.0001211219334770348,2790,,,,,,,False,0.0
Y-JwO5yETnBEAXchodyMhw,0.00012110613278970667,2791,,,,,,,False,0.0
d9sE07OtqGEbOzooGTAFFw,0.0001210363080990987,2792,,,,,,,False,0.0
kpl3H_sgfTm-tH3Aa-ML7g,0.000121026199514023,2793,,,,,,,False,0.0
DkkosGugBW5g8h2k-elPxw,0.0001209825539572767,2794,,,,,,,False,0.0
frcuwzlHS2BevSEjZnGsJQ,0.00012097959230100462,2795,,,,,,,False,0.0
UCmTG_e7I2a5dY_3qI6Jbg,0.00012096594222560517,2796,,,,,,,False,0.0
eJaeTZlIdM3HWCq__Ve4Wg,0.00012096086439384315,2797,,,,,,,False,0.0
2wd7o7XbEywXTUqx6RITzg,0.00012094496359804956,2798,,,,,,,False,0.0
YMo-kArYFQu7JhyviZfYSg,0.00012093728240888165,2799,,,,,,,False,0.0
BqvKbM7EOI0jXs0G-h2C9g,0.00012090260622299261,2800,,,,,,,False,0.0
fBafnubpYG3wbpe2p6SdgQ,0.00012087266899923932,2801,,,,,,,False,0.0
jNvVJBh447ya0UFvz2676g,0.00012085908590305902,2802,,,,,,,False,0.0
_5vE7CRfcUPHLIDixqtrMg,0.00012085348767640579,2803,,,,,,,False,0.0
a76apdjXLdeHUuYRZH54rQ,0.00012083440233655284,2804,,,,,,,False,0.0
wwneev53BfrW7iVuS4pzrA,0.00012079705912362966,2805,,,,,,,False,0.0
INnL20cBKWr-XFs8ROH2ww,0.00012079183138625283,2806,,,,,,,False,0.0
6DTwmhrbm9x-WO-A8Db9rQ,0.00012078613079395621,2807,,,,,,,False,0.0
n9T2k7tu_5uLAYi5r4Y_Yw,0.00012078348434322049,2808,,,,,,,False,0.0
cOaJqBOKe5xDx9rX3rG2hA,0.00012076090416713979,2809,,,,,,,False,0.0
iMWGmFrMVEEktWNriZ2cTQ,0.00012072099422525461,2810,,,,,,,False,0.0
2VPX222bhizLlWZrLQL3PQ,0.00012071906984353667,2811,0.3091,0.3379,1.0,0.6931,0.3091,0.05736259697334556,True,0.0
qYjQyfMw_UOJztjmapyHTQ,0.00012071878042521176,2812,,,,,,,False,0.0
WVtg_Jx7OfJRdbnKzT2p4w,0.00012071180583768487,2813,,,,,,,False,0.0
vpLMV6pHa1oI71jYaCVFzA,0.00012070835050576677,2814,,,,,,,False,0.0
_tC4lXqwdfh3fbjuP40Bsw,0.0001207011350763023,2815,,,,,,,False,0.0
qkMMO794-59404bUiJ1Odg,0.00012069467280300694,2816,,,,,,,False,0.0
GjEDg2B1u2ohBMJ0JXD-MA,0.00012068302998279404,2817,,,,,,,False,0.0
bTve2mwLk5Zc01vRKqc2KQ,0.00012068162665046771,2818,,,,,,,False,0.0
9pr6rI87hZTCIAnFGNnvzQ,0.00012064283947558589,2819,,,,,,,False,0.0
AV2MB75oRvnbek1_td3kXw,0.00012061511632453216,2820,,,,,,,False,0.0
pOCjLcWQskQjRPi6zdLvAw,0.00012061045999535549,2821,,,,,,,False,0.0
bAyG_TXi3CNYDt_FoaetoA,0.00012060242285008632,2822,1.9806,6.1185,2.0,1.0986,0.2829,0.23259498364951445,True,0.0
2kOGFDJ9v4T9AzuKWhwl2g,0.00012059420345664224,2823,,,,,,,False,0.0
Ij5cfoShFFmDWVPaSGitLQ,0.00012056930833341868,2824,,,,,,,False,0.0
6fZWaWkvqrZNCxl_7PMDBg,0.00012056588165798782,2825,,,,,,,False,0.0
JYHpxP4OOohJqujb7PisSA,0.0001205642527852534,2826,,,,,,,False,0.0
fSCyylUhuA9BSakKPFoUbA,0.00012048109735632863,2827,,,,,,,False,0.0
6vXFb9q_dfhI67hma3xRjA,0.00012045719832572893,2828,,,,,,,False,0.0
Hp1nkc3c3Q7_8oKXFn0vbw,0.00012041105258041621,2829,,,,,,,False,0.0
sL5Rmq0WB3MWOeLlav8bBA,0.00012039965593350839,2830,,,,,,,False,0.0
ElCZ_9z_1Sx_FtgJokbrqQ,0.00012039827336885908,2831,,,,,,,False,0.0
dFTuCfvTv8b7UK-quUWY9A,0.0001203568478955434,2832,,,,,,,False,0.0
uujAlHvgCzo8oinElyWFcw,0.00012034336091625036,2833,,,,,,,False,0.0
W5bx6PacwlKhEDP_M9jUmA,0.00012031288122895169,2834,,,,,,,False,0.0
6OwxdpajDSJi3DkMqkr2sw,0.00012027392038841702,2835,,,,,,,False,0.0
Fg0vS_HDz2kAJt3Q_VZodA,0.00012023259125833901,2836,3.5484,0.3712,3.0,1.3863,0.2166,0.3226089593456677,True,0.0
5QPZY59iu3a0C-jWsZR8ow,0.00012020546344652979,2837,,,,,,,False,0.0
lJBYrLE3v3d2q5QBIK_S0Q,0.00012019512873886928,2838,,,,,,,False,0.0
_NYc2bEyvzleMwhhNRr61Q,0.00012018517289903937,2839,,,,,,,False,0.0
dX8dnwxVTpUvHXHlOXjgcw,0.00012018228449862839,2840,,,,,,,False,0.0
n_7EQxn0ciucIOJfpWVaTQ,0.00012016781420518853,2841,,,,,,,False,0.0
o8LebIdVCcy1o0bSD6nT2w,0.0001201327926880656,2842,,,,,,,False,0.0
RUgPcPSdvwvCKMzl-au5yQ,0.0001201200586662599,2843,,,,,,,False,0.0
U5SazwXdLrVvAquMfsf9Ug,0.00012005763359540022,2844,,,,,,,False,0.0
O56pqlopX5ohaLD12HiN9Q,0.00012002141343463426,2845,,,,,,,False,0.0
tKlc76aRPioRfIuGJi_1Kg,0.00012001468875974654,2846,,,,,,,False,0.0
9RDKqyqXJcupSnA2vCIs_A,0.00012001018720062418,2847,,,,,,,False,0.0
TtFwubbGIKnVsx-0pa7KiQ,0.00011999865905444909,2848,,,,,,,False,0.0
w9_EQB0SuAFYxPMcfY_P_g,0.00011995589772731436,2849,,,,,,,False,0.0
8Wqjjtq9PAK7EulkmjJtDA,0.0001199121667613576,2850,,,,,,,False,0.0
HIkgNCI38ga0NWcbmDqzWw,0.00011990407006171292,2851,,,,,,,False,0.0
b-XcM-IyX0mNDlGC41jrPQ,0.00011988940833671247,2852,,,,,,,False,0.0
CMOQNufxczaYp1dtxXC8Kw,0.00011988119228717456,2853,,,,,,,False,0.0
PpL37OYAdmBxpmJoNNJQUQ,0.00011987169392796283,2854,0.2414,1.5599,1.0,0.6931,0.2414,0.04605361502908446,True,0.0
vSo2sV6k-wSSE5F7DeLHNQ,0.00011986549401982108,2855,,,,,,,False,0.0
ByEfpxv69HFqBYU3_r7HtA,0.00011985021555444304,2856,,,,,,,False,0.0
B5Vh5dkky4N0y7Vc3yNviQ,0.000119810720810726,2857,,,,,,,False,0.0
hnGqJ78Y4Ph9gyQmtqnhVg,0.00011978334581003985,2858,,,,,,,False,0.0
PHdkmST4x79cJIiweKP65A,0.0001197717930682401,2859,,,,,,,False,0.0
3AzAhjuSaZQSvh6rTh-XEA,0.00011974322395894436,2860,,,,,,,False,0.0
twzNU32q_CLrjtnAqMjLRg,0.00011972378523459895,2861,,,,,,,False,0.0
jCyQknyt1mkMTBw60-ABUw,0.00011970905737583168,2862,,,,,,,False,0.0
T8gJyppKf9GWogFTkead-A,0.00011970229958812576,2863,,,,,,,False,0.0
VgsbZSm5NRaDg2ds_FDBrg,0.00011969575160365178,2864,,,,,,,False,0.0
zaC6coZ5Gp8mLjeg7Slh6A,0.00011967152124682977,2865,,,,,,,False,0.0
ivpULDSBS4mP3mJqmziKQw,0.00011966955260771005,2866,,,,,,,False,0.0
qXzkHqSTxtyTiKqzTtP0Ew,0.0001196516635304498,2867,,,,,,,False,0.0
oU-vzdE38Nk6gAr4yDy6ew,0.00011964274711450766,2868,,,,,,,False,0.0
7Ojkt0_941r2_F3HdZOj0A,0.00011962200326691636,2869,,,,,,,False,0.0
UjXH7iq8eYauQoGswkxGYw,0.00011960165397811103,2870,,,,,,,False,0.0
Iuir7lUtx-LMhYtStwyf3Q,0.00011959617069902638,2871,,,,,,,False,0.0
vWKTTbYHSi2tGA6hksCRkA,0.00011956944119034769,2872,,,,,,,False,0.0
8Wq0LZSuHdPTlleQD5sU_w,0.00011955865189515264,2873,,,,,,,False,0.0
Zwyimxd54QZ_2cykFDJ_VA,0.00011955633651161086,2874,,,,,,,False,0.0
ZWTaHa3PUhllOcvlCEgybA,0.00011950733418354316,2875,,,,,,,False,0.0
z_7TZeTXsDH6MmkPHQN8nQ,0.0001195067329686429,2876,1.1491,2.4838,3.0,1.3863,0.383,0.16293616207238662,True,0.0
pvGBHwMceiP6c6L41aL2tw,0.00011948979513707831,2877,,,,,,,False,0.0
WdUiTm8EZ6l9ukq9Hh32PA,0.00011947841460196548,2878,,,,,,,False,0.0
Kep3QUZd96oyuOX5vX9evQ,0.00011945579597423229,2879,1.9,7.5261,2.0,1.0986,0.2111,0.22675651784861592,True,0.0
j-qtdD55OLfSqfsWuQTDJg,0.00011942719076726221,2880,,,,,,,False,0.0
eZCt3doDaA-l4sg_OM67YQ,0.00011940671256338056,2881,,,,,,,False,0.0
p_qSQwShIgQnNxGcajI4-w,0.00011937535253051135,2882,,,,,,,False,0.0
LDRLenZPm945wioD58pu-Q,0.00011936253781722196,2883,,,,,,,False,0.0
H7gG-N7vU6DOkCRMM02MOQ,0.0001193577981148039,2884,,,,,,,False,0.0
1vN178lXfJ77EmFRBYzteg,0.00011934645257656334,2885,,,,,,,False,0.0
422ajFSyytck5b5x63Umdg,0.0001193435351430056,2886,,,,,,,False,0.0
asCtJ8rvzle36-vdNZb0kg,0.0001193284751239536,2887,,,,,,,False,0.0
mtowE4p6gOgyGrHAsMz-rg,0.00011931921588918266,2888,,,,,,,False,0.0
2LSVbGkyFSVflCbjWyVrhg,0.00011931056115457284,2889,,,,,,,False,0.0
6mrC_xP_Hb9TMaQLHsKW1w,0.0001193053270721386,2890,,,,,,,False,0.0
V5Bb9StvahgCSkBKXHMW8w,0.00011928844421848443,2891,,,,,,,False,0.0
cUYw6i8MF_2WEdd2d8t9yg,0.0001192864898339176,2892,0.5314,0.5567,2.0,1.0986,0.1771,0.09076608531138938,True,0.0
-cEFKAznWmI0cledNOIQ7w,0.00011925371089453633,2893,,,,,,,False,0.0
eblnR1cQsR_aeUkNu38VkA,0.00011922813473968664,2894,,,,,,,False,0.0
z2d0Pg8dqLUkrCMVvyYhxw,0.000119208228443785,2895,,,,,,,False,0.0
pj2A1tMl-p2ozYHS6FvHJQ,0.0001191863364290334,2896,,,,,,,False,0.0
mRTRMo-M0B_9fMOnzzMtsQ,0.0001191770333668513,2897,,,,,,,False,0.0
owrGcj5a7W0QnWA7HwJ2Ag,0.00011917469337091181,2898,,,,,,,False,0.0
AMVL7n_M6MrIywrnyA0C0A,0.0001191662875429715,2899,,,,,,,False,0.0
t5Ca7rn3NsjfZcpfbhRZKA,0.00011914271534492913,2900,,,,,,,False,0.0
ZForVw2ZTiwDGfZ0XvZsXQ,0.00011913468764177646,2901,,,,,,,False,0.0
ZQ1xusCuRoHneUw_PfZM3w,0.00011911569110600154,2902,,,,,,,False,0.0
Ev5UloYOXuw1UTxBKYVXuw,0.00011910570117342801,2903,8.0235,7.4912,1.0,0.6931,0.2675,0.46850876163952065,True,0.0
0tamJjc_EA4uLJOhb9dtgw,0.00011906235362166104,2904,1.8401,1.6019,1.0,0.6931,0.2629,0.22231142056436146,True,0.0
Abd2Md-wQLlUzViL5T3xDQ,0.00011904523937984812,2905,,,,,,,False,0.0
XF7qNhRJktAfLoH5GP4tCw,0.00011904499987197294,2906,,,,,,,False,0.0
Iipfa9Kaac9XH5Vo8GQwvg,0.00011901672378982618,2907,,,,,,,False,0.0
wlUOgJ63PmhkX5ms-QGoDw,0.00011899624890118506,2908,,,,,,,False,0.0
AM7O0cwkxm6w_e0Q7-f9FQ,0.00011899419989055412,2909,,,,,,,False,0.0
3lty2YUwjp61iUqNgKVEMw,0.00011898125382222011,2910,,,,,,,False,0.0
3KYD10PwNu_gvtcWXWkZNA,0.00011895911894351365,2911,,,,,,,False,0.0
dD2p903p8lU0IgXT3OFluA,0.00011893214424544825,2912,,,,,,,False,0.0
7EXwY2JuIRcG88Dun2bSkA,0.00011891941049088836,2913,,,,,,,False,0.0
utJbQdm48JxR39EWnZ6k_w,0.00011891928791468694,2914,,,,,,,False,0.0
Grh6dm_k-4kNvkxU8r7RMA,0.00011890861845728188,2915,,,,,,,False,0.0
2EDFZFFdE3p-ZD7-loI02A,0.00011888720147313943,2916,,,,,,,False,0.0
py5aKmlTB2NarfsfcOpHOQ,0.0001188863880430535,2917,,,,,,,False,0.0
uHfI3MPfF3vvKuoeY0-0EQ,0.00011886167487135316,2918,,,,,,,False,0.0
SJ_hPrUQa0l3PS2vQi-0yw,0.0001188576081116031,2919,,,,,,,False,0.0
Bsq3-p3cDBi7bfgPDJq7aQ,0.00011883596063789385,2920,,,,,,,False,0.0
wnjFEC-w0qWnyDnO8k1RpA,0.0001188273503851143,2921,,,,,,,False,0.0
6_Zf2QsRHCH1RhbzA9inyw,0.00011876566401621028,2922,1.6225,2.4196,4.0,1.6094,0.2318,0.20533494623660403,True,0.0
8vuulrqX0uw80A53wXmRSw,0.00011876070844121725,2923,,,,,,,False,0.0
Yvb0rmlmEFNLIRLfCIjVig,0.00011874202265215422,2924,,,,,,,False,0.0
CUOI4QSzNgAFj8lnn7ZSeQ,0.00011873806207104545,2925,,,,,,,False,0.0
-Gy7yBHvRZK64jNxYYJWWA,0.00011873234203292892,2926,,,,,,,False,0.0
58Vd48_6D1Myd_M1xWepJg,0.0001187312664022255,2927,22.7304,52.9928,4.0,1.6094,0.2949,0.6744393088196954,True,0.0
BZyxr4ocl1hJvFvhlogz0Q,0.00011869890444663653,2928,,,,,,,False,0.0
uaKXyCNVXWdfOOdbM88pMA,0.00011869577575923594,2929,,,,,,,False,0.0
Rw8Zf_snPdZO_B3XFOsJ6w,0.00011862142728976962,2930,,,,,,,False,0.0
C5p3AtEAR_Iim6JjNARmBw,0.0001185790984444889,2931,,,,,,,False,0.0
3Myk3oAOJq6Cps2SDYQZhA,0.00011857005966593201,2932,,,,,,,False,0.0
yIIibdtcOnGsjtvgNuBqKA,0.00011853353874538108,2933,,,,,,,False,0.0
_2KA4HzZb_WxiBQefVV9xQ,0.00011853020010078367,2934,,,,,,,False,0.0
BFZbW19pFZlfKStxlETthA,0.00011852123130766883,2935,,,,,,,False,0.0
oryxEQldKf-FVqRgP5SfrA,0.00011851717656534449,2936,,,,,,,False,0.0
TvAgXHsAt1s2PgxA1pQa-w,0.00011848137985173517,2937,,,,,,,False,0.0
tzSKydKgvXCDp2bzdynoLQ,0.00011847215313575337,2938,,,,,,,False,0.0
wd1AqgQQdeoMCMEwvvs4ow,0.00011845430526529308,2939,,,,,,,False,0.0
l6SCfDSkeFdD5ccMK0ZwlQ,0.0001184426170401841,2940,,,,,,,False,0.0
BsehmEx5EX1FbEOPPswtfA,0.00011842696477542315,2941,,,,,,,False,0.0
vVfy055EfLMdd0yJYHxiMQ,0.00011842265035738856,2942,,,,,,,False,0.0
TqE83vo_rs4h4EycnuLI6g,0.00011839185004564634,2943,,,,,,,False,0.0
j92DNzG7Io113coMzYsTsw,0.00011838682631939503,2944,,,,,,,False,0.0
F6rHQmm_Zbpg_y6GSHJgfw,0.00011838649354977219,2945,,,,,,,False,0.0
6KpBE-zJW4I3VuEjhFj3Tg,0.00011838409330340261,2946,,,,,,,False,0.0
8X9Urg-r8QmQOAoBJmX2pA,0.00011834635458537158,2947,,,,,,,False,0.0
obIckr-3bLCOTGatfedk6A,0.00011833961103037073,2948,1.819,0.7796,3.0,1.3863,0.2274,0.22072325695440376,True,0.0
RGtYCWkHULWRhR7BnFzXtw,0.00011833581146359243,2949,,,,,,,False,0.0
WQx928GOxEAIbKWP8GWPuw,0.00011831236856430619,2950,,,,,,,False,0.0
WXvQTyjP4lL94K9aauWVmw,0.00011829170403619005,2951,0.3333,0.0,1.0,0.6931,0.3333,0.06126369702731207,True,0.0
GiSQ8fXpAs3M9Y27BgEd4Q,0.00011828115499602872,2952,,,,,,,False,0.0
lCAQGk4QEuF27Gd-iTBm1g,0.0001182455124280481,2953,,,,,,,False,0.0
IkjBNJvMZhea1c3j2H2Ahw,0.00011821774943823547,2954,,,,,,,False,0.0
8VfQxXmbPdn8zvsVpYcBWA,0.00011821322244624194,2955,,,,,,,False,0.0
bhAalBOH552_mOPNxESNQQ,0.00011820798833552193,2956,,,,,,,False,0.0
ceB1XkRoJLbBPScXZsAF9g,0.00011819128299188163,2957,,,,,,,False,0.0
Smgf64BYMd1F-W02PSKswA,0.00011819112337143577,2958,,,,,,,False,0.0
x4CzqJ75DhtZf_RmZwyH_w,0.00011815206050873846,2959,,,,,,,False,0.0
_XM7-X5Lc-e_T1S71ri-GA,0.00011813810419295255,2960,,,,,,,False,0.0
_-GYicUDtfIfMs2SiXdJIA,0.00011811455669875697,2961,,,,,,,False,0.0
rL_DCiDWJS901E1LqH3xvA,0.00011810995674676947,2962,,,,,,,False,0.0
dcpWZ6Yk_S0HqTlNBi8jiA,0.00011810945520121281,2963,,,,,,,False,0.0
k4KEydDbRUOY50hkwmGAuA,0.00011810335854472396,2964,,,,,,,False,0.0
u4Y3FY1VmVWaaZUdGdJMJg,0.00011808205516472789,2965,,,,,,,False,0.0
hhC_L7WE5sQB8TkaWxkBwA,0.00011806369618702622,2966,,,,,,,False,0.0
2GgFrz1dQ6NzR29UIYQ8Xg,0.00011805692799328748,2967,,,,,,,False,0.0
f8p3fbPnCXeYFpygOgbiqg,0.00011801627609504219,2968,0.4047,1.8851,1.0,0.6931,0.2024,0.07237388438880807,True,0.0
262dmM9ixxYp5K5UdmuaCw,0.00011797758322069418,2969,4.7271,9.8082,4.0,1.6094,0.2432,0.3716855374586705,True,0.0
uqXYVxIwoEsFFjEHBlMZQA,0.00011787091985524346,2970,,,,,,,False,0.0
y8R6_RZsBO-b__bJaQjuaw,0.00011786628340715675,2971,,,,,,,False,0.0
QWZuvqTYTMncVdhulUU73A,0.00011782243410122656,2972,,,,,,,False,0.0
p6JxfR9ebAlIlpm674F-dg,0.00011781686933715773,2973,,,,,,,False,0.0
_ehSDMpnQ67RR0Yy0yv_3A,0.00011780971700503611,2974,,,,,,,False,0.0
7XSVBJVuozQZL53D3DlypQ,0.00011779567860559533,2975,,,,,,,False,0.0
5tzgmPDeHCwfZbs2YObMaQ,0.00011777856763904941,2976,,,,,,,False,0.0
fh6pTnv_yMWTF6wnaWfmcA,0.00011777176185675082,2977,,,,,,,False,0.0
PeczUJRFYkZBvAyMxzXPSQ,0.00011775040124406144,2978,,,,,,,False,0.0
UpWlqQ_jrTF4JAtdGZL33w,0.000117723056954996,2979,,,,,,,False,0.0
0cddB9WRKcQhzAEXEav81w,0.00011770591069796818,2980,,,,,,,False,0.0
jJL3HcGjgtcUdLub93ZxNA,0.00011770548182933732,2981,,,,,,,False,0.0
9tajhM5W0OPgPUppo_zhmw,0.00011769163159154509,2982,,,,,,,False,0.0
UWQNx6qZojXlDv1kBAMHug,0.0001176906337257464,2983,,,,,,,False,0.0
rlVL-Q-fActNnxip07Z1kw,0.0001176874692387664,2984,,,,,,,False,0.0
-BjXcRcvDqOQ23eUKx6hjg,0.0001176255329587614,2985,,,,,,,False,0.0
1iUzYwhTMeNf6EkLpVNcVw,0.00011761542896729955,2986,,,,,,,False,0.0
yqnxbt0GBPZ5IDACqqMkBg,0.00011758883758951757,2987,,,,,,,False,0.0
zjsZ6DROAotlcuWR7MQYzg,0.0001175633154772085,2988,,,,,,,False,0.0
7mJN7GAoGv4yDwB8RO4VyQ,0.00011756248568318938,2989,,,,,,,False,0.0
7Vy1FHvdD22nzEB6zfaUFQ,0.00011754900274529268,2990,3.5596,8.0732,1.0,0.6931,0.2373,0.32313274471197284,True,0.0
MeKViQKZmx6kL95MIk8cpA,0.00011750658588562099,2991,3.4164,9.6046,3.0,1.3863,0.2303,0.31633671663094953,True,0.0
IrKk13yo5Wx8rAjlN-PZMQ,0.00011749483978925864,2992,,,,,,,False,0.0
ToHu5wSC8LSMYigsSlkFfQ,0.00011748173096243093,2993,,,,,,,False,0.0
HC0g0xOuGDqn1jCCMctu8w,0.00011745839698790263,2994,2.8211,6.995,2.0,1.0986,0.2565,0.28550083632738216,True,0.0
nHsoeVL1dXs9ZNjmdrlPuA,0.00011744901698548316,2995,,,,,,,False,0.0
cW2jouXxw1XFN8t35hnrDA,0.00011742098102681345,2996,,,,,,,False,0.0
MZssFQddj218X-68N5XwaA,0.0001174175991191424,2997,,,,,,,False,0.0
9w6o_eyKCSNKgMtAuv6KWg,0.0001173719023468857,2998,29.282,112.4664,4.0,1.6094,0.278,0.726361821495065,True,0.0
vAlG57_mZtazKbHBH39T8w,0.00011735636192942463,2999,,,,,,,False,0.0
SxN12oF4s2DXL5W2zfqWEg,0.00011734979530805359,3000,,,,,,,False,0.0
phsLOuBeiYI43hglvWK96Q,0.00011732203418390867,3001,,,,,,,False,0.0
L9CFXQbU79r6PK8Cy9aAgA,0.00011732069015831692,3002,,,,,,,False,0.0
51BQzF_4dOOuIO9s-4Ropw,0.00011730099141678831,3003,,,,,,,False,0.0
KsJP_BEXKQV9nvOmTbgbVQ,0.00011729515164411677,3004,,,,,,,False,0.0
yYwNi8Ul3P3JK605fVUlDA,0.00011728119256524158,3005,,,,,,,False,0.0
8NKKQv7GL-S3je-A2IQThA,0.00011726480890036762,3006,0.0,0.21,0.0,0.0,0.0,0.0,True,0.0
G7fe-mubzI2hrVlYA7WftA,0.00011726448546759754,3007,,,,,,,False,0.0
oklGt-CSgK6EyAIUT94Ukg,0.00011725111531660967,3008,,,,,,,False,0.0
EQ9RsmozHxm-q1dEgILAiw,0.00011725095512417477,3009,,,,,,,False,0.0
WazgWp2VRP7jBiltq8tnyg,0.0001172366933655678,3010,,,,,,,False,0.0
h696v2N0hcOOdsg1ebt5Ig,0.00011723487126633253,3011,,,,,,,False,0.0
C8_zQVh3L7-yFazQs76fzg,0.00011721780653388909,3012,,,,,,,False,0.0
pQx2aFqw5s7N5ThMYlqDzQ,0.00011718773524195116,3013,,,,,,,False,0.0
-PTWFicakClBDK-zyQ5hjA,0.00011718205705132675,3014,,,,,,,False,0.0
uizQiDP3fYaDvCxuwMaSew,0.00011717897697163392,3015,,,,,,,False,0.0
Gstw7erE6199OMgsbFAqWA,0.0001171761756860665,3016,0.84,1.4716,1.0,0.6931,0.28,0.12986467865939075,True,0.0
EMti-iNn83SGp3z6LngDWQ,0.0001170970292854483,3017,,,,,,,False,0.0
WtC6tR6Wq9g_vguMalpliQ,0.000117082218561155,3018,,,,,,,False,0.0
yHgRhWWUC1C8oQx8lChooA,0.00011707045415254953,3019,,,,,,,False,0.0
ebnjBO3r5AMsqLdrJVJvVw,0.00011705174367007679,3020,,,,,,,False,0.0
g1KoL8rejZ5tTibsyU0x6A,0.00011704838506697166,3021,,,,,,,False,0.0
ZsA6o-uK1984HaEdP_qO-A,0.00011704322600231052,3022,,,,,,,False,0.0
bLNSAljXE00oAcfGYJA-FA,0.00011703322187650301,3023,,,,,,,False,0.0
2sGHOKjHl5S0iqRDTmNgMQ,0.00011703258539246535,3024,0.0,0.5538,0.0,0.0,0.0,0.0,True,0.0
oBMzl8M5hexc1ZviiWl4TA,0.00011702104672957426,3025,,,,,,,False,0.0
vxHqkD2ZMcDefFh_hhRd0A,0.00011702030957973488,3026,,,,,,,False,0.0
l6cY2ndR-6GmqhVeuA0VgQ,0.00011699219294781103,3027,,,,,,,False,0.0
wcpL6sD6jKsBO0tbdK2KEA,0.00011695002812542908,3028,,,,,,,False,0.0
evrQGHs_lC_fmEniotaX8A,0.0001169425801232019,3029,,,,,,,False,0.0
uvG4QThFmQswhHCnPCGJyw,0.00011692114283446457,3030,,,,,,,False,0.0
8iMubtt1hTafu5YhEzvZVg,0.00011691878905760788,3031,,,,,,,False,0.0
fuMYz11sdGwFqckMu0BkGQ,0.00011691065970448907,3032,,,,,,,False,0.0
s-74t4aQKL2pWeQmIB-c1Q,0.00011689845756950482,3033,,,,,,,False,0.0
cM6V90ExQD6KMSU3rRB5ZA,0.00011689841366000406,3034,,,,,,,False,0.0
8yPwrhB7jqEB7arUxL5-fA,0.00011685598886806898,3035,,,,,,,False,0.0
1B6S6XDoX1fWnQI0_K1b1Q,0.00011682559320466736,3036,,,,,,,False,0.0
y7MSJWmNPaVbSoQAaeCTBA,0.00011681601137123612,3037,,,,,,,False,0.0
6a7dcp1p15RQTAnEjb3H0g,0.00011680526965478006,3038,,,,,,,False,0.0
EqEcDeXqIq1YwnzHg_ZUFw,0.00011678878003674866,3039,,,,,,,False,0.0
Z3KyNcSMuOj_WxMwSC0Njw,0.00011677959792670518,3040,,,,,,,False,0.0
02nb6CI8w-2EoSEkQdk2Wg,0.0001167657471044358,3041,1.1092,3.5902,2.0,1.0986,0.3182,0.15894492529700815,True,0.0
fM8SEJJndoP2oRpJDs6NgQ,0.00011675584436444374,3042,,,,,,,False,0.0
Sg2i4zlCcsGUlh5TPMz8uA,0.00011673298876926578,3043,,,,,,,False,0.0
O0YIl4pLXiBwpk5y7vFqMg,0.0001166976138815427,3044,,,,,,,False,0.0
qqpMcKlimSqNSJghEDMPbQ,0.00011668953977360558,3045,,,,,,,False,0.0
2i2-1UZ5wYRBd0zfkww9xA,0.00011667090460183085,3046,,,,,,,False,0.0
XKXfUoSD6Igypn-IWGnHoQ,0.00011666152854036862,3047,,,,,,,False,0.0
-WfGgYMcJKttsCu7WDrBrg,0.00011665119394801418,3048,,,,,,,False,0.0
jHydJjohvKsK8Imh9f_Dwg,0.00011663971748727418,3049,,,,,,,False,0.0
UuRZpgZsHX7PyykHV3wbZg,0.00011663725513320776,3050,,,,,,,False,0.0
MWWtxj3R0WGqPzZg1uFmQA,0.00011662990139108605,3051,1.05,0.4829,2.0,1.0986,0.15,0.15288176047490556,True,0.0
-0gRYq5UjMtZbELj0KHxzA,0.0001166139576494782,3052,,,,,,,False,0.0
Zq4zFbPCaU_vFw4-DAuwzw,0.00011661281922757341,3053,,,,,,,False,0.0
A0WpO3Wvr-3XqkKco77DxA,0.00011659877226704168,3054,,,,,,,False,0.0
JCpGUgmvCIcPplQIRGD4yg,0.00011659746309684243,3055,,,,,,,False,0.0
JwKs0t30KXFg1B-Pnm5FKA,0.00011659257013697926,3056,,,,,,,False,0.0
lPPYZr1_jx0XeW-xR9WJtw,0.0001165842574815092,3057,,,,,,,False,0.0
9xCprW96TZFLajnnN-w8Pg,0.00011657013942411624,3058,,,,,,,False,0.0
DorCmYVDR5wcCVvbCAvzEg,0.00011654267600484319,3059,,,,,,,False,0.0
8yZzf0gdWpSmY6ziyq7hKQ,0.00011652681127120319,3060,,,,,,,False,0.0
p9eonMRsRquzgmwIy0s9qA,0.0001164846010701463,3061,,,,,,,False,0.0
IazLGcO9aggJnMMa_5UO1Q,0.0001164797478332759,3062,,,,,,,False,0.0
fknM8EddFrhj722AeeMV1g,0.00011646530337869492,3063,,,,,,,False,0.0
GlrpA_iR78s7vAP1j4CI3Q,0.0001164293842389146,3064,,,,,,,False,0.0
2qnuqB4Q7yVDSnUFRHfVrw,0.0001164203499771436,3065,,,,,,,False,0.0
6o8ddZAL2Gw_FdoFQf1ilg,0.00011637788081617637,3066,,,,,,,False,0.0
H1FXzbmnMPXRfOrTo1qxKw,0.00011637484088432515,3067,,,,,,,False,0.0
6QVxSFKlw30xCyJaasql9g,0.00011635636539267104,3068,,,,,,,False,0.0
VPuWZ4dj3ZvFuuaKh7Up3Q,0.0001163315019629661,3069,,,,,,,False,0.0
wLGOcxzFFM3uWl9X97Fg9w,0.0001163154962069543,3070,,,,,,,False,0.0
7Hl4TcFcgdW2-TR-mhk27A,0.00011630627006222242,3071,,,,,,,False,0.0
Fvujip8PJg4UTeAcfSH9QA,0.00011624962883507682,3072,,,,,,,False,0.0
pGRl61t6HcvqvvRz0Shr7Q,0.00011618371547789836,3073,,,,,,,False,0.0
tdalPINw11qFnrb2YL0ayQ,0.00011613071186683002,3074,1.1071,4.8882,3.0,1.3863,0.2214,0.15873277386508716,True,0.0
PbFG_A7A_fE-6oL4kC_zQg,0.00011611075986845303,3075,,,,,,,False,0.0
EoXPPhjf617rKvEtJ-gssw,0.00011606577475070751,3076,1.84,19.8163,2.0,1.0986,0.3467,0.2223039215849795,True,0.0
g9p601DS_0uq-aiEA7ypxQ,0.00011605336558648208,3077,,,,,,,False,0.0
WwVYDgzRO1KiAu-GRksQ5g,0.00011605139835861457,3078,,,,,,,False,0.0
0L23LpzmR-kRsuIr9-zEXQ,0.00011605024697035563,3079,,,,,,,False,0.0
QyGPQg1-dIGAwPaBKIKMTA,0.00011603363666727452,3080,,,,,,,False,0.0
fWRWzBfQnMcNiaOi5TJVdw,0.0001160284574629121,3081,,,,,,,False,0.0
2UvdgkdaeIFcakXBvRKLZQ,0.00011602286635906237,3082,,,,,,,False,0.0
peFmuP97MqtYx7tx6j4u6g,0.00011601838467964958,3083,,,,,,,False,0.0
2ceJseysVj1LEp5SmVL9Jg,0.00011601440951082102,3084,,,,,,,False,0.0
6F4JadEP6ouUvNiIKr8pMg,0.00011599596425871277,3085,,,,,,,False,0.0
NKZl502pYc-l3DT32aoX7w,0.00011592738269142865,3086,,,,,,,False,0.0
XTFkMivGATF-enFwtD1XTQ,0.00011591165521072787,3087,,,,,,,False,0.0
TrdQZxhfYui2IkOaq3bDdQ,0.00011591002554660446,3088,,,,,,,False,0.0
GUZCOzK1ssAza9C6Tnxl5A,0.00011589671032176904,3089,,,,,,,False,0.0
1LGyVebO0VzuaMiFjpH3bg,0.00011585325086643749,3090,,,,,,,False,0.0
USakOUYTZZj2_hWfo8vGzA,0.00011584465010980187,3091,,,,,,,False,0.0
6HFVZzJu4VgazgmV73lQZA,0.00011584042085207814,3092,,,,,,,False,0.0
BZUlza2S5sfavO6UsS5mNQ,0.00011583476926441184,3093,,,,,,,False,0.0
x5T4yJGM3m94btiepuZe4w,0.00011580389183807163,3094,0.3428,0.4277,1.0,0.6931,0.1714,0.06277579953197,True,0.0
QDIayj7bwqoH-rrBfbBZBA,0.0001157932922159963,3095,,,,,,,False,0.0
t7TqCOZ6p6Do_SMhTcVDMQ,0.00011579235745774795,3096,,,,,,,False,0.0
RTlW3VQFTlIJSgSbf_1RcA,0.00011579171243531314,3097,,,,,,,False,0.0
Esf3-D_44pArPd9GqysoCg,0.00011575752893646159,3098,,,,,,,False,0.0
n8F6d2M3vGfQSZCXy_2ptg,0.00011575619232071187,3099,,,,,,,False,0.0
hSMHzI5jEMk33rVZJv0pEA,0.0001157487928094108,3100,,,,,,,False,0.0
ZgqZAKHXZi5HoCRYcTh9Gw,0.00011573594854049153,3101,,,,,,,False,0.0
nwfUGLlKaF3D3OPS4idFtw,0.00011570910547518734,3102,,,,,,,False,0.0
GzYIDkGgkHa1vghxXGQlJw,0.00011570023396327602,3103,,,,,,,False,0.0
17MK8qagV374AuUA4sXuIA,0.0001156992519757824,3104,,,,,,,False,0.0
S2f17_R3I2CXculeMDZAig,0.00011568362785531582,3105,,,,,,,False,0.0
iMkk09jgIHrgAwnzStbk1Q,0.00011564692089004899,3106,,,,,,,False,0.0
5GgCRUSQ4_ejE8YpjDYuEQ,0.00011563509261995546,3107,,,,,,,False,0.0
ytIh9UMN8mhMgICpd9aHcA,0.00011562336336609443,3108,,,,,,,False,0.0
SmoEzF8pka2rCG_HgE21zw,0.00011560987309213299,3109,,,,,,,False,0.0
paN9whOcxhHpGwE6oAI1sg,0.00011559944591641291,3110,,,,,,,False,0.0
PTn0hZz7BiP5T2muyoxrjQ,0.00011557895398544863,3111,,,,,,,False,0.0
q4wV6JIHvaMp0CQKPDp1kg,0.00011548761991628546,3112,,,,,,,False,0.0
VRf2SIY2glP1YZHHuEM5xg,0.00011546544097330947,3113,,,,,,,False,0.0
-lhHSR1Aws4CyYC1XOPVTw,0.00011544681813986421,3114,,,,,,,False,0.0
KQl_VeezUtEZZYTGVnaUBA,0.00011544426890689907,3115,,,,,,,False,0.0
nTq_BaEGkIjTHhKvnuc4Ng,0.0001154420570285105,3116,0.3272,1.2587,1.0,0.6931,0.1636,0.06028707734199002,True,0.0
3DKGhJXrqhVOQGFNiSp9Vg,0.00011541753855016847,3117,,,,,,,False,0.0
-mBc7M9Q3fEIxuUxwOleZg,0.00011540737494307882,3118,,,,,,,False,0.0
yYG2XDKCaf5yOLgJSKMw6g,0.00011538296104764335,3119,,,,,,,False,0.0
3H_MN2ecWlBLsUBWrjs8xA,0.00011535536607822754,3120,,,,,,,False,0.0
dbh_Nu_CfbV3zWUHua6xHA,0.00011534581616517955,3121,2.5109,1.3656,2.0,1.0986,0.2511,0.2674691310634626,True,0.0
fM6XQeGW70a4EFbjqAAy3Q,0.00011534081527247883,3122,,,,,,,False,0.0
_V6hl1oGkTV2KbGeax_HPA,0.00011531690925274405,3123,,,,,,,False,0.0
6f8dXcqMrNPMHm1fXFQQbg,0.00011530931725464961,3124,,,,,,,False,0.0
CANk57JhjPTrpOkOCvECKQ,0.00011529441186320633,3125,,,,,,,False,0.0
VM4QU1KR0dmW2IFTkmFTIw,0.0001152937803644093,3126,,,,,,,False,0.0
JjUsoFUCDHsEloj6Q83aFA,0.00011527417399556646,3127,,,,,,,False,0.0
BORvYBcXG-VbwNBylwUInA,0.00011525864636201678,3128,,,,,,,False,0.0
OepegcksAfr6LDOlRTg1Wg,0.00011525286566440726,3129,,,,,,,False,0.0
2SevIwjgGdDdkIfs3Peu-Q,0.00011524050679211863,3130,,,,,,,False,0.0
R9VYqhQeGtHpaadx4eK3_A,0.000115231413465005,3131,,,,,,,False,0.0
4phSC3w3422K6SUJgmJw7w,0.00011521935457011091,3132,,,,,,,False,0.0
nB3izx-1CtnSx1WJqhFmqA,0.00011514617339247473,3133,,,,,,,False,0.0
tooCLsBJgtfcZLcpO_0hsg,0.00011512038272534452,3134,0.3,0.306,1.0,0.6931,0.3,0.0558769672846689,True,0.0
bpMv-FzY0RjaaNAxeZGXgw,0.00011511981820828869,3135,,,,,,,False,0.0
44QTpz3cx4dHHvOWIPhsYQ,0.0001151102852640716,3136,,,,,,,False,0.0
0oogOBGXNj39Wnl2SKoe0w,0.00011509746606837777,3137,,,,,,,False,0.0
RP8JKUeQHwz_aRYjmipokw,0.00011506453649673112,3138,,,,,,,False,0.0
_05DcCQmCP5aGnfCnI4r9Q,0.00011505503904501687,3139,,,,,,,False,0.0
hPGUmYikkMpTW9EJNEfVoA,0.00011504494050067959,3140,,,,,,,False,0.0
1Efad30BdOeqqjX2d6P4sw,0.00011497795425229253,3141,,,,,,,False,0.0
bO11uxR0ipkAc59TawQCew,0.00011494989740363797,3142,,,,,,,False,0.0
YICdPG1yr1tzlZBd05xcQQ,0.00011494867349504081,3143,,,,,,,False,0.0
Uc-2UziRQMTpV8UqOVOSrw,0.00011494265779378431,3144,,,,,,,False,0.0
_qgqa4X1OiMLqub1hHaMjg,0.00011494121218484583,3145,,,,,,,False,0.0
tGc2cbNouGKD2DfqeDPrvQ,0.0001149401591737511,3146,,,,,,,False,0.0
EkGrpiN5gN6TaSfVQ0ggvA,0.00011493670404429758,3147,,,,,,,False,0.0
m7YpXsUZOfbmaHxjhCGP_A,0.00011491634756290601,3148,1.8,6.0999,1.0,0.6931,0.6,0.21928295229634864,True,0.0
xqWUMFEEbQla7B8lbUTrlA,0.00011491622858535812,3149,,,,,,,False,0.0
UhekcbvU2xnBZ93KCb9cYA,0.00011490747382273517,3150,,,,,,,False,0.0
mvhxTBUXIsM4judjBE9u0A,0.00011489573955348294,3151,,,,,,,False,0.0
tmYDjisEHdbgngUwL_KuyA,0.00011488357629579111,3152,,,,,,,False,0.0
UE-PBEev_8GNq1Bd2NK0Fw,0.00011487108546083253,3153,,,,,,,False,0.0
uCBEcUgXHrKH72fB8TwKAg,0.00011484799114221272,3154,,,,,,,False,0.0
_kSaLnFZIEpOZEg6ZIxKvQ,0.00011484303923848879,3155,,,,,,,False,0.0
mdNm8X3vcedYXQ-vwc7OKQ,0.00011483698217845087,3156,,,,,,,False,0.0
7BmboJEmyQ_DAgTCoCgpgg,0.00011483172407291271,3157,,,,,,,False,0.0
6oeFoOXBcembgDTExuYYww,0.00011480387869559031,3158,,,,,,,False,0.0
k4WBufHPsiz4HgmT_gwK3g,0.00011478134307239028,3159,,,,,,,False,0.0
iapJoe3OzxeZqOGUJxnG3w,0.00011477869374157285,3160,,,,,,,False,0.0
RBCtHLVvc230q8zkRWIoyQ,0.00011476131154250187,3161,,,,,,,False,0.0
NbzrpJu7222uqxNaf8zskg,0.00011476002517535772,3162,9.4325,25.5095,4.0,1.6094,0.2341,0.4994100470815774,True,0.0
FlSiPPvYiqqDbKb8E_lLNg,0.0001147337648757551,3163,,,,,,,False,0.0
be_uy8EbtTcCtBVqTYMFrQ,0.00011473343522545083,3164,,,,,,,False,0.0
_L4N2qjUUZWR9BELd4oemg,0.00011471333316359042,3165,,,,,,,False,0.0
kyRUZEZThKotuabJQfuXYA,0.00011470706323068155,3166,,,,,,,False,0.0
lV9Zwwau6ToYrh1_F6Q7cQ,0.0001146769079222136,3167,,,,,,,False,0.0
4hv1n1VBzMvE-T4UtIcOcw,0.00011466251931920124,3168,,,,,,,False,0.0
aqyDUSUJUg0gKf-R1aGzLw,0.00011463717698469293,3169,,,,,,,False,0.0
Zn-Fm1X8nwjrDtaWV3bQXQ,0.00011463489741857367,3170,,,,,,,False,0.0
G7Hq19GVC-zcAFuvovvIWg,0.000114630802311128,3171,,,,,,,False,0.0
RVD0t9-pUTbcypj45FBsNg,0.00011462852992555037,3172,,,,,,,False,0.0
oskXqC-K0AFLtgbTA4D3gQ,0.00011458206804808375,3173,,,,,,,False,0.0
lqTXW5uVQZ9q2RUh8Ahyqw,0.00011456759096667416,3174,,,,,,,False,0.0
CpBuc0aSueBpTXce3fJoRQ,0.00011455329960347228,3175,,,,,,,False,0.0
wFFHt-ixlw_3kZ6kfioMMA,0.00011454116418514446,3176,,,,,,,False,0.0
tMj79H5v1nOWmg9tsMfWiQ,0.00011446599333006971,3177,,,,,,,False,0.0
zszv_H7xTUo6SjCebQbbGg,0.00011442549366310228,3178,1.0761,0.8815,1.0,0.6931,0.2152,0.1555761767417593,True,0.0
l71kgJo4jCr4RcuUD8Re9g,0.0001144113309375527,3179,,,,,,,False,0.0
v30UfHgDVZJSjLriIwnh3w,0.00011436143198198699,3180,,,,,,,False,0.0
vRm7mIVRfvzvBKhDe5DsOA,0.00011435396153585552,3181,,,,,,,False,0.0
r_oscENLKdrF2KNyWP4oow,0.00011435312653207084,3182,,,,,,,False,0.0
xCVncT73OioOAC9Adt1a7g,0.00011433349088679004,3183,,,,,,,False,0.0
qDkAJSYGOsXIr3XhC4Hl4Q,0.00011432985148294402,3184,,,,,,,False,0.0
KhBUg5QhBYuK8RZAe5gDMQ,0.0001143275084122942,3185,2.502,2.1313,2.0,1.0986,0.2502,0.26692856256356834,True,0.0
0-pY7oEuTT6j9fa1k-YBnw,0.00011432099073938524,3186,,,,,,,False,0.0
MBtoji84lhvTCRTjfLwTDw,0.00011431775641463485,3187,,,,,,,False,0.0
MG5FKykJ8gvvZlgv3Xhe0w,0.00011429448107250731,3188,,,,,,,False,0.0
rQkGuMsXdQ5AQtqk6mzpAg,0.00011428848051391312,3189,,,,,,,False,0.0
t2vxEpIP8ntB4OBHrNAcVw,0.00011426829058057714,3190,,,,,,,False,0.0
57WmsMG9ApjYT7zNNX0YYw,0.00011426234281682838,3191,,,,,,,False,0.0
UVNNX59l_6qCJWgKuc_mNg,0.00011420379937316946,3192,,,,,,,False,0.0
hH4POQ9ly9VmHgkpqMdOFQ,0.00011419681590835947,3193,,,,,,,False,0.0
K4TlU26IH19tM_VvTMnpyg,0.00011419636756040586,3194,,,,,,,False,0.0
DE8wVXVQ5JNsRVZcLpOARg,0.00011416288009707006,3195,,,,,,,False,0.0
lKCEFd8Z7tZiBiLT2J741g,0.00011416231594037791,3196,,,,,,,False,0.0
35XA5-HmCdlGig97Lf3WUg,0.0001141561117392461,3197,,,,,,,False,0.0
bsg8I5CyuHEEKcg3VSo7Pw,0.00011411088853796421,3198,,,,,,,False,0.0
EuzUT3fwPBWAHMXUiX5L8Q,0.00011407146905908809,3199,,,,,,,False,0.0
fAiPD2OIEm9wtS7uJqzu5Q,0.00011404867096416986,3200,,,,,,,False,0.0
kBuzuNDQNM26AUbnkRVifg,0.00011402510256713905,3201,,,,,,,False,0.0
Wk21f0DAM7uj3DaJ_rMI-Q,0.00011398986278919406,3202,,,,,,,False,0.0
-JcSG0yNk06hpNWagOKj9g,0.0001139898032083531,3203,,,,,,,False,0.0
mwEZX3sq5gvUTGzpm-E9Jw,0.00011396871580790145,3204,0.2,0.4938,1.0,0.6931,0.2,0.03882989051478855,True,0.0
lR4yxv8dGwVewvm8g-eW1w,0.00011394739315905952,3205,,,,,,,False,0.0
TOgkopnDE5q9mT074TDeeA,0.0001138807586002394,3206,,,,,,,False,0.0
Pr5TeLRBEc59FlRF_Rc7Vw,0.00011384495094039474,3207,,,,,,,False,0.0
hGSrC6THEItv-tsZ_s2VEw,0.00011382344744213835,3208,,,,,,,False,0.0
KF1RRfSjz9ljpNXiuMBDCw,0.00011381213998893555,3209,,,,,,,False,0.0
Ipkx4Sa7ybn8C6LtTqTztw,0.00011379934448856944,3210,,,,,,,False,0.0
unK5BCRWoMZ3ZCWhcKe-ow,0.00011376921138207092,3211,,,,,,,False,0.0
LgAuYz5cQe3zTxuteJ4VyQ,0.00011376909893872963,3212,,,,,,,False,0.0
YPnksHT2DQA0AhcxP6udxw,0.00011375673443785562,3213,,,,,,,False,0.0
Tho_6e_z8EzWEgj0z7-5kQ,0.00011375411731897876,3214,,,,,,,False,0.0
uJvTBGksfErVDSOeBsmOyA,0.00011375132816242708,3215,,,,,,,False,0.0
KOprnHl3K-oXWszxZKESow,0.00011372214754877685,3216,,,,,,,False,0.0
EQXQ8KvVBLeOdzlwXjwGYA,0.00011371888760791222,3217,,,,,,,False,0.0
osOONoA8wMF5ZpLWUS7VOw,0.00011371313170437547,3218,,,,,,,False,0.0
ydpTeUOS3fvu3uP47s-_Nw,0.00011371147386935364,3219,,,,,,,False,0.0
Wg3OzU6Zw25A8MqbqP0GtQ,0.0001137027878267598,3220,,,,,,,False,0.0
63vCK62HJXpGi8aG0wr58w,0.00011368924417106392,3221,0.3428,1.0051,2.0,1.0986,0.1714,0.06277579953197,True,0.0
LtG1BloPZmht57B4f8pimA,0.00011364725246952759,3222,,,,,,,False,0.0
pG_VmYfvQ7ELc3ySasCN_Q,0.00011364557657589491,3223,,,,,,,False,0.0
SK8mugK0lNcb0okR5pQ8pQ,0.00011362677290479435,3224,,,,,,,False,0.0
9ycb4phY8qbaLcloDhmbNg,0.00011360087847620115,3225,0.15,3.6076,1.0,0.6931,0.15,0.029765766681636534,True,0.0
vwqqOKV8enOLmuvNSY3s8A,0.00011358548488066965,3226,,,,,,,False,0.0
Gf3szNlyQWst4v49S-W1lg,0.00011356291313871523,3227,,,,,,,False,0.0
VXPpzhD7mA262gIv1T0WPQ,0.00011354124547380182,3228,,,,,,,False,0.0
wTKdsD4AccJAQak1R2k73Q,0.00011352788988331534,3229,,,,,,,False,0.0
R_8S3Iuhpzoi3nM-xq3kcw,0.00011352073774742494,3230,,,,,,,False,0.0
VymPe2QIxLcb3KO0xqRd8A,0.00011350500998274317,3231,,,,,,,False,0.0
bWMpAxTtVKpNfuVK7xMjQg,0.0001134956809646571,3232,,,,,,,False,0.0
HUfoljaD3iVbHdQlBAsV4Q,0.00011346264513067937,3233,,,,,,,False,0.0
r_N9LaJuiTaLKIkCAXxM8g,0.00011341866442036269,3234,,,,,,,False,0.0
7kv0_b00dLOqKxaHb7Xfeg,0.00011339000997402258,3235,0.6659,1.8297,1.0,0.6931,0.222,0.10869497569219737,True,0.0
9ZGG0q8GZ3Mh-HzG0livdA,0.00011338753783993964,3236,,,,,,,False,0.0
kPK3_DVC3oANl9m2a02m_A,0.00011337570852206577,3237,,,,,,,False,0.0
bkhCiUVfelcjuLG15iSddA,0.00011337071812100742,3238,,,,,,,False,0.0
sTQDxlvt1fxBXvu-bvE7Kw,0.00011336173990848804,3239,,,,,,,False,0.0
2P-pvj_jo0SxNe6jih6sOA,0.00011335361121444716,3240,,,,,,,False,0.0
vV00GT_L1_fJYbLg_yEIxg,0.00011334016575979701,3241,,,,,,,False,0.0
vfuO_1C2TqbS7jlNvRt63Q,0.00011331470749824908,3242,,,,,,,False,0.0
kMfhJIGdpU4rZeogFKdr1w,0.0001132860456019076,3243,,,,,,,False,0.0
3Ge5qClUv3L3R-a1TyLdYg,0.0001132710323404132,3244,,,,,,,False,0.0
g29mjp_JF_LqNxm7I8_sYw,0.00011325502017065822,3245,,,,,,,False,0.0
H-6Obgfximh5vDpgWGlHlg,0.00011324282506138707,3246,,,,,,,False,0.0
9sOHuGGwb8uRVu7pANSWfg,0.00011323981508634154,3247,,,,,,,False,0.0
DpHiXRM3cxC9c2i4idYw0g,0.00011320848559052648,3248,,,,,,,False,0.0
LYgLZ6mMp15rpMJqOEEKPQ,0.00011310822349004181,3249,,,,,,,False,0.0
5Ubo-2HLRnCCo8Pnq-v-cQ,0.00011309676025873092,3250,,,,,,,False,0.0
TUtOrI_GnVwSuHHTTEN8MA,0.00011309063154736759,3251,,,,,,,False,0.0
puDcIJMwP0H_vy9Ty8HFFQ,0.00011308117680043007,3252,,,,,,,False,0.0
95Pw5mF_PMbfvXN_K-mXWQ,0.00011305643895176033,3253,,,,,,,False,0.0
0NkRPv4QdGubH4xVD1DuNA,0.00011304919038712503,3254,,,,,,,False,0.0
8CC7IN8NeWlm5PeZVWvcRQ,0.00011301516052033594,3255,,,,,,,False,0.0
a_ts6C7QntisENtyitJRBw,0.00011299970146075524,3256,,,,,,,False,0.0
OnR86SBjEMUg60cCyOxQ9w,0.00011299430055425634,3257,,,,,,,False,0.0
ZKgCoC09-92hZAvq6CgbuQ,0.000112946961541044,3258,,,,,,,False,0.0
lRkJG5xxHpvoV3mkQhbNhQ,0.00011293286223011627,3259,,,,,,,False,0.0
xqrlUnrLo1t9UP38S02qeg,0.0001129217179463817,3260,,,,,,,False,0.0
vyWlrMyMypGPnipA7ovgSg,0.00011291256045799015,3261,,,,,,,False,0.0
f8d5NwkN4F2-mpx4MMDf3g,0.00011289882583181485,3262,,,,,,,False,0.0
b92a3Va0I403KTaZelSdHg,0.00011289219791638913,3263,,,,,,,False,0.0
DefRn9bPWVK5iNeGixFbzA,0.00011289062500405808,3264,,,,,,,False,0.0
s7MaEXwDnzUcqG16pG7Wfg,0.00011288606619115034,3265,,,,,,,False,0.0
q_S1dx9WI54X2Ll1pBW-9g,0.00011287802123197039,3266,,,,,,,False,0.0
4uZUHjSonatwt-02yqJp6w,0.00011282808847341959,3267,,,,,,,False,0.0
UoZg0xZepdMXbK_2dtT2nw,0.00011278755978652074,3268,,,,,,,False,0.0
RsJE0PIwTgKSB6CHmutjAw,0.0001127859609239854,3269,,,,,,,False,0.0
-AanHawaDlzWHQjrqRRWig,0.00011276653560787035,3270,,,,,,,False,0.0
0Aov4WvC_3NErO5JtmoJtw,0.00011271570165838895,3271,,,,,,,False,0.0
RkRwYRTQSgLtqRo_lODaLQ,0.00011271317741376035,3272,,,,,,,False,0.0
cVBxfMC4lp3DnocjYA3FHQ,0.00011268875368766016,3273,,,,,,,False,0.0
l5-v4ttXyiBccg6zaVHoOA,0.00011264181624347184,3274,,,,,,,False,0.0
SyKHFYhRzW1hlwDga5EWWw,0.00011263433951631439,3275,,,,,,,False,0.0
mcmOeaoHlryrtogjd3tooQ,0.00011261472780896879,3276,,,,,,,False,0.0
Z0tqMjLVWNub24JsywCwbA,0.00011260862907855328,3277,,,,,,,False,0.0
OK2nqgnnsGoDBzrc4N2_YQ,0.00011260479737692139,3278,,,,,,,False,0.0
GsDwQ9NzKu8eaAGFhkOtnQ,0.00011257801741846021,3279,,,,,,,False,0.0
jDO4n9lAZNlQTcTFEObfyg,0.00011257270694453101,3280,0.4005,1.9098,1.0,0.6931,0.2002,0.07173614399466215,True,0.0
xY9QKt3W_khOmvKNyArhvg,0.00011255393466985743,3281,,,,,,,False,0.0
GU6AnPaDqYA7PYIS52CKEA,0.00011254738122530259,3282,0.44,0.2809,1.0,0.6931,0.22,0.07765978102957709,True,0.0
qdvEM3vJY5vi3fM1x0b10w,0.0001125439741481287,3283,,,,,,,False,0.0
w0iWxESZA0Oaseol_MbD0Q,0.00011254076348755598,3284,,,,,,,False,0.0
89COhCW-cAD5-fTXPfXYTw,0.0001125375380548788,3285,,,,,,,False,0.0
kKkw3zsIGMQDFQXP-_yYbQ,0.00011249004907777593,3286,,,,,,,False,0.0
xGBHv5kA1Cm4eYyqzxy7Kw,0.00011248810647408745,3287,,,,,,,False,0.0
q92RjCgEyOLxDhOQ-GLn4A,0.00011247239673142441,3288,,,,,,,False,0.0
kFxHQcrCEycaWLEOkkoE1A,0.00011245682466139222,3289,,,,,,,False,0.0
AR1ZK5MNYNgTzkAQPn3gqw,0.0001124451779320174,3290,,,,,,,False,0.0
C90VRArdfin-06NcvTaaSw,0.00011244326662633675,3291,,,,,,,False,0.0
7qA-7EK9-i8x3p1UPiSMFw,0.0001124271341953677,3292,,,,,,,False,0.0
fYUeuKAPBFvQ3YyyZHrj8g,0.00011242562530771756,3293,,,,,,,False,0.0
lN_iUy3zHqbxPahTxDoKZQ,0.00011241876141511811,3294,,,,,,,False,0.0
XAAHadX1iU-ueAMPWZ--_A,0.0001124128345559353,3295,3.7125,9.1113,2.0,1.0986,0.2475,0.3301574302935599,True,0.0
U6oNVSJAngSFXcCzNBXgGA,0.00011240839457743488,3296,,,,,,,False,0.0
uTq9qVkOuxjBPjqC7K0XYA,0.00011239821244724971,3297,0.509,1.6699,1.0,0.6931,0.2545,0.0876278659783112,True,0.0
5cvVmZYhYr1P0ot0ed2lJQ,0.00011238835661836107,3298,,,,,,,False,0.0
981Xj6Sey1CjyP6WQ70lzg,0.00011237176256585787,3299,,,,,,,False,0.0
SdZ9ldwNbAOCf_DeUMN4Ng,0.00011236024230093285,3300,,,,,,,False,0.0
70kwtAF7XEtP2WZkOn34fA,0.00011235587805826565,3301,,,,,,,False,0.0
33JlrWf0kmHd2VzW58Wp0g,0.00011234896762765669,3302,,,,,,,False,0.0
VZFQS0SXzXPuxISbAgIVBA,0.000112313441145717,3303,,,,,,,False,0.0
_A9HatbhHMesQq8-O_e20g,0.00011229510375684248,3304,,,,,,,False,0.0
14ZGwnDyydXdSBsLXpSUrA,0.00011228960433543583,3305,,,,,,,False,0.0
fBYOdcN7ywrueLIEEkW0kw,0.00011227277857216842,3306,,,,,,,False,0.0
rQiXAJVQxIAEQD1DVTAvKQ,0.00011227267008296078,3307,,,,,,,False,0.0
PaP2OwAFRITcjJ_Xb6dUAQ,0.00011226893275576172,3308,,,,,,,False,0.0
o3RGMdSY37_PX1k1vZsXpA,0.00011226891562466585,3309,,,,,,,False,0.0
r5yb5JfWV4TryNZlMBHPng,0.00011226351091720417,3310,,,,,,,False,0.0
_Tu6ZShT4VuNKoc4d2jP7g,0.00011225403182958495,3311,,,,,,,False,0.0
z504bZq0L1ypJmIoXL7C4Q,0.00011224302209569264,3312,,,,,,,False,0.0
dbq2TOIs7moyrY1sfo2iFQ,0.00011223968066217913,3313,,,,,,,False,0.0
Dqop6WgHI3m_piEVcaPJ6Q,0.00011222303365139166,3314,,,,,,,False,0.0
MM_v-KIUJiXLCxnkIqPKWA,0.00011221208815851703,3315,1.9291,7.7935,1.0,0.6931,0.2756,0.22888295833374941,True,0.0
g-0-_hPz-yr_f4gBFbX2Ow,0.00011220501852378209,3316,,,,,,,False,0.0
lTk4efVzepR0PIPayrHojA,0.0001121714777244363,3317,0.15,0.0,1.0,0.6931,0.15,0.029765766681636534,True,0.0
2Q5gjf_K68145UdUyKGAaw,0.00011214856092542535,3318,,,,,,,False,0.0
yDi27lJ-GDv_yC0iiL_68Q,0.00011209908826603506,3319,,,,,,,False,0.0
QwlwT9sJrf85RelP0frxcA,0.00011209713531564794,3320,,,,,,,False,0.0
1sZKO790Q6C4aV9PKmtWeA,0.00011208185300733684,3321,0.6333,0.0,2.0,1.0986,0.3166,0.10448595333374501,True,0.0
1myhYEZ2EC98hrNMw7KAqg,0.00011207491375595401,3322,,,,,,,False,0.0
dNawpzf7Q8mnHIASvFf6LQ,0.0001120561903735047,3323,,,,,,,False,0.0
e4MoozYGqe_rb4_ZC1rYMQ,0.0001120178446806199,3324,,,,,,,False,0.0
flAKU5PiUDE0jkZL6h4cLg,0.00011198263534507318,3325,,,,,,,False,0.0
1mLyYz0skNlRGP6wXBEmHQ,0.000111952926872592,3326,,,,,,,False,0.0
L9sNYgV-TKTQdkaeEZBqEg,0.00011194674402410589,3327,,,,,,,False,0.0
vHqJerp8iZN1Lje3dLa4Eg,0.00011194376139835075,3328,,,,,,,False,0.0
eYoOM8C9mEpdZx_wAsqcug,0.00011194296447081726,3329,2.4471,5.8412,4.0,1.6094,0.2225,0.2635633619459768,True,0.0
lH3tplAcbNrNL0nJoyXCNA,0.00011191092065462245,3330,,,,,,,False,0.0
kP5igN3XFPRHvEaunI28tQ,0.000111893102723857,3331,,,,,,,False,0.0
E7jw4bNYxy00T1vIkzOdzQ,0.0001118775987025248,3332,,,,,,,False,0.0
-9rRsa_9GTkSYkPdKa7T8A,0.00011186628992783013,3333,,,,,,,False,0.0
QjQ-gtUnkne7jch0OLsPIg,0.00011185972800483053,3334,,,,,,,False,0.0
2IahpaBR4U2Kdy9HF28EQA,0.00011185230993307274,3335,4.7001,5.4823,1.0,0.6931,0.2238,0.3706791090551081,True,0.0
WFRro-8uIBpKoJ1VSKrpdw,0.00011183553661881163,3336,,,,,,,False,0.0
C-5bR1H-ynXbIEQaaI92jw,0.00011181721876673189,3337,,,,,,,False,0.0
wS1cKdAunElzf9ztRx14Ew,0.00011181659234692725,3338,,,,,,,False,0.0
AV--_bzb6m-RqUfk269DBA,0.00011181492752640561,3339,,,,,,,False,0.0
Kul4eM5SoI36a0jWk5Zu0A,0.00011179913680120558,3340,,,,,,,False,0.0
83wPVS_ikQujVTGiqGfv_g,0.00011178400406111634,3341,,,,,,,False,0.0
D_JgJY5V54i0EYOdTHmWlg,0.00011175830781216867,3342,,,,,,,False,0.0
fimN43BUUakBXeRUQqkYvA,0.00011171507939158762,3343,,,,,,,False,0.0
iqTHGZyiWasuI8pop3J36A,0.00011170686166273223,3344,,,,,,,False,0.0
SgpPB69RDlyJBwGdaf5_Ew,0.00011170354111090123,3345,,,,,,,False,0.0
U_NagvNEa4k150qLgul_zw,0.00011170235884320544,3346,,,,,,,False,0.0
Jr5hwzjNwr-VD9pVWOFa7w,0.00011169301024819684,3347,,,,,,,False,0.0
J3v9wfVtxcQ2DZPXgE8ksA,0.00011168846665942241,3348,,,,,,,False,0.0
1A9p0iMiPsIqC0iDRMfZow,0.00011168377286244082,3349,,,,,,,False,0.0
uLM1kVK3-gYuUYkgnCoTyw,0.00011168239802601667,3350,,,,,,,False,0.0
D_-w6oXNj_33E7-urbSLLQ,0.00011162661040727283,3351,,,,,,,False,0.0
-T_lkOvaK39R-Ufg6VUyxg,0.00011161927182119973,3352,,,,,,,False,0.0
WwrkYXerVwr49F1BeX0l0Q,0.00011160862408668082,3353,,,,,,,False,0.0
f0qy_jMfakYtRQLADjmC3w,0.0001116045276716444,3354,,,,,,,False,0.0
pCpHrr2sUS58szoseyF2-w,0.00011157061585892004,3355,,,,,,,False,0.0
noBinj5ChHbPCHfqTcUO6g,0.00011155754384165527,3356,,,,,,,False,0.0
s4VzQaUCrgwPuViQYOqC2w,0.00011155638207089776,3357,,,,,,,False,0.0
czaPJbUz2-Y8_t2bBN7djw,0.00011155242066839578,3358,,,,,,,False,0.0
-mDAFyX5kZHXhxjELeMhiQ,0.0001115150054105459,3359,,,,,,,False,0.0
p5pQ5PKXiEc4yLxsL4TsFA,0.00011150117362048947,3360,,,,,,,False,0.0
_P6AQUbyQltYRcQNrQ8plw,0.00011147023151209655,3361,,,,,,,False,0.0
SWP5Cck3Hd_g-KWfVkF_IQ,0.0001114688059809505,3362,,,,,,,False,0.0
-J_HhUwt5pPiHRNf_m7rHw,0.00011146544238425782,3363,,,,,,,False,0.0
zpKTPWoW56wF6d9qNnxM3Q,0.00011145807410539493,3364,,,,,,,False,0.0
X3jaJDlA5YqN1EZhV9KCkQ,0.00011143764549274019,3365,,,,,,,False,0.0
cCwGNGOCvhigKOLSFUaVDg,0.00011141009475684315,3366,,,,,,,False,0.0
LGOyGWr9PwNHkpI5d72bWg,0.00011140324549568552,3367,10.6692,28.6613,5.0,1.7918,0.2218,0.5232689621463674,True,0.0
Q6gX_JvVZHW3N9Wkh6RXNQ,0.00011138113517461038,3368,,,,,,,False,0.0
Df-DdXqssj7ZeD8ypAF7Og,0.00011137006582976754,3369,,,,,,,False,0.0
CVqpTp3Cmud3rwAuKj15gw,0.00011133969268450052,3370,0.2,0.15,1.0,0.6931,0.2,0.03882989051478855,True,0.0
dMOwtXTM1j_RP18Wl1RC-Q,0.00011132559554749222,3371,,,,,,,False,0.0
BC-lnlxVEFFU49CUmikmAA,0.00011132499481976433,3372,,,,,,,False,0.0
_O_KBH1MStcUkS1xk5pxsg,0.00011132195523002434,3373,,,,,,,False,0.0
b4YPBSnqU5_L6TUz147Dow,0.00011131978552909444,3374,,,,,,,False,0.0
oDlF5bfcQrYkjK4D4_Nw9A,0.00011131649644867162,3375,,,,,,,False,0.0
htO_nlxkEsYHzDrtbiUxew,0.00011129504541910779,3376,,,,,,,False,0.0
JkBiCY04rSSAa7qrawqUsg,0.00011127821874001205,3377,1.0396,2.2884,2.0,1.0986,0.2076,0.15179855315906826,True,0.0
CRnqAB-ViEfQ0CQGOlEIeA,0.00011126040394162006,3378,,,,,,,False,0.0
5Bn9CbdNYnZMDYryh6n_0g,0.00011124979472217954,3379,,,,,,,False,0.0
Kup9m2JnUJrnnULc9zjDQQ,0.00011124501605234849,3380,,,,,,,False,0.0
q3qHHAMG8v748fe2z0EsCg,0.00011122624148018812,3381,,,,,,,False,0.0
wH94vFPKNVtBmQX5c7AfRA,0.00011121330153837347,3382,,,,,,,False,0.0
0N_HQ2GsT1zNKX-escN2ZQ,0.00011118794817671626,3383,,,,,,,False,0.0
SYb7oCytGSV6a3RnSFnE1g,0.00011118091694777786,3384,,,,,,,False,0.0
WYFbNrYDgw7gNDvMxa0rKA,0.0001111654796249169,3385,,,,,,,False,0.0
lRbHFOIFuusN2WOR_ypQ_A,0.00011115901375992873,3386,,,,,,,False,0.0
gq4zw-ru_rkZ2UBIanaZFQ,0.00011115770974093057,3387,,,,,,,False,0.0
S9IFCU4FKCqEriV1Rr2ZcA,0.00011115345714229396,3388,,,,,,,False,0.0
_ju1BXAF5g5QtAFfZZKO1g,0.00011114078246293467,3389,,,,,,,False,0.0
qGtPd-sk178XvrN38D3kzQ,0.00011109532144466242,3390,,,,,,,False,0.0
4tgm6KADoZz_hbukxqK7sA,0.00011108362289602246,3391,,,,,,,False,0.0
uVIOgGhOYozGPwpptrF3Cw,0.000111075603874732,3392,,,,,,,False,0.0
M4oFZszg38THXefgu-5ydg,0.00011107458848927162,3393,,,,,,,False,0.0
906LNhIYthmVJlKdS40PYw,0.00011104995038430047,3394,,,,,,,False,0.0
VeJqScDLsoA5WasQSv_Jfw,0.00011104469673431395,3395,2.1772,6.0264,4.0,1.6094,0.2419,0.24619889220836855,True,0.0
J7_B_oDTGbFm4fe0Uy--lQ,0.00011100708203718716,3396,,,,,,,False,0.0
vUrTGX_7HxqeoQ_6QCVz6g,0.00011100680569243645,3397,,,,,,,False,0.0
0MhxvTys2ADYa3sOO91ldQ,0.00011100365462665724,3398,,,,,,,False,0.0
tWFRO1kaw3wghhzFb6D-hA,0.00011098165042315227,3399,,,,,,,False,0.0
mKZEuPNLVe4yRL0UfxFPTg,0.00011094699613381682,3400,,,,,,,False,0.0
U30ggGzFpXvc2NZYwOW3qg,0.00011094428835526508,3401,,,,,,,False,0.0
AtIGlkUITdQFhAG_JWp-Og,0.0001108905240156003,3402,,,,,,,False,0.0
onLvuAKTdabG_tSXkuqYCQ,0.00011088757991984443,3403,,,,,,,False,0.0
EzkR89g7pIm12IldI5e6gQ,0.00011087414301214513,3404,,,,,,,False,0.0
QAnMrj8-uQMNthhrfXAQfA,0.00011086592866757957,3405,,,,,,,False,0.0
K7KHmHzxNwzqiijSJeKe_A,0.00011086481884842663,3406,,,,,,,False,0.0
_Ri9vkf4KMprP_hIw3vW_g,0.00011086137322694887,3407,,,,,,,False,0.0
L2tGLS6O9bwVbHWKJbEhRg,0.0001108521653367005,3408,,,,,,,False,0.0
GrfFulYVrfWIKmwa1dHktg,0.00011085119918132748,3409,,,,,,,False,0.0
eO5MbK-ujRQMwLWqbAMqrQ,0.000110823137474435,3410,,,,,,,False,0.0
D7SxS4qCle_Nsv_ataoM1g,0.00011081921026592769,3411,,,,,,,False,0.0
2ISww4-o249VMoy7zKsWBA,0.00011079062434204942,3412,,,,,,,False,0.0
ooUI-JC2tu0J-vavmOHZYQ,0.00011079007467732783,3413,,,,,,,False,0.0
T85Ck4uybby0-klUlxF_nw,0.00011078100913623628,3414,,,,,,,False,0.0
fTXSAVnzPkHqCzA4l6896g,0.00011077275505612906,3415,,,,,,,False,0.0
FwOCErmBff1G8sf85_cJnA,0.00011075515325506515,3416,,,,,,,False,0.0
psvwCDbjNu7WhzGk5uLa8A,0.00011073845260351201,3417,,,,,,,False,0.0
GEL_vUHipc20TvmIRh-33Q,0.00011072364603363599,3418,,,,,,,False,0.0
TUmDqPWKfovIhDSEh-TC2A,0.00011071479150077854,3419,,,,,,,False,0.0
fHa15mzKSuq9Z6gd-m3kAg,0.00011068340096334846,3420,,,,,,,False,0.0
Tt2R4wjIcwEUgD-3SNmT3Q,0.00011067453619119586,3421,,,,,,,False,0.0
e-ZyZc24wgkKafM3pguR2w,0.00011066959043715721,3422,,,,,,,False,0.0
weIYxWpFp1TLoaX6XE4Elw,0.00011063437917288527,3423,,,,,,,False,0.0
s4aArjOavl28bL5rPQRhRQ,0.00011063224072140228,3424,,,,,,,False,0.0
2kvPnK4DLK09KHvvwEj1xg,0.0001106131468382674,3425,,,,,,,False,0.0
WPyR3UrtsAkHLlNWqU-hsw,0.00011061107271883772,3426,,,,,,,False,0.0
EDr-EcPu7T_Rf6m12VchOg,0.00011053782661709976,3427,,,,,,,False,0.0
Ir5e0r9HM798lqIYP1D9nQ,0.0001105342766219183,3428,,,,,,,False,0.0
cpM1Ia8EozVN0Oovw4ALTQ,0.00011052471553426349,3429,,,,,,,False,0.0
QkOLTKmHsr2sDWlKxNuvCw,0.00011052411188786673,3430,,,,,,,False,0.0
t07Pof3RG7i-4DdZ5pYdaQ,0.00011051939781317211,3431,,,,,,,False,0.0
ufR8XREY2d0UTK5DUV2CzQ,0.00011049856097356839,3432,,,,,,,False,0.0
G8pVaj3yS503ah8fxncDVA,0.0001104821593186118,3433,,,,,,,False,0.0
i8u6G-4FdqejdKp6hDUhow,0.00011046532314482006,3434,,,,,,,False,0.0
0hcn0TK1-n6-6hiznW1Kgw,0.00011046198021926482,3435,,,,,,,False,0.0
RddG_iqsIhcnBG8vLqc_-A,0.00011044913262201962,3436,,,,,,,False,0.0
aiTr5RX3RkAwQeCswBaL5g,0.00011043668438217751,3437,,,,,,,False,0.0
3UBG2rwjgP-6ifTAuKl3Gg,0.00011037257555988925,3438,,,,,,,False,0.0
yFpOyYTVc2p2I-vNxe4nQw,0.00011034908778014362,3439,,,,,,,False,0.0
SUpQ7uFtXvdzgVubewMV8g,0.00011033225801417238,3440,1.5226,1.6806,2.0,1.0986,0.2538,0.1970634439378074,True,0.0
mLF5l4rFV0JaD1xsB2IPng,0.00011033115956895019,3441,1.0761,1.1455,1.0,0.6931,0.2152,0.1555761767417593,True,0.0
9Ip7jPc0L8BfqwAYa7Lqzg,0.00011031272737200309,3442,,,,,,,False,0.0
crDmS2Hux1Rwgylo6S022Q,0.00011029921636020605,3443,,,,,,,False,0.0
Xa71VM37G-SdRmGjc_VzCQ,0.0001102872487207798,3444,,,,,,,False,0.0
6D6QLWKg-pO5yl1u1k25ZQ,0.00011028298763270291,3445,,,,,,,False,0.0
DxzL49yhgQ2CxZvmcXV_YA,0.00011023092754886498,3446,,,,,,,False,0.0
TUpEcktoaIHfegZywmDbuw,0.00011021054051858421,3447,,,,,,,False,0.0
Xu2wzTGixa_zSjYQO-GPoQ,0.00011019751372026246,3448,,,,,,,False,0.0
t__uF8kJWMYlWGGJ84pFyw,0.0001101936460754985,3449,,,,,,,False,0.0
H_JO3CNWRTRHmstEyvb31Q,0.00011019284244681782,3450,,,,,,,False,0.0
kPy6jsVWuMREMRWRGTvEyw,0.00011018451352968353,3451,,,,,,,False,0.0
IdIOZSbnLRcN1dG5PDXDeA,0.00011017836175667706,3452,,,,,,,False,0.0
45siW2fI0Cuv5ZKCS23knA,0.00011016160974473255,3453,,,,,,,False,0.0
6xWQqSQ6nctJ6Ifro4Nrxw,0.00011014681838843113,3454,,,,,,,False,0.0
KKWQ-OyBDSEVtPQGt3yxiQ,0.00011013937297745072,3455,,,,,,,False,0.0
vQMcJ0hvM--o9qPYFn6Xvw,0.00011003587332772966,3456,,,,,,,False,0.0
Jx2AoB_IQOUrZ3s6fdAUSA,0.00011002702396884375,3457,0.6,0.165,1.0,0.6931,0.6,0.10009891197775421,True,0.0
n0Mf1XEY90VplwcqR_2tGA,0.00011001209618003722,3458,,,,,,,False,0.0
9dW3CVyvnTXdkXg2AOyBfw,0.00010998731307465385,3459,,,,,,,False,0.0
uOjNbkw8nExqS7dylRcZmw,0.00010998242049630044,3460,8.8058,16.6103,4.0,1.6094,0.2718,0.48621585875711804,True,0.0
4D_GsaRoqk7P09VOcgezlQ,0.00010998227565653782,3461,0.6,0.12,1.0,0.6931,0.3,0.10009891197775421,True,0.0
EJ_ua43d33kN-rnc71LPLA,0.00010998002036938958,3462,,,,,,,False,0.0
_T_uAA8QWu55WWerljCYug,0.00010995289955786167,3463,,,,,,,False,0.0
VX7GkJDnhPG8NmrdO1V-6Q,0.0001099526088157142,3464,,,,,,,False,0.0
2ZrmEwoZW7Na-JVH9dM_Ug,0.00010995106769433755,3465,,,,,,,False,0.0
FL58ckZZ-jB5DgJQKpHqcQ,0.00010994574606882225,3466,,,,,,,False,0.0
fLM3emFZM3NjUKysn5_yEw,0.00010994397924515873,3467,,,,,,,False,0.0
g1n1KgsJcvT36lfxXHbN_Q,0.00010994204056699624,3468,,,,,,,False,0.0
ED-6JeGGo8C_m7MiSB36Zw,0.0001099345406575453,3469,,,,,,,False,0.0
jC9Fn4tGGYbJg332IJ4MHA,0.00010992256191649708,3470,,,,,,,False,0.0
pnDavnO86ecVdnecksUW9w,0.00010992063026233096,3471,,,,,,,False,0.0
yueX2QEsXa5_mTsp_CffjA,0.00010990104053983716,3472,,,,,,,False,0.0
5zTGhEeKl6Kz-ULDgyOurg,0.00010988613433692285,3473,,,,,,,False,0.0
bP3woTpfO9XZ41_e7TQdMg,0.00010984222858678562,3474,,,,,,,False,0.0
tWacrK2PCQZ1Q0aQ2PFJRg,0.00010983830979964129,3475,,,,,,,False,0.0
NnA2n0gbI0YBFKZR53Ad7g,0.00010977033828959882,3476,,,,,,,False,0.0
FiTls64Ll9f9OeqwASM-UQ,0.0001097694608776437,3477,2.1276,3.0102,4.0,1.6094,0.2182,0.24284786878989567,True,0.0
PrF1qZ9L9gQJKZkruB1dCg,0.00010976375551198159,3478,,,,,,,False,0.0
TAitPmhWLhTSLmeJQ85iog,0.00010974833611687934,3479,,,,,,,False,0.0
Y7CyVy4yXkpYUfQyKu9ZYw,0.00010971787489516132,3480,,,,,,,False,0.0
fZ-VmEkeeY5_zHLuN9xHiw,0.00010971655356914734,3481,,,,,,,False,0.0
tVghfIsGDOOx_6j6IBfNiA,0.00010968617978092288,3482,,,,,,,False,0.0
enF3lioValNS3Bwic5nB6g,0.0001096860060218418,3483,,,,,,,False,0.0
pxuMxh5oC7W-PDN9wwvozg,0.00010967211753130851,3484,,,,,,,False,0.0
Y-xCFPYXWd9Ig0R_ZTd9mA,0.00010966235029720522,3485,,,,,,,False,0.0
pqO3306gXylthbj1nE2Gyw,0.00010965861753057937,3486,0.24,0.0,1.0,0.6931,0.24,0.04581329528932625,True,0.0
Gtn4_eWhhkjCVI613L2ZqQ,0.00010964720670269104,3487,,,,,,,False,0.0
v5ur7Ceat3IiRyFzEzLqHw,0.00010964270640720155,3488,1.64,3.0368,2.0,1.0986,0.268,0.20675141069533,True,0.0
W49fAQGBt9IgduhvqqRQ4Q,0.00010962384498593061,3489,,,,,,,False,0.0
efVCzhiCt7bnlWzQyQlYYw,0.00010960228800906763,3490,,,,,,,False,0.0
BoUnMqQc4-ye-DGGxsowlA,0.00010960079225141984,3491,,,,,,,False,0.0
h3dUyHGGx69JUaB5v6OLcA,0.00010959598233363063,3492,,,,,,,False,0.0
37yDMpWI6HBO2iW8slv7_Q,0.00010956313787149578,3493,,,,,,,False,0.0
x0hzVPfxWXRIu0yOSEnLCQ,0.0001095543439293579,3494,,,,,,,False,0.0
Itwlyh07-B1CBvreY4ixjw,0.00010953047802183384,3495,,,,,,,False,0.0
6jTChkWB6cR8wIhw4z1_GA,0.00010952963019687957,3496,,,,,,,False,0.0
1NJTnfFfLYnt8-p3iUoGOg,0.00010951856573569286,3497,,,,,,,False,0.0
tMtI6ECD6hwM-nFp2kXLKQ,0.0001095183770180633,3498,,,,,,,False,0.0
vSRdQJkcExJqR5l3QPmy5w,0.0001094860418027489,3499,,,,,,,False,0.0
kQSIyrBeeXarRZzovJn-rg,0.00010948552396587426,3500,,,,,,,False,0.0
A3Qt87F7ZaAwCW4CyyB1Fw,0.00010947097274696789,3501,,,,,,,False,0.0
zGSgPMzY9Vk5iYOkHNreHQ,0.00010946941492731746,3502,,,,,,,False,0.0
WB7-m5YtEhSwMqEOfbFfyg,0.00010943814639443862,3503,,,,,,,False,0.0
VCjvaX_78oEKG3I9oTJEag,0.00010942973328589348,3504,,,,,,,False,0.0
GBRQ70B7TOhs8M40w6WGbw,0.00010942849624830998,3505,,,,,,,False,0.0
EBonJ5tjkxBEUezwosVlLg,0.0001094263939666105,3506,,,,,,,False,0.0
_bofVL_0MxlZYWBa8XEJEg,0.00010941398027686637,3507,,,,,,,False,0.0
MlXH9dWYDFEBbwuGStlfZg,0.00010940221457736088,3508,,,,,,,False,0.0
S6L5hB5r9_j6UeanowxRvw,0.00010939816960378501,3509,,,,,,,False,0.0
gITXkZ3IQlSW_PurDwa5uA,0.00010939594353493488,3510,,,,,,,False,0.0
NeY1bH6IKJxnn4YAixibsQ,0.000109391495925983,3511,,,,,,,False,0.0
EQ-TZ2eeD_E0BHuvoaeG5Q,0.00010937030225233959,3512,,,,,,,False,0.0
jNSUyV_W4te2qQHMwo9kSA,0.00010936920173671146,3513,,,,,,,False,0.0
M5rj-zpkCHcGXTxBbcrDXQ,0.00010932664306282698,3514,,,,,,,False,0.0
G6Wm6EqUKaKFGrBulQJ3Tg,0.00010931884199334767,3515,,,,,,,False,0.0
6Md7LjLUqf0scKfl78CQDg,0.00010931835760394843,3516,,,,,,,False,0.0
2HKLaz8nktScK4-1hIFykg,0.00010931470833888197,3517,,,,,,,False,0.0
1ODxVllpi7ANEq9Ngqb5cw,0.00010931123678069393,3518,,,,,,,False,0.0
pXKUrKDnNzEW9rD3urTA5w,0.00010928033079082787,3519,,,,,,,False,0.0
F0fr6X9CPLarpzO-zJ9aMQ,0.00010926893044100477,3520,,,,,,,False,0.0
U588hFqWbd1T9EJ6Nplv2g,0.00010925734641027934,3521,,,,,,,False,0.0
k0AO8X3VzWe_F4lkMb0eSg,0.00010925541741532977,3522,,,,,,,False,0.0
bvVHopucWYlQtDg6bVY09w,0.00010925359766838816,3523,,,,,,,False,0.0
jLerIZFpe25jOUf722qzBA,0.00010925157191563872,3524,11.2583,33.4581,2.0,1.0986,0.2509,0.5337580473181937,True,0.0
_eQA_RCQjBWQYvAR01gIng,0.00010922547220618667,3525,,,,,,,False,0.0
V_jy9Aemc3kjznqhbsu_Dg,0.00010921725468473448,3526,,,,,,,False,0.0
xdIUHgxMScxlGiiEdwsgnA,0.00010921574069187291,3527,,,,,,,False,0.0
qGktl0XjPNgc1nRJavkLGA,0.00010919917867131801,3528,,,,,,,False,0.0
1hZCHWFUixqG77pEqpubYQ,0.00010919822918007312,3529,,,,,,,False,0.0
tJPaPZwRqFmDSEc8VEx9hA,0.00010915627252632271,3530,,,,,,,False,0.0
-gFkkYh0tqQcgZh3z0yyYw,0.00010915210783596001,3531,,,,,,,False,0.0
uiK29Gh9OVX3kk9TOgP-Fw,0.00010914755824325351,3532,,,,,,,False,0.0
uwtZHsvaENUXhUD--_JU2A,0.00010914475493190598,3533,,,,,,,False,0.0
6PVqGaFOEibpO4DMXD5Tqw,0.00010911093746866798,3534,,,,,,,False,0.0
wx3W6sRXMC1IPWRaw4Z2EA,0.00010908414338666097,3535,,,,,,,False,0.0
nwUFPclGP8sMNyjJXiSPZQ,0.00010907707959669634,3536,,,,,,,False,0.0
WH56nCM5KEcFKChDchvKlw,0.00010907182361053729,3537,,,,,,,False,0.0
ZcSdZkosdUL3mFAaNS2xAA,0.00010906657532855327,3538,,,,,,,False,0.0
OFeOtZ_8FJvDUb9BEfnyTw,0.0001090585837898164,3539,,,,,,,False,0.0
bRkR1YBXijVpQaXqWpJfXw,0.00010902845107231515,3540,,,,,,,False,0.0
LS0bgbX9fTTTOJe5wDZj-g,0.00010902698982412629,3541,,,,,,,False,0.0
FYgFwsb9w2_2VyyUuld23w,0.00010901881979390288,3542,,,,,,,False,0.0
2gW2AflncKzHvmSvel2LBw,0.00010901560075928294,3543,,,,,,,False,0.0
dhIyv1RgNYaNsn9Q7LkxhA,0.00010899472476112992,3544,,,,,,,False,0.0
TZw1VM4-B6HLS0ZPXs-hHQ,0.00010895723583030404,3545,3.36,8.9947,3.0,1.3863,0.4267,0.31359938878772603,True,0.0
U1Ni64-U1o5ylGO_pqNDMw,0.000108950159933666,3546,,,,,,,False,0.0
9hUAOvJlS49CJyRWsx22fA,0.00010893431190241363,3547,,,,,,,False,0.0
q1VOESxR99qJvpubnNxyJQ,0.000108910361744052,3548,,,,,,,False,0.0
aG8XkIE_TMkr_QKSfaFBBg,0.0001088969046834377,3549,,,,,,,False,0.0
qd-36RpoJTypGyvlRpRp2g,0.00010887006378827857,3550,,,,,,,False,0.0
yh4OvNj73ioPYPhJv6MNjA,0.00010886235088265586,3551,,,,,,,False,0.0
Ag3bj6WStEkDa2Ha72pQ7A,0.00010885067019627909,3552,,,,,,,False,0.0
hqm2zJ1WY5UaVGZ6j07NNA,0.00010884896090554805,3553,,,,,,,False,0.0
kzHH50fET6e5nVqk8IIl5Q,0.00010882979119586673,3554,,,,,,,False,0.0
9LZWyTM6KCr6JvfWEgGeQw,0.00010882819427971911,3555,,,,,,,False,0.0
b-lV7adri9ESsDIAGcP0Dg,0.0001088090189281428,3556,,,,,,,False,0.0
WnnfNMayJxtPBEHqR9EbrQ,0.00010880058671095863,3557,0.0,2.1569,0.0,0.0,0.0,0.0,True,0.0
-NvYIxTY2R3vzzSmvRKVLQ,0.00010877506766476667,3558,,,,,,,False,0.0
dZ0ys95zBvv_LD6nrwhtyA,0.00010876573432893012,3559,,,,,,,False,0.0
BOeBIWjryCt0EyrlAeqTMA,0.00010876117042506151,3560,,,,,,,False,0.0
wocwfwSFrNfYJRyfYSi1Cw,0.00010874441882671352,3561,,,,,,,False,0.0
soaZ7_oU7xcphlw6gpWblg,0.00010874192447776799,3562,,,,,,,False,0.0
P2Lm1g_RztvIaH4daQsXoQ,0.00010873512687715441,3563,,,,,,,False,0.0
ytaVHTK7kdHxUscf2PCrow,0.00010868844526883154,3564,,,,,,,False,0.0
bzQvlz7oUKFez_XMYmfjtQ,0.00010868655429486624,3565,,,,,,,False,0.0
MdcgaLvlmhYwpb5l3NT19g,0.00010866462826883736,3566,,,,,,,False,0.0
HuUdDS993Qqshv8UA_rRRw,0.00010864953344467967,3567,,,,,,,False,0.0
M8gqtBtaryMw4a5QStE1QQ,0.00010864800896920412,3568,,,,,,,False,0.0
TDRw3TX_lMAqwsHRfVOiRQ,0.00010864371780241706,3569,,,,,,,False,0.0
urqTD_JA6CphlyU0I-AyKg,0.00010860298216282782,3570,,,,,,,False,0.0
e8VlQHJYDyfMo5J--qyY9g,0.00010858751498655981,3571,,,,,,,False,0.0
OLKGZL0OVufGZyi2m8JdYA,0.00010858365836242481,3572,,,,,,,False,0.0
mbzW1gqMXxy5hDkB3h2tmg,0.00010858350152972008,3573,,,,,,,False,0.0
-nkdsrNAQoHEve7j_k-_qg,0.00010857775125221946,3574,,,,,,,False,0.0
8GCFe81qmoTEcq2BnO-HGg,0.00010857532657681368,3575,,,,,,,False,0.0
4zyj8kBZoMrwAJ1e68cEMQ,0.00010857507434049829,3576,,,,,,,False,0.0
xRbgH1yBAo6_NWBUlYtYEw,0.00010856433627371104,3577,,,,,,,False,0.0
zujdPV3HT-Y-CKE1GgkMHQ,0.00010856106247965977,3578,,,,,,,False,0.0
UleHqBmIEjXdYMZzSFRLAg,0.00010850363520099411,3579,,,,,,,False,0.0
3B-hQrPI6wi92pLcnaErgA,0.00010850347705950957,3580,,,,,,,False,0.0
3sDSJK2zSeq-1rZtYCt_MQ,0.0001084937455453299,3581,,,,,,,False,0.0
85yjmSbuLVXLpxd71x-Jqw,0.00010849122037659305,3582,,,,,,,False,0.0
oYF96W1boB-0E3g3i8U_zw,0.00010848176398469993,3583,,,,,,,False,0.0
I2Ipf82-rbAwh0I-X9T0gg,0.0001084713175551678,3584,,,,,,,False,0.0
bMratNjTG5ZFEA6hVyr-xQ,0.00010847058700832583,3585,,,,,,,False,0.0
1u2IlvwOMndfuRk9EVcieQ,0.00010846613941223023,3586,,,,,,,False,0.0
zTwWBZxB_G30buh26RKsHg,0.00010846550101770638,3587,,,,,,,False,0.0
8aEHSfVjOUC7XSJw3xwrqg,0.00010844425783135695,3588,0.0,2.1799,0.0,0.0,0.0,0.0,True,0.0
r28E3Magy-W_w2V_0jfMdA,0.00010844030806447685,3589,,,,,,,False,0.0
0f0l62WKla-j2cfnPn7P2Q,0.00010843258448231494,3590,,,,,,,False,0.0
Qrkk_LwIZhNDTlDiy5LYMA,0.0001084203557992807,3591,,,,,,,False,0.0
RjPfO7a5IoGcAljTL9ZxBw,0.0001084146289350467,3592,,,,,,,False,0.0
f0LN8fAzO8MMIvv88cOrrw,0.00010838647651075963,3593,,,,,,,False,0.0
tueA4ip6XgUhHRGG-2-EJg,0.000108360883637539,3594,,,,,,,False,0.0
lZyINQz8hoGZk-WhqXy0Sw,0.00010835881650727204,3595,,,,,,,False,0.0
RLoGgt2GGC8wHpZ7K2ZbRA,0.00010835350154287715,3596,,,,,,,False,0.0
3aCIpZgIeDwB1uQBAaPbKQ,0.000108322755597192,3597,,,,,,,False,0.0
5ZchH9-aLJM-uWiSk-0zvQ,0.00010832205023921246,3598,,,,,,,False,0.0
gwxNttwUgmOn3vsHYe0pDQ,0.00010831969325533716,3599,,,,,,,False,0.0
-sdxKwgP6209YUfoFiVuTQ,0.00010829752406482188,3600,,,,,,,False,0.0
hoqITwtnCoz8x_2CcMylJg,0.00010828107462921538,3601,0.1714,1.6424,1.0,0.6931,0.1714,0.033692525586525524,True,0.0
30QeVr3702wSurnf-kLHWA,0.00010828088566812422,3602,,,,,,,False,0.0
8Oh9PG45L4bDN3kXzKunVA,0.00010825979320856763,3603,,,,,,,False,0.0
3kNwvKixMwe44dWvQd5PAQ,0.00010825739884692964,3604,,,,,,,False,0.0
KWIapYSSHxfZ1NQFpV2S9g,0.00010824626787080652,3605,,,,,,,False,0.0
zM73Lntxy3Qgpm_jWmmTzw,0.00010823865735926984,3606,,,,,,,False,0.0
lra78vwjx7YDfkoblGurEA,0.00010823550291089465,3607,,,,,,,False,0.0
Ir4-CFGZDfloJkUMax13Og,0.00010821430550349645,3608,,,,,,,False,0.0
XiPmvfzsqSUdwBZfSt3AUA,0.00010819787317865898,3609,,,,,,,False,0.0
UWDjZ6ljWGoyyv1pHrztMA,0.00010819430874170451,3610,,,,,,,False,0.0
qi1fmFf25hJTPtjqG3hhQg,0.0001081866752528129,3611,,,,,,,False,0.0
OOVUIzwsMR_251wOpDC1Sg,0.00010818064155852885,3612,,,,,,,False,0.0
Z_KNlr8cLxDSPUB055MgOA,0.00010816223739199125,3613,21.2161,44.7425,3.0,1.3863,0.2361,0.6603958220292068,True,0.0
y_IE3f8NMAyVdn0WQddIRA,0.00010815894195079088,3614,,,,,,,False,0.0
pppt4oXbVdApscY5UiTHwg,0.00010813678415492472,3615,,,,,,,False,0.0
oPiqiBdRbvaMTzPlYNeZ7Q,0.00010804092633677358,3616,1.5804,1.5868,3.0,1.3863,0.3161,0.2018882402627758,True,0.0
_5k9hs8ae9S9Dj46EZrSAg,0.00010801771790672618,3617,,,,,,,False,0.0
uflDYdHGrCawgr1JSQ7Ypw,0.00010801168745319724,3618,,,,,,,False,0.0
MdAO6bEVCYmAjw2IaGJ5RA,0.0001079691216596397,3619,,,,,,,False,0.0
hrEtM0WMgwhv19mzVnKiJQ,0.00010796189834500555,3620,,,,,,,False,0.0
WaHCrE9gQrVh0ANZ4kR7Lg,0.00010795351682636191,3621,,,,,,,False,0.0
Eo0psaCr_gcty9QqyUy46Q,0.00010793695094725871,3622,,,,,,,False,0.0
7cpj7hjDTX5fb-6pYcZiGQ,0.00010793031542695692,3623,,,,,,,False,0.0
SZnKIC9zVn_DJH6eC4ROIw,0.00010792933422195476,3624,,,,,,,False,0.0
b66R96v0N-Mmu0jb4cVhiQ,0.00010790920018252889,3625,,,,,,,False,0.0
_JHGrg4DNqMDlFplgED25w,0.00010790841826007928,3626,,,,,,,False,0.0
AWJyivVwe3t9BO-k8D0ynQ,0.0001078986526330314,3627,,,,,,,False,0.0
cAgokhC70lhtn5jyyM8enA,0.00010789245350392741,3628,,,,,,,False,0.0
dGuXwLXcJOS0l-aazD623Q,0.00010788705348818115,3629,,,,,,,False,0.0
HlaqPcOkOb7AjLpYU5fsoA,0.00010788395793835929,3630,,,,,,,False,0.0
1HNvVBmQX6F_0rMVdvKi1g,0.00010788166736227507,3631,,,,,,,False,0.0
M8AE0_L8zO0HsI8DGRqPJA,0.0001078734075098349,3632,,,,,,,False,0.0
4emJO_9XDV0kDwgnfMdbKA,0.00010786103930786758,3633,,,,,,,False,0.0
Njv2-eMDyGEWEPEOVonwsA,0.00010783933453556658,3634,,,,,,,False,0.0
Y4Mo7G0PRyC-IJ0WSQCkOQ,0.00010783044031556056,3635,,,,,,,False,0.0
9A5Gw0At6so0x-vWM0_JZw,0.00010782037958528402,3636,,,,,,,False,0.0
7gmgEoLpKdC2nawiBOtGjA,0.00010780858501797705,3637,,,,,,,False,0.0
vt_esoDw6HG5ClM12OPkMg,0.00010780321112711735,3638,,,,,,,False,0.0
gGNWbHg7jGu-vaeqqglZ-g,0.00010779529851779597,3639,,,,,,,False,0.0
zezqFvepI43vrYCVHwr-Mg,0.00010779376235411052,3640,,,,,,,False,0.0
IyEdPGa9EeZxL_pgvtGJow,0.00010775962382900485,3641,,,,,,,False,0.0
RrqRin8BYGrTlJbCDwtLzA,0.00010774962625704236,3642,0.95,0.0,2.0,1.0986,0.475,0.14223080295973245,True,0.0
DTwt8_pCuGyQbiIfXNdhDw,0.0001077392461756461,3643,,,,,,,False,0.0
S-O5ht3Z52FZiVoOhl9BRA,0.00010770059489797698,3644,,,,,,,False,0.0
JeoIxdzt5E3QXT1KHXR2oA,0.00010768686199507586,3645,,,,,,,False,0.0
sDi4t17ttgcIVZqd48EECA,0.00010766695815760981,3646,,,,,,,False,0.0
5xokROlB8Zo5T-_qbHzsrQ,0.0001076397700800703,3647,6.5712,9.109,3.0,1.3863,0.2712,0.4311357988434406,True,0.0
E5QDrZPan50Rd7jWcaFyfg,0.00010761076321396873,3648,,,,,,,False,0.0
unkAACN449zW3jtS8N2yiA,0.00010760806569203367,3649,,,,,,,False,0.0
6lTzO3wXNTJJODicDjfyJQ,0.00010760724148172181,3650,,,,,,,False,0.0
UWB_Oi9dkPwXfhYgFMnjsw,0.0001075998342960386,3651,0.0,0.24,0.0,0.0,0.0,0.0,True,0.0
nj2Dah8x5kVwOEBZ46FX1g,0.0001075954283090285,3652,0.0,0.7964,0.0,0.0,0.0,0.0,True,0.0
lWedWkinrM5j13pyimbpbA,0.00010756863693414769,3653,,,,,,,False,0.0
dMoc-bvAjAjH1TLd0GFbDg,0.00010754814857089823,3654,,,,,,,False,0.0
ulwns2OavT81v6zG-Sk6ng,0.00010754020277701616,3655,,,,,,,False,0.0
CG_NAd2OggmVEQjFOYsuTA,0.00010749275192095121,3656,,,,,,,False,0.0
EaGQz-Y2aAdfrn1XXgjJ6A,0.00010748870828275212,3657,2.9106,8.3239,3.0,1.3863,0.2646,0.2904317293583756,True,0.0
ayrKCuN81UEUduBhZJycXQ,0.00010747992648998543,3658,,,,,,,False,0.0
pKJu-pK6GWgPSaYhaEzZGg,0.00010742342326206051,3659,,,,,,,False,0.0
_qidWi35H30-Rjn74a6ORw,0.00010740295721908028,3660,,,,,,,False,0.0
AEgaEEWNGuXWBHUkf_fN3A,0.00010739279783254243,3661,,,,,,,False,0.0
cz79ih5W1PiiSZgyoPIY0Q,0.00010737266837058489,3662,,,,,,,False,0.0
lgSO-bzx0USaPe34zdLyCw,0.00010736919900360238,3663,,,,,,,False,0.0
UNzgGakdjDgdwSNSdhhV1w,0.0001073649350976008,3664,,,,,,,False,0.0
ZipaR6Tyd3IandZHwG6ubw,0.0001073204056845103,3665,29.6043,50.4387,13.0,2.6391,0.2483,0.7286165949844806,True,0.0
DqqccE7z9veLPUzlrFzyaQ,0.00010730187047020173,3666,,,,,,,False,0.0
q-m9__XyqMhuX5cValqS2w,0.00010729559591252439,3667,,,,,,,False,0.0
DocA3jtIJET0ZM5Xbai85Q,0.00010728900123943464,3668,,,,,,,False,0.0
bqEuDKbVgOALSAkYh_TVIw,0.00010728463748195649,3669,,,,,,,False,0.0
lh3ApskP-4XVdsQ-82792g,0.00010726802760149046,3670,,,,,,,False,0.0
p6zCE-CRFFLtjlrtn6kyCg,0.0001072582715254368,3671,,,,,,,False,0.0
ikx5LMrD4MjdwWM0yTJzYA,0.00010725288318154985,3672,,,,,,,False,0.0
2Sgt5ekJ7F785czScIZEYg,0.00010725040379285922,3673,,,,,,,False,0.0
dzNHPZmXHFc6_6BZQVYAeA,0.00010724761126766001,3674,,,,,,,False,0.0
pAwtNwMQC_EcuX6opGskWQ,0.0001072472205780667,3675,,,,,,,False,0.0
OX1eFYQwN1iYdFd0fkNpqw,0.00010718224529146007,3676,,,,,,,False,0.0
HMQ1HMB6r__ol7tSaiNvfg,0.00010717919942344439,3677,,,,,,,False,0.0
RTEaH3i8X3yCLNjOdPw3Pg,0.0001071251512033118,3678,,,,,,,False,0.0
_3VCzu9a79nrU0YA-WvUCg,0.00010712226144748096,3679,,,,,,,False,0.0
dzeBiAu0VAaVBbMwcV9GFw,0.00010712141820991079,3680,,,,,,,False,0.0
_3hT6D26_1uGR_W1RcmUaA,0.00010710946414413741,3681,,,,,,,False,0.0
tc6Qtzos9S09eRlHHrNUbQ,0.00010709472333488929,3682,,,,,,,False,0.0
ibhRPfV4SiqDeBKuuAhpWg,0.00010709048287061813,3683,,,,,,,False,0.0
FYs3jIvpxRCeTHMn2nOWDQ,0.0001070902828669693,3684,,,,,,,False,0.0
-Ot1Qa0V3wNVUroZmItMyQ,0.00010707736740211758,3685,,,,,,,False,0.0
nTXcWsIA8gPpnNYrmmkhKw,0.00010707616459102499,3686,,,,,,,False,0.0
rC8BSNd6Anq41TVkP92kOw,0.00010707544853949689,3687,0.3,0.3334,1.0,0.6931,0.3,0.0558769672846689,True,0.0
m7DA8pzug_TcB3EBs1w_vg,0.00010705839655411382,3688,,,,,,,False,0.0
9pc7HKeHRkBIcrjqcP_OeQ,0.00010705580333272725,3689,,,,,,,False,0.0
-eCe9GfRqhbMaB9CylkBSg,0.0001070370027867211,3690,,,,,,,False,0.0
jK58-2RpBsUbGKWRo0NlYg,0.00010703280629310773,3691,,,,,,,False,0.0
mUPwpNYMyoqxqXOmUOFmSA,0.0001070289017745652,3692,,,,,,,False,0.0
02qFLwwFi8T804rHcYh7Zw,0.00010702618384306638,3693,,,,,,,False,0.0
_4A9jOgyQGrkI9me_TmRmw,0.00010702518587499195,3694,,,,,,,False,0.0
CV1ZOJap9ZiEmtqgN3SKNQ,0.00010702142390884809,3695,,,,,,,False,0.0
K8J6_9RWE3WB_4h0nvd6Jw,0.00010701945728544699,3696,,,,,,,False,0.0
sjosv3U_wxN3Zigr7gIx2g,0.0001070122351310294,3697,,,,,,,False,0.0
rs2OZH_vIKgW2Zk59OnZ2A,0.0001069755138646933,3698,,,,,,,False,0.0
UQLWfOGTF-7T2EQlUT92Zg,0.0001069747410771405,3699,,,,,,,False,0.0
N6tFfU1jGAy4AqO3FD174w,0.00010695383217111075,3700,,,,,,,False,0.0
oc6_IVWcfALGuXM7ZEz9uA,0.00010694016376497718,3701,0.5636,0.06,2.0,1.0986,0.2818,0.09519777180225267,True,0.0
JHZ9LdG-V9yEcmT2UiBeDQ,0.0001069393743141072,3702,,,,,,,False,0.0
ir-ZYaFU_0YRF5wFEcnGbQ,0.0001069285429567406,3703,,,,,,,False,0.0
h9LVl1yLP69rqWNmsGgALA,0.00010688722459799063,3704,,,,,,,False,0.0
PYJ7YSaMmHM_7C4WwOuFgA,0.0001068761901653926,3705,,,,,,,False,0.0
lTTmtjhLZIj6vWSuIOyxwQ,0.0001068429273681811,3706,,,,,,,False,0.0
UgvyukRCZidKkqtIeOVDMg,0.00010682132172229504,3707,,,,,,,False,0.0
w4BzWRJ3xh0uRBvfqo28RA,0.00010680377437835915,3708,,,,,,,False,0.0
JPTxxPgVUEkb9BJlO6PAhw,0.00010678901024022301,3709,,,,,,,False,0.0
2N9WHETHcYJsfYpHQ-qN_A,0.00010676727096600882,3710,,,,,,,False,0.0
KbrWEdC_jbn1lOLk-M3mHA,0.00010675503289682653,3711,,,,,,,False,0.0
BooG5Hd_BTxlAu1JWbXdOg,0.00010674683009565694,3712,,,,,,,False,0.0
oXr3EhnQCqA8SNWIZ3H4Fg,0.00010672596243709503,3713,,,,,,,False,0.0
xQ850u4BgjrN0tpun1zGXA,0.00010671461834401344,3714,,,,,,,False,0.0
WzMfMJKOpN0j21DvXC-g6Q,0.00010669323431714512,3715,,,,,,,False,0.0
ITmpZnJ6ltL-5iaRRSYaqw,0.00010668110261311896,3716,,,,,,,False,0.0
tX7Cdun9VVRRBM3hmv0P1g,0.00010665969417814931,3717,,,,,,,False,0.0
mNO9pUXwxP2VgOhXIPOdgw,0.00010664864135589152,3718,0.15,0.5344,1.0,0.6931,0.15,0.029765766681636534,True,0.0
HbJL7pGHREx2kdnAWdDNMw,0.00010664107402987671,3719,,,,,,,False,0.0
ZYiHs9ENVw6YgHgduru3Pw,0.00010663482923020948,3720,,,,,,,False,0.0
bzOCjuydWTkgkbZeaec8Zg,0.00010662685491914382,3721,,,,,,,False,0.0
wZjHlM6t-kMhnPDaeGzZ8g,0.00010660697282369679,3722,,,,,,,False,0.0
0-JRAY0LpBazDuA9761U5w,0.00010658833841778069,3723,,,,,,,False,0.0
ckUXjKaqb60XOMTB-EUwbQ,0.00010658362230985494,3724,,,,,,,False,0.0
n04MPaNrNSUJI_ogOfb3Ow,0.00010658152304543178,3725,,,,,,,False,0.0
VP8HMhVt-pKmqGNmDW4-TQ,0.00010658107024420527,3726,,,,,,,False,0.0
NmJX_LZ7ShIZqspI31RVZA,0.00010657573956077913,3727,0.525,0.7231,1.0,0.6931,0.2625,0.08987415985580063,True,0.0
WLaT4_8EgunV0UXks3Qukw,0.00010654141117572371,3728,0.3,2.0268,1.0,0.6931,0.3,0.0558769672846689,True,0.0
7pTSUbvuKYowZfN0bGSy8w,0.00010650697792916291,3729,,,,,,,False,0.0
vDhOjSNfgA4eE1Rj88-XDA,0.00010650457955116831,3730,,,,,,,False,0.0
uoU7b-XfnWJfJ0jVa7_Uog,0.00010648582778301002,3731,,,,,,,False,0.0
uxZENO1iy7tz8MK77L3_GQ,0.0001064675576881722,3732,,,,,,,False,0.0
4C8l_JnoNL_VK2la-micUA,0.00010645345346267367,3733,,,,,,,False,0.0
NBjZWsD9C-JwjsQ2mQlmNg,0.00010643189529383207,3734,,,,,,,False,0.0
HzRSWmNxcEVQGrr1tun25w,0.00010643160942903488,3735,,,,,,,False,0.0
7hpUoYdAVToZXwuPRgoqdA,0.00010641243634780081,3736,2.9862,4.4642,3.0,1.3863,0.274,0.2945096809517525,True,0.0
STU4v_QuqjpsUJmWU535pg,0.00010639136734875113,3737,,,,,,,False,0.0
gLIUwEYhC4Lr2wXVejXRIg,0.00010635981674079757,3738,,,,,,,False,0.0
rApszehZejreNYb4yymzTw,0.00010635098611776992,3739,,,,,,,False,0.0
TQloD2_k3J67Q1J_picgfw,0.00010633860769809922,3740,,,,,,,False,0.0
ZDNPWWMny8RzZ9Wg27aMFQ,0.0001063273281370585,3741,,,,,,,False,0.0
llx_S8wac2y_0pNRRAwZ7g,0.00010631254182496144,3742,,,,,,,False,0.0
CV2NybLmtkyegVvoZ-Ncgw,0.00010630259239816257,3743,,,,,,,False,0.0
bBPrDU0lA1vgiQOlDhzuWw,0.00010630207506109747,3744,,,,,,,False,0.0
1T_b-aka5LMYBbq2gG1n2Q,0.00010629967946317498,3745,,,,,,,False,0.0
k6ti2dkJD_6xGzxjQQ_FnA,0.00010629421903569534,3746,,,,,,,False,0.0
EKBDN90FwKHr6F7_zzSCZA,0.00010628948423765522,3747,,,,,,,False,0.0
1QJD4wh6gdlO6I1h0_FiZg,0.00010628387573903127,3748,,,,,,,False,0.0
3WDy7uo8g3bR_4IyYLXtWg,0.00010628362280586467,3749,,,,,,,False,0.0
MhY13kxJHfnigrA2S5j6Rg,0.00010626103737838557,3750,,,,,,,False,0.0
wF7TFhN7iupGSMZA0Se6Bg,0.00010625524080307876,3751,,,,,,,False,0.0
nd1wLaVXyk86yECj1ffwJw,0.00010623458784803383,3752,,,,,,,False,0.0
SbhE1Ns2EQ_ROA0qsR0dfg,0.00010622130806808286,3753,,,,,,,False,0.0
ZoSDp6Ycoy9H2spud3PYqQ,0.0001062154111895924,3754,,,,,,,False,0.0
Z8qGOmU8YxDjLPBbrz84Yw,0.00010618274908226732,3755,,,,,,,False,0.0
nkqjHy8jqKkxBhmBB_-Dyw,0.00010613221779419267,3756,,,,,,,False,0.0
9L7yi0YRdzbK1KCjBsalNw,0.00010613073090666538,3757,,,,,,,False,0.0
cVZ4whFwPNA721C4DIetbg,0.00010610358062225706,3758,,,,,,,False,0.0
mCNvZPROAx2AwbYeizPHvg,0.00010606466890240972,3759,,,,,,,False,0.0
noRT1heGkIflS0_S2ciF2Q,0.00010605509419217897,3760,,,,,,,False,0.0
iibELFthZ_mTJyYs99De_Q,0.00010604068911537222,3761,,,,,,,False,0.0
UgnHg8cdrPqxJKD9MpHNPw,0.00010604040719092865,3762,,,,,,,False,0.0
-9lL4yFBX_7XVqUr8cwytg,0.0001060250003917862,3763,,,,,,,False,0.0
XUnOrn2ZPom7cJCfG9syXw,0.00010600934964575909,3764,,,,,,,False,0.0
NK9Lcz3LWLBGf42LH38qwQ,0.00010600799937780567,3765,,,,,,,False,0.0
xB_YNhUqfsvKOfyZHwQsnQ,0.00010599223838004523,3766,,,,,,,False,0.0
tRo8kUT8DmVsKl-d00cgvQ,0.00010599200683863502,3767,,,,,,,False,0.0
eM8kmbbkjtvYKL2kHsARsQ,0.00010598482134951208,3768,,,,,,,False,0.0
McE_Yj6-dfRmh3RR3hfVsg,0.0001059794616615509,3769,,,,,,,False,0.0
nt3s_bLQirMU2WysUQ62Sw,0.00010594384054876058,3770,,,,,,,False,0.0
jsAqWUT1tbAI6WXxUg8ZSA,0.0001059388988453867,3771,,,,,,,False,0.0
NHz8uMabvQ2nXk6CddCK4w,0.0001059356311233322,3772,,,,,,,False,0.0
O88D3UXolC40wsSpYNhvUw,0.00010591782679835235,3773,,,,,,,False,0.0
GOSVLhjUT6TnrPhkkmDOpw,0.00010590947298370094,3774,,,,,,,False,0.0
IZ8MvaGP3O6h7VnpPBhkJQ,0.00010590865972274188,3775,,,,,,,False,0.0
k1VWscMY1JqCHNVDk-lD5w,0.00010588958116619727,3776,,,,,,,False,0.0
U8TY8RR3Cz5FuJ1Sbedb-A,0.00010588185674799183,3777,,,,,,,False,0.0
CVJsqDS_XmI0CGbLC1EclQ,0.0001058572627049278,3778,,,,,,,False,0.0
_gaOrkYtODrxY0JlWFe-sQ,0.00010585644530632535,3779,,,,,,,False,0.0
Ukkr1N8UApmJsOzbX4XnRA,0.00010584279909374158,3780,,,,,,,False,0.0
-M7aI9P2XG79_E0c3sN7gQ,0.00010583329862186545,3781,,,,,,,False,0.0
glqhlr3vcINNstyYRQGliA,0.0001058267382387787,3782,,,,,,,False,0.0
shwU_rE-turuyGBYHeolNw,0.0001058168603721473,3783,,,,,,,False,0.0
5nGBo2covUY0PrDO_aNYbw,0.00010580811051011996,3784,,,,,,,False,0.0
zwe9H6Xxqb1_E09A20Ptgg,0.00010580276098664698,3785,,,,,,,False,0.0
wUMuvdUeVZODZk7TjaD2jg,0.00010579837301225977,3786,,,,,,,False,0.0
4y0DlszRtjZHvFSUYOvaxQ,0.00010579758578591926,3787,,,,,,,False,0.0
L8rhRyXtpq2nCE0il1KN_g,0.00010579169700557846,3788,,,,,,,False,0.0
lnzvlkjKKPLatw6Y7ThcaQ,0.0001057656742616621,3789,,,,,,,False,0.0
6FvC6w810uf6O7Ocd6Wpog,0.00010573811461408719,3790,,,,,,,False,0.0
HqV4cganalEtEtKGALbzOQ,0.0001057348791765521,3791,4.8854,8.1331,2.0,1.0986,0.2326,0.3774923824422745,True,0.0
2EOinQpyU4ChpyJ4KusO2A,0.00010573465704504499,3792,,,,,,,False,0.0
e75wnGhnZfGajDXXpY-UNg,0.00010572232721843283,3793,3.1598,4.9701,1.0,0.6931,0.2257,0.30358849698296847,True,0.0
jz_EhugSzDAWhdiClA-jZQ,0.00010569498180525908,3794,,,,,,,False,0.0
T3Z5p2_2tJrFdD3ohUE5Jg,0.00010566978176084523,3795,,,,,,,False,0.0
oKvzmVhA1dKf-UARX4EpzQ,0.0001056694590412703,3796,,,,,,,False,0.0
GyEK0xZsYoOsL-5huVB0Gw,0.00010566544908730685,3797,,,,,,,False,0.0
A0F-h3xJm_6gHDKcDQwSrQ,0.00010566454868586974,3798,,,,,,,False,0.0
WGAG5zFj044C5BIhCjT17A,0.00010565274023420862,3799,,,,,,,False,0.0
yKLYA_R5mpt4Ho5YJhqY_Q,0.00010565103262549312,3800,,,,,,,False,0.0
3y6GWhwZsNshAcy3wShT6A,0.00010564170162925396,3801,,,,,,,False,0.0
qaDImxPguQz0jToNYvB1Eg,0.00010563647299127945,3802,,,,,,,False,0.0
x-waJIgYyDLprk6xniUjlA,0.00010563161048835645,3803,,,,,,,False,0.0
ZNB73mij2iG0wfbXBazQdw,0.00010561859402560028,3804,,,,,,,False,0.0
jv2Wc3-j8Q225eRgq2JLvA,0.0001056159613192886,3805,,,,,,,False,0.0
p-P6Vwx5TVXgnk6mNcV0zA,0.0001056081174375996,3806,,,,,,,False,0.0
sr-5EY6bmp4jINhea06MjA,0.000105600468475027,3807,,,,,,,False,0.0
3yW8-dUi1wwCEf0URxUA7A,0.00010557701687494314,3808,,,,,,,False,0.0
lZym8zAzq0lWbQYaLVuBlw,0.00010557435753075083,3809,,,,,,,False,0.0
Envz99GhwMkfMg7LzDQeUQ,0.00010557056316965874,3810,,,,,,,False,0.0
LK58peZTR54sYsISrTo0cA,0.00010555584216735647,3811,,,,,,,False,0.0
ZiQiMlvgk19GrEEkN9kyRA,0.00010555375427000221,3812,,,,,,,False,0.0
e7fAEuZ58SEOWB0Rw_4w2w,0.00010554447778479069,3813,,,,,,,False,0.0
EZQafNN19PO-KICK73BZqA,0.00010554093625398868,3814,,,,,,,False,0.0
snFTGTO_TIpJMh7Qdlb6tA,0.00010553781855766562,3815,,,,,,,False,0.0
i2g8Vt3SZu2GnVAv-OuXGg,0.0001055158489433755,3816,,,,,,,False,0.0
jEKE_T_iTSCTehiB5K1CvQ,0.00010550644144499886,3817,,,,,,,False,0.0
RmZ9CORyRONwfJYGrPPpbA,0.00010549856546070013,3818,,,,,,,False,0.0
xJMIT3fJsbrGVQ1-AhQUvg,0.00010549606649551932,3819,,,,,,,False,0.0
yiE_Iym7A9wa6tyJHkWzhw,0.0001054744563528942,3820,,,,,,,False,0.0
jZGqAdBlDnrP-J7--vdPxA,0.00010547314040631171,3821,,,,,,,False,0.0
6YVES8bcHezqAmzexU2kFw,0.00010546807260584073,3822,,,,,,,False,0.0
ROcDKj3OnhC0Uem0dTGAHw,0.00010546601419643767,3823,,,,,,,False,0.0
by2wRASwOKpCZU9KtZ3MHA,0.00010542843153647311,3824,,,,,,,False,0.0
5q__7PxcjaqxrzZTC_yrug,0.00010542488882391907,3825,,,,,,,False,0.0
P3Oy6-nfqP46PmHJXNPLYA,0.0001054237861723358,3826,8.3132,7.3359,2.0,1.0986,0.2109,0.4752388628390965,True,0.0
BUmzDaCXu44GNjvtdePVTQ,0.0001054154382798578,3827,,,,,,,False,0.0
L8RfVsIAvNPCKlp5fJkoHA,0.00010539798315196181,3828,,,,,,,False,0.0
SG9_UvGkcsArW6oELZ5XFg,0.00010537440740897777,3829,,,,,,,False,0.0
fPjjGmgDMGstcYJcH4K19w,0.00010537156349593682,3830,,,,,,,False,0.0
JjR-spxq6lVpIXHPrFKy7g,0.00010536834154493616,3831,,,,,,,False,0.0
sankqYOVWpYX_T5kGZRRKQ,0.0001053402994534358,3832,,,,,,,False,0.0
Pw6fbFqzYt3DfQardKyCBw,0.00010533261510255639,3833,,,,,,,False,0.0
rmvEN4p8to8hx7o7lo8Xlg,0.00010531272802596136,3834,,,,,,,False,0.0
GF-GWt4zA4UbXCQIBdFSbw,0.00010530899224804727,3835,,,,,,,False,0.0
UwI-vRH7Mu6PmsPR67MXyw,0.00010530012886255497,3836,,,,,,,False,0.0
NhjZyB8Ep7VkK-qcyFBgHA,0.00010529733016421467,3837,,,,,,,False,0.0
GZDkhotwnmGlpYUKxAwobw,0.00010529312256489295,3838,,,,,,,False,0.0
TDJosP6sAx1-ONY28Z7-Fw,0.00010527108147764007,3839,,,,,,,False,0.0
ybpCdZgY43JGcuAeGfm4Bw,0.00010525751297462255,3840,,,,,,,False,0.0
9mNXWpQJh0ydVgJKRhmwRg,0.00010524163016921826,3841,,,,,,,False,0.0
2Ec7JLAHcJo4Aj2yvqfkiA,0.00010523697666196424,3842,,,,,,,False,0.0
UmrZshqaASb4yA_LjS9D0g,0.00010521492816657966,3843,,,,,,,False,0.0
P3u-RmooNdeWOP6utecNLw,0.00010521174492623506,3844,,,,,,,False,0.0
3UR6sAv6l4rtfSvTPTavFA,0.00010520361451629245,3845,,,,,,,False,0.0
69R0QwXKjNDpilMgtzeLqA,0.00010519403556240291,3846,,,,,,,False,0.0
A2Jizi4-CZufW1ozFB-oWA,0.00010518813839831231,3847,,,,,,,False,0.0
liqVJX9k7jCqk9JohlosPw,0.00010515179513604377,3848,,,,,,,False,0.0
mPZzpjFxy5lN-3yTMDDbnw,0.0001051516880685626,3849,,,,,,,False,0.0
Xd3TetLYlPfiIbYA4EpGMQ,0.00010513798154359382,3850,0.3583,0.6587,1.0,0.6931,0.1792,0.0652200963560507,True,0.0
ttBk7z_0A_RFTawj5qWIpQ,0.00010512766721210803,3851,,,,,,,False,0.0
Q71q-s-BDPn-WCic7lMLtw,0.00010511975605164342,3852,,,,,,,False,0.0
_uIK_DBXx8ekjl5O8ZxgsQ,0.00010510472745310866,3853,,,,,,,False,0.0
m_K5001QBKloP7FVnDyLUg,0.00010509555563461501,3854,,,,,,,False,0.0
zDEzXNbn84HD0lR0KD0seg,0.00010507745677357458,3855,,,,,,,False,0.0
W3kFd-uNAkLZZsXEFwz3ow,0.00010507578228366754,3856,,,,,,,False,0.0
oS_i_WSEMwNulxRECiM00Q,0.00010507373917065088,3857,,,,,,,False,0.0
krWsMdrE_uglWwOF5BcJcQ,0.00010502884739126103,3858,,,,,,,False,0.0
CqUyK5sLX1hG15_dJAK5Nw,0.0001050102887834975,3859,,,,,,,False,0.0
Ok0y3WvijsjmUpGAwlAZOQ,0.00010500717615067893,3860,,,,,,,False,0.0
SaJHvbrvy-ndxLf85mAVXA,0.00010499613488399964,3861,,,,,,,False,0.0
s2cSf1IV8t8FtrbK3MLc5A,0.00010496230233828179,3862,,,,,,,False,0.0
gUqEACZc9faE9beaANW9fg,0.00010495832113872185,3863,,,,,,,False,0.0
-BLVl824WRLFIm_uiHmkbA,0.00010493983050726838,3864,,,,,,,False,0.0
Z-_juwElEmyk1QrwRw88BA,0.00010493062871840415,3865,1.0321,5.2091,1.0,0.6931,0.2064,0.15101396071076886,True,0.0
I3xJD0fXyiokQtb_6sn0fQ,0.00010492643702420249,3866,2.2469,2.7468,3.0,1.3863,0.2662,0.25082052747727934,True,0.0
3GH1JjRirgs1s2OR6Dk0RA,0.00010491507855093923,3867,,,,,,,False,0.0
tVNP5Ap6EAypgwsiPHWW2g,0.0001049005623823871,3868,,,,,,,False,0.0
ov8_PI6uHVEMODtdwX96gg,0.00010487521795205472,3869,,,,,,,False,0.0
S1FwTmCAwv5ulu5gToWi_w,0.00010486211385639815,3870,,,,,,,False,0.0
rLiG5i1Ct2q8qEbqZWwG4Q,0.00010483056275584655,3871,,,,,,,False,0.0
7lOXJ-SS0k8eK2fAgQG91w,0.00010483048655282709,3872,,,,,,,False,0.0
aA8_o9e57ey9QX5Nw4WelQ,0.00010482929552918383,3873,6.503,11.8493,5.0,1.7918,0.2471,0.4292086679835239,True,0.0
vTNSSvjc2J3DSOsNRdXtRA,0.00010481957562194776,3874,,,,,,,False,0.0
hoNc_KStFGoPRvDq2oI8LQ,0.00010479766842085582,3875,,,,,,,False,0.0
kZdkMY6GeaMebm81h3sfww,0.00010477055999640849,3876,,,,,,,False,0.0
-a0kKyJPMw-8z5AjfQstTw,0.0001047670347758189,3877,,,,,,,False,0.0
OjgZGDH-qJ92Enr2le7c-w,0.00010474996087559918,3878,,,,,,,False,0.0
dDaMtf0K5fwPx2vhthjnKA,0.00010471167273483527,3879,,,,,,,False,0.0
GzYLKS6vjbZMfr3BYtq2Iw,0.00010470329322791354,3880,,,,,,,False,0.0
4BKKBx50oZaEczazjZ1ZEQ,0.00010467624568029,3881,,,,,,,False,0.0
gH3fKYUCsjIrIvGgXzXdfA,0.00010467475254220304,3882,,,,,,,False,0.0
0NsAFbMqOcyaeAvGiwo1NQ,0.00010466072025808607,3883,,,,,,,False,0.0
2w2L1VAFAY89zcKtPC20jA,0.00010465451820275597,3884,,,,,,,False,0.0
IsS22La1wik7_VENzLO8uw,0.00010464802681477239,3885,,,,,,,False,0.0
cSJDhD7a--7nY4TWAVg3sg,0.00010464400455373529,3886,,,,,,,False,0.0
FAdOnoeDHbcolTN3e7oB5w,0.00010463732062608304,3887,,,,,,,False,0.0
ZSwDwV4o8MvX8cwMgfE0LA,0.00010463622307477674,3888,,,,,,,False,0.0
pp7n4Oiexz69Beg7Xl8Tjw,0.00010462162580712499,3889,,,,,,,False,0.0
r4Fb5mUHIhjjpGABPGitqA,0.00010462134085002129,3890,,,,,,,False,0.0
3tf6oHkhN22mqFNMSPsZlQ,0.00010460571496772911,3891,0.2,0.0,1.0,0.6931,0.2,0.03882989051478855,True,0.0
x7xUdoBe6rSpuxyJ53w1UA,0.00010460010015654322,3892,,,,,,,False,0.0
doXrSxu1hoYiQNlmyWS5yw,0.00010458793514449242,3893,,,,,,,False,0.0
F7J-Kc3fR0vdjcpN9TYLJw,0.00010457560411389222,3894,,,,,,,False,0.0
0YELKCY1VMIA3gmP2DkHSg,0.00010455370871294738,3895,,,,,,,False,0.0
ET3d_6BRUyyEzzwAMsqpxw,0.00010454521728376217,3896,,,,,,,False,0.0
DAcqRGI_u8yNCcUIczfNxA,0.0001045414255276083,3897,,,,,,,False,0.0
ovvpslfuo-XDQ8PSvjszxQ,0.00010453888128782654,3898,,,,,,,False,0.0
85YOTzRlah5hzasNmNl5uA,0.00010436739140842486,3899,,,,,,,False,0.0
5asvaAT-jDbOnCM3iPlScw,0.00010435666156118364,3900,,,,,,,False,0.0
My63Hd5kYboH73VNS09YFg,0.00010434210070355598,3901,,,,,,,False,0.0
84fKFTKnYwc8PijJdMkkLQ,0.00010433624770638421,3902,,,,,,,False,0.0
vFhOCxCeY_oniyoceyzGpg,0.00010433344198134432,3903,,,,,,,False,0.0
RpY32D_zRYFQPYHlrkDi9Q,0.00010432645463560578,3904,,,,,,,False,0.0
CgAthB_K1fmD2OUpmYBRuw,0.00010431689124746847,3905,,,,,,,False,0.0
QAlWB_JXJNQyg-kqAK_Ciw,0.00010431172990617398,3906,,,,,,,False,0.0
kn0-Tc4JFnpnlCyqG-3X9A,0.00010430525776630392,3907,,,,,,,False,0.0
Hf5d6683-zPMmN0tQWi7BQ,0.00010429693103358002,3908,,,,,,,False,0.0
R_3EhO4r3kMSw_W9DpbYaA,0.00010429510911714326,3909,,,,,,,False,0.0
j9fzpALNCgvDwCXmA5Vcjw,0.00010425088282434734,3910,,,,,,,False,0.0
1c669rzhfL88tNGuOhMFlw,0.00010424503854809912,3911,,,,,,,False,0.0
vhYqMJa5dxZfDNuRHwVlfA,0.00010424001563591104,3912,,,,,,,False,0.0
MOKiCrc626sbmzMxIez5yQ,0.00010423303709098769,3913,,,,,,,False,0.0
PzvTiZtyVm74RYc5FFq0Nw,0.00010418945757101198,3914,,,,,,,False,0.0
adnX5nTg3I_MTrThVkwmQw,0.00010418241427106721,3915,0.15,2.7799,1.0,0.6931,0.15,0.029765766681636534,True,0.0
5Z71LWiFuQR-0xcdS8fmMg,0.0001041441778016883,3916,,,,,,,False,0.0
IzyQVIJG8JAnOiRQPb0-wg,0.00010414389063110318,3917,,,,,,,False,0.0
HUKrpwmcMlwPbDF5cz0VkQ,0.00010413855573109515,3918,,,,,,,False,0.0
8ediP1TG3wJybp-Ixo_N7Q,0.0001041272558136876,3919,,,,,,,False,0.0
Sb01Vv9zFQ4ezlNRLAQhng,0.00010412703955947782,3920,,,,,,,False,0.0
qGEcvCAdOGqaHMCg5izq2w,0.0001041049226257852,3921,,,,,,,False,0.0
2puBfTq70dyDFkRlkwm1mg,0.00010410155639305848,3922,,,,,,,False,0.0
L6912HNcx8iFWEyyN4cijg,0.00010409618658565996,3923,,,,,,,False,0.0
WPlzKv5eZLC1-1qq64bZQw,0.00010408682840186721,3924,,,,,,,False,0.0
yhYkF6ZWeX_omCXgtQ40Iw,0.00010407561142862065,3925,,,,,,,False,0.0
Hbinc1W5pNPuc7cLdIvsRA,0.00010407465614219987,3926,,,,,,,False,0.0
bRRlWJeuPtmI3UuGhh43Wg,0.00010407314500917575,3927,,,,,,,False,0.0
TI3Rydw47yBMzY1oW2wJUg,0.0001040649747372358,3928,,,,,,,False,0.0
-ksLHy9XXZVYuIVowdRc_w,0.00010406403077481728,3929,,,,,,,False,0.0
vxL059Pde-q3XgU9Fqv6Vg,0.00010406255371757733,3930,,,,,,,False,0.0
WgyhlYg3fnSgco4qLa20cg,0.0001040429700001627,3931,,,,,,,False,0.0
kpRE7eYEYVEtnQOWHCf5ww,0.0001040336677092559,3932,,,,,,,False,0.0
xvvKErRSIryWpluElU9kJA,0.00010402436494987614,3933,,,,,,,False,0.0
6VZg-hUWOalEUpW71VxtOw,0.00010401928344257003,3934,,,,,,,False,0.0
vLKZGIQYKaTDxcY5shttWg,0.0001039935856023879,3935,,,,,,,False,0.0
BUPtFEuzN1KeB4erBi-ivA,0.00010396274599778197,3936,,,,,,,False,0.0
AZGgqK7bdRbOBabH0XvM4w,0.00010392900915110216,3937,,,,,,,False,0.0
vN8fxTmzCU7omio4yf0hjg,0.00010391847020744108,3938,,,,,,,False,0.0
ZpgVL2z1kgRi954c9m9INw,0.00010390611651550756,3939,,,,,,,False,0.0
mVZhzTJ5xoneXa9XMWRyCg,0.00010388944149440581,3940,,,,,,,False,0.0
Xt0BfrNdzrYxw-SBdq5aXA,0.00010388465293114034,3941,,,,,,,False,0.0
-fs09akgCKv5rTTy7iUHUg,0.00010387389413331738,3942,,,,,,,False,0.0
jvjhFWwbnyn3pqWnBaW_0g,0.00010386978656261768,3943,,,,,,,False,0.0
5ZUyW2FV8jwtLQPMSbx6wA,0.00010386402628076455,3944,,,,,,,False,0.0
37QpeBaevTiz0vC2unFT4g,0.00010384643672358805,3945,53.0547,57.8352,4.0,1.6094,0.2186,0.8497685619328714,True,0.0
XgehM3pBZWuXi45J2dqRJQ,0.00010384240143877166,3946,,,,,,,False,0.0
_oEolwACvc0oFQdd8yM6gA,0.0001038231834214426,3947,,,,,,,False,0.0
nqGjZMGQ7ypfxn2KmyBW0g,0.00010379258371812731,3948,,,,,,,False,0.0
oIr50siZDtDYCE_p5K8nYA,0.00010379198158677227,3949,,,,,,,False,0.0
BAO_V8IMI6W4DhTlS4k9rg,0.00010377648086544225,3950,1.3828,4.6873,3.0,1.3863,0.2766,0.184920932928757,True,0.0
Sp-LM7L_6M-MPo5NCHw8Og,0.00010374944273577325,3951,,,,,,,False,0.0
gus6t8E-KBZYlkPNqsOUEw,0.00010374038611062236,3952,,,,,,,False,0.0
ZMIUDDqBsclQG4kv9424DQ,0.00010372537739282061,3953,,,,,,,False,0.0
y9WUY6Gh3GcVqtXkDre3fA,0.00010367478636723459,3954,,,,,,,False,0.0
fUPT-1LNMCJeZRrQWy67lg,0.00010366437739137706,3955,1.199,2.0922,2.0,1.0986,0.1986,0.16782469146147647,True,0.0
a-dPw0ISYHoxMmWgd4mK-g,0.00010364918450593176,3956,7.0048,27.3045,5.0,1.7918,0.2956,0.44299631795230643,True,0.0
phQZ65kaARzcL1fAquR8LQ,0.00010364702235422411,3957,,,,,,,False,0.0
13UgduZFJXeiTFsJu5Y8gg,0.00010363515430140301,3958,0.6,0.4764,1.0,0.6931,0.6,0.10009891197775421,True,0.0
uiv7dH5PsqjOvIWr91iDDA,0.00010360620180896664,3959,,,,,,,False,0.0
p_2-bZDYefZTD21erlZh4g,0.00010358770789999898,3960,,,,,,,False,0.0
5oX4G1cptixPZecih9L3dg,0.00010357472236238856,3961,6.5953,24.647,6.0,1.9459,0.1985,0.4318126453314755,True,0.0
E7mAwFPNhjNYXoeZh_jvVg,0.00010357167693548236,3962,,,,,,,False,0.0
nmDK6a60DErPjLD9lxcjfg,0.00010356994885612397,3963,,,,,,,False,0.0
c88cG9DstIqOKcurNtx9QA,0.00010356072171982387,3964,,,,,,,False,0.0
hrxuwAwj7TIgAgo6TkPEMQ,0.00010355424591987216,3965,,,,,,,False,0.0
yHg5PkXbrY9lHnFSBe-haA,0.00010355370032012229,3966,,,,,,,False,0.0
9v19T4fTmMl5MPXmdUqWAA,0.00010355109295747902,3967,,,,,,,False,0.0
wObna18K6-5V-rutqz-jTw,0.00010354888035528142,3968,,,,,,,False,0.0
6wqxuBt2InDipRuUj8BNuQ,0.00010353986784112503,3969,,,,,,,False,0.0
ccDTmDW5ChXdaXsXVJ6AqQ,0.00010351869055857322,3970,,,,,,,False,0.0
OEOpxiewgI7Sr2de0LVuMg,0.00010349374186482796,3971,,,,,,,False,0.0
nsoPwMVI0jLe3X8NvdsNhw,0.00010347797227869478,3972,,,,,,,False,0.0
u0erOT96yooGb5mdOqtsSQ,0.00010347435968830352,3973,,,,,,,False,0.0
0AlrB500SLZ0g5SxjK8GYQ,0.00010346620213855499,3974,,,,,,,False,0.0
KqUinf0QEeiZdxko2dFEsA,0.0001034349692710951,3975,1.1645,1.0788,1.0,0.6931,0.2911,0.16445685258556786,True,0.0
NiAirGrRjWdim_mF0MVJJQ,0.00010337395801199974,3976,,,,,,,False,0.0
IjtQu81tebi_pLWdubVBeA,0.00010333699945135123,3977,,,,,,,False,0.0
hJ4H1fnlqZwepZAo9gHF6Q,0.00010333300800627333,3978,,,,,,,False,0.0
5FxHK-Uj55d_kadHKeuYYw,0.000103332463892632,3979,,,,,,,False,0.0
9qFdMKd4LLrLt8AnQq1BnA,0.00010333097486031417,3980,,,,,,,False,0.0
Ov8-eg1-2S9a1PpuYRVLTQ,0.0001033279814319194,3981,,,,,,,False,0.0
tk2kG_HL54lqiue6-pXQdQ,0.00010332294550448413,3982,,,,,,,False,0.0
EvYeRMbG9XlEkafCJfnovA,0.00010329995056432364,3983,,,,,,,False,0.0
ZgsIctKamHA8z3KTbTYOoQ,0.00010328643212680217,3984,,,,,,,False,0.0
jStt26nV-CBWRGxjqCzxUw,0.00010328452483047691,3985,,,,,,,False,0.0
OTBWyXkNsBYHqIlXJXnEDA,0.00010328258620023624,3986,,,,,,,False,0.0
MsjeqVij6usbF8lSARj4pw,0.00010327447644246399,3987,,,,,,,False,0.0
PZpp1Z3V8HLK9d4-qLMUgg,0.00010326777736707526,3988,,,,,,,False,0.0
rTng9EtHrqu_nmLfGWFjyA,0.00010325909325761709,3989,,,,,,,False,0.0
tHeWQO2G2-HL-XOCuE4h4w,0.00010322628680650608,3990,,,,,,,False,0.0
xcdT294axowe3Tj-04tHIA,0.00010322519225772496,3991,,,,,,,False,0.0
LeKuQhtH9wEA694eW9KE8Q,0.00010320506529490852,3992,,,,,,,False,0.0
COclRBaXBjYpomS4syUmvg,0.00010320343322213352,3993,2.6619,5.2666,3.0,1.3863,0.2251,0.27643743949089655,True,0.0
3jfSmj2DvdsNdJm5xrlK8w,0.00010319446725755566,3994,,,,,,,False,0.0
MfK5DeKjnneIDZTUkUKP8g,0.00010318620771394028,3995,,,,,,,False,0.0
vDb4ioypKzJ0Wshp5i3-bw,0.00010318351537458618,3996,,,,,,,False,0.0
LkasU7-347mpSm3erAQHyA,0.00010315850399359259,3997,,,,,,,False,0.0
ATp5s0MCyKxjWQJy4HNPHg,0.0001031459446550601,3998,,,,,,,False,0.0
m87qQsq2SMJruE9tVQTIrA,0.00010314006804640501,3999,,,,,,,False,0.0
Y7zk7-V3_K8Z4NUryPYJww,0.00010311261228688207,4000,,,,,,,False,0.0
1vPSY4EA-fTRIZYz1Ruzow,0.00010310823024005741,4001,,,,,,,False,0.0
RaD4AOWsvutdqV-kTpjZjQ,0.00010310499267572625,4002,,,,,,,False,0.0
4kJN-MGz5vrfSXNLqxmgGg,0.00010309565027962981,4003,,,,,,,False,0.0
A5ZgUhlg3XEbm46SDiZwhg,0.00010308207546023397,4004,,,,,,,False,0.0
N8NB7lMryKMMf6SJUvzYVQ,0.00010307447568663373,4005,,,,,,,False,0.0
Xpue0uHw0dk7HdIXVjhdUA,0.00010307355736713139,4006,,,,,,,False,0.0
ppFCk9aQkM338Rgwpl2F5A,0.00010307197174354386,4007,0.5,0.4093,2.0,1.0986,0.175,0.08635383567506355,True,0.0
oqVdjXJCEOkzLkmQvrBBPg,0.00010305294742678973,4008,11.1281,15.8302,5.0,1.7918,0.2278,0.5314838635317974,True,0.0
nB9dev-4Wzxo4NHJkQQmUQ,0.00010303559393884956,4009,,,,,,,False,0.0
KiNB06Y8hcrIkTbF3XEexw,0.00010302348747314453,4010,,,,,,,False,0.0
s6Q05wZpitOCDU6aIKVx-Q,0.00010299724283873282,4011,,,,,,,False,0.0
hsFeBJI3k6sxinXWHrHWpA,0.00010294556035316025,4012,,,,,,,False,0.0
mJbTRr_AJ8rDG78L8Min9w,0.00010294149166445915,4013,,,,,,,False,0.0
uqc5jOWOiPLTPibyy1yI4g,0.00010292768157580655,4014,,,,,,,False,0.0
Y6K9DT44-4Md-ycMkC0nLg,0.00010292507246482579,4015,,,,,,,False,0.0
523KdtGRd_sx5YBRfvDJLQ,0.00010291138114034349,4016,,,,,,,False,0.0
C8qLAGhE2UP3NgdShFuOPg,0.0001029093770079504,4017,,,,,,,False,0.0
6XZlRSgdUsEDPlYurRgpMw,0.00010290810777874796,4018,,,,,,,False,0.0
6IRlUGtb_PZRR_IXJQ7Kbg,0.0001029067090755256,4019,,,,,,,False,0.0
xW6anc3eKbijsELT7FLr9g,0.00010289658549786427,4020,,,,,,,False,0.0
RGtMrLcbsss7lbZsdVYrqQ,0.00010288245663604492,4021,,,,,,,False,0.0
R8ty0f2b-G5Qh1h-NGQDrQ,0.00010284292999075644,4022,,,,,,,False,0.0
pvC022Q2HIsSg0dNksS7bQ,0.00010282932653879987,4023,,,,,,,False,0.0
CbpT0UHGugQdpfK5HUekew,0.00010281761319642116,4024,,,,,,,False,0.0
BueOza2JDK5jNQRW7hHNxQ,0.00010280322782951354,4025,,,,,,,False,0.0
IC4_eqxeqLqN0P_6Zqa6rA,0.00010278055045386839,4026,,,,,,,False,0.0
LJprLiLt2dSC_esTjZc88A,0.00010277665193381742,4027,,,,,,,False,0.0
NFcG56jaGXhWxP4K1KaENQ,0.00010276265393965777,4028,,,,,,,False,0.0
QJaB5FXOOhWjWI2f4Z4SDA,0.00010275524770689075,4029,,,,,,,False,0.0
wuAMhHbHPs1Rm2SOY4kWCA,0.0001027508807677819,4030,,,,,,,False,0.0
SHlngye8ADgmOcU-oXjXaQ,0.00010272140648982248,4031,,,,,,,False,0.0
LDA2LfI14CBOUZ-gZT6tZQ,0.00010271488192021401,4032,,,,,,,False,0.0
P3qii5-Hch2tDd1e59znXQ,0.00010271387362715446,4033,,,,,,,False,0.0
3dRxeWMbcoaPL_lJQ773pg,0.00010270134849129807,4034,,,,,,,False,0.0
a-MYqHxvpmCz3ZXy2illiA,0.0001026920773609922,4035,13.5396,19.2097,5.0,1.7918,0.2494,0.5701070259108768,True,0.0
ype7l-G4zuw3pmIG-HpvZA,0.00010265334781217452,4036,,,,,,,False,0.0
opXKYWR9jYc7ZdQsjfQSDA,0.0001026514180989902,4037,,,,,,,False,0.0
SLWYIXWq2hAJAErn_icdXw,0.00010261700677673852,4038,,,,,,,False,0.0
b6kCTSH1kHtfcHxUTm2odA,0.00010261294772877058,4039,,,,,,,False,0.0
jO6zRQLiE1cRuqKA0k6YFA,0.00010257086757711536,4040,,,,,,,False,0.0
52uM8Yx1DO3o8-w0kYDaGw,0.00010256500127010455,4041,,,,,,,False,0.0
WHLM6UhwSV0tN3CrmSgsUA,0.00010256327401658896,4042,,,,,,,False,0.0
RYbqjtb0P6fNQh-Txs4LBA,0.00010255837065913983,4043,,,,,,,False,0.0
BNYs-2TLD6f0tomH0Ieq8w,0.00010255320578446884,4044,,,,,,,False,0.0
0xIhMfCFH94RXTFGx_Mhtw,0.00010253493855501083,4045,,,,,,,False,0.0
lDWmc7FpLjYoSFxrtbnMbg,0.00010250399141580903,4046,,,,,,,False,0.0
IjMs1n7UelI7ev_5IDl5kA,0.00010248355192307792,4047,,,,,,,False,0.0
f2bd4yADbdKYGCR_9EjF7A,0.00010247484376215469,4048,,,,,,,False,0.0
lBmrBQlxJ0gkD3QKtUEVBA,0.00010247102554636774,4049,,,,,,,False,0.0
i6jA8vSHrP9LiUPHlqPVwA,0.00010246109213466092,4050,1.1414,4.3924,2.0,1.0986,0.2853,0.1621717255532124,True,0.0
nPfUxvE41sjRJqZTUj-qGw,0.00010246027299494477,4051,,,,,,,False,0.0
64tYqfgsfgCkgtXV_9uu-w,0.00010243946374477263,4052,,,,,,,False,0.0
H5cH1BbNfP5YEkytAQaYrg,0.00010238802366884203,4053,,,,,,,False,0.0
DnuRO4i1yI5REm5v1pUxWQ,0.00010238710510118918,4054,,,,,,,False,0.0
Cc16fTxApkStrec2GSnFoQ,0.00010237016055434292,4055,,,,,,,False,0.0
_U-hsWBK2O8J3-qahtG2pA,0.0001023683693352076,4056,,,,,,,False,0.0
4E3iIAuCGDz7h3D4nJzuHQ,0.00010234561483886604,4057,,,,,,,False,0.0
YH5KqmYkkrJrPP7kcJjKfg,0.00010233885152227153,4058,,,,,,,False,0.0
3URe59CYXngnHN0OgbMDWg,0.00010231785194307616,4059,,,,,,,False,0.0
IlAvhYscM3UyY5hzBPBlUA,0.00010231489386569138,4060,,,,,,,False,0.0
w6yF2Y88KhzTld0WXgICtA,0.00010231465704880146,4061,,,,,,,False,0.0
YP8qxvmUKHdgZiJN0oCKLw,0.00010231272094627839,4062,,,,,,,False,0.0
hLlDzRaDGN-0SlEWk0xTpQ,0.00010230691577190176,4063,,,,,,,False,0.0
dTYTEsIpXQAp_frB6UYiYw,0.00010226974105843672,4064,,,,,,,False,0.0
YD9-VUxnobct_Jv4E9SAvA,0.00010224756138232982,4065,,,,,,,False,0.0
580Yyv_kzAaZSkHCj1LhBw,0.00010221610482560077,4066,1.5584,1.6515,2.0,1.0986,0.1948,0.200064673114088,True,0.0
dGlMJzK84qUU8zwdbjUjmw,0.00010221282232690262,4067,,,,,,,False,0.0
KN10CbKTJZVS_2abtMtAkw,0.00010221062039132939,4068,,,,,,,False,0.0
hWiXoJFDZrzPY33RjG8yeA,0.00010220391770996558,4069,,,,,,,False,0.0
3GvPXj5n0oig1ebnvwie0g,0.0001021792863179816,4070,,,,,,,False,0.0
_iUlEsWFSQrvujrIssuMNQ,0.00010216698022353156,4071,,,,,,,False,0.0
1H-RURg-RoOuSDmwAmMhLA,0.00010215644343158526,4072,,,,,,,False,0.0
sKiwf8xmLzp11hmewV_jEQ,0.00010215017126925117,4073,,,,,,,False,0.0
5ZjEI6N5iZ_ACQEjlfABFg,0.00010214697045520988,4074,,,,,,,False,0.0
3hzIivDZ-K60Fha0AeqAhA,0.0001021439056351362,4075,,,,,,,False,0.0
FOXeWdQCemWMnmYqlDT2jw,0.00010211906769588689,4076,,,,,,,False,0.0
05UGAUzE88mcPxQ7WnCxQA,0.00010211093347691661,4077,,,,,,,False,0.0
B0TP0GVKZKAi05p-sTjc6w,0.00010208396491298819,4078,,,,,,,False,0.0
9ubQAHmhBHJ9GhDUzhAIjA,0.00010203685696274024,4079,,,,,,,False,0.0
EHUNi6ZX3z8KaXFjGtDd7w,0.00010201950462043588,4080,,,,,,,False,0.0
prjIpYF01D2XpWoXy3mSLw,0.00010199862596898785,4081,,,,,,,False,0.0
DIsakzk-hTU48OEhqYIf7w,0.00010198700120213167,4082,,,,,,,False,0.0
NFE6ThbmVlRmX7uzJ3wJ0A,0.00010198508776892175,4083,,,,,,,False,0.0
0TwZfZHis6e4o6sBogUJVQ,0.0001019820102754784,4084,,,,,,,False,0.0
jp8K7RPJc3IwwkDYgfAZ5Q,0.00010196928893422634,4085,1.2114,1.6321,2.0,1.0986,0.3029,0.1690222672056645,True,0.0
5eJDmxZ8CJkgm57ioG6BwQ,0.0001019580264681502,4086,,,,,,,False,0.0
TeXzzAsEkkEE6lRj0J_LXQ,0.0001019378400641225,4087,,,,,,,False,0.0
XahxHmkaFOAwXix2VGRAUQ,0.00010193519938189209,4088,,,,,,,False,0.0
-V0vIgo6196MDn_x3ZaYmA,0.00010193038133999827,4089,,,,,,,False,0.0
bqJSblRnV1Qf689lxIFBiw,0.0001019217541979911,4090,,,,,,,False,0.0
RHA7txgJwqFBMOdcGLS3AQ,0.0001019142229810684,4091,,,,,,,False,0.0
Iq7LZi_MCUg8xAfboc_r7g,0.00010190999231826296,4092,,,,,,,False,0.0
oRY9axuwOQSN4HbTu7obtg,0.00010190117263206001,4093,,,,,,,False,0.0
Jdu628pzztBv0gzQ-FC3NQ,0.00010188636999570926,4094,,,,,,,False,0.0
5Y7cqSgUSfLwn7ulBeO_sA,0.00010188208609474288,4095,,,,,,,False,0.0
qcPU5zGuX5yh-m2nd6xQVA,0.00010187181583880481,4096,,,,,,,False,0.0
sBRKxVbRBmeXY9mVwliqYw,0.0001018623124409583,4097,,,,,,,False,0.0
rLy6X5J4tPvzQ9BTHpsLRQ,0.0001018601534805208,4098,,,,,,,False,0.0
d0Eb3kHX1QQgk3UUBzuOhw,0.00010183569991508194,4099,,,,,,,False,0.0
J9Bc1bZuxGo2VtAo-txgRA,0.00010176519420950588,4100,,,,,,,False,0.0
YHN77g2zWsEN1F_q9W_WdQ,0.00010175300622821692,4101,,,,,,,False,0.0
AGn4ZJwHvMhFDTvLbGsf7w,0.00010175016429309823,4102,,,,,,,False,0.0
oWo_7nDUJm27pMQddqJDvQ,0.00010172856162055022,4103,,,,,,,False,0.0
venWfi69QVylbyrvaPt0nQ,0.0001017118860403749,4104,,,,,,,False,0.0
p0WJbIveBMc2B4jZ3ZjLqw,0.0001017049671568763,4105,,,,,,,False,0.0
J7TZeIXaJFgrSIZzAjQMsw,0.00010168256547615565,4106,,,,,,,False,0.0
6ewV-e7-39oqYUq3yZuIyw,0.00010167622074797466,4107,,,,,,,False,0.0
jTUkZm97QaVb-YxV6q2NLQ,0.0001016720916080606,4108,,,,,,,False,0.0
-DlF6neBa1HKx7aFi3ZxOg,0.0001016626660406085,4109,,,,,,,False,0.0
oGlMIii5HyrvOx-GtTzsbw,0.00010165581358630233,4110,,,,,,,False,0.0
nzqqtNencRTeCaAMS75Z_g,0.00010164229422215562,4111,,,,,,,False,0.0
2HOWBsPJ1gdOY4_k-iCXPg,0.00010162446626217729,4112,,,,,,,False,0.0
YnCvQRwQu9_9eVYuarNKxg,0.00010162044562905375,4113,,,,,,,False,0.0
2n9elHQvEt4xL9neD7KviQ,0.00010161094162309735,4114,,,,,,,False,0.0
vDgT0MyVtWZNX4X9j6EsMg,0.00010159050662295437,4115,,,,,,,False,0.0
0X_s2KTHYEMVxiqzFosYGA,0.00010157750893017104,4116,,,,,,,False,0.0
PDdUfkGAsNLUkgHaJg3tVw,0.00010157192275671124,4117,,,,,,,False,0.0
1nFRRAsJ740DLZdXS6_chQ,0.00010156721525991516,4118,,,,,,,False,0.0
RXulUc5AcuclmU0FdQ2quw,0.00010156190657152493,4119,,,,,,,False,0.0
LVhlQGAochcp0amO6-OX-g,0.00010155295910798333,4120,,,,,,,False,0.0
XKquWoKNCBnjdWcJoOPdrw,0.00010155056330406241,4121,,,,,,,False,0.0
lykZwXa9ZhPgnwNUheesqQ,0.00010153655167242711,4122,,,,,,,False,0.0
kqb0LWCBZBynGYuj-Z1msA,0.00010153458663935894,4123,,,,,,,False,0.0
5ibTRUwZ0dAxRmsqOTqeMQ,0.00010153265945003343,4124,,,,,,,False,0.0
f22prjTaNUWwqvVsI4HWxQ,0.00010152160729908738,4125,,,,,,,False,0.0
uQub6nYRyGH7bjNwuwCUMw,0.00010151175297767793,4126,,,,,,,False,0.0
_fwZODmzgXtnW7wAwqV3dg,0.00010151089855642551,4127,,,,,,,False,0.0
EVqeyOX5XpUsrf8PZwsPdw,0.00010148258085343739,4128,,,,,,,False,0.0
PJLh9DYLcf5JJ_fdwHDbzA,0.00010147349297702545,4129,,,,,,,False,0.0
maJZn4JZtCQRdVCSzD0Org,0.00010145995066969351,4130,,,,,,,False,0.0
CMovGmSWFCjhOBOYiymetg,0.00010144702345904545,4131,,,,,,,False,0.0
D4_SY2a4YnoFhrwHeYVioA,0.00010144428268382942,4132,,,,,,,False,0.0
bZbepmBtqt5A-p4x4CWh1Q,0.00010143592690808179,4133,,,,,,,False,0.0
eqNutOMnPqKa9QDAY6KfEw,0.0001014287031754466,4134,,,,,,,False,0.0
5JiDLN6spnuAVrEN6csvzw,0.0001014205346636531,4135,,,,,,,False,0.0
m_HRFuR2STSP-8pqDvLH3A,0.00010141014884647187,4136,,,,,,,False,0.0
rgeuy1qbw6Z8B6CSVANHIA,0.000101384309092666,4137,,,,,,,False,0.0
IhWg_9ceUBP1z7fvxlA9Uw,0.00010138338465717096,4138,,,,,,,False,0.0
h6fI6-2x0lDpiDZJ3lb0mg,0.00010138216781547121,4139,,,,,,,False,0.0
DY2MwXiena93u6JeI7Th_w,0.00010136991751402629,4140,72.2991,63.5981,2.0,1.0986,0.2485,0.914630416811239,True,0.0
968Pa4ZZRrRLW5KeWL-k2Q,0.00010135190014669182,4141,7.5714,4.8418,3.0,1.3863,0.3061,0.4575616020137689,True,0.0
SSngoZZUm4EwQ7DBCsKNFA,0.00010134488911644086,4142,,,,,,,False,0.0
cJ7qQ8NpF6OTqFye-l4A0g,0.00010133990708392174,4143,,,,,,,False,0.0
kKJbpPjWcFlEpu6y-pV9MA,0.00010132553614050422,4144,,,,,,,False,0.0
1u_cOXKrpzUSYkAPBhY4Cg,0.00010131475582308538,4145,,,,,,,False,0.0
aqubLw9IW03svL_uDXNJ8A,0.00010131124033757886,4146,,,,,,,False,0.0
Dk4PLmrV93uj5UKxKpqWbA,0.00010131119631557432,4147,,,,,,,False,0.0
M-mSxEpERB0_Lk7J20WjPA,0.00010130867032645657,4148,,,,,,,False,0.0
gvA1QnLqzt7QwuAmDyzbRA,0.00010129942700333285,4149,,,,,,,False,0.0
ts9AK83XM3506jXA8xd2Tg,0.00010129819448767715,4150,,,,,,,False,0.0
0VwadfoaG9dAFVgBSMcYbg,0.00010127184735524928,4151,,,,,,,False,0.0
49Gyz-LD9MxTh1yzbYiOhw,0.00010126853228532234,4152,0.528,1.0831,1.0,0.6931,0.264,0.09029271504570517,True,0.0
_AJaYqoPRdN7sSxuMDQlVw,0.000101265648409717,4153,,,,,,,False,0.0
fjjcwhKHfHh9T4l3B83Pzw,0.00010126145240979588,4154,,,,,,,False,0.0
p24n1vScP_MHxJVPrao-jA,0.0001012480122965937,4155,,,,,,,False,0.0
7UWUdyMDyfFFaKA7-ga8EQ,0.00010123507928125084,4156,,,,,,,False,0.0
AFk4mirRQ7RWYCDGEPDZew,0.00010123037318851152,4157,,,,,,,False,0.0
e8NRt-1C8eI85C59pKhJuA,0.00010122169947972101,4158,,,,,,,False,0.0
yEsntN33ff9rNOuNXdjsNA,0.00010121560535689811,4159,,,,,,,False,0.0
NCHUoBAMTDqI754PICPN9A,0.000101203507059133,4160,0.4852,0.1395,1.0,0.6931,0.2426,0.08424204930791282,True,0.0
_JK1veKwxAwk1rp4H7z-1g,0.00010119779021046827,4161,,,,,,,False,0.0
hNH1ILskk1qu7TA0rBvvlw,0.00010119171911947936,4162,0.8,4.9646,2.0,1.0986,0.2,0.1251837261898521,True,0.0
e8x5wMNjiIk5ospmofGZlA,0.00010118732713544336,4163,,,,,,,False,0.0
MQke0whcwgjP25g1yfv3cg,0.00010117768612091187,4164,,,,,,,False,0.0
Bf65X7McIKtxAhehA8jfjQ,0.00010116946228408439,4165,,,,,,,False,0.0
h-bXrwqcxFA5cz_ATTIQeA,0.00010116313655937852,4166,,,,,,,False,0.0
61m3aYVdYWA9EM87EvjeAQ,0.00010112937322347394,4167,,,,,,,False,0.0
5X0M4waoFm4kH612ezVvtA,0.00010112652481170104,4168,,,,,,,False,0.0
1E5h3CFrNZetWcWQut-KwA,0.00010110872593549902,4169,,,,,,,False,0.0
PfmbhnCC7nrcvD6QBMEDhQ,0.00010109700211433715,4170,,,,,,,False,0.0
LQgWohpJxMcsR-10QV2lgg,0.00010109604824117043,4171,,,,,,,False,0.0
Kybc9ifWDfLGUt7QObEFVQ,0.00010108778376849087,4172,,,,,,,False,0.0
-7qO7OvcQS7t6v6uHxDAxw,0.00010104458595263167,4173,,,,,,,False,0.0
RmEuAg_sbAI7DD3BurvO8Q,0.00010101656730983467,4174,0.7028,1.0019,1.0,0.6931,0.1757,0.11336091989817922,True,0.0
sxx4KozLiedkxZ79U9W5qQ,0.00010101494406652048,4175,0.84,0.3758,3.0,1.3863,0.28,0.12986467865939075,True,0.0
A2slwG21Uulatt357w58PA,0.00010100193367170504,4176,,,,,,,False,0.0
IQw4uJsiSzLenDFVnM-DLg,0.00010097424870353449,4177,,,,,,,False,0.0
bACIZGdHRFfNtrufH0wMbQ,0.00010095645577429037,4178,,,,,,,False,0.0
0l_njS4wGMadAk1b4nZRUA,0.00010094822257125672,4179,,,,,,,False,0.0
1rN5JlJuoJxHppuS49qxDQ,0.00010092261887589998,4180,,,,,,,False,0.0
eJYvM2Zy5BloOYGldWmAVw,0.0001009210599677542,4181,,,,,,,False,0.0
nLjDhc5lzWe6g5b6iUpzMA,0.00010092030655711784,4182,,,,,,,False,0.0
r3dO-D1qFn4Jct7KDNvImg,0.00010090716098875517,4183,,,,,,,False,0.0
K3RURR9lIEE4JjOaPt99zg,0.00010090620579533607,4184,,,,,,,False,0.0
uV2UIrCxSng1tQ1Gi9n_Sw,0.00010088081138894641,4185,,,,,,,False,0.0
ngN3yfabddV-YkTO6WI4_A,0.00010087129184759876,4186,,,,,,,False,0.0
wwcqbb78SGqWSdzbq9j-Ww,0.0001008695886129694,4187,,,,,,,False,0.0
FqvItVbM-G2AoQeWC-EBMw,0.00010082567860713684,4188,,,,,,,False,0.0
hZCp2jixJy358TeaiMwZ4A,0.0001007282874335909,4189,,,,,,,False,0.0
xwk_8nCLpolbdZpKcWicRA,0.00010072720780381491,4190,,,,,,,False,0.0
hkaS8jWbnK0R5uPzQjTZwQ,0.00010071461550576474,4191,,,,,,,False,0.0
un20fcU_7BEQzWueoVZT0w,0.0001007120242301236,4192,,,,,,,False,0.0
TPNv3aGh3UKoZ8iAcpbWKA,0.00010068947945256142,4193,,,,,,,False,0.0
Ad8t9T_WH9b7bPLxkni-8w,0.00010068356312727892,4194,,,,,,,False,0.0
COMbxg_qdhUAkR7awxkT6g,0.00010067045816253815,4195,,,,,,,False,0.0
ZnPlol7SznrIsbCBNS6pOg,0.00010066753441262187,4196,,,,,,,False,0.0
N4xmF_96VDb2bRPpBu_O9w,0.00010066667292154756,4197,2.2333,8.7711,4.0,1.6094,0.2762,0.2499265856107388,True,0.0
faYU9nWyhiYeSwiP05ojvQ,0.00010066465438145051,4198,,,,,,,False,0.0
pyOOxah5FFNAkENc5ajbyw,0.00010065991038541679,4199,,,,,,,False,0.0
3rOPYx_j9bbNztlxuh2wDA,0.00010065316135975645,4200,,,,,,,False,0.0
x589U7fFPB-1G121HE8Jiw,0.00010063434141558993,4201,,,,,,,False,0.0
oxFAic55QhHFgLph4jERzw,0.00010061908587482786,4202,,,,,,,False,0.0
6kP_X6j0Pu7XDVFNWKsi7Q,0.00010061672887926254,4203,,,,,,,False,0.0
2hzXcWn8bOpzGTI4BfnMYw,0.00010061511544220473,4204,,,,,,,False,0.0
R6n618g5agn5lYIp3TnEyg,0.00010061010130459656,4205,,,,,,,False,0.0
9nJLpVhr5EGMU9sdwMauUA,0.00010059622753074038,4206,,,,,,,False,0.0
kc4I1dNgKXqbWkWrR_NjZQ,0.0001005932571179739,4207,,,,,,,False,0.0
r_3mqYyAKuGICx8jhwXxyA,0.0001005902863366321,4208,,,,,,,False,0.0
ZSaKeh2-3U9BiMMqZA0z9Q,0.0001005630181270091,4209,,,,,,,False,0.0
Q5whIn3ifZy4jpwDkiRn2Q,0.00010056171562671423,4210,,,,,,,False,0.0
PyB2SdLq41Mt3-79Wv_bMw,0.00010055480741614204,4211,,,,,,,False,0.0
dctMpMdLUMad1Umh4knaNg,0.00010054750688640797,4212,,,,,,,False,0.0
U6PmPJdNMI_dTUPySS5TDg,0.00010051809734223374,4213,,,,,,,False,0.0
fYolPq5NKp-fTDHMBrCT1g,0.00010048293845160678,4214,,,,,,,False,0.0
azp2wLevlaVODNk26MDfEA,0.00010048054553193928,4215,,,,,,,False,0.0
ifxbWY0iuTey-YtC2-p-ow,0.0001004754762527358,4216,,,,,,,False,0.0
xUd0QOyVzx9SQhWulcOPAw,0.00010047168229600589,4217,,,,,,,False,0.0
YNFkP6HqZxwbv-2YMPyZtQ,0.00010045093269996119,4218,,,,,,,False,0.0
QevbkuS9DhSXLM94bxudNQ,0.00010044688721349934,4219,,,,,,,False,0.0
WKMJwqnfZKsAae75RMP6jA,0.00010044356356066786,4220,,,,,,,False,0.0
iZNVXy87SXHxlK4I2eLJHQ,0.00010042669144319447,4221,,,,,,,False,0.0
tVDGkK9AVU0ad-24Phrahg,0.00010042651317103293,4222,,,,,,,False,0.0
6WbDVtlU7vGaFV9zHexFIw,0.00010041585719140253,4223,17.2666,35.2785,2.0,1.0986,0.2178,0.6187075037510541,True,0.0
rhmCKWx_HmlegruNywTxbQ,0.0001004057727393552,4224,,,,,,,False,0.0
efNrVvbNw2stIq2PvCDV6g,0.00010039853095525612,4225,,,,,,,False,0.0
nFKHu5DJMMXktBsSrOpU2w,0.00010039230715217615,4226,,,,,,,False,0.0
JTgckf2Va1qeHA-4iEwSQw,0.0001003915839195328,4227,,,,,,,False,0.0
PRG-_3mhWa6r3pUFZVlSOQ,0.00010036589457416014,4228,,,,,,,False,0.0
QdcTrQlwRi9Q3hcmpLi8Vw,0.00010035691661307135,4229,,,,,,,False,0.0
eQdB1ZjnNspjE7KTFzblzA,0.00010034887947462362,4230,,,,,,,False,0.0
yecLfvB2rSvm0p_vkEkDsA,0.00010033708578349395,4231,,,,,,,False,0.0
2aZNVfzU-3672SjRHnPoOA,0.00010031538632792656,4232,,,,,,,False,0.0
p8sIj80pLuzyDZW_gLAIlA,0.00010031415666271549,4233,,,,,,,False,0.0
10M-OPRL1iITxEM7FIqeeg,0.00010031120978563024,4234,,,,,,,False,0.0
jhbJuMrHKP4Vb2kfsVizKg,0.00010030652421014286,4235,,,,,,,False,0.0
sjH_9PYtfGhzZYsaZmPPzQ,0.0001002941577818024,4236,0.35,1.0201,1.0,0.6931,0.175,0.06391470472688643,True,0.0
yGH9V9WTNGSZ6AHOW3kH-w,0.00010029352279332344,4237,,,,,,,False,0.0
SNxj83jaoq3p4NmpLtsPVA,0.00010029276435938376,4238,,,,,,,False,0.0
zS7ygYwgDMh5HSDzG3oShA,0.00010026483003248727,4239,,,,,,,False,0.0
dqKqTOD8lUQtvDsG_gpGhw,0.00010026118082811287,4240,,,,,,,False,0.0
ud1DYfS8px87ApE5uDdRAw,0.00010025628742664018,4241,,,,,,,False,0.0
UALJipwvpD-M-PzI9uALZA,0.00010025464073532765,4242,,,,,,,False,0.0
3YEBcyWeqno6DzyZcEP0BA,0.00010020798201192204,4243,,,,,,,False,0.0
CglxS35-7j94tD5tWaPwsQ,0.00010020744459947079,4244,,,,,,,False,0.0
jacAaeM-PLorKxy0YAfEWw,0.00010020591722366553,4245,,,,,,,False,0.0
gdklkhsq4C7KANfnXaTlWg,0.00010020501230868687,4246,,,,,,,False,0.0
q91Nic7yJuEAYbKzX-vKcg,0.00010019723572933375,4247,,,,,,,False,0.0
TJaImyntBu0ebKugcyj6eQ,0.0001001852819387325,4248,,,,,,,False,0.0
u4KPk6MQkbwCNiNHaAiRPA,0.00010018234410345459,4249,,,,,,,False,0.0
9_m_iA3VAqGBJEW5XLc-5w,0.00010017328560238142,4250,,,,,,,False,0.0
S6xjG5thtYKhNpFulIo10Q,0.00010017053154511777,4251,,,,,,,False,0.0
fDhdu4D4nsBC7h3i1mHaOA,0.00010016021352727854,4252,,,,,,,False,0.0
BaSwNEingTmrBw4shffK5w,0.00010015356098489627,4253,,,,,,,False,0.0
pKykk7lnD6Tf9wSzJYRyJA,0.0001001311898052633,4254,,,,,,,False,0.0
QCKYU9YTxa0cLXXedYuxGA,0.00010012643123327161,4255,,,,,,,False,0.0
oqbhVgliVJH-iRa3AnD-3A,0.00010011272837414943,4256,,,,,,,False,0.0
HgfwFlwjBpP3uGAFMKFXeg,0.00010009867631994706,4257,,,,,,,False,0.0
EmzPQvyNQH-lR81tcFrKSw,0.0001000962283965469,4258,,,,,,,False,0.0
BJauHq_tArHgi0nncImNJg,0.00010008875768960554,4259,,,,,,,False,0.0
qhtvmfRicW2pFR6EosVJVA,0.00010006828730192944,4260,,,,,,,False,0.0
ZznSNkRERGH8l-wSFJKsEA,0.00010006112148185594,4261,,,,,,,False,0.0
k6WAVICs1yY07JPXLYCj_w,0.00010003449059168503,4262,,,,,,,False,0.0
lYR0aZbSxBX2yaP8enIn0w,0.0001000337342062209,4263,,,,,,,False,0.0
HLRvheysFKngi7c07enm_Q,0.00010002568224098776,4264,,,,,,,False,0.0
ks0vrdxxoiwhZSeu-pzHxQ,0.0001000209301051115,4265,,,,,,,False,0.0
QJOC6Uz-RCpzPB6aMjtP9Q,0.00010000772190399712,4266,,,,,,,False,0.0
g2rtbtmL_MTf_cjATokalw,9.998305350878744e-05,4267,,,,,,,False,0.0
FV0AtR_aPKtnp5_RqjkC3A,9.997517210870839e-05,4268,,,,,,,False,0.0
CA2HX-HS8KSdvB7wW0hdvw,9.997208662382051e-05,4269,,,,,,,False,0.0
diKcuTF11thKjScDB0AATg,9.996439395652788e-05,4270,,,,,,,False,0.0
Wb00MpVcZSU7d8n5EXiWkQ,9.992790225675749e-05,4271,,,,,,,False,0.0
Wbj2EbQQlGgYpFjJZVTAkw,9.992565158244345e-05,4272,,,,,,,False,0.0
NLugmrrjRqw8jQGvard-eA,9.992475448210283e-05,4273,,,,,,,False,0.0
_uvTdEAVbPVch8ESDnvbuA,9.988786622601893e-05,4274,,,,,,,False,0.0
GZa4ZeND0gwKtdnMtRCM4Q,9.986237798450914e-05,4275,,,,,,,False,0.0
5Vrbqr9DK1gkrHGAS7y5eg,9.98597688755428e-05,4276,,,,,,,False,0.0
gGmqCZtOAUUqWLUJiL-Ydg,9.984718766394154e-05,4277,,,,,,,False,0.0
otJAPyE7thHcLuFCM8Wtvw,9.984468906812179e-05,4278,,,,,,,False,0.0
8BEIpKZu-ddcptxDbqMwLQ,9.984351414309359e-05,4279,,,,,,,False,0.0
peXEcAZSMQZEdKJA5AgXXg,9.983568448605325e-05,4280,,,,,,,False,0.0
d4qVVElEjQrsKBg3ytSWww,9.982494690817718e-05,4281,,,,,,,False,0.0
6D0ItjpdAw2JRSuW_ge6kQ,9.981877568880106e-05,4282,,,,,,,False,0.0
x6P31MbaYPECYWNA3BsYyw,9.981317547476467e-05,4283,,,,,,,False,0.0
cwvpVlg5BE2XXRWTHe3p9w,9.981313314751691e-05,4284,,,,,,,False,0.0
T7ECXsrp7ocoCxXrXDicAA,9.98090499980385e-05,4285,,,,,,,False,0.0
MfWGs8TvGI0vSvGszy5OFw,9.977608844826632e-05,4286,,,,,,,False,0.0
VN_ZDpbJ3R6F-xOJ-ndr6Q,9.976688797517624e-05,4287,,,,,,,False,0.0
pk8qkVzhj2M3O3CEiv3veg,9.976561749885542e-05,4288,,,,,,,False,0.0
3L18kz_SjKpnvSwwsuDw4A,9.976288022017851e-05,4289,,,,,,,False,0.0
7GCH0wxXHJrcqSkpKuAYxw,9.973351110663063e-05,4290,,,,,,,False,0.0
CVnp_PA5sRm_hFcmwmUNAQ,9.971759935508414e-05,4291,,,,,,,False,0.0
5KxfyMYdLWzSIfrYnrt5MA,9.971233686095532e-05,4292,,,,,,,False,0.0
9WOuyt0MWs_Lvr7NZBK2oQ,9.96929305464174e-05,4293,,,,,,,False,0.0
5nqmmrrm5Ux4i21w-xndPQ,9.968030055808234e-05,4294,,,,,,,False,0.0
qgwOoCqT86uzrAoDAcWU1w,9.967800138625387e-05,4295,,,,,,,False,0.0
y6jIrZYjVaxDbGXKpSlacA,9.967479938877274e-05,4296,,,,,,,False,0.0
KWKtIQ2-JvyVwYCc-PFHDA,9.96725884104741e-05,4297,,,,,,,False,0.0
M8vKFvhRr_O31F5R9UGQWA,9.964952723629791e-05,4298,,,,,,,False,0.0
Kt4NZ9IXvRCHI8qvV0h8qg,9.964925238743996e-05,4299,,,,,,,False,0.0
3RtMd3VZ21WL5auDr6Jp9A,9.964857641613933e-05,4300,,,,,,,False,0.0
QQiFz7ZkslaoPUJKZGKOxw,9.963326727502098e-05,4301,,,,,,,False,0.0
3kFs_QlJ64oZ2qPu0WqaWw,9.962934759026745e-05,4302,,,,,,,False,0.0
IpCgkwUJ0UizDzvVCdnHow,9.961209667385945e-05,4303,1.65,0.0,1.0,0.6931,0.15,0.20755660924958663,True,0.0
d5WQMTNea__i3nUjz2qYdA,9.960494076355831e-05,4304,,,,,,,False,0.0
eDLnzdEsJTYmqVdRheOyrw,9.959746598798401e-05,4305,,,,,,,False,0.0
AD-CJ3g6_JjKAaJMb4tXqA,9.958694152858183e-05,4306,,,,,,,False,0.0
ol6ATB97MdIuhm6yAGOeMQ,9.957681240971643e-05,4307,,,,,,,False,0.0
Hs6ZiTfYM3pzhfhUNgoIpQ,9.9557285990539e-05,4308,,,,,,,False,0.0
9vR01HFj18HzlASzaYOfxA,9.955080772918667e-05,4309,,,,,,,False,0.0
cga_fZV1egLtyVSLb6TGhg,9.953755885178196e-05,4310,,,,,,,False,0.0
7gcwopSaFng9Rx-jRhfmuQ,9.95235400147915e-05,4311,,,,,,,False,0.0
83xszo9qxDPI-tv0_IGeOg,9.951053250171098e-05,4312,,,,,,,False,0.0
5cpb23lEQ5brolyKRVBhgA,9.950248432770776e-05,4313,,,,,,,False,0.0
hFfxaiz7GW3oAh9E1nOQmw,9.94947905711385e-05,4314,,,,,,,False,0.0
UjhAD9kZe7-wUTjD0BGh9w,9.94725977186809e-05,4315,,,,,,,False,0.0
27Za9Rl4nmXK6vfEf0Fv6A,9.947221937961868e-05,4316,,,,,,,False,0.0
p_g_AjXjRGXN_IyGAzuIMg,9.946952155126618e-05,4317,,,,,,,False,0.0
yJmoy6eP0LE_7uQ18n6FPA,9.946860798156673e-05,4318,,,,,,,False,0.0
xnDX9i4RfIRrxMEFARlPtQ,9.945539094252255e-05,4319,,,,,,,False,0.0
Q4pDFBTzhXFN6ym0g78oWA,9.943312217601236e-05,4320,,,,,,,False,0.0
DrjRjaQpZJAVFFR68_xq0g,9.94239515221612e-05,4321,,,,,,,False,0.0
XAaXtqL1_HsI2t6FEIrA8Q,9.940079271907208e-05,4322,,,,,,,False,0.0
mRpk0A4u0hnF0lNe1h4hGg,9.938586165863818e-05,4323,,,,,,,False,0.0
OwSQF9WCbQf1Kvk0HzmEcg,9.935585043207922e-05,4324,3.5474,1.2928,2.0,1.0986,0.1914,0.3225621300915564,True,0.0
5ICrDkwtX4ykKOLVJ1tFJA,9.933782367882126e-05,4325,,,,,,,False,0.0
0TRot0XZXjzrWLWPn9ycmg,9.931067333163198e-05,4326,2.4257,5.4007,3.0,1.3863,0.2426,0.262237068535105,True,0.0
rG0UTjvbmVVsh9-kGzeliQ,9.927720623895715e-05,4327,,,,,,,False,0.0
C5MdSiVtZKirRghyh08C0g,9.926106176915035e-05,4328,,,,,,,False,0.0
WrR6yPcE2Pf-zFR5W9vPxg,9.921206357847297e-05,4329,,,,,,,False,0.0
uy_x3_mSkzcjod2fM1ZdRw,9.918815960389637e-05,4330,,,,,,,False,0.0
axLfdXz-hV7_ev2Ne3s9mw,9.91685304137302e-05,4331,,,,,,,False,0.0
8odXL99ki7fi2YPgvAd14w,9.912081170770998e-05,4332,,,,,,,False,0.0
9QdXPBRzVRJ8HYouYKQcHw,9.90907290120435e-05,4333,,,,,,,False,0.0
8MyjJ5ocf9VFjdscKrQu4A,9.909010381313862e-05,4334,0.88,2.9934,1.0,0.6931,0.2933,0.13444495763903075,True,0.0
28s9c6Ibf9cgC7c8Szo6WQ,9.905423443327705e-05,4335,,,,,,,False,0.0
k2YJkdLg25xlYjshpeEtkQ,9.904243085082697e-05,4336,,,,,,,False,0.0
ZeSfX_NTmOm48hK3kQRxfg,9.902888977082102e-05,4337,,,,,,,False,0.0
JRBfLvTRf8umVgq7ZSOm9Q,9.900486356217384e-05,4338,,,,,,,False,0.0
EzPMG7xCuSZCpA3HSSAjHg,9.897253186756575e-05,4339,,,,,,,False,0.0
MsWmW4SkisV0uJIBxeNstA,9.896253360053568e-05,4340,,,,,,,False,0.0
LuB-RHZQzmbAHXmykrN0BA,9.894842951299662e-05,4341,,,,,,,False,0.0
VY1Gxa5ctQyYW6JElOOLJA,9.894498593239349e-05,4342,,,,,,,False,0.0
KaKoNWZGzYgI9RfubGJZBg,9.894316820903937e-05,4343,,,,,,,False,0.0
zfqfw3FizcBMfU1vJvLWMQ,9.891381940760719e-05,4344,,,,,,,False,0.0
x15WdO1CEan8yqexBNNOhA,9.890463856950692e-05,4345,,,,,,,False,0.0
2LJYUjeRv53-FGG0sljByA,9.887985527005527e-05,4346,,,,,,,False,0.0
MYWH-iUxPN97tFWxqlpidQ,9.88684241647234e-05,4347,,,,,,,False,0.0
DzzVSYXadZ1_XgfGz_Loyw,9.883989496489387e-05,4348,,,,,,,False,0.0
GOiJ4IggzshvIdW7Az8VNg,9.883964723130393e-05,4349,,,,,,,False,0.0
tpSAVc6bvo9cHOrzwDQycw,9.883914270291687e-05,4350,,,,,,,False,0.0
ZUwdkXBcXAxNnz0sQnw34A,9.883460058223434e-05,4351,,,,,,,False,0.0
JwBTq6IOFH97b9Hr6RT7pw,9.881762622677786e-05,4352,,,,,,,False,0.0
nIitlcVPluCbjA6fbKJhJA,9.88146134210172e-05,4353,,,,,,,False,0.0
VbGGpt-Q5ZeMxSFPDbPeBg,9.880241053731905e-05,4354,,,,,,,False,0.0
8dZbYgJxNgKd9G3kHWmQ6w,9.87700300305747e-05,4355,,,,,,,False,0.0
BhqDHM4nBjXYAaDTa5ykBQ,9.875541653682295e-05,4356,,,,,,,False,0.0
FLxLJ4DzXRgsQSUpwe5Q1g,9.873895211238365e-05,4357,,,,,,,False,0.0
-YC81xKbSenKaCrtFZpRfQ,9.873628783951284e-05,4358,,,,,,,False,0.0
9r8jxa_KCn9UYEr9eqSDuw,9.872580848119405e-05,4359,,,,,,,False,0.0
3NZVcVwamyjSh1rxF7cgAg,9.87175621931299e-05,4360,,,,,,,False,0.0
u12BYcjx2VGy8L_N1Q_sPA,9.871721707379835e-05,4361,,,,,,,False,0.0
i9QWaDBCX3DRISUt94GDQA,9.871706737099253e-05,4362,,,,,,,False,0.0
E-L64r-ZKFrctVILn4w6tg,9.871631267892056e-05,4363,,,,,,,False,0.0
punjQyM6mXEIfvWyYVBa2Q,9.870148494488434e-05,4364,,,,,,,False,0.0
Di23dhpgrqBHMUq6vZ42zw,9.869724913879188e-05,4365,,,,,,,False,0.0
MoeWs-0GVW-TJSkGRds5MQ,9.869437345939786e-05,4366,,,,,,,False,0.0
Skjt4qu-ix90v4r4blJ07A,9.868865732403953e-05,4367,0.2414,0.09,1.0,0.6931,0.2414,0.04605361502908446,True,0.0
U19I-WvCc0SwxXpoe86zZA,9.868688758281071e-05,4368,,,,,,,False,0.0
lRznUOtLYY2GP_dvc7kmYQ,9.868324729486525e-05,4369,,,,,,,False,0.0
13N2olEEZ3E6rshOriEGSQ,9.867864588487384e-05,4370,,,,,,,False,0.0
Z4vlztrocJo9WWcL5TFeBA,9.86783197531995e-05,4371,,,,,,,False,0.0
9D--6413BnOOSqlbCFIGkA,9.867063068371644e-05,4372,,,,,,,False,0.0
9XWyNzOJtfVNZlNFk-kPXA,9.866910844958994e-05,4373,,,,,,,False,0.0
e6lLQKTfAaFKqhlU_SvCYA,9.864979589760522e-05,4374,,,,,,,False,0.0
F8H5zuu_eTx8KpmkgO5JAw,9.863084760655733e-05,4375,,,,,,,False,0.0
KAO5zkzUVL1FvzuyFMd4gg,9.862822012433483e-05,4376,,,,,,,False,0.0
HxdaEwpoXKll0Ze4nhS0XA,9.859919708488534e-05,4377,,,,,,,False,0.0
TsoCCouCudxL2mwn86SFiQ,9.85906674681819e-05,4378,,,,,,,False,0.0
7jYC4dxkoiAULgENY7hbMA,9.858755195360645e-05,4379,,,,,,,False,0.0
2TwEl4XCxOTuOJUNMXp3Kw,9.854753342337476e-05,4380,,,,,,,False,0.0
zaVDhiikQDCV_kSmLBWflg,9.854706811705788e-05,4381,,,,,,,False,0.0
_dDW5rc7MKCOzhRewe3Kfg,9.853500482503649e-05,4382,,,,,,,False,0.0
1AJHVnRGxTWNMaFbIUbWcg,9.853318231616863e-05,4383,,,,,,,False,0.0
34-7AMxjtPT8anj_tcWS5g,9.849835911633501e-05,4384,,,,,,,False,0.0
eFwFIh7olBwMHQ6ByoRH-Q,9.849248285306868e-05,4385,0.2,0.0,1.0,0.6931,0.2,0.03882989051478855,True,0.0
H4t7YAtaDQ8bKOW452zSaA,9.849091882483286e-05,4386,,,,,,,False,0.0
skzs_McPObYVqUUzXK-E7A,9.844123951882416e-05,4387,,,,,,,False,0.0
E1EuIHgjBvYcs8Uu_SyV4A,9.843537761831214e-05,4388,,,,,,,False,0.0
awmy82IdpCC8xK56tO4IEw,9.842422381014493e-05,4389,,,,,,,False,0.0
_T8tOBDr3NKNxd0yl5GwjA,9.84212752253628e-05,4390,,,,,,,False,0.0
CNDFASo4BpgATitxqUfkLA,9.84205383611475e-05,4391,,,,,,,False,0.0
-P0cVKNzgqsqBsKkwngvpA,9.841557012721361e-05,4392,,,,,,,False,0.0
tqUQHX7gsWK2d2rsUuUUMw,9.838480791805614e-05,4393,,,,,,,False,0.0
Dy4cmOkfS_2e4DNNBx3O9w,9.83563294867396e-05,4394,,,,,,,False,0.0
dS_bp9xxifjXv4Z6Iy_Vaw,9.834097831306044e-05,4395,,,,,,,False,0.0
q_CpQ7sOSC-Q1aum7GXbsQ,9.833853886757112e-05,4396,,,,,,,False,0.0
FOJGpcqeben-KUHzVd60RQ,9.833745556093228e-05,4397,,,,,,,False,0.0
r4X9jW4K311nFkutYWrFyg,9.832012068214236e-05,4398,,,,,,,False,0.0
l9eLGG9ZKpLJzboZq-9LRQ,9.8311515984149e-05,4399,,,,,,,False,0.0
hGH63m6UmnruW3D-WNQ-xQ,9.82983555205103e-05,4400,,,,,,,False,0.0
P45CIS48xeQjXwWkjoVoGg,9.829296515354034e-05,4401,,,,,,,False,0.0
i6_elzfbdvp8rTjQ_AjY6A,9.827841951795002e-05,4402,1.8545,4.5591,4.0,1.6094,0.2649,0.22338852629162606,True,0.0
q7kwvOr9Cr3isDn6r-FaHA,9.826305817442366e-05,4403,,,,,,,False,0.0
3UHXD8T80OUFMCzLb3x-sQ,9.824013257898815e-05,4404,,,,,,,False,0.0
yLjQA1TnnX0nGdsHJRwTdg,9.823597251229218e-05,4405,,,,,,,False,0.0
9-1C7wFYA53uxXXYTYCbKw,9.823425424132977e-05,4406,,,,,,,False,0.0
ai3DEXs_ziB1AOHVUKGtiA,9.823199519528581e-05,4407,,,,,,,False,0.0
Byo1q14KR5oBRep1MJLHXA,9.819284197643288e-05,4408,,,,,,,False,0.0
A5b9nVDi1DPVvPOD24-p6w,9.818909826918759e-05,4409,2.3851,4.6846,1.0,0.6931,0.265,0.259697901964933,True,0.0
KZNgXQJ9Qq2LNi_xOebSvg,9.818824676237936e-05,4410,,,,,,,False,0.0
qMt524_PRxRfpbGkVFaWjw,9.817537944386244e-05,4411,,,,,,,False,0.0
-kz82pLe268Cw59S6fD1BQ,9.816712941817702e-05,4412,,,,,,,False,0.0
AmLmrWRTBmtlAZHwMFrWDw,9.81607558477654e-05,4413,,,,,,,False,0.0
Qusula0NuWTgrEOWowlBvQ,9.815348061853887e-05,4414,,,,,,,False,0.0
af3WWbBciAD3L6I6ZuXGJQ,9.812955115863285e-05,4415,,,,,,,False,0.0
kA6fjfYTg1S7BFb9KNt4yA,9.811937039147061e-05,4416,,,,,,,False,0.0
8t3a6XoVbQ0nAOwCzpEsaw,9.811529187301032e-05,4417,,,,,,,False,0.0
tpW26ob4-YTGLQr6xC7mbA,9.808460692435187e-05,4418,,,,,,,False,0.0
qIXKDEIC4jURpJYDUZtyew,9.807424829987966e-05,4419,,,,,,,False,0.0
FwwbaUc7u5nSiLmkF_Z1Tg,9.806874181502695e-05,4420,,,,,,,False,0.0
TfSOfMR7s3n9rpoy6u60eQ,9.80683909543665e-05,4421,8.3575,28.5842,1.0,0.6931,0.2786,0.47624951586726666,True,0.0
dHB4vS2CFu2GlQ9ERG5H3Q,9.804417568040016e-05,4422,,,,,,,False,0.0
qAwhPrxjEuHjNY9h7X01YA,9.799397865324996e-05,4423,,,,,,,False,0.0
N4UpSKh-PQNfvk4w1QAYrA,9.79817023008034e-05,4424,,,,,,,False,0.0
UMaNwuJBwO0I_7qJnhjECQ,9.798070163510757e-05,4425,,,,,,,False,0.0
7PVFGTeOP2LW8_m8Z1VV7A,9.79697148163429e-05,4426,,,,,,,False,0.0
EFci0tbSrb7wko6tpVDnbA,9.795706892895098e-05,4427,2.7365,4.0653,5.0,1.7918,0.2737,0.28073254542565174,True,0.0
8WHQJywgI5hBjLaNd65rQg,9.794554643897866e-05,4428,,,,,,,False,0.0
_LdViafM7oxU9LH8cZBiMw,9.794293305877261e-05,4429,,,,,,,False,0.0
1bsQMS1SeLxcqXrJQYVfGQ,9.794045515925309e-05,4430,,,,,,,False,0.0
aMfVQdVbKJnZwdf-c1WNcQ,9.793792753979636e-05,4431,,,,,,,False,0.0
yOvGqROeTabICY7c80h98Q,9.793292724189253e-05,4432,,,,,,,False,0.0
D2v3g5jLjPsaXnswYGW6Dg,9.791652688857562e-05,4433,,,,,,,False,0.0
8E2--KcyOrJx8my51jid2w,9.791013794170462e-05,4434,,,,,,,False,0.0
vnEwE9OVCdQbXAJDYcCh1g,9.789964890611594e-05,4435,,,,,,,False,0.0
6GB7tn2AoXvVIpjYkeIrkA,9.789645253882399e-05,4436,,,,,,,False,0.0
ZSO7isM9z-BkHP0kyE7Tzg,9.789509549884516e-05,4437,,,,,,,False,0.0
CQgupIpIbkyiVLUEcMIRCA,9.788391912751676e-05,4438,,,,,,,False,0.0
3n7VGTZQKyWycuhU_j0lqA,9.788020237810499e-05,4439,,,,,,,False,0.0
jL4fYp0j8Jn31BiYptb10g,9.782832104365656e-05,4440,,,,,,,False,0.0
3hUjlS-wMHJyUrgacwmpAg,9.782585861306047e-05,4441,,,,,,,False,0.0
f-qlRLsQ2vPATmlLTgLHbQ,9.779151229136135e-05,4442,,,,,,,False,0.0
0GSUrqeDBwJoZXxTAnmy-A,9.776744630087648e-05,4443,,,,,,,False,0.0
odPkQbmZAfsqe2GI760Q0g,9.775299754873079e-05,4444,,,,,,,False,0.0
40W1u-blvEhffAPrOtUH3w,9.773057801053753e-05,4445,,,,,,,False,0.0
8TkCsT1AV1xW4Ud_8MaEgA,9.772705659130213e-05,4446,,,,,,,False,0.0
USvBH2Pqr3ZUDKwo12_FKw,9.769838997430125e-05,4447,,,,,,,False,0.0
IIrLSevZ85oGWw31AaAOBQ,9.766891701046841e-05,4448,,,,,,,False,0.0
wP2ok4O0GsR9td7Iiv1zKA,9.766814911809358e-05,4449,,,,,,,False,0.0
iJJYC9k9jtJYU-quIc3Jxg,9.766338462473234e-05,4450,,,,,,,False,0.0
QwwNjAyC5I8inmb2lNYrAA,9.76453978269534e-05,4451,,,,,,,False,0.0
2brttsiFBlW8070dsPzQDA,9.762077474509728e-05,4452,,,,,,,False,0.0
fCDMLD21ypv1XZ_EyafCkQ,9.761719595698302e-05,4453,,,,,,,False,0.0
ddOSzwvJSdM8inofl-ybdw,9.760319501211206e-05,4454,3.24,12.5642,1.0,0.6931,0.27,0.30765552122734086,True,0.0
2KIDQyTh-HzLxOUEDqtDBg,9.758557583126708e-05,4455,,,,,,,False,0.0
QqOKPUl7aNiW4IN_Ij2mBg,9.758000772209871e-05,4456,,,,,,,False,0.0
coh8PyHDBdrLQ_OvKtqC5A,9.757546988355085e-05,4457,,,,,,,False,0.0
eQm15lzvMA_0xRG8FyrSSA,9.757407125243654e-05,4458,,,,,,,False,0.0
jjmXrmVu3fiZD90jLMqWjw,9.757303833945146e-05,4459,,,,,,,False,0.0
cTSczU-9-cYUEM2DlNJcQw,9.756840322530335e-05,4460,,,,,,,False,0.0
PnLhRzyTRCd2gHSmukcy7w,9.755210180476045e-05,4461,,,,,,,False,0.0
Qsd_S2f7fNFqngx2amRE7A,9.749146911594438e-05,4462,1.105,16.533,3.0,1.3863,0.2683,0.1585204108911416,True,0.0
2qhuQ-tnonyLEQLw2cbvAg,9.748669620450268e-05,4463,,,,,,,False,0.0
Z5b1Me1YBZGQAxIx62vmqg,9.746123088311259e-05,4464,,,,,,,False,0.0
myKiQiaRJsPfYnlSW7_qEQ,9.745893625469193e-05,4465,,,,,,,False,0.0
yTY4Mtn9eNUj35mj452DMQ,9.745455765042268e-05,4466,2.936,6.8348,3.0,1.3863,0.1879,0.29181056296744834,True,0.0
oriPnDLQE8MiofeR2ijVdw,9.743226692695019e-05,4467,,,,,,,False,0.0
ui4DfohP2wEh-BJbr_2D-w,9.742947935724131e-05,4468,,,,,,,False,0.0
y5mX8NllPt30Nfw8oCcLuA,9.74216876724293e-05,4469,,,,,,,False,0.0
LIMcWAe750ULlcO4SXBHDw,9.739810738516216e-05,4470,,,,,,,False,0.0
9c1p8TTOG_F55i3yEiVVDQ,9.739176524683482e-05,4471,,,,,,,False,0.0
ILgCJSDgPhnPNT8oS5XH4w,9.738224216278886e-05,4472,,,,,,,False,0.0
w2zvMPmyqxalHQ5LVmFktA,9.736889721423676e-05,4473,,,,,,,False,0.0
7CqEOhKpZQI-HOfK6MYgJQ,9.735285337675148e-05,4474,,,,,,,False,0.0
-8oD6dtRRUpkIFSkJ46UqA,9.734569371895744e-05,4475,,,,,,,False,0.0
5bMJAHlV14oMVFIZOibd3w,9.733594078008273e-05,4476,,,,,,,False,0.0
t5u0uDavOY6M9qu8FLAs0g,9.731326441406463e-05,4477,,,,,,,False,0.0
hFfrCMOMVvhDwCTGCcs1aQ,9.725839251575988e-05,4478,,,,,,,False,0.0
XeuloGDcqfKza_qlKexzmw,9.725594788715786e-05,4479,,,,,,,False,0.0
o1bd3WLl4McflqjDTJTdHQ,9.724649188293241e-05,4480,,,,,,,False,0.0
hco-7K-Kjtoc2SaHBuy9Xw,9.724602444606983e-05,4481,,,,,,,False,0.0
BDue9WNaX46-oNbEMBYUUQ,9.719192083016139e-05,4482,,,,,,,False,0.0
OazW8HaMRQjo2bDEwl-WiQ,9.718028347180663e-05,4483,,,,,,,False,0.0
j_eImSxsxnW0FCM1b5ekEQ,9.717808978734356e-05,4484,,,,,,,False,0.0
mf1udZPfiikBAND9upDdoQ,9.717743685545256e-05,4485,,,,,,,False,0.0
iUZEGx29miZObLd6_lt7Vg,9.716909087744166e-05,4486,,,,,,,False,0.0
EnLLksrGdqMgOOAu9rNtJg,9.716609606626479e-05,4487,,,,,,,False,0.0
p1Y8bMd0ixx1dzj9oTjEOw,9.714649954652885e-05,4488,,,,,,,False,0.0
b7ih13lmlwnut_4xpk-x6Q,9.71416814485603e-05,4489,,,,,,,False,0.0
rRj29aGgqsZEELTmoYlYkA,9.713720442007591e-05,4490,,,,,,,False,0.0
-ltRJOR-r7MhOh7g48HQwg,9.713300015339298e-05,4491,,,,,,,False,0.0
jV7FdR7puEdY5ch11jg3vg,9.711221963762233e-05,4492,,,,,,,False,0.0
jrSC1bwN2lz9dVBrNTejSg,9.710999239112316e-05,4493,,,,,,,False,0.0
x_Bipuc1nuQDXxyZC2ih8Q,9.710205703481932e-05,4494,,,,,,,False,0.0
mQ8qDT7Y4X7e45bSHOqL_g,9.710078199860322e-05,4495,,,,,,,False,0.0
GTS97x6mFLjGXn3ITKaQuw,9.709178802590966e-05,4496,,,,,,,False,0.0
5K6AddwkS4Fi76iPVPMIuQ,9.70654293581644e-05,4497,,,,,,,False,0.0
K51bVqlGcpTMDK3-SDkBeQ,9.705486887285746e-05,4498,,,,,,,False,0.0
AHVRAVhlfRp2UnrVNon3ag,9.704299705940982e-05,4499,,,,,,,False,0.0
-qCCfmWdjCC16j2AQUtOzg,9.702714322429022e-05,4500,,,,,,,False,0.0
HuECL2Vymf6WXvnE1_bvRA,9.701683086919554e-05,4501,,,,,,,False,0.0
z8pwLBm3m6E8GJko5PhxgA,9.700741957911017e-05,4502,,,,,,,False,0.0
K-xbMAQYJKC5HlpvC0lnDg,9.699626204994606e-05,4503,,,,,,,False,0.0
5HRLUzKrs27kuQhgJQijnQ,9.699598467238153e-05,4504,,,,,,,False,0.0
zm9aNqkHHtp1f-VT3ZlOZw,9.699453929796315e-05,4505,,,,,,,False,0.0
eFvzHawVJofxSnD7TgbZtg,9.698147380329498e-05,4506,,,,,,,False,0.0
HydbO3DkCWwU8aQ8wi_42Q,9.695956580101714e-05,4507,,,,,,,False,0.0
pDUcsN79bDwhOMBaD_tm-g,9.695409042010336e-05,4508,,,,,,,False,0.0
xjoeCDmeRteRsMh_HTdOGw,9.69380485625437e-05,4509,,,,,,,False,0.0
WTrmBvsI65Zk5SvRweNZkw,9.692735352984311e-05,4510,,,,,,,False,0.0
GUa00RPM2d-H45KBhj_t_Q,9.684219161572655e-05,4511,,,,,,,False,0.0
hxc6TmLzsENk4xsjm497qg,9.68420176770314e-05,4512,,,,,,,False,0.0
W5ARobyH_FSQnJl4emgfvA,9.68391831193136e-05,4513,,,,,,,False,0.0
qVVz1sRZVNH2xt865M64Dg,9.682810451605225e-05,4514,,,,,,,False,0.0
IVBh5jYrAQ363Wd6yMsDgw,9.680604869059465e-05,4515,,,,,,,False,0.0
M1t2pqGZmSIygY4880a_lQ,9.680604510513891e-05,4516,,,,,,,False,0.0
1P1xD7dYMrd9VseziFi0bQ,9.679290101853386e-05,4517,,,,,,,False,0.0
mq4iu4S3FDvX-z59hGzpqA,9.678774643780784e-05,4518,,,,,,,False,0.0
vTNm04guTgOT5hCmGSN5HA,9.67865036051772e-05,4519,,,,,,,False,0.0
h_rcMQtglIiAs-Oc5d8Ozw,9.677031014638614e-05,4520,,,,,,,False,0.0
mHqsNKj3UPMcQwGu-akL-Q,9.676810748746838e-05,4521,,,,,,,False,0.0
29mQNZv8dsN8IAJ8uBnjUw,9.675441722223886e-05,4522,,,,,,,False,0.0
uVtTkB1EVevu-0EIQygVMg,9.675421184112734e-05,4523,,,,,,,False,0.0
n27SxISfVxNPWZARYIYwzQ,9.674412108711192e-05,4524,,,,,,,False,0.0
yTJ2Ir6CMBzThLK5dmACvQ,9.674013849229932e-05,4525,,,,,,,False,0.0
g2leve1c8LW9ZTlEygMK8Q,9.673167003062631e-05,4526,,,,,,,False,0.0
F-j6PNGnA8yz77oIZMcPMA,9.670436810058761e-05,4527,,,,,,,False,0.0
W5yNQMGeEFiWehSE1EvxQw,9.670185234025992e-05,4528,,,,,,,False,0.0
R-EoysIkhjXJrIUvEgYYLg,9.669326167826522e-05,4529,,,,,,,False,0.0
eIClHkqYqCeaYOZSzu1eLQ,9.668072797417781e-05,4530,,,,,,,False,0.0
AJ1-2fZZWPgpq40CmZapTw,9.667559107212503e-05,4531,,,,,,,False,0.0
NQGCirVWCre3BQ24fodXOA,9.667035627921661e-05,4532,,,,,,,False,0.0
Jg9kkOl4sx2AXJVohbpSiw,9.66675301745468e-05,4533,,,,,,,False,0.0
U_Sw9VC6mCyTbUo2mejS0A,9.666513859088218e-05,4534,,,,,,,False,0.0
ROmLv3sVsXqZX3fOZvAh5A,9.664479272433521e-05,4535,,,,,,,False,0.0
_pm435OrG6fEsSPRh4KE9A,9.663494694581966e-05,4536,,,,,,,False,0.0
_aITm6sZmcPzlAsaMZUQew,9.662485610929362e-05,4537,,,,,,,False,0.0
ldczA2r_LlKSfbrGxt3ThQ,9.660270124200184e-05,4538,,,,,,,False,0.0
KHuc3PjQwmIUlMmdpTnfZw,9.660198912670581e-05,4539,,,,,,,False,0.0
OiQ1eoqXMPyEUptpUX9JQA,9.658809107751435e-05,4540,,,,,,,False,0.0
aROhaLh-dqtt-h6BG-gn2w,9.656095822001756e-05,4541,,,,,,,False,0.0
zEZO2ySF7ym3rWyXBln0zQ,9.653275380714807e-05,4542,,,,,,,False,0.0
Ck_VER3teqjj_8cuVkB1EA,9.653072608260154e-05,4543,,,,,,,False,0.0
I8KMfyZoEqzLQtChv2X5fA,9.65292762072e-05,4544,0.0,1.3924,0.0,0.0,0.0,0.0,True,0.0
IhCbb8ou59_57j5xEKFz9g,9.651293633507694e-05,4545,,,,,,,False,0.0
rLVwdLibZQ2XQpTNqrsYjw,9.650857108446495e-05,4546,,,,,,,False,0.0
K4DVDHmrSoz3QdVGwjrqaw,9.648473595184481e-05,4547,,,,,,,False,0.0
JMnK4PX12ygMSDe9pnL_KA,9.648406643419146e-05,4548,,,,,,,False,0.0
ILyS_g3ogvCkD1-7_A1Bag,9.646851286260919e-05,4549,,,,,,,False,0.0
trwHwsXOVV-ZmF-MtP98BA,9.64483488349894e-05,4550,,,,,,,False,0.0
cQF2tZfLvdb4wg7vxvBRZA,9.643106465792153e-05,4551,,,,,,,False,0.0
zELwtjWxnYXVAzOu82Xw1Q,9.640111490756613e-05,4552,,,,,,,False,0.0
x2PYuKmTUiQfzOhAAM9_Cg,9.639776707626182e-05,4553,,,,,,,False,0.0
sMwK2RWL3vpkAH2nCmSV6g,9.63970761432732e-05,4554,1.6583,0.9251,1.0,0.6931,0.2073,0.20822261982964133,True,0.0
0JnsAQFvOFxPltNU_smK3w,9.639080723048657e-05,4555,,,,,,,False,0.0
m0FGtr2iw-0adkyVHsI0Mw,9.637713097678752e-05,4556,,,,,,,False,0.0
nGOxr26XkyuUuihyK8RsXg,9.63760628893733e-05,4557,,,,,,,False,0.0
cwA7VnaIGWkiUreR3M2NQg,9.637331319558304e-05,4558,,,,,,,False,0.0
fgCDIVM8-PLgJuhxePt2MQ,9.636616387139798e-05,4559,,,,,,,False,0.0
smRQA9crZ6SwUrLATMSVPg,9.635929107581237e-05,4560,,,,,,,False,0.0
Qe1ukXYUsvM-hOvpGvrVVQ,9.63525667025226e-05,4561,,,,,,,False,0.0
aYJjJMN8heS2PmkvsQzaZg,9.63407344435858e-05,4562,,,,,,,False,0.0
aCAsjSh0aaaq8UsPHGtclQ,9.628868963329651e-05,4563,,,,,,,False,0.0
RJAp_FVSpU1KtbWc96jrvg,9.628180685345103e-05,4564,,,,,,,False,0.0
Yup2oUK2tKI2vvHo3kmscA,9.625462891103793e-05,4565,,,,,,,False,0.0
2kfa2IBX3oy2zQX4PAkEpg,9.625441641158985e-05,4566,,,,,,,False,0.0
Zk5ByFqmdqBAeVPiSS-cfw,9.62495957513375e-05,4567,,,,,,,False,0.0
-cDVG1zBZPBYU3TAoshgxw,9.624942512318307e-05,4568,,,,,,,False,0.0
slzazSp3F_HhT-bTpw970g,9.622796453594033e-05,4569,,,,,,,False,0.0
NbOWECn3ilz4gWL6dm5P6g,9.622143380388733e-05,4570,,,,,,,False,0.0
T8CRW0yUTIQdW91XQp4EWw,9.621906726770838e-05,4571,,,,,,,False,0.0
jar_5KMQZtgOseRdUN3L0w,9.620749968345952e-05,4572,,,,,,,False,0.0
LxhDTlTsNX3PhOiDuiic3g,9.618518246806734e-05,4573,,,,,,,False,0.0
fBRoUhkpEXLI_QQUJ0du8Q,9.617804175693465e-05,4574,,,,,,,False,0.0
emrUsUZvqCkytUu4i3kjLw,9.615883861112024e-05,4575,,,,,,,False,0.0
_GfI_1ViCDVW7WxjVNvl7A,9.614920520895969e-05,4576,,,,,,,False,0.0
Zn6WQQknlNtgiil0rNf9UA,9.61479512624144e-05,4577,,,,,,,False,0.0
MVLKOf25mj0MnqivWmdUwA,9.614663424552398e-05,4578,,,,,,,False,0.0
WJhr0iwDJ-JWpP-BNuUN2g,9.61441545972359e-05,4579,,,,,,,False,0.0
fz85ozE9tZCIAPGTplZhTQ,9.608919648435448e-05,4580,,,,,,,False,0.0
mvd1kW4JG3zghPyUHQO24g,9.607104861326686e-05,4581,,,,,,,False,0.0
1Fs3_bjPQwvSXZHGGlFE-A,9.606764553328742e-05,4582,,,,,,,False,0.0
MNwTcsnjhe22ShOLYbxm2A,9.606231054333111e-05,4583,0.6714,0.1846,2.0,1.0986,0.3357,0.1093969576908301,True,0.0
VwADinB-DonoikE35VtkCA,9.606175752386816e-05,4584,,,,,,,False,0.0
dIpTuL2T1L98GQGU17IeSw,9.604670028069726e-05,4585,,,,,,,False,0.0
BEMSDLPP630Fpdw_QpqLVA,9.603108139049084e-05,4586,,,,,,,False,0.0
ULc4qSFQ4ISBs0SqlxmHdw,9.601923588927558e-05,4587,,,,,,,False,0.0
U18r2iiKDtuXtwmiEnsmlQ,9.600306274261508e-05,4588,,,,,,,False,0.0
2Y7h1oxMRfVVGvc02aTn5g,9.599160324218205e-05,4589,,,,,,,False,0.0
JDZ-yr0SpjMoawlDeke59g,9.598485951061827e-05,4590,,,,,,,False,0.0
mPEemzmB68ThtuKhVXE3BA,9.59846890522655e-05,4591,,,,,,,False,0.0
31Wj0ypO-F83ca_Q8bboMw,9.59812363246443e-05,4592,,,,,,,False,0.0
vEgKBcuZxPsaExMXBP0SgQ,9.598091340164119e-05,4593,,,,,,,False,0.0
9rVSinEDIjuOLE0rNDh4qA,9.597623056489323e-05,4594,,,,,,,False,0.0
QoezRbYQncpRqyrLH6Iqjg,9.59724002402705e-05,4595,6.4518,10.0385,2.0,1.0986,0.2688,0.4277503602138112,True,0.0
283P7ZbkvsHfhZTQX5m96w,9.596210621496014e-05,4596,,,,,,,False,0.0
EcvYjxzZ47YmdxbEzoGToA,9.59257676758783e-05,4597,,,,,,,False,0.0
GhLCh9fL9Nc8c33eHszX5A,9.590535277017039e-05,4598,,,,,,,False,0.0
Aswic5AK0L2mYhbuE2hFVQ,9.587565930433962e-05,4599,,,,,,,False,0.0
V1o_BeHcTehuFD7ue-8H2A,9.586937293582975e-05,4600,,,,,,,False,0.0
HlwDNFhRZYMwweAPwioGWQ,9.58422460567251e-05,4601,,,,,,,False,0.0
TvZXS5m7XnjnfRhiXxmLdA,9.583773557011367e-05,4602,,,,,,,False,0.0
rvV9TgsRtMnyTG-KfwaoEw,9.583726621514312e-05,4603,,,,,,,False,0.0
W8a_FYH-405MtR9_0U7sQQ,9.583496264358807e-05,4604,,,,,,,False,0.0
flfkAssP0LzV3f0HSUhQAA,9.582113138899562e-05,4605,,,,,,,False,0.0
ezpDnpa1f87EMLlSGgnDxQ,9.5818441069682e-05,4606,,,,,,,False,0.0
rlWSIBm8rpEKZzpG9X9Jsw,9.581342031931852e-05,4607,,,,,,,False,0.0
6bT5PaG9xC-V76O4dtDOrg,9.580329402018591e-05,4608,5.8202,7.6769,3.0,1.3863,0.2357,0.4088878632708458,True,0.0
Inii0yZxsG1KMahiZ47Z9Q,9.578280531136387e-05,4609,,,,,,,False,0.0
8xV1PeAKQ64uJUTrqqe34g,9.576616468631925e-05,4610,,,,,,,False,0.0
JfSwHJ2KfWRXHsPSeh_ekQ,9.575522971025985e-05,4611,,,,,,,False,0.0
oY6osC4Ch3PvguA7D1hh_w,9.574650267931613e-05,4612,,,,,,,False,0.0
exuQOZA1tvlZbCiheUs1Eg,9.574321780812327e-05,4613,,,,,,,False,0.0
olqTsVDufyeaqXx585Uv2Q,9.572507987063301e-05,4614,,,,,,,False,0.0
GY0OfiGt04kur8WlviKacw,9.570685294004117e-05,4615,,,,,,,False,0.0
YpGSRLzkk8UOCVzd0Dpo3Q,9.569577118553375e-05,4616,,,,,,,False,0.0
4_erkkTFhetoDkez-guUAw,9.568504058637083e-05,4617,,,,,,,False,0.0
-Or44IdY51Ukd618kikmtA,9.568309413705945e-05,4618,,,,,,,False,0.0
5JyEHdmTufydVTQsw4afQg,9.567407043578407e-05,4619,,,,,,,False,0.0
XeLAOIv2Ky1wyzIjoTa3Mg,9.567400039859794e-05,4620,,,,,,,False,0.0
s6nOfGZJpkZ3JplCO9lGiA,9.564580666724881e-05,4621,2.1428,20.9732,4.0,1.6094,0.1857,0.24388040985661358,True,0.0
rFZhTARrrlJSEFKDVMib5g,9.563358325979017e-05,4622,,,,,,,False,0.0
K_kRU8j8th6yBeLbI94pJQ,9.563114462683425e-05,4623,,,,,,,False,0.0
D3_topdyHpAyq-zlEZ_BEg,9.561035113366471e-05,4624,3.343,11.4337,1.0,0.6931,0.2786,0.3127673594664769,True,0.0
zK-BfS0xMgDRGvb_KJL4Kw,9.560127663202693e-05,4625,,,,,,,False,0.0
86Mpp2Xlzasg-ntc2fNw7Q,9.559854129881839e-05,4626,,,,,,,False,0.0
1b3kbq_fIw8QoAYnqOzHfw,9.559452452159847e-05,4627,,,,,,,False,0.0
0mUVD5sDXZjd66XwATN8XA,9.558555252337863e-05,4628,,,,,,,False,0.0
3n2FIVhxAjG6fjju4wdzXw,9.55821461125711e-05,4629,,,,,,,False,0.0
E5YB7NywtfmQ2_rpxtjmKQ,9.55746273742139e-05,4630,,,,,,,False,0.0
FEpHL55islEkxBHC5V_YfA,9.55677021078654e-05,4631,,,,,,,False,0.0
Hzw_macg-BQ1iwgdxwteHw,9.553967148394278e-05,4632,,,,,,,False,0.0
2bugq0djs9WnBMHaIr4iYw,9.55370160762941e-05,4633,,,,,,,False,0.0
xa49Z4ar0PXDgjZyHrqbHQ,9.551758499160864e-05,4634,,,,,,,False,0.0
h0z6-ExVdz-FkU02Dd4APw,9.551487656180251e-05,4635,,,,,,,False,0.0
2QIxk_gGB9rRX45uzmPHuA,9.551140377366418e-05,4636,,,,,,,False,0.0
MoSyhSKj62gqBJyR_e5kIA,9.550760563760309e-05,4637,2.55,73.9888,1.0,0.6931,0.15,0.2698278667452545,True,0.0
-MwKwvY0gG3GyR5ymxsLNQ,9.550495794573451e-05,4638,,,,,,,False,0.0
NQQHTCDbvJ3yCHIc0eki0w,9.548863012537827e-05,4639,,,,,,,False,0.0
WmGSfx0JbwNRT03ozyjb6A,9.548369080498927e-05,4640,,,,,,,False,0.0
2WP7yrPIdXaaZA_T50jcgA,9.54736109672414e-05,4641,,,,,,,False,0.0
EzHUZ4OqRKASptcx4qiYjA,9.546576411241225e-05,4642,,,,,,,False,0.0
cBarFzmjByEo7On2nJtRlA,9.542489012907799e-05,4643,,,,,,,False,0.0
yXclLfvPrfQVowKQvlgurQ,9.541738492834931e-05,4644,,,,,,,False,0.0
4nJ1L8QMKujkh8_Oe4FK6A,9.540834252006603e-05,4645,,,,,,,False,0.0
bp482wqF6v80AltDNlPDfw,9.540548366750386e-05,4646,,,,,,,False,0.0
k41dv3Pjnx0fHgkoyEz4Jw,9.540363249924758e-05,4647,,,,,,,False,0.0
_S7PPbtL2kz-la9A4GuXsQ,9.538972469571714e-05,4648,,,,,,,False,0.0
7arJd6e88ozMfrJT2nCwlA,9.538092676349509e-05,4649,,,,,,,False,0.0
rZIoDcsE7vsneLXRzkXlfQ,9.537774725451035e-05,4650,,,,,,,False,0.0
lLU4ViA0OjsCs9hK2DQEkQ,9.536386387474161e-05,4651,,,,,,,False,0.0
OZEo4EnJ2KDR0Tj0YnH2Zw,9.535875425517917e-05,4652,,,,,,,False,0.0
9-ko2uX5p7h17KbpobOGaw,9.534134348712995e-05,4653,,,,,,,False,0.0
ansXZRD996GrOrR3esP_eA,9.532604179529462e-05,4654,,,,,,,False,0.0
Ih6pTTWLdFwzG1zhRCuAVA,9.529268378543944e-05,4655,,,,,,,False,0.0
uPQVKBptNqOxiYfXQyFxwA,9.528617117170212e-05,4656,,,,,,,False,0.0
kINOfJQjPY7kmpfH03fPXg,9.527967344394817e-05,4657,,,,,,,False,0.0
wUCMIE7mRpS6oijQzJBgDg,9.526568999287569e-05,4658,,,,,,,False,0.0
Ulnv0kGvI1qHk9CY-0w4JA,9.525932709225483e-05,4659,,,,,,,False,0.0
hbef-jw35EGvzEC09MyJqQ,9.524258024931606e-05,4660,,,,,,,False,0.0
KfnMkNJrQQMmqNs34aAXBw,9.522860763603597e-05,4661,,,,,,,False,0.0
vlqcTafHh27AuDbYtoG8rw,9.522805305871383e-05,4662,,,,,,,False,0.0
U41FZCI4nQIcH8nLR8i1eA,9.522132045012355e-05,4663,,,,,,,False,0.0
BbgoWcqBMpP5X61lGSuOMA,9.520602387816931e-05,4664,,,,,,,False,0.0
Ix0DIZoP26W63pu85KBykw,9.5197099955119e-05,4665,,,,,,,False,0.0
enfQ1SHv5PpO_Pq8BvtCRg,9.519472375017834e-05,4666,,,,,,,False,0.0
KN0IJPxZ6bwVYmqLcAfRdg,9.518953253079726e-05,4667,0.2,0.2719,1.0,0.6931,0.2,0.03882989051478855,True,0.0
-kY_HDP7IMvGl-kBIZVU4A,9.518908417001865e-05,4668,,,,,,,False,0.0
VeJP0FaL-UzzChca5f0bkA,9.517608459499195e-05,4669,,,,,,,False,0.0
mLWZQtqebGFaHGN6Ix6Tew,9.517349844931309e-05,4670,,,,,,,False,0.0
mpf51URhzEQQjc186BKUcA,9.51648346333446e-05,4671,,,,,,,False,0.0
t99FUZpRk5eMd1G33T-05Q,9.51565138255311e-05,4672,,,,,,,False,0.0
YMtSZKXAFVzk0IEdNG9zMw,9.514509252148514e-05,4673,,,,,,,False,0.0
x74ddt2X1j6SLbuCo0vV8w,9.513793034291913e-05,4674,,,,,,,False,0.0
4t1VMmixGuvj6jKhWGLVWg,9.513227731421621e-05,4675,,,,,,,False,0.0
DBIs8znvD-RUy9rFsKiJUQ,9.506791268185612e-05,4676,,,,,,,False,0.0
Gzur0f0XMkrVxIwYJvOt2g,9.504016994582512e-05,4677,,,,,,,False,0.0
mlxJy8BKHKpRglLXWCyoNQ,9.502035207638257e-05,4678,,,,,,,False,0.0
QMeDIEI1uCN4CWzWwzAnGw,9.501090429834232e-05,4679,,,,,,,False,0.0
NMk5Qov6d337c51Ldmpn_w,9.500652139145902e-05,4680,0.1636,0.1114,1.0,0.6931,0.1636,0.03226964820960087,True,0.0
wfBEbpPmIm6PX4oclmOt7Q,9.499718740475809e-05,4681,,,,,,,False,0.0
zkUHHsE-ktfrNlhL6CXalQ,9.499034451713506e-05,4682,,,,,,,False,0.0
a2UtxqPxstaoyU4yrisDwg,9.498957421041809e-05,4683,,,,,,,False,0.0
n0s2eCijdheztrvfk8BeTw,9.498892151996615e-05,4684,,,,,,,False,0.0
nB0dV8yPv29F3-CFMPG8cw,9.498166884651758e-05,4685,,,,,,,False,0.0
YEAQzv5m87g1MaoEtY9hbw,9.497846405200465e-05,4686,,,,,,,False,0.0
UDM7TDJwu-JT4HsCYZkOcA,9.497333978258072e-05,4687,,,,,,,False,0.0
x3K-ifqEkj7A386Crl6jog,9.497269400356527e-05,4688,,,,,,,False,0.0
P1rfYX62C_HD4t3TjO41BQ,9.496852505744737e-05,4689,,,,,,,False,0.0
vyyr3G874jpRYSQo2KPZow,9.496699535263698e-05,4690,,,,,,,False,0.0
3NsTKp85H2FUjr1SURf0NQ,9.496530484772741e-05,4691,,,,,,,False,0.0
_f654bkrYdNs1wB_fQVS5w,9.496432437150834e-05,4692,,,,,,,False,0.0
dtYPZBWoziDAtT6IQnIR_A,9.496064110141634e-05,4693,,,,,,,False,0.0
P2hXKZohTtKkLir8SVBbYQ,9.493145758412393e-05,4694,,,,,,,False,0.0
3wILhQIc2A7pip-M9MC5uQ,9.491332619776272e-05,4695,,,,,,,False,0.0
BjIIbYXQzxAfP2-l1qzhYQ,9.490061259174892e-05,4696,,,,,,,False,0.0
mYcdkeLn32Ab9VXE5-HniA,9.488827799302286e-05,4697,,,,,,,False,0.0
iKeQ5dOM1M89AFA-U3Mc_Q,9.488139487017798e-05,4698,,,,,,,False,0.0
X8RDdUddf4CKPvhfCS-shQ,9.487849112546532e-05,4699,,,,,,,False,0.0
mwHeR8ad_drLy95cf69TPw,9.487757920554229e-05,4700,,,,,,,False,0.0
oHMUB2xSWRY_7fXXKRZ-_A,9.48767375331473e-05,4701,,,,,,,False,0.0
nfa_qLZeaDKI80h3TS0wcg,9.486860831035181e-05,4702,,,,,,,False,0.0
7jNNSKeFFJGOz3oW4J0VuA,9.486478269694453e-05,4703,2.9014,0.8413,3.0,1.3863,0.2005,0.28993009885815896,True,0.0
IThvWu5a659nF3bk-wzgcg,9.485328256483353e-05,4704,,,,,,,False,0.0
C6AiAF35zwpAoK5jjm-nhA,9.482158461707737e-05,4705,,,,,,,False,0.0
WNzi0_1V0YMsrCg_LrJ4jA,9.479725495866927e-05,4706,,,,,,,False,0.0
KIjJP6D4u3aqRvb7e5w5nQ,9.479608370501318e-05,4707,,,,,,,False,0.0
o-KbL5aNSNEIxeINaihQMA,9.477553513833497e-05,4708,,,,,,,False,0.0
QIEajLDnaNgFrCHWmiXCaQ,9.47511416427755e-05,4709,,,,,,,False,0.0
JkyEYN3pCk1B7qRuXAUX4g,9.474639432118577e-05,4710,,,,,,,False,0.0
oyrz4wG_0cI2xStw8Ct22Q,9.47246114885624e-05,4711,,,,,,,False,0.0
PnLZ1uKbRZkv6t72gSvCwQ,9.472106406790639e-05,4712,,,,,,,False,0.0
_tnLEdv1H_JYEcfWSpNFow,9.471836933899597e-05,4713,0.2,0.0,1.0,0.6931,0.2,0.03882989051478855,True,0.0
bw47OCNHoqDMHGEgs5AqQA,9.47079744867144e-05,4714,,,,,,,False,0.0
PZJqMdFa2zn51Td_jHOsMw,9.470639649163038e-05,4715,,,,,,,False,0.0
bFQ4ikRVhPDHUyi6n5jLag,9.47045957720633e-05,4716,,,,,,,False,0.0
K74RHoIbJG_kIi9RsxQQcw,9.469873863220391e-05,4717,,,,,,,False,0.0
rmzEhkDx9ra4gZ-cVI2TVw,9.469809724161094e-05,4718,,,,,,,False,0.0
qQO7ErS_RAN4Vs1uX0L55Q,9.469557466264783e-05,4719,,,,,,,False,0.0
Oz7c0QA1C18Cb6tTdoehwQ,9.4675006045985e-05,4720,,,,,,,False,0.0
2y2LhpdlHuGU6bkAHFSoQg,9.466500903291218e-05,4721,,,,,,,False,0.0
0ev1P7-P0nCXHM-0sDmiTg,9.465207588865441e-05,4722,,,,,,,False,0.0
zznJox6-nmXlGYNWgTDwQQ,9.463836873724012e-05,4723,,,,,,,False,0.0
dAZASdppYH5DQvXLlzGiow,9.462760132074455e-05,4724,,,,,,,False,0.0
kJiVGHWyW9lrIJmbdEJXFg,9.462619633848337e-05,4725,,,,,,,False,0.0
_63cmxCZdWUDMk6HK1uQhg,9.461029076777455e-05,4726,,,,,,,False,0.0
AHLQulzMieUxdvpSQwYL4A,9.460968163005023e-05,4727,,,,,,,False,0.0
7dQ39yOtoQIhmHY_E9cQFQ,9.459482589599826e-05,4728,,,,,,,False,0.0
kW-_2YHMX8KF6li4AwdBEA,9.456909174119721e-05,4729,,,,,,,False,0.0
0qMuzRkFDNO-8OBZf3Yi3w,9.456884963587857e-05,4730,,,,,,,False,0.0
oGdbvXKXVCQ8WC_GQePDkQ,9.4558007654418e-05,4731,,,,,,,False,0.0
npyH-DyEMLhDMIqEedmB-g,9.455549063949921e-05,4732,,,,,,,False,0.0
T4RdefWsIRfo_36Bv8X15g,9.448786373245861e-05,4733,,,,,,,False,0.0
9I3pqS1gTmVX5Hmu5KKU1g,9.447930969641347e-05,4734,,,,,,,False,0.0
9D0aKRGsutg8S0ClIanmrA,9.447644952062513e-05,4735,,,,,,,False,0.0
If7JNzXZB0S5JMG_kFNg5g,9.446056699123989e-05,4736,1.05,0.9372,1.0,0.6931,0.35,0.15288176047490556,True,0.0
wSZQ5qnYwiukmI0fKBA2fQ,9.445071740978179e-05,4737,,,,,,,False,0.0
Ogn9c0QudZBmfOSJF6aIdA,9.444113617992466e-05,4738,,,,,,,False,0.0
YqgX6DHsg097nstJl_cCjQ,9.443509416029298e-05,4739,,,,,,,False,0.0
Oj4otn-Wfd-JLwh1dL0DbA,9.436616892672173e-05,4740,,,,,,,False,0.0
oftZCuhr2tw4kv2Bsixeww,9.433624198074296e-05,4741,,,,,,,False,0.0
w9yOn6SCa9i7z59n5oLEDw,9.431857666245829e-05,4742,,,,,,,False,0.0
yulGdN0Ezh0lbP81Wrki5w,9.43160914505342e-05,4743,,,,,,,False,0.0
Da3LmQYuxuCJfRTH6FXsiA,9.431008820123406e-05,4744,1.496,4.8779,1.0,0.6931,0.187,0.19480576977721165,True,0.0
2BMk_drsikKWslJCXmQtjQ,9.430334547732022e-05,4745,,,,,,,False,0.0
5yvs585-TDqiIJ39jHt8qQ,9.430034742537886e-05,4746,,,,,,,False,0.0
p_JcylEbz2yZiJnGOYXEvg,9.429291956402025e-05,4747,,,,,,,False,0.0
TMT9U2da4ewGbk38X54KJA,9.429078151301207e-05,4748,,,,,,,False,0.0
40x53BSmT4gFjIHCQpWJeA,9.427840774877374e-05,4749,,,,,,,False,0.0
6yDedrQLDH-IC8eU1DAd2Q,9.427522479918086e-05,4750,,,,,,,False,0.0
hv-rci0u6KR75ALB_70dHw,9.427213895574502e-05,4751,0.3,0.0514,1.0,0.6931,0.3,0.0558769672846689,True,0.0
X_1RXvYxdaaTXJp3lo0xYQ,9.426121289964844e-05,4752,,,,,,,False,0.0
9tt8wDtWkXhRd6pYM2iOfA,9.424969984264786e-05,4753,,,,,,,False,0.0
3bDVXWqAZZbSp7bS8aYhfg,9.423249370923405e-05,4754,,,,,,,False,0.0
uh25a36RgVbIeq99Qy4a0A,9.42271194629267e-05,4755,,,,,,,False,0.0
kI_8RT6-IoVxD-EgXmyFvg,9.421128695934081e-05,4756,,,,,,,False,0.0
d3D5R3uP3BjQN6m_60nFww,9.419987255466239e-05,4757,,,,,,,False,0.0
WM65nRzjQxnVtLTHzUy0RQ,9.419171145252418e-05,4758,,,,,,,False,0.0
OAWa1WML2V1ZLJGD6V3nBQ,9.417971191369234e-05,4759,,,,,,,False,0.0
bmz7gDuJCwEd7nppmb7pjA,9.417848541423404e-05,4760,,,,,,,False,0.0
KRc2irAIY3pgGlV0p4znmQ,9.41724819256651e-05,4761,0.7096,4.3166,1.0,0.6931,0.2365,0.11420972444136815,True,0.0
9fLkROUd4EcFlbf8NKzxbw,9.415469199965011e-05,4762,,,,,,,False,0.0
GV1s2EOQX7tLQrDjPGUJUQ,9.414571802727902e-05,4763,,,,,,,False,0.0
-aXBwEc28UdpcNtl6B6sGA,9.411704792589255e-05,4764,,,,,,,False,0.0
OZnQZ4sZRwd7L1jMc7pv2w,9.411162812721212e-05,4765,,,,,,,False,0.0
tM-ObyoUno83kylE283iXw,9.409435124945384e-05,4766,,,,,,,False,0.0
teNfxYX0estS2Bdr2Snobw,9.408993440238663e-05,4767,,,,,,,False,0.0
lOipP8dh4Daqid9uro4xNA,9.408500183002396e-05,4768,,,,,,,False,0.0
5k1Hk_ETYdNASh4IrmCXKg,9.406366683867218e-05,4769,,,,,,,False,0.0
wAIZDurYmEeSR9vQxge89w,9.406276853779423e-05,4770,,,,,,,False,0.0
a39Bc7eixUE1_vOkBjEfwg,9.406047433003273e-05,4771,,,,,,,False,0.0
ZRy4atrG3YHdb__qtE0FsA,9.405482577275435e-05,4772,,,,,,,False,0.0
BJeM2i8sJ_ulULeIAuNq0g,9.405083597649333e-05,4773,,,,,,,False,0.0
lQ58_4SzdETRSw0h8tilhA,9.403620532939198e-05,4774,,,,,,,False,0.0
Kg71HUigI1rnY3UMFiLx0w,9.403318680100844e-05,4775,,,,,,,False,0.0
WfGXFCu0e0SVr9tZG3-TfQ,9.401533382582694e-05,4776,,,,,,,False,0.0
79-mLS1vvVYkHRCYBMXmzw,9.40152600099924e-05,4777,,,,,,,False,0.0
si6ydGbemo4qmljtLy3EEg,9.400527816117236e-05,4778,,,,,,,False,0.0
0pVM5OaWWu-M0TWMQ9Zwyg,9.400512916524213e-05,4779,,,,,,,False,0.0
z6-Nxhr-JX4OBOpmknkkgw,9.397564282176445e-05,4780,,,,,,,False,0.0
ifWCzW6H6t2xKQfpoleQgg,9.394781096317847e-05,4781,,,,,,,False,0.0
P5VhiFjSfJLoZoxef9x4IA,9.394749208336735e-05,4782,,,,,,,False,0.0
uQSCNdPI0dC_sPsOh1U8NQ,9.394290834184261e-05,4783,,,,,,,False,0.0
sCd7CNY3gqF4hUXdcWJWOg,9.394157409471491e-05,4784,,,,,,,False,0.0
ugfoID6LrdwiqYUSdhkqAw,9.394124512961722e-05,4785,,,,,,,False,0.0
9shXDmiEvRLgD93R6KlPNA,9.394073555771607e-05,4786,0.39,1.3321,1.0,0.6931,0.195,0.0701333878039855,True,0.0
kZVkrF0Cy-xwfpO94g-ylw,9.391451701521723e-05,4787,,,,,,,False,0.0
YEwmI50bso_LYtuivsdwiA,9.390589284880459e-05,4788,,,,,,,False,0.0
FT-cRqGz3kJBDgXr-9Fdtw,9.390515208553835e-05,4789,,,,,,,False,0.0
FId1uY73JcswBn6oz5gTEQ,9.388759718925332e-05,4790,,,,,,,False,0.0
u3LMhfKLLWCIy9aImc3aUw,9.387917944771794e-05,4791,,,,,,,False,0.0
-KhT2eqHZUj-Sqz3xkt-kw,9.386875568531726e-05,4792,,,,,,,False,0.0
OHFLSDbEZAP65Cl0lHfmqg,9.385152732511626e-05,4793,,,,,,,False,0.0
IDtLPgUrqorrpqSLdfMhZQ,9.38363314313307e-05,4794,,,,,,,False,0.0
dkxB_I_3-63HJMmQszE0Kg,9.383531454145604e-05,4795,,,,,,,False,0.0
-fJPJP7iOd1ukDNqTSINIg,9.383296523335362e-05,4796,1.6583,2.586,1.0,0.6931,0.2073,0.20822261982964133,True,0.0
IbpTkANgK_6LgJ_DaS94YA,9.38322766716164e-05,4797,,,,,,,False,0.0
uvGfk8eirExWR-B9zsIN5Q,9.37981527345254e-05,4798,,,,,,,False,0.0
Z3AabbdzSsxPPC8Kgbar_Q,9.378673409319534e-05,4799,,,,,,,False,0.0
KU4Y64Xo98dadz3umx41zw,9.376969835444422e-05,4800,2.176,5.1237,1.0,0.6931,0.2418,0.2461184383521269,True,0.0
av9TaTSDj96rDEeL5G8N8g,9.374389012191108e-05,4801,,,,,,,False,0.0
e4hdGUQH8IX0Tcx1Aa3Ltw,9.373590608539768e-05,4802,,,,,,,False,0.0
SKKiHIOPKD3wdf0heTBfZw,9.368786697923694e-05,4803,,,,,,,False,0.0
sg09rwt2WMCI8KAaOqOu2A,9.367899245644261e-05,4804,,,,,,,False,0.0
yIAgFdYQY3UdfDn-qO0K7g,9.366214032413042e-05,4805,,,,,,,False,0.0
AhptHEV4nFleCv4yOwp6fg,9.365758733759586e-05,4806,,,,,,,False,0.0
6fJcHm3dNTBILsa646nZBQ,9.364683875065032e-05,4807,,,,,,,False,0.0
0ltwnq7Q2S76Fu-0W0HNPg,9.362922617786452e-05,4808,1.0514,0.594,1.0,0.6931,0.2629,0.15302715701319067,True,0.0
_9d6vlplnhYFlUJR3I8fQQ,9.360825454059665e-05,4809,,,,,,,False,0.0
rTu09DTWFpfKcsyKdTVScw,9.358815194857383e-05,4810,,,,,,,False,0.0
vgaDkuxjt8-w-0PtE8tTCA,9.356503661144046e-05,4811,,,,,,,False,0.0
-sRtgVuwRz7JJQaHiLV9zw,9.355874226152925e-05,4812,,,,,,,False,0.0
DF_cgKLV_YMDkBaNlE0XoQ,9.355414452029668e-05,4813,6.4811,27.074,3.0,1.3863,0.2592,0.4285861213306306,True,0.0
djj8qE6hQjSeyEt9T2H_dg,9.354907360693258e-05,4814,,,,,,,False,0.0
FR8YnUEtePT6D901MXQc_w,9.353964359896835e-05,4815,,,,,,,False,0.0
1h9NXhwX4C4pXuBg7Dq7mg,9.351939966060158e-05,4816,,,,,,,False,0.0
Amq1IKeqyyWrx6rt8j5TLQ,9.35114617451219e-05,4817,,,,,,,False,0.0
GzSBK3xn2zL9of5-GoRQHA,9.351127728513444e-05,4818,,,,,,,False,0.0
UtQ3M7hlmJrZU-WRuIxfzQ,9.351029609244116e-05,4819,,,,,,,False,0.0
Rk0SeN8Ur_Z7cVHZttGLKw,9.350722554606613e-05,4820,,,,,,,False,0.0
BsW3-SdZ0X7NYnb-EwwXzg,9.349950198394605e-05,4821,,,,,,,False,0.0
8AdQNUcZdcvxMDsrGQGMAg,9.348778007635917e-05,4822,,,,,,,False,0.0
5-uI2a8avO4QtM7l4UHeNg,9.346752462297389e-05,4823,,,,,,,False,0.0
D2gONomZQyRjxR3TMHJovw,9.345751479848793e-05,4824,,,,,,,False,0.0
xBFNCseDehGAf5D--HWG5w,9.345697853204436e-05,4825,,,,,,,False,0.0
XTsiutArkvTDr-BU5B_Itw,9.345651501658273e-05,4826,,,,,,,False,0.0
4qG7aFq9-45830OfYt7gCA,9.343791174702148e-05,4827,,,,,,,False,0.0
InI2O9i59galnR563-A9oA,9.342591569728024e-05,4828,,,,,,,False,0.0
2JdCmdTOWBvf-DQ2xaVpJQ,9.341800104435012e-05,4829,,,,,,,False,0.0
Y2ILjbd9nLM_El5KKAwbbg,9.341478693961522e-05,4830,,,,,,,False,0.0
rdDC5Ts8NZjuGHJn4bqMAQ,9.340364656466971e-05,4831,,,,,,,False,0.0
m_5jK3w7t4CS2ReIZI_grQ,9.339795610499884e-05,4832,,,,,,,False,0.0
iJOwwuhHP_0BCHmpmJ8l4Q,9.337751804841971e-05,4833,0.24,0.0514,1.0,0.6931,0.24,0.04581329528932625,True,0.0
UfjOESkPzTXkV2o5suvkBg,9.336401871631928e-05,4834,,,,,,,False,0.0
DSz81CMeUgy9zYFLQhNJ4w,9.336340301313604e-05,4835,,,,,,,False,0.0
YAmFD_UJbQz5kUc6dXU7MA,9.334452476705631e-05,4836,,,,,,,False,0.0
YcbkyXTAWjs4FwIMTUHB5A,9.334361323245557e-05,4837,,,,,,,False,0.0
00rY5F9ltW-IWf2Ev96kOg,9.333768778447311e-05,4838,,,,,,,False,0.0
8q1goL8IPTfNMdEPm5ssQA,9.33234080818524e-05,4839,,,,,,,False,0.0
2Z4UlKeHAKmxHqbyhj4a_w,9.33196756270351e-05,4840,,,,,,,False,0.0
dEotxkNxYaoG_7TS3kzUvQ,9.328135650426952e-05,4841,,,,,,,False,0.0
0toZzSP7i5JVrIVZKN2e7Q,9.326985025031706e-05,4842,,,,,,,False,0.0
X9A-z_tQGIyr8Z4Efw1wbA,9.326819430482847e-05,4843,,,,,,,False,0.0
JYlNxP4j7LX59o9gNaKnKg,9.326103004383567e-05,4844,,,,,,,False,0.0
HnHsm7SXKiUoNPsYnXdMvA,9.325128258226334e-05,4845,,,,,,,False,0.0
y2hSDX4fRNRONjTPRh8RFg,9.32511601471765e-05,4846,,,,,,,False,0.0
m9MVR81RpiI4G8BY8ssWWg,9.324765653875551e-05,4847,,,,,,,False,0.0
tVELQMCI0485CPvgtTlMDA,9.324338569014131e-05,4848,,,,,,,False,0.0
XSvfmG8EJIfnXLiJ7qZWXg,9.322134083629512e-05,4849,,,,,,,False,0.0
RW3iQlF3KB-BNg4V4f4dkA,9.319107161907346e-05,4850,0.0,2.1053,0.0,0.0,0.0,0.0,True,0.0
vMD5bn1mbL18spr7Mmzlyg,9.317139161699338e-05,4851,,,,,,,False,0.0
P-N7lqZPSSCplkomm0P1cA,9.311400054073894e-05,4852,,,,,,,False,0.0
ZTcCAGRxxXAf_K6mgFoW0g,9.310802491825427e-05,4853,,,,,,,False,0.0
z6-UhljI4jqBMyMrCUoz0Q,9.309746966370258e-05,4854,,,,,,,False,0.0
LnsqXu0Qot2f638dbq501Q,9.309365386390512e-05,4855,,,,,,,False,0.0
piPnsKY7GE-B5KVQs8ubsA,9.309265282655407e-05,4856,,,,,,,False,0.0
8_7HvKnMgkO2p7EDc74f2Q,9.30908871647548e-05,4857,,,,,,,False,0.0
iJp9sq8UddLSrUtIieoD0A,9.307901682392601e-05,4858,,,,,,,False,0.0
TKpt60GHbIZEt8aA3AB9Cg,9.307765573393478e-05,4859,,,,,,,False,0.0
i5CdJTdTSNUCqtKWzYNRaA,9.306704958136902e-05,4860,,,,,,,False,0.0
Sbr8tgyW9uaM594JIw9AWA,9.304348638841949e-05,4861,,,,,,,False,0.0
PrsGeNU4XGdl2BEKTiQrQg,9.303846163768058e-05,4862,,,,,,,False,0.0
4jUHYFw8OPXaVxyH7_8dwQ,9.301498750357785e-05,4863,,,,,,,False,0.0
qLIb2QTmlj0WWBV5klE6hA,9.299676363231968e-05,4864,,,,,,,False,0.0
q-XV-IvzAekuAvD9yp-4OQ,9.299027354953714e-05,4865,,,,,,,False,0.0
gm5Y2Q_-MzsnjytoG1Oo2w,9.298543719025968e-05,4866,,,,,,,False,0.0
hYPKB8tm4YIz0K4qm-y_6A,9.298040573532864e-05,4867,,,,,,,False,0.0
KxmOJPeNaUrEcKE1-p0huQ,9.297589613425583e-05,4868,,,,,,,False,0.0
x5c_Lna3CYLQH4pAXFCBLg,9.294822281243723e-05,4869,,,,,,,False,0.0
htQEdoqk04sv8tofoHHWfw,9.294705193781844e-05,4870,,,,,,,False,0.0
1DCUoKRe971ZReg1nk-QIw,9.293094775231209e-05,4871,,,,,,,False,0.0
P9ltq8KT6pgKjyZSKspHfA,9.292948279231117e-05,4872,,,,,,,False,0.0
K6c5WJDRDTjzb8eCcn0dGg,9.292819849094952e-05,4873,,,,,,,False,0.0
i418p2YhZ-owrHhOlWp32g,9.291454716318034e-05,4874,,,,,,,False,0.0
Yz6b3SrI_MXcaVekMISmIg,9.28985330404445e-05,4875,,,,,,,False,0.0
rBdmyvBm0JvnArhcHwg3mQ,9.288237862160017e-05,4876,,,,,,,False,0.0
SVXr9Ta3-o2TJfmDEBuK9w,9.287771717275856e-05,4877,,,,,,,False,0.0
CGpwDytO5spD4y11BZy2LQ,9.285867154340984e-05,4878,,,,,,,False,0.0
825S0nTj5TRtKOWPPAMlRQ,9.283889208110077e-05,4879,,,,,,,False,0.0
JVZ_c3k01uAIas5B61iISg,9.28320799018333e-05,4880,1.8899,1.1442,6.0,1.9459,0.2362,0.22601348349658412,True,0.0
EASb5k7y_w3fEaKEvpt1SQ,9.283118336568407e-05,4881,,,,,,,False,0.0
PdcU-86mAF2H1p1dN7m1kQ,9.281791994809625e-05,4882,,,,,,,False,0.0
tp9YEQXd0HoWC-SFVjLH4Q,9.280507651706847e-05,4883,,,,,,,False,0.0
9jnGGPtzKMwIPTnv7HkiNg,9.27863753625914e-05,4884,,,,,,,False,0.0
oAyDxwEJ5pT-cCwNnc6dRQ,9.278487497547972e-05,4885,,,,,,,False,0.0
4v_upx2yfJNKvpCYJqbgNQ,9.277153184349612e-05,4886,,,,,,,False,0.0
QPU2DcnQrkD7cvXB-2pjAA,9.276958426532108e-05,4887,,,,,,,False,0.0
ibe3g1TlMJmlkz_8Go0m1A,9.276838927496594e-05,4888,,,,,,,False,0.0
bjft5Kd54h16JtuoFoPdhQ,9.276748219914558e-05,4889,,,,,,,False,0.0
DWasEqvA6ZMxGl5t271M-A,9.276269763668719e-05,4890,,,,,,,False,0.0
K-jkw6HUZIGlBjOiYmvvsw,9.27302006500632e-05,4891,2.7242,8.0455,4.0,1.6094,0.207,0.28003030784217725,True,0.0
_GWzZ0WCT_ngRXOJiwLj7g,9.272912831778588e-05,4892,,,,,,,False,0.0
V2zPRphk1HtXfSwc8enm8w,9.271508267007351e-05,4893,,,,,,,False,0.0
9U2w4rQlIgBQqHuTRgp7Rw,9.271421124744302e-05,4894,,,,,,,False,0.0
H1bbYNKgk6JF9pKcBXyDXw,9.271227611478344e-05,4895,,,,,,,False,0.0
mU8d9qbaUqJ-XTd5Ood6Kw,9.270523646184177e-05,4896,,,,,,,False,0.0
Cxh7HIPRhIr_DIetWp3jAg,9.270492539284377e-05,4897,,,,,,,False,0.0
uNln_EqOfvtsLDor2NqhvA,9.270274372916871e-05,4898,,,,,,,False,0.0
IhVXifPXoPGOutCsbuMpkw,9.269682702035347e-05,4899,,,,,,,False,0.0
vWdBOZdE8KwxAxyE3LcJRw,9.269013636130789e-05,4900,,,,,,,False,0.0
cCLINaXaTfB1grCOBfnY1Q,9.268995070841563e-05,4901,,,,,,,False,0.0
45f_mcoZd3tU5VtUbHfr0g,9.268709557422311e-05,4902,,,,,,,False,0.0
98JiQQWF-GXM-RcjT0AyNA,9.268666337873707e-05,4903,,,,,,,False,0.0
0OlOZ3_OEOejomAN0b5OOg,9.268562116763664e-05,4904,,,,,,,False,0.0
Dr2tI5lPLiXQrE0iZRim9A,9.268203958654241e-05,4905,,,,,,,False,0.0
JPmd9szvz_YI8_LtcwixFw,9.267017702907877e-05,4906,,,,,,,False,0.0
KvZRlwOy1vk1nliD9lW3zA,9.265833435375038e-05,4907,,,,,,,False,0.0
Ll6Cdqq_4Y3W60OIc4cswg,9.265126579486075e-05,4908,,,,,,,False,0.0
594Hh8RZg__h6DV83cYMmQ,9.264448763413518e-05,4909,,,,,,,False,0.0
5TzAmqzksrUBB2tdHDQAUA,9.26436525026303e-05,4910,,,,,,,False,0.0
dogcOCiqIr3Q09VW_lFuEQ,9.26430544275061e-05,4911,,,,,,,False,0.0
IjF6swxGAObtg1kR5swLBg,9.264079425189318e-05,4912,,,,,,,False,0.0
DZxyXqQSmR59wFOTT7UJBg,9.263093336323803e-05,4913,,,,,,,False,0.0
fZ-e1GjdLjlidJiEENAqUg,9.26154561877432e-05,4914,,,,,,,False,0.0
j9YkV3Rw74YKXABDk7IALg,9.260973099882372e-05,4915,,,,,,,False,0.0
W0QKIbOBpPDD56umLllxsg,9.26027112749903e-05,4916,,,,,,,False,0.0
PxORQiDmPhd5xwTd1mFbDQ,9.259720820042067e-05,4917,,,,,,,False,0.0
Otj1O5NM_-RefDjbPkRzYQ,9.259612001493808e-05,4918,,,,,,,False,0.0
gTQhys1slmwDScf7xQ0w5w,9.256330944812096e-05,4919,,,,,,,False,0.0
xYjQ1BtBUD__olSZe7tZhQ,9.256191761072941e-05,4920,,,,,,,False,0.0
dKIZ6KrbcVwg-p3VnEY5zw,9.255533470272578e-05,4921,,,,,,,False,0.0
jKEZv7ID6c5oDPIE30BS4A,9.255197124237742e-05,4922,,,,,,,False,0.0
YoxeI8Bnz6Fwg7glgRCDdg,9.253936466109099e-05,4923,,,,,,,False,0.0
z5YxP_jyIU7dRKUA7V_H0w,9.253681983207779e-05,4924,,,,,,,False,0.0
y6_8bLLUTLZWMYu4JQq_hg,9.251886835259135e-05,4925,0.0,0.075,0.0,0.0,0.0,0.0,True,0.0
MjXZmK9YKOIjKg1GIse51g,9.251769577481155e-05,4926,,,,,,,False,0.0
sQWe9s0LgpIAZlGZDIFcKg,9.251455506610296e-05,4927,,,,,,,False,0.0
WDaJ3F7PmH6yoLxlNih1Hw,9.246485946192344e-05,4928,,,,,,,False,0.0
dg3w68b9e4pJsdeCv5pHVQ,9.246369705590689e-05,4929,,,,,,,False,0.0
6Pm_uPNQMnLW3Pmj9N7F7w,9.245592387421276e-05,4930,,,,,,,False,0.0
CLm6JtHXt8ibDkHLnBxggQ,9.243825492358555e-05,4931,,,,,,,False,0.0
-tQ0lqgfY8i5avBVyUMYWw,9.243050541435728e-05,4932,,,,,,,False,0.0
IYdG3pk8DgIcNHz4khph7Q,9.242213108508988e-05,4933,,,,,,,False,0.0
gFdBHaAKtCycQuVX3fd9Hg,9.240284849344091e-05,4934,,,,,,,False,0.0
y0pfoNQOyrb98aEIdH6cnA,9.240236322440558e-05,4935,,,,,,,False,0.0
McQZweV9DLoNzbJWksPJ6w,9.240091278838949e-05,4936,,,,,,,False,0.0
lvL_24Vo9CLg5Cyimkpdaw,9.236972872808064e-05,4937,,,,,,,False,0.0
hK59rATCI9o_rmeQu57RWw,9.235573662956786e-05,4938,,,,,,,False,0.0
0RxU5OglQyPVtLKC1LPgsA,9.232212264591384e-05,4939,,,,,,,False,0.0
UOS2Ef_7g4GX1M11xe_hkQ,9.231862564297304e-05,4940,0.6071,1.8164,1.0,0.6931,0.2024,0.10104189678904427,True,0.0
bfpwNZp1TprfhORDNh6iTw,9.23176965253733e-05,4941,,,,,,,False,0.0
CFuo8OnMNEYfH_C0haT3eA,9.230882794744078e-05,4942,,,,,,,False,0.0
lra3ButUZm7ZymM1YSnkWA,9.230729038901364e-05,4943,,,,,,,False,0.0
sGdpqF3LRPMJfr7ickXlgg,9.228985382521898e-05,4944,,,,,,,False,0.0
TZvtPXSYAjMFe0-ddll9FA,9.228182893793599e-05,4945,,,,,,,False,0.0
i2YYT2IV4KrURBZzbzGLTw,9.227862621685426e-05,4946,,,,,,,False,0.0
KOXS3nJm-e5E5MwQ6Pfrlg,9.227003771310618e-05,4947,,,,,,,False,0.0
kUjVqYw5nWiHe-1oNxOsuQ,9.22431242801677e-05,4948,,,,,,,False,0.0
OmvUk_FtthzFtRLfX2Cs0g,9.221269483296408e-05,4949,,,,,,,False,0.0
SF35XOX6vmx_NMzoQ7RLkw,9.221179014061936e-05,4950,,,,,,,False,0.0
4kTeF5mHEkXzO-q1sxHZ2A,9.220651545655457e-05,4951,,,,,,,False,0.0
uVNzMzly3ICsE_tgR-IlqA,9.219880124253169e-05,4952,,,,,,,False,0.0
ejLlJAajTJbg4q3Q9xCG9A,9.218532963570541e-05,4953,,,,,,,False,0.0
uf8uvDhevgyaUwMk8UxTIQ,9.216751514184928e-05,4954,,,,,,,False,0.0
jL251AHFcygyUEfAAF3h2Q,9.215642737813572e-05,4955,,,,,,,False,0.0
dJGZ4w3ujr-X44XPOzxOfw,9.215569003222777e-05,4956,,,,,,,False,0.0
GZdflq6wvOXyOtSFThqNmA,9.214996292240463e-05,4957,,,,,,,False,0.0
dl-2ZaDP3POIAR3eL2pi-A,9.211318578263819e-05,4958,,,,,,,False,0.0
zYCrmx7qSuT-6ut1_F22iw,9.208212202490407e-05,4959,,,,,,,False,0.0
mE4D25vY8SNxpNOZZtEauA,9.207974362874621e-05,4960,,,,,,,False,0.0
gbd0TWFMHhTyabgPC8eoeQ,9.206564421591731e-05,4961,,,,,,,False,0.0
Nq_suBLLeDKjND6efdNINg,9.205325651598832e-05,4962,,,,,,,False,0.0
CWBDmsVm1pbg7mcSrc4QcA,9.205313697459083e-05,4963,,,,,,,False,0.0
gQLrd3TFyLbxyMmr8mP-IQ,9.204213217500848e-05,4964,,,,,,,False,0.0
Lmz2zn9Alzgc6FHDkFsLdw,9.202927539123886e-05,4965,,,,,,,False,0.0
LjXS6sgzY6-kX2WKPykx_A,9.201453296894891e-05,4966,,,,,,,False,0.0
GmoYBvRsVa18G5FPiXk8JA,9.20058878999647e-05,4967,,,,,,,False,0.0
VRwqMoWUebBzeg-dGOR9VA,9.199080318403192e-05,4968,,,,,,,False,0.0
lLOuLDox8qPV0Q5jCX9qtw,9.195343410693317e-05,4969,,,,,,,False,0.0
P_AK2eaSpBK6_LuHMlJv6w,9.194948648327155e-05,4970,,,,,,,False,0.0
E1unNdsEAWr8QLF91Wg8xg,9.194235325799498e-05,4971,,,,,,,False,0.0
1z0anwqdzkcarPVk8zg4cQ,9.193785876255357e-05,4972,,,,,,,False,0.0
1vMvq4kXlOmSdPDWp_1shg,9.193379132286249e-05,4973,,,,,,,False,0.0
AssP84KHvx8vFAk-1brkog,9.19268880284499e-05,4974,,,,,,,False,0.0
cPQraNrJFprte7438BpD0g,9.192501788775216e-05,4975,,,,,,,False,0.0
L_4GDsQT0UXSMxDKdB7rQg,9.19233724333511e-05,4976,,,,,,,False,0.0
AHzR6p7UMKsRG5RnjkSONg,9.19107516776056e-05,4977,,,,,,,False,0.0
ompDR5sUDpoI6gnTldmneQ,9.190120905629718e-05,4978,,,,,,,False,0.0
TDWeczZPdLs5xhTmuh3vHg,9.188206302208763e-05,4979,,,,,,,False,0.0
jl38yx7zzMRbg-kOK8NLDw,9.187293849025429e-05,4980,,,,,,,False,0.0
RUW5ahcbLe5kKYnEZtqRpw,9.186249014141173e-05,4981,,,,,,,False,0.0
ovWd_lbvnK1dQSkSkQRfpg,9.185345461960557e-05,4982,,,,,,,False,0.0
pqi8jMdzeYifbQfAnZfj1w,9.184780920446105e-05,4983,,,,,,,False,0.0
j7JUGY0WtfGaV8DnkmNNGQ,9.184328433530603e-05,4984,,,,,,,False,0.0
xr6tLZ6MMyBmOr8EGVAWQw,9.182633998447826e-05,4985,,,,,,,False,0.0
8YZc7dVxGjFvEyX0L9ugbA,9.182007111189466e-05,4986,,,,,,,False,0.0
1Q5c2dyYzgMW0KBDNxahXw,9.179689239894196e-05,4987,,,,,,,False,0.0
IlxIkuFaAE6NMovlPZgr8A,9.179546955531402e-05,4988,,,,,,,False,0.0
n_wXu0dBd7hoBeMgMgQl0g,9.179456367617286e-05,4989,1.5636,18.5711,3.0,1.3863,0.2606,0.20049710933151982,True,0.0
jVQkjR0H-xpCzw5xNVhr3A,9.176249371586514e-05,4990,,,,,,,False,0.0
Sgp_0NFKVLmqGD7_Sh8jag,9.176188419225661e-05,4991,,,,,,,False,0.0
14qJA3j7Ut5_mQ691BT8aA,9.174516165176345e-05,4992,,,,,,,False,0.0
B_CXPcgf8QzKbNCdK5oLPw,9.173054682730122e-05,4993,,,,,,,False,0.0
DnNpi-NbFPXyJHikqxPjSA,9.172742788991722e-05,4994,,,,,,,False,0.0
pDo76a2t94988yqfaMWeBQ,9.170394070374019e-05,4995,0.4917,0.151,1.0,0.6931,0.2459,0.08517210283032324,True,0.0
s4eTJGMrxmnet8FYTOXOtw,9.170284643041744e-05,4996,,,,,,,False,0.0
nZZc4_SPb3UxD2AtDEtugg,9.166678817991463e-05,4997,,,,,,,False,0.0
Hroul_wxzfjww2z1u7BAHA,9.163571003370128e-05,4998,,,,,,,False,0.0
IFXqeJTbIUVhtBDPLJ4ufw,9.163156362401872e-05,4999,,,,,,,False,0.0
RHKhrJeq5iDRxYgobK4mCQ,9.162660954634357e-05,5000,,,,,,,False,0.0
8W4w1sXXDER5ujjE-cuOFg,9.160971746674107e-05,5001,,,,,,,False,0.0
DL1JRfRo3Wtc76PY8-hWeg,9.15880566562653e-05,5002,,,,,,,False,0.0
w24xAj7dmjE0SPkNrKE41g,9.158053561140096e-05,5003,,,,,,,False,0.0
L4JFBsgfLZIL9SJ5uxXgJw,9.156273526811893e-05,5004,,,,,,,False,0.0
bnY1-1e0XdPz6zTrG5dacA,9.155957041232174e-05,5005,,,,,,,False,0.0
oEcWJZDKjFbTXcOt4sqE1A,9.149653796240819e-05,5006,,,,,,,False,0.0
mWZOPkusdImQRGwhyrymaQ,9.148929785388621e-05,5007,,,,,,,False,0.0
TNz-ZAiCS6GzN1PtDBn-RA,9.148093636759709e-05,5008,,,,,,,False,0.0
PybkLq1widON8UAl__tPvQ,9.147009142569503e-05,5009,,,,,,,False,0.0
Oio2er4frY-zuqAXwi2lqw,9.142587849270598e-05,5010,,,,,,,False,0.0
8NGxdDjUnNr_7ZnAWk_cRw,9.142436329591876e-05,5011,,,,,,,False,0.0
6JBJTohCP_ixC-8vd4B_Gg,9.140901159682285e-05,5012,,,,,,,False,0.0
tA5YemAX8F_A26gD5flkww,9.140715638287707e-05,5013,,,,,,,False,0.0
OkWFmXM4sDI02KnDY3X-fw,9.140558877666366e-05,5014,,,,,,,False,0.0
C9C-JQOdb5iywv7MzBiUVw,9.139624270140341e-05,5015,,,,,,,False,0.0
Eyhku3u639xTM27UdL-ksQ,9.137467036986016e-05,5016,,,,,,,False,0.0
K1VXSfSmxkLe2BrQ8yG9Og,9.136587076727151e-05,5017,,,,,,,False,0.0
JhjHlvSgBqD-o8-ahT0ccA,9.13543314378472e-05,5018,,,,,,,False,0.0
nuXgC0Jvks85kwEnog7Paw,9.133743083378364e-05,5019,,,,,,,False,0.0
56x9PUm3JWKqmMsaeiAfrg,9.133053961515346e-05,5020,,,,,,,False,0.0
hZyq5_bP6AHCPxGWapXS_A,9.131657655924931e-05,5021,,,,,,,False,0.0
Y0WIZpnXFFT5VH6WBVCxlg,9.131652695031546e-05,5022,,,,,,,False,0.0
JBYKW1ZEt_lryYanq2O-_A,9.130187074404898e-05,5023,,,,,,,False,0.0
eFn-8QlFGdkT_B-bWigtFQ,9.129375387321037e-05,5024,,,,,,,False,0.0
h_hwuftiOMvdRe5HjmFwBw,9.128887661436225e-05,5025,,,,,,,False,0.0
UxzNkaC5944XFQ4Kwiw_ZQ,9.127821307677855e-05,5026,,,,,,,False,0.0
Oq5B0zc5vL0bFCxH7qd9-A,9.127741924497515e-05,5027,,,,,,,False,0.0
sosDznJyyJWHc0OYoVEWRA,9.126152178997952e-05,5028,,,,,,,False,0.0
gaBqXU8ipANuXDjogoCAag,9.125533393971756e-05,5029,,,,,,,False,0.0
7kr8QQ33vSkMmQ_mby5JUQ,9.125506594980964e-05,5030,,,,,,,False,0.0
-vSkeoIujNpKhITwvcYVLw,9.125129716127788e-05,5031,,,,,,,False,0.0
9RvqC8Dh08QAp4qtcSgjpw,9.124367866939512e-05,5032,0.4667,0.7326,2.0,1.0986,0.2334,0.08157252478601845,True,0.0
WllnLf3kBK5lGyPoKWICXQ,9.12326516973709e-05,5033,,,,,,,False,0.0
vGWxHSjUQrS3fLJdax2V6Q,9.121405970838541e-05,5034,,,,,,,False,0.0
-xhTcS5y-7LwHPRfBxJhfw,9.120580652237164e-05,5035,,,,,,,False,0.0
zXNx6wFZsoYPtMAZmdlvWw,9.120410275767038e-05,5036,,,,,,,False,0.0
td1ykOOoMhGkW76D0N9dYw,9.120239213585382e-05,5037,2.4356,15.9228,3.0,1.3863,0.203,0.26285166099599305,True,0.0
o2547RNviHXFBXIzGTatlg,9.119193762084148e-05,5038,,,,,,,False,0.0
9uRj85PviKNiMCYPwiJyIw,9.118394520854353e-05,5039,,,,,,,False,0.0
SSp4GBRnvdnuLRCIH4v_mQ,9.11800256281635e-05,5040,,,,,,,False,0.0
DBpOYGNEwA4cC5xhJ6T87g,9.117509965943524e-05,5041,,,,,,,False,0.0
xJ3aziMabFEjF8X0kvPfLw,9.117226500621058e-05,5042,,,,,,,False,0.0
XUMia3OxaCVk5sB1rJpvpg,9.115805255325652e-05,5043,,,,,,,False,0.0
l4AjbrjS91Z70AYQbABxvA,9.114621003197753e-05,5044,,,,,,,False,0.0
5QmWfGLN0E-cjfUs_Y3CDw,9.113180692666833e-05,5045,,,,,,,False,0.0
d1UaH-AOp68jk4W2uxuR_g,9.112090859430187e-05,5046,,,,,,,False,0.0
8b-DMpY7hDf67vAIJChNWg,9.111602089218445e-05,5047,,,,,,,False,0.0
naN3lrbHYjCTVZjBgFb53Q,9.109353336992543e-05,5048,,,,,,,False,0.0
6qCs0NoA6mJpHKWX_3vQaQ,9.108038411434037e-05,5049,,,,,,,False,0.0
7fSehNL4pBJ26FOeLqPj1g,9.107337295052624e-05,5050,,,,,,,False,0.0
oOpC3Xp-aV_y5yqOSSx1PA,9.106077454497433e-05,5051,,,,,,,False,0.0
LTPDLhLysBVVzfDqG_ltKQ,9.104390645908821e-05,5052,,,,,,,False,0.0
K8Sk2IzQilL1_UwlP5OFnw,9.101452818238751e-05,5053,,,,,,,False,0.0
PVieWiYn8GK9GSLnNFmOyA,9.101369818567455e-05,5054,,,,,,,False,0.0
f9qNygjcQvh2vPmZSfEvqg,9.100584012034269e-05,5055,,,,,,,False,0.0
RfDM_uKnm093LvNnoKq0xg,9.10055498954283e-05,5056,,,,,,,False,0.0
xtAgDi9BPtO6FdcgOtcyHQ,9.100364131385172e-05,5057,,,,,,,False,0.0
Dl87vbrc0W-NKaOKXm2Bgw,9.099964848310362e-05,5058,,,,,,,False,0.0
nROgQ9JIN0sjv-i5R1rHcA,9.097939873589354e-05,5059,0.6285,0.9168,2.0,1.0986,0.3143,0.10385913402862283,True,0.0
AkxNKjmfE1RFnTz_z4wuxw,9.097468651516991e-05,5060,1.1968,4.6797,1.0,0.6931,0.1995,0.16761151319143108,True,0.0
sNLCzeCWwNBi0QRrIHfwqw,9.094720243345849e-05,5061,,,,,,,False,0.0
gzoNgJP5LjaFl3vkYCLJ_A,9.09427821725432e-05,5062,,,,,,,False,0.0
D2urir1M5gO0XYdnJxTVQw,9.093976197704874e-05,5063,,,,,,,False,0.0
3TroNo3SClF2vXc1OnC44A,9.093648763800566e-05,5064,,,,,,,False,0.0
svc-qbIhSu_gGPPrA3fbfw,9.093526926496689e-05,5065,,,,,,,False,0.0
t9erINpCM8JOj2Iz9BmBUg,9.093490272272477e-05,5066,,,,,,,False,0.0
zziDpuuJw-Km1J4BaGpBKA,9.0932549655081e-05,5067,,,,,,,False,0.0
2keoSehgkUD3Sv__f0lkTQ,9.092109381098127e-05,5068,,,,,,,False,0.0
cgPke0UtMkQECm07ZRWHDA,9.09125762440044e-05,5069,,,,,,,False,0.0
BSSuIk1eV8Pt1WcQnUkofQ,9.090369268084422e-05,5070,,,,,,,False,0.0
wFZCwLkn8pegsmprBOpa4Q,9.090144312233585e-05,5071,0.5173,0.1474,1.0,0.6931,0.2586,0.0887960878814218,True,0.0
T9sdnqG0AnXv5xkVy7b4RQ,9.086113893137518e-05,5072,,,,,,,False,0.0
eh3qGDOXDY3I4dk6UgCMFw,9.086085336176558e-05,5073,,,,,,,False,0.0
1U5ZqhfQZXPw0v_Fa29WBw,9.085373139348528e-05,5074,,,,,,,False,0.0
FBqYnP7H3TMHYQvafuBTSA,9.083561867467473e-05,5075,,,,,,,False,0.0
rx1VeHzhyLdMSjdHqU5f2A,9.083242091481762e-05,5076,,,,,,,False,0.0
zupI44qitH6T8Bo9OjA6Yw,9.080711627286631e-05,5077,,,,,,,False,0.0
9Ekfby4OgzWs96RO8M4tnQ,9.080151084402833e-05,5078,,,,,,,False,0.0
oJXKb2Y80tiRi16jYNmpIg,9.079692324006086e-05,5079,,,,,,,False,0.0
LopGlCZ1ANqrTf8BqL0OWQ,9.07926551259269e-05,5080,,,,,,,False,0.0
wvM7vXUZnPCvYYzdYlbV1Q,9.078087464663479e-05,5081,,,,,,,False,0.0
Hxmr7w2ufU4wsFeU68HnMQ,9.07698493206274e-05,5082,,,,,,,False,0.0
1Bby_pb1ZBojRRcslDk1gA,9.076718063247036e-05,5083,,,,,,,False,0.0
Rmr_kEVZGzIqzLRjWsmP-A,9.076322557760847e-05,5084,,,,,,,False,0.0
qD2fr80U04Fk-Ctx0H_vtg,9.075692406649061e-05,5085,,,,,,,False,0.0
GSFWtWARVqiXIWQGCezioA,9.07522211363533e-05,5086,,,,,,,False,0.0
Awkrb1wzFxz5w1Ixc9W3FA,9.073990636317359e-05,5087,,,,,,,False,0.0
QyEMjcD8NrWm-tFAUXprhw,9.072778570214358e-05,5088,,,,,,,False,0.0
mYOFkbJq_SDnUaN_BDEkZw,9.072419177382214e-05,5089,,,,,,,False,0.0
eOJovtfgmGhvHYDKsjvKWw,9.0724120103052e-05,5090,,,,,,,False,0.0
674s2focdcEvQGs_049qeQ,9.072043948476997e-05,5091,,,,,,,False,0.0
v9dUfpQMn09sLJUaxlGMvQ,9.070121623977688e-05,5092,,,,,,,False,0.0
-H-El0POa4KEtmyDD4QvtA,9.069836104763018e-05,5093,,,,,,,False,0.0
rDuHKSzTFJT_iyetAsTboQ,9.069396639192484e-05,5094,,,,,,,False,0.0
gGf7dpWXL13f57CwTIvEkA,9.06892282865782e-05,5095,,,,,,,False,0.0
lSwPJt2ZPX03tEpfXE1BFw,9.068805297305916e-05,5096,,,,,,,False,0.0
EV2vO0cs_zQE5bkcfEi0qA,9.068470921111036e-05,5097,,,,,,,False,0.0
k9k8KR-HWclyvAWMR71_ZQ,9.065279652056707e-05,5098,,,,,,,False,0.0
zClx6vjZMfECZZML9RZUIA,9.062911417314071e-05,5099,,,,,,,False,0.0
duH8EuGBJPTckGe0s23ecA,9.062305279644482e-05,5100,,,,,,,False,0.0
lo2VbA7Lwzu3i23pQpmzlw,9.061829712318855e-05,5101,,,,,,,False,0.0
OlDnxLaoi4J1hQJNzh3jkA,9.060621962421326e-05,5102,,,,,,,False,0.0
rFoap6lcuZ2IU6WzQsH1yQ,9.058376144486972e-05,5103,,,,,,,False,0.0
83MNJkbTftVfFmNR7WlbwQ,9.058048281284651e-05,5104,,,,,,,False,0.0
9e3uANpD7iRNNGpdfrt5nA,9.056798724824648e-05,5105,0.6,0.4764,1.0,0.6931,0.6,0.10009891197775421,True,0.0
ljRFZy8ZeRnNkTMm3Ssjqw,9.055864524309914e-05,5106,,,,,,,False,0.0
0JQgHiPAQQWkdgbBvEL3JQ,9.055081148487816e-05,5107,,,,,,,False,0.0
yOoTTOsIBk10XCszYVnrDQ,9.05503123225907e-05,5108,,,,,,,False,0.0
VgFnAjjhK3AnV3u1-UVB2A,9.05494272859034e-05,5109,,,,,,,False,0.0
xc-Uaxg8wbjEKapkGNd44A,9.054476325863757e-05,5110,,,,,,,False,0.0
dmyPzMRNgTIOBRT11NFcvg,9.050987806432426e-05,5111,,,,,,,False,0.0
mzrrU4MbX0CHuDAnZb7jXw,9.048382779501069e-05,5112,,,,,,,False,0.0
UoNpmrih4LnzGTZCqltIDQ,9.047210928655453e-05,5113,,,,,,,False,0.0
gxipZ2126wTI7uDNLttHSA,9.045694459437294e-05,5114,,,,,,,False,0.0
nAZEMdurfbWLxl9dryfgeA,9.045091812281073e-05,5115,,,,,,,False,0.0
-FSNRWP_3twzsH-qliHcZQ,9.044360993628437e-05,5116,,,,,,,False,0.0
SVN5tqic3QoK1hhfPU4u4w,9.043665426295532e-05,5117,1.04,1.6718,1.0,0.6931,0.26,0.15184031701132775,True,0.0
8CXGk1YTeXMpAkZZ_ji6lA,9.04341204968705e-05,5118,,,,,,,False,0.0
YIMPh1-8zKCQ79ZsfocHBA,9.042855866506269e-05,5119,,,,,,,False,0.0
_ahiaZVH2uVzVaZ0SF2uOg,9.04254429535522e-05,5120,,,,,,,False,0.0
xVZzmogXT64tfSwHZgYVjA,9.041163043539688e-05,5121,,,,,,,False,0.0
YV_20nqs8NaQflupgDdxOw,9.040117056453085e-05,5122,,,,,,,False,0.0
g2tZiRNl9Yyo1KWPkvrx7w,9.038735481388158e-05,5123,,,,,,,False,0.0
Loa01TIJDtjQ4_UomBpbQA,9.036171128106472e-05,5124,,,,,,,False,0.0
lnhPbN6idRuYQrdG-XLWgw,9.03486463948401e-05,5125,,,,,,,False,0.0
mL1Q-xMMgXiiEJiZKhRgpA,9.034534581542762e-05,5126,,,,,,,False,0.0
EDDzBfCuhp9kwbcTRMpJAA,9.033802081185955e-05,5127,,,,,,,False,0.0
0lxPrv9a3zo68r8ds5ypTQ,9.033352270548173e-05,5128,,,,,,,False,0.0
613euL4IockQDQ3tFi_M6A,9.031829110111778e-05,5129,,,,,,,False,0.0
wxO1S4NuUTX7M2BfSvkRhQ,9.030712445343934e-05,5130,1.4433,4.3029,2.0,1.0986,0.2887,0.19026091686781607,True,0.0
FWA-LNGHisJXq_UP0WfSmA,9.030526126611955e-05,5131,,,,,,,False,0.0
jKTWcdyXPw_cGUp9fKqapQ,9.029897918964877e-05,5132,,,,,,,False,0.0
b0PRhOHyCi4AjQAMfWnjjQ,9.02931721645426e-05,5133,,,,,,,False,0.0
2YnQAJdeFrcgPa8MqIYcDg,9.029034732254242e-05,5134,,,,,,,False,0.0
pnpFjGwgCWS7CTbLu6PDpg,9.028387695988826e-05,5135,,,,,,,False,0.0
6tgrhfz8XsTH2ItEShoohA,9.027963387597838e-05,5136,,,,,,,False,0.0
_btEd4zwjdy80WQTOPm6Hg,9.027729068792244e-05,5137,,,,,,,False,0.0
qjkxF-JjH3JW4hlftSq7KA,9.027393738131243e-05,5138,,,,,,,False,0.0
Y_wNEd-AtDTo-jdPakoCZA,9.025784157893096e-05,5139,,,,,,,False,0.0
LwBUbOQhi3KKzmJCD7WrDg,9.02468894094993e-05,5140,,,,,,,False,0.0
NhRecETfR6m5yM-iGFlqOQ,9.024205764822511e-05,5141,,,,,,,False,0.0
pzclcGZd0fZmLb9R8SNdbA,9.02338643349732e-05,5142,,,,,,,False,0.0
qI41bbsoa2-eiLKHsiVAhA,9.02303207189749e-05,5143,,,,,,,False,0.0
2rnDTrLx9yiWnfDX2P3EFg,9.022798036258641e-05,5144,,,,,,,False,0.0
ZNLHB8ljPt5jvwxpy8GAhw,9.021858263623266e-05,5145,,,,,,,False,0.0
7_2O7S0_jpKAjQp-iETYXA,9.020721677895733e-05,5146,,,,,,,False,0.0
XK-mrAzh0cxD4U5Kmhy0fw,9.017312214943486e-05,5147,,,,,,,False,0.0
CD1gNgrodLjVVLpB-Kcn3Q,9.017208170768389e-05,5148,,,,,,,False,0.0
29OSyDLAiX1nxP1SEaSWtg,9.015149819375826e-05,5149,,,,,,,False,0.0
iIUZDKozkjRpDQt07VVs-A,9.010022119087681e-05,5150,,,,,,,False,0.0
xZc-23PEAKIzE9vg8hVd1Q,9.005963802936523e-05,5151,,,,,,,False,0.0
apdwYbDYSOgD89eEa8yDcw,9.00541446061574e-05,5152,,,,,,,False,0.0
xNXQkCkiUzswX5rd7DM-Dg,9.00474696013896e-05,5153,,,,,,,False,0.0
9Xcj1jOXxzz3IsImANGTNg,9.002699530828214e-05,5154,,,,,,,False,0.0
np56UXojrRQOaBvBHoLHkw,9.002539531304852e-05,5155,,,,,,,False,0.0
SQCqLXBnzU3Bw-SiLLvgqg,9.001642764546301e-05,5156,,,,,,,False,0.0
pYyShHmDznH4b67OTuMmWA,9.001069165496301e-05,5157,,,,,,,False,0.0
GQvMNxdE4uCIie4D53tE-Q,8.999633737121678e-05,5158,,,,,,,False,0.0
GEdrmeb5ubO2Gq5MgMxDtQ,8.998027302760594e-05,5159,1.2405,2.9994,1.0,0.6931,0.2067,0.17180654084097238,True,0.0
Gn34llSvalq0_RNsZLCsfQ,8.994410182434277e-05,5160,2.195,12.3309,2.0,1.0986,0.2279,0.24738873579707737,True,0.0
t_n6iMoQh3tLIULRTDfzYA,8.993822077342242e-05,5161,,,,,,,False,0.0
rfBWKSGrl--_BrJBxDQyvg,8.993668164377136e-05,5162,,,,,,,False,0.0
h5KYnGUvF4XXuy0Q8o0HtQ,8.992687972197065e-05,5163,2.2028,1.6581,2.0,1.0986,0.2006,0.24790804055233479,True,0.0
V6BZHmkKGJSGp_SDpVVKUw,8.990011385003455e-05,5164,,,,,,,False,0.0
3Vlftzk7RIe2z87hAjw1Cg,8.989032220712103e-05,5165,,,,,,,False,0.0
dbUSqTB-p1mBeshyAK4kMg,8.988703480886055e-05,5166,,,,,,,False,0.0
xJly7BzeX92hyQ0IMkEQ_A,8.98818520391571e-05,5167,,,,,,,False,0.0
T4-vocFpzwlIxAQIi22FFA,8.986466870999464e-05,5168,,,,,,,False,0.0
Ei0wJeADbNtwvA9CrvknJw,8.986206486994388e-05,5169,,,,,,,False,0.0
Xn9XOYqXa4IHdHnaZr9JAA,8.984774486227896e-05,5170,,,,,,,False,0.0
V_N2ZVEKMDIbUvATk50UlA,8.982898485894853e-05,5171,,,,,,,False,0.0
5wlbureqTc6gsaB_y-OkOA,8.982596247512469e-05,5172,,,,,,,False,0.0
BpIwDr5mG6wG5-Pxu3yxSg,8.981872290409992e-05,5173,,,,,,,False,0.0
5fb_BPmweD9oapVqJrWNcA,8.98140896960864e-05,5174,,,,,,,False,0.0
F-8dIRehX6_bYZ2T2PZEUw,8.981376442671514e-05,5175,,,,,,,False,0.0
e228TnyMNoJLp4zYnunvmw,8.980836715817275e-05,5176,,,,,,,False,0.0
RXhvlDppMyw6vhTxQX5kSw,8.980785788508646e-05,5177,,,,,,,False,0.0
5YFVP_hmIXyVDU24sTKDxA,8.979339600078563e-05,5178,,,,,,,False,0.0
c39Y2K2DIch1L2lAgi25QQ,8.977641208391772e-05,5179,,,,,,,False,0.0
BGLazGm6grYkF_HpodkdDQ,8.974374682453271e-05,5180,,,,,,,False,0.0
ZRo0TfOuUogoIHu7Jka5pw,8.974291728065013e-05,5181,,,,,,,False,0.0
6xS8kItlMKI9eCwviIvjwg,8.973943622959828e-05,5182,,,,,,,False,0.0
nKdvOAenRN4WllzGJ3hd4g,8.973465554418766e-05,5183,,,,,,,False,0.0
O_V9eD3bne7DrZtNHT4Tfg,8.973305105281298e-05,5184,1.1452,4.4054,1.0,0.6931,0.1636,0.1625493228633765,True,0.0
hr-hd7kkdy4GWocTtj9EfA,8.973211532620529e-05,5185,,,,,,,False,0.0
g2jeKyXYwHUaiop2UPOFXQ,8.972877502400474e-05,5186,,,,,,,False,0.0
VLZbc-zcSg6crVb4gxTLNQ,8.969829860065541e-05,5187,,,,,,,False,0.0
x39G7-aTCVh-972fgogKtA,8.968530468638432e-05,5188,0.828,2.5329,2.0,1.0986,0.276,0.1284711637821402,True,0.0
awVOmVnJj19k6fumwfih2w,8.968380754034974e-05,5189,,,,,,,False,0.0
GsTHcKsO4c9ZnK0AdwfCpw,8.96751053556485e-05,5190,,,,,,,False,0.0
NJg2ookzRGD2Ej-VNpuY-w,8.966879484488056e-05,5191,5.5784,9.5733,4.0,1.6094,0.2333,0.4012000616216844,True,0.0
j8hscD6sTMcmaLzCTJjEWA,8.966461411290368e-05,5192,,,,,,,False,0.0
Az4V0S5GdA0n24l53Rw7Ig,8.966413379557049e-05,5193,,,,,,,False,0.0
FwvK-Xyi11yDeYmqmL6uSw,8.966179089374968e-05,5194,22.6733,141.8456,4.0,1.6094,0.2384,0.6739262322074866,True,0.0
vdpxxb6fxjYtJMnW_V0GZg,8.96557579941671e-05,5195,,,,,,,False,0.0
IpfLdeexrKmIsQlnoW9B-w,8.965060927116489e-05,5196,,,,,,,False,0.0
3Nfa2VSW90m3OAOSPV8mvg,8.964725753381113e-05,5197,,,,,,,False,0.0
zZKnptPeSPSkza6SKq00HQ,8.961367082692989e-05,5198,,,,,,,False,0.0
riMs1_xoDD143yY4i1QVDQ,8.956913755649515e-05,5199,,,,,,,False,0.0
Ku2b7oA9s56mHoflb5lJ2w,8.95600932151927e-05,5200,,,,,,,False,0.0
Yuwn7udUEvLiOsTpJHQkQA,8.955931226839898e-05,5201,,,,,,,False,0.0
rydGLnO6XqB5OIUuGDVMiw,8.953735528498898e-05,5202,,,,,,,False,0.0
4zY9AoCbvNy5nZhr7J05Lw,8.9535317617365e-05,5203,,,,,,,False,0.0
bbo8Wzh3LFrysrdaLzufsg,8.953379717257135e-05,5204,,,,,,,False,0.0
laN9GTzSj9Qz4S2wxyVanQ,8.953000027701533e-05,5205,,,,,,,False,0.0
Yh4yCF2cjDVr2LSuphgrXQ,8.952565393595479e-05,5206,,,,,,,False,0.0
2Eyu9uCg0xbitNE_d4u46g,8.951583276026052e-05,5207,,,,,,,False,0.0
FrkGJp1WIxpFFT07Qbos5w,8.95134163754441e-05,5208,,,,,,,False,0.0
t6g6Lj8WzjIXXucCl9jdTQ,8.951010904452311e-05,5209,,,,,,,False,0.0
AkpQwujeWuPYPULJGUlsdw,8.950259325652694e-05,5210,,,,,,,False,0.0
2kyczXOKMGqcDdval--KJw,8.949232728403871e-05,5211,,,,,,,False,0.0
QhIY6bUmaHK--NeSOuZ3Hw,8.949187401199678e-05,5212,,,,,,,False,0.0
7119UBDxs6ugvitzkJ0prw,8.947471493550701e-05,5213,,,,,,,False,0.0
eQa7PB6VhomV_DTjCw1B9A,8.94717248437967e-05,5214,,,,,,,False,0.0
BTRp8zw-XlO9jr7dyYqv6A,8.946415028456582e-05,5215,2.0978,2.2303,1.0,0.6931,0.2098,0.24080890054987783,True,0.0
pMIps0jIDadJuWqxP6MNQg,8.945965317034024e-05,5216,,,,,,,False,0.0
pJguU0TyaIcrqIxp30d_kA,8.944844229452689e-05,5217,,,,,,,False,0.0
_VYWkhKEy3QO1LTD_rTPYQ,8.942593158647635e-05,5218,,,,,,,False,0.0
PCdSjDrU4K8rUzVoxqFyew,8.941857523668693e-05,5219,,,,,,,False,0.0
WO_5ViN3KaeYZaAxTSRjdg,8.941418444827376e-05,5220,,,,,,,False,0.0
E5V_PDqAKWceLM-9u8Ayww,8.940769527480337e-05,5221,1.1328,2.3546,1.0,0.6931,0.2266,0.16131468309317035,True,0.0
JTHHrV0VO99HF7lfazZpOw,8.940669862541226e-05,5222,0.44,0.3758,1.0,0.6931,0.44,0.07765978102957709,True,0.0
hGy3actugEISbvEGQeMz3A,8.940394917857699e-05,5223,,,,,,,False,0.0
vFAw4rLTTtMyRz1zQ54RsQ,8.938774166127019e-05,5224,,,,,,,False,0.0
-uzQNt-3jsRK5okUuJiQLA,8.937002372019553e-05,5225,,,,,,,False,0.0
urV1Ir6TCjSNx_Cvfx7xbQ,8.936993547969008e-05,5226,,,,,,,False,0.0
BYKnHEpYaLaUJRREJitOfQ,8.936768798575769e-05,5227,,,,,,,False,0.0
kBbtYlzHXqMLj_8ZkupvwA,8.936313173942169e-05,5228,,,,,,,False,0.0
8NqrX9MRsjql8lGiuxlmeg,8.93487587636272e-05,5229,,,,,,,False,0.0
W888zYEemWuF4c4Od0_yRA,8.934812923358764e-05,5230,,,,,,,False,0.0
etK5pTCprPuKJCtiU-iLKw,8.934011133905368e-05,5231,,,,,,,False,0.0
IppdfayfahhTBhCt3RID3Q,8.933296432364369e-05,5232,,,,,,,False,0.0
DusxSc4n6WicPtUusm_N9Q,8.933162312308871e-05,5233,,,,,,,False,0.0
cELLyBogNeU_QbN5tJsBRA,8.93313862105448e-05,5234,,,,,,,False,0.0
O3tgAGzkEln5AnpOGOCcYw,8.930540334373196e-05,5235,,,,,,,False,0.0
35yoH8b__Uv8_QJxCAawLA,8.92942307154909e-05,5236,,,,,,,False,0.0
U0sokqPeNaDJzbhLZnDPzw,8.929300775869627e-05,5237,,,,,,,False,0.0
Sfml-YTCGYKiCpLlP7dAMA,8.929109873839967e-05,5238,,,,,,,False,0.0
9nBqiimE6bGE1TSxlnDJ-A,8.928769267457369e-05,5239,,,,,,,False,0.0
2pWQjLkIynlvTdgPGxINvQ,8.928186961006687e-05,5240,,,,,,,False,0.0
9ygXHUaa7_cW2ou98VHaeg,8.927011667823195e-05,5241,,,,,,,False,0.0
6195Y62RRPJrfz1T3oABbA,8.926125985655531e-05,5242,,,,,,,False,0.0
Bl5E6RZKCpB5Tl5jouy4FA,8.926041226662395e-05,5243,,,,,,,False,0.0
l54taYsUYwDxB93lA-w9Vg,8.922791891365437e-05,5244,,,,,,,False,0.0
6RKcICXt1s9Mm35d3X5P0w,8.92245828903897e-05,5245,,,,,,,False,0.0
1S5JNnoREqmcy90pZq_naw,8.922400944360054e-05,5246,,,,,,,False,0.0
OFObWXTZlVBLaDZdl2ov-A,8.921249418519397e-05,5247,,,,,,,False,0.0
Q1LaiKr2C-7avZuCXO-VWA,8.921014489726812e-05,5248,0.3428,1.0006,2.0,1.0986,0.1714,0.06277579953197,True,0.0
zNbRWVCKNe6gBShmnuAQNw,8.920557074710658e-05,5249,,,,,,,False,0.0
xWrns9oes6rEf1NmGtz1bQ,8.919474990600599e-05,5250,,,,,,,False,0.0
Oloq6p0yeqAq_DUIiAkGiQ,8.916455710803984e-05,5251,,,,,,,False,0.0
BKiy6QxpvfTIo_s8j0w--A,8.915708472209411e-05,5252,,,,,,,False,0.0
XkZVpfDiS_D-xDlqNhVTkg,8.914452476003925e-05,5253,,,,,,,False,0.0
o61HRHnzNDcU6eMKZaB5wQ,8.914405513473322e-05,5254,,,,,,,False,0.0
iPuUDOwZKlGewjaDVo9kOg,8.914110955085465e-05,5255,,,,,,,False,0.0
vwT-Gac13DmYw4ij1ksbvQ,8.911838193169109e-05,5256,,,,,,,False,0.0
h_Z-1d9Fwc_VHoWOYVen-w,8.910766694160519e-05,5257,,,,,,,False,0.0
0wOp7FA8vyUOEgqWRcfEeg,8.90965351535088e-05,5258,,,,,,,False,0.0
zIeGu-ZfWF-THM8Y3lQwFg,8.908587093126881e-05,5259,,,,,,,False,0.0
kWxZoWO-Nw9V_xBgUYrRgQ,8.908343849724753e-05,5260,,,,,,,False,0.0
j8NhrBzy1op0BfVGdSOiXQ,8.907623996310246e-05,5261,,,,,,,False,0.0
UMweGTUKB2YbeE4bqfB0TA,8.907039649314825e-05,5262,,,,,,,False,0.0
OPW8NuOC_9FVFXsaHOO5JA,8.906479901871858e-05,5263,,,,,,,False,0.0
0vfmJXYVLZAMpUuNJx6ejw,8.90505792661178e-05,5264,,,,,,,False,0.0
sX-HF1WzCOpvePr4EMSlHA,8.903860148548475e-05,5265,,,,,,,False,0.0
ZWKEe2A92sJctVihjBotaA,8.902835785861931e-05,5266,,,,,,,False,0.0
ODvaMIpjD6bHiwQ9-kmECw,8.901558013504219e-05,5267,,,,,,,False,0.0
4DxbEns9iihpilbffdzvPQ,8.900805635013552e-05,5268,,,,,,,False,0.0
HmQ5jRUuYrRc8cKGIsA6FA,8.899922687548893e-05,5269,,,,,,,False,0.0
vE_Y-3EWeu-IWlzpDKagvg,8.897259923493122e-05,5270,,,,,,,False,0.0
sSY87quBd3LjV5Rk-KcPPw,8.895410512409807e-05,5271,,,,,,,False,0.0
WL0r9Hsb3Mnuvr4b4lKdCA,8.89187903721606e-05,5272,,,,,,,False,0.0
TSQI_PnJDdGgN8-HtbFALA,8.890541488843654e-05,5273,,,,,,,False,0.0
amdnUjtJG0XwaLuzvwvMcg,8.88966400718277e-05,5274,,,,,,,False,0.0
N9gF1pYdptTrH1thC7dX9g,8.889649932390052e-05,5275,,,,,,,False,0.0
Is_6wfNjL4Qy2kw9u56jIw,8.889020402855804e-05,5276,,,,,,,False,0.0
IzKWd5VmKcwlxK9GWBuohA,8.88471612566224e-05,5277,,,,,,,False,0.0
c2VdONiIDoAkTCEjPNehjQ,8.884574259614893e-05,5278,,,,,,,False,0.0
gcQSAQIx-KQOdf5E8HF6Lw,8.883705869675692e-05,5279,,,,,,,False,0.0
FZ3759DVo6Q2Eg_wOlJ9TA,8.883402772548242e-05,5280,,,,,,,False,0.0
54WR2MLumQhfHCKOB-eQKA,8.882707139300443e-05,5281,,,,,,,False,0.0
IFmXNVC3Qj5ZXfAzczle_A,8.882330639603181e-05,5282,,,,,,,False,0.0
5vTos29P7PP1bWOtfSQLbw,8.881147652110692e-05,5283,,,,,,,False,0.0
xTUcyLMpKTKm6miCN_4VgA,8.88109522038652e-05,5284,,,,,,,False,0.0
Vnh_rLa0jrd4Tqjh4633Aw,8.880885350782441e-05,5285,,,,,,,False,0.0
SfpJLbqHjLTR6FZ0s7upXQ,8.879408555643457e-05,5286,,,,,,,False,0.0
0pMj5xUAecW9o1P35B0AMw,8.879056058700816e-05,5287,,,,,,,False,0.0
_j4MKXubKQfu9v_kd_d9Ng,8.877081169045939e-05,5288,,,,,,,False,0.0
9t2qXG35tHfXVSXSQ37EXg,8.875449995378133e-05,5289,,,,,,,False,0.0
1MbwLxXrQk7H1FOidg8hoA,8.87529778320742e-05,5290,,,,,,,False,0.0
OTidyJ0pcVB6d73FlkBnag,8.8751479781903e-05,5291,,,,,,,False,0.0
jWsZ4M0g6ViLdJKRM73C8w,8.874478837148584e-05,5292,,,,,,,False,0.0
gLKNO0m4kLSqxWQKNJgMKg,8.873925005077424e-05,5293,,,,,,,False,0.0
am5qD6LFjkV8f_4MLp8Img,8.872596724526273e-05,5294,,,,,,,False,0.0
ovTOR6ci8a43WEWm_W7MMQ,8.871666433736098e-05,5295,,,,,,,False,0.0
41LEg4ZgFDVnZfToxGXiGA,8.871563412237175e-05,5296,,,,,,,False,0.0
1YBqzpRWXW_Vb5grCPGRvA,8.868186837576702e-05,5297,1.2787,0.18,1.0,0.6931,0.3197,0.17540710277857077,True,0.0
3m2SS1OSwVNhPXeNf6erSA,8.867785768630821e-05,5298,,,,,,,False,0.0
mioOXRIczhdsavNtFjnnoA,8.867631804812664e-05,5299,,,,,,,False,0.0
VmluS4IPOHcfx8w67h2_Bw,8.867625851123517e-05,5300,,,,,,,False,0.0
u-LC1VfzdpBHDNYr2H-Gxw,8.865407139466405e-05,5301,,,,,,,False,0.0
ujYhU3bX35BCVj1NUbSQpQ,8.864049991831024e-05,5302,,,,,,,False,0.0
5ZWg9DxQlAOxaOL5KS7rvQ,8.863972139824014e-05,5303,,,,,,,False,0.0
OPQWnVzSu70iE26LOaZiJw,8.861731583375556e-05,5304,,,,,,,False,0.0
P530pEUtDTWljOAoSyaaMw,8.861542007774726e-05,5305,,,,,,,False,0.0
RPszRvgRQR5q7WMGhVNLCA,8.860538018172491e-05,5306,,,,,,,False,0.0
MX7qpwwwdBry69K-V4432w,8.85956974993533e-05,5307,,,,,,,False,0.0
VAIOtbsxdNmuhUKkQZFRlA,8.859258730078977e-05,5308,,,,,,,False,0.0
J96Q1F6TamXl5FCp4wDeoA,8.858479332315743e-05,5309,3.2857,0.8957,1.0,0.6931,0.2738,0.3099387448757397,True,0.0
FuwM02obw0PhqNdZVE6ugg,8.858385294147251e-05,5310,,,,,,,False,0.0
xhlzD6EnttQ9U02Y9YqQ9A,8.856442340425151e-05,5311,,,,,,,False,0.0
Tpr8CltepNzpRpQC2JM4pQ,8.856264922843123e-05,5312,,,,,,,False,0.0
XifhhRHdU6Lt9W4BEhAbJA,8.853870699795432e-05,5313,,,,,,,False,0.0
rEmjV0nYnFs6OpYSR1QBWA,8.853184811377598e-05,5314,,,,,,,False,0.0
T0qzsFxkHK9w1afnmns4fw,8.853041595663587e-05,5315,,,,,,,False,0.0
Qt-yEn_BymopCRwkSJEW2g,8.852806928563409e-05,5316,,,,,,,False,0.0
cZvHhdp5bDqYFcVfRDER4w,8.852622734994197e-05,5317,,,,,,,False,0.0
OetKsgbBp_slqg2VIKzxxg,8.848001491432962e-05,5318,,,,,,,False,0.0
K5WTakHfyimdWZ87QJJPUg,8.847879538916283e-05,5319,,,,,,,False,0.0
Z8c0t6xPfM8u1H1ZUcWlOw,8.847760799436875e-05,5320,,,,,,,False,0.0
O6RCCmz8-x4NhWJpI8KQug,8.84732064087786e-05,5321,,,,,,,False,0.0
HpgUNMYvOCResSncOjZTTQ,8.847174494892194e-05,5322,,,,,,,False,0.0
lZkp51ME2iBdQbhF4QrpuA,8.846496169835149e-05,5323,0.3714,3.388,1.0,0.6931,0.1857,0.06726427031375602,True,0.0
aT6dfEcg0bucpmdrE_G1zg,8.845818240320647e-05,5324,,,,,,,False,0.0
6RVwHKupjKs8lyu2qDQXtw,8.845604478130362e-05,5325,0.8,0.1114,1.0,0.6931,0.4,0.1251837261898521,True,0.0
-Mig1TcxvFWREy-pfx7rZQ,8.845540740800763e-05,5326,,,,,,,False,0.0
rN3oijuukag6Yp9xfHdMVg,8.844463274367433e-05,5327,,,,,,,False,0.0
FZy-r97c8ifPtl8FMz7r-A,8.844442617161839e-05,5328,2.3922,1.7629,2.0,1.0986,0.2193,0.26014413317115925,True,0.0
Xbx0B7y0MAKgR4tqQvWazw,8.843015804911423e-05,5329,,,,,,,False,0.0
Ox6MY2s1Nur-yDCVpKcmDQ,8.842149927264501e-05,5330,,,,,,,False,0.0
IGxyVCiLyDhOwC3fDC3NDA,8.840616215954257e-05,5331,,,,,,,False,0.0
1AqUAR932UJgGwr6FGfPkw,8.840498619581085e-05,5332,,,,,,,False,0.0
mLJcCIhUdVYAlYHeVdg77w,8.837969799502583e-05,5333,,,,,,,False,0.0
NN67GbhgQioOwA9vN7aHug,8.837733173127819e-05,5334,,,,,,,False,0.0
7DSRQQunKE4uJu1DIhmWxA,8.837180580982534e-05,5335,,,,,,,False,0.0
w0XIMGG5xwEwFdbXzkp8mw,8.836990470881284e-05,5336,,,,,,,False,0.0
S1yt3sGBqgwAjNzZd2r08w,8.836944752285883e-05,5337,,,,,,,False,0.0
VI4p14GU7lf8mvztZzs9Xw,8.834683655728983e-05,5338,,,,,,,False,0.0
LCS2sJH5S2kFquIL_FIqAg,8.834214293606949e-05,5339,,,,,,,False,0.0
9LkxqWm0d-UnRWItuDRt6g,8.832610310561752e-05,5340,,,,,,,False,0.0
f8B1vstbUsW2ynCeqGuiUQ,8.830077238124977e-05,5341,,,,,,,False,0.0
LtPMiHSuC9Zvt7HxwXLShg,8.830039846217434e-05,5342,,,,,,,False,0.0
JngvCO_EWSG5r3Mcy_5_9A,8.829827814828332e-05,5343,,,,,,,False,0.0
6DBEXjqb2NEsdTX-wuXk8w,8.829396934897918e-05,5344,,,,,,,False,0.0
G21MuD1q2SAdZLjTxxPMGw,8.827984351186305e-05,5345,,,,,,,False,0.0
fiE7T-iWLTFFW5lVKe3bJQ,8.827550249890335e-05,5346,,,,,,,False,0.0
p2kC-cD22QAQzIGD8ZuqFA,8.827482964909293e-05,5347,,,,,,,False,0.0
-R2w_cB1_nA9ZrgvP2PkUw,8.827045778652377e-05,5348,,,,,,,False,0.0
netWsdUBNbYMkCgUr5a0dQ,8.826882776385953e-05,5349,,,,,,,False,0.0
rEQihqQgfngM3nzRl9Qb1w,8.826496118678611e-05,5350,,,,,,,False,0.0
HOUmGe9ij2LS4Vnzqi_Asg,8.826100456382394e-05,5351,,,,,,,False,0.0
2PjqWbfEefH1AMpL4opE4A,8.824958767170145e-05,5352,,,,,,,False,0.0
MFngbjvbrLnLl7j-zBO2sg,8.824131664202975e-05,5353,,,,,,,False,0.0
M5cSoV0agFcGTmm9EsUu6A,8.82320246023219e-05,5354,,,,,,,False,0.0
Ukn2qaxEP0sbjoiwn2LwhA,8.822546080421094e-05,5355,,,,,,,False,0.0
Y50hBZo0V-9mqPkSgRwR-A,8.819423441556265e-05,5356,,,,,,,False,0.0
5wnGMB8tXhNvGcbhPJeeVw,8.81928307458337e-05,5357,,,,,,,False,0.0
1FLnFCgwTiDoVjBJAViXnw,8.817702303470674e-05,5358,,,,,,,False,0.0
LKARmHZQs4cF5_OtE196xw,8.81628146755662e-05,5359,,,,,,,False,0.0
7KFWWjzHOSBl9HDVXkyusQ,8.816148883466499e-05,5360,,,,,,,False,0.0
3RwqdIWmBgKF3HpKSlHNSg,8.815153051511805e-05,5361,0.0,2.0415,0.0,0.0,0.0,0.0,True,0.0
_Bvz01G9yJZoYchrw79u4Q,8.814372340052759e-05,5362,,,,,,,False,0.0
PH41qdysinGhW9iRqQxqcw,8.814148559856397e-05,5363,,,,,,,False,0.0
aI2w94F3TvIuPTcflKVCJQ,8.811056938508332e-05,5364,,,,,,,False,0.0
_8igh2mxuHZTOnm0k2MT_Q,8.80938213923976e-05,5365,,,,,,,False,0.0
RhtWU4tTmfzC-715ltmv5Q,8.80852148426737e-05,5366,,,,,,,False,0.0
xgJMQq0uVY4KB9EfnccXzg,8.80771031928794e-05,5367,,,,,,,False,0.0
6fqL0jlPqhj0j_--hF3HWg,8.80537914894121e-05,5368,3.3834,15.789,2.0,1.0986,0.2177,0.3147393621102785,True,0.0
Brq-BCgyGWnf26eLuYRMyg,8.805186227496382e-05,5369,0.84,0.9004,2.0,1.0986,0.42,0.12986467865939075,True,0.0
HymyQp7WQycckFTYXFSGFA,8.804930308146814e-05,5370,,,,,,,False,0.0
u4P6hqDz6-QG9PR2Pj5KIw,8.802405659461851e-05,5371,,,,,,,False,0.0
5vY_YMSIIgDpcxNhUxk_Sg,8.800091133286285e-05,5372,,,,,,,False,0.0
uWJ8yes4D6f7e0bUQdBeJg,8.799685299713847e-05,5373,,,,,,,False,0.0
fDMEHZ_0UqQF3CJGYmq4Kg,8.79887949322577e-05,5374,3.056,10.9195,1.0,0.6931,0.2183,0.2982066822221556,True,0.0
IDXLt6-LwcJTIFtKRJhW3g,8.798291918102113e-05,5375,,,,,,,False,0.0
C_7RWH7_-LZrWqPnuSY9fA,8.797676790266803e-05,5376,,,,,,,False,0.0
bOwcOSdNbU2f3obnKZ2_SA,8.797222807768622e-05,5377,,,,,,,False,0.0
HWrG_7G3lN_0TR5b3N5YWw,8.797004518664938e-05,5378,,,,,,,False,0.0
uf-vkwfYYO5-4tOTNntQcw,8.793258740794707e-05,5379,,,,,,,False,0.0
G05onTfsBbgpFHejwvDCcQ,8.792789205834997e-05,5380,,,,,,,False,0.0
FSvFk1lWR0YBYP_-L_iLTQ,8.792760763176436e-05,5381,3.58,12.8594,3.0,1.3863,0.284,0.32408348487543653,True,0.0
pmnaMretlgmAA96i8Z7NFw,8.79266960385174e-05,5382,,,,,,,False,0.0
Tn_mh2nvf6XXh9O6EN7QcA,8.792136124573271e-05,5383,0.74,7.5952,1.0,0.6931,0.2467,0.11796355122537526,True,0.0
LyCOaz2ZyzRBMGfFD70rTQ,8.791852820976149e-05,5384,,,,,,,False,0.0
Mej-T3IEAZHw5hdpWUut0g,8.790636253423941e-05,5385,,,,,,,False,0.0
7fGsiwsL-cg4UIXWys5fNA,8.788304862898862e-05,5386,,,,,,,False,0.0
knP_Le69wM8xv40B99ztCQ,8.787652904950173e-05,5387,,,,,,,False,0.0
zMy3Pr6j2ZndQyD0Q0ToIw,8.787433871408879e-05,5388,,,,,,,False,0.0
f4XSOzFOQDydPyqavMV7cA,8.787354642082496e-05,5389,,,,,,,False,0.0
h7wpU50JpFK2nhBwgmUXYw,8.78423892109822e-05,5390,,,,,,,False,0.0
FYpHZegG2iMum_axsJDKcA,8.783878036682275e-05,5391,,,,,,,False,0.0
JaBxw6oXYaizlh5Y_DoKkg,8.783514961516362e-05,5392,,,,,,,False,0.0
QOyQSgog61fY8kI4IxIBuA,8.782846642520141e-05,5393,0.9175,0.1343,1.0,0.6931,0.3058,0.13865131090421146,True,0.0
XjaYTbAMsIOkofZJ4QSuJA,8.78265992215345e-05,5394,,,,,,,False,0.0
0c9jXm3tggwKsszKFJhylw,8.7803188985776e-05,5395,,,,,,,False,0.0
qV-fAuhroG1am3WpNobEng,8.77971180538974e-05,5396,,,,,,,False,0.0
yknD6Knbr_aw_9Co6zP8tQ,8.778229467659928e-05,5397,,,,,,,False,0.0
YqGx9kaJRqEeTUs-EcKc2g,8.777721619587229e-05,5398,,,,,,,False,0.0
HguxlcVKp23-NdBGstw9Hw,8.777590131147311e-05,5399,,,,,,,False,0.0
fM8ZCk2SlMu--joYJQ3EQA,8.776999606795584e-05,5400,,,,,,,False,0.0
y-Zx4DHEsDPmVAwlo0m40w,8.776211469563357e-05,5401,,,,,,,False,0.0
W-8s3otgvw_vJzPgV7FAog,8.776031668077103e-05,5402,1.4222,2.5649,2.0,1.0986,0.219,0.18841370869199442,True,0.0
mEXgQJ0c4gEdBUNyC6Y6qg,8.775075166070231e-05,5403,,,,,,,False,0.0
Ih6_y2nnbg2Jw9Qdc876GA,8.774825631512712e-05,5404,,,,,,,False,0.0
pmx7I4YUau3RHczvKmXeeQ,8.774240980215277e-05,5405,,,,,,,False,0.0
T0L0KltiJMAtrYHjqyuoMw,8.773763071206977e-05,5406,,,,,,,False,0.0
qvZcebJFv1hqdmccs0hoqQ,8.773654685236786e-05,5407,,,,,,,False,0.0
7Uy5TkrhSW7KN_8RdIvOaA,8.773617943576897e-05,5408,,,,,,,False,0.0
JR_at-dxUfPAfaMEHJNk-A,8.772969641774177e-05,5409,,,,,,,False,0.0
aVmuaNh8Z8gKSkoP418H9w,8.772168448044808e-05,5410,,,,,,,False,0.0
dN7AMKUhwTa4Kk0bdMRPgA,8.771943797911133e-05,5411,,,,,,,False,0.0
GuX_h4rctgN9X3p3SyK-1Q,8.77113194349351e-05,5412,,,,,,,False,0.0
u4YM2N8-9Q2tr7kEU-ubGQ,8.770548289291515e-05,5413,,,,,,,False,0.0
Bye73IBqt2u37RKTgwv8sg,8.770069283543204e-05,5414,,,,,,,False,0.0
2yhZklZm-4SmAVYRdPK4XQ,8.769371517083671e-05,5415,,,,,,,False,0.0
VNSJ-UxAXoSpi6KhHkj3Rg,8.768818421493009e-05,5416,,,,,,,False,0.0
GvlQw5zpaCLBY0pW4pm4_A,8.768555643241334e-05,5417,,,,,,,False,0.0
dJYn3HhPt1irQZu-Q587aw,8.766587358908061e-05,5418,,,,,,,False,0.0
3_urfCS-CpLW1NRAVgx3lw,8.764094390754266e-05,5419,,,,,,,False,0.0
BErYojCJSO959vzaz9JclQ,8.764055812072858e-05,5420,,,,,,,False,0.0
_EWIAcznqBcCLon_MBf47Q,8.763505309282362e-05,5421,,,,,,,False,0.0
hrTq1ddt6JHBILeJx2KtPA,8.762595869419405e-05,5422,,,,,,,False,0.0
sy9erwW0yTpjsTQ1eLtnUQ,8.762217100153175e-05,5423,2.1247,10.7075,4.0,1.6094,0.2719,0.24265030089979286,True,0.0
_sJJWbW9hACKCR5fIhbqcg,8.761672793828014e-05,5424,,,,,,,False,0.0
mqlriZ2dy-tf9-jtYRdRqw,8.761573668054044e-05,5425,10.0364,39.6791,7.0,2.0794,0.246,0.5113947689923786,True,0.0
aYrsT_ReL6vlQIP2GrvLWQ,8.759804400224276e-05,5426,,,,,,,False,0.0
tZU9d-czS4VfY72zE0Homg,8.75976334411043e-05,5427,,,,,,,False,0.0
yZHiutcbym-xLGkmFhP-9A,8.75919031918882e-05,5428,13.7737,53.3825,7.0,2.0794,0.2265,0.5735087890841857,True,0.0
QS-MuBTaT5ufY22UGelWtw,8.758763410522533e-05,5429,,,,,,,False,0.0
YoqnmZKGAULO58qF4OhYyg,8.757430639308717e-05,5430,,,,,,,False,0.0
QVDdV_NeGwLho6qtBYtjuQ,8.757022715404854e-05,5431,,,,,,,False,0.0
7Uju6dZG11IV-veCyJ6lgQ,8.757013519243847e-05,5432,,,,,,,False,0.0
1gusOUHcPCeorq8EHWZaKA,8.75561667435091e-05,5433,,,,,,,False,0.0
nMDteyIwo3zLbqm45xBwFw,8.755552200140418e-05,5434,,,,,,,False,0.0
OIecFe6Zum4pqPp-6C-spA,8.755388013758339e-05,5435,,,,,,,False,0.0
RrrgvkKwwq9FHayFKwOI3Q,8.754801328031731e-05,5436,,,,,,,False,0.0
7xel1TMEUaK32yKYuWdx5w,8.75257438723394e-05,5437,,,,,,,False,0.0
3pLLTz_flVK3r2DFsX6tNA,8.751842048943414e-05,5438,,,,,,,False,0.0
xANlxMXcHBVFdTsmcX2ZzA,8.751555856070983e-05,5439,,,,,,,False,0.0
L-UeDOl6WfJWdpWePuVvPA,8.750401299514189e-05,5440,,,,,,,False,0.0
ZFSt9QDyAgz5qKRfxCZWAg,8.749879528752947e-05,5441,,,,,,,False,0.0
Jc7nrhpijP6xSGFxIu0uiA,8.749530672611861e-05,5442,,,,,,,False,0.0
SrtakCRVHSFOWtI70wdVnQ,8.748683806935116e-05,5443,,,,,,,False,0.0
IRrUGBV4BjumBG3oiRRF9Q,8.748273374286006e-05,5444,,,,,,,False,0.0
3Cqy4d5KcGVmgiHFi4O4zQ,8.745368942446263e-05,5445,,,,,,,False,0.0
vaoSpYVAFXLvRfJGK1IF2g,8.742615997048354e-05,5446,,,,,,,False,0.0
Zj191m1XJiv7u_7jQZlBeg,8.742188090113299e-05,5447,,,,,,,False,0.0
7dtnDUJuF6cyqkv5Hvuumg,8.740452994652165e-05,5448,,,,,,,False,0.0
tRdnYLHDgdj6n-xzqTQeCQ,8.740270266713669e-05,5449,,,,,,,False,0.0
l6mquWS8G2EziWAO6ZMUsA,8.740231287206291e-05,5450,,,,,,,False,0.0
9wFFQUCn1j35CYea_dqhsg,8.738812695082162e-05,5451,,,,,,,False,0.0
k7I4QgxQVnxo-IAooZsvcA,8.737795787137829e-05,5452,,,,,,,False,0.0
vG6_ZC5sHRP8Jso09-WjsA,8.737019675720357e-05,5453,,,,,,,False,0.0
tqMRd6zXx5kGes8PedR4Lg,8.7363499980711e-05,5454,,,,,,,False,0.0
6p1ef8veye7qmetHBjxrLw,8.735742608086185e-05,5455,,,,,,,False,0.0
QGUj9Za0iG_OJz0CqujE_Q,8.734602781925071e-05,5456,,,,,,,False,0.0
bDNBsMltPLACTkYFIBB0Mg,8.734598157400609e-05,5457,,,,,,,False,0.0
TP3dM7jh5_pTp1DKci_eSQ,8.732979633135481e-05,5458,,,,,,,False,0.0
whUR7TFShhEhPT0X2REk-A,8.73256658778736e-05,5459,,,,,,,False,0.0
nu271G06WiOoxi5QEhmvnA,8.732280685639371e-05,5460,,,,,,,False,0.0
Jy3-BMdpLm-ST5nbsVeYHw,8.73154672377647e-05,5461,,,,,,,False,0.0
jF5XeCVL6MrA2IcLIHy1JQ,8.725183976621187e-05,5462,0.39,1.3646,2.0,1.0986,0.195,0.0701333878039855,True,0.0
n2PM7rljiYFN8HROzdneeQ,8.724211579016087e-05,5463,,,,,,,False,0.0
JJ6tYuw5Ms_r58DhnMtOCA,8.723390477499219e-05,5464,0.2522,0.2524,1.0,0.6931,0.2522,0.04789845127597094,True,0.0
4VaEkCFqCsk656jQxPpUpw,8.723094954360958e-05,5465,,,,,,,False,0.0
jPFFeyh7RmmxzQmYgAAPQA,8.721226739822794e-05,5466,,,,,,,False,0.0
lcJc6yH1uqwMOBNO6ux5UA,8.71985996665461e-05,5467,31.068,74.7878,7.0,2.0794,0.2393,0.7385663768865115,True,0.0
qNWKQTIiE3hxHrqE6itK-g,8.719637237871617e-05,5468,,,,,,,False,0.0
EEnFk6b4kuoc4q3hRb5Lcg,8.719214727242525e-05,5469,,,,,,,False,0.0
geqKnxm7PtvGiM3sCRXdYQ,8.718286651892154e-05,5470,,,,,,,False,0.0
662o6Z3l7o0PDi8Y-88oWQ,8.71711674666034e-05,5471,,,,,,,False,0.0
hDpXh2boLl6JCP3pt-XupQ,8.716576245826919e-05,5472,,,,,,,False,0.0
LM4Ah_JOjqpP9H2YLArokQ,8.715848682924905e-05,5473,,,,,,,False,0.0
xNFOIAjbqge_fqoUJu3vDA,8.713760262788504e-05,5474,,,,,,,False,0.0
X3AVbLMRGMmD5B-lH0OpQQ,8.71281756909363e-05,5475,,,,,,,False,0.0
ffbkjmGeIOnV5oUn9GUp0Q,8.711244195868183e-05,5476,,,,,,,False,0.0
pWDE_rueENu_f5HKA_AsWw,8.70961793731209e-05,5477,,,,,,,False,0.0
aEEC4D-RylmiUyephE5t_g,8.709585534506751e-05,5478,1.2636,5.3391,2.0,1.0986,0.2527,0.17399111053605681,True,0.0
kjnEPxEUOUqO91ERPP2IVA,8.708135099418623e-05,5479,,,,,,,False,0.0
dGLx7Ls5DQtlG0sLcZ0DZQ,8.707647321914062e-05,5480,,,,,,,False,0.0
chiXVs9fuaXcxb0OHs-Kig,8.707305334310708e-05,5481,,,,,,,False,0.0
eHzPkFFmnWJC_YlkjJ4fhQ,8.707126262538178e-05,5482,,,,,,,False,0.0
0ZvwD_zqnIS8MyaU95hSqA,8.706811479874896e-05,5483,,,,,,,False,0.0
tRQd4vpyxy6Mvn3DxEZDCA,8.705502647425059e-05,5484,,,,,,,False,0.0
ffvS2BlFwQra5FTPNk5N2g,8.703535581440936e-05,5485,,,,,,,False,0.0
r8DNf74pfvCdy29fGuwAoA,8.702415958732905e-05,5486,,,,,,,False,0.0
jL3ooM74Zs2maDLKSLi5zA,8.702295707553813e-05,5487,,,,,,,False,0.0
FSb8rGb71GbJt48E-t4w5Q,8.698740868616499e-05,5488,,,,,,,False,0.0
XBGXPRTzUTPdzBRmNCjOig,8.698488546241172e-05,5489,,,,,,,False,0.0
C7vmoLAEnOZQaMqj6ZHn7w,8.696220369175484e-05,5490,,,,,,,False,0.0
2GligoW65tr0PY0NE72WSQ,8.694397608925713e-05,5491,,,,,,,False,0.0
XZPL988dC2lRVAfFcuH7Xw,8.694301546020088e-05,5492,,,,,,,False,0.0
0xmV6WSKyq0SFUa_uZKocw,8.692239189418799e-05,5493,,,,,,,False,0.0
AAYzFH0HjSUNL2nLScutxQ,8.692157685475113e-05,5494,,,,,,,False,0.0
1lvDkCIAqGlDUxWmXQgKvA,8.691845882139755e-05,5495,,,,,,,False,0.0
umR6HgRVWYHcXzsxCQ92Ag,8.69145930853103e-05,5496,,,,,,,False,0.0
cCWoPtjDvx2SvwjYw5YAkg,8.690932590227674e-05,5497,,,,,,,False,0.0
OUvtfVGqDo8ZfD_eDVTALA,8.690759891257623e-05,5498,,,,,,,False,0.0
FJY0EP3DNkrAV2lVpllN4Q,8.689964100368677e-05,5499,,,,,,,False,0.0
BRivzUt6tnI9jpVeG3pJaA,8.689634959889062e-05,5500,,,,,,,False,0.0
z7GXmSfRl92A_NWB7Zz4Og,8.689376531297302e-05,5501,,,,,,,False,0.0
UKg1F0v-3q5V5SCyGWYj1g,8.689225830456534e-05,5502,,,,,,,False,0.0
c4cnGwvSWdOi27p7eOCwlA,8.688210466102835e-05,5503,,,,,,,False,0.0
8Xk9nyQkaLZyWJcZrwX2uA,8.688136931666325e-05,5504,,,,,,,False,0.0
DrazQLX4I8aSEHAkkJEnxQ,8.687005436179347e-05,5505,,,,,,,False,0.0
65m_3aPnCbDjm8nOd5TrQA,8.686482228363951e-05,5506,,,,,,,False,0.0
UDbFes4IAGEL9C2rbPeUKg,8.685300612822713e-05,5507,,,,,,,False,0.0
dj84zlrBW3CKjcH8vCkXZQ,8.683188408857989e-05,5508,,,,,,,False,0.0
x67huqR9qbjoodRBu3KWfg,8.682672218155701e-05,5509,,,,,,,False,0.0
E8DYhqJCjfWm6RsEbQesqg,8.682597033496002e-05,5510,,,,,,,False,0.0
YgbIbmfDlB-bZSsjuIfKwA,8.681945456335901e-05,5511,,,,,,,False,0.0
B-Ycnm-uf2hkweGwHgDCig,8.68175333324037e-05,5512,,,,,,,False,0.0
anWreIkJb6fph7kNfuIHCA,8.681686141727829e-05,5513,,,,,,,False,0.0
xbjq4lKiZnr8b4_PhjPI6w,8.681555476035776e-05,5514,,,,,,,False,0.0
zN1nWYBHTL4T4onTRoqE6g,8.681384655886347e-05,5515,,,,,,,False,0.0
EMoU8F2O4hTDNjXk05TWqA,8.680648876256801e-05,5516,,,,,,,False,0.0
aPU-qTC0MO2uI05QYVg9lw,8.680452010279898e-05,5517,,,,,,,False,0.0
JcoZFBA7S6X2SQEjfCKwpQ,8.678954899525991e-05,5518,,,,,,,False,0.0
EQrRwkK6yv44_CEHuoZIQQ,8.678215394648164e-05,5519,,,,,,,False,0.0
ygyLBdPZhXpFmfq6EAZ62Q,8.677851734321121e-05,5520,,,,,,,False,0.0
Wo2aCm_YFYh48P69ZsEIDQ,8.677067063456905e-05,5521,,,,,,,False,0.0
-9zDI4h2dE3hFOpGFHB10Q,8.676345068253598e-05,5522,,,,,,,False,0.0
UFHelCWPQkhxOdFjx5Cgog,8.675209936739661e-05,5523,1.3436,8.2318,1.0,0.6931,0.2239,0.18138809517453208,True,0.0
UFpCraqzFBAhtZqmxmiWsA,8.674225468725257e-05,5524,,,,,,,False,0.0
wr46ByJI0i_7TwvvN9U38A,8.672583250311967e-05,5525,,,,,,,False,0.0
0FzbiQyBnFnH1OkMol_mgQ,8.672189394611344e-05,5526,6.242,1.5605,5.0,1.7918,0.2441,0.42166818375658227,True,0.0
girDKh9waA2VA81x4h02Lw,8.671781525753226e-05,5527,,,,,,,False,0.0
YwlhxsSsa5WcrR-_myL9qQ,8.669492945399881e-05,5528,,,,,,,False,0.0
l46sjKxPfJCzCJCTQEEKUg,8.66808630651303e-05,5529,,,,,,,False,0.0
PCLfNb3s9xVlUkslcwXZuw,8.667822977941548e-05,5530,,,,,,,False,0.0
CgweZJAp5Fz-2XzjPE4Htw,8.667804856645499e-05,5531,,,,,,,False,0.0
42VQjORKlHh6D41p7lTDhg,8.667296454467258e-05,5532,,,,,,,False,0.0
Ay0j65KKb3sOrOFUVWs44g,8.666086597300671e-05,5533,,,,,,,False,0.0
n10ZO6Bx75kqYtQg6pkJdg,8.665710264047666e-05,5534,,,,,,,False,0.0
AYCStuk7tHVX9Uuw0j69LA,8.665602530260228e-05,5535,,,,,,,False,0.0
7O-BkVJHcxwlxj5qjXArrA,8.665129319937123e-05,5536,,,,,,,False,0.0
wf2BEEcyK2HxxQiHSUI2Vg,8.664430596090485e-05,5537,,,,,,,False,0.0
2rvRTXkBB_8b0TSQiNmr3w,8.663466642998956e-05,5538,,,,,,,False,0.0
gcLHVHLDOozjllD-yiAnlQ,8.663172706940616e-05,5539,,,,,,,False,0.0
YOZWP7qlFpHn9rodJSFWDw,8.662851198693485e-05,5540,0.4784,0.3943,1.0,0.6931,0.2392,0.08326470355534518,True,0.0
ZtDiNvGta1prJKyAXhawNg,8.661993644160355e-05,5541,,,,,,,False,0.0
oEAnZPD8Z27Us5SEGgqHTQ,8.661863990308383e-05,5542,,,,,,,False,0.0
x975oi4VWOxHJWE6dwSPzw,8.66086346894902e-05,5543,,,,,,,False,0.0
EGSR3XIGuwa-CLAQnJmqdw,8.660567668654462e-05,5544,,,,,,,False,0.0
nzqx3NJ1Yf-1bugLNikSCg,8.660538104126411e-05,5545,,,,,,,False,0.0
xX4uThZwMEKWOwLqgqltig,8.658662689516226e-05,5546,,,,,,,False,0.0
73SCAor6x6Acyv5cEp2Whg,8.658426632069339e-05,5547,,,,,,,False,0.0
6rdfC4ESbWEBeKbyQziZ1w,8.657871431572237e-05,5548,,,,,,,False,0.0
wmKvuZUKr-Ia8rfOMsFCHA,8.654889032981371e-05,5549,,,,,,,False,0.0
4WdDY97x4GdMYtyk1KQMnw,8.653844524254352e-05,5550,,,,,,,False,0.0
q2s15GwZr6NdTH-HtSirsA,8.653066932499061e-05,5551,,,,,,,False,0.0
bXsc3GrmXs7qDSB5ujIISA,8.652982943467628e-05,5552,,,,,,,False,0.0
wP7GPGHVd79vx92g9QJclg,8.652680661645063e-05,5553,,,,,,,False,0.0
eb_LtLr1D1AT_XTKsq1RSA,8.65267802833329e-05,5554,,,,,,,False,0.0
frjcpNfDx3dnCi-8YCVXVQ,8.652298571612368e-05,5555,,,,,,,False,0.0
D1s6HS9bAYRENT9N5QQodw,8.651266994121675e-05,5556,,,,,,,False,0.0
UrWsPqcJFlf5sGVRZzsuYw,8.650959492510815e-05,5557,,,,,,,False,0.0
cIY42Z8avTO0WCl0uY5anA,8.650782481748322e-05,5558,,,,,,,False,0.0
p8sgZPvVq39bIklMO7x6ng,8.65051118579486e-05,5559,,,,,,,False,0.0
9wicN8U1jTdXG49anAV9JQ,8.65048672010716e-05,5560,,,,,,,False,0.0
i6D8QSgr82Yd5PqiUf3hXg,8.650308454827994e-05,5561,,,,,,,False,0.0
694YRbhnl7NShhEt8OmiSg,8.648922564522981e-05,5562,,,,,,,False,0.0
1JGfNy-SMPQK86PNWPjJvA,8.647600665783007e-05,5563,,,,,,,False,0.0
ElgpjYk-Wzq1LVZQblI46w,8.644979056909359e-05,5564,,,,,,,False,0.0
kxtftrW1gCGAOFufGLv4hg,8.643922132767735e-05,5565,,,,,,,False,0.0
qhoPBAD0RP6F9bWKo6mjcA,8.643816086408868e-05,5566,,,,,,,False,0.0
4MbJl_Pn4xqTHWWf_w5KHg,8.64351124929107e-05,5567,11.6798,41.8153,5.0,1.7918,0.247,0.5409580675780169,True,0.0
rccTGDEgn7kwc9-KLx2Trg,8.643316643780115e-05,5568,,,,,,,False,0.0
ZFXvC4V-YU1U4jzVozqNUg,8.64046637001117e-05,5569,,,,,,,False,0.0
1KxvbQoLUSnYlgxzJ3FEJw,8.640426033874452e-05,5570,,,,,,,False,0.0
Fe54PN-9GABpQM30B5o08A,8.639784548356148e-05,5571,,,,,,,False,0.0
AZ2Y73dJwn6RK3H1FlO7gg,8.639772445582605e-05,5572,,,,,,,False,0.0
bDFk_io_k-6To1ul3h3tuA,8.63719842387965e-05,5573,,,,,,,False,0.0
8dBPK7LNnKVAewpouGoADA,8.636956473245741e-05,5574,,,,,,,False,0.0
qS6aoTPVBLl4yN3AB8bfBw,8.635594467526006e-05,5575,,,,,,,False,0.0
8ZN5M6bUQ_KWo8YbxYSVPA,8.635423656320786e-05,5576,,,,,,,False,0.0
yqw13sFpy1dXe6MnaZcGZw,8.635237213777516e-05,5577,,,,,,,False,0.0
6H5ZA66G7zmMD_OvipRS5A,8.635232903411773e-05,5578,,,,,,,False,0.0
igQDFfrOhici5tlZ3JkNhg,8.634931342985988e-05,5579,,,,,,,False,0.0
TIxOovwQuNp5JYh7VaiD_A,8.633353937362237e-05,5580,,,,,,,False,0.0
1QprdzNzcYKRcSTIfh5BGw,8.632690865200634e-05,5581,,,,,,,False,0.0
RQcuGe28Q8laCF1w1aBYiA,8.632632715222366e-05,5582,,,,,,,False,0.0
9_g3DU-5BnpTH1DC1kIe-w,8.630606778330888e-05,5583,,,,,,,False,0.0
OKmwUmfWO3e3ZpfzhpOE_g,8.628944929462162e-05,5584,,,,,,,False,0.0
fVkyuNElYY3AO4a3SxchCg,8.628390458413123e-05,5585,,,,,,,False,0.0
Qg9Sx8RwqnpYKQeSjfPh2w,8.626091839139004e-05,5586,,,,,,,False,0.0
3fpAmsSuEFNF29UUPpgwlw,8.625843936158344e-05,5587,,,,,,,False,0.0
kwxHDNF7MQ9kHd4F7PHCfw,8.625722965142552e-05,5588,,,,,,,False,0.0
4FDOh7BAb0pgLuD8rjl3bg,8.625230278915081e-05,5589,0.0,0.7021,0.0,0.0,0.0,0.0,True,0.0
2juujWzR3Ac_TSmbTzWawQ,8.625163195914891e-05,5590,,,,,,,False,0.0
3gK2T4pGgA7R26jhDqOgwA,8.622714331178183e-05,5591,,,,,,,False,0.0
ISFFAMis6f9ozFO2MHnuDQ,8.62231191316124e-05,5592,,,,,,,False,0.0
a4kvfeqeM5NvadLr3ehIcg,8.62096101414902e-05,5593,,,,,,,False,0.0
ds4P0t6Wp4Q8o-PVnrr0pw,8.620659910876254e-05,5594,,,,,,,False,0.0
wMJlbZt2vOTG_FV96gkRVA,8.61951121391901e-05,5595,,,,,,,False,0.0
DPfp-da67QVFP5wg6Bq3Mw,8.61906313309205e-05,5596,,,,,,,False,0.0
fX57gus0k0WY92W8r-Mlwg,8.618996287340558e-05,5597,,,,,,,False,0.0
IPYuu24deRJ3P5K498no4g,8.618559996471699e-05,5598,,,,,,,False,0.0
w5uSvE0aMDKQn_0l9vuNxg,8.617504293049978e-05,5599,,,,,,,False,0.0
IcD4lXY6lT8zZPkGD9Flqg,8.617405599222669e-05,5600,,,,,,,False,0.0
oDDQUnbC0RCYJBjc00NRew,8.615678403577679e-05,5601,,,,,,,False,0.0
eoHfkdxrMBo8CkisX6ippg,8.61551847251963e-05,5602,,,,,,,False,0.0
nN4-5uvtqTsBBI4Gsf8jcQ,8.615495721551153e-05,5603,0.9214,0.072,2.0,1.0986,0.3071,0.13908404000109797,True,0.0
I4GAOtrRYbinmI3zEwqxVQ,8.61449378663542e-05,5604,,,,,,,False,0.0
8XMrbikOColypHMqLsJoxA,8.612735206587728e-05,5605,,,,,,,False,0.0
N9g4lGJbzQzJCUf6AF7d7Q,8.611796127269087e-05,5606,,,,,,,False,0.0
hXfXTxPeiR8HBAtmsMPYzA,8.610902509463493e-05,5607,2.2828,8.9785,5.0,1.7918,0.2916,0.2531624026212294,True,0.0
rZtkmrnb-uFhnTFP7lgOEA,8.61070962099961e-05,5608,,,,,,,False,0.0
DEs_3Vzcg5R7gGfADBc28w,8.609752588385765e-05,5609,,,,,,,False,0.0
pSjT5Att7iCjpTi5hDhsAQ,8.607918699825636e-05,5610,,,,,,,False,0.0
zarrSwnR7PDD-7w9usNVYQ,8.607838123338623e-05,5611,,,,,,,False,0.0
iErS6C2sUShAQs4F7qa-1A,8.607781761637269e-05,5612,,,,,,,False,0.0
YJJHFq1_CQnCm_oXcO23Ag,8.607143094512558e-05,5613,,,,,,,False,0.0
aBJWHzk6jfAj4h92clH21g,8.604188341214611e-05,5614,,,,,,,False,0.0
2tsyQ6I1hjqAmRdnrTV94w,8.603945809577516e-05,5615,,,,,,,False,0.0
kUR59XFQps7CwVlo43wIlg,8.603625832368762e-05,5616,,,,,,,False,0.0
cYFan6HA0eXF2gXLPolTtw,8.603616038866917e-05,5617,,,,,,,False,0.0
YJn_vbvLVLySH3ZdMYlSsQ,8.603555756102255e-05,5618,,,,,,,False,0.0
z4M9rU6CZjHG8qm4xlUurQ,8.602976920063277e-05,5619,,,,,,,False,0.0
6g2-9mUquEDYw8y9KHJTzg,8.602338715613492e-05,5620,,,,,,,False,0.0
v7DDirUL-ZA-CmRgl7m-pg,8.60211734641916e-05,5621,,,,,,,False,0.0
tyFuhfn1BDGHWpmwpkwBAQ,8.600164441369308e-05,5622,,,,,,,False,0.0
jqK60MutY_MDmzgG1aXWLA,8.599431350059281e-05,5623,,,,,,,False,0.0
qpLXjhAYATp_j_SBRUtjIw,8.597403213668063e-05,5624,,,,,,,False,0.0
P2ZNB33FRQBdfKYGeS8irw,8.596546643572401e-05,5625,,,,,,,False,0.0
Plsx0pcqTVyt8ibKdhnzYQ,8.595986376876857e-05,5626,,,,,,,False,0.0
OdqRC1BZ3G4ORTis3owPZg,8.594484501617594e-05,5627,,,,,,,False,0.0
_x_4r6wNkvWjxjeUQ0jRKw,8.594368609748022e-05,5628,,,,,,,False,0.0
dLLldDhrNbgQVIqf1vGJ4Q,8.593308271527021e-05,5629,,,,,,,False,0.0
Xr5ceZ5Gq7cc8YuyLYz2bA,8.593164048135513e-05,5630,,,,,,,False,0.0
mciSzNKFRZ3HGgeSDuwUcw,8.592874110123838e-05,5631,,,,,,,False,0.0
54hp8YAMnI0baeSwbnBxDA,8.590760507739062e-05,5632,,,,,,,False,0.0
wYkH0leEO12XKnVz3VtfiQ,8.590537115967343e-05,5633,,,,,,,False,0.0
eZfhvDdol03GkF6PaFWO-A,8.58969703306495e-05,5634,,,,,,,False,0.0
7Ljrtr65Q7-uX2Nl4I_7Iw,8.5895487949276e-05,5635,,,,,,,False,0.0
E9_ZbWLoGUoWnkYhUHu0qA,8.589471491639666e-05,5636,,,,,,,False,0.0
AapRf_d8zEmq5O3nr6mJWg,8.588264237704487e-05,5637,,,,,,,False,0.0
FAvEJQ0E7n4f_Wasg9UvEw,8.587539418085568e-05,5638,,,,,,,False,0.0
mabF2emQIQUf0QX2QA9LsA,8.587447374520861e-05,5639,,,,,,,False,0.0
8zBmf2sXiiCl1EuztLWNhQ,8.586256193983775e-05,5640,,,,,,,False,0.0
Af0RbLKk4U-GU8J9OsRfyQ,8.584801012266828e-05,5641,,,,,,,False,0.0
_Rw4h7U3Ap-fA90lsGjY6g,8.584657729395841e-05,5642,,,,,,,False,0.0
N00XVr8qnUl5DSdTecFJ0w,8.584453894905405e-05,5643,,,,,,,False,0.0
hh9NYl_uHKCRoOiXJJRdVQ,8.584162308001946e-05,5644,,,,,,,False,0.0
9iP-mvRp835QYWu68pTRkg,8.582943771042653e-05,5645,,,,,,,False,0.0
shc1UzNA1jo2BOjdstsqpg,8.581656295391059e-05,5646,,,,,,,False,0.0
3Gsjcg0yHhrjaia4SouMSw,8.581245591384372e-05,5647,,,,,,,False,0.0
sSB94mIBt36jdFdKisK8Sg,8.579220284268359e-05,5648,0.33,0.1714,2.0,1.0986,0.165,0.060735917895713636,True,0.0
ItK7wimYGEXb-XrfVCQByw,8.577792142725409e-05,5649,,,,,,,False,0.0
2TYaq5AfaFi8kv_eacQYrA,8.576520338313447e-05,5650,,,,,,,False,0.0
kCAvqT_3AWOHx80VALz2lw,8.575138619450727e-05,5651,,,,,,,False,0.0
80cGp3IFlveDqwDiRENOHg,8.57451087586041e-05,5652,,,,,,,False,0.0
Og0H5yYQoER94o8lxdHDLA,8.574015600781289e-05,5653,,,,,,,False,0.0
KBtJ98QUDu3LCESV33YxcA,8.57206725536177e-05,5654,,,,,,,False,0.0
JdiS_2HdAMtBprXgX0zkqg,8.570878901078134e-05,5655,,,,,,,False,0.0
K9gaM9XdGqGWsQMdjpxFIQ,8.57066968998863e-05,5656,,,,,,,False,0.0
ABSiUVpGvn4waVJkLktMYg,8.570132212910542e-05,5657,,,,,,,False,0.0
i19wEwROtj7zBhOczEObTw,8.569996388253254e-05,5658,,,,,,,False,0.0
DGDW-rIXYACpLZVrhHF-ww,8.569482222580136e-05,5659,,,,,,,False,0.0
lVDJ8PkEwwdTWVwiqvnDDg,8.569067872134859e-05,5660,,,,,,,False,0.0
NiNYF7i7FoT3PiZNpTqsXQ,8.567667718937302e-05,5661,0.3714,2.7159,1.0,0.6931,0.1857,0.06726427031375602,True,0.0
z3JIp32V1eTem1NNVCjsnQ,8.567472027951886e-05,5662,,,,,,,False,0.0
ExNHHLqQDiYdMbzqesSpGA,8.566746594663833e-05,5663,,,,,,,False,0.0
c0Y9Fi2KSrthgsczdAPZ_g,8.56602441885318e-05,5664,,,,,,,False,0.0
HurIULSux5zziHRXwgS-Uw,8.565689209713626e-05,5665,,,,,,,False,0.0
vgJDi6bYu02k6h9_ZodulA,8.564731713219857e-05,5666,,,,,,,False,0.0
dXmx686sTWcyTHB0vXm5JA,8.563357874209929e-05,5667,,,,,,,False,0.0
yBz96I6CDRDDA9rYchHeUw,8.560218662356228e-05,5668,,,,,,,False,0.0
tpDJ0vOYiBLxMqtGvhBSmw,8.560117446657885e-05,5669,,,,,,,False,0.0
K83AQ_2U1Fuf_TIF-fRRXg,8.559985048419149e-05,5670,,,,,,,False,0.0
U2y7fsqDgxAXskoJNVxbwg,8.559846116198442e-05,5671,0.0,0.0812,0.0,0.0,0.0,0.0,True,0.0
pp1WQCg_2nr7Ght84qSSyw,8.55911865495788e-05,5672,,,,,,,False,0.0
gaAL5W0I5Hh1jLbvnW2Wkw,8.558497549967178e-05,5673,,,,,,,False,0.0
EGKqY6jvj-uJczzvPFK24g,8.557580723735515e-05,5674,,,,,,,False,0.0
MNnCUYhi8JGEF7isbLXAFg,8.556339864719096e-05,5675,,,,,,,False,0.0
4g5Jkyj-bJdFuo7PkMhO_Q,8.555599477639585e-05,5676,,,,,,,False,0.0
zcBaGiS6dNDdco1wgp35fg,8.555145154375022e-05,5677,0.0,0.45,0.0,0.0,0.0,0.0,True,0.0
dbfm8H0KQRrxT_QSXrQZ-A,8.554062848920753e-05,5678,,,,,,,False,0.0
MWrSqr3VmBcSKT4Uhk695g,8.554042259399934e-05,5679,,,,,,,False,0.0
FWTkrjnoIVJ4UiUWUVDi-Q,8.553606840648446e-05,5680,,,,,,,False,0.0
YZtphZ-zlhiPjzcJjuQc3g,8.55277058732131e-05,5681,,,,,,,False,0.0
S9w3hD8kv5VIIJZ6t5BvwQ,8.552146074457919e-05,5682,,,,,,,False,0.0
_46NI0zcrnA0HFWdRmGbkg,8.550727704755643e-05,5683,,,,,,,False,0.0
d5i_Rm7W_2Xics7yl3eT6Q,8.550465587991285e-05,5684,,,,,,,False,0.0
wV9ye9P6APb2Cnn6vr7RTw,8.54911964116106e-05,5685,,,,,,,False,0.0
gq3m1jV115bH370JfIK0-A,8.548326193084562e-05,5686,,,,,,,False,0.0
eWJHUC9ubuxW6fQVtG_mAw,8.547735072212981e-05,5687,,,,,,,False,0.0
M7VaEo-4B9hi4hMkwTQKAw,8.546805451017905e-05,5688,,,,,,,False,0.0
cEyPNMvOehbACz_t9p2yNA,8.544536118218214e-05,5689,,,,,,,False,0.0
-tWltjTtepDjVaKD4iGdDw,8.544393215282605e-05,5690,,,,,,,False,0.0
__YGMQexDIqJKtYynxh5gg,8.544200163557648e-05,5691,,,,,,,False,0.0
Vd0YOj5GVv-Nxeo06HCfjA,8.543598826804472e-05,5692,,,,,,,False,0.0
gXwHMtF-PLNG_9n7t9IxBA,8.543563060339674e-05,5693,,,,,,,False,0.0
-v1Ia8G_G00SuygAm6koUg,8.542770335522092e-05,5694,,,,,,,False,0.0
Igfj3Cxs3LXB9xB0GEe9YQ,8.540617077775395e-05,5695,,,,,,,False,0.0
thlyktt2c7v1DyOpSVSibw,8.539816091088206e-05,5696,,,,,,,False,0.0
R4V_g8fR2mB6RjvpBjBElw,8.53696360820344e-05,5697,,,,,,,False,0.0
6wzg18gopOI6tnj-7ElgMA,8.53656003673912e-05,5698,,,,,,,False,0.0
YCPSELmCiZGB0xuKd558uw,8.536453060768994e-05,5699,,,,,,,False,0.0
ldH_8qBe2ps4j7QyeJ5bDg,8.534959467554322e-05,5700,,,,,,,False,0.0
3BxSsr7QIWI6NGW08MU5JQ,8.534861236762802e-05,5701,,,,,,,False,0.0
Visax-kBz0AY_34PkuvXSQ,8.533335989963154e-05,5702,,,,,,,False,0.0
tQDS0UOVk2DyB0zfTtT1Jg,8.532216775765296e-05,5703,,,,,,,False,0.0
xbX3gQtqaki0LCZTPhY-jA,8.528839324641833e-05,5704,,,,,,,False,0.0
KZIuyooXzm7Y0x78YO7n8Q,8.528354395394622e-05,5705,,,,,,,False,0.0
KiE0h68HGOO7ZXAqkMBdiw,8.527165083801224e-05,5706,,,,,,,False,0.0
yzMxuQYGIqHZCds5J21g2A,8.526921600550817e-05,5707,,,,,,,False,0.0
yFrX5aM1_mKdRb9s4fQSMw,8.525497567571891e-05,5708,,,,,,,False,0.0
5fCpIolPWznGdz3D6hjrvg,8.525051494063763e-05,5709,,,,,,,False,0.0
rDV7gCvKjXrF2CZhzZTG-g,8.524520097277361e-05,5710,,,,,,,False,0.0
XBhY2uL9rijmAr21bK7cRQ,8.524161732472845e-05,5711,,,,,,,False,0.0
JyDpriUoqv9kUU3VroNfAQ,8.52411257135612e-05,5712,,,,,,,False,0.0
cXCky2gHKQo566ThcoVtJg,8.523821557939075e-05,5713,,,,,,,False,0.0
lI3aba-4VAnqiQLUPGewNg,8.523603076303664e-05,5714,,,,,,,False,0.0
X_X60vlWlPLWcW97LPrSjw,8.521957496804607e-05,5715,0.0,0.045,0.0,0.0,0.0,0.0,True,0.0
Qi3hCb03SwNwPj_geMRQXA,8.52095309849715e-05,5716,,,,,,,False,0.0
GqE-dUBnMmvJz_3REK6Ykw,8.520827377152226e-05,5717,,,,,,,False,0.0
IKOtPpMJTtvEkDXMSc_wjQ,8.520469304088052e-05,5718,,,,,,,False,0.0
HUcjSm1Lxdn8zSu-hQ7-sw,8.519500638070776e-05,5719,6.8188,6.1361,5.0,1.7918,0.2744,0.437989223396992,True,0.0
ezx74ix7nc7ZpDQ29Rkn7A,8.519018624009431e-05,5720,,,,,,,False,0.0
5RzJ2bjU8bLSaN5SuiUpYA,8.51885065844204e-05,5721,,,,,,,False,0.0
7NlcGz2E_pOs8y8N8rDR6Q,8.516980207757269e-05,5722,,,,,,,False,0.0
A8ZtAwFgsW1MNkWvArF7MQ,8.516905455950502e-05,5723,,,,,,,False,0.0
D0uoz1yQR10Knf_N_TCJ9g,8.516534665614997e-05,5724,,,,,,,False,0.0
vY1u5rmhsOIxTO_ezdbqjQ,8.516026784579812e-05,5725,,,,,,,False,0.0
tfhmTE3ORFmHuo7phIY-KA,8.515748487092954e-05,5726,,,,,,,False,0.0
ngkjYkjJcPQ28gDub3R0IQ,8.514624373271248e-05,5727,,,,,,,False,0.0
QZqNkjxX7xNg1RPFFVhB5g,8.5133141593687e-05,5728,2.4162,4.315,3.0,1.3863,0.2416,0.26164563587533646,True,0.0
Luc4Zxqua--lv9SLErxuWA,8.513234725967852e-05,5729,,,,,,,False,0.0
OVmUVXuW7JS_NelnCxHw_Q,8.512338329747215e-05,5730,,,,,,,False,0.0
vxrGNnuEef7YCfB7mN08rA,8.512304036478205e-05,5731,,,,,,,False,0.0
ovC2avD35bouIDnxJfWHGQ,8.512040671730236e-05,5732,,,,,,,False,0.0
oBXdVA8_gHq2ML2dkv6nhg,8.511096823832647e-05,5733,,,,,,,False,0.0
viWf8dERfdNPxxHdG37B6g,8.51023747620611e-05,5734,,,,,,,False,0.0
rbPK4jSyFS10zhWYvo_Srg,8.508772346504097e-05,5735,,,,,,,False,0.0
CxUcM0VdEcHhlm_4_Mbwyw,8.50737511403731e-05,5736,,,,,,,False,0.0
EERwPZdemE21aIwYsadjTg,8.506393161482221e-05,5737,,,,,,,False,0.0
SqnMmUeoWrc5g66wAHOq4g,8.505372565772464e-05,5738,,,,,,,False,0.0
M-FcR2vxZHJ8l-M9882EXQ,8.500561535635795e-05,5739,,,,,,,False,0.0
waMeR43MNRlowsLDY02HXA,8.499470890524937e-05,5740,,,,,,,False,0.0
91gDFsfejFglVwdQWnkOpg,8.497706947055173e-05,5741,,,,,,,False,0.0
iyW-OrFw2YnRxsoeQ36skg,8.496817889270193e-05,5742,,,,,,,False,0.0
4B5ORibJ3vhimhW8LTY6Fg,8.492965665871182e-05,5743,,,,,,,False,0.0
gkB8SvYIgkn3x4bRn9nOSg,8.492489926490794e-05,5744,,,,,,,False,0.0
0Z8ps_OfcR9eJaV2JtxigA,8.492300335085835e-05,5745,,,,,,,False,0.0
A1lAqN3SOaBLoo6NqVcy4Q,8.49108751366124e-05,5746,,,,,,,False,0.0
R7ZqfB-4Z7jyl73iQ58nEQ,8.490844723591805e-05,5747,,,,,,,False,0.0
1cxwHtw_UBMSOE6cvNmVmg,8.489083729657242e-05,5748,,,,,,,False,0.0
DZz6zpI_eKcNyTPhfkF8dw,8.487691240687005e-05,5749,,,,,,,False,0.0
t8wLtNmA64m8UtJ8eK0c4Q,8.484801150569535e-05,5750,,,,,,,False,0.0
yLriMqgy4CKmkajLPjtjJw,8.484631807619722e-05,5751,,,,,,,False,0.0
_fCpxyDgYNULXAUEbLCDHQ,8.484577851618447e-05,5752,,,,,,,False,0.0
xY1W8nRMHLREeV8W3ald5w,8.483926868739432e-05,5753,,,,,,,False,0.0
2W9KFPXzQWOPW70pGSw2ag,8.483519965815224e-05,5754,,,,,,,False,0.0
TQGnMEbtvn4B3K6ZQIN9cg,8.483312089894371e-05,5755,,,,,,,False,0.0
Kv8swWHIPPchtmiqCkI7cw,8.482616267803076e-05,5756,,,,,,,False,0.0
XffCKjkB1qaTU1MNbwJwGg,8.480702189187074e-05,5757,,,,,,,False,0.0
XHUdKqKQOzXUkImZvMbiBA,8.479795107900446e-05,5758,,,,,,,False,0.0
54sOo41hxch8D3bRCUVdoQ,8.479321815733553e-05,5759,,,,,,,False,0.0
CyiN_owscPJNvlwul0XJPg,8.478309146007902e-05,5760,,,,,,,False,0.0
cHOZWSxi93qS9FEsQAonHw,8.477544281019944e-05,5761,,,,,,,False,0.0
EaEWx18JJ6l81U3JvcaoKQ,8.475993759014604e-05,5762,,,,,,,False,0.0
C3W3tf6R91zLIlvF64Fleg,8.475881813381345e-05,5763,,,,,,,False,0.0
VvoRA1KLjWs7pUq_mXvHpw,8.474926916543606e-05,5764,,,,,,,False,0.0
wJPK_kvtnlbcY6JExUxngg,8.473852992022454e-05,5765,,,,,,,False,0.0
7NwFNLC0SwX1SwQYlfF5yw,8.472803302414449e-05,5766,,,,,,,False,0.0
ZQDylFG7tpQcL9KzI3k6hg,8.472682587714848e-05,5767,,,,,,,False,0.0
qTOZYUyeYwnsyaAcNMIZlw,8.47235317711586e-05,5768,,,,,,,False,0.0
OMrnDIpzSflcVUm6uJrukA,8.470750475515083e-05,5769,,,,,,,False,0.0
jx-yh-gKeGvOmkS_guVYAg,8.470412180533491e-05,5770,,,,,,,False,0.0
nF9pEi7NxvMWXZYTHOhdew,8.469921768053351e-05,5771,,,,,,,False,0.0
l5RjEnNSaO9fiFLj_E3DUQ,8.469523393984352e-05,5772,,,,,,,False,0.0
4pPtSIMVH9r5aLHQ0HKSDw,8.469366251685314e-05,5773,,,,,,,False,0.0
yx32jmqWOQ2ZB3RsRRfRrA,8.469309971548774e-05,5774,,,,,,,False,0.0
mUt4Bdk36wcfA7ySWqAoYQ,8.46886287839154e-05,5775,,,,,,,False,0.0
RPLPto1ejkyE8vsGOV5phg,8.468770953637929e-05,5776,2.3312,0.8155,2.0,1.0986,0.1782,0.25627947627651376,True,0.0
M3OQGg24RhArosPRv5GagA,8.468111004143565e-05,5777,,,,,,,False,0.0
NQNCAfpEpEivlkYFZ-yf2A,8.465852103266493e-05,5778,,,,,,,False,0.0
O-XwsROwYk3JoWz7bMuW8g,8.465805218975865e-05,5779,,,,,,,False,0.0
eQAre7prBUzRQOppgnI4XQ,8.465397411121773e-05,5780,,,,,,,False,0.0
rIYVTWCHyrlHPLIPMnnOfA,8.463324647718354e-05,5781,,,,,,,False,0.0
Ub_6YsWqb90lfT6k1kRbwA,8.463063140116744e-05,5782,,,,,,,False,0.0
mPd-C_r_ElrhJWfeH_CMTw,8.462664978199375e-05,5783,,,,,,,False,0.0
MuJACN0_RvP2VKT-M51SzA,8.46111311157648e-05,5784,,,,,,,False,0.0
bhaaBv7YMTYYIMjx0rrO3Q,8.459409500277198e-05,5785,34.3829,48.1681,3.0,1.3863,0.2245,0.7595167053509566,True,0.0
T3g3tcBive58pmsbB_nkLg,8.459109108951433e-05,5786,,,,,,,False,0.0
bgHVKRpZ6xotlAuw9VSLZQ,8.456533343841432e-05,5787,,,,,,,False,0.0
03u-wHrKSntiQvfxs4z84g,8.45633411516386e-05,5788,,,,,,,False,0.0
RvidXO1i2keYPsmZE41NBw,8.456274187847546e-05,5789,,,,,,,False,0.0
IOvJW63nFMReO7mMDqPRNA,8.455969292485939e-05,5790,,,,,,,False,0.0
YCU16wQbm-3RA_j2srt29w,8.455577882569491e-05,5791,,,,,,,False,0.0
tbAonEfkzYL7RDcjsznTRQ,8.45483450660018e-05,5792,,,,,,,False,0.0
IWkB--hat1Q1RCb2-JE9xA,8.454761278258389e-05,5793,,,,,,,False,0.0
HxsFX1tOzgZ2edWCTCSycQ,8.450656956174867e-05,5794,,,,,,,False,0.0
zkUGrri25CXfZc4OS2BtPg,8.44993524076819e-05,5795,,,,,,,False,0.0
vdoA5t_zL0nTTww1PQkTVw,8.447574218380367e-05,5796,,,,,,,False,0.0
fzftd8EhMnYCXE7D76zCrA,8.446884235787898e-05,5797,,,,,,,False,0.0
f2M-zBeIWFknjzzCRfpeIg,8.446086600230021e-05,5798,,,,,,,False,0.0
9eYm5gwEOhBQdkg9ihV7EA,8.446034238401643e-05,5799,,,,,,,False,0.0
C1uSyclZTxXgkYimu9LuSg,8.445299620350197e-05,5800,,,,,,,False,0.0
tDbF0IWQq-mHPi7OBla6eg,8.443394195438447e-05,5801,,,,,,,False,0.0
PNPREi-W9kVr37KWqD11rg,8.442396552701666e-05,5802,,,,,,,False,0.0
0M--IAwPfqJC9yfmI-EiAA,8.442307993812612e-05,5803,,,,,,,False,0.0
eEW2LAE2Fb8rZVE2rtNeyQ,8.442282538569939e-05,5804,,,,,,,False,0.0
-RzbRfPnKcwTixtokN-p6A,8.441338166522165e-05,5805,,,,,,,False,0.0
3LQsW2WJ1pmnRgH23C6YiA,8.4413187413499e-05,5806,,,,,,,False,0.0
d4ZPdoYxDnT6f70AZPGrcw,8.441226199321157e-05,5807,,,,,,,False,0.0
j7z0VfA0BjEG6dIVNprH9Q,8.441144873352647e-05,5808,,,,,,,False,0.0
rBxbG3uiqfYZjRXr40YXQg,8.440053217736456e-05,5809,,,,,,,False,0.0
Ws_DY9aK0iSr4BqDX2US-g,8.43917297162884e-05,5810,,,,,,,False,0.0
4oI4ikLPM6yDyw0QUrv53Q,8.438612314722078e-05,5811,,,,,,,False,0.0
9hWw-Lffnc9jCTgGnnJt6g,8.438333575988976e-05,5812,,,,,,,False,0.0
o1j6x_XniimFUe45JIusBw,8.438132176402905e-05,5813,,,,,,,False,0.0
zV_tX3gSMon0Hqp8TH3Xsg,8.437586760189139e-05,5814,,,,,,,False,0.0
8L0hQvh5JCg4G0jdZFmUFA,8.43711857512029e-05,5815,,,,,,,False,0.0
FyDQ8QKKjmBKagZ2GhNb8Q,8.436355211617681e-05,5816,,,,,,,False,0.0
3tvi-OJ_-iK1ecjzSaH-oA,8.435462732219527e-05,5817,,,,,,,False,0.0
3gqWbaq86WGLScQlcMXEyg,8.434047204128416e-05,5818,,,,,,,False,0.0
PxwdZDfO9AMFxUYjedhV3Q,8.433209205598956e-05,5819,,,,,,,False,0.0
3CAPOtopHuk2W0tBPsTcGQ,8.432370967305196e-05,5820,,,,,,,False,0.0
ij4m-6fYAq16IlmHEQFAIw,8.431077072490463e-05,5821,,,,,,,False,0.0
v8GLvA8kl1_1L8I2Ie1RCw,8.430454085662424e-05,5822,,,,,,,False,0.0
igrDOacqMn7mMn9ARiX5Og,8.429068104106214e-05,5823,,,,,,,False,0.0
mhI0-30BOKtoWNmUJw21Ig,8.428578414525396e-05,5824,,,,,,,False,0.0
kDNuc4HKzqrKrDEAQ7x19A,8.426457960797749e-05,5825,,,,,,,False,0.0
cK4uyQHRkZfuJYeVFb1TDA,8.424821017622478e-05,5826,,,,,,,False,0.0
Mm2ezriGaCboSy3FuX-WmQ,8.424288927633468e-05,5827,,,,,,,False,0.0
y5JFtXvdV9hUsRAZS9v2OA,8.424227392299325e-05,5828,,,,,,,False,0.0
z5HXbl8oiPAwp4vKhMqArg,8.423971289823188e-05,5829,,,,,,,False,0.0
OFip8f8cVjVPxhIYy46BDQ,8.423709636329355e-05,5830,,,,,,,False,0.0
Mhg8jHWHgX8unab5u9hmvQ,8.422791503324704e-05,5831,,,,,,,False,0.0
1r7NMwVO9tDyDJLVWsM4lg,8.42181081783583e-05,5832,,,,,,,False,0.0
80I1vUvNOS9u50Y5oqq8Vw,8.421120393598528e-05,5833,,,,,,,False,0.0
PKQ8u65he4JlUpUCS200cQ,8.420935560394208e-05,5834,,,,,,,False,0.0
8YJtf5v76SIz-4udyF4YmA,8.420110629316928e-05,5835,,,,,,,False,0.0
HcZCu26W1B4avM3P0S2CBg,8.416010869014949e-05,5836,,,,,,,False,0.0
-ilTnXu41RrxQITuolQhmQ,8.414763370161983e-05,5837,,,,,,,False,0.0
V2hqC0b1d6Yn0JMGg4DCPA,8.41465127139241e-05,5838,,,,,,,False,0.0
VbtcX28aEOOSgMq8zwwnWg,8.414265269241609e-05,5839,,,,,,,False,0.0
hXL6oSqDFIp8DWQzR35QKQ,8.413384136496048e-05,5840,,,,,,,False,0.0
tuos6bve7ktOER5Fgz71-Q,8.41279561279928e-05,5841,,,,,,,False,0.0
ZoI1Nj3uoSper4l5q5nrng,8.410202675010406e-05,5842,1.1132,1.4626,1.0,0.6931,0.2783,0.1593484395592761,True,0.0
jFm2I2vALvWz07_AWKQLlA,8.409855098628762e-05,5843,,,,,,,False,0.0
G7g_qBWenj0McEQW1Nua3Q,8.408825417086731e-05,5844,,,,,,,False,0.0
YKabQr2Ik2mDtBVvKC5ohA,8.407232291214569e-05,5845,,,,,,,False,0.0
JlxvJPucR0TygeXiIYtrBg,8.405955880077456e-05,5846,3.8045,5.4562,3.0,1.3863,0.2584,0.33427517509804583,True,0.0
BerT4C0BFyrRgYzlytNe5Q,8.40355910477701e-05,5847,,,,,,,False,0.0
AAsbz_OrSLtSoQS0aEbkOg,8.402537216605052e-05,5848,,,,,,,False,0.0
akDpsA4iPc6_0pHbDWFyYQ,8.401296416572879e-05,5849,,,,,,,False,0.0
AlMozN7JtyrIDsyrgqRZzw,8.399334686523621e-05,5850,0.45,0.0,1.0,0.6931,0.15,0.07913366071058672,True,0.0
K2KJKuC1J4U5WS6Y-9ZWRw,8.399289630069041e-05,5851,,,,,,,False,0.0
MruqWDUrgigjONJHOoE7eg,8.398668332940913e-05,5852,,,,,,,False,0.0
s5LHJu6ALBj0ujBZODHK5A,8.397625070027868e-05,5853,,,,,,,False,0.0
6ro0Uy6TCDZ-R3a90Dnt6w,8.39757038776563e-05,5854,,,,,,,False,0.0
hrAd9yxS_hsSqeAhOBeQwQ,8.396740730127111e-05,5855,,,,,,,False,0.0
mRZ9QFaMTbUOhdrzrYQ8fg,8.396300410536948e-05,5856,,,,,,,False,0.0
I13HqIkWfR6CydGbo9xv0A,8.395281721681737e-05,5857,,,,,,,False,0.0
KKjpJcDsgRGdNNhgUp5wYQ,8.394986651768849e-05,5858,,,,,,,False,0.0
zkevOUm1kDU7PUKte4GKpQ,8.394795066508184e-05,5859,,,,,,,False,0.0
DJ-tsckw8NLfkT8P9V7q1A,8.393860214006591e-05,5860,,,,,,,False,0.0
XH65ppjM-rlUmMnlH6CAFg,8.3915112440328e-05,5861,,,,,,,False,0.0
ZDinrfm2fP1WIy6IqUFyCw,8.391168537745062e-05,5862,,,,,,,False,0.0
fGsEVei0W5kyhlL8TRNclg,8.389583882887865e-05,5863,,,,,,,False,0.0
nEAxkQ4m0rbSAjD8mxaVrQ,8.388243569632904e-05,5864,,,,,,,False,0.0
hq_lYGWzsC27nL8aMfxLIg,8.386508330620376e-05,5865,,,,,,,False,0.0
i2BdYwl6daYX0ObRX14t1w,8.385367125333858e-05,5866,,,,,,,False,0.0
KxQca9d-9Rrn5STR_y9soQ,8.384907960049085e-05,5867,,,,,,,False,0.0
WSi08gApEgsS62TIE78J_g,8.384872955311857e-05,5868,,,,,,,False,0.0
wEkvzwQqT1yxpPf0VtlGWw,8.384828347521749e-05,5869,,,,,,,False,0.0
CTGvOtbw9dmxtMnZe8FxPw,8.383333299283296e-05,5870,7.947,20.2801,2.0,1.0986,0.285,0.4666954934658215,True,0.0
1et8GvbWnXrClLli988vJQ,8.383236028994272e-05,5871,,,,,,,False,0.0
3RvolkfkPzFkAHKWEG0Wnw,8.383195834703173e-05,5872,,,,,,,False,0.0
wbrcw9fIlE5cqd_3GtXPFA,8.383008731780773e-05,5873,,,,,,,False,0.0
ElqoiaCSUA8oyyvixox9lQ,8.380389625828114e-05,5874,,,,,,,False,0.0
C7tsqS3EHvh8TTbrDHGkYA,8.380131924617204e-05,5875,,,,,,,False,0.0
2dlQX5sP9X6Dlm1MmNOlSw,8.379533132141797e-05,5876,1.4281,2.3196,1.0,0.6931,0.2856,0.18893184230305415,True,0.0
x3jRG95AVMBFcxVovRwIRg,8.379221038151526e-05,5877,,,,,,,False,0.0
QnFIWz-CgEVqQ8qhzFrl7A,8.378550824943306e-05,5878,,,,,,,False,0.0
jsk68Xu_iNWn3oGP3BDyKg,8.378429170882814e-05,5879,,,,,,,False,0.0
aJvxWyQIG5OLfBw3qAe8xA,8.378359965251352e-05,5880,0.2667,0.2369,1.0,0.6931,0.2667,0.050350448725666866,True,0.0
NZd4LDR6pYmKyyB5cKoNTw,8.377998576630078e-05,5881,,,,,,,False,0.0
uIYodhuKvXEWd6jEGK9l0g,8.377498533941228e-05,5882,0.9951,0.8169,1.0,0.6931,0.2488,0.14710042872999424,True,0.0
gurR2NBF1RA-l--XLYV17Q,8.3765620842715e-05,5883,,,,,,,False,0.0
HkMjKITEqy0-ekVmCEao0Q,8.37532768049303e-05,5884,,,,,,,False,0.0
zqAPDoI34MDtNjvCWe3WKA,8.374609217195967e-05,5885,,,,,,,False,0.0
B_q2xoAgTyn6U4YNEc3kSw,8.37401778314292e-05,5886,,,,,,,False,0.0
3LcxYHWulzue7Um9q_FK5g,8.373010757605765e-05,5887,,,,,,,False,0.0
hDr_bt6MEwlGvGCCKzyzhg,8.372201081087319e-05,5888,,,,,,,False,0.0
xr9YuIfv4ZqgLTAMF1FrXw,8.372190797093038e-05,5889,,,,,,,False,0.0
_vZSIIqBsw_IUmxqNVOALA,8.371901762610911e-05,5890,,,,,,,False,0.0
8MzlreHr5tUxXM_Maqm1eg,8.371597846012405e-05,5891,,,,,,,False,0.0
vr7LLo3Y-A1FbN3azFGZkQ,8.371583404035343e-05,5892,,,,,,,False,0.0
hWOLLCdf-c5X6qTXpUgOdA,8.370634091053751e-05,5893,,,,,,,False,0.0
K8O71Tb6xcza0g1MU608ag,8.369898792840496e-05,5894,,,,,,,False,0.0
J1gnPAaw-LoW6khm6P9UOg,8.3698647820307e-05,5895,,,,,,,False,0.0
daY4oe7psl3gi7l6pgm4-A,8.36840024263789e-05,5896,,,,,,,False,0.0
00sOoojttpdZljH8VgOU0A,8.368096770983845e-05,5897,,,,,,,False,0.0
nWhAxQw3bAsvXg3Oe91okw,8.367603726487786e-05,5898,,,,,,,False,0.0
lzedq7Zh55nISP3z8RAw5g,8.36742967506319e-05,5899,,,,,,,False,0.0
8qr1cXhqYGOXFNStgcMvhw,8.364256004067709e-05,5900,,,,,,,False,0.0
c97s-dquA9D56fYAwA-ngg,8.364044716937308e-05,5901,,,,,,,False,0.0
bBMH0iGXMYVdnT9cf6_hgQ,8.363854956993489e-05,5902,,,,,,,False,0.0
o_CHB6DoUYwMuOabKpBGRw,8.363799917438604e-05,5903,,,,,,,False,0.0
gZkT5f8_7-J5dQQJQgnY5w,8.363492644001842e-05,5904,,,,,,,False,0.0
0JGG50I4c9iAPrk7H8dRcg,8.36208287706753e-05,5905,,,,,,,False,0.0
x2B34QWTjOt2-HhXXinyjA,8.362027435522035e-05,5906,,,,,,,False,0.0
vpb8wjdX38PFHO0XoXzX_g,8.361611416634021e-05,5907,,,,,,,False,0.0
8pzVSfj7R3yzOlTepfcIzA,8.361046162909889e-05,5908,,,,,,,False,0.0
qaEqiGzQ67ief_yoKP97Hw,8.358505379568257e-05,5909,0.1636,0.1114,1.0,0.6931,0.1636,0.03226964820960087,True,0.0
FrFK24JWjyc3nhR9mcSoqQ,8.358018043385005e-05,5910,,,,,,,False,0.0
X_T1gP8z1f_sGNX7qV0PJw,8.357932992519774e-05,5911,,,,,,,False,0.0
T8KnchPug4GhrwvueZUspw,8.355799330661465e-05,5912,0.4,0.18,1.0,0.6931,0.4,0.0716600951583194,True,0.0
qDheewhaZNDWLfpsrrrRiw,8.354112247179654e-05,5913,,,,,,,False,0.0
KkA7sTU3YovKzBmgqxrGRg,8.352879979018761e-05,5914,,,,,,,False,0.0
kAhT_pFlNuL3yfhKrpYRWQ,8.351672345580224e-05,5915,0.2174,0.06,1.0,0.6931,0.2174,0.04189584971956354,True,0.0
Vk9Rp6O18mbnjaOy2GnhhA,8.351015246750549e-05,5916,,,,,,,False,0.0
h22117eMO-kVtCOLYYL6GA,8.350970183742344e-05,5917,,,,,,,False,0.0
p82PWptZxgIY34qRbKMk5Q,8.349334085113572e-05,5918,,,,,,,False,0.0
zLa1ItT12xW4gDmlHE0sIA,8.348334770648504e-05,5919,0.7028,0.7705,1.0,0.6931,0.1757,0.11336091989817922,True,0.0
Su1Ghu4OcR0d-xDLGPkNYQ,8.34803902583277e-05,5920,,,,,,,False,0.0
tpmXakPzEw-AapddjxAx_Q,8.347767079980924e-05,5921,,,,,,,False,0.0
L0sPQtAKX2V8HDCw5Yn9UA,8.346789071740765e-05,5922,,,,,,,False,0.0
LMXaKchY61sXCr17RBSjdA,8.346768036556424e-05,5923,2.045,3.3752,3.0,1.3863,0.2272,0.2371475915439697,True,0.0
vbKckewFfz7vVRhFmOh4UQ,8.345462925246229e-05,5924,,,,,,,False,0.0
qA3yd3WKjUqMlnfZPBEFjw,8.344339332107976e-05,5925,,,,,,,False,0.0
ZgmEBmGQbSHj8YZgN2pPLQ,8.340849488045824e-05,5926,4.1275,7.1526,5.0,1.7918,0.3032,0.34813242757113033,True,0.0
Ds7-VDtQHwYmrHVXEZGRUA,8.340565182848047e-05,5927,,,,,,,False,0.0
xS4DRl1z2mQQgBUdJwzsjA,8.339784077638219e-05,5928,,,,,,,False,0.0
FAEUVw8ZrUS4KpsimS38pQ,8.339158670989864e-05,5929,,,,,,,False,0.0
GE7eT64EHR6udOZUaP3yCw,8.33888887502164e-05,5930,0.6571,3.8794,1.0,0.6931,0.219,0.10756696949076429,True,0.0
BS7OnkMycH8tD3Bqpz2FAQ,8.338602436110098e-05,5931,,,,,,,False,0.0
bcxxBysUzzI8MlotsIG5zg,8.337871903729825e-05,5932,,,,,,,False,0.0
QhFftZD6diXpF11A9U2ZdA,8.337021921998067e-05,5933,,,,,,,False,0.0
EwYjw0AD5BrqART5kFr2_w,8.334099916826504e-05,5934,,,,,,,False,0.0
1nXNyhtAS2y-e4O14LJBRQ,8.33334777542904e-05,5935,,,,,,,False,0.0
8uF-bhJFgT4Tn6DTb27viA,8.332964172320032e-05,5936,,,,,,,False,0.0
ck0PpuchJLrKdxW5xND1lg,8.332639677682003e-05,5937,,,,,,,False,0.0
Z2Dh3nBT7bGIS2IVoV2zAw,8.332233816311746e-05,5938,,,,,,,False,0.0
VzKca5jeWbfDeqzZZRElzQ,8.331944324790109e-05,5939,,,,,,,False,0.0
E2ZxiZfWnI8qFFw78xrR-w,8.331258807611934e-05,5940,,,,,,,False,0.0
XvFKxQj9lfLIUxRHrAodQA,8.331159492482532e-05,5941,,,,,,,False,0.0
U95M8QQ5kQGnZKQ6HVAFvg,8.330833580253595e-05,5942,,,,,,,False,0.0
HkAFa-Sxivmj-QSvJuPiHA,8.329503221518462e-05,5943,,,,,,,False,0.0
4MiYEI_-zKyCXNlElbhC0g,8.328920872071037e-05,5944,,,,,,,False,0.0
fvY3H_jCM3yiogUstXsplw,8.327960491800196e-05,5945,,,,,,,False,0.0
AtXi5Q5fNfvr-oZj3Vc_QA,8.326053085763327e-05,5946,0.3,0.0,1.0,0.6931,0.3,0.0558769672846689,True,0.0
2xvxGJu9rWdhZ7AheiOheQ,8.32597083553709e-05,5947,,,,,,,False,0.0
qEQVDlj9GoNRAHzZ2PF4Vw,8.325542996422739e-05,5948,,,,,,,False,0.0
YCrlaAAwOadwtd9W0cH6zg,8.324877990430565e-05,5949,,,,,,,False,0.0
-iXlYo2AI1iHgpeZnv5sPw,8.324793679731401e-05,5950,,,,,,,False,0.0
_4g4EBJowOS_LXbyMB7DnQ,8.324343252178116e-05,5951,,,,,,,False,0.0
k6oWYhbUeQUITmKqWgbdiQ,8.323870668365312e-05,5952,,,,,,,False,0.0
YvaeYCBYVTJ1wmFP2VioyQ,8.323832585705665e-05,5953,,,,,,,False,0.0
S2I4-Vjo6koQg-kiXwEkjg,8.322051073259205e-05,5954,,,,,,,False,0.0
ytynqOUb3hjKeJfRj5Tshw,8.321378978623324e-05,5955,,,,,,,False,0.0
etqiTJ31Bl3Fuh3CWTSHxw,8.319729294421032e-05,5956,,,,,,,False,0.0
hqGYH5oZirUFeM3uzL4VuQ,8.31911432960223e-05,5957,,,,,,,False,0.0
ReX09lhufLTAx19krkltDA,8.31693425734264e-05,5958,,,,,,,False,0.0
TKzt7jlAgLRJe4vzQje1bA,8.31616696004998e-05,5959,,,,,,,False,0.0
xhxP_Gixld0hhD74tqDLmA,8.315773337843532e-05,5960,,,,,,,False,0.0
UveLPMibXg1KMnYo3MfGKA,8.315030258322822e-05,5961,,,,,,,False,0.0
Zz1utCut0psbC4brBjvSEg,8.314958084170716e-05,5962,,,,,,,False,0.0
qCjN6OhBOSsxd0Tfnvf8pw,8.314527564755969e-05,5963,,,,,,,False,0.0
xkv-67koB_8kqLXOe2BBiA,8.312550137399049e-05,5964,,,,,,,False,0.0
AIeyR4FxIx1FkWY6BwJHhA,8.312359852370072e-05,5965,,,,,,,False,0.0
crW3WgVBvfE14EzHD8jClA,8.311898325854579e-05,5966,1.0321,2.0793,1.0,0.6931,0.2064,0.15101396071076886,True,0.0
kl2aUBT46mTCujJEWYgS8w,8.311768074340793e-05,5967,,,,,,,False,0.0
SNYpn2BdTbz8QrrfH8rvdw,8.311378599850141e-05,5968,,,,,,,False,0.0
tNEK7YiRXcdoaXnAkI2uhw,8.310603260003549e-05,5969,,,,,,,False,0.0
8n93L-ilMAsvwUatarykSg,8.309388949803241e-05,5970,,,,,,,False,0.0
Wm4oVYVs4ZjMRoWFctWHoQ,8.308686513270196e-05,5971,,,,,,,False,0.0
T1LvW1XqOYk7and065iXYQ,8.307095500352297e-05,5972,,,,,,,False,0.0
KSi7EYVE7Xziq4uxH9gHiw,8.30696665324116e-05,5973,,,,,,,False,0.0
DpptAi5gmMiF0O8zwXgxtw,8.306221843400099e-05,5974,,,,,,,False,0.0
UxP1VK4lTLKRu9cgjGhdaw,8.303579552861207e-05,5975,,,,,,,False,0.0
56R9jd6PBz9jEg_WDyP7Sw,8.30349184477462e-05,5976,,,,,,,False,0.0
VsNS62YHca28ljYbVXp1lQ,8.30328408352459e-05,5977,,,,,,,False,0.0
SbGlm_zejxo5hec2Kniojg,8.300325364107345e-05,5978,,,,,,,False,0.0
_BDXbsPPdSj-MbdwdICqAg,8.300216590606582e-05,5979,,,,,,,False,0.0
pTy5tFm9y8uzMjXhjWweFA,8.299168090450816e-05,5980,,,,,,,False,0.0
Am_H8-XxtTfV34QmOuWcyQ,8.297984463344541e-05,5981,,,,,,,False,0.0
3NueMBnZyyGdqVW4v2-uEw,8.296588217170831e-05,5982,,,,,,,False,0.0
f80tPVX_SxnBElz2bNSznw,8.296541244461874e-05,5983,,,,,,,False,0.0
Xx0rOtPQP_1FwOoYSVFWTQ,8.296094838270523e-05,5984,,,,,,,False,0.0
0YbIF5pSvcArYqGmpQbP6g,8.295997365749618e-05,5985,,,,,,,False,0.0
41Z0d7AvmK5lgzjFuGzrHQ,8.295197985245227e-05,5986,,,,,,,False,0.0
JUiwOZynj3Wid_spJoxUug,8.294879061361477e-05,5987,,,,,,,False,0.0
r0LJJomHdpbmb8RkxtsbZQ,8.292661341008619e-05,5988,,,,,,,False,0.0
q5Kb63rdNPDJ0MoVtq3KLg,8.292514151992917e-05,5989,,,,,,,False,0.0
fpvcFLo6A5S9b9pEVGjB7Q,8.290118747854396e-05,5990,,,,,,,False,0.0
M0YuK7sLLSA3TfBC4UkUzg,8.289936552218983e-05,5991,,,,,,,False,0.0
TkjhBKKptIu-7xJb-Oxy4Q,8.289187104090148e-05,5992,,,,,,,False,0.0
8D-7SxEW-HUOqp-TfM2oLA,8.288633365143197e-05,5993,,,,,,,False,0.0
aoGstjLfJi4p0lcS9rFDmQ,8.288288865991594e-05,5994,,,,,,,False,0.0
rv_1S0yg-YtulZ6gGAVE1A,8.288008541591018e-05,5995,,,,,,,False,0.0
hPzPpfSjgQkpWCD7YjcY-A,8.287155879430626e-05,5996,,,,,,,False,0.0
M83ABiFSIE2Zw_ylFRgThA,8.286459362940819e-05,5997,,,,,,,False,0.0
IVfXcPEwLbZFL3B-2U0Btg,8.285453877658827e-05,5998,,,,,,,False,0.0
nwGp8paKIE7YdsBeFh9NRQ,8.28497609114298e-05,5999,,,,,,,False,0.0
K1h1Cwy1VSGdjKuw-GM9Iw,8.2827001590963e-05,6000,,,,,,,False,0.0
NIlAb8xuqKyvvqV9mwK6Hg,8.281942466198813e-05,6001,,,,,,,False,0.0
WkV5EyZNtRQOw7eurJ_Fdg,8.280713357796056e-05,6002,,,,,,,False,0.0
rFcKVcKc_kCksZWHiJO91w,8.279256134985453e-05,6003,,,,,,,False,0.0
RQ9RnhKijxH3vvBbXm323A,8.279233194978326e-05,6004,,,,,,,False,0.0
XbFRkhVgX3jggGxfAaZyuA,8.279232638936527e-05,6005,,,,,,,False,0.0
MUQDp-1rzSN3lCjUycNLug,8.277861194285218e-05,6006,,,,,,,False,0.0
Dq8xEHck5DugMQZVLDpwxA,8.276935703878563e-05,6007,,,,,,,False,0.0
Tm1-GfbxXnpw6cPO_Vh7jQ,8.276750007746772e-05,6008,,,,,,,False,0.0
1ECGsFgm4FlHbmZyltFdLw,8.276521199953387e-05,6009,,,,,,,False,0.0
utUdOwhOK7bnleFIT8lxpA,8.276121048862191e-05,6010,,,,,,,False,0.0
MiHEBc2XAZ0c39WAul-XBA,8.275441119683827e-05,6011,,,,,,,False,0.0
7SWXnS2odT-0EiMFXUgIcg,8.27535860703635e-05,6012,,,,,,,False,0.0
MJ3sdlP7ye_ui7ZJ1YBRww,8.27469552995548e-05,6013,,,,,,,False,0.0
kgzgHWoGBznqRODFLy9FaQ,8.274358057881707e-05,6014,,,,,,,False,0.0
R6bUGKpWjX0qIVHjgTNOWA,8.272352128809812e-05,6015,,,,,,,False,0.0
XZRsPZb30NWjgqZBSumsSw,8.272263384393061e-05,6016,,,,,,,False,0.0
NqE7vN3VT_AphP0cIAatYA,8.271554104843499e-05,6017,,,,,,,False,0.0
rIPy-Q-w4hrvcdSbCakXpg,8.271090801489774e-05,6018,0.0,1.0735,0.0,0.0,0.0,0.0,True,0.0
FRKqZwXnJqPSdtGW-7nwpw,8.270728173113986e-05,6019,,,,,,,False,0.0
9YxqrKuDxwbMqcbKmTQFtQ,8.270339615726822e-05,6020,,,,,,,False,0.0
nA8OwIMCvBXVbEJALcF4Yw,8.270059887452442e-05,6021,,,,,,,False,0.0
gB2spmS82M5nOEEYu3T4dg,8.270013220168301e-05,6022,,,,,,,False,0.0
XZN4nDrDivftYhXKvQoZLg,8.269431456806016e-05,6023,,,,,,,False,0.0
NNi37vwG9SFX_Wn4oEJ1xA,8.269323073180328e-05,6024,,,,,,,False,0.0
Tve_ON4rFFWMwIpeRApl1w,8.268707789023441e-05,6025,,,,,,,False,0.0
m0goxK9IkGhjoyfEA9ZvBQ,8.268101358677464e-05,6026,,,,,,,False,0.0
GHTQYGHJW4GtDqeX-Txj-g,8.267442130231758e-05,6027,,,,,,,False,0.0
7Z2Xr8yowbTILokoXQGU0w,8.267277882876283e-05,6028,,,,,,,False,0.0
LMeczyPxu7WZNi3HKWGoUg,8.266470505510769e-05,6029,,,,,,,False,0.0
Mxlw3cSKkWv5o4HdRWGTPg,8.266052267717377e-05,6030,,,,,,,False,0.0
D215IzO-XoSxNFhKDEv2RQ,8.264925018060083e-05,6031,,,,,,,False,0.0
HR1l5-NNQdD3reR89aFguw,8.264599356682024e-05,6032,,,,,,,False,0.0
V1ZN0CuQ0xfGzmHZLJ_v8w,8.263885443944146e-05,6033,,,,,,,False,0.0
idVfZKAHYec4C3VevKgkag,8.263705119964506e-05,6034,,,,,,,False,0.0
EplLH353uir93Jo_Py3xww,8.263146910272913e-05,6035,,,,,,,False,0.0
IZl9xDTwW462FKkwEg7EDQ,8.263079177455407e-05,6036,,,,,,,False,0.0
tHrf1mS06yMxqF78Ormyuw,8.261859025057582e-05,6037,,,,,,,False,0.0
BsgcLUWlc6RvvBRiAPWj5w,8.26161606109405e-05,6038,,,,,,,False,0.0
Hgjlz4Ekr5rqbLlxNczL4Q,8.261338735032795e-05,6039,,,,,,,False,0.0
jh1WZm0fRwnjMv75gvVYhg,8.260838508703945e-05,6040,,,,,,,False,0.0
Zm3X8i9GsYaxdWHlI-WQwg,8.26083343611351e-05,6041,,,,,,,False,0.0
s8WKM0XUoNvg9b0vOYHxCA,8.260487447838605e-05,6042,,,,,,,False,0.0
gGV8GLMIikXGegF0NWS6Pg,8.260025888446721e-05,6043,,,,,,,False,0.0
CQkbjIY5Jb9qJyHbTADMDA,8.259631177124433e-05,6044,,,,,,,False,0.0
fGoVUonpgaeoAenfc3mVzg,8.257847187004146e-05,6045,,,,,,,False,0.0
RFISCR-JSYQ7wQ3V_fpkLA,8.255149018418404e-05,6046,,,,,,,False,0.0
bMjwZOISK9cnnF8L5jojDA,8.255068269427821e-05,6047,,,,,,,False,0.0
wmRZAjOxxY78Lwk6KXlxbg,8.254834464784067e-05,6048,,,,,,,False,0.0
vj6m5eqsIxV7INR9bgoYNA,8.254287230603379e-05,6049,0.1714,0.4823,1.0,0.6931,0.1714,0.033692525586525524,True,0.0
_T0cPZE2ZJOTTlYYKMP64Q,8.25422391395839e-05,6050,,,,,,,False,0.0
V8OAg2UNc3jgoltKAehhLQ,8.253770518785123e-05,6051,,,,,,,False,0.0
YzpmO3Of7eXcL-Gtr7C0mg,8.253544307827036e-05,6052,,,,,,,False,0.0
K2Lr663S6apbfMY7b0WLXg,8.253445223988101e-05,6053,,,,,,,False,0.0
V1pEXtJgaczutwK7YLzrHA,8.25284028696822e-05,6054,,,,,,,False,0.0
1bngXk4GqyW6nO_TUUB4hA,8.250210424973291e-05,6055,,,,,,,False,0.0
MK83TvLeXUkyQwAzO4Mpdw,8.249970428612257e-05,6056,,,,,,,False,0.0
9NeR-LIQBXPkCw2K07lrvg,8.249346537842952e-05,6057,,,,,,,False,0.0
U2bIdbGjmmpw3BQj20dn5g,8.249029921424123e-05,6058,,,,,,,False,0.0
jUzhKIPSlBDenYWV1H-ucw,8.248537251720618e-05,6059,,,,,,,False,0.0
KfBpr_NoldM9w0CugY32ow,8.247269551409257e-05,6060,,,,,,,False,0.0
xhSpCPK_hb0S7GIewZwSoA,8.247027253660192e-05,6061,,,,,,,False,0.0
r8FQd_kBkmQHIDAOKvoXiQ,8.246475616387245e-05,6062,,,,,,,False,0.0
jAhOQ0QBKtF2VlhwYlPS6A,8.246401945876673e-05,6063,,,,,,,False,0.0
6C0IhZMfk7mhpjTBcdsX1g,8.245499705108519e-05,6064,,,,,,,False,0.0
1C6IeR5K7vtEPCcb164svw,8.245494973635684e-05,6065,,,,,,,False,0.0
Gqly-fbSiUhgXGgP4hAx7A,8.244893262484766e-05,6066,,,,,,,False,0.0
oqYUDzhTzsw9N_Z8f0Q9IA,8.243601729262695e-05,6067,,,,,,,False,0.0
wUZXm4KN2wIqlfkvXVZXUw,8.242812018254286e-05,6068,,,,,,,False,0.0
bDgmtVzsDOE0hhX0q8YAKQ,8.241612872523116e-05,6069,,,,,,,False,0.0
u2FUWB2xMipayzmNmJ2Mhg,8.240929415502993e-05,6070,,,,,,,False,0.0
4W87MOGiHIzRtSfdruD18g,8.240450072217697e-05,6071,,,,,,,False,0.0
xKl0C6DiWa7T3z1Qncptqg,8.240380410507909e-05,6072,,,,,,,False,0.0
VhrLzGdITj0UTAu8YjkAKg,8.239550112792687e-05,6073,,,,,,,False,0.0
A_idQh0jc1nkBZkoOY--Jg,8.238586852408977e-05,6074,,,,,,,False,0.0
rZd29McH59UhpsXfDXf_Lg,8.237956703884821e-05,6075,,,,,,,False,0.0
MNTak2VqYlxifS1i7FjHcQ,8.235579237471443e-05,6076,,,,,,,False,0.0
Bb3F76xkJrA-IwXLNK52RQ,8.235102204380794e-05,6077,,,,,,,False,0.0
qkMMkIdghXUiN7eMNSpiHg,8.23304713053426e-05,6078,,,,,,,False,0.0
FlWCsBiNoI4XTwZD8f_q0Q,8.232101004608496e-05,6079,,,,,,,False,0.0
MnaUUSxuaM8aKKhhjxLXWA,8.232042731003437e-05,6080,,,,,,,False,0.0
IlJ34JsYt_A218sR8edxxQ,8.230591874849305e-05,6081,,,,,,,False,0.0
sLj0JhR6vnR23D2o84ULlA,8.230331318508716e-05,6082,,,,,,,False,0.0
6Fk7Mlgy8msAC0NCgsun_g,8.230267306450077e-05,6083,,,,,,,False,0.0
vIT19IkXjNd39r55YTeq2w,8.230070975623701e-05,6084,,,,,,,False,0.0
HygY-4lzhk2qIoemIpjXeQ,8.229909839853656e-05,6085,,,,,,,False,0.0
LeXTkBfmJbGlG5VNLNLRyw,8.229768049868385e-05,6086,,,,,,,False,0.0
G2n77sQxr0XqPekhTu6HvA,8.229247571382768e-05,6087,,,,,,,False,0.0
bGyPEu279nRJmPySkBRMsg,8.227805471665284e-05,6088,,,,,,,False,0.0
GvjQEhSTB2CyzJVx1boR8A,8.227764159106817e-05,6089,,,,,,,False,0.0
6AekrjZ7oBjnJkGrYdOyvw,8.227565048620118e-05,6090,,,,,,,False,0.0
fabhgrgPWijO6LuSGfkytQ,8.226472188054828e-05,6091,,,,,,,False,0.0
H_nR5KDpakeNJux8V__ERA,8.225584880153777e-05,6092,,,,,,,False,0.0
ItgkjSjo5rXmnBH3Vww_Xg,8.225462973588353e-05,6093,4.5312,1.6576,1.0,0.6931,0.2266,0.36427305638860286,True,0.0
n_kAyrRnu5UApY2jfAhvvw,8.222660241287164e-05,6094,,,,,,,False,0.0
-QG6KSRQKTQ80--wqrnLTg,8.2217061614864e-05,6095,,,,,,,False,0.0
1iuT0GAiXBeIA1BVidxkCw,8.220758534218932e-05,6096,,,,,,,False,0.0
636ljtr87X3WC_et1N9Aqw,8.220134232295851e-05,6097,,,,,,,False,0.0
fEhjxZMXFxM3Mh4ZHZ55nA,8.219833998838772e-05,6098,0.2167,0.7326,1.0,0.6931,0.2167,0.04177335488463461,True,0.0
dR6RHU-iEOL8e1p9hBzzDg,8.219721927303281e-05,6099,,,,,,,False,0.0
M8Zxy5yP2XPXdeiGW3lUrA,8.219545332775269e-05,6100,0.0,0.12,0.0,0.0,0.0,0.0,True,0.0
4GVLLLEDXDR-CUE1t9DnKw,8.21929758059854e-05,6101,,,,,,,False,0.0
-mWySS-oF7Pw-OdgHMCHUQ,8.219144407690337e-05,6102,,,,,,,False,0.0
DzAiKgi0HH1wDzAt4aEd7g,8.218144399378257e-05,6103,,,,,,,False,0.0
uD_M9stPZ7X1O28LWb7cKw,8.217408629558593e-05,6104,,,,,,,False,0.0
uYrw8JU3qLBMGRlcMoXG-A,8.216294337896531e-05,6105,,,,,,,False,0.0
jfv6PEdL5KchI-DGJlnbWQ,8.215701546600491e-05,6106,,,,,,,False,0.0
ZQXiT4vn7eg6Sf1Cosh5AQ,8.215553397623446e-05,6107,,,,,,,False,0.0
kHCW7RZUdV64CPuX1871Zw,8.214095262866845e-05,6108,,,,,,,False,0.0
15IzVzKuvUCrpM1AFvDT_A,8.21111576039947e-05,6109,,,,,,,False,0.0
53KCCiwnJxAiOcjCPUi5nA,8.210712372938773e-05,6110,,,,,,,False,0.0
WKGW6s10eL_xL-xaB2c_og,8.210547717487313e-05,6111,,,,,,,False,0.0
rKHK9NryBZ0BKS7PnHsZdw,8.2099800753927e-05,6112,,,,,,,False,0.0
KOs2C0M-S6ipm8LJUhXLTA,8.209860904359886e-05,6113,,,,,,,False,0.0
HgvOxHGHnEway0hEn4jjtw,8.20969931948514e-05,6114,,,,,,,False,0.0
TejtemosB9xICAU-s-auQQ,8.209620147504229e-05,6115,,,,,,,False,0.0
M8jDdmyOu0HgAJ1iH14yfA,8.208254268409584e-05,6116,,,,,,,False,0.0
RCy4M2ND4YK0uRbodV_v8g,8.206888845795442e-05,6117,,,,,,,False,0.0
Yk62SB_HISNsv85CDbVkKg,8.2051587310807e-05,6118,,,,,,,False,0.0
0_3sLdpwzhXnkjSA3My71Q,8.205106641200071e-05,6119,,,,,,,False,0.0
lEC_8UDzg206jEawykDguw,8.20507834229186e-05,6120,,,,,,,False,0.0
TEMI8cox1nHyZu3NAnC0dg,8.204677111469771e-05,6121,,,,,,,False,0.0
buhO8vRCaEoNvlxU0AJRpQ,8.204242267016521e-05,6122,0.9765,0.653,2.0,1.0986,0.2441,0.14510558555833752,True,0.0
w_SsLvj6Xir_B4OQv6v8OA,8.203941678384317e-05,6123,,,,,,,False,0.0
_zA3_LAztT_qJ5IVLHaNbA,8.202711477567154e-05,6124,,,,,,,False,0.0
1gsByhy26ZZtg87sJGcpNw,8.202401259333181e-05,6125,,,,,,,False,0.0
Krtxh1w4-vgZikis6LkAMQ,8.202034242903962e-05,6126,,,,,,,False,0.0
YxQUHb9b4mREta5_Q012iA,8.20159430795322e-05,6127,,,,,,,False,0.0
q4qBHYyO9d1aMcHUXJJOvw,8.200552421311803e-05,6128,,,,,,,False,0.0
du5dxXBD52NLvJeqw4sfsw,8.200205517672486e-05,6129,,,,,,,False,0.0
TYH8eFPHCvK-7Y0CV7z1Zw,8.200077795866628e-05,6130,1.1,1.7887,1.0,0.6931,0.3667,0.15801393083338297,True,0.0
6jWxJEIoq5RrEAARWmj0Xg,8.199044188963627e-05,6131,,,,,,,False,0.0
xDgY4bksYHiNO0hPmT4gYw,8.19885982779067e-05,6132,,,,,,,False,0.0
akXpyB0xk_woUvqnWiAE0A,8.198713894336473e-05,6133,,,,,,,False,0.0
_6p_j0UL7ST3b2nvHw82eA,8.19853434738129e-05,6134,,,,,,,False,0.0
U4hibwdvk2pACJeo6FaoIA,8.198112242922313e-05,6135,,,,,,,False,0.0
mfTE6x39X0vjNhy8mBwp0A,8.196924568075393e-05,6136,,,,,,,False,0.0
BifjgBfpv7dA3Q0qHBIlBw,8.195724384557696e-05,6137,,,,,,,False,0.0
8UuBoJmuIf29LqM-zm3Qdg,8.195317298198994e-05,6138,,,,,,,False,0.0
nJcpA8LGYWg2XKSK8T5aug,8.194606533628858e-05,6139,,,,,,,False,0.0
AFk6UXFbH-idH31KhFQVCg,8.194135524227866e-05,6140,,,,,,,False,0.0
AuVDe2eYGHpEmgSMhw0T3Q,8.193079338592645e-05,6141,,,,,,,False,0.0
f_uHHYGSnfy92YuKvatDTQ,8.192470759841276e-05,6142,,,,,,,False,0.0
JXF6HNeYFduO6QzsjjkKCw,8.191758767172984e-05,6143,,,,,,,False,0.0
7Xs44M4gmghxrJgU_xzppg,8.191270741156102e-05,6144,,,,,,,False,0.0
lqaxv42965K15BcyfT24-g,8.19111428503604e-05,6145,,,,,,,False,0.0
3qgz5OPfl7CRa3igH4s1Sg,8.189439953651387e-05,6146,,,,,,,False,0.0
fUUWNXN9eL2ZP2-ZaJr-Tg,8.189223659197902e-05,6147,,,,,,,False,0.0
oCKTM-7LazLVwptMkNNdZQ,8.187144370598993e-05,6148,,,,,,,False,0.0
N6qpuOBs3SE3wn9t0dRNIg,8.186030300620497e-05,6149,,,,,,,False,0.0
854d-ziK_hQFmbNdvF3ZsA,8.185557762021538e-05,6150,,,,,,,False,0.0
cfPs7KkYQslLLlH9r83vMQ,8.185381126972982e-05,6151,,,,,,,False,0.0
TIMYy-4DvpDEaJGzzMoMCQ,8.185333071073736e-05,6152,,,,,,,False,0.0
_zdARZbZNr4k8AD-SJDCgg,8.18308642370689e-05,6153,,,,,,,False,0.0
NgEy0AX40Yg4Bpon61wbEg,8.18281471784088e-05,6154,,,,,,,False,0.0
abyhAtKhZUh8w0VT3Rn_BA,8.179761408756996e-05,6155,,,,,,,False,0.0
cU0_JyREJ-3vwaNxRdmmig,8.17797405008865e-05,6156,,,,,,,False,0.0
qcclrilFObdpGcn9Uj4lkA,8.177749960150857e-05,6157,,,,,,,False,0.0
wJ3zqDpuxUKFtUWIVeAukg,8.17730859158592e-05,6158,,,,,,,False,0.0
Zl6sqGgp3X4HAdr9t5BE8g,8.176587011484965e-05,6159,,,,,,,False,0.0
LjSvLbbzFnFc6JScXH3r3w,8.176331358802517e-05,6160,,,,,,,False,0.0
TopanQyFir2nX2h3e55OnA,8.173596344276719e-05,6161,,,,,,,False,0.0
DhkTrLGSI63OrnGt2q0KWQ,8.173089672990124e-05,6162,,,,,,,False,0.0
S0-IvLgMuzpjGI_DpLs_pQ,8.172122105719738e-05,6163,,,,,,,False,0.0
kLSEk3qXY1KdtFjxHJ9pww,8.172044885111487e-05,6164,,,,,,,False,0.0
hk_bXoZjJQjGUqqCGq6WBQ,8.171979216020196e-05,6165,,,,,,,False,0.0
XRmk-rUh2VknJs4tT7QB2A,8.169483184883688e-05,6166,,,,,,,False,0.0
OEEzmw7fNGU70M1vmiw_OQ,8.169160415734567e-05,6167,,,,,,,False,0.0
5oxN4yXEMRU9_iQrXlFkvQ,8.168095739494558e-05,6168,,,,,,,False,0.0
lPday_z2XpRJqbFWyCh6dw,8.165909223053443e-05,6169,,,,,,,False,0.0
QyKBHL5X_02UBrgBxHPoWw,8.165512332231924e-05,6170,,,,,,,False,0.0
Od7ky707Ei3nizTxCmscnA,8.16469446863181e-05,6171,,,,,,,False,0.0
icpUCKIr8oAJEQW64pabjA,8.164337131103834e-05,6172,,,,,,,False,0.0
PPcz-0UtIJ8O7xDT551y2g,8.163682212341519e-05,6173,,,,,,,False,0.0
PloafcZfJpOLZ39LuM9AOA,8.162089757356672e-05,6174,,,,,,,False,0.0
fexmqGkuur7akWvQopTZ8A,8.158218503194443e-05,6175,,,,,,,False,0.0
J4CrtqHDH4LAyDd001cD9g,8.157038929785184e-05,6176,,,,,,,False,0.0
UesAtrCdqntO6MvejjGDCg,8.155309834411003e-05,6177,,,,,,,False,0.0
5d6Re2uKakZvY-QPJgTvUQ,8.155034498397123e-05,6178,,,,,,,False,0.0
NvmCO5xNbN41IRN5mxXUEg,8.153449606455808e-05,6179,0.4,0.06,2.0,1.0986,0.2,0.0716600951583194,True,0.0
SSYIVVD1qad7Sz6vgJAhpQ,8.152425788810097e-05,6180,,,,,,,False,0.0
ippBb9s-n0O0-MSl495sbA,8.15190133006196e-05,6181,,,,,,,False,0.0
Adg_va1mRvZZN9_yaLZn6Q,8.151357940661208e-05,6182,,,,,,,False,0.0
byPSaXuK8HwXsFqvt7MHAQ,8.150924394301947e-05,6183,,,,,,,False,0.0
MbrfN3NB-yRg93GdA5YM9w,8.150856775665649e-05,6184,,,,,,,False,0.0
VSIUiDAMrrQVsfbLfquo2w,8.14977818077202e-05,6185,,,,,,,False,0.0
rtbL2Avlp5BFs-7mH1d4Rw,8.14971566240205e-05,6186,,,,,,,False,0.0
8qGe4GQYyZstFhYa0rvpIg,8.149692929379256e-05,6187,,,,,,,False,0.0
N2ul6gWK3RU07qE5eFp2Iw,8.148640273876042e-05,6188,,,,,,,False,0.0
-M7wzxpUsdSkQd9PDGsJWA,8.148277516568222e-05,6189,,,,,,,False,0.0
VPH9GIz6rxoL3eViEbRmow,8.147943322302929e-05,6190,,,,,,,False,0.0
yMLdnKqOErWTvaE8djPzDA,8.146211260279249e-05,6191,,,,,,,False,0.0
veLho7eH9YvS4ylnJ8LsLw,8.144364209453611e-05,6192,,,,,,,False,0.0
yKVE6F2qqkVJpW55bWLmqQ,8.14314205327091e-05,6193,,,,,,,False,0.0
kLfkz8Rj74XB67w06iV-7Q,8.142736061672335e-05,6194,,,,,,,False,0.0
kRSQGsUUNwNWGhhiBZFWcg,8.141709173623488e-05,6195,,,,,,,False,0.0
LWxplpZ01XtgpkSBSicNCQ,8.141263014925831e-05,6196,,,,,,,False,0.0
mO_QmDdeC3mXzd1EVvL-JQ,8.139754475582204e-05,6197,,,,,,,False,0.0
NVd1jVceqef5u7ZW1aKKyg,8.139072438360082e-05,6198,,,,,,,False,0.0
w-XtBQ3qraVCkJ1JtSTRIA,8.137176309839989e-05,6199,,,,,,,False,0.0
P0u1f6ea6LsyB8m1CXXyNw,8.136703138005807e-05,6200,,,,,,,False,0.0
2WHu0k5VVM1Pn9AFzkSBlA,8.13603870880641e-05,6201,,,,,,,False,0.0
-34c4hcDPIInTROr8Xtxtw,8.136012290734605e-05,6202,,,,,,,False,0.0
vsM7RsJNrP6ukSgy1Ew5xA,8.131950614926519e-05,6203,,,,,,,False,0.0
fA3SeGrgXYS9nXoAn9q1_Q,8.129555791884567e-05,6204,,,,,,,False,0.0
E6kLNnb8VcgaZHzBp-5uMw,8.1292558749222e-05,6205,,,,,,,False,0.0
ToW6MFXu2C6N04FualtFxQ,8.129133144480277e-05,6206,,,,,,,False,0.0
hFhkY65hFZD0oFZlR6l4EA,8.127734381621258e-05,6207,,,,,,,False,0.0
tt_QH5mWv4FhiP3-82NOTg,8.127038844911729e-05,6208,,,,,,,False,0.0
jcXkAf-4BSsDNVhTHn-fmg,8.126974150622603e-05,6209,,,,,,,False,0.0
dZ5U0y0PsUp5R4TggYARBA,8.125840158850606e-05,6210,,,,,,,False,0.0
bN8LCQjzfbyrjKbHxRpSeA,8.123722877985995e-05,6211,,,,,,,False,0.0
6i2h2hYPEEG13A6mamsq9g,8.122197604358564e-05,6212,,,,,,,False,0.0
dn7fj6iePzwnvyhtNmiTrg,8.121708577496075e-05,6213,,,,,,,False,0.0
s2J1lRgd4CagG4TjTUYQhA,8.121696349767553e-05,6214,,,,,,,False,0.0
IcJn455jAVb9HWfobnNEmA,8.121149245482985e-05,6215,,,,,,,False,0.0
RMYjaB5krFGCtlOLf5TBwQ,8.121127705001946e-05,6216,,,,,,,False,0.0
059fmQtYFQv3-hINwfpGsw,8.120285662334372e-05,6217,,,,,,,False,0.0
l9PEswjyG6P2fDN2wkbhGw,8.119581114733414e-05,6218,,,,,,,False,0.0
x5zkOBa82aH9dsB8-ZUNNg,8.119438820561282e-05,6219,,,,,,,False,0.0
vh62OClh9wi-hsGCR4bNjA,8.118302766445224e-05,6220,,,,,,,False,0.0
Zx7n8mdt8OzLRXVzolXNhQ,8.11527352439127e-05,6221,,,,,,,False,0.0
s0NYfUhZ4wa5c1c0EPdlRQ,8.113322442146803e-05,6222,,,,,,,False,0.0
VUKM-r3xgNjlW128pEG79A,8.112230101554033e-05,6223,,,,,,,False,0.0
BebEqKsRAtZj_lPhj-Aptg,8.111987838112648e-05,6224,,,,,,,False,0.0
8EHiK59NngwSxjcTYAzywQ,8.111676261511972e-05,6225,,,,,,,False,0.0
DwSoW3CcQZuzxYi-wOxYTw,8.11131266332535e-05,6226,,,,,,,False,0.0
FUkVxA0IhTvsBIbwUdkzdw,8.110621954037331e-05,6227,,,,,,,False,0.0
F4BeTasvCR-iDNlJeyxmnQ,8.110209290044818e-05,6228,,,,,,,False,0.0
Bc_Bw3dLw5S5hXM8UCFoqw,8.108694111841709e-05,6229,,,,,,,False,0.0
Hx7GFPYqTL6Ws11UJZZwBQ,8.108496056118377e-05,6230,,,,,,,False,0.0
iuFgUOCFgE7fBLpBhFQXdw,8.108122328460762e-05,6231,,,,,,,False,0.0
ZGWf9W79UooH4S-Q0D5Z6A,8.10790283241245e-05,6232,,,,,,,False,0.0
g2bYK-Z3foqSnCiOPYtdsA,8.107841093944375e-05,6233,,,,,,,False,0.0
CoCWZV9gvHKUZt5ndw62Ag,8.107723256575956e-05,6234,,,,,,,False,0.0
g16JpEt44JNlGWOGghYO5Q,8.107097008849911e-05,6235,,,,,,,False,0.0
79OES-kMb3VGsdy0nG6G2g,8.107009291261545e-05,6236,,,,,,,False,0.0
qbuWNMBSqrvHFJsUU-gQlg,8.10623233313765e-05,6237,,,,,,,False,0.0
CDzHnzj4sStb4oFedQ-fSA,8.105944062996258e-05,6238,,,,,,,False,0.0
dCej8zB_aXDFxxl8kcUC1g,8.105262744648787e-05,6239,,,,,,,False,0.0
nOc4sJvuD04e2yqYmIos4g,8.103606675966723e-05,6240,,,,,,,False,0.0
YxZJXr_a-Oie6O-Lk9C6zA,8.102962899054398e-05,6241,,,,,,,False,0.0
5N33VO4gB41-8Cqm0FzbGA,8.101926067570583e-05,6242,,,,,,,False,0.0
-rW8eTXkovH1NksTZzJ7Yg,8.099339680445602e-05,6243,,,,,,,False,0.0
2J6x5uYTXbJzTHbQN1W6eA,8.098123644253852e-05,6244,,,,,,,False,0.0
ofoNjqi3JY_m7Iuy5oJzdA,8.097424114076945e-05,6245,,,,,,,False,0.0
EWiFvIU1Odf99WQP_0MEfw,8.096667359952e-05,6246,,,,,,,False,0.0
GSDxAWLxm5OtVptFVVVpOg,8.096608740547325e-05,6247,,,,,,,False,0.0
G_6dvmDO3snpl2CimKL9YQ,8.095493560038215e-05,6248,,,,,,,False,0.0
ggJXlslLYndvE7n3hgJBCQ,8.092040601252508e-05,6249,,,,,,,False,0.0
ns0RYfhXBADuEeuEQmTl7A,8.090290649579364e-05,6250,,,,,,,False,0.0
D1fjLsZb7eDnE81XtYXMhg,8.090224653337048e-05,6251,,,,,,,False,0.0
ttPZOjbUVxHkXWwof6nuzg,8.089237121435268e-05,6252,,,,,,,False,0.0
cgwydv-BvXL5A_h_SaCTNQ,8.088666628863037e-05,6253,,,,,,,False,0.0
KDOChZhZt7AvV_QuxXMDrA,8.088547906497037e-05,6254,,,,,,,False,0.0
g7sGox7GgILjHwfmHYyyEg,8.087806400385764e-05,6255,,,,,,,False,0.0
kvRjzneD1FWh4Szb-trL4A,8.087042956246762e-05,6256,,,,,,,False,0.0
xNlIIm07eJ3jdsXF2KW2nA,8.086051239593483e-05,6257,2.0559,4.4981,3.0,1.3863,0.2284,0.23790860300020936,True,0.0
zraJ8MD-n5ob6s7dSNzKFg,8.082095806435326e-05,6258,,,,,,,False,0.0
tHc3x4ESA3vyr9UiJlL6Pg,8.081666870427704e-05,6259,,,,,,,False,0.0
jZq8xsKyCrRRzJenCKKn-Q,8.081337765973392e-05,6260,,,,,,,False,0.0
MnFKmuHLpv347qCAcxSPzA,8.080647257950716e-05,6261,,,,,,,False,0.0
jTbOziVO4fGAPCUII5OgYg,8.080364348541559e-05,6262,,,,,,,False,0.0
4JSDGbEILb9GZcRsLHs1rQ,8.080256192439759e-05,6263,,,,,,,False,0.0
E0EQvhXujng20fskiuZWBg,8.078910640228838e-05,6264,,,,,,,False,0.0
pbrxNztUAp8M5zoQplPVTA,8.078715781500283e-05,6265,,,,,,,False,0.0
sNsTaKQVajoHTltd_HK-_Q,8.078037043141414e-05,6266,,,,,,,False,0.0
ymurmddywqW-2D9Yp-X6jg,8.077824904231801e-05,6267,,,,,,,False,0.0
LbbU2mJPRS3YjC5e_B7h5Q,8.07611576618039e-05,6268,,,,,,,False,0.0
7SC59d4nl7hc3BFjaMPSEw,8.07563301982315e-05,6269,,,,,,,False,0.0
wmEZ3OqLuD1Z6b3mJSl1yg,8.075445240846695e-05,6270,,,,,,,False,0.0
z1d3dFsEJ8wXB2v0W97LFQ,8.074449988187892e-05,6271,,,,,,,False,0.0
IC4r-CreIIONpsXIrvtGJg,8.07307337921079e-05,6272,,,,,,,False,0.0
5HZPNcMR5dHQ1OyOb-RDgw,8.072875986306581e-05,6273,0.6575,1.5208,1.0,0.6931,0.2192,0.10761837231824242,True,0.0
W8veVYMZidtykCpFozGDYA,8.071325106117047e-05,6274,,,,,,,False,0.0
hMoFsCFz1vBDaglH0Qvwwg,8.071145528060149e-05,6275,,,,,,,False,0.0
pbsxTKD_Yn1RIvjneNVfrQ,8.068204051311085e-05,6276,,,,,,,False,0.0
h1lWjQMjLdAkC-BARvZAZg,8.067387790592545e-05,6277,,,,,,,False,0.0
e4__1wpgPI3OfTLamW8L1A,8.067285626325182e-05,6278,,,,,,,False,0.0
fLD1la2uhl9P39CSJkk8NA,8.065031729668211e-05,6279,,,,,,,False,0.0
nOEuF2LUxnHSqjLLbg8VKQ,8.064307690885387e-05,6280,,,,,,,False,0.0
btHprfNAOx7akqU-VDLDzA,8.063913784589189e-05,6281,,,,,,,False,0.0
itAhmbhHOyQQparfwicjDQ,8.061306325530313e-05,6282,,,,,,,False,0.0
z9wCTHYI2VZy9YIblwSsgg,8.06002393380519e-05,6283,,,,,,,False,0.0
w2_KbhAWZ42u3ea_lPh1Tg,8.059518163808681e-05,6284,,,,,,,False,0.0
QwH__zx8N0TmF0r4o4yOuA,8.058286820324132e-05,6285,,,,,,,False,0.0
DqMK22MKFgpUfmgzMH3G5A,8.057125769370569e-05,6286,,,,,,,False,0.0
YJ4jzBFJU2EJhM-zatdLRQ,8.056217135232181e-05,6287,,,,,,,False,0.0
qievsN2fQbRZXywsQFf1AQ,8.054270205754322e-05,6288,,,,,,,False,0.0
I5pKhvba6BZhpHoNqNPkIw,8.053471833121666e-05,6289,,,,,,,False,0.0
pRuQpgFGDh4wYP3nU-mg9w,8.051174551235792e-05,6290,,,,,,,False,0.0
aWxc9q4vhd-ajKeKTjHe6w,8.051100571963079e-05,6291,,,,,,,False,0.0
1O3049ULg-o1MxmR_w95Tw,8.049915923922092e-05,6292,,,,,,,False,0.0
KwilllahEB9FznFr0utYvg,8.049847945252524e-05,6293,,,,,,,False,0.0
FOTp2JNMj0_SuDSPKYhixQ,8.048923351326705e-05,6294,,,,,,,False,0.0
wyXUQfes79poDhsJpk6AjA,8.047970526224208e-05,6295,,,,,,,False,0.0
K1h9s1n2679DxUM2cuMZXA,8.047152408803212e-05,6296,,,,,,,False,0.0
PcHhD-Xbs_nZ9TRrHzSTMQ,8.046547904329414e-05,6297,,,,,,,False,0.0
sgCUMv2spV-tpCHWBO1Etg,8.046424950531105e-05,6298,,,,,,,False,0.0
B8Uwm_12OajiujN_5AvrrQ,8.045054538926303e-05,6299,,,,,,,False,0.0
WTyW0nI_zv0T3kB9jR750w,8.044293825343262e-05,6300,,,,,,,False,0.0
cUKteyNt2Gl-m0h9uBJhlg,8.043632164157957e-05,6301,,,,,,,False,0.0
zyMkbavgHASQtqVwaock9A,8.042520652558796e-05,6302,,,,,,,False,0.0
QFh-h_OZ5Io-mBk32HN28A,8.04183169261012e-05,6303,,,,,,,False,0.0
o4vxgBM0_fcwu14O_EqgMg,8.0417755529398e-05,6304,,,,,,,False,0.0
DQK60HvSqp7hVJ_T77bwxQ,8.040850315780419e-05,6305,,,,,,,False,0.0
bPv2SwR1h818VsgICL_6Ow,8.039901691694259e-05,6306,,,,,,,False,0.0
6HRbMeGq5Y4hqRkgXnG6Ig,8.039592409420622e-05,6307,,,,,,,False,0.0
yV5K0oZL4SSyEVHqBMGCGA,8.036508518193114e-05,6308,,,,,,,False,0.0
AqYorZLGd1DP68eL5hQN3Q,8.036383320192572e-05,6309,,,,,,,False,0.0
tiSIiacOzflrMMwJEXVFIA,8.035833770365574e-05,6310,,,,,,,False,0.0
7BNS9K9LKnlK3lI9JQsBHQ,8.034898417838661e-05,6311,,,,,,,False,0.0
AQfAhiVYzRDH9h0t1TiIIA,8.034352440547506e-05,6312,,,,,,,False,0.0
_kKI9PJkZSRs51niGByXZg,8.033966750454077e-05,6313,,,,,,,False,0.0
YJx313YT5ibnMvsqSNhdSw,8.03306319324128e-05,6314,,,,,,,False,0.0
dF1064EcYXPcJ1ENvLN83w,8.032880188320703e-05,6315,,,,,,,False,0.0
dD8qp4Ro74EI4DqQl8FFCw,8.032073935104168e-05,6316,,,,,,,False,0.0
NpWGrKnmm44CzpZ1Wi1bLQ,8.030596698887981e-05,6317,,,,,,,False,0.0
tA0bhhroDjar8irGCZXObQ,8.028068036175448e-05,6318,,,,,,,False,0.0
HHWTWs8sa7cE3ksH3_BCTw,8.027792920505881e-05,6319,,,,,,,False,0.0
1l6enor7mUQT7dyJ7WCa9A,8.027577166146167e-05,6320,0.74,1.5471,1.0,0.6931,0.2467,0.11796355122537526,True,0.0
CKGLRosqPBxH9-V9AfkAhg,8.026236524946506e-05,6321,,,,,,,False,0.0
NGK31ST2C3sT1uwNtAeFdw,8.025959279822214e-05,6322,,,,,,,False,0.0
NdLBRy61OGT78GTn690u5g,8.025762510536514e-05,6323,,,,,,,False,0.0
xg2BYY0tswiEDz2HvTRq2w,8.025174555275625e-05,6324,,,,,,,False,0.0
kwfWiUkuGh2SHrRrB3qF6w,8.024083393782025e-05,6325,,,,,,,False,0.0
LmGvuqllvutbtbkjgPOoJg,8.023673393143109e-05,6326,,,,,,,False,0.0
Dgbhms2bctcCSEnlK3T79g,8.022648893066328e-05,6327,,,,,,,False,0.0
VaJdXHK4VQDJO-idOGFbxA,8.021857954929565e-05,6328,,,,,,,False,0.0
9sdu-m075T6qdB46wXP46w,8.021803197392738e-05,6329,,,,,,,False,0.0
XYaOXB1i1zT2zAWreYbX0g,8.021778442636056e-05,6330,,,,,,,False,0.0
l3S_LsPam6ejdQo37V4kVg,8.020780089159505e-05,6331,,,,,,,False,0.0
8IOOFeWwW9p8auITeMtiHQ,8.020267477575192e-05,6332,,,,,,,False,0.0
peIWQGr3YPWNJC7SnS74wg,8.020210759979656e-05,6333,,,,,,,False,0.0
GsppfYtMMxI86N9FuXzccw,8.019973816924206e-05,6334,,,,,,,False,0.0
kayVS-MPUVp_Vmo54Pjp9w,8.018955361753803e-05,6335,,,,,,,False,0.0
lk9IwjZXqUMqqOhM774DtQ,8.018114343425106e-05,6336,,,,,,,False,0.0
ShM2wUwJaK8d0-Jm9YDd0w,8.01723109493843e-05,6337,,,,,,,False,0.0
9T0KlT0HW75LM-sTEPBPbg,8.016922637266722e-05,6338,2.25,1.8238,1.0,0.6931,0.1875,0.2510237695829731,True,0.0
G2jGesZ1xLLlrqNKab5RfA,8.013822883449886e-05,6339,,,,,,,False,0.0
JyyfpkiQXTWOIhd7YCqjUg,8.013433445990622e-05,6340,,,,,,,False,0.0
7EAP8bzgJM2SEDU8U5XFfw,8.012668008368053e-05,6341,,,,,,,False,0.0
7qN3TW2RU89Q78iceR1R4g,8.012511854314288e-05,6342,,,,,,,False,0.0
IoHOUGETebGrG3oDGSoAdg,8.011313719400407e-05,6343,,,,,,,False,0.0
nEP-AgKGA_-sEpotsTIhjg,8.009769197370338e-05,6344,,,,,,,False,0.0
BBVrr3ZqmzfF1eD6hQJSYw,8.009499448151837e-05,6345,,,,,,,False,0.0
WTromeqt10avsjuTPU8vgQ,8.008975701697134e-05,6346,,,,,,,False,0.0
KGS2i9T0-WeNw5_dXSOoGQ,8.008081414784657e-05,6347,,,,,,,False,0.0
EGITUFVLb87GRKapMtZg-w,8.008032490187555e-05,6348,,,,,,,False,0.0
XUEP6erHkEWyGzR0j0rrvw,8.006898248264122e-05,6349,,,,,,,False,0.0
lLDB5H7_Uqpc9hUd_A3Xaw,8.006864856101135e-05,6350,,,,,,,False,0.0
dB0h6ULGQiFuhE2G3zh-uQ,8.006252187266632e-05,6351,,,,,,,False,0.0
Ppmdzznk7jR8YRyei79_Xg,8.004616725078063e-05,6352,,,,,,,False,0.0
oDl1Zh9L7rM3o5RNur0kZA,8.00394909775208e-05,6353,,,,,,,False,0.0
H0unmI-lJTazbPh-Lt6lBQ,8.003336165963408e-05,6354,,,,,,,False,0.0
7YiLEuHuUONZrMPT0OxXUQ,8.001355546201918e-05,6355,,,,,,,False,0.0
yQK9YpO1lnQqcpiT7uZHHA,8.001050277452343e-05,6356,,,,,,,False,0.0
4W9f4R-SQ5_45TZhAbLr1g,8.000697190352e-05,6357,,,,,,,False,0.0
4fKGv-3XMlxv_vuiFbuwLA,7.998620010324789e-05,6358,,,,,,,False,0.0
bxs7csQi0UWO2fgGLxoZXQ,7.997673472882583e-05,6359,,,,,,,False,0.0
ytalLxZdNZvyEw0UYfvRug,7.997473846777606e-05,6360,,,,,,,False,0.0
Nj3tEe9UtEa7SyGunl7Y6g,7.997001792617206e-05,6361,,,,,,,False,0.0
RPx5kihFmtHgHRSPsPVC8Q,7.99658015745255e-05,6362,,,,,,,False,0.0
VavwOmhVo83fOnuOw_WQPA,7.99406461721778e-05,6363,,,,,,,False,0.0
_BVW1RVFyPELn6K_mhwIMQ,7.991936605370802e-05,6364,,,,,,,False,0.0
v7j08QnDuWfQlY6s-NKHPg,7.991273503659938e-05,6365,,,,,,,False,0.0
390CUkTdCxK89Nb9FdNp1g,7.98746474935101e-05,6366,,,,,,,False,0.0
e1o-2If3E-OY2A_yvamrIQ,7.98644384440352e-05,6367,,,,,,,False,0.0
41UZPKPojnFz70F8aP5VEg,7.986130176973214e-05,6368,,,,,,,False,0.0
7bnDURjKCOgMxaYz1H7avA,7.98588548659115e-05,6369,,,,,,,False,0.0
9Q8eNNRnb_Higrs7TvR8lg,7.985657868457274e-05,6370,,,,,,,False,0.0
MqdCs22Lym96IRmt9ivKyQ,7.985596459436723e-05,6371,,,,,,,False,0.0
Jb4Pu-lUWeO6dYLiiJ3cmA,7.98378088614366e-05,6372,,,,,,,False,0.0
3wo9jODQnuvBm8Gkem6qXg,7.982959920455952e-05,6373,,,,,,,False,0.0
GabL6KPmrPirzYWiQ9LtBg,7.98288534675388e-05,6374,,,,,,,False,0.0
nT8O_5KgbgGvMyIRVqL6pQ,7.98286566587264e-05,6375,,,,,,,False,0.0
pICJRcyqW1cF96Q3XhLSbw,7.980743101468616e-05,6376,,,,,,,False,0.0
e27sItQBZuFbBPz_Ucq76A,7.9796150501666e-05,6377,,,,,,,False,0.0
9gQ3s8WlhHTJen4bCkZYGQ,7.979446230419586e-05,6378,,,,,,,False,0.0
b22gesyVeOOJdsbx5SxK-A,7.979145706335259e-05,6379,,,,,,,False,0.0
aTOCTSi1GwigOEcqOKRwFg,7.977618793923895e-05,6380,,,,,,,False,0.0
7rsdqP_j5s-x2OnFv_TrIg,7.976225742840308e-05,6381,,,,,,,False,0.0
F3GmlhW3dOkqsdEDFMSefw,7.976085184480789e-05,6382,,,,,,,False,0.0
-8luB5pJ7d9UOoiF7wikkw,7.975551077659825e-05,6383,,,,,,,False,0.0
-Kro8CtHkk9Ge9MMDK8t7g,7.974556069220095e-05,6384,,,,,,,False,0.0
R8XNdKSd9078txLtRAhvUw,7.974466818601196e-05,6385,,,,,,,False,0.0
nphMADgWEWqQ_CM_-tWFMw,7.973259468018903e-05,6386,0.6718,4.1159,1.0,0.6931,0.2239,0.10944792078365878,True,0.0
BZkgqFORyik4XgPpqRtjLw,7.971013537040066e-05,6387,,,,,,,False,0.0
2lcgp7-09VXUTnlQ4PPKpw,7.970907246998133e-05,6388,,,,,,,False,0.0
BAe6clozuQy2iS44KrIB6A,7.970286525440719e-05,6389,,,,,,,False,0.0
ZOBR5vCG0QNJsGnucs2vWw,7.969867156568305e-05,6390,,,,,,,False,0.0
GV6WXHmX13Utqd3j1mDJpA,7.968053264414882e-05,6391,,,,,,,False,0.0
h9SbhQRmoQmPcZlzp3JS9w,7.967553802922877e-05,6392,,,,,,,False,0.0
d-1UpPNpdDvEIGhTdEzdDg,7.967443108618576e-05,6393,,,,,,,False,0.0
yZs3y-RGYYysNVgDZ4I-Fg,7.966897147543403e-05,6394,,,,,,,False,0.0
zMLA0-Qd9_4nHvovBaAMzQ,7.965656542646491e-05,6395,,,,,,,False,0.0
CP0ozlSic2l34x8Ovz4cYg,7.965265620220243e-05,6396,,,,,,,False,0.0
SDF1usj2mnUNqbIy4JBQTQ,7.964950751084904e-05,6397,,,,,,,False,0.0
jfjpExDsvog4CYFsBMmwdw,7.963583160850639e-05,6398,,,,,,,False,0.0
3yk9H9PPUTbPe6sXJqubaA,7.963191547584708e-05,6399,,,,,,,False,0.0
uGo0TCVNOcDQxMArUU0Jrw,7.96295184247842e-05,6400,,,,,,,False,0.0
vsjZ6QzDk-gZwh3b1a9r0A,7.961554831211728e-05,6401,,,,,,,False,0.0
D9LrenrSj83Bt9QBED7eCQ,7.961141624082767e-05,6402,,,,,,,False,0.0
XAVsvqv1HWUiiqgJM6zubg,7.960985807785626e-05,6403,,,,,,,False,0.0
EqYmE48JUiquJMlmfpAdGA,7.959373171559318e-05,6404,,,,,,,False,0.0
fMIjg71Le9Qf-Ew60xsehg,7.958059861389338e-05,6405,,,,,,,False,0.0
gWDeSVOZh8ThPMU2G9dAtg,7.957292347878552e-05,6406,,,,,,,False,0.0
ey2F1-Vh60vczNAk0kEnFQ,7.956807929886441e-05,6407,,,,,,,False,0.0
QD60OSYzQREO836FG_vplw,7.95644637352549e-05,6408,,,,,,,False,0.0
0vU_OcoHU_hcEfNTpDyOvA,7.955750540490147e-05,6409,,,,,,,False,0.0
pi8-7F-RlfGyiaMy9s2oEQ,7.95564940563082e-05,6410,,,,,,,False,0.0
w7QQVFhjgkGi8AyGyPHRwQ,7.955360420739973e-05,6411,,,,,,,False,0.0
6rCL1hsSx2KEzq0oDfBcWA,7.95400361758474e-05,6412,,,,,,,False,0.0
dclL14pr7OojCOKJ_ZbMbQ,7.953701622483012e-05,6413,0.75,3.1232,2.0,1.0986,0.25,0.1191840403185944,True,0.0
JIvfg4W979rqqfGDRD4MXA,7.953323295002975e-05,6414,,,,,,,False,0.0
IbNiBar9ClyX9hXvto-7AQ,7.953234938083833e-05,6415,,,,,,,False,0.0
uttovmgZMrYTv-lW859tjg,7.952701747563076e-05,6416,,,,,,,False,0.0
lSR0JkU7iCnR7sP-8Gjkqw,7.952475781328678e-05,6417,,,,,,,False,0.0
Vg48ETIyEP9MALSqfDLGmA,7.951139995112901e-05,6418,,,,,,,False,0.0
VuHknGPkwb7Qjv_EzEdK0A,7.95111147846181e-05,6419,,,,,,,False,0.0
iH3LWJ6yisLnGEnd6Ch29Q,7.948179892434089e-05,6420,,,,,,,False,0.0
vln582yf0nbUuHzBnY6yOQ,7.94678312172326e-05,6421,,,,,,,False,0.0
D9p7-HsY9llYP3BaCVg4DA,7.945830146016855e-05,6422,,,,,,,False,0.0
jdx80PbfbXMkUZvhJmdFbQ,7.943354522142779e-05,6423,,,,,,,False,0.0
pItLoze0FuYvujz5d6HySg,7.942227951815084e-05,6424,,,,,,,False,0.0
PhS0clf_37zSPrzi8XRG0Q,7.94196692651533e-05,6425,,,,,,,False,0.0
UiEv2cjyNN3igsE5kv0wCA,7.941956757557971e-05,6426,,,,,,,False,0.0
OI_dtFY0ZiUG5ryHPwucKg,7.941618833494389e-05,6427,,,,,,,False,0.0
h6XRiG4QOnuY6n3SRnou1w,7.940414439974691e-05,6428,,,,,,,False,0.0
JjSmcvva7SMj6-iXy1dYBA,7.940223854762029e-05,6429,,,,,,,False,0.0
ccH0aidX_Z7FeAGW2oejog,7.939002922498322e-05,6430,,,,,,,False,0.0
OyiXfvA4VY6zpK3itsAmjA,7.938665367611405e-05,6431,,,,,,,False,0.0
KRp5xFDLs8JzuqEQgN0oUA,7.938431818105352e-05,6432,,,,,,,False,0.0
lEAhUFytEPERFroM4h5awA,7.937994196774064e-05,6433,,,,,,,False,0.0
W41lKwSUobJaTDLd4q9x0g,7.936900719770691e-05,6434,,,,,,,False,0.0
vHQ_RMQQ_QCuUGXDQNpGNA,7.936893434635638e-05,6435,,,,,,,False,0.0
5Yuy8Ygct5QpoMLLM5isMg,7.936667249548677e-05,6436,,,,,,,False,0.0
5WF3593by2u-aE_WaM7_Mw,7.935803712645577e-05,6437,,,,,,,False,0.0
TlusNUxZToaR7yjn69H5JA,7.934876495136771e-05,6438,,,,,,,False,0.0
CLnCVeYvwVVn8B9FDrC5aA,7.93434123827706e-05,6439,0.7,2.3439,2.0,1.0986,0.2333,0.1130104264965392,True,0.0
tTbYIQk08cO-uyXmYIdVOg,7.934166796930306e-05,6440,,,,,,,False,0.0
sC0nPDdjkErUhoT1BAduLQ,7.932942880527927e-05,6441,,,,,,,False,0.0
Z0H_XDlMEfLSXrvOm9YFmQ,7.932925788503314e-05,6442,,,,,,,False,0.0
XisEaN0YxDeMc-9rQp6Qag,7.931840638407991e-05,6443,,,,,,,False,0.0
cO-EBH0LC5VZEc007C8Gng,7.931485876276072e-05,6444,,,,,,,False,0.0
hyMK_bUrIIXuTOFKHJKVNg,7.931097339333951e-05,6445,,,,,,,False,0.0
82gbDck145sIpkPH3wuc4A,7.930437465660881e-05,6446,,,,,,,False,0.0
IQzNitwJPnwEnc9YRVbWuQ,7.930389442817635e-05,6447,,,,,,,False,0.0
gRSMrEF92ZsC2MBlUr3iOA,7.930274664332066e-05,6448,,,,,,,False,0.0
hsCQcQoJZfLYFWOCuDAuQw,7.929038793590185e-05,6449,,,,,,,False,0.0
WI8Oucjfr7t2AertQqbYLw,7.928987625979224e-05,6450,,,,,,,False,0.0
Em5rXI3amBD5Ekvmy0qZUA,7.928875485234918e-05,6451,,,,,,,False,0.0
AX9ppYZHLiztWo2v4DXO2A,7.927273837938068e-05,6452,,,,,,,False,0.0
W4ZEKkva9HpAdZG88juwyQ,7.926994393971181e-05,6453,,,,,,,False,0.0
xXAWWlpXGlDfgGzy9TTJIw,7.926920704626861e-05,6454,,,,,,,False,0.0
7iiUkblw8yXXsM_P-EjBwA,7.926261123998097e-05,6455,,,,,,,False,0.0
eaJCpC6IhYphj7bwCDHTwQ,7.925339588651535e-05,6456,,,,,,,False,0.0
Vjztqe-JBseYpypb6xv3PQ,7.924587071972317e-05,6457,,,,,,,False,0.0
8jwsNjvVNJiYN7AnxHdMLA,7.924550181243091e-05,6458,,,,,,,False,0.0
yDxJU9IMp0vDfXrXY8eViQ,7.923425324380278e-05,6459,,,,,,,False,0.0
-zGlHyBaxib9p7k18i5TSA,7.923349902176199e-05,6460,,,,,,,False,0.0
1Jo4UC0YNPoPm9Gfur8tQA,7.918156370986828e-05,6461,,,,,,,False,0.0
7nhfY3Z_d_0XD21m7Ha_dA,7.91602813062531e-05,6462,,,,,,,False,0.0
AnxLo-wgSqSWePahtA3zEA,7.91582424909891e-05,6463,,,,,,,False,0.0
g0rCtQnK8sYOGCUKg64UyA,7.915225675179953e-05,6464,,,,,,,False,0.0
VbEm2EN2rpCqSQDVnIZZuw,7.912548008954966e-05,6465,0.3,0.0,1.0,0.6931,0.3,0.0558769672846689,True,0.0
nyyPT7L3MnNp-jUTFdsibg,7.912242227309809e-05,6466,,,,,,,False,0.0
iqeI_TWLvK3JabtPTZOkPw,7.907597558352295e-05,6467,,,,,,,False,0.0
q0tB0ch5cFQQBSp5nUXRCQ,7.905739123329862e-05,6468,,,,,,,False,0.0
XCEO3zlDSKJvemP5LNwWsQ,7.905181930895525e-05,6469,,,,,,,False,0.0
WwPPNhUpIsPhLumwravwKw,7.904550696731876e-05,6470,,,,,,,False,0.0
Itg5hXat9PkPVX4cITJBSQ,7.902578292838259e-05,6471,,,,,,,False,0.0
papbVEKch3cma_aN1KuopA,7.901514534657531e-05,6472,,,,,,,False,0.0
eKxKm6fK0-tO_WM4D2_5xg,7.900943459168683e-05,6473,,,,,,,False,0.0
6E9KjyDAdL_vDQCWwhj_KA,7.900795581124425e-05,6474,,,,,,,False,0.0
qVM5QFngP4RnTyGQAprIJw,7.899706499010038e-05,6475,,,,,,,False,0.0
wdmRWiuUD6oOv9XC3v31Iw,7.899025262321754e-05,6476,,,,,,,False,0.0
x0YRWf9_vPoJC9wUPoJUrw,7.898803919497547e-05,6477,,,,,,,False,0.0
A_GAAY2LoP3RS1TIwHzuxA,7.898549905114157e-05,6478,1.8396,5.9831,4.0,1.6094,0.2044,0.22227392302673354,True,0.0
rh3c8tgPyPXD4vj7nC0TuQ,7.898430388205385e-05,6479,,,,,,,False,0.0
GEtK2S6zALXgsjKjK3abJw,7.897295165524944e-05,6480,,,,,,,False,0.0
tvlElS5cQ6YVEVOb34ujqQ,7.896973169582734e-05,6481,,,,,,,False,0.0
zNBtF87cr_uzqloqWdO34g,7.895373154176105e-05,6482,,,,,,,False,0.0
Jci_xPpsvVqhBNJ9oHA31Q,7.89500876537469e-05,6483,,,,,,,False,0.0
Et_kxd5AaVjxRhEBDdSOWg,7.894100787701954e-05,6484,,,,,,,False,0.0
pKccrz26dHNUcR5ShhoKJw,7.892675406725626e-05,6485,,,,,,,False,0.0
GDtcIsIfH9Up8E-Mls5XCQ,7.89222241062964e-05,6486,,,,,,,False,0.0
78lXlSJ2Vp3kw0Ds9dZsdw,7.892062025713681e-05,6487,,,,,,,False,0.0
XG5-bigWGG_IFgbCvVs7xw,7.891743850616346e-05,6488,,,,,,,False,0.0
SBIvXnAHFPSFk7DNLtNUSg,7.890789232699403e-05,6489,,,,,,,False,0.0
RDXH141tT8d0FabI0dpr8w,7.890282855290399e-05,6490,,,,,,,False,0.0
_OmjicQbWgNNKJUTYMixjg,7.89020159613083e-05,6491,,,,,,,False,0.0
42VF6xwr0Lak0X_9Ox8G2Q,7.890130071334977e-05,6492,,,,,,,False,0.0
b_NJFKY3vWv4VC8fPSGO1g,7.889289454080084e-05,6493,,,,,,,False,0.0
oOmEd0K-1rpGo5FmvijMgA,7.888388184526967e-05,6494,,,,,,,False,0.0
5SiNn7wyc2qOQkOC7EXYOw,7.887061695356378e-05,6495,,,,,,,False,0.0
1JtpcHELRrSDoWS80WtzuQ,7.886988221159853e-05,6496,,,,,,,False,0.0
wuzoQhym6ll3fjAiVgIJbw,7.886775783935934e-05,6497,,,,,,,False,0.0
-hmRPTs-6XK3wnSN7IYgug,7.884424246924053e-05,6498,,,,,,,False,0.0
P7oAQxDu8rapFn8QY0nmyA,7.884137872576783e-05,6499,,,,,,,False,0.0
Gs43rBxzv6hwYoIp-FxVcg,7.884132159918951e-05,6500,,,,,,,False,0.0
FfNqZitGYvBdBNxRfG-ang,7.881298143623303e-05,6501,,,,,,,False,0.0
E9-zXaqJGg97ZqgX_tydTw,7.881035928502183e-05,6502,,,,,,,False,0.0
-GJN01qCjGgnNBTbZexNpQ,7.878971035399406e-05,6503,,,,,,,False,0.0
EUtNup4WQZ6UBxou8HsRng,7.878904228013051e-05,6504,,,,,,,False,0.0
wD-dPZMlF59K2Z7mnhvPYg,7.878345217308784e-05,6505,,,,,,,False,0.0
fQAyS1EGx75yDGweJ9YnQw,7.878337952020009e-05,6506,,,,,,,False,0.0
lIYCKCTJxpvxEUXZ1pZ1bA,7.87702199158436e-05,6507,,,,,,,False,0.0
VTx3qBeLMNFmBpcUFVNlQg,7.876605722599694e-05,6508,,,,,,,False,0.0
uuEdVSddKBJ5CtStDifE3g,7.87582636674974e-05,6509,,,,,,,False,0.0
MJaT0MoUpIWZirHzisrqsA,7.875526165814548e-05,6510,,,,,,,False,0.0
ykJ9zt1fJ1cOpxz5FkpVOQ,7.872762425807693e-05,6511,,,,,,,False,0.0
Xy1mX8UQWMavQh_tMFjthQ,7.870691558384988e-05,6512,,,,,,,False,0.0
IH8_zFDyFDA2RXwUX2CC0w,7.870430280118241e-05,6513,,,,,,,False,0.0
K9urrbEJ0xjKiZ5nCdv9xQ,7.86962253796811e-05,6514,,,,,,,False,0.0
bKy4goWSRKsEYkQ7NGSu3g,7.869548032210798e-05,6515,,,,,,,False,0.0
gOlC00rXT7bgUGleshi6lw,7.869338390043004e-05,6516,,,,,,,False,0.0
huIIVzj-e0oa2kN0B6-2-A,7.869113527387948e-05,6517,,,,,,,False,0.0
Bt_JEHYUBUKkSJVRTHszbQ,7.867804751587538e-05,6518,,,,,,,False,0.0
b5hxsRw76UUXcotxlCipuQ,7.867784226954719e-05,6519,,,,,,,False,0.0
PCKC8qjaEUHIm8yN9v9Juw,7.86706261269857e-05,6520,,,,,,,False,0.0
WLPd-ikGqNuizk_TNjbluA,7.866906695160091e-05,6521,,,,,,,False,0.0
LzgxfMu24HbJbUi1cCk70Q,7.866189605778782e-05,6522,,,,,,,False,0.0
Qz-ns3UaKe8irtH1wOAjfQ,7.864034487948552e-05,6523,,,,,,,False,0.0
IdCg29WyDhqMxwsthwknxA,7.863743717977716e-05,6524,,,,,,,False,0.0
7BZo_arIR_qvyyVMRBxQDg,7.863716775992456e-05,6525,,,,,,,False,0.0
LDRCTgT9TR_71SWkSgEhGw,7.861480894193118e-05,6526,,,,,,,False,0.0
vv6sIXQHy4JQzaG4mt9jvg,7.861089171328812e-05,6527,,,,,,,False,0.0
zlp7KfaESwgnTPvyVk9gSQ,7.858418476344233e-05,6528,,,,,,,False,0.0
sYKSRIQ1jrI9sYqbNXBv1A,7.858165294745079e-05,6529,,,,,,,False,0.0
JUamG9JZEHwFDJGXLrgIFg,7.858119759489163e-05,6530,,,,,,,False,0.0
enrfGLDwo4We6Oi38qUJxw,7.856058042134245e-05,6531,,,,,,,False,0.0
4-TKASCNK5-XBWdXmeXWbA,7.855229253979502e-05,6532,,,,,,,False,0.0
AFVNXoSMJ9VoMSaXGqcQRA,7.855047784872706e-05,6533,,,,,,,False,0.0
pdrSPbOJVsvTZpAfU2nddg,7.854325610284514e-05,6534,,,,,,,False,0.0
WRQ75NLY793uvDSlura5WQ,7.853912831597464e-05,6535,0.4415,0.1584,1.0,0.6931,0.2208,0.07788151427596185,True,0.0
CqwPurpyPzwGs9chhrUc3Q,7.853794568976375e-05,6536,,,,,,,False,0.0
Up_4I0tqoVtyknJJXULdfQ,7.853011974512382e-05,6537,0.3,0.0,1.0,0.6931,0.3,0.0558769672846689,True,0.0
6tQrTyDTs5hWh5e4LlPLCg,7.85098679827561e-05,6538,,,,,,,False,0.0
lAbUj9aQ7BX__vZNYewTJw,7.850561244101741e-05,6539,,,,,,,False,0.0
cYohoNYuY3l2Po1BbSr1XA,7.850323254323215e-05,6540,,,,,,,False,0.0
MqBtykhqU_4GgqgNjz079A,7.85017294428319e-05,6541,,,,,,,False,0.0
B9MAfqhVw1AxNzwu2ELPtQ,7.849469519372818e-05,6542,,,,,,,False,0.0
9ik4zu2353HJu9QMrVzOiQ,7.848821383767925e-05,6543,,,,,,,False,0.0
YOxtL5o-E-aHrR4cgSFcSA,7.847145645504691e-05,6544,,,,,,,False,0.0
hSgY_2L02kB-1xRDoJKsng,7.845606294633087e-05,6545,,,,,,,False,0.0
MrMMI9ZFYQy6r_g6TC4UrQ,7.843759319786201e-05,6546,,,,,,,False,0.0
duf2PORLOL6it1dTGhSnKA,7.843735404301993e-05,6547,,,,,,,False,0.0
SWKjVbrlsrDibS-spyJCDQ,7.842319335845969e-05,6548,,,,,,,False,0.0
x063XOQJCfTsKvS7iPLSsQ,7.841855130293337e-05,6549,,,,,,,False,0.0
mhj9KWNqKnEAb55-94ZzfA,7.841423873684603e-05,6550,,,,,,,False,0.0
DSrVrCa8nK3HPG0Hwa4ntQ,7.841383669052995e-05,6551,,,,,,,False,0.0
Gk6EoDA3Bd9LDnYhJe1WKw,7.84102750092182e-05,6552,,,,,,,False,0.0
_fmZZLy8hWPAxYx7xt2Fdg,7.840425701501751e-05,6553,,,,,,,False,0.0
R5ycR4CZc1mNdxDtY2PYAw,7.837236391823517e-05,6554,,,,,,,False,0.0
UPeIqSldWfA5M4gA--z-Yg,7.834266048836374e-05,6555,,,,,,,False,0.0
MrGpJUIA2WSke3x70YC0Qw,7.83362658444729e-05,6556,,,,,,,False,0.0
-loV4cB2Uh9TCltTRgGzWQ,7.833492648797591e-05,6557,,,,,,,False,0.0
LrxBMhi7qvWrli0z6wRGJQ,7.833062960410113e-05,6558,,,,,,,False,0.0
gRZfY0lrS4JyFg4lgQfczA,7.833018157022719e-05,6559,,,,,,,False,0.0
GvRA736fSqNZPe_OJRCt-w,7.832656098954562e-05,6560,,,,,,,False,0.0
lZ88MntSXZXDvpZAcXgiAg,7.831652750682914e-05,6561,,,,,,,False,0.0
oCzilfqdkNW0ihGVSXQWjA,7.830041465787666e-05,6562,,,,,,,False,0.0
KuAaIZIACr2uMSK1UDtueg,7.828455993378399e-05,6563,,,,,,,False,0.0
YibYR4ssX-rjTY0JRjcFqQ,7.82834987834833e-05,6564,,,,,,,False,0.0
K3TITXVTmZcBJdWLeU0LeA,7.826434816766101e-05,6565,,,,,,,False,0.0
5tq8E5TtZi1eq3EbP42aWw,7.825503705558609e-05,6566,1.0838,0.352,1.0,0.6931,0.1806,0.1563646127883195,True,0.0
Ptt6dN1N3_jbdeXmU0eGGg,7.824853123025323e-05,6567,,,,,,,False,0.0
TAjUu0R-Owhu0cFZ4R_I7Q,7.824309417705067e-05,6568,,,,,,,False,0.0
6FfvGK0ULZzFH2LmyOd0Kw,7.824108193240139e-05,6569,,,,,,,False,0.0
SATUtY_PGhTicpMwDF8nMg,7.823799302127357e-05,6570,,,,,,,False,0.0
ak0PfrI9FZcFaDQv5oXtVw,7.823591279122943e-05,6571,,,,,,,False,0.0
8NcCGX7b9sXcYOvd57dFSw,7.823475066491472e-05,6572,,,,,,,False,0.0
H8-Gl63zF-zDzqLj2G29Iw,7.823305687018323e-05,6573,,,,,,,False,0.0
z83W435NrTZyazSaX-9tvg,7.823207801498776e-05,6574,,,,,,,False,0.0
C-HXHOveDYeIvynd97Bljg,7.822578732566365e-05,6575,,,,,,,False,0.0
hN4n_a3FTedoJP1h8ZbjTg,7.822317082496794e-05,6576,,,,,,,False,0.0
hfbZ97Te3T4jeWN6GgsGrQ,7.82179992137082e-05,6577,,,,,,,False,0.0
-2dvQxx3cYXd5XmFdDDsDA,7.820947001713578e-05,6578,,,,,,,False,0.0
duuUYNDVgesTsLRfGCeMrA,7.819497331235925e-05,6579,,,,,,,False,0.0
56AIvAU0yxOfVKPGwONjuA,7.819399333492327e-05,6580,,,,,,,False,0.0
lYPeTDK3fvOL1g5KPIvGCg,7.819187925170244e-05,6581,,,,,,,False,0.0
d6PFud28NVgYtrgOs9vkfQ,7.818205898487226e-05,6582,,,,,,,False,0.0
Y8NRpWISLGHN4LsqCOkZDQ,7.818081202227741e-05,6583,,,,,,,False,0.0
uN9d_m0ZG6KM4zYVUS-ZDg,7.817929181954314e-05,6584,,,,,,,False,0.0
pDDwhEfUVhXYqpZ0NFLNcw,7.816428788527248e-05,6585,,,,,,,False,0.0
jwg_T0_my321ag20O1g97A,7.816219338673711e-05,6586,,,,,,,False,0.0
whAw6ljhyqDy6CHcP233jA,7.816082080378739e-05,6587,,,,,,,False,0.0
XaBOwJFCe1odBPYdIwCsPg,7.812469839402553e-05,6588,,,,,,,False,0.0
EMp87GsYkVdwHftE7Ar2_w,7.810808582397231e-05,6589,,,,,,,False,0.0
LaqJHvI5NCKYAFvh_G88_Q,7.807597682880103e-05,6590,,,,,,,False,0.0
vb-xBIlGWHCsFrJeXFfnuA,7.80698114933503e-05,6591,,,,,,,False,0.0
4vy8j-L9zXXFH_wh2sVzAw,7.806735052396434e-05,6592,,,,,,,False,0.0
bNB06UwQgfpaLsDl-g1xcg,7.806599584951448e-05,6593,,,,,,,False,0.0
4JkBNoIPKJIxyPsuUgO7xg,7.806460822834953e-05,6594,,,,,,,False,0.0
GRduI6GKz6dzk9n6JRpmOw,7.805889294513537e-05,6595,,,,,,,False,0.0
Iy5NjdEmvreKhE43k5nV1g,7.805757974238198e-05,6596,,,,,,,False,0.0
DchoWk5R3ZSkvVs59e2PpA,7.804795844512843e-05,6597,,,,,,,False,0.0
7GmQ9LYOoHuvsiaIJuLykQ,7.803380825522935e-05,6598,,,,,,,False,0.0
Gbe0IX0FBQ-f3hpFxH-6bQ,7.802246973374025e-05,6599,,,,,,,False,0.0
XaQsV_NIYMOjyKe39gOXDg,7.801941763559852e-05,6600,,,,,,,False,0.0
kqIENT-CoSkcDGtrZk35Rw,7.800100189386167e-05,6601,,,,,,,False,0.0
i9eMSNpOA8BfHGZrM-9sZg,7.799848590725084e-05,6602,,,,,,,False,0.0
hx_9etInU71CGRs6xDjM0g,7.799759638304011e-05,6603,,,,,,,False,0.0
dwoqTu3q0D_T2UfT7cgHqw,7.79803775183901e-05,6604,,,,,,,False,0.0
50FVsnpCK71gkuy5ressIA,7.797479005417533e-05,6605,,,,,,,False,0.0
_A4JgqZzr3rUsMgHfKer7Q,7.797007175629504e-05,6606,,,,,,,False,0.0
_qY6dVBchZloskbrvvxeDg,7.796747404024274e-05,6607,,,,,,,False,0.0
5oSMIhWSvMyZQs57AsNTSA,7.795241284034806e-05,6608,,,,,,,False,0.0
-fCB9irkaglTWG7rBhcODg,7.795231847157343e-05,6609,,,,,,,False,0.0
At7iebut3p14ElmaVBLa0g,7.794928093124945e-05,6610,,,,,,,False,0.0
pdeYZLIkyURty55Rg7vW8Q,7.79443447484902e-05,6611,,,,,,,False,0.0
SKHxYjxnganAHf5l_yB6Yg,7.79411742523584e-05,6612,,,,,,,False,0.0
dBLJTwDHD_SHGnE4gwPWMQ,7.792181574883299e-05,6613,,,,,,,False,0.0
C3roKH0ekXBz8l0ZoUIvAA,7.789366176176929e-05,6614,,,,,,,False,0.0
__2LkeVwTuKar5AE95Idzw,7.788144663023655e-05,6615,,,,,,,False,0.0
Oj3vZFPN5xh-MwK268WqLg,7.787692733375727e-05,6616,1.5347,6.4726,2.0,1.0986,0.2192,0.1980825646388432,True,0.0
sKl7n8k58Y1f08SeHv7PKA,7.787661736530871e-05,6617,,,,,,,False,0.0
DiBddJx63O8y9mICMJx0xg,7.78664015132022e-05,6618,,,,,,,False,0.0
fII7VVkwvuKLjq3j0C5LCg,7.786188038832145e-05,6619,,,,,,,False,0.0
_xRXDraCnehWW4mpMsfP2A,7.782505716737172e-05,6620,,,,,,,False,0.0
ZnXfiYj1Mq7lf5az2Ir8Gg,7.78239041358131e-05,6621,,,,,,,False,0.0
VPb3USr9Nm7JjtmsHPRo7g,7.781875320303917e-05,6622,,,,,,,False,0.0
5-aqt6yXDtV5p6vliEBxVQ,7.779816971528264e-05,6623,0.24,0.1214,1.0,0.6931,0.24,0.04581329528932625,True,0.0
solZespjuuKYogZQHvXEGQ,7.779025478879286e-05,6624,,,,,,,False,0.0
cEx97JX_bRJS5Gw67Y3Vnw,7.778900613747235e-05,6625,,,,,,,False,0.0
YkNz-yiDQq1hyNXStNrFkA,7.778218135089392e-05,6626,,,,,,,False,0.0
CcYQ5iBvUlG7OOVxacvBEw,7.778077972482167e-05,6627,,,,,,,False,0.0
ruPaJWpkFnyBxsN_LnnmQw,7.777532075134003e-05,6628,,,,,,,False,0.0
WWUEE5l_tfYkVZtLAascoA,7.777162938726401e-05,6629,,,,,,,False,0.0
jzXJDMGB81tZK-EISK38IA,7.7717052370607e-05,6630,,,,,,,False,0.0
LoT5NnLsC0xdoAKroALciw,7.771607135217354e-05,6631,,,,,,,False,0.0
mmrDkJEIxvXqBs-cDCnVZw,7.770013838833137e-05,6632,,,,,,,False,0.0
5EGhvgDt_E-JPl4EhQkOtg,7.768647169798974e-05,6633,,,,,,,False,0.0
tFNSLWl2Tcaf0tkeu48JSA,7.768356353610707e-05,6634,,,,,,,False,0.0
2LokHe7GtKZD9Q6w0dRe_A,7.766129876223727e-05,6635,,,,,,,False,0.0
WPdLRG-jsZmS7RkAfnZJQQ,7.765057597606969e-05,6636,,,,,,,False,0.0
aabwu8ObrrrBK-cGzrOkBg,7.761831185828728e-05,6637,,,,,,,False,0.0
bh60ZTqnciiH3FlTUJ-6iw,7.760968252979207e-05,6638,,,,,,,False,0.0
pq8x9lii-ZV1U4RJVG29Lg,7.759660787726963e-05,6639,,,,,,,False,0.0
Qge2dkrXXhXFEk6E8jysNw,7.75951783871766e-05,6640,,,,,,,False,0.0
uT8IB-CHxTUmW_wD62bA0g,7.759308182076358e-05,6641,,,,,,,False,0.0
TfS4WxvQaQ96ts6fprfH0Q,7.7584990663339e-05,6642,,,,,,,False,0.0
b7ao5G03_c_8YAueJW7pXA,7.756481594770433e-05,6643,,,,,,,False,0.0
0ERS4_k61Ea7VVunLcxlgA,7.756239486161794e-05,6644,,,,,,,False,0.0
EBKLpGREqUFj-fpIB85pPw,7.75593724451752e-05,6645,,,,,,,False,0.0
S7sKdwrSSzwnJqGY4hPkcA,7.753505432171402e-05,6646,,,,,,,False,0.0
vN6v8m4DO45Z4pp8yxxF_w,7.752900646876881e-05,6647,,,,,,,False,0.0
w5fyVRnGWXl_ldGt0Hu5uQ,7.752259489597318e-05,6648,,,,,,,False,0.0
ZhcVjB2jA5nhzpTKjuR5cA,7.751229316001415e-05,6649,,,,,,,False,0.0
S2qHo7frBbF7dWwmvxGZTg,7.750730535148858e-05,6650,,,,,,,False,0.0
OD7QQo4wNpmIb10L8gZKDw,7.74980340650496e-05,6651,,,,,,,False,0.0
DWeZM01dYX_sMzH1WfCT1g,7.749264496634656e-05,6652,,,,,,,False,0.0
kSiUu6mgp1awC4n_XrMXVw,7.747316230166692e-05,6653,,,,,,,False,0.0
SIc1YcqUBMdXO3LxgCur2g,7.746160276965352e-05,6654,,,,,,,False,0.0
zfZa3Csq1HjhQjY0HkhdxQ,7.744825154446457e-05,6655,,,,,,,False,0.0
sD2yBIzp0SNYRMD4QfH9Jw,7.744117061776138e-05,6656,,,,,,,False,0.0
L3QX19EWlkS-clS68Boydg,7.743847797748393e-05,6657,,,,,,,False,0.0
QYzYOJ7AY9av4qaSNlu2oQ,7.742571559409254e-05,6658,,,,,,,False,0.0
qtgKa_QOPJweLiOGceMESw,7.742239205369637e-05,6659,,,,,,,False,0.0
UH1Baremef79qGhPQ0Ef3A,7.742014440361137e-05,6660,,,,,,,False,0.0
T3FF-JsbLeBIZJS0RcZdqw,7.741102687550059e-05,6661,,,,,,,False,0.0
A4HxaMk6EZlieG7jr6FB3w,7.740465878404417e-05,6662,,,,,,,False,0.0
7SfQg9aLs0Go_BT5C9NoKA,7.738915485608195e-05,6663,,,,,,,False,0.0
kooLdkrNy4bRMXDZnKLzbQ,7.738122642086671e-05,6664,,,,,,,False,0.0
RDbNHzbnZ-gRcB-jkG62Yw,7.737404300506635e-05,6665,,,,,,,False,0.0
gfTWMLJmNz7YBz6332uxdg,7.736901631877374e-05,6666,,,,,,,False,0.0
v5doqJn6cJ3vHJuVOghMzA,7.736292560379907e-05,6667,,,,,,,False,0.0
H8Jp8WidE99di2Xapgbe-A,7.736085605096901e-05,6668,,,,,,,False,0.0
4lqDUZTUfTDoC1xBjNiLPw,7.736067919931289e-05,6669,,,,,,,False,0.0
yqKGAqAh9WIeIKIN6ZNBfw,7.73392471845238e-05,6670,,,,,,,False,0.0
a93VytGczF5xkcq_Bs2hYQ,7.732561104753621e-05,6671,,,,,,,False,0.0
PtgLYnVX4tJ9JoDWe7q8QQ,7.731941201539589e-05,6672,,,,,,,False,0.0
_Vm1wFLSe6kanZV1sQjkOw,7.730427412287569e-05,6673,,,,,,,False,0.0
29t8lDBLiwkEd1HA356dOw,7.730106523069404e-05,6674,,,,,,,False,0.0
kWHawNFXosP5KsQyM062Gw,7.728587056050369e-05,6675,,,,,,,False,0.0
K3t9JDcutfnkivCOL-fMrA,7.728274892026537e-05,6676,,,,,,,False,0.0
ZekJUkrI9XqSx6fZ7Izzbw,7.727621126673728e-05,6677,,,,,,,False,0.0
0bb_b3Neemt_LOZfxhnFXA,7.725817795773702e-05,6678,,,,,,,False,0.0
H9giitmH1pwUIru-GyF0HQ,7.725012370956602e-05,6679,,,,,,,False,0.0
fzVxr26ms8z_srMH2Ypudg,7.723575216558522e-05,6680,,,,,,,False,0.0
t-kcwzZPiF2hKTPWJEeF7w,7.722492114251062e-05,6681,,,,,,,False,0.0
dPIpO6HJ6OuHVvPqooW7IQ,7.720404649584404e-05,6682,,,,,,,False,0.0
zjhcbO-fhczQwZwfvchm0A,7.71854348183139e-05,6683,,,,,,,False,0.0
FNQfc2Ih5bSKnmRcsHTcKw,7.716186738548184e-05,6684,,,,,,,False,0.0
npDpDAJ2-tjAabqN4p3c5Q,7.7150535666871e-05,6685,,,,,,,False,0.0
_Uv4zjcVEqyKC8CtWRZGzw,7.715023832406928e-05,6686,,,,,,,False,0.0
2QJSPJ8X1tM2eZ6ipLf1AQ,7.713916116498127e-05,6687,,,,,,,False,0.0
n7i8dOHL-RTBcSv47u73Hg,7.713293943000057e-05,6688,,,,,,,False,0.0
GH8Pxb6n7CDZehbydWyDcg,7.71270586111295e-05,6689,,,,,,,False,0.0
wT-pzGY8rJ_xbTJDKaSl8A,7.712271623610325e-05,6690,,,,,,,False,0.0
66Eb7k-oL3m3GGhyQRuFTQ,7.710676838635434e-05,6691,,,,,,,False,0.0
vvtZWCcOw-wA9CF-79U0jw,7.709886106644227e-05,6692,,,,,,,False,0.0
qtyF_DOueK4JwFn8Trsr2A,7.705831697179803e-05,6693,,,,,,,False,0.0
GBhdeF0ScyX5HN3gj-NNCA,7.705415393278308e-05,6694,,,,,,,False,0.0
D-NWrg9OVKIpHm0a74Pj_Q,7.705405698687988e-05,6695,,,,,,,False,0.0
YpwiShaS6y8KUOJ6Cm4Vsg,7.702667128220806e-05,6696,,,,,,,False,0.0
4mYPqTpCjHqx8Ee4TIERXA,7.699767475685226e-05,6697,,,,,,,False,0.0
6o_nPu2NOnVkdHXvGy1tQQ,7.699196826047708e-05,6698,,,,,,,False,0.0
30SDmG0Lzlly8ZISz6cXuw,7.698939889458119e-05,6699,,,,,,,False,0.0
BkC1t7uicnafM0fXz-2ZIg,7.698403162384783e-05,6700,,,,,,,False,0.0
KhPuIle_oLlKhz5pRaUA0w,7.698280879334473e-05,6701,,,,,,,False,0.0
5X5Nn-jlIoWFhkgewON6sA,7.697571992681565e-05,6702,,,,,,,False,0.0
GpOC-e2vWYi1gADV1SI8eg,7.697286249727166e-05,6703,,,,,,,False,0.0
IRkQtjBxgVEqAOdtjgi6hQ,7.696401585281471e-05,6704,,,,,,,False,0.0
JFY8k6JOc-iz1oszqHFgCg,7.695663730038654e-05,6705,,,,,,,False,0.0
oI9KX_Hd_ofs6c-xJdX6JA,7.695638545606767e-05,6706,,,,,,,False,0.0
XXkS9cqoT2yom2qS1VcX9Q,7.694511063166353e-05,6707,,,,,,,False,0.0
9P3pSXCxp5CzTq96qhTdGQ,7.692313921016254e-05,6708,,,,,,,False,0.0
nKgQfX62h5aJJA0m4gMX-Q,7.691313153095113e-05,6709,,,,,,,False,0.0
IbfjmW7svGRQs7zIBwx-EA,7.687792698400753e-05,6710,,,,,,,False,0.0
htx6Uime2SkiE-zC7hxb-g,7.687298240448687e-05,6711,,,,,,,False,0.0
OhxH_vLWKwSohst8h0G3hA,7.685769717634564e-05,6712,,,,,,,False,0.0
_RRGOrzVgsEE4MlHHZE6iQ,7.68548273875094e-05,6713,,,,,,,False,0.0
FV-IDfUkj07Ctseem_dyoA,7.685437071067428e-05,6714,,,,,,,False,0.0
va40jWz1dr0CHG4fIJgaHA,7.685025513271122e-05,6715,,,,,,,False,0.0
6WJ-dFE9axF2o55NQWrNgA,7.684809042840922e-05,6716,,,,,,,False,0.0
E1A3JTR-9oFWe9PE4pA65Q,7.68410093517211e-05,6717,,,,,,,False,0.0
o8aFtFrZcWp-twnIgdqwyQ,7.684004795445005e-05,6718,,,,,,,False,0.0
4M_kLVDf0vq2dKoRcfkGCA,7.683529697848371e-05,6719,0.15,0.8152,1.0,0.6931,0.15,0.029765766681636534,True,0.0
C8TTeu2ZgPTOLQ-wQsPXXw,7.679649957967673e-05,6720,,,,,,,False,0.0
TlokHyfEx0HxFYKDkvpdBg,7.679161694570702e-05,6721,,,,,,,False,0.0
VgAKmXE8B7J0I_O_R13UKQ,7.679047856380817e-05,6722,,,,,,,False,0.0
j7QIIEv9tkm_z55Cd0RYWw,7.677985085957684e-05,6723,,,,,,,False,0.0
kqh6VqnflT0PD78A9VAEgA,7.677796417135198e-05,6724,,,,,,,False,0.0
FGXAeroIJtnpMPx3JQbiIA,7.677124680846645e-05,6725,,,,,,,False,0.0
u0U5IQEQzQauLnP54rMUOA,7.677044034772303e-05,6726,,,,,,,False,0.0
woXVP3vViYzJ-I7jwWS5Og,7.676470626636267e-05,6727,,,,,,,False,0.0
i5oTNLL81YW4Y9-xdGb4xw,7.675851231316989e-05,6728,,,,,,,False,0.0
UMEnB4wdUFlBPiAj3iEJnQ,7.67512081372609e-05,6729,,,,,,,False,0.0
9iFqDUOMifeoJ2v4z6U_Wg,7.674231095395366e-05,6730,,,,,,,False,0.0
tKL_MbA8s_ZeU4RV5m-0QQ,7.67400800144135e-05,6731,,,,,,,False,0.0
vtn32S6zcfPWTYiZuhuFYw,7.673395212146943e-05,6732,,,,,,,False,0.0
UDfOkkn-MX6v8R3CX0T4lQ,7.673363234652663e-05,6733,,,,,,,False,0.0
EN93aHUaowPXDXXv01PTZw,7.67297619660525e-05,6734,,,,,,,False,0.0
evOg5Cxy0N8IUPcxKof2Uw,7.672245834834526e-05,6735,,,,,,,False,0.0
Te2NUeKrrwcKbUFuRZEfAA,7.670803316653634e-05,6736,,,,,,,False,0.0
cLNyFQ3T7p_Kcf09IburKw,7.669355989886614e-05,6737,,,,,,,False,0.0
5AliYk_XYNEu271Sz7EUbw,7.668418732999222e-05,6738,1.13,1.9828,3.0,1.3863,0.226,0.16103490012201382,True,0.0
eX1eHyJ6iYD1rzfzEox43w,7.666627312119865e-05,6739,,,,,,,False,0.0
Zxt3eTFe6M0AJ7ZYEbcwJQ,7.665960414132913e-05,6740,,,,,,,False,0.0
WJIc6ZlR-pd9W-Vt-rRtzA,7.665898185640783e-05,6741,,,,,,,False,0.0
YRwpT08JOsezBbBRcvpAGg,7.665224955329194e-05,6742,,,,,,,False,0.0
uHfHKZj_RsNwP03ar_vwQg,7.664846202077552e-05,6743,,,,,,,False,0.0
6BWcdOv10taQzy5BCVl2rw,7.663757500719631e-05,6744,0.3,8.7046,1.0,0.6931,0.15,0.0558769672846689,True,0.0
3emutOUAcgDUtwiXGDnYGQ,7.663148403657366e-05,6745,1.1968,4.6797,1.0,0.6931,0.1995,0.16761151319143108,True,0.0
uEv1I-0r82Krj4eEysjC4A,7.663143521663117e-05,6746,,,,,,,False,0.0
_oJ5QA131I_XnyaXAa8nsA,7.663089642200254e-05,6747,,,,,,,False,0.0
99zoELPcbwRBUqiPoaPqiQ,7.662932061983891e-05,6748,,,,,,,False,0.0
03Lu3GNBhAp8pBtnXQ3dXQ,7.661542155702504e-05,6749,,,,,,,False,0.0
Vil6Ox7d0GXkKHIzztyUfA,7.66107757736361e-05,6750,,,,,,,False,0.0
S7Cl9gYqaC9jlw32yd4_Yg,7.659192796480229e-05,6751,,,,,,,False,0.0
BjW9Vj8nxgRUZS3UrOoolA,7.658239741889199e-05,6752,,,,,,,False,0.0
H0MScRPcaB_TuFNEhWvJQg,7.657467683212439e-05,6753,,,,,,,False,0.0
d1mtX0eI13U7JBY2-1cOPw,7.654911704894636e-05,6754,,,,,,,False,0.0
IgHxhtNeMwhChuRenZam6Q,7.650924395179496e-05,6755,,,,,,,False,0.0
CjaLZOk0XnBASGxOaMWJrA,7.650790376547999e-05,6756,,,,,,,False,0.0
thex4QGdkbLms1mOdlSkiQ,7.650784199409525e-05,6757,,,,,,,False,0.0
5lyF_I3SNJ1fKoBpkuSMjw,7.650143553094072e-05,6758,,,,,,,False,0.0
6QFirGF9g14gSyfi_rmGOA,7.649610983190722e-05,6759,,,,,,,False,0.0
HqOdvnCuA5SxRiuf3lNgig,7.64762120865305e-05,6760,,,,,,,False,0.0
fgUV6NErXY1OkflgCjNi2Q,7.647149408318639e-05,6761,,,,,,,False,0.0
WfN-VixjWAbfe8efJEs3yQ,7.647053303910686e-05,6762,,,,,,,False,0.0
Bg-XoPfbAF5-U1OGhhBasA,7.646820594010063e-05,6763,,,,,,,False,0.0
Y6L5BGGSfj2gVcx3i168bA,7.64651692396967e-05,6764,,,,,,,False,0.0
u2THoMNjQJU8eIv8AAQKTw,7.643920631914954e-05,6765,,,,,,,False,0.0
1nMLt5F9MO-RUhW7jMVlMQ,7.643859241032456e-05,6766,,,,,,,False,0.0
U2o8Jz66M5ceXfi5C_lT2w,7.643385385643582e-05,6767,1.0681,1.1525,1.0,0.6931,0.267,0.15475391901881513,True,0.0
6ZZX9XQpBOk7U8FFEnMwbg,7.642831634571824e-05,6768,,,,,,,False,0.0
bL2bIVv0CFyBp-_XijGzlA,7.642704076355782e-05,6769,,,,,,,False,0.0
f2pOTQ5d64XYJ0PeMHfBXQ,7.641527943889209e-05,6770,,,,,,,False,0.0
D-Up4cSxOOnmzowXfkI4Fw,7.64132742343181e-05,6771,,,,,,,False,0.0
wb6JLGExZ_u0xVRvG3OT2Q,7.640929874277918e-05,6772,,,,,,,False,0.0
5u98TGP6uBs-NO6m35exsQ,7.63728271366669e-05,6773,,,,,,,False,0.0
8bdrXvgQ3pkvR0bCTg_LDA,7.636461402083205e-05,6774,,,,,,,False,0.0
VsFoF_AzglUtSQy5ZvDbKQ,7.636206362239966e-05,6775,,,,,,,False,0.0
icZ4cBKO1VvzWnQxgzejog,7.635786747772874e-05,6776,,,,,,,False,0.0
m5a-tpuxemrMrLk6BYVb5g,7.635549808787102e-05,6777,,,,,,,False,0.0
t-ZpeItaWnYymUK1Hrzr1A,7.635139690118562e-05,6778,,,,,,,False,0.0
QyMpPd5eJCZLzuj-v-sLYQ,7.634955623360513e-05,6779,,,,,,,False,0.0
nZ1p5FRHlrtMSXx18jRFqQ,7.634530630604563e-05,6780,,,,,,,False,0.0
UNcxebA44CQPwyteLFUuXg,7.633284999512867e-05,6781,,,,,,,False,0.0
MnCs5pIA0BF3FN7T6wTNyg,7.632188171493045e-05,6782,,,,,,,False,0.0
GO6pUQAL3_g1GesAxI5CHA,7.632139249145876e-05,6783,,,,,,,False,0.0
45RduxnVKS8kB1sU_p2mUQ,7.630907041445066e-05,6784,,,,,,,False,0.0
kNcrmaQNneyioUg1MY9ZqA,7.630433884606025e-05,6785,,,,,,,False,0.0
qZa7ClLmG89oI09E6QUnyQ,7.629675309588969e-05,6786,,,,,,,False,0.0
SJ3JA9EwBmQeQJXxC8T0vw,7.628730143353564e-05,6787,,,,,,,False,0.0
4INCRF2drQv6ivUZHkCIJA,7.627686397902179e-05,6788,,,,,,,False,0.0
tU692E8N0xBQ7Ogc78gN2g,7.626964477272013e-05,6789,2.652,7.5925,3.0,1.3863,0.2091,0.27586087939287546,True,0.0
EHA4yOCgMXGRJwLYYPJRRQ,7.626728956388323e-05,6790,,,,,,,False,0.0
t-ROSN9X4QqbGFd6cchDNQ,7.626660682922162e-05,6791,,,,,,,False,0.0
Hl_vXTiYLozWo7T9Cq17vw,7.62654954112175e-05,6792,,,,,,,False,0.0
DHENrreqQDQx9NtuorNOZw,7.62643873001595e-05,6793,,,,,,,False,0.0
PW5eZM5RAQEhy3wgovChhQ,7.625444638114119e-05,6794,,,,,,,False,0.0
IZZ7J14VnJGyUqYH1tgT6w,7.624733407695515e-05,6795,,,,,,,False,0.0
RWnrlVDBTWRUaNXwwcoCLQ,7.624459640052335e-05,6796,,,,,,,False,0.0
VKsqpZVSFgvAkTm5NNU47w,7.624380368080129e-05,6797,1.0143,1.2224,1.0,0.6931,0.2536,0.14914020860973723,True,0.0
GpYDs9W3cM5D1mjNx6pxug,7.623574673521787e-05,6798,,,,,,,False,0.0
dBNfyR0RRX-w1SMuYYF3-A,7.623340261311052e-05,6799,,,,,,,False,0.0
52pgQaYBZx8axZK4mPn0Ow,7.621335042448753e-05,6800,,,,,,,False,0.0
Aoe8dOzeuiAovvFYPl2jMA,7.621071327629949e-05,6801,,,,,,,False,0.0
s5J4_ZJpBqsPYuq8ddZkOw,7.62012009787929e-05,6802,,,,,,,False,0.0
Pn5Suxh1K5Af4wn24Tqswg,7.620008079295662e-05,6803,,,,,,,False,0.0
jyI0Egi-Zij0WLxgW1Qjmw,7.618686826758631e-05,6804,,,,,,,False,0.0
FoIzWtiwffKyfKJHsm7VKQ,7.617787924776449e-05,6805,,,,,,,False,0.0
CXrglIRqzaH037QARARPLA,7.615012936752251e-05,6806,1.3552,2.7546,2.0,1.0986,0.271,0.18243964547686994,True,0.0
2gTnSpYBmg_5JubGpCtSQQ,7.614958644956184e-05,6807,2.2718,4.7831,2.0,1.0986,0.2524,0.2524475688854077,True,0.0
NZL6CxqSzc4BThjhx21nJQ,7.614474957491293e-05,6808,,,,,,,False,0.0
DV4NwHf8Bt6y1ucG0bSNpQ,7.611674971234882e-05,6809,,,,,,,False,0.0
vDVTecHXPkKp9OkVXX_boA,7.609932076527386e-05,6810,,,,,,,False,0.0
tKIY9qXUUHIqOXXyT5EB6w,7.609598883330058e-05,6811,,,,,,,False,0.0
jdtPT12GXxxjfjUBOTc40A,7.608256054199962e-05,6812,,,,,,,False,0.0
nrkJ9yY915jq3LjWywkruw,7.607074297599065e-05,6813,,,,,,,False,0.0
VF_OIm5uG54cCQ3uzzSc5A,7.606939549466689e-05,6814,,,,,,,False,0.0
Z4Bg-Z-_ld2onuMdbOvv6A,7.606572705249217e-05,6815,,,,,,,False,0.0
edWlkjQnmXa8l3RxBQavag,7.605737803056065e-05,6816,,,,,,,False,0.0
SLfImlmwJaSL5qwgzWrscQ,7.605107745881462e-05,6817,,,,,,,False,0.0
pnBPGy8iiBVkyVab7SCCsg,7.601528117783167e-05,6818,,,,,,,False,0.0
S0UPup0pLE9knjrwc-kAdw,7.601378508367112e-05,6819,,,,,,,False,0.0
oSHQxAD_q9MwRHQo9UGBPg,7.600531174619701e-05,6820,,,,,,,False,0.0
3oFPL2QGawKJ4z9skJD_9Q,7.600054349578057e-05,6821,0.4733,0.5701,2.0,1.0986,0.2366,0.08252873961806381,True,0.0
oMwgGoawoMEqvgcy2FKVug,7.597558629830872e-05,6822,,,,,,,False,0.0
5-HPQP4UlNgmq0ejihbxuQ,7.59487159886933e-05,6823,,,,,,,False,0.0
MgoBAUgSv6UM6RNhwyV-MA,7.593309967857928e-05,6824,,,,,,,False,0.0
kcmkZ39ttPUqaLx8vhEScA,7.593097522341076e-05,6825,,,,,,,False,0.0
NitglJNDVoAM_Wr5q_mM7w,7.59281470076375e-05,6826,,,,,,,False,0.0
1JYW2WmoighRK2b7fGZx4A,7.592608142402527e-05,6827,,,,,,,False,0.0
516L9-ZWyqVgzqjP5uW7Jg,7.591241970802795e-05,6828,,,,,,,False,0.0
XggfVUV71SMMUhCoIEKhrw,7.590839348233003e-05,6829,,,,,,,False,0.0
PvA1O9wk9YlrYkIZiuztXg,7.588938752180197e-05,6830,,,,,,,False,0.0
fm9Mofq-hDDQhDHbrg5E3w,7.58812845756534e-05,6831,,,,,,,False,0.0
yJw38SIIn9EaQuSSdxRHUA,7.587622109681835e-05,6832,,,,,,,False,0.0
G0boNJD6u5XtkoAMY2-z1Q,7.587527069497993e-05,6833,,,,,,,False,0.0
oaboaRBUgGjbo2kfUIKDLQ,7.587424060199541e-05,6834,,,,,,,False,0.0
VCkSUsdL5P0p16DAPxVROA,7.586475057603082e-05,6835,,,,,,,False,0.0
ayw971qfS9gR4jaO7c69sQ,7.585462251829202e-05,6836,,,,,,,False,0.0
rfFJTymwtgcnSdb1BXb7xw,7.583944181804107e-05,6837,,,,,,,False,0.0
SHhgDe3KB2ycYxUG_mI-HA,7.582501033581235e-05,6838,,,,,,,False,0.0
zJYLn2m_LWeJb8eqGmi_TA,7.578269589271079e-05,6839,,,,,,,False,0.0
OAdo3dcxGc9SHZN_QyMp5Q,7.578265520628737e-05,6840,,,,,,,False,0.0
DgF4_72z6UkiGxtPnSJCfg,7.577146327928138e-05,6841,,,,,,,False,0.0
VYZ6-e_vfCBLYwXZxybdfg,7.576499082609015e-05,6842,,,,,,,False,0.0
_3U2YwnbcdtDc1UVvjUrkw,7.575803513742879e-05,6843,,,,,,,False,0.0
hJlz7fa9pvdMRtIp4ADDlQ,7.575665849863486e-05,6844,,,,,,,False,0.0
faNThZpz0EBINuQD-Sa1WA,7.575417861555512e-05,6845,,,,,,,False,0.0
zdJCe6BLDB03FBC4U_9bYw,7.575324817169442e-05,6846,,,,,,,False,0.0
AX4bsa-cmMnjOCx0f75cTg,7.574309492012375e-05,6847,,,,,,,False,0.0
baclz9iSEvG9HvEt7u0Bwg,7.569721682756295e-05,6848,,,,,,,False,0.0
6W6UjdRDn2OQlH1Iwo9gew,7.568274579781397e-05,6849,,,,,,,False,0.0
RArLnyQn4RZrf1SQ9rOJcA,7.568274463981117e-05,6850,,,,,,,False,0.0
DR7NgnZ21c-gQmVwLaMK0w,7.567110092365431e-05,6851,,,,,,,False,0.0
kbWKwvLXfJm5sLVfw-Foww,7.564541150056641e-05,6852,,,,,,,False,0.0
jgN86blLZPSuBh4ZeVeqMQ,7.563957599577211e-05,6853,,,,,,,False,0.0
yuCHAXdpgbQdvDbzTTyzdA,7.563596268492143e-05,6854,,,,,,,False,0.0
1MpCSA9931OUqvZ3vTqzvg,7.563028848873464e-05,6855,,,,,,,False,0.0
Lcoa9IiF84n0OXdcMhyWug,7.562979132461627e-05,6856,,,,,,,False,0.0
BrD8yPqnivir_-PpZ8pjQA,7.562933274021735e-05,6857,,,,,,,False,0.0
0ndzIekJs0PRPA5Aoz9sow,7.562378989089547e-05,6858,,,,,,,False,0.0
bqT9LFxOiV9hr0361Ph8rA,7.560433239688678e-05,6859,,,,,,,False,0.0
TS-NZ7L-hQtmcGDG79P2cw,7.559588091441147e-05,6860,,,,,,,False,0.0
7AAUjAvOS10dMx1F_QMaew,7.559059190982783e-05,6861,,,,,,,False,0.0
W6de6OniXm3HttgRJvhvsA,7.558582162640246e-05,6862,,,,,,,False,0.0
-UEeCTgxud4OGWshX4x-jw,7.558346686210317e-05,6863,,,,,,,False,0.0
W5Xn1-IYuMf_0ZimpRs_LA,7.557168473656767e-05,6864,,,,,,,False,0.0
LO1T3M80J3sqOQjkl3GThA,7.556954187586756e-05,6865,,,,,,,False,0.0
R8CIWGd0SADUQI0X_bydFg,7.556590113605454e-05,6866,,,,,,,False,0.0
CR_hm3-T9HEGGWTElXErRw,7.556329992235786e-05,6867,,,,,,,False,0.0
ybQem1jFkGPI1F-PEfEZBQ,7.555376327380175e-05,6868,,,,,,,False,0.0
WmnPtMtY0elYVStooCTfng,7.554559333679708e-05,6869,,,,,,,False,0.0
7RinFVNZHfVbXofpeO0cjA,7.554295939434316e-05,6870,,,,,,,False,0.0
-xgmh7w82mp61c9ZGYEi5A,7.55420945119811e-05,6871,,,,,,,False,0.0
0JmFfcBbIux_vauRNWzD9Q,7.553129742696643e-05,6872,,,,,,,False,0.0
pTRRpEu3Nz2xTExQljL7TA,7.552292137601333e-05,6873,,,,,,,False,0.0
2WqDjTxf9IoeVU52XnLZaw,7.550495874577963e-05,6874,,,,,,,False,0.0
BBLDTyPzIpbes8JTO9lRHw,7.550042912617922e-05,6875,,,,,,,False,0.0
rS2z1SZHNFHIU0_KWcUgsw,7.549382330590134e-05,6876,,,,,,,False,0.0
bFEqY3r6D049AudUmBAoOw,7.549322436378777e-05,6877,,,,,,,False,0.0
I9Fwoe-BZ9NGqr8YHVg_pw,7.54628369978942e-05,6878,,,,,,,False,0.0
hr1XaVzp6htS41LjwKjIbQ,7.54627870071392e-05,6879,,,,,,,False,0.0
LPdiS6YE0AvFJ05O9TxtMw,7.54577594710829e-05,6880,,,,,,,False,0.0
UX-OIPvEx8ATtVMGjSEcvQ,7.544120955120228e-05,6881,,,,,,,False,0.0
ZTg2GBgQj1WwAO5ySsTAQw,7.542426202790467e-05,6882,,,,,,,False,0.0
HYBuQ2B82DDbXpbXrAIGHg,7.540607655914419e-05,6883,,,,,,,False,0.0
hpTU_2MMC9mtWQGq5Jr3ZQ,7.539996466438529e-05,6884,,,,,,,False,0.0
P_-Vz6G55EQenifFwmiing,7.539811432377936e-05,6885,,,,,,,False,0.0
I4TFiNX5gTsJBnEGH2Tl8Q,7.536567243211058e-05,6886,,,,,,,False,0.0
aFWCSA7GGlpoqOkuxGfB4A,7.531683790351572e-05,6887,,,,,,,False,0.0
0-XYsSxJhu8ayKx1f3v_tA,7.531137885577634e-05,6888,,,,,,,False,0.0
vQMAQ5msSBgsCrECS6QhqA,7.530781289998859e-05,6889,0.2,0.0,1.0,0.6931,0.2,0.03882989051478855,True,0.0
Vvq9QucD0IokLBlkbttd3Q,7.53077256424277e-05,6890,,,,,,,False,0.0
4PY2rKHXo7DsRdHvJNwAvA,7.530770658812261e-05,6891,,,,,,,False,0.0
MeA_7cfxh9c7wczQHYQKeQ,7.53044716863732e-05,6892,,,,,,,False,0.0
iMTjejk6apJKzCukZnDw5A,7.529353598344008e-05,6893,,,,,,,False,0.0
fikP9Y0YSVhl8aJiW9xx2g,7.528778206056672e-05,6894,,,,,,,False,0.0
C_csOMzSkq3Ufau_rKmTmg,7.5286333669888e-05,6895,,,,,,,False,0.0
zRS07E7aUBLePn0La-WcfQ,7.528311259670619e-05,6896,,,,,,,False,0.0
w4nHq_elJwPpI4iZ6ro3JQ,7.528021562968164e-05,6897,,,,,,,False,0.0
vTBKqG5hmIta0NqtpbGg6Q,7.52768537901688e-05,6898,,,,,,,False,0.0
rLIcgitJX35DqjnRIfhKDQ,7.527159853591559e-05,6899,,,,,,,False,0.0
wDE1AfRVCKUL11hKehQEfQ,7.526284419751473e-05,6900,,,,,,,False,0.0
DsDXhnFF5a848sgwC1_07A,7.52621683329346e-05,6901,,,,,,,False,0.0
rtvDfe1YXglHBBFG6aQx8Q,7.526165139344768e-05,6902,,,,,,,False,0.0
Xob5FlJ_HINMHAzmnfcu-Q,7.525487651890956e-05,6903,,,,,,,False,0.0
KD20H4BiOqSaw-0n5LsV1A,7.525208303167557e-05,6904,,,,,,,False,0.0
at4PB3mejHy6cX_xNLhMYQ,7.524331438025158e-05,6905,,,,,,,False,0.0
34Eqv8jXgxg_EEwcsNgeeg,7.524260944380888e-05,6906,,,,,,,False,0.0
bjw8swV8_e4rVGo-b87Vhg,7.523935659977417e-05,6907,,,,,,,False,0.0
4iHAZo9zk1gc-xBzuLEDig,7.523486298545757e-05,6908,,,,,,,False,0.0
k33P6dhrR_B7ClHa7sBC6A,7.523383384107338e-05,6909,,,,,,,False,0.0
de5kSvAoNNGpRL3dHRPqXA,7.520448875280471e-05,6910,,,,,,,False,0.0
H-9b7h3NAYamWPH75c5_oQ,7.519844101414998e-05,6911,,,,,,,False,0.0
gVzi6ytZ4Is8II27Irs26w,7.51770625567349e-05,6912,,,,,,,False,0.0
54q7tvEh92SREvpgSSBSnw,7.517687655883023e-05,6913,,,,,,,False,0.0
v_QABT3I_rG8swgkiEu3Jw,7.515153956143045e-05,6914,,,,,,,False,0.0
udsU77Rh2wAN7tEOmIUY7w,7.514827898352231e-05,6915,,,,,,,False,0.0
Fag3PLbNg3H7eSjzxiODnQ,7.511178511432448e-05,6916,,,,,,,False,0.0
shIAkjO9IFa4yTM5EENPTQ,7.510602645828539e-05,6917,,,,,,,False,0.0
CyKEqW5UjhPB2pMEPrUsYg,7.5084163567664e-05,6918,,,,,,,False,0.0
GwZIp1hPsahqjlfLhn-NLw,7.506466839615435e-05,6919,,,,,,,False,0.0
7TzBf-cZT2qXbfCt1yU8Rw,7.50127739614515e-05,6920,,,,,,,False,0.0
q6qZzQbIDnl54kH-4BIA6Q,7.49943174337731e-05,6921,,,,,,,False,0.0
UjK19Qr4ldenZ-WXkx7d5Q,7.498855025077724e-05,6922,,,,,,,False,0.0
6VQ1UhrwqRPkO1Bt4bbxlg,7.497952048331538e-05,6923,,,,,,,False,0.0
KwJY9y6ss29PCkL52kRxzg,7.497455984729036e-05,6924,0.88,2.8134,1.0,0.6931,0.2933,0.13444495763903075,True,0.0
Xl10ezJvJOzOdkr9Oelo2w,7.495701174228069e-05,6925,,,,,,,False,0.0
b01W9cJtcB0dtXqnNtsstA,7.494981082920504e-05,6926,,,,,,,False,0.0
rZm_ttIRjTaQyVmD-Rk55A,7.49450887508972e-05,6927,,,,,,,False,0.0
CHQDrpMa9AdL0M0vbZrOaQ,7.49435694126945e-05,6928,,,,,,,False,0.0
MTB9CelShC-x4jj31BJYAg,7.494118191316598e-05,6929,,,,,,,False,0.0
wi4F4NUvxn7UWHvQ1Iiz7w,7.49272269040752e-05,6930,,,,,,,False,0.0
JV99g4Lth5iSt0HukavSiA,7.492242408657902e-05,6931,,,,,,,False,0.0
aP_1cPI9DflkfaTSSxakAg,7.491893510269325e-05,6932,,,,,,,False,0.0
0F9zfns0Tk5q3XE6zTv19w,7.491817150175495e-05,6933,,,,,,,False,0.0
FG7_-7LtVdOecAqThoFOOA,7.489297563756898e-05,6934,6.0726,14.2187,3.0,1.3863,0.2364,0.4166272312564256,True,0.0
VId1X5tUXs6ifRUP94VwRA,7.488384269728494e-05,6935,,,,,,,False,0.0
wgaSFjDljjQ5kKaP4evgrA,7.487761158271345e-05,6936,,,,,,,False,0.0
BYtYJs4ovdPnM434zA9Z_A,7.48759816697781e-05,6937,,,,,,,False,0.0
GZDUQ9P8oNRa8E3hJWXgmw,7.487060753757646e-05,6938,,,,,,,False,0.0
HN1sAd6vqKgPfQqnCxa6fA,7.486845593549597e-05,6939,,,,,,,False,0.0
HLrDflJTscXg3OuuU0SYkg,7.48599763432615e-05,6940,,,,,,,False,0.0
AaWmckcT3O1iQSAIUmzwUA,7.48512533525224e-05,6941,,,,,,,False,0.0
XfSRXmUwaCRzxFl9cuVNiA,7.484086316331952e-05,6942,,,,,,,False,0.0
GH1csLX8t8VXHhjQE5KpIw,7.483964125531459e-05,6943,,,,,,,False,0.0
2oHyI8snh5WtEh83gSczlg,7.483623344606158e-05,6944,,,,,,,False,0.0
2AqEWqRbKhcY-30b9geCRQ,7.48331599386028e-05,6945,,,,,,,False,0.0
5YBvmgi0kFkyCTXj0AEFdQ,7.481944485941529e-05,6946,,,,,,,False,0.0
o5Uee_gmS-y9R582PAkX6w,7.481125393616804e-05,6947,,,,,,,False,0.0
QfHcqJgrvBfgnyd9DlsZIw,7.47709706690378e-05,6948,0.2211,0.151,1.0,0.6931,0.2211,0.04254215460471666,True,0.0
L8_JnkQUdlUEc3QPs7H98g,7.476918256084925e-05,6949,,,,,,,False,0.0
aqcTydf-DwI8GBBB2f2_SQ,7.475384221104203e-05,6950,,,,,,,False,0.0
hv9qzqMK9UojjMgc0W6nRg,7.474160042834095e-05,6951,,,,,,,False,0.0
SL1CvdV8mqc8xqTJAR4kNw,7.472728900580791e-05,6952,,,,,,,False,0.0
hr40aIHgfEGTuzhMxne3AA,7.470675613433918e-05,6953,,,,,,,False,0.0
g-IXI3v3fOudMsyLPKb-eQ,7.47004605802168e-05,6954,,,,,,,False,0.0
XiDhSghC-9Hz19hBlLpbyg,7.469943317468343e-05,6955,,,,,,,False,0.0
3OzjmMmkVydF75t8VeY73A,7.46975834459783e-05,6956,,,,,,,False,0.0
joCDK7kg-03uo4rZK5X0_A,7.469464102970169e-05,6957,,,,,,,False,0.0
sPMAnWj-uipCJwFPc1ROTQ,7.468030293957835e-05,6958,,,,,,,False,0.0
cVxy5TZv6dAm0KhkpktFcQ,7.467506695053218e-05,6959,,,,,,,False,0.0
4EffIBpRHXJP0mNZeRAYvA,7.466173504014165e-05,6960,,,,,,,False,0.0
WrV6iYQyaaOsfwk6fiDDXQ,7.46613608999956e-05,6961,,,,,,,False,0.0
AUOZWpLFX3o4uyqkcyt07Q,7.464987383797099e-05,6962,,,,,,,False,0.0
Gn04KrDDpvk97Z8MdTgqGg,7.464899754939726e-05,6963,,,,,,,False,0.0
AGxZAzfxI-QXPLaHVd9flQ,7.46460778770483e-05,6964,,,,,,,False,0.0
mTEbLavIWB1gNKX-cjqATw,7.464424065875548e-05,6965,,,,,,,False,0.0
FlDkxuO6MGrW7x1OJTtJew,7.463167011751977e-05,6966,,,,,,,False,0.0
4ajMQOHEfdHma8deYOXr1A,7.462398352113314e-05,6967,,,,,,,False,0.0
9veZaK_zyKQw0QgOdQDxGA,7.462223704205542e-05,6968,,,,,,,False,0.0
1lb42lEHaZMhy_1gLQNXoQ,7.461007786189149e-05,6969,,,,,,,False,0.0
Cs0adaMTxJWTDSzuQ3vheg,7.460995623567735e-05,6970,,,,,,,False,0.0
3w1bNySoemRzRVvh4k0spQ,7.460500681275546e-05,6971,,,,,,,False,0.0
osomcHxvrAGlXoDvlb9G_g,7.459837684874528e-05,6972,,,,,,,False,0.0
WUQYNCFuNMkybusRz2RYfw,7.459682805409705e-05,6973,,,,,,,False,0.0
bLVeimoq9gWtW4HBzGblmg,7.457670300077054e-05,6974,,,,,,,False,0.0
t-XRW66FDaRQqlt7FPCSTg,7.457177182289616e-05,6975,,,,,,,False,0.0
PWWGbkPC_agn-4s1Hv1W5A,7.457133416142629e-05,6976,0.3,3.5036,1.0,0.6931,0.3,0.0558769672846689,True,0.0
6XFAHeS-BTzxpBMg2wRbtg,7.456707283099362e-05,6977,,,,,,,False,0.0
2JKbWGJeE3LdwHJZSeAGEg,7.454202182372426e-05,6978,0.509,1.6699,1.0,0.6931,0.2545,0.0876278659783112,True,0.0
GMc8-oh5IAWYi4j-Ac-ppA,7.452293855871076e-05,6979,,,,,,,False,0.0
rShPcpEDUniXVAcC62FrVA,7.449756196546811e-05,6980,,,,,,,False,0.0
C2fsU9M6qqmo1rPShY4Oxg,7.449455856366773e-05,6981,,,,,,,False,0.0
5zpFnlaQd90ZNMrvPSzh_g,7.449143901173392e-05,6982,,,,,,,False,0.0
ciQrHorElL1_ekMewnsDXg,7.449119411828015e-05,6983,,,,,,,False,0.0
x-64ogehwhEXOfo_NEE5mw,7.448523534292426e-05,6984,,,,,,,False,0.0
T8I4aeFWzcha5Y5C57WsdA,7.44838496335019e-05,6985,,,,,,,False,0.0
SjOD3i2vTmPhS4Ez4dUtpw,7.447619146887237e-05,6986,,,,,,,False,0.0
4yjg0NlNYjTwmrhIb5TqSg,7.444943272893804e-05,6987,,,,,,,False,0.0
BO4SGeOWoFhnypKv9xvL6w,7.443398661657519e-05,6988,,,,,,,False,0.0
W2gSKulDUBGTfcSDk8kNvg,7.441159064641359e-05,6989,,,,,,,False,0.0
J1YFY4tPH3JmwfM4o0p_Ig,7.43971537814906e-05,6990,,,,,,,False,0.0
2PX8MOkN6cPG7-gte7IpIQ,7.439400342352079e-05,6991,,,,,,,False,0.0
kka9G6czM7e7QdXFQbRo9A,7.437846998562785e-05,6992,,,,,,,False,0.0
36rXK3hy6OR0k-tMBf1Ltw,7.437678563553525e-05,6993,,,,,,,False,0.0
nEvSHcdH7IE0zVdqcxlc-A,7.437402046316848e-05,6994,,,,,,,False,0.0
sGMdX8Nfc5OttDsxX1QxQw,7.435498599283638e-05,6995,,,,,,,False,0.0
l3WjRJA2nDkCttUmtkqYmA,7.434479937437896e-05,6996,,,,,,,False,0.0
RV4PKQxkJjF7VrUfuZgwLA,7.432686018665062e-05,6997,,,,,,,False,0.0
vJpRfwM1MT3gWjKBZf_9sw,7.43203228797095e-05,6998,,,,,,,False,0.0
tz__wL5D6vb6g3f7Xda84w,7.431882667957308e-05,6999,,,,,,,False,0.0
ZLR0o9tuGaUAdrhJE2z69w,7.431275799850071e-05,7000,,,,,,,False,0.0
FGYU6bw-oVJ_rDJyyjfWeQ,7.430630631302651e-05,7001,,,,,,,False,0.0
_jYVUusH2qVM5TxxkiWgsg,7.429612164784473e-05,7002,,,,,,,False,0.0
WVNkMz4sEl35swjVtKHOFw,7.424263572700852e-05,7003,,,,,,,False,0.0
NCjb4Lo7VELIV3YcPzKV7A,7.42242415745208e-05,7004,,,,,,,False,0.0
W06avokGtnvK_awj36OSKQ,7.419155707747202e-05,7005,,,,,,,False,0.0
c3j1irGxpIJ-8RmMBnyXxg,7.417980252342054e-05,7006,,,,,,,False,0.0
jZ1Gmk5k42e19WO0mry5wQ,7.417743477501253e-05,7007,,,,,,,False,0.0
a9K3jxNUUe6jr1uh8FsakQ,7.415790404078223e-05,7008,,,,,,,False,0.0
3PCyMo-Bj8OJDUvIlx5jng,7.413087701392154e-05,7009,,,,,,,False,0.0
Bl8DF47-weywnngmNbTvzw,7.411667423651233e-05,7010,,,,,,,False,0.0
Fe8nhiPBaCYZtav9VQ5qEw,7.4114033289931e-05,7011,,,,,,,False,0.0
6B9wFMzNngXqa1ZZO2JWGg,7.410863110351724e-05,7012,,,,,,,False,0.0
OPhWuFj83RDS9O1qU21X8Q,7.410500365720533e-05,7013,,,,,,,False,0.0
1eLL2eTmHwbrC6w1VzMjGw,7.410140168940087e-05,7014,,,,,,,False,0.0
OJ9DJLWvQV0h-ZU07QEKag,7.40805797196063e-05,7015,,,,,,,False,0.0
sWpXlvhu-4luyc85kL0Ncw,7.406844564948454e-05,7016,,,,,,,False,0.0
QfO-suqu9rYaX0Bh2iJ4mA,7.405946573624527e-05,7017,,,,,,,False,0.0
ws0mjFrkanX_sXoUVRh8Uw,7.405291911363881e-05,7018,,,,,,,False,0.0
YwglietQ41y_GVlnO9eBPA,7.404221674296427e-05,7019,,,,,,,False,0.0
pl3uFIN3os6ZAkrhXh_mIA,7.40417709104907e-05,7020,,,,,,,False,0.0
X4WPH7J7ezt5rJJJtwRs1Q,7.403742189787785e-05,7021,0.2203,0.4973,1.0,0.6931,0.2203,0.0424025791011285,True,0.0
1-mGtpou2HFwVhUmwUmS5w,7.403029299996969e-05,7022,,,,,,,False,0.0
scoHdh0XDA_W7xAZW3zAKQ,7.402972023370389e-05,7023,,,,,,,False,0.0
PC0z5dgURsstoS0-APO4qA,7.402057023219767e-05,7024,,,,,,,False,0.0
8w0G2Yc95nOBLxNCayjq1g,7.401065017458625e-05,7025,,,,,,,False,0.0
ZJsjHHgmtxojH2wJWtpvYQ,7.40089616039418e-05,7026,,,,,,,False,0.0
CGWi0CL99ilYaUFAtND9IQ,7.399470472040804e-05,7027,,,,,,,False,0.0
RjKTDimEapGJGtxIMnIwbQ,7.394741367556916e-05,7028,,,,,,,False,0.0
4SXaGSvFfz870jntat6ueQ,7.39445589439325e-05,7029,,,,,,,False,0.0
mG-JcnRZCAYfznkxhiClkA,7.394271543597274e-05,7030,,,,,,,False,0.0
uSw3X8i2qisTUmuoHbXsIA,7.393429193832856e-05,7031,,,,,,,False,0.0
-k1iNvlyQZkZ14Hcqzlk4Q,7.391023795271312e-05,7032,,,,,,,False,0.0
XloKzzmRFP1S4mGnOmqXKQ,7.390845039748153e-05,7033,,,,,,,False,0.0
mIwPIJqIqAaDVZHJTtodbA,7.389802471547313e-05,7034,,,,,,,False,0.0
ph54YN8EgbbDjJzW8agf2w,7.389110502444082e-05,7035,,,,,,,False,0.0
NxCSxeL-OG2WHYtaB8lKUQ,7.388775772250774e-05,7036,,,,,,,False,0.0
CFqHpJScxhi1jxkiHpzx0g,7.3885105792213e-05,7037,,,,,,,False,0.0
ZRW9dxsm9Peh2zRHNvv29g,7.388468263718257e-05,7038,,,,,,,False,0.0
bZ5aVoArjoE6F2Pq3yf0fg,7.386766565632837e-05,7039,,,,,,,False,0.0
22JMnG7XzPRJC0aj-ipHtg,7.385916315248775e-05,7040,,,,,,,False,0.0
NS39nXJ6OFgZQVzzgBaHfQ,7.385817173780682e-05,7041,,,,,,,False,0.0
gG8opRMkztK0GKiSWbfVlw,7.385239670804473e-05,7042,,,,,,,False,0.0
d2Woy2Ocuj2P2FEB6_GeYg,7.385040191222276e-05,7043,8.8315,6.7197,2.0,1.0986,0.2198,0.48677331365749277,True,0.0
o1I-pKoa6WUNpMViWaA9Fw,7.383888629080203e-05,7044,,,,,,,False,0.0
tOfaMOiMrXSmTDuPjLOCuw,7.383847910699475e-05,7045,,,,,,,False,0.0
seH9xqqQEqL5Gw_psdXSig,7.383720458205924e-05,7046,,,,,,,False,0.0
yc76PdPdke67hWc8OAyQCA,7.381725801418897e-05,7047,,,,,,,False,0.0
QlcQ6cBSKfK_upcBhAt8Yg,7.380101643452225e-05,7048,,,,,,,False,0.0
qTtI4lWQo2Y9At3CrlXtDg,7.37943133098059e-05,7049,,,,,,,False,0.0
MyFC2F-5SXwXTLR99UWiqA,7.37813571209799e-05,7050,,,,,,,False,0.0
Og32VlJ-InIa6y_O9cgR8Q,7.377399478925753e-05,7051,,,,,,,False,0.0
K00KiknORCOQdIhMisBjbA,7.375922480159811e-05,7052,,,,,,,False,0.0
2owewxu5r6mLfKv6BBV3Aw,7.375664458528303e-05,7053,,,,,,,False,0.0
H6ssEvfwH0LBwljZe51Y_A,7.374026961530893e-05,7054,,,,,,,False,0.0
SRi09Oz23ob1LGDudhUoQQ,7.372323099799435e-05,7055,,,,,,,False,0.0
cAXgBoj8mkcHEEg_FtmI4A,7.371996992681613e-05,7056,,,,,,,False,0.0
ymvSAcuCX9iIF8gKamfc3A,7.371966385530138e-05,7057,,,,,,,False,0.0
hrQxyTItUixWTwaBdv18pQ,7.371561110265468e-05,7058,,,,,,,False,0.0
etU4of3VovLEW3MVDi_5sA,7.370675527465003e-05,7059,,,,,,,False,0.0
cEnlLDbwRJjeIGXGQZN9NQ,7.369600035909717e-05,7060,,,,,,,False,0.0
lfsVFWNsb_fbeYQenBf-4Q,7.368985588807647e-05,7061,,,,,,,False,0.0
eQG5bKz5S4F0jG8mMw7ohQ,7.367529628867346e-05,7062,,,,,,,False,0.0
pHJW935sD41OiCgQ2MAOBw,7.366903091575905e-05,7063,,,,,,,False,0.0
tUAG5hK3O3M52isPh98DMw,7.365056379674918e-05,7064,,,,,,,False,0.0
Z6QKpencBJcmjJ19ZIYMcg,7.36455508266318e-05,7065,,,,,,,False,0.0
JrRs7f-6LVTDOwtYjZR6zg,7.364397516494532e-05,7066,,,,,,,False,0.0
dtg4q0ZfJZXjRpaPJa9BvA,7.364379898151214e-05,7067,,,,,,,False,0.0
Bx99-hT49G87I9S1V_6ikQ,7.36000908859017e-05,7068,,,,,,,False,0.0
8JEVqaKFy6BNsNIhCnnAmA,7.35919019849301e-05,7069,,,,,,,False,0.0
dVckWYwsJ8Fr0VcCMUVHyQ,7.357993101908059e-05,7070,,,,,,,False,0.0
XjSfrrBDZaimpp4lWGI5Qg,7.357889633462946e-05,7071,,,,,,,False,0.0
VfhexEmkG8sNgRf4tviAJA,7.357755631799626e-05,7072,,,,,,,False,0.0
2gWAivEMugrIdrl0aol8IQ,7.356972615019591e-05,7073,,,,,,,False,0.0
-ka45SR1nuoxUU4eTamE_w,7.35146625446232e-05,7074,,,,,,,False,0.0
PzreyErPlb73Zgt1oSZdcA,7.350499913539437e-05,7075,,,,,,,False,0.0
_DGULHeb-Pk40QAywiG62w,7.350271856174876e-05,7076,,,,,,,False,0.0
iOOL2MWsuYoMgwqPTmq4aA,7.347731835945145e-05,7077,,,,,,,False,0.0
g9Kjz2jJ20WGdhfqZeIgCQ,7.344549673187885e-05,7078,,,,,,,False,0.0
PPjb-hFfmyE9uVj-zm5L8w,7.344168226538192e-05,7079,,,,,,,False,0.0
j8NpaEvv4AaweMybeADmGQ,7.341792165071963e-05,7080,,,,,,,False,0.0
km-biOKD173NkcpWk_Wdng,7.341501766459823e-05,7081,,,,,,,False,0.0
KgWwa6g40OK1lgXAktYo3w,7.340231752336799e-05,7082,,,,,,,False,0.0
mEy4xGKfOqMa3q4nWSM0jA,7.339423211440103e-05,7083,,,,,,,False,0.0
mncyhXfad7xfLokrf1jm0w,7.338222451577093e-05,7084,,,,,,,False,0.0
33CbYOIye2dtQrfiVGjaRg,7.336115677230291e-05,7085,,,,,,,False,0.0
pCjWFP6aC0hE9QugVCTpiw,7.335214308215393e-05,7086,,,,,,,False,0.0
iwYEJXSabFsVK2Au4fdWLA,7.335034016089375e-05,7087,,,,,,,False,0.0
pd1XNEPorncrBED2e8CgHQ,7.334972615579965e-05,7088,,,,,,,False,0.0
SO0dcsQP6I83i4QIZg0Y7A,7.3343329937398e-05,7089,,,,,,,False,0.0
UXiqbA_hU-NUd8k7OeWEFA,7.332895941709349e-05,7090,,,,,,,False,0.0
c7M2aw0m_vhRuA-tqqmi0g,7.331737279076778e-05,7091,,,,,,,False,0.0
GWr6EEZMlXMGlJ9VoKbe0g,7.331526590345892e-05,7092,,,,,,,False,0.0
g2N8NipQpKIR4h88m2PJXw,7.331139306577098e-05,7093,,,,,,,False,0.0
BIOU7gSGgNJQSd72_qe6Tw,7.33060651187872e-05,7094,,,,,,,False,0.0
j70u7spYb4E1X5DwuCf99Q,7.321679778905773e-05,7095,,,,,,,False,0.0
jbwJ6wuKBuSZ9-GGPNPVRA,7.320388188639701e-05,7096,,,,,,,False,0.0
RYYMQiesuGflwx1IsAM8gg,7.319563958010353e-05,7097,,,,,,,False,0.0
PaB1RhsPKZBblFCCP0ZF8Q,7.317350791046053e-05,7098,7.0,1.86,4.0,1.6094,0.2,0.44286857141408764,True,0.0
O8BC6z_CCz5mAagYZT9aAw,7.3173113227589e-05,7099,,,,,,,False,0.0
mFXzS0ogBF8fc_mMMGSLDA,7.316991575087336e-05,7100,,,,,,,False,0.0
6cfNCzL2A0XsmXnjeg0u7w,7.316244399872188e-05,7101,,,,,,,False,0.0
3JTyLA0by0oTDeg_j0HCMw,7.313899841260249e-05,7102,,,,,,,False,0.0
j-cfAX-YZJ9i0bfby2kw5g,7.313257378241934e-05,7103,,,,,,,False,0.0
LVAn0nRWGFaitwtRh1Q3oQ,7.313180400836131e-05,7104,,,,,,,False,0.0
DPDqL_--3SgiXQ4P8U4kdA,7.313174299212232e-05,7105,,,,,,,False,0.0
4rLSm1dMWreVLMv7oKml-A,7.312558054142112e-05,7106,,,,,,,False,0.0
z5QMBDD468EImgmr0pbilQ,7.312260510524061e-05,7107,,,,,,,False,0.0
XZtRYRXMkaR_Ra15ECrS1w,7.310861522166135e-05,7108,,,,,,,False,0.0
7Bq927oiZRlEVMqQSNR0Lg,7.30956193325306e-05,7109,,,,,,,False,0.0
Y6Z9Egp72LM9uwjsmNFwug,7.309286042557951e-05,7110,,,,,,,False,0.0
3hmjz4VDytVaPy7drmvnDw,7.308950190816572e-05,7111,,,,,,,False,0.0
Ell4MNXqG3r-hwp2EtNFlw,7.30810414634394e-05,7112,,,,,,,False,0.0
qbt1zCsv5aDQoGGjTfbV2A,7.308007501108544e-05,7113,,,,,,,False,0.0
rMXX7YgI45rBXAFYcrPKjw,7.307149128419359e-05,7114,,,,,,,False,0.0
VPs2Xxv8ue8NKfV-gDNebg,7.305857139364804e-05,7115,,,,,,,False,0.0
-dwqsjGDBnzzv2qQYyIC3g,7.304039923853102e-05,7116,,,,,,,False,0.0
0s8M7TmzxKfAibuBmm2uYw,7.303015895459211e-05,7117,,,,,,,False,0.0
dM70fyF9wqjsmVsJ4gHGyg,7.301100125870322e-05,7118,,,,,,,False,0.0
RlKxbcxLSUqjqL4tv4mOKg,7.299642080555322e-05,7119,,,,,,,False,0.0
SYHDOHRNAH-2xsw3XB5qbg,7.299384222785932e-05,7120,,,,,,,False,0.0
3Annr4f7u9KX2bavh2Y47g,7.299268321163383e-05,7121,,,,,,,False,0.0
ErW5P5HJy90GNzVNpR14HQ,7.29792564765472e-05,7122,,,,,,,False,0.0
9N3rRQEoCN2or2byuSVJvQ,7.294122110737097e-05,7123,,,,,,,False,0.0
IbiG8dVoWZhMBRYVgCCDdQ,7.293234088998262e-05,7124,,,,,,,False,0.0
vhGQBkw05SrbnMT99vshAw,7.293172909659915e-05,7125,,,,,,,False,0.0
qv2Jkwp2_Gao3pO0IPqzCg,7.292718350598096e-05,7126,,,,,,,False,0.0
f2A0fFtAuSnx9cSrazyzcQ,7.291437320914027e-05,7127,,,,,,,False,0.0
bXhp-p5IHO8cNyznY94-SQ,7.29066382417472e-05,7128,,,,,,,False,0.0
lu2UpRHLBZfvLG_caNEHKQ,7.289950453883834e-05,7129,,,,,,,False,0.0
Un-UDVOuv1co3TMmGaumxA,7.288354723129964e-05,7130,,,,,,,False,0.0
pFQSo_TvT8-RDTHc_-PhlQ,7.288263406206937e-05,7131,,,,,,,False,0.0
lI072WLVzEXV8Bh1rwmlhw,7.288035358339515e-05,7132,,,,,,,False,0.0
fwsPPYt0By1ivuXSXv3wlg,7.287920781732162e-05,7133,,,,,,,False,0.0
KrJcaM7Fh-NClOIXfB-s4g,7.28662112298593e-05,7134,,,,,,,False,0.0
Rq3Wjcg5ULV2yn-AwcmirA,7.284864113460787e-05,7135,,,,,,,False,0.0
DOfiulOub9hVPBCtiDl9Fw,7.283474168462425e-05,7136,,,,,,,False,0.0
XeBIWRfUAe4ofTGC2AgfJQ,7.281388353972114e-05,7137,,,,,,,False,0.0
gt2RX36MNRF1B9V8i8xuRg,7.280941193799939e-05,7138,,,,,,,False,0.0
QQHRhLed0B6aGqkQOSJr-Q,7.279752342351701e-05,7139,,,,,,,False,0.0
9ng2rcAA3Lb6m_t4IY0QcA,7.279743585726874e-05,7140,,,,,,,False,0.0
Yl2iZQZ4EB7N2vnZDYqoIA,7.276212825377366e-05,7141,,,,,,,False,0.0
bz9kF7xBaFk0qXwzmzUSPw,7.275590456300309e-05,7142,,,,,,,False,0.0
h71Bxbv009IEmwsMzdWZ5A,7.271104579371156e-05,7143,,,,,,,False,0.0
cl5NjtALgaX7E-WL2DtiYQ,7.268768077952214e-05,7144,,,,,,,False,0.0
02nUjwVmJGTgGyiIi-hklg,7.268519781446427e-05,7145,,,,,,,False,0.0
jZd462wsUBOIB60UEjUOsw,7.266950826493213e-05,7146,,,,,,,False,0.0
wS2y6L0kV7_FSDroT3HETw,7.264494659302089e-05,7147,,,,,,,False,0.0
ohIBOQgD3M5CohT4BGpJNQ,7.262974976294137e-05,7148,,,,,,,False,0.0
vKq53JMpZGATGhq-KqzOEg,7.261998753043608e-05,7149,,,,,,,False,0.0
riJXTWzl2sz2iJSBHL2MsA,7.26108643211798e-05,7150,,,,,,,False,0.0
DiUth6heibbImpMaOQbc1Q,7.260503170324554e-05,7151,,,,,,,False,0.0
HW1RPSCFfLyBe2pT7_E61A,7.259947483696299e-05,7152,,,,,,,False,0.0
eT_mk6n1sGovcZS_jT5-bw,7.259595906037753e-05,7153,,,,,,,False,0.0
tVfJPW14AeuAHDJeleWWdQ,7.259164687785916e-05,7154,,,,,,,False,0.0
sW6AmF-EUVRoOCtd5FJyCg,7.258532855808876e-05,7155,,,,,,,False,0.0
CPk6ozrDMy0ohC4-z0kGbA,7.258254982605345e-05,7156,,,,,,,False,0.0
vgYFLyWDsXsGbHTwfa2ONQ,7.257325690122012e-05,7157,,,,,,,False,0.0
tcDpEgmd14W4szC0DU3Pgg,7.255882053392586e-05,7158,,,,,,,False,0.0
AEmQSOm1OKR5GhxZtTOXeA,7.255587475756078e-05,7159,,,,,,,False,0.0
BGLwAUo3603af9_Wd06PBw,7.254554437761646e-05,7160,3.6677,8.7359,4.0,1.6094,0.2292,0.3281230723969424,True,0.0
a7RobRBScR0SVQVMKwkJmw,7.253128495054757e-05,7161,,,,,,,False,0.0
sEz9CXEHXANqXOIcJW6oeg,7.25065986232454e-05,7162,,,,,,,False,0.0
jxgJgogcyAHcHW6g4SO7ew,7.250303160609768e-05,7163,,,,,,,False,0.0
h5gcHaJUVf9W-ZOQ1fpg0A,7.248878092570462e-05,7164,,,,,,,False,0.0
Fr7An-N0iyNXOPDaoPEzHw,7.248676730592546e-05,7165,,,,,,,False,0.0
fqStx0SvwMFChX_HIdUeEQ,7.24799483131328e-05,7166,,,,,,,False,0.0
VjDJV7FrrgRnOauV86NTYw,7.246075195536578e-05,7167,,,,,,,False,0.0
MUQGkZQqPx5dpM6yhajkDQ,7.244525355684334e-05,7168,,,,,,,False,0.0
jvKtB1KW8ew7n6yP0xhq0w,7.24255165707243e-05,7169,,,,,,,False,0.0
UJ-YmZmkomhpJsPIinZWNw,7.242471390249994e-05,7170,,,,,,,False,0.0
Ts8RgdXdACrYBUR8md99-w,7.241720314350749e-05,7171,,,,,,,False,0.0
Up2hJViJJf61k9V3jFbvzg,7.241176733089114e-05,7172,,,,,,,False,0.0
m2QC6syUBosOCBNTwpci7A,7.240616674874267e-05,7173,,,,,,,False,0.0
uswNPK8UQ44QmopDal6Fxg,7.239599588738847e-05,7174,,,,,,,False,0.0
Y0izXh4Dv1_YU68tn43Xiw,7.238166100185787e-05,7175,,,,,,,False,0.0
LjmiLfuPMByqXVkjSeZoQA,7.236539271490706e-05,7176,,,,,,,False,0.0
7dLQkwWU2fRqTlvplg0iMw,7.234206747997263e-05,7177,,,,,,,False,0.0
nVUg4KZp8ZeHtkaVSO-1Lw,7.233338470712052e-05,7178,,,,,,,False,0.0
1TDkOZykS66a7pV6yeAAHQ,7.230956876783187e-05,7179,,,,,,,False,0.0
yuO-Qy1QQVumIhO0ijvl3w,7.228066739406078e-05,7180,,,,,,,False,0.0
J2U9qjn7klpeDBtua0bCow,7.227583823842908e-05,7181,,,,,,,False,0.0
1v65CU3ub7VdM6GexSixAw,7.22725859055765e-05,7182,,,,,,,False,0.0
UeYZgcORV2Veo_BZzdiaTg,7.2271821538601e-05,7183,,,,,,,False,0.0
mJVNXkfExLzzsXvbaY-ymw,7.225525080425775e-05,7184,,,,,,,False,0.0
Nej7tlfGF6WHblVTApFsQg,7.224496452181664e-05,7185,,,,,,,False,0.0
NOG-VrqO18rHyPwz0I_hHQ,7.222889639414297e-05,7186,,,,,,,False,0.0
bKIl8WELw2a09bdeJHU3UQ,7.222709703743768e-05,7187,,,,,,,False,0.0
ExsrjgDLRUtqDeTsUlCyQQ,7.222380559203093e-05,7188,0.24,0.0,1.0,0.6931,0.24,0.04581329528932625,True,0.0
u9ZlXHPo4qrjyYg27FsLFA,7.221986536430561e-05,7189,,,,,,,False,0.0
TKRB31Z2z-GfpfYB2vaRjw,7.221458397256423e-05,7190,,,,,,,False,0.0
Zhj3JqPcEmeiY6uBpIMmIA,7.221423988014923e-05,7191,,,,,,,False,0.0
S1JGVt_nIqTpCyjrzQZ9Uw,7.221140449599057e-05,7192,,,,,,,False,0.0
qUH2FppY7RL96F5tXzA0hQ,7.219828138731917e-05,7193,,,,,,,False,0.0
uKnoHpDQTQZiqsOldeMx7Q,7.21780592537296e-05,7194,,,,,,,False,0.0
YMxOjiZfWyN94L8XkZGPRQ,7.216521614953327e-05,7195,,,,,,,False,0.0
HlZK43tRoexaI3pOrJR5_Q,7.215579609246168e-05,7196,,,,,,,False,0.0
haIljRs6pruzNI_4fZrjJw,7.213912038446356e-05,7197,,,,,,,False,0.0
7BedZ4I6K8lNZca0WAb5JA,7.213106815926082e-05,7198,,,,,,,False,0.0
R-qbcd-Q8fkY5mrR6b6ivQ,7.21203143471566e-05,7199,,,,,,,False,0.0
bcG5ySKHYxP0NtqCewbcCQ,7.211906662740969e-05,7200,,,,,,,False,0.0
vKZC_4qYGyAHSXkalLVSVw,7.209274772323495e-05,7201,,,,,,,False,0.0
wJGuXhM6Tmx4gEp2IiTBHA,7.208249102104317e-05,7202,,,,,,,False,0.0
-8_ufROuDzIWxFAny4FasQ,7.208188788186206e-05,7203,,,,,,,False,0.0
wPSQ2EGGlpTpjC4fsICQsg,7.208036024194122e-05,7204,,,,,,,False,0.0
OgUrojj-vHiX51ra4A8uqg,7.20723710164512e-05,7205,,,,,,,False,0.0
1NdGpMaXMWA8FwJRL7LZnw,7.206853420705559e-05,7206,,,,,,,False,0.0
qAtqgUcGrwv6yHatMb2w0Q,7.206782363315499e-05,7207,,,,,,,False,0.0
Px-U9DtzGY3sU6YvAt428Q,7.20636811709463e-05,7208,,,,,,,False,0.0
yUcIuR557TA3GY_pGDj1-g,7.205295368908869e-05,7209,,,,,,,False,0.0
RgVcY0hWnkZkP76cqb5ZhQ,7.204737184261884e-05,7210,,,,,,,False,0.0
pGwrPSAlwMvEnOsFHqB72Q,7.204648606974036e-05,7211,,,,,,,False,0.0
wAUkOyvAoyE6F7zuQ3g_UA,7.20344968062537e-05,7212,,,,,,,False,0.0
yTTsiHs9q4I1Mg7_R-137w,7.202748377286657e-05,7213,,,,,,,False,0.0
OET9aa_ks6FmWaImk_CX1w,7.202648019103e-05,7214,,,,,,,False,0.0
bF30LqHuXYtR8ibaRbq2kw,7.201474248808401e-05,7215,,,,,,,False,0.0
-qEk9byAfXQvKNVK1tCitw,7.198451653390839e-05,7216,,,,,,,False,0.0
idz_rIXAJFuXHOQTBZ5IMA,7.196854558514547e-05,7217,,,,,,,False,0.0
2785LQ3MgpXMgQRakACT3g,7.19570699464062e-05,7218,0.2667,0.3582,1.0,0.6931,0.2667,0.050350448725666866,True,0.0
1QQTCX8HOdIiCkaGJzWFpg,7.193525993519795e-05,7219,,,,,,,False,0.0
InUGeIEPNX8WqE7BIHSvZA,7.192504131516928e-05,7220,,,,,,,False,0.0
CMiTXglTH36Z1Crwpf8nNQ,7.190806455985832e-05,7221,,,,,,,False,0.0
0FQKOh13Tkcfgbu6qeZtXA,7.190107721615685e-05,7222,,,,,,,False,0.0
FpnBK7Rj47VmHQ3zE5oYyA,7.189056017974595e-05,7223,,,,,,,False,0.0
TEv0kn08Hq2UZ3k74Ieh_Q,7.188821424043262e-05,7224,,,,,,,False,0.0
-cDE_lW8Om8w0YIUriXXMg,7.188607011050626e-05,7225,,,,,,,False,0.0
Fu3QcNVVIQOHWTvxkOHy3g,7.185814595109588e-05,7226,,,,,,,False,0.0
dwkI0-b5PM2-yn-v7j2Agg,7.185807029698276e-05,7227,,,,,,,False,0.0
wlOkr1iIQep-08o6r5bnjg,7.183514005213828e-05,7228,,,,,,,False,0.0
TdyHRkxn334JxtUSdGpIiw,7.182789047270445e-05,7229,,,,,,,False,0.0
64B7UIqpNy9zQu82oYJMgg,7.18250169049916e-05,7230,0.1846,0.5679,1.0,0.6931,0.1846,0.0360790249921773,True,0.0
TCYDFBbn6oW3sTO9Ub2hCA,7.182477076987536e-05,7231,,,,,,,False,0.0
i6MKEkH9mOyecsue9uTXfA,7.182083436591036e-05,7232,,,,,,,False,0.0
4h7LohcAIj--xLHiF6ydzA,7.181213588995148e-05,7233,2.1151,5.1593,2.0,1.0986,0.235,0.24199497241274134,True,0.0
Q9knOlfU9ppR1HhtK8r7qA,7.180286533245535e-05,7234,,,,,,,False,0.0
o7mN59QlAoL6dJctc014MQ,7.17922698941294e-05,7235,,,,,,,False,0.0
pvy9pj_kCKNBX5sdn-YlnA,7.178945842773491e-05,7236,,,,,,,False,0.0
GdEEibDpjjKVkEQzB6jiYg,7.178893425688804e-05,7237,,,,,,,False,0.0
b0zp6rgcv7ZcjToRoVhcmQ,7.178786445375251e-05,7238,,,,,,,False,0.0
gtMQHyA0QERHSEFtVAf2Jw,7.17752166335188e-05,7239,,,,,,,False,0.0
8cGyreYTlXU87DfS8g4P7Q,7.176230587323593e-05,7240,0.4632,0.0,1.0,0.6931,0.2316,0.0810636937485938,True,0.0
oDKGXVSQfegQt1QU9KLiJA,7.173506222064747e-05,7241,,,,,,,False,0.0
0ACFnKVLuLhAWU6NOic6JA,7.170963590317253e-05,7242,,,,,,,False,0.0
cpauYmd7cXS5g1KREWOxuA,7.170367883358521e-05,7243,,,,,,,False,0.0
CU0yiz9rIm6cBkdCGFwJiQ,7.1665619931408e-05,7244,,,,,,,False,0.0
fusQg9Pj0xUC8CzbO2IHrA,7.165290188396313e-05,7245,3.5216,16.279,5.0,1.7918,0.22,0.32135036170861336,True,0.0
GdLJIhP0BSI-wSACyUribg,7.165196802809701e-05,7246,3.9801,10.8751,5.0,1.7918,0.2224,0.34192032858417465,True,0.0
6ZiDuFIsSJxz7U1D98sQyQ,7.163738424686275e-05,7247,1.6583,1.5472,1.0,0.6931,0.2073,0.20822261982964133,True,0.0
B3OnO1GsVctDauJ6t2u5Wg,7.163350770076774e-05,7248,,,,,,,False,0.0
YLLWDhNYfP1ocOHC5KWBOQ,7.162288477912373e-05,7249,,,,,,,False,0.0
7UFRDoDdwC3_Pt77FzaJfg,7.161192048077647e-05,7250,,,,,,,False,0.0
fcJp711HfLAkPEgWi_GZ0Q,7.159671202970231e-05,7251,,,,,,,False,0.0
kl1vPc0N7t4NPRhOD1LLrA,7.157899564361115e-05,7252,,,,,,,False,0.0
iY-LCg0gysYOPvFRrF9Ybw,7.157042061611145e-05,7253,,,,,,,False,0.0
f8xDFhZTT2iB8dDZ5fFZmQ,7.156563444119897e-05,7254,,,,,,,False,0.0
IVyJwu55f0s42Cg6EWr08A,7.154937295572543e-05,7255,,,,,,,False,0.0
9xb4prqdGMyLb55r6nUTJQ,7.154590557174812e-05,7256,,,,,,,False,0.0
nzGPYlzhmvCxTfPKKRQurg,7.153785132324121e-05,7257,,,,,,,False,0.0
Ui9C_egCZ2_IfptxU4tAiQ,7.152865941851911e-05,7258,,,,,,,False,0.0
NUzUOzkNS1mTJavkVVcdVg,7.152258546005497e-05,7259,,,,,,,False,0.0
TpE22_ITBg1ubzNVHE2MHQ,7.152026994081127e-05,7260,,,,,,,False,0.0
Gu5NOPTGyacbzP8TE6cwug,7.151035765619383e-05,7261,,,,,,,False,0.0
PXt8karfX_lgc4UAOM1wuQ,7.150336906391148e-05,7262,,,,,,,False,0.0
2pWloZENgEOocyU6WtPsnw,7.14798559972942e-05,7263,,,,,,,False,0.0
GsrDb4Zy5VkpuKZlFPDOqQ,7.147603616234033e-05,7264,,,,,,,False,0.0
DRn_7q7gtYRfOzN5ximKSg,7.14680822812563e-05,7265,,,,,,,False,0.0
3Rn91lErljcpt0sY31bXQw,7.145022653129238e-05,7266,,,,,,,False,0.0
nacRf5nG7Cm5Dhfl7Ijlmw,7.144877514637314e-05,7267,,,,,,,False,0.0
EtWAtnK13mftCl3TgsWyJA,7.142995228786901e-05,7268,,,,,,,False,0.0
ftCK0qmDE3yj8TT0RQh5rA,7.141453001565058e-05,7269,,,,,,,False,0.0
_tTKZJ89dS404ZEVnHa-Cw,7.140247673676701e-05,7270,,,,,,,False,0.0
vBQNbW_aiKCteAp756VQgw,7.137340387252116e-05,7271,,,,,,,False,0.0
sZs1UrdLUMQ6khJGXSvObg,7.13636324329517e-05,7272,0.4,0.0,1.0,0.6931,0.2,0.0716600951583194,True,0.0
lqy_CaGif3Jw-nGWxggUFg,7.133835355078798e-05,7273,,,,,,,False,0.0
-CLHHZzNmv1DYqyNQmlNtA,7.133484619829075e-05,7274,,,,,,,False,0.0
bjj7HIgdC04IhctuMMIF1A,7.131245166511981e-05,7275,,,,,,,False,0.0
n4iXrGYnpfTeR2_y006xPw,7.129883799914526e-05,7276,,,,,,,False,0.0
0t1jvk8ZV3f3xqA0RmDVYw,7.12856021278622e-05,7277,,,,,,,False,0.0
RnYIZ1N5xRiA09DiEt947w,7.126265672889606e-05,7278,,,,,,,False,0.0
NfyMmdhkwSPjhFrckLbj-w,7.126110054762113e-05,7279,,,,,,,False,0.0
f-idTk9lhN_c9IqvvZ4fBA,7.123985503552363e-05,7280,,,,,,,False,0.0
VOEMn_VFIXdURXLPPms_TA,7.123867646831716e-05,7281,,,,,,,False,0.0
VM2Pt-FCmKGkds7TB4lKRA,7.123368917116243e-05,7282,,,,,,,False,0.0
-7Rx5jVeQmlVoAU_oXrzew,7.121966106684369e-05,7283,,,,,,,False,0.0
LR40dPwDG7bVoIPQM9M78g,7.121688009383936e-05,7284,,,,,,,False,0.0
JOiDhBBiSu79PdPnYx87Xw,7.121344537891505e-05,7285,,,,,,,False,0.0
XgPaGKEO34UhLtJcaByMxA,7.117784330623391e-05,7286,,,,,,,False,0.0
t-9qBSRxzU1yilfqVa61cQ,7.115492721600626e-05,7287,,,,,,,False,0.0
3ArvoGCDuPYIj-RIInT8Dw,7.114256014885981e-05,7288,,,,,,,False,0.0
-mc0GB26tKLQhxKpuR3xUw,7.113828041341987e-05,7289,,,,,,,False,0.0
Dp4xxrLd1EfB-AbQTDPohg,7.113360939990521e-05,7290,,,,,,,False,0.0
CrLhHE69dVJfVIuqFs3egA,7.112043179340711e-05,7291,,,,,,,False,0.0
iQKlDgXiM1B0pcKtxXsJHA,7.111087193112412e-05,7292,,,,,,,False,0.0
nOuYFVtC-I1-dPOToQqB7A,7.109546538576243e-05,7293,,,,,,,False,0.0
87eWKmI-nxN_76n1OKHcHQ,7.109229770373936e-05,7294,,,,,,,False,0.0
tmiGdoFefTVsfalYO7uMHw,7.106892168004369e-05,7295,,,,,,,False,0.0
oxISlLklo1F5nMiyqho6PA,7.106356862257677e-05,7296,,,,,,,False,0.0
ii4nKLMiivPFktWxo1lC5w,7.106340009285276e-05,7297,,,,,,,False,0.0
vloE7oh2OzOYGvZSt6aVFQ,7.102360364773893e-05,7298,,,,,,,False,0.0
mDsYJ6H79Eum9XsiqnvUgQ,7.102225895893122e-05,7299,,,,,,,False,0.0
TfcpJBiFNnDaochnmp4M2Q,7.098181592476111e-05,7300,0.58,0.297,2.0,1.0986,0.1933,0.09741994880691131,True,0.0
B5ySdB77BHYyWb_MT-5tEg,7.09777766898786e-05,7301,,,,,,,False,0.0
TOGQERO4hdon5DoVXHooEw,7.096974108942888e-05,7302,,,,,,,False,0.0
oZFddbA1tlw4CHrLvg4mwg,7.096458792403576e-05,7303,,,,,,,False,0.0
KsUimGJMBc7hNcNtZVrvRw,7.095590048287151e-05,7304,0.225,0.125,1.0,0.6931,0.225,0.04322127833888459,True,0.0
4Y84551O9LXWL8cBVWRWEQ,7.095016189689112e-05,7305,,,,,,,False,0.0
V8XvmeJxK8fMjNFsv3VUjg,7.093673003506631e-05,7306,,,,,,,False,0.0
DPih_TVOcKR-CyA6K13j9w,7.093364548236329e-05,7307,,,,,,,False,0.0
n4Q9OvVDD4I8OjAsMziZhg,7.091522520377881e-05,7308,,,,,,,False,0.0
6afesz8yZhjOgijkWl4jig,7.091487224051874e-05,7309,1.575,2.4934,1.0,0.6931,0.2625,0.20144208122730423,True,0.0
v5KBQIMZaa87gtK4BAq4Kg,7.090321615066945e-05,7310,,,,,,,False,0.0
iQa7kNO5jMkGeJCJzbCPGg,7.090236830834386e-05,7311,,,,,,,False,0.0
3uZDQ582PUBqawE9uRBtfA,7.087866147432922e-05,7312,,,,,,,False,0.0
MbzgGsMQpGyVrUJXi_Jw0Q,7.084410126523594e-05,7313,,,,,,,False,0.0
5QefK7gbedeBiqsYJW54Bw,7.084365063773092e-05,7314,,,,,,,False,0.0
xIDR-NE20QJfuBvpBmNb_w,7.082605823604492e-05,7315,,,,,,,False,0.0
Gp29XKuYZEUGol2kwIUvmQ,7.082595787418935e-05,7316,0.509,0.9662,1.0,0.6931,0.2545,0.0876278659783112,True,0.0
euEHHwDtpFxR5P0e0T8Gjg,7.079070342229847e-05,7317,,,,,,,False,0.0
gb7JjRJtzWDsIWpJihZhBQ,7.078259392881027e-05,7318,,,,,,,False,0.0
M5HQyQXVOuwT9lSMChKVdg,7.078143280858191e-05,7319,,,,,,,False,0.0
I6UsZWQFcQmDErlj9ym7Iw,7.076513973403411e-05,7320,,,,,,,False,0.0
uR--z40doqUJNP5WVsSKLQ,7.072931615945024e-05,7321,0.2,0.0964,1.0,0.6931,0.2,0.03882989051478855,True,0.0
k09pb0lnZfJ_TrcCH3VqrQ,7.072592256641311e-05,7322,,,,,,,False,0.0
JU6I33iIJw1UsYWXlaGLWA,7.072590214731826e-05,7323,,,,,,,False,0.0
RpxJ4-rYuqAI2an7WGELFQ,7.071144068628886e-05,7324,,,,,,,False,0.0
oo3Jpr_Nqw73fybrQjpcHg,7.071131516131645e-05,7325,,,,,,,False,0.0
RW9kgSc3ijbmnayAlVHzGA,7.069460552469e-05,7326,,,,,,,False,0.0
sTQZ6WHggp7pBnn7mW7y0w,7.069242392306238e-05,7327,,,,,,,False,0.0
dpsjOpUxxuPkG-9Dd7LLBQ,7.067625565642641e-05,7328,,,,,,,False,0.0
-xd2u9BsEOy-CVKopm4VWw,7.067605908385802e-05,7329,,,,,,,False,0.0
I4DJFpNU-SSZImUa7JnqGQ,7.066561444536337e-05,7330,,,,,,,False,0.0
wunF8CkjYkARgCbGwYRm3A,7.065261224973046e-05,7331,,,,,,,False,0.0
LTEpFgVru40dLvg1dsaD8g,7.06441264545771e-05,7332,,,,,,,False,0.0
OA3_7cJ1vMWvwdc-Yf83BA,7.06240189516496e-05,7333,,,,,,,False,0.0
PCIR3Z78l_nLXu_OnhTweA,7.060282712450077e-05,7334,,,,,,,False,0.0
cOoTIQ0RcudE1R5aRVZzdw,7.059321813640988e-05,7335,,,,,,,False,0.0
nePr9450kf-eEGYD-Qn21w,7.057595403896496e-05,7336,,,,,,,False,0.0
wNkfYzasTvhspDmiPNB4dg,7.056787289623753e-05,7337,,,,,,,False,0.0
nhxrObNImLPh94m40Q8HAQ,7.050896416917372e-05,7338,,,,,,,False,0.0
G4sLH98DHyejB5RcDljaFQ,7.050763260748401e-05,7339,2.8287,9.0818,6.0,1.9459,0.2107,0.285924013074039,True,0.0
iBuu7okC3YxfHO-osHa2eg,7.049237444670787e-05,7340,,,,,,,False,0.0
_Eu8C90eKnGj5LY3n4Z5Gg,7.048932641208826e-05,7341,,,,,,,False,0.0
Tq1qcFHbURcncnR03YiUPQ,7.046726868266055e-05,7342,,,,,,,False,0.0
YygPa1o7gZKkv-6VYDh_3w,7.045605376996854e-05,7343,,,,,,,False,0.0
upYJCCzwEw8ylTZ8RLcBJA,7.043438918098519e-05,7344,,,,,,,False,0.0
WhzPmavp93LcoFVZSELUSw,7.042229486721173e-05,7345,,,,,,,False,0.0
hgdh0gKSczCIjLikWtZpGg,7.041265661690292e-05,7346,,,,,,,False,0.0
TkJnYt23cuH8L3ZeQRtivg,7.04004535472598e-05,7347,,,,,,,False,0.0
iCZga7FcYiOjYiTrhcAAXw,7.039011348734586e-05,7348,,,,,,,False,0.0
dHV0igKxOKZgl-P-eQvqmQ,7.034172660836509e-05,7349,,,,,,,False,0.0
wDOWuUyB7DzYRaYZYI-YNA,7.033936413493323e-05,7350,,,,,,,False,0.0
dDU-0EW4Asx-RnM-vULFQw,7.032241702294674e-05,7351,,,,,,,False,0.0
TzgPHuqYMaU2hafYkJDRgQ,7.030301249670935e-05,7352,,,,,,,False,0.0
nOb7prgd7t8H0-AE1Zh2VQ,7.030167710284069e-05,7353,,,,,,,False,0.0
45D7B9CqiUTTPUFcqmLx5Q,7.027616866310761e-05,7354,,,,,,,False,0.0
Oiwll1QEUAKhnvex5HePfQ,7.026516165648947e-05,7355,,,,,,,False,0.0
5YKOs_VGFHgUv7DSMLaQeA,7.026284425277534e-05,7356,,,,,,,False,0.0
IHhg7wim1CZE7dTGCZ-lag,7.023233372421866e-05,7357,,,,,,,False,0.0
0-fNOKL8IQBVe97Xx593KA,7.023058042418855e-05,7358,,,,,,,False,0.0
rxuRBvc9vSkSEf35VsL4qQ,7.022212989756659e-05,7359,0.9314,0.6769,1.0,0.6931,0.2329,0.14018960085121066,True,0.0
YaMTfCPcyQeq3BVl2vd_Vw,7.017236549966827e-05,7360,,,,,,,False,0.0
t1bLT6fQTKNhJnIlccVPFQ,7.014033177357888e-05,7361,,,,,,,False,0.0
r7GGMXm2AmaJxMIgLeB1gw,7.013734133998022e-05,7362,,,,,,,False,0.0
Wpw-cUHTjQ65LV6e4bME5g,7.01294852037353e-05,7363,,,,,,,False,0.0
GoGss2SqsUPwP0xcI9IUuw,7.012539727287524e-05,7364,,,,,,,False,0.0
gnE7VBl6EDTiy02a4WP4ng,7.009299297460925e-05,7365,,,,,,,False,0.0
a42bnC6qseReimp6Ot09lA,7.008765299791462e-05,7366,,,,,,,False,0.0
QFr8Txh9fKQsEgapY63hBw,7.008232648128555e-05,7367,,,,,,,False,0.0
TiADrFs870HFMGWGXziySg,7.00769779844959e-05,7368,,,,,,,False,0.0
nri-2NUmwBZU17pC_SQlXw,7.006944113381655e-05,7369,,,,,,,False,0.0
kdJMzQCyG9X07lEgTWWveQ,7.005294000013795e-05,7370,,,,,,,False,0.0
p0mxscqr7BgMR-I4pGM3Kg,6.999754074051499e-05,7371,,,,,,,False,0.0
6Z2ymUlANwtvn7dWLGUE2w,6.996360268223289e-05,7372,,,,,,,False,0.0
Bv-v7B3Bva_t-sYpNIhzrQ,6.99276163481716e-05,7373,,,,,,,False,0.0
rZvy8V52zR2_2Jt-_WsvzA,6.991789272513107e-05,7374,,,,,,,False,0.0
QyFLim8hxJR0jsY0jvJCVQ,6.988533252275514e-05,7375,,,,,,,False,0.0
zzu6_r3DxBJuXcjnOYVdTw,6.987984660633652e-05,7376,,,,,,,False,0.0
t1qF12NdW8KvCqxqbvy-Hg,6.98786163898944e-05,7377,,,,,,,False,0.0
bpEiVcivZFHixcDGKXQQJA,6.986389480302614e-05,7378,,,,,,,False,0.0
RA90yF4DWcRIcDj8S5qkZg,6.984886172339612e-05,7379,,,,,,,False,0.0
iRLFBbtyP8dpOKSFi6wXfg,6.981468394021267e-05,7380,,,,,,,False,0.0
smoEsBXQ72n2gyyctrKaOQ,6.979342436105025e-05,7381,,,,,,,False,0.0
su7GpBsXIzEWtkOkNwk5Lg,6.978393783275734e-05,7382,,,,,,,False,0.0
AAotftoryNTP0mEY_8ApuA,6.978324745574306e-05,7383,,,,,,,False,0.0
ytSd4wezO1NqUDuJJwFzNQ,6.978193085319791e-05,7384,,,,,,,False,0.0
vt80VTnTbTloFODYKBFA9Q,6.976152580453355e-05,7385,,,,,,,False,0.0
PXWBDGzI4hvZzZzD7Fezpw,6.975561076584e-05,7386,,,,,,,False,0.0
DKUCYmrxjNHkaQowwKcOQw,6.97478729163243e-05,7387,,,,,,,False,0.0
Q6BQcgabriKd5wPxvzOIWg,6.974525926049136e-05,7388,,,,,,,False,0.0
pqiFIcObG_qW16x9cHcznQ,6.974252288799908e-05,7389,,,,,,,False,0.0
900VYF8eLWoFt2FlMQ_gyA,6.973774957663634e-05,7390,,,,,,,False,0.0
4pyR9gY74U0cRWZDB9C6Cw,6.970687653993994e-05,7391,,,,,,,False,0.0
gnGIQWAwL28OhKlSxbVfyw,6.969919623243784e-05,7392,,,,,,,False,0.0
HIZvLb3GhYykeCvaaW3kTw,6.969255703644351e-05,7393,,,,,,,False,0.0
QpsBZDw-fE5r5_M6Vto_qA,6.968484651889253e-05,7394,,,,,,,False,0.0
JrlYnMIFLq2NWLk9EbM4AA,6.966824407647219e-05,7395,,,,,,,False,0.0
bzvxt0sP9OMwwks1vLSzKw,6.966804484488446e-05,7396,,,,,,,False,0.0
cQDwJjslebJv5Co7gCm2Yw,6.965416201078456e-05,7397,,,,,,,False,0.0
z5c4GinIQ5COwvBCeF05hA,6.963186671190595e-05,7398,7.8556,6.9204,3.0,1.3863,0.2293,0.46450861464396254,True,0.0
HIlzfVDzOeMQgf_yuz_Vlw,6.961886923034631e-05,7399,,,,,,,False,0.0
R22wAKcMz5BsZSQBRcyLHQ,6.95690992712777e-05,7400,,,,,,,False,0.0
timmWUfeZ0ES0-mGnY5E2g,6.955573245692097e-05,7401,,,,,,,False,0.0
Lvxzjhsupfp4rd2oZbkh4g,6.954615856268307e-05,7402,,,,,,,False,0.0
o0jh0G07cEmL4EYusZe3JQ,6.95430181326055e-05,7403,,,,,,,False,0.0
xhmgQtl9gooBJybCuXBZPA,6.954252272930768e-05,7404,,,,,,,False,0.0
41LdicYBvhBYLmDdXhB21Q,6.953548041699947e-05,7405,,,,,,,False,0.0
qEBL7U0kW4lkptcd_4wWbg,6.953269709933081e-05,7406,,,,,,,False,0.0
e85sw6dE3jNu697Hb3BskQ,6.953006571786337e-05,7407,,,,,,,False,0.0
tSfeCQ9uasc5hlPu5gjGhA,6.952025845014164e-05,7408,,,,,,,False,0.0
qi9hrMHDUnpUsHZPAnhIrQ,6.951798160745316e-05,7409,,,,,,,False,0.0
E4hgF2y1DiDdijo7rcOrLA,6.949745914796172e-05,7410,,,,,,,False,0.0
Xj2Lym4T6NXYGfmZmZDFFw,6.948490321838409e-05,7411,,,,,,,False,0.0
VU9rKbmrj_Oh1VLvUI_yZg,6.947973722767546e-05,7412,,,,,,,False,0.0
f44uARFaTuIPmbMn2VlSXg,6.946464406301943e-05,7413,,,,,,,False,0.0
4zK5zmIqQxeDgetjoRmkrQ,6.945955385309286e-05,7414,,,,,,,False,0.0
fJQHj9Sq1R0a9FO08q8HWw,6.944273185235827e-05,7415,,,,,,,False,0.0
UdJmsKwBvkHADwr8imRxNQ,6.940555946870284e-05,7416,3.3726,43.3726,2.0,1.0986,0.1766,0.3142139786893709,True,0.0
Y9cp0wO7SeDn-kpT0Lt-LA,6.93917737320909e-05,7417,,,,,,,False,0.0
JqvkVi-aiTjdfdp4wP8XIA,6.938737779249937e-05,7418,,,,,,,False,0.0
1fZSiIItAjn8JiDm9HUYvw,6.937796992085259e-05,7419,,,,,,,False,0.0
JAMmjTFdUGBpV24K1riSjQ,6.937534272851891e-05,7420,,,,,,,False,0.0
nC2hMQoR57q_a5lHdAZOxw,6.936264387494867e-05,7421,,,,,,,False,0.0
bwlSGCjYLNwzXVD9CB_8EA,6.93552329361604e-05,7422,,,,,,,False,0.0
TrLVI1qVuoiQRgMObsFIrQ,6.935001225165396e-05,7423,,,,,,,False,0.0
Xu4-OKcr18K-z2PQ_sMgJg,6.933028511120575e-05,7424,,,,,,,False,0.0
xB3gyIdQ7sR0cjMi2NL7wg,6.931415422209486e-05,7425,,,,,,,False,0.0
S0DD7L0Cu-fzIkzHEmjzTg,6.929258377045648e-05,7426,,,,,,,False,0.0
VpqcLFGASg6mB1PK5KqcpQ,6.926547088358863e-05,7427,,,,,,,False,0.0
kK6rYQcyxW_FnuVh8oTT0g,6.925896683522033e-05,7428,,,,,,,False,0.0
fMjyjqrtqNWjHIMfH7vkgg,6.922964335945323e-05,7429,,,,,,,False,0.0
M86tXb_fj7jQEciKEE3cbg,6.922108635840291e-05,7430,,,,,,,False,0.0
bWFZ_VkmkY2oA4NlWXPVBg,6.921152595614722e-05,7431,,,,,,,False,0.0
hKfs-tsper4UuAOiG23z2A,6.920245117892001e-05,7432,,,,,,,False,0.0
owjryf1VM333UrGOnHzqDQ,6.918386207081644e-05,7433,,,,,,,False,0.0
yGGaBvdHbzPCZCzR7s_uog,6.914748011353673e-05,7434,,,,,,,False,0.0
j36UB_KZrjPx6AVPvVLJmg,6.911803122142699e-05,7435,,,,,,,False,0.0
nTBStZYJfHGdSZJbpaBiPA,6.911391668517694e-05,7436,,,,,,,False,0.0
5iWGiyNiiiRGvPah8mJJaw,6.909783009331831e-05,7437,,,,,,,False,0.0
rH0FgPdxWWhH4YFz4mempg,6.909499732171566e-05,7438,,,,,,,False,0.0
i1kwgtoCQN3t5curFYWRUg,6.908410505237635e-05,7439,,,,,,,False,0.0
KMfIryKytcLLRKZjW-bWZw,6.90798604348257e-05,7440,,,,,,,False,0.0
gQmEcvAAy-DplsK34e8ECQ,6.903228524937035e-05,7441,,,,,,,False,0.0
CCRmyL5ClU_ZfpjB1rfIQA,6.90199657839063e-05,7442,,,,,,,False,0.0
bSIrwzXUgh_7CmcLlzENCA,6.901808824453948e-05,7443,,,,,,,False,0.0
562EHk55n8A_Uo1katVcpw,6.898863637787773e-05,7444,,,,,,,False,0.0
OJEiB_a2I_gxC-ZeayI94A,6.896408977746918e-05,7445,,,,,,,False,0.0
SvyQvFlUb3R-8KhEIFPRxQ,6.894358658101608e-05,7446,,,,,,,False,0.0
koeubKPpi6ax4FDh7_zcWg,6.894094723469833e-05,7447,,,,,,,False,0.0
AedSMCrVUMZkHgoOSTU4vw,6.891528605450407e-05,7448,,,,,,,False,0.0
7UCEKJGWBqeJ-L-DHw8Y8w,6.890914025798696e-05,7449,,,,,,,False,0.0
Eg9InViFO0EYOP40Im8Hpw,6.887886686904337e-05,7450,,,,,,,False,0.0
JsRBXqGj0qeMv77sNXha2Q,6.887420038918756e-05,7451,,,,,,,False,0.0
jvYHP3wLOSYk1S71XLT6WA,6.887163032707047e-05,7452,,,,,,,False,0.0
xvzsFqLC__nyri2ch3Pgmg,6.886157511833821e-05,7453,,,,,,,False,0.0
eYF-P4Dp7zHH1o2cEV39Ug,6.882707934444162e-05,7454,,,,,,,False,0.0
3xHyD9FBsQjHXgwI31czXw,6.881385761967887e-05,7455,,,,,,,False,0.0
8uxr2vjNzNzBkFVVxCHEJw,6.880848007288e-05,7456,,,,,,,False,0.0
6LmJ1077AVxEMn4Ce5ZSHg,6.879038046881801e-05,7457,,,,,,,False,0.0
NLaldZMObLqNSoEe7QzVCQ,6.877855931328758e-05,7458,,,,,,,False,0.0
OJQ-LAvYrCmGlmN3d99fMg,6.876804709589765e-05,7459,,,,,,,False,0.0
_XlYymFKwww0bGIgwvNbcA,6.87618443006223e-05,7460,,,,,,,False,0.0
vJShIp6EhBANULgQhkd1Kw,6.872950134682981e-05,7461,,,,,,,False,0.0
yRVRqGIjfIwEICeRWDfxtg,6.872697859627347e-05,7462,,,,,,,False,0.0
zbNa-poXHF9zR6M7tnxjPA,6.871387513736632e-05,7463,,,,,,,False,0.0
MVke1hgAyoGfEAfDop_2qw,6.868165166975466e-05,7464,,,,,,,False,0.0
5r0Ikncb46GC3iK1lru1Hw,6.867493475481394e-05,7465,,,,,,,False,0.0
Q9T9PKQZSs571tS0lQLoIg,6.865991814881755e-05,7466,,,,,,,False,0.0
pQdlYJiblnNDP2L987daBQ,6.865368313577064e-05,7467,,,,,,,False,0.0
R3T_74k4uj2R6chmCruY1Q,6.863878071731216e-05,7468,,,,,,,False,0.0
LhtZ0k_dNPWDzk-TlYwQwA,6.863670261852316e-05,7469,,,,,,,False,0.0
lMRBJZ5dt0c51GizF5EHig,6.863513956188159e-05,7470,,,,,,,False,0.0
PDGyduDCysMP5L__5BnYJA,6.861206496663144e-05,7471,,,,,,,False,0.0
ZbGExfbZTb3IYZ2PxyFrMg,6.860418642751539e-05,7472,,,,,,,False,0.0
XTssUDUwofqaVzaJ6fG_-Q,6.857193855505929e-05,7473,,,,,,,False,0.0
2SLtQI24J5Qwolxil-W-MA,6.856945019260826e-05,7474,,,,,,,False,0.0
HG0Djdv_hQwFeE_-R2XFaA,6.85461184695245e-05,7475,,,,,,,False,0.0
5OpUORgAc84h2Z4ctxKCiA,6.854592080802178e-05,7476,,,,,,,False,0.0
gmCwe5uKZjpJlX05S_NTOQ,6.853623452641192e-05,7477,,,,,,,False,0.0
KMBkUpq_7uGF20EmXQS1bQ,6.850916309324052e-05,7478,,,,,,,False,0.0
cHPeulZjtuyuEJHihAYQ7g,6.84989055270833e-05,7479,4.682,4.8209,2.0,1.0986,0.2601,0.3700017566375008,True,0.0
2gFPQCmKKVi1aHgGTLRZvA,6.846978093571549e-05,7480,,,,,,,False,0.0
7U7IgKCBvUqHDoZvmunuAA,6.843969537419743e-05,7481,,,,,,,False,0.0
dy5FimQwL-6xnW-J20xISA,6.842963156993878e-05,7482,,,,,,,False,0.0
hUtkmOGwqRbnzkttutDe8g,6.841768202872037e-05,7483,,,,,,,False,0.0
GJtRRcx44M9ptMUYxccUeg,6.840136862936981e-05,7484,,,,,,,False,0.0
RGMPK0znWtlP6Sr9yHntsA,6.8382795614124e-05,7485,0.0,1.5308,0.0,0.0,0.0,0.0,True,0.0
3o7L6OWJzKnjTlwh-hkAhg,6.83629688515025e-05,7486,,,,,,,False,0.0
tEjgGPpomcMxJ7kvDqPyXA,6.835224902772812e-05,7487,,,,,,,False,0.0
hP0TIqhqjWPyJtSd--nJtQ,6.832209300961928e-05,7488,,,,,,,False,0.0
ogS8iBWPsN0BsaTjYqXMew,6.831447754397623e-05,7489,,,,,,,False,0.0
AweeOEOV-BhSWfJSGCxlug,6.829623882138096e-05,7490,,,,,,,False,0.0
cXfQ9MqoG41RGd8oIaFxag,6.825140921252771e-05,7491,,,,,,,False,0.0
UMdy-hcoLE5-zLgCrURvXQ,6.822406061879873e-05,7492,,,,,,,False,0.0
wSuEwNNOTSH8LJcH1PJAYg,6.821132543733641e-05,7493,,,,,,,False,0.0
v3cbEy9tUWqeVVHQM5ZZ4A,6.82090421655322e-05,7494,,,,,,,False,0.0
3TagDMAD_Ciy0_Sg3kJf2w,6.818309385031385e-05,7495,,,,,,,False,0.0
2XmP7QMdeiGTtJou5BMosQ,6.817446659464802e-05,7496,,,,,,,False,0.0
Wvkf6PHy9pL3MROt2coxhA,6.815598987401117e-05,7497,,,,,,,False,0.0
aOLFlIQibMg_lT2X4qKM2g,6.815487692382372e-05,7498,,,,,,,False,0.0
Pxc8z7VOtkGNerrGvqzdHw,6.814726598233797e-05,7499,9.1064,6.2747,2.0,1.0986,0.2709,0.4926465975047925,True,0.0
1VUeZg25PebLy9ZMVCddbQ,6.813251383429878e-05,7500,,,,,,,False,0.0
pTanA4AfvywjZCYWupCeug,6.81243783732449e-05,7501,,,,,,,False,0.0
xQ6CMjWbhm_sDWKvthgCWQ,6.81137837242139e-05,7502,,,,,,,False,0.0
nMn4CTJQPXqpgLltYQrxMA,6.802154985588678e-05,7503,,,,,,,False,0.0
VK7iPt8e77e61SC7HraJaw,6.797275012265547e-05,7504,,,,,,,False,0.0
r926yelr_EJAKQCjdD6AWA,6.797113757710874e-05,7505,,,,,,,False,0.0
TsPJqE3QcQ8TESztAYw0iw,6.788803740382952e-05,7506,,,,,,,False,0.0
UFgozownU_uvsG_iOZls6g,6.788300332654814e-05,7507,,,,,,,False,0.0
T5BTWxPdcCodK2JMPcPD0A,6.779893896575669e-05,7508,1.4814,1.5159,3.0,1.3863,0.2116,0.19355634619419332,True,0.0
yqYywLM3t-FgbEXgnhTYNA,6.77881517965319e-05,7509,,,,,,,False,0.0
wu9X1NOPhKKl8lgZ3vDpsA,6.778681161299078e-05,7510,,,,,,,False,0.0
eGi5vLxSXjHkmubADGhFPg,6.778562666832883e-05,7511,,,,,,,False,0.0
lgOa5IWyHW9_qoCSXeie9Q,6.775695928801349e-05,7512,,,,,,,False,0.0
Y2Pfil51rNvTd_lFHwzb_g,6.774180625267954e-05,7513,,,,,,,False,0.0
aTWIhy04A5TA0WTckxu8KQ,6.768809758721383e-05,7514,,,,,,,False,0.0
m0t-vuBHQOfC1ldTF6Dy7w,6.768429211594497e-05,7515,,,,,,,False,0.0
zXXzimAYL2m4Jkul0iHUPw,6.768026750972827e-05,7516,,,,,,,False,0.0
zDnxrHSH6nhpX2j67wJiUA,6.766408024110256e-05,7517,,,,,,,False,0.0
FXt9SIJT-1JN3K8RRb0-5g,6.765316467597114e-05,7518,,,,,,,False,0.0
f3umcbFgGLVUx1R7iz9Qnw,6.762246101512013e-05,7519,,,,,,,False,0.0
hVtsleCxdP7rPx0YbduBQA,6.760037173924425e-05,7520,,,,,,,False,0.0
M8Y9fLh41CLMf9tZBUTaFQ,6.757284714451839e-05,7521,,,,,,,False,0.0
Jg1p_IMDIMByJwELjZRODw,6.756763600993765e-05,7522,,,,,,,False,0.0
_7V9Yr8VCMlLzykAo-Lhnw,6.756598950432809e-05,7523,,,,,,,False,0.0
piSFtzkXxkpU1q9a66ot2w,6.756046398394679e-05,7524,,,,,,,False,0.0
OAbrYeHibZHdv3ch8nOrbw,6.755924406668994e-05,7525,1.0,0.0,3.0,1.3863,0.2,0.14762285713802922,True,0.0
RfiyYH8ZEpHflMI9ZMJNGw,6.755459983540736e-05,7526,,,,,,,False,0.0
6F8BtCbhjXjvXTcdDQ968Q,6.75511072687768e-05,7527,,,,,,,False,0.0
HkhqlX-GOrm96yvG3wHZqw,6.754748440788579e-05,7528,,,,,,,False,0.0
uxxzyw4UCu-rw0uZiK6g0Q,6.75451093483467e-05,7529,,,,,,,False,0.0
tqBkgu2wyCjYBWuTQoy2aw,6.753622165145912e-05,7530,,,,,,,False,0.0
OJ8TFOwK5fTQQbvBZl7a3w,6.749079158147882e-05,7531,,,,,,,False,0.0
VBf70Zn9CWXBAwqz8u0TjA,6.747758834411288e-05,7532,,,,,,,False,0.0
4t3yeXmkrMaJruCWA0H8DA,6.74674276101043e-05,7533,,,,,,,False,0.0
0m5uP9SGYT7w6liaBROwXw,6.746385641158412e-05,7534,,,,,,,False,0.0
Tpc-9OGNmHSGzxa5RT4IDA,6.745773297762243e-05,7535,,,,,,,False,0.0
AvYzDybffU77KZdXZbTOXA,6.741696357804574e-05,7536,,,,,,,False,0.0
lJLrYem1SsD0nv09Kls2kA,6.741433207623581e-05,7537,,,,,,,False,0.0
Q-Hj1zFu1k958BcwEmfVlA,6.740581544875329e-05,7538,,,,,,,False,0.0
hDGYyMhYXGXfEZmFJgLqdA,6.73989233361865e-05,7539,,,,,,,False,0.0
ec2JpNIEH0-eqwAL-5FiWg,6.739839355218221e-05,7540,,,,,,,False,0.0
LpoGxHNR-cEbaWhAaU1Nlg,6.738899773762769e-05,7541,,,,,,,False,0.0
XKhACCLtkT29uWmEBx-DHQ,6.734296464757573e-05,7542,,,,,,,False,0.0
e-Dfq8Vylc_evbuKeG8g2A,6.731463273838114e-05,7543,,,,,,,False,0.0
h_tRcijFYxrUiZ59FXfBOQ,6.730379047084113e-05,7544,,,,,,,False,0.0
WXxlJiG1QIae0Dasbf-fzA,6.729952169869108e-05,7545,,,,,,,False,0.0
Du9QRh1EvGO7EXG-m9Sb_g,6.725653540140218e-05,7546,,,,,,,False,0.0
rz1xDgl7epuXNqT7k7eZdQ,6.724514253106335e-05,7547,,,,,,,False,0.0
ZlIGD9F_tHvc_AWsOIFdEA,6.724306479086978e-05,7548,,,,,,,False,0.0
yEmEDomLUofVtbZoUeFV5g,6.723918512714274e-05,7549,,,,,,,False,0.0
KhHSgq56m6lqmVwBezyqcw,6.721158119435415e-05,7550,,,,,,,False,0.0
mJYm5ronkSp2hDI71rdKxQ,6.720292020607826e-05,7551,,,,,,,False,0.0
qFbBDbIjAKdqxJnHu7SoOQ,6.719190031666718e-05,7552,,,,,,,False,0.0
gdEZfd6RFXYmmXX71RDvbA,6.718128859708412e-05,7553,,,,,,,False,0.0
_YfdFmhYhaelhlQXoGCktA,6.717456702550286e-05,7554,,,,,,,False,0.0
LfbkgbvGdZ7Lm7w6v3oTnQ,6.716776624884557e-05,7555,,,,,,,False,0.0
L7mbUPFMAfetY0fzuYtZ_g,6.716293314475048e-05,7556,,,,,,,False,0.0
0zHKg3EAOwROEn8hnYRvUg,6.713664227359846e-05,7557,,,,,,,False,0.0
5QW2m0rDWXCat79bvB__SQ,6.712173655506607e-05,7558,,,,,,,False,0.0
H3CGcYrOufoF8gRDQYTMYA,6.710742284512783e-05,7559,,,,,,,False,0.0
3C63o6HDQNbIH46XpMn34g,6.710269610523783e-05,7560,,,,,,,False,0.0
cosvZvfx1ElZsQV5LW3X0A,6.707381707896442e-05,7561,,,,,,,False,0.0
B62OWlFCOM_w7CWrk42fsg,6.706423855559126e-05,7562,,,,,,,False,0.0
S5LnH1njwFBlq77tIkjI1g,6.704871278788824e-05,7563,,,,,,,False,0.0
R-PW9OTuSLPLyWA6YsVK9Q,6.704642376371042e-05,7564,,,,,,,False,0.0
exrvCKEGg1Ays38rKLOdhA,6.70210843293754e-05,7565,,,,,,,False,0.0
cACFFkkizy5b56xWdGbLAQ,6.701990866786411e-05,7566,,,,,,,False,0.0
oqZrIL_hCfWKrbETRVmvlQ,6.701404691498456e-05,7567,,,,,,,False,0.0
dq_B8fJB1oPo645xkwPSKQ,6.699629411888756e-05,7568,,,,,,,False,0.0
TSkZWzfBuBr224eBMczZ_g,6.696993802277868e-05,7569,,,,,,,False,0.0
XnbuS6ieFxsDSH9go88juw,6.695605895951772e-05,7570,,,,,,,False,0.0
p73i2GDzPRZJbYBa8qtpSQ,6.693842120581558e-05,7571,,,,,,,False,0.0
9XjXIqQFQ2SfeHTwPRngIA,6.69110871978138e-05,7572,0.54,2.094,1.0,0.6931,0.27,0.09195875820083166,True,0.0
zZrDoiQIUmiVkifJx0h_KA,6.690804209750348e-05,7573,,,,,,,False,0.0
7HznGpvXxOP3ILOvBxG8hg,6.690113391012095e-05,7574,,,,,,,False,0.0
WeU7pN8VmkhxiVD71-pWGA,6.690056966918071e-05,7575,,,,,,,False,0.0
dBuXIPjZFl1u8WZkSsyJ5A,6.687500772568394e-05,7576,,,,,,,False,0.0
VG_6ZamOZ3-s6ODu9BCmqQ,6.686649546408695e-05,7577,0.5,1.0828,1.0,0.6931,0.25,0.08635383567506355,True,0.0
CwzW9_0dOTuvHeciWqQPTA,6.683686438108343e-05,7578,,,,,,,False,0.0
lBZ0TUZu0S8_syGUTQs7Bg,6.683487939397729e-05,7579,,,,,,,False,0.0
e9aorf7A7aTRh4C6_vpgnA,6.680561366791235e-05,7580,,,,,,,False,0.0
pFR6-Py-CyIDiXyJer2aqQ,6.679104337598239e-05,7581,,,,,,,False,0.0
k3tCEcSJ_BJrwZP9_LLHpg,6.676710010885165e-05,7582,,,,,,,False,0.0
Sh92jt5l8UtW3Gs-RbbK1Q,6.676237785295882e-05,7583,1.2004,3.6133,1.0,0.6931,0.3001,0.16796023934507223,True,0.0
pbAfraRFRDsyvSB856dryg,6.675043597147563e-05,7584,,,,,,,False,0.0
z-BMYKp2XjdNdUArwj2BPw,6.674757241094464e-05,7585,,,,,,,False,0.0
-eKoPT80NewUNc2h-hevdA,6.673648529618427e-05,7586,,,,,,,False,0.0
0Q11c6T3ydBung7Sjex5yA,6.67280842681904e-05,7587,,,,,,,False,0.0
U4A8ZcnjeO2k4J9LsLS2zQ,6.672390151493172e-05,7588,,,,,,,False,0.0
QQq1LwR-X1ZdpDdYIzNh2w,6.669223735818133e-05,7589,,,,,,,False,0.0
erblzA3d7GRmMHDshhTzFQ,6.668105196761147e-05,7590,,,,,,,False,0.0
TIQz_P42B1BtCJyg2YUhLw,6.667551353813616e-05,7591,,,,,,,False,0.0
ARkakVqPME7CASRwzRlVHQ,6.659018689988498e-05,7592,,,,,,,False,0.0
oenwq6HeMQGonbzrMNGoQg,6.65704298021584e-05,7593,,,,,,,False,0.0
zurZgdE3W9jJnU6VAgTdSg,6.65571080777298e-05,7594,,,,,,,False,0.0
jcwBfwL68BgGSlKf1t0yNA,6.654303018792715e-05,7595,,,,,,,False,0.0
HsNnBPABPaSvWqglZEqAuw,6.653316113645594e-05,7596,,,,,,,False,0.0
Cch7lpybfh4V0_1j8Nr3yQ,6.652861266839479e-05,7597,,,,,,,False,0.0
kw5EFL8mX4IMd7bQyL5Jew,6.650825705622997e-05,7598,,,,,,,False,0.0
1kzNeQbACsnSGR0ubpsNbQ,6.64754356132422e-05,7599,,,,,,,False,0.0
by8mvBBS0pAgq0cMJpRY-g,6.646918373491518e-05,7600,,,,,,,False,0.0
3XDHJmmBZ6TaqHTykXG7pw,6.646519243539563e-05,7601,,,,,,,False,0.0
R84qWSVghknKWKXPbKwYLA,6.642265313906048e-05,7602,,,,,,,False,0.0
rfsFB_Z4B-CNTBktcUEbmA,6.641662128740875e-05,7603,,,,,,,False,0.0
3UavdxyL0nmWKVIqxDft3w,6.641537820895586e-05,7604,,,,,,,False,0.0
BtXwqcJq0xS607Hsq5Wq1A,6.639368406861459e-05,7605,,,,,,,False,0.0
kxxexMsFL4xJLIafhXXFlw,6.638071615076999e-05,7606,,,,,,,False,0.0
maDs1YYOCLPm3-qlRNAePg,6.637725212338484e-05,7607,,,,,,,False,0.0
ERHyEolZoa_QDG3L-5quxw,6.63607143595819e-05,7608,,,,,,,False,0.0
bMiFUN-qiZm6ZRBxTuJ2AQ,6.634328662889733e-05,7609,,,,,,,False,0.0
qyGjCSiWBmEGw_zOYcDnSg,6.633251907602766e-05,7610,,,,,,,False,0.0
HSb0mHv23zY42j2vcPtSyA,6.631647433627304e-05,7611,,,,,,,False,0.0
fB8DULHVGkB9jI7M8qzKKg,6.629887671641798e-05,7612,,,,,,,False,0.0
Y98F1mtF5zsvZiUc6MjbSg,6.629625452752472e-05,7613,,,,,,,False,0.0
JIMo4CQNZiLYa8Tak4EFiA,6.628385697159762e-05,7614,,,,,,,False,0.0
lnCLpUgxG8In0M7fv7liFw,6.627157325992553e-05,7615,,,,,,,False,0.0
goK4sOSp_uWTFJclIh3K1A,6.62640611836716e-05,7616,,,,,,,False,0.0
ds7_Qebtt-tSDXHYcefr8A,6.62459432174353e-05,7617,,,,,,,False,0.0
ee90xw9wB5-2JBlcqEDa1g,6.623918842961737e-05,7618,,,,,,,False,0.0
lndVYqfCgFfclrmo2BN6LA,6.623183726598161e-05,7619,,,,,,,False,0.0
xiYFy6hcF2dXYSRUqXIjbQ,6.622747978982548e-05,7620,,,,,,,False,0.0
AI27j5T0Le6Dy_JkaG4HQQ,6.621713744219682e-05,7621,,,,,,,False,0.0
5wE4m3XzAAd1gDI6g7AuQA,6.621556516193696e-05,7622,,,,,,,False,0.0
izSgTrqebu8bN8ONOCs6cQ,6.619771648378215e-05,7623,,,,,,,False,0.0
V9AitNEoxNsQhfx8Xpu55g,6.616085835658644e-05,7624,,,,,,,False,0.0
1oGCzoCC6HnQWpdK9cCP0g,6.615098308151078e-05,7625,,,,,,,False,0.0
Guxfua9nFaZr3aCAwH4bzQ,6.611168717423108e-05,7626,,,,,,,False,0.0
EtGFDdjui_Hww78JU4XoXg,6.61005868836437e-05,7627,,,,,,,False,0.0
gomlKL3wQVzhHfz6DoAa3A,6.606410366182317e-05,7628,,,,,,,False,0.0
xScOMFp3aWwrcYlIi9PzSA,6.60496262282955e-05,7629,,,,,,,False,0.0
0f69gYJBDkWpi-F9JlPSkA,6.604764827358008e-05,7630,,,,,,,False,0.0
7Fqf5nkKkVhXn_DUrPWWEA,6.603247103988073e-05,7631,,,,,,,False,0.0
g71iYkeIeoxB4ppkemK24Q,6.601367715119939e-05,7632,,,,,,,False,0.0
XbXoL8r97I_f5t0hv4BzIw,6.599926417384457e-05,7633,,,,,,,False,0.0
lok1BFflfV17T04k-Q-G9Q,6.59966125798969e-05,7634,,,,,,,False,0.0
ThzzKyJvXDKmrFvc7SBOoA,6.597813214505081e-05,7635,,,,,,,False,0.0
SSKhM0-bEYv76DcExRAiSg,6.59657193007205e-05,7636,,,,,,,False,0.0
wCWtAobVuZ0N7XJTb1ugGA,6.594368997995093e-05,7637,,,,,,,False,0.0
oIS7C1oeQHS8-CxKB6uqFg,6.593023724379336e-05,7638,,,,,,,False,0.0
20DL03rDdw1R2mSH4ORVJA,6.591434335401619e-05,7639,,,,,,,False,0.0
1f1ZvvT1qyFFTIW-BdJ95A,6.59125966375261e-05,7640,,,,,,,False,0.0
OED6sS03t872JCN5WK-TZw,6.588303507623447e-05,7641,,,,,,,False,0.0
jgi-7LWLzcGkPvqFryqI6A,6.587980067123589e-05,7642,,,,,,,False,0.0
JMlxN6__cSV60gu8LZ-fyw,6.58041434938225e-05,7643,,,,,,,False,0.0
z_37EXfWEVMV4telxsbGMw,6.580062577173475e-05,7644,,,,,,,False,0.0
dlqEa58Xf7q5w4e_4Wys1g,6.578671867717456e-05,7645,,,,,,,False,0.0
fqD6hooRmTeQnmy2PdzXIw,6.577649553995289e-05,7646,,,,,,,False,0.0
EmTlcS9DVL69iDPciczR2w,6.574419255982097e-05,7647,,,,,,,False,0.0
TSxF44padg6v9AxLJp-hag,6.571947686962931e-05,7648,8.1329,36.3957,4.0,1.6094,0.1994,0.47107531901280375,True,0.0
n-WO5netYEXLiC6bBJrF4A,6.570802823604129e-05,7649,,,,,,,False,0.0
FH0MVF7kK0D76Hh4e7hXfQ,6.569511462608284e-05,7650,,,,,,,False,0.0
d9i5hq9hIjmp7RN2hsOTzQ,6.566744700285423e-05,7651,1.1,1.0401,2.0,1.0986,0.25,0.15801393083338297,True,0.0
tgOSbgbTZ1zipBZakE-aqw,6.563706045377418e-05,7652,0.24,0.8347,1.0,0.6931,0.24,0.04581329528932625,True,0.0
Civ-IjTIL9GmMSPYjSqE1g,6.563189738181764e-05,7653,,,,,,,False,0.0
YklJC4Lt2rMGfV8JfrTtuw,6.562634436128199e-05,7654,,,,,,,False,0.0
MHEbn9ASZzsFrgwlttNyrw,6.562633462500977e-05,7655,,,,,,,False,0.0
LO23N_AsEoptZ8QG8ZjkRQ,6.559631320200939e-05,7656,,,,,,,False,0.0
iZi0sfFccB8ZiC2NZun3Yg,6.557241374019816e-05,7657,,,,,,,False,0.0
eoI-rJfnSV_rLjqRXXSWSw,6.555779424925963e-05,7658,,,,,,,False,0.0
X7TvrNg6jY1Q0JHJXjlQ2g,6.555132320530041e-05,7659,,,,,,,False,0.0
-9yzQQ0d_rcOD2CzdTNO_Q,6.554057192972468e-05,7660,,,,,,,False,0.0
1Mmo93UBNsaVW7OnpWDuQg,6.550325382990791e-05,7661,,,,,,,False,0.0
FsWEzgnPsARCH0qmKkWLNQ,6.549696456527842e-05,7662,,,,,,,False,0.0
KIpghikMrBbxx75tx_ZJUw,6.54632860831978e-05,7663,,,,,,,False,0.0
cpaMCrmG7WK10tJ4c_GXow,6.545322396905864e-05,7664,,,,,,,False,0.0
4klH4lQI8DneBUqLP0vHvw,6.543384910027847e-05,7665,,,,,,,False,0.0
3XmJrin3l2fbTP201HElCQ,6.541835815343111e-05,7666,,,,,,,False,0.0
KLBWUdr0nrrK2mPBj0qg_A,6.541006559683306e-05,7667,,,,,,,False,0.0
QpPc51mH86xyrRmnFijpTQ,6.534766748461077e-05,7668,,,,,,,False,0.0
al3Ri6TEqa2rBzjHsn0T_g,6.534693755897934e-05,7669,,,,,,,False,0.0
EWPbRyoG7-JiDyeV52nZBw,6.532267246948158e-05,7670,,,,,,,False,0.0
BIP4xWJrTTxjzSIRonVBpw,6.529492776618604e-05,7671,,,,,,,False,0.0
76HRdyRWAJSJwKdAeNkR7w,6.527695231244918e-05,7672,,,,,,,False,0.0
m7QwOZSP21kmiZ-HQV5PfQ,6.526435945867336e-05,7673,0.6,2.3331,1.0,0.6931,0.3,0.10009891197775421,True,0.0
i570mGBY_jIuotRCWotxng,6.522783828300084e-05,7674,,,,,,,False,0.0
2Kqq7D6oj4FNF_9JmVjQJw,6.521879014994214e-05,7675,,,,,,,False,0.0
nsxdsXlt_BmxfMB3dI6OVQ,6.521015079413519e-05,7676,,,,,,,False,0.0
uotTfs2JtXxKG9hymg0ReQ,6.517253728647753e-05,7677,,,,,,,False,0.0
_hY_2sTgEqpKnwJxbi5a7g,6.515345276529613e-05,7678,,,,,,,False,0.0
oNZBLadCTPGpm25rmtoiUQ,6.509339429497239e-05,7679,,,,,,,False,0.0
LEUrvUGgG-04Dk30M3QUHw,6.508790174078044e-05,7680,,,,,,,False,0.0
dHY0EBrKi7HHjsQoK0inUA,6.50411778476479e-05,7681,,,,,,,False,0.0
bjhCtlYHrkgA5Ku8l-rB3g,6.502015051019679e-05,7682,,,,,,,False,0.0
-qNVtEd8Z9MtCfC5dii6nQ,6.501371024167748e-05,7683,,,,,,,False,0.0
eVTLl2F7_r5etLZwFuU_0g,6.498485826420898e-05,7684,,,,,,,False,0.0
g_HU4ecX22Yzy2LGDiPIVQ,6.498165390958825e-05,7685,,,,,,,False,0.0
8wfjxXNYEViVwig-SswjKg,6.497797141666346e-05,7686,,,,,,,False,0.0
scvINAyroSODU64b73QEBw,6.496282278278313e-05,7687,,,,,,,False,0.0
e-uW1RrJGc0XqB5_Q2HKBA,6.494601863990192e-05,7688,0.2,0.0,1.0,0.6931,0.2,0.03882989051478855,True,0.0
ZLW8u1n776S7maN4KhN6jg,6.491615092945231e-05,7689,,,,,,,False,0.0
_PlmFAlaUQHdQN6rli0gzA,6.491573904210472e-05,7690,,,,,,,False,0.0
uQcKo8m34OULhySxwRaOAg,6.487521546633425e-05,7691,,,,,,,False,0.0
dJ6M_mkBIkKignlonnx9Xg,6.487044658682041e-05,7692,,,,,,,False,0.0
97PA4BTfAm6OwuDObQ4n5Q,6.485736168534977e-05,7693,,,,,,,False,0.0
C73iFAmwEntIONkbd5fOuA,6.484015848982083e-05,7694,,,,,,,False,0.0
AhexobOXNdhg5CuO2tdtlg,6.481972859717648e-05,7695,,,,,,,False,0.0
aoRv_tZfoGHjXkPqy94ryQ,6.480493099100045e-05,7696,,,,,,,False,0.0
bTVY4S3fC-ZI4-Vy-fvCsQ,6.479342611183248e-05,7697,0.525,0.7231,1.0,0.6931,0.2625,0.08987415985580063,True,0.0
-Tskf8WK17rb3ZfeFuRSWA,6.478564083097087e-05,7698,,,,,,,False,0.0
_g76dgDk1E9tC5TXZAF5gg,6.478264132485076e-05,7699,,,,,,,False,0.0
XTJ03MbVT8FrleMzHeqtEw,6.472763185668407e-05,7700,,,,,,,False,0.0
4OXWn2ytzaq4eTpJy4VvJA,6.472187987994944e-05,7701,,,,,,,False,0.0
Mu90i2c_9B5LOW4FpCWjEw,6.470954837912857e-05,7702,,,,,,,False,0.0
cyVZXj7hL2wf4b-3UMD6Gw,6.470809968434759e-05,7703,,,,,,,False,0.0
FXSj0mOK_vSTGfKywdHwwg,6.470233995709357e-05,7704,,,,,,,False,0.0
KLTfuIGv9fjarbrY0QHE-Q,6.468473952955384e-05,7705,,,,,,,False,0.0
vQ_rxK8TV37QOS-uJvGGQA,6.463769947725063e-05,7706,,,,,,,False,0.0
O3UQ628x3iSKR33cM3cEtw,6.460585114284008e-05,7707,,,,,,,False,0.0
LMm555z8BReDxgkpF_TEug,6.455719513134968e-05,7708,,,,,,,False,0.0
CLIsXugvRCV-h_Suc-xN2g,6.455698645633145e-05,7709,,,,,,,False,0.0
QQpwk-wegXd3v_fYopmlXg,6.454018096628828e-05,7710,,,,,,,False,0.0
Qh4SE3580B-nnH3DwuAXOA,6.453242256157232e-05,7711,,,,,,,False,0.0
5qVG7T82jRnKGR9O7_0cFw,6.452870404217348e-05,7712,,,,,,,False,0.0
TfYFyl8WFLPKGTcRz8AMpw,6.452835608777651e-05,7713,,,,,,,False,0.0
X2nTJDYtXD4-t5aUhdU2gg,6.450060197016974e-05,7714,,,,,,,False,0.0
7Ycg7RgBswvQ8yQqHe7CYQ,6.448600827263741e-05,7715,,,,,,,False,0.0
3DSgJFIaXjdknbZn3LSnPQ,6.448457068493498e-05,7716,,,,,,,False,0.0
RAmtKHxjvejgx9Cs0tND3A,6.44740041219862e-05,7717,,,,,,,False,0.0
QUZMirD4N4w626c3GA4YAw,6.446103322446404e-05,7718,,,,,,,False,0.0
BjeHLwKOlHyV6DJgmZxAjA,6.445888265640706e-05,7719,,,,,,,False,0.0
VFCZwUEKRWAGZPatISKHSA,6.444654995056125e-05,7720,,,,,,,False,0.0
oBNrLz4EDhiscSlbOl8uAw,6.444345351399229e-05,7721,,,,,,,False,0.0
bK5gt7LHnDjCfZnAGuK0ig,6.44252298812153e-05,7722,,,,,,,False,0.0
3UgJp_NqcBOrBE9ANvVxRQ,6.441665577192536e-05,7723,,,,,,,False,0.0
KmyzlQ4zhlTHw31fwxqo7Q,6.441350633087613e-05,7724,,,,,,,False,0.0
jSAOaEVCfZkcDpg-yVJ_Ow,6.43584558629696e-05,7725,0.0,0.2153,0.0,0.0,0.0,0.0,True,0.0
c8c0xWech0Qv-JlwXqrTqw,6.434794354298522e-05,7726,,,,,,,False,0.0
BypYxOw7LRO8zjFMxRWdDQ,6.430375726883204e-05,7727,,,,,,,False,0.0
KkhEGIVQAsfg-LCEjf4oqQ,6.429712304138906e-05,7728,,,,,,,False,0.0
58OuqehnPxdFq8gWR_hBRw,6.4214153931149e-05,7729,,,,,,,False,0.0
30vbjnJEGGpTisVOVU2tBg,6.41951668042188e-05,7730,,,,,,,False,0.0
4uspKB1d3pGdgjOClA-UkQ,6.41787548044185e-05,7731,,,,,,,False,0.0
XGkFv_oFBVlEHGUcleCZdg,6.413296606852132e-05,7732,,,,,,,False,0.0
4h5-Tyev0jX1GsuzUo_rYw,6.412256019948553e-05,7733,,,,,,,False,0.0
hZQ6pquIrxaI74OA__aOtA,6.41068820979489e-05,7734,,,,,,,False,0.0
G871bjv4Sr0CuxN2TgWcQw,6.409970461669524e-05,7735,,,,,,,False,0.0
VPZY6vzompsA69myzmQDgg,6.408975598402914e-05,7736,,,,,,,False,0.0
g9pWS5r05_fttDfV_hAI0w,6.408765571724507e-05,7737,0.5,0.0,2.0,1.0986,0.25,0.08635383567506355,True,0.0
-7CqBmK0zxwyjEqa3LBVSw,6.408572078967799e-05,7738,,,,,,,False,0.0
vMNR7pvwQDPtdf1Wuxqn4Q,6.408549438646283e-05,7739,,,,,,,False,0.0
o-JguBmC-oWAShOmFdWxcQ,6.407718007425415e-05,7740,,,,,,,False,0.0
pTeatktHioSoawLSCzfgKg,6.399899142012905e-05,7741,,,,,,,False,0.0
uvb3NcpqBEaCrrcyfNF-wA,6.393101219588884e-05,7742,0.0,0.0514,0.0,0.0,0.0,0.0,True,0.0
VxXmaSvT8lv5PdDDduB01Q,6.392988025686235e-05,7743,,,,,,,False,0.0
v7O1HYc4D6Z4H4T_tSh5Nw,6.392343537456502e-05,7744,,,,,,,False,0.0
IEyDu4UsvIs7ZknW8i4e4Q,6.391256203368526e-05,7745,,,,,,,False,0.0
DpCziU4uvnOdAdIWtfY8Bg,6.391186009591068e-05,7746,,,,,,,False,0.0
iqy00T10_-8fX2yS91LxEw,6.390361053781421e-05,7747,,,,,,,False,0.0
j6muHG0zR4G6z1KBt92KtQ,6.389467176420342e-05,7748,,,,,,,False,0.0
GcJsCFzqvVVwydvBcxmJIA,6.388261710326715e-05,7749,,,,,,,False,0.0
E4G-vk-ur7SdmOSHcum7aw,6.384545329407473e-05,7750,3.8356,5.4285,4.0,1.6094,0.2489,0.33564933887986786,True,0.0
EZ-ZL55vCMjSIneiGe3aqw,6.383676701690625e-05,7751,,,,,,,False,0.0
QnMTRCUEOgYBc3niKCfaUQ,6.383565257220621e-05,7752,,,,,,,False,0.0
_ljP8KWwMTSMOv_zGW6nBA,6.376835467841736e-05,7753,,,,,,,False,0.0
IefEo5kZdwR647j8WBUozg,6.373197831822345e-05,7754,,,,,,,False,0.0
dU0qqkUwlwS_So3_yhAARA,6.370306491143226e-05,7755,,,,,,,False,0.0
tPpxOb2HvefqsS6z9EoxZQ,6.367139940734641e-05,7756,,,,,,,False,0.0
6NpEFQgyQVBfwXNkSuLf0A,6.365475457654925e-05,7757,,,,,,,False,0.0
Q3DRmIEABlhYRUK8udvAbQ,6.364540156125368e-05,7758,,,,,,,False,0.0
Qbb6nFPzPgvyCDvCd7OHqA,6.361475007208102e-05,7759,,,,,,,False,0.0
ie2xkZABFoBLX64UebMV9g,6.361119439002975e-05,7760,,,,,,,False,0.0
gsXBNWHWhHv_f9NcwpVajw,6.360323720679337e-05,7761,,,,,,,False,0.0
fSrv4o8kvmBFfd2MWnbsDA,6.360295366932562e-05,7762,,,,,,,False,0.0
Sckvwz-t7-oMXh_JNzxg_Q,6.359329246108383e-05,7763,,,,,,,False,0.0
_OB65sIprNs4eUm1SHjhxw,6.358836584180492e-05,7764,,,,,,,False,0.0
DG_7A-jMSFFYYqmldgGqNg,6.358547186141972e-05,7765,,,,,,,False,0.0
6fvE5PQQ8mldsMDU8IsQSQ,6.356217263893684e-05,7766,,,,,,,False,0.0
-fvncmHOAGh4YSiTbCuqCQ,6.355166242087872e-05,7767,,,,,,,False,0.0
UJQGJ0tlKO93Lia2JGidZA,6.354352545290697e-05,7768,,,,,,,False,0.0
nOtxdJst7a0oxMWb7Sdteg,6.35108535623725e-05,7769,,,,,,,False,0.0
JSnNc1WIH37vfYFgVBOu7g,6.350855658139679e-05,7770,,,,,,,False,0.0
_v-qR0-RePoOX3OD9xDKTA,6.350717542771371e-05,7771,,,,,,,False,0.0
aRZV74C9w723hu9A-C20gA,6.347918670918584e-05,7772,,,,,,,False,0.0
sX43wVVJVvrxSR0ajvc2ZA,6.343792199354839e-05,7773,,,,,,,False,0.0
VhVc_kxNStk6var7DTCf9g,6.339763733043177e-05,7774,,,,,,,False,0.0
5iuNneK8vTYvYB9SmRWRnw,6.338202896141218e-05,7775,,,,,,,False,0.0
5hID2DruRwIwit0BcLHTaw,6.337103658635901e-05,7776,,,,,,,False,0.0
T_dAeyp_OLm8GuyKZL97Hg,6.328090823864871e-05,7777,,,,,,,False,0.0
OgCyBZICDLrOSWxgnSnMVg,6.326496806272415e-05,7778,,,,,,,False,0.0
mC0O3s_moqKl6iLa6sChYA,6.324921784522969e-05,7779,,,,,,,False,0.0
zpPeS4x_9EFBobT_OHipQQ,6.32323196877912e-05,7780,,,,,,,False,0.0
N_VbYQo9tDf6sXG5hfVV7g,6.322544473874895e-05,7781,,,,,,,False,0.0
z_RyP9WuygubNj--wuwuUQ,6.32186166164751e-05,7782,,,,,,,False,0.0
DUfvvIwagBe9VK2_0RyOug,6.317787672240342e-05,7783,,,,,,,False,0.0
l-JQja1KoFdjaP8AJp_mvQ,6.31735284872451e-05,7784,,,,,,,False,0.0
mM4vtt-BVT_80J9JSKdw7Q,6.313510833257747e-05,7785,,,,,,,False,0.0
W7Lkjxnd189PpBYJniF9Ig,6.31161410001942e-05,7786,,,,,,,False,0.0
hkNTfubm5Vbf0j78AcDxHA,6.305833438299913e-05,7787,,,,,,,False,0.0
vjZyFjcc8A9HAUuJczOgqA,6.30359488743944e-05,7788,,,,,,,False,0.0
vYr5IUI8MDEAPBAuZJdNPQ,6.303350555172631e-05,7789,,,,,,,False,0.0
b19zKm5WRczDGna1bV_Ghw,6.300843663620338e-05,7790,,,,,,,False,0.0
X4Z8Iq0hICOjHdc-0NT_jg,6.295459981400225e-05,7791,,,,,,,False,0.0
JkJ9Ui_55OyXI04L6JOpjg,6.295407137971603e-05,7792,,,,,,,False,0.0
g04aAvgol7IW8buqSbT4xA,6.294775515173255e-05,7793,1.8247,7.0769,2.0,1.0986,0.3062,0.22115345578392373,True,0.0
RQpPCFJwPaOOCqX6S3nujw,6.293126419203015e-05,7794,,,,,,,False,0.0
sixpNRu5DfSP-nAiciiBnQ,6.291746823665337e-05,7795,,,,,,,False,0.0
fi4cTVUS6_C5pvXyddZQ4A,6.290882338632794e-05,7796,,,,,,,False,0.0
ZcbhsniFmXZFW8ccPvsSLA,6.288976787191278e-05,7797,,,,,,,False,0.0
dvG_QJuIZIQv_6DiWjnh-g,6.288712494413197e-05,7798,,,,,,,False,0.0
38F4LbjmsdptNIdCdQiY2A,6.287983515854313e-05,7799,,,,,,,False,0.0
mVKutQZg508LcqRYXeAdWw,6.287628723523104e-05,7800,,,,,,,False,0.0
ANo9sn6kZM9OUYvDLuugbQ,6.286332608573168e-05,7801,,,,,,,False,0.0
gzQ0kbAHrAJhELi7rrAfaQ,6.284217302882153e-05,7802,,,,,,,False,0.0
98mYebjHN_VXZapVm8Nmqg,6.28381826070221e-05,7803,,,,,,,False,0.0
p8V4zEEYZvZnZh9f8k5KZA,6.282385431795827e-05,7804,,,,,,,False,0.0
5y4o3Tx2eQhXsnUpgYFolQ,6.280952668191035e-05,7805,,,,,,,False,0.0
urEO2v7ydkJ-j9tUUmXpZQ,6.280430445740172e-05,7806,,,,,,,False,0.0
veSSeeVWzRbZvPD3xyc9mA,6.279682588708465e-05,7807,,,,,,,False,0.0
l79KYZl3I2gi2C0JZ77BGA,6.277829798896616e-05,7808,,,,,,,False,0.0
P_5OkU8s4hknUSesl6kWhw,6.27774880852123e-05,7809,,,,,,,False,0.0
RluKriAcsLRb8WyJs_uubw,6.277498115045035e-05,7810,,,,,,,False,0.0
VUilII_2y40BYq0FatRf3A,6.27645352842129e-05,7811,,,,,,,False,0.0
CoiSfZwEN0KZwZas6846tQ,6.276048468044983e-05,7812,,,,,,,False,0.0
FeoYQlhFe1l25mlxjO8Nxg,6.273744348519433e-05,7813,,,,,,,False,0.0
x_iJuJSJ52ptHur08V86HA,6.273409255126235e-05,7814,,,,,,,False,0.0
1F_lKVOdC8UN-5UOQ-FSGA,6.27140400120849e-05,7815,,,,,,,False,0.0
-ud6EYu7o8sDCH2_zyu8lQ,6.27056339591926e-05,7816,,,,,,,False,0.0
0h2g0Xv5ZNSQedhR9R2xLQ,6.267874448491321e-05,7817,,,,,,,False,0.0
3pX1xcKcin65_-LdZu-kkA,6.267183564663256e-05,7818,,,,,,,False,0.0
BSKzmE_KCDGHPXQVR7N0PQ,6.265960988582619e-05,7819,,,,,,,False,0.0
AxtOW_b6a6iuojs_ObGpzA,6.264137782869575e-05,7820,,,,,,,False,0.0
ol6Z_mQyAEKI3bW4Cd01sA,6.263400008899778e-05,7821,,,,,,,False,0.0
kBgiy6ulQRiATWFPZjTPKA,6.26327462680666e-05,7822,,,,,,,False,0.0
G2okUNH-Jeks8hqJvSilcw,6.262245093631846e-05,7823,,,,,,,False,0.0
sdUQjlWN9y6yowVcvqomnw,6.262119764736367e-05,7824,,,,,,,False,0.0
ZLrqw4KCwKyBlVqycUfNbg,6.26032016045849e-05,7825,,,,,,,False,0.0
XwpjTjy_jwWGAlG_rt1Hrg,6.260079547541315e-05,7826,,,,,,,False,0.0
wFysdfCAQl6alhpJRh9Hbw,6.2600451376582e-05,7827,,,,,,,False,0.0
dYq6OUxFtMVHwqcmum5kOg,6.258460871499698e-05,7828,,,,,,,False,0.0
BvgxS6Nr5i7th5p1rFo2_w,6.25740616811613e-05,7829,,,,,,,False,0.0
syX56DgsypCm35ZGASzuxA,6.254839002650104e-05,7830,,,,,,,False,0.0
I1LP0Vg55lwufnoNREE1KA,6.249575542633999e-05,7831,6.006,2.65,1.0,0.6931,0.2145,0.41461222620134397,True,0.0
EfLcMyzm24vNxe5XdjRp4g,6.247422782847885e-05,7832,,,,,,,False,0.0
jCCFD-0Gi2-bFZokbTt5wg,6.247157619715538e-05,7833,,,,,,,False,0.0
ViABP9dkPTBdd4FS6uhi2Q,6.246519861848462e-05,7834,,,,,,,False,0.0
FVcIeaJY8vTnt9AksAVFaw,6.246424652212441e-05,7835,,,,,,,False,0.0
jow8Lf_IYI2tUte2uY9ydg,6.240836530032291e-05,7836,,,,,,,False,0.0
Hj68GMB1E31JRtm5DbQcPA,6.240750943575178e-05,7837,,,,,,,False,0.0
HPV9-9iNLuVhUrQKXXvf5A,6.239863636762742e-05,7838,,,,,,,False,0.0
EuGfAJ0un7GsQ90pFWZubQ,6.239773623765093e-05,7839,,,,,,,False,0.0
mHmIoIGOfpidrS1fYQ9PbQ,6.236245438899678e-05,7840,,,,,,,False,0.0
lrARqZZdNhkeH6o6-hP4ZQ,6.23570944519175e-05,7841,,,,,,,False,0.0
qpgkWql42qgW095udiCLYg,6.232477726298677e-05,7842,,,,,,,False,0.0
mPUHKEOvrmH-uLzvzrOt-g,6.229936754385747e-05,7843,,,,,,,False,0.0
RfDHvt_s1vuR6dnhZ890Ig,6.228520740290502e-05,7844,,,,,,,False,0.0
MCONblFmdE6NdZWN-BoDpQ,6.228139266543918e-05,7845,,,,,,,False,0.0
1LL54pSLD2MS1u3OvCzygw,6.225338672315192e-05,7846,,,,,,,False,0.0
VZxyWuhu_wF1wqeZHo2uDg,6.225129627429324e-05,7847,,,,,,,False,0.0
7Kv5lFl-skksZlzTqJpnmw,6.222670999120352e-05,7848,,,,,,,False,0.0
8u30hH32rp4d3TnULZw9vQ,6.222010899824916e-05,7849,,,,,,,False,0.0
q3QIAx4u8BLBOhwca2UBjQ,6.215816771677016e-05,7850,,,,,,,False,0.0
rXROtgLbpHRnkqWfEL6YhQ,6.215555650150653e-05,7851,,,,,,,False,0.0
0iLgVQpBeIYYwQZIblTTVw,6.213892549244145e-05,7852,,,,,,,False,0.0
esWy3DlzFeajW5awtFHITQ,6.21327325743667e-05,7853,,,,,,,False,0.0
ZVADnWGkKSOqW7z0LB9e8g,6.212787419340145e-05,7854,,,,,,,False,0.0
KVamI4hQmsT-r91PmCPh6w,6.212268499489396e-05,7855,,,,,,,False,0.0
m2iS4YYmcq6pFpaGCtO-Iw,6.211968164409884e-05,7856,,,,,,,False,0.0
AhcSesT3mjnch_1ftdwiug,6.211770756158884e-05,7857,,,,,,,False,0.0
lMMK2vSieQb_FtqqZ_VGlQ,6.210285792399089e-05,7858,,,,,,,False,0.0
VbheehVdnqthjCCmwO1q6g,6.20932156590842e-05,7859,,,,,,,False,0.0
XfvJ2iEq0XmciWIJvelZZA,6.208073014327374e-05,7860,,,,,,,False,0.0
JgvV_xEGu32N1qWe0bEGow,6.199269943291996e-05,7861,,,,,,,False,0.0
WlsLzk-IIwcotjrh4fDo5w,6.195481070353716e-05,7862,,,,,,,False,0.0
9dTadxqN5hvIVwnhpxlrDA,6.194501341626947e-05,7863,,,,,,,False,0.0
a8VS5iOxeEIv3JnUiQLF6w,6.194186511544495e-05,7864,,,,,,,False,0.0
FEXhWNCMkv22qG04E83Qjg,6.193397491074913e-05,7865,,,,,,,False,0.0
MPTi75aYZzjuKXB8e9jvBQ,6.191998022850611e-05,7866,,,,,,,False,0.0
s9jc9fcMlsRyoXnWKFal_A,6.191984909942502e-05,7867,,,,,,,False,0.0
a5dAEJescHGr_srX8Ckg-Q,6.191156488559004e-05,7868,,,,,,,False,0.0
bO9tyY6kSQUScHtFbc1UZA,6.191144465687772e-05,7869,,,,,,,False,0.0
cyt2QmCjELEDn71j8aE8Ow,6.186374788637382e-05,7870,,,,,,,False,0.0
q22g76Uy0q0bSIoR74iE4A,6.18224185434232e-05,7871,,,,,,,False,0.0
pXb7pDVPayyElIqVlh1FOg,6.181529031239403e-05,7872,,,,,,,False,0.0
zK2OGhkJqMj4pZsbSckSwA,6.176814230423621e-05,7873,,,,,,,False,0.0
xX5X62eyo8OkvmhoI84tjw,6.175497818850033e-05,7874,,,,,,,False,0.0
EzsIyXUnQeq-JmmXtaYJiw,6.175351639115247e-05,7875,,,,,,,False,0.0
QG_CEG2_kb-0af1O0HiADg,6.174904783947162e-05,7876,,,,,,,False,0.0
9SVub2VmfgMmyqe3KQh3bA,6.17451267811923e-05,7877,3.127,7.3879,2.0,1.0986,0.2234,0.3019025364827172,True,0.0
7lHSyLOLuW0glxvjcvtBJA,6.168786165092029e-05,7878,,,,,,,False,0.0
ZepTeV70GKRBntGBIwev1g,6.168268077486578e-05,7879,,,,,,,False,0.0
Oh_T694xSly6_5wNnqAliw,6.16730797990186e-05,7880,,,,,,,False,0.0
f16Y4V9bTpLaGW2roDsstg,6.167032036876924e-05,7881,,,,,,,False,0.0
yx31OWOldAFmgJ8PDzgMYQ,6.166485310097173e-05,7882,,,,,,,False,0.0
DHm-sK53w6kFk92TK0SDIg,6.1616448638975e-05,7883,,,,,,,False,0.0
sPFVy3YI8viClkH08SPLeg,6.159724098120946e-05,7884,,,,,,,False,0.0
3pbc89Mbi-L7HjuAw-DQfw,6.150829460861895e-05,7885,,,,,,,False,0.0
7KZG7LzkzIbPm_r1zZolDQ,6.150465179180176e-05,7886,,,,,,,False,0.0
jQ2yK-xIOvoxeM3lIJWMdA,6.146231552955785e-05,7887,,,,,,,False,0.0
MeyzmeHKDsy7dEh2GdddOA,6.139647682750965e-05,7888,,,,,,,False,0.0
Eggbe8TRDB0wPjqymWMk9Q,6.136123968537857e-05,7889,,,,,,,False,0.0
ctObtwPf9BCya-nDE8rvzQ,6.134408277158473e-05,7890,,,,,,,False,0.0
vb2XWr50QhBpcOtpzxmKWA,6.133566412502617e-05,7891,,,,,,,False,0.0
xkgbgwTlkhzwo4ya_eIW-g,6.129977097769176e-05,7892,,,,,,,False,0.0
AwgJYeQaefEdGI34fJcQ2A,6.129192175895686e-05,7893,,,,,,,False,0.0
UvMbtn9JNpmd6VADusTV3Q,6.129087356908409e-05,7894,,,,,,,False,0.0
zvXK340RFrQqaPU22U7zcA,6.122092895610784e-05,7895,,,,,,,False,0.0
6RBrYMiAf8jFJI4fDoQpcw,6.119737434976312e-05,7896,,,,,,,False,0.0
lkwj0-9Sc_anMVNlnuqYAA,6.119146703861574e-05,7897,,,,,,,False,0.0
fJPpi1toRgY6yocnc5ujWg,6.115868127318556e-05,7898,,,,,,,False,0.0
KyIkx19f_s99SvHD2Jz4OA,6.115781024052667e-05,7899,,,,,,,False,0.0
tjcbw-0JVLrjrEcWenio1g,6.11459067539769e-05,7900,,,,,,,False,0.0
-H6s1c2NRic5UKxXqi4FdQ,6.113297053272062e-05,7901,,,,,,,False,0.0
4sOLSCiwSdHhzcXC9Sd0xQ,6.110132398122187e-05,7902,,,,,,,False,0.0
cbG-YiFmhZ6AmGuuP6f64g,6.10947936058627e-05,7903,,,,,,,False,0.0
sjem0d3HOJrJRfGqpiNOdw,6.106145819763905e-05,7904,,,,,,,False,0.0
vADvPGRUDVpVdeprVoidHQ,6.104575911706976e-05,7905,,,,,,,False,0.0
XYBSsBx31fUbzIuW4ro1PA,6.103155957533331e-05,7906,,,,,,,False,0.0
otlORLZ8uZM3_orBFl2z7w,6.102832094601408e-05,7907,,,,,,,False,0.0
yWbLO04FlSDJzIZbKr8t5A,6.101606022796199e-05,7908,,,,,,,False,0.0
DDFnIMsUjCHVOE72y86TfQ,6.1010572353352166e-05,7909,,,,,,,False,0.0
MCxXobDMaNDCp4lwzUIlNw,6.10069594099069e-05,7910,,,,,,,False,0.0
HL36medghgieK8QCjnF1DA,6.099657717825681e-05,7911,,,,,,,False,0.0
bm5qHk46T4uGBxfaNejkyw,6.099251650143504e-05,7912,,,,,,,False,0.0
2XlnquSnBb1ayfsw3Lk71g,6.0986080127628994e-05,7913,,,,,,,False,0.0
O1Q_VOE-Tl2TJhM_Mi_eMA,6.0977019006719846e-05,7914,,,,,,,False,0.0
CSAJxLa_LeuIDe-lHrC03w,6.096413435797967e-05,7915,,,,,,,False,0.0
agXGQ4DH4SqxtJxBHKjWIg,6.093105261680709e-05,7916,,,,,,,False,0.0
1my6j5BxJysPqUkkXsKUFQ,6.0926908388198896e-05,7917,,,,,,,False,0.0
8uBU5Jnjz1IwnR2wCSO0Ag,6.09168416716535e-05,7918,,,,,,,False,0.0
u7MJKcNdZXYyTeb67vD5jw,6.089397876873395e-05,7919,,,,,,,False,0.0
vIqc98__17LMLk0ZCOuiLA,6.0869226334414714e-05,7920,,,,,,,False,0.0
ilDffunHCdBBOGFpUGn34w,6.086838330538043e-05,7921,,,,,,,False,0.0
8xM8akbQhHDQdJO1sPMB1A,6.086123416443361e-05,7922,,,,,,,False,0.0
I6L0Zxi5Ww0zEWSAVgngeQ,6.083928814076021e-05,7923,,,,,,,False,0.0
A6bawVXV5sa11LzXaI5asw,6.081991565664342e-05,7924,,,,,,,False,0.0
icGg8xgDJVufg-xptMrDGw,6.078734605526965e-05,7925,,,,,,,False,0.0
P-1Z19YDcmwpwEazmhJOvw,6.0758156965237496e-05,7926,,,,,,,False,0.0
QN_zsAFypp7lCuK7Txr-eg,6.075664838797765e-05,7927,,,,,,,False,0.0
gxAfvEbMFgwOPWpeYD8WMg,6.074954414748227e-05,7928,,,,,,,False,0.0
KPofPh5SmzKumg-PpbAEYw,6.07484000295629e-05,7929,,,,,,,False,0.0
M3LZKA-tVFRJyPeKA3_2OA,6.0694756364143686e-05,7930,,,,,,,False,0.0
YK3Kt4It6ACDYC0yrDQdCA,6.0666185167349645e-05,7931,,,,,,,False,0.0
OMIG0o6Jy8mppFO8ry5u0Q,6.0658732551556735e-05,7932,0.3,0.0,1.0,0.6931,0.3,0.0558769672846689,True,0.0
z5N7vgaNSBpjKT_gbY53sw,6.062991330017156e-05,7933,,,,,,,False,0.0
5vIfUavd23X3lBzjnnc4QA,6.062539475859057e-05,7934,,,,,,,False,0.0
LojIiUOGn5EEdluoytxubw,6.061392037049124e-05,7935,,,,,,,False,0.0
1J6QlHsJeXFTrL-mdjwjNQ,6.060342167661634e-05,7936,,,,,,,False,0.0
-0__F9fnKt8uioCKztF5Ww,6.059412686116355e-05,7937,,,,,,,False,0.0
AV9kGDvqvtWQZkOzJvQKIA,6.053420698433833e-05,7938,,,,,,,False,0.0
e7NPtfoNcTbL-ceQBsO0PQ,6.050339727676587e-05,7939,,,,,,,False,0.0
vNQVDDBhMfsXAQkK75Iebg,6.050156767201654e-05,7940,,,,,,,False,0.0
HaD5ujravYVhw-Ob2-q8Vg,6.048026833613442e-05,7941,,,,,,,False,0.0
tgUgn5pq8uThma4iB62WYA,6.047929167158869e-05,7942,,,,,,,False,0.0
71IDpjWYOP9ZVShNVm8FkA,6.047896059533819e-05,7943,,,,,,,False,0.0
UYIr1d1zJr3jVYhXOoxyLg,6.045844549313948e-05,7944,,,,,,,False,0.0
OSV4mS8wLuRAu5d1nkmaQA,6.045260249133063e-05,7945,,,,,,,False,0.0
7svjXaOKO5638eYiymNP2A,6.044857972987016e-05,7946,,,,,,,False,0.0
waamstonAxP48FXcJqxBfw,6.0443664724034073e-05,7947,,,,,,,False,0.0
dfMwNf78ttnEYXNRTIhXeA,6.0434742832042505e-05,7948,,,,,,,False,0.0
LAUvZGqjB6edmeD1RTX6fQ,6.040094559885294e-05,7949,,,,,,,False,0.0
gvAOc8vwczgVscNj-NN6hw,6.036760248746931e-05,7950,,,,,,,False,0.0
5ItU9P3LcOwGJzSGgzs1KQ,6.032736920634916e-05,7951,,,,,,,False,0.0
lYxKXvDZGX9a3RwGuu0tPA,6.032449599710113e-05,7952,,,,,,,False,0.0
FeMWRqfmWvVR1BPqBN3E1w,6.0291889560270113e-05,7953,,,,,,,False,0.0
KM9IUOILUKPQ6-g0oCxZ6A,6.02902437204477e-05,7954,,,,,,,False,0.0
YBxBdrzQZplVWNUymSGVug,6.0271779614955254e-05,7955,,,,,,,False,0.0
wlzn5BhVMS2Kz3BYcTZIRg,6.022090715917765e-05,7956,,,,,,,False,0.0
h2t4Fx4v9r0AjTJ7P9Su2w,6.021901057060538e-05,7957,,,,,,,False,0.0
pnR9ex4IWiYrnexU6qNP9Q,6.020759590642099e-05,7958,,,,,,,False,0.0
4cCiiDSJ3imRXtQznXPKPw,6.019127097131107e-05,7959,,,,,,,False,0.0
w_Ruik_McXjaJ1YqOLoaog,6.0170604255629055e-05,7960,,,,,,,False,0.0
TbFx64U4Gk2k-Yd0-0jpsw,6.015611000824445e-05,7961,,,,,,,False,0.0
FyuCXTESXWjQ_H44deA49Q,6.015347511465855e-05,7962,,,,,,,False,0.0
C9_UPkwXYx9B3fxNLkCHgA,6.012294944422996e-05,7963,,,,,,,False,0.0
0uAdNV5KUFOgbg42MhDwWQ,6.01213708134985e-05,7964,,,,,,,False,0.0
UM17blpuw4l9_K93KZyR4w,6.01050761970231e-05,7965,,,,,,,False,0.0
UMyRtM8TBLHrfDoA6us3zQ,6.01028078564976e-05,7966,,,,,,,False,0.0
2HsnioWszOnG0XPIDhrilw,6.0092080385580984e-05,7967,,,,,,,False,0.0
KwnSALoRCfIwa_IP5aHqhw,6.0086489091386084e-05,7968,,,,,,,False,0.0
pzGBno0OEeEIAjB45h3O0Q,6.0082709936517544e-05,7969,,,,,,,False,0.0
SjiRaZoWaDpkCCpq5SsrMw,6.008056952348062e-05,7970,,,,,,,False,0.0
2IbyhYMs-JpZTxPNQ2ICQw,6.007116444877892e-05,7971,,,,,,,False,0.0
VA3WTqU9b88Zgck34s-0sg,6.005266962896746e-05,7972,,,,,,,False,0.0
AjzEFdI4hheVodEJZLLJzA,6.0025566811449476e-05,7973,,,,,,,False,0.0
4xsB0nDdU2HPQcRGiDuRoA,6.000781646983658e-05,7974,,,,,,,False,0.0
OO5oDYrIYlJaoFAFetrW-g,5.999272561496609e-05,7975,,,,,,,False,0.0
XF1P01OV8o_tB52oo36_ZA,5.997611051002179e-05,7976,,,,,,,False,0.0
aDSfrxqOf8lelQ9Ofqt1tA,5.9919284681163605e-05,7977,,,,,,,False,0.0
5eJcO6AGTntwC-KM3O4usA,5.991538429731232e-05,7978,,,,,,,False,0.0
f2HDMXD5o_-HNDSrUR1n0Q,5.9909759124325004e-05,7979,,,,,,,False,0.0
luwB0KsvoiXUewBvRdcYiA,5.9898633390292595e-05,7980,,,,,,,False,0.0
r-EldXbu3BcEPGudSu0EZA,5.988502838671858e-05,7981,,,,,,,False,0.0
eSI0OtM5lcv5W_gqoJPCiQ,5.9863072630102066e-05,7982,,,,,,,False,0.0
NwXPU4XBNFCpltHf6TlkHA,5.9817459981311524e-05,7983,,,,,,,False,0.0
i3GAJ8IL6z_jXj9GLkpFpQ,5.980511827714505e-05,7984,,,,,,,False,0.0
zaOhxcCakvXke6FQRcFg2w,5.978239601821733e-05,7985,,,,,,,False,0.0
yvk6mmjToQHHqeT17nrQ_A,5.972463281679769e-05,7986,,,,,,,False,0.0
ezq75k5TyS_c38jjmQADNg,5.9718003799783635e-05,7987,,,,,,,False,0.0
RtJC7xavgAxOITQyAlGCbQ,5.96768102394254e-05,7988,0.525,10.5404,2.0,1.0986,0.2625,0.08987415985580063,True,0.0
55yVwtNPAHIYp2t6stJKHA,5.9671243454221536e-05,7989,,,,,,,False,0.0
RIXWht1pZG8pe1SJk5hhXw,5.967039731130441e-05,7990,,,,,,,False,0.0
vH7J9jSry4QgOR1MqTuRLw,5.966577835697303e-05,7991,,,,,,,False,0.0
9QWwqxQkG8Q_cwvkRwPvYQ,5.96616527593215e-05,7992,,,,,,,False,0.0
_7TAm2XyzahdDRDDE-Xb8A,5.962729325044983e-05,7993,,,,,,,False,0.0
mLWsfI_NGEFyEEDyzwBfxw,5.960943578229444e-05,7994,,,,,,,False,0.0
pds8bhq4azIP28OhTiLsDQ,5.960321236062893e-05,7995,,,,,,,False,0.0
iXPEyHqvaDUWLn4pw-58Fw,5.958342618378066e-05,7996,,,,,,,False,0.0
-qZ3GVQpEa02BXg1ehzaMQ,5.957646891596606e-05,7997,,,,,,,False,0.0
ZFcE6HItnUzgGPM0Uxm-DQ,5.956437020586676e-05,7998,,,,,,,False,0.0
oS02owt-XB2RtDbogYyn-A,5.9530498947359477e-05,7999,,,,,,,False,0.0
AefQvASk_wyVDDXIlVoWKQ,5.950118767091486e-05,8000,,,,,,,False,0.0
o7maiIUu3OmqMvmUB8YW-Q,5.948203144125508e-05,8001,,,,,,,False,0.0
4cdS6DLtYIQfcpe5w_PyyQ,5.9473891313982674e-05,8002,,,,,,,False,0.0
p761BGYIhxRozawwS7XrsQ,5.947111869352011e-05,8003,,,,,,,False,0.0
pxj9d7QlRzR-bF4rJFCRhw,5.946439972326784e-05,8004,,,,,,,False,0.0
4WAgExw8IOQ_mcN1DUy4Iw,5.944480692686421e-05,8005,,,,,,,False,0.0
9CcYG7sneFNwy09sp7GKuA,5.9438534339329994e-05,8006,,,,,,,False,0.0
IQ-FUxpwpibrfOpj6d8Asg,5.9434141738197256e-05,8007,,,,,,,False,0.0
HqjKx2lWhVa8jjhPNkkLEw,5.9402623412343596e-05,8008,,,,,,,False,0.0
xCFnaOepneUAace3dYgfqg,5.9400174081960334e-05,8009,,,,,,,False,0.0
_ouits0qM3TBR8l39sCNHA,5.938093269035326e-05,8010,,,,,,,False,0.0
asbWAc2-Tu6hUf3f21-e4A,5.9373415064430914e-05,8011,,,,,,,False,0.0
cwzn8WC2mIUvC4DaXqhsSA,5.937310282488163e-05,8012,,,,,,,False,0.0
ZdJgP7puNRex0Hy4PWIcAQ,5.9364649649938075e-05,8013,,,,,,,False,0.0
ttmO7eejS-ZkDMSnuVn4HA,5.932538700510953e-05,8014,2.4,0.0,2.0,1.0986,0.2,0.2606332836345684,True,0.0
nLCZiZrqZ3LtdifCv8et7g,5.932401778135273e-05,8015,,,,,,,False,0.0
W3oTrqqIEvE5LOgnFPZVrQ,5.9319763026504745e-05,8016,,,,,,,False,0.0
vP08ToWNiC3y_fLgNgMhCQ,5.9273160392073266e-05,8017,,,,,,,False,0.0
1JxSgUivApwcRYFnXw23cQ,5.9251654789167344e-05,8018,,,,,,,False,0.0
M1KxFuaHGggIG2g_Z9qsPg,5.923063230328861e-05,8019,,,,,,,False,0.0
QO0ARm4gC4k5JQAWmtGMKw,5.9194539887292326e-05,8020,0.8682,1.3008,1.0,0.6931,0.217,0.13310398836486353,True,0.0
-HL8513QTgQ50vWjtg2Dyg,5.914271055824214e-05,8021,,,,,,,False,0.0
p6yHZaiijFq4b4P3sYSRjA,5.913978312703816e-05,8022,,,,,,,False,0.0
lT_VFhU9AF7DiV0s_9XIJg,5.9128884207425404e-05,8023,,,,,,,False,0.0
Bs4VAkR4X1kDaB4Hb7oIKA,5.912142431067724e-05,8024,,,,,,,False,0.0
DCH4TdnevyrZ0BlTPzgMgA,5.909760981547364e-05,8025,,,,,,,False,0.0
T6OtDhpyfyI_ZCK5zE8UuA,5.909277614531491e-05,8026,,,,,,,False,0.0
y6qX5EfymzNEei5Ry45hHQ,5.907703964059237e-05,8027,0.9616,0.12,1.0,0.6931,0.2404,0.1434939763433481,True,0.0
RdFgbrE_8sf6NImEMopaPQ,5.9075179642585536e-05,8028,,,,,,,False,0.0
BRXYWO_BPuLZqDjuDERLTw,5.9056024261284596e-05,8029,,,,,,,False,0.0
0jDPdf7kIkjZuNDNVH8Qew,5.9045166447264264e-05,8030,,,,,,,False,0.0
sXSUzImYOcRRI3xtG2M85g,5.900459267005148e-05,8031,,,,,,,False,0.0
vHAO6KAlcvt1dpIWVkFdCA,5.900345476873085e-05,8032,,,,,,,False,0.0
uM1ahq0ZG5utDIV3JwjHyA,5.899925210607632e-05,8033,,,,,,,False,0.0
Swk_Fdv-gRY8zUT2ft18Kg,5.8997966255168405e-05,8034,,,,,,,False,0.0
y8RbDyDJd-zGcgThqIZWDg,5.898622370185596e-05,8035,,,,,,,False,0.0
vKCIQCvbWV9_NXpQI0iejA,5.896670562373994e-05,8036,,,,,,,False,0.0
kI173572bzkLY8MozgF_jQ,5.892245320330017e-05,8037,,,,,,,False,0.0
_l05Dd6BKBAiJKX71bLq6g,5.8904376417587425e-05,8038,,,,,,,False,0.0
cunUzAOeA9fdB8lwNGROtA,5.8901955715820865e-05,8039,,,,,,,False,0.0
Z1AcC_khlMgMamH3XtH3-A,5.8887530133170165e-05,8040,,,,,,,False,0.0
oxsTUf9HsYXVdJSXsJdabQ,5.886014140556509e-05,8041,,,,,,,False,0.0
RA4MK-QyDxezQzYgliHHCg,5.883133938645668e-05,8042,,,,,,,False,0.0
5GUA13zYgw4_8F6qUMU_LA,5.880107744366192e-05,8043,,,,,,,False,0.0
RMZOOXWt6S0FkzjsuwjP0g,5.8792797971361476e-05,8044,0.4,0.06,1.0,0.6931,0.4,0.0716600951583194,True,0.0
ca84zCcwO52EgYChKTseLw,5.874345985836866e-05,8045,,,,,,,False,0.0
jSYu2apG1uYq3eNzSA-OHw,5.8742425816169245e-05,8046,,,,,,,False,0.0
vLobB_Q9BB6cJDE_P9KsHQ,5.86990595090593e-05,8047,,,,,,,False,0.0
Jk7abQBp7BTOt7c5F88Jwg,5.869243502929177e-05,8048,,,,,,,False,0.0
2rv-W-PBYciHvOhruq8rlg,5.869013109971894e-05,8049,,,,,,,False,0.0
KobS8yqBelXH11gaIhZJSg,5.868521635613475e-05,8050,,,,,,,False,0.0
C0W9r59JJld8ZfJ3hEQQWA,5.8681786108566584e-05,8051,,,,,,,False,0.0
T6HVr4su70-JEo0XDDV9dQ,5.8653922663176604e-05,8052,,,,,,,False,0.0
UmIOlyZo4ehT9SlsC3Qa5w,5.863943735290739e-05,8053,,,,,,,False,0.0
gad7BwCpIO3_XOvo8aosJw,5.8638201927843976e-05,8054,,,,,,,False,0.0
awP8K5-rmX6lfPy3CDCvsg,5.86354243302434e-05,8055,,,,,,,False,0.0
jJ4zZY2cZj6VRY5pUL6lIg,5.861898949565742e-05,8056,,,,,,,False,0.0
29YqJwOGEuAWqlHZxMc1OA,5.859571434009416e-05,8057,,,,,,,False,0.0
t5-yexCcAQaxuPw6EZZwnw,5.8584821091430904e-05,8058,,,,,,,False,0.0
Zo4JTq141zH5ggZqX7A7bA,5.8534781537741125e-05,8059,,,,,,,False,0.0
sRJFxyCjZnmXuZLk6uKW6Q,5.852692184898513e-05,8060,,,,,,,False,0.0
hN4B1kS8J5MQykKxrYXB_g,5.845156355033527e-05,8061,,,,,,,False,0.0
1X1vMLF6VnEwOqOrPuWQNA,5.844919509537088e-05,8062,,,,,,,False,0.0
Wl0NHi-9yIbBElYEvpTEHQ,5.8448577530845474e-05,8063,,,,,,,False,0.0
Rhou4pBQXvlPdw6YAP0VRw,5.839013517594428e-05,8064,,,,,,,False,0.0
2JK2p9X5FftFxNwbqWdkdA,5.8349177251534956e-05,8065,,,,,,,False,0.0
IjulL_5PvUyJJyIHNQtu-w,5.834577149503724e-05,8066,,,,,,,False,0.0
61vAJBC0E_fGjKDEYXJ2Zg,5.8285246970379736e-05,8067,,,,,,,False,0.0
MKnde7vpyigJIn76p-85cw,5.8263357669164517e-05,8068,,,,,,,False,0.0
XVoCYNFCAG8CrLYgYSIe1A,5.8259721776446817e-05,8069,,,,,,,False,0.0
ul97zyH40F8OMTwRIgJqDQ,5.824751292654165e-05,8070,,,,,,,False,0.0
jiWx3be6Q6KftyK9M1_mwA,5.8236059932911515e-05,8071,,,,,,,False,0.0
YN3Od6UktX_WJ-TCXoYfvw,5.819355485351223e-05,8072,,,,,,,False,0.0
UiJiURqivPDuvMsFgRF3yQ,5.8190656352269766e-05,8073,,,,,,,False,0.0
_3Cv3TGUPMgnq7aADi13Wg,5.814095853841467e-05,8074,,,,,,,False,0.0
G-LyXtmdMt2t1IGHhCUKTA,5.8127890865879866e-05,8075,,,,,,,False,0.0
GiU2GxSq-LV6pw1LWpaWLA,5.8108251165298595e-05,8076,,,,,,,False,0.0
-Zb5_s9g-Jo5j4ntcvHK6Q,5.804275111583448e-05,8077,,,,,,,False,0.0
Qe7PItqlut81ypED4uQpiw,5.803137631759957e-05,8078,,,,,,,False,0.0
dmylotBWcIExhwyyft5bIw,5.799778412959624e-05,8079,,,,,,,False,0.0
T1ujc3o1TVkr0DIc3kCjHQ,5.786140155088541e-05,8080,,,,,,,False,0.0
GkuKfHyDtTeBlB0BAC_u1g,5.7835154283407154e-05,8081,,,,,,,False,0.0
cF3ncOTRBxk8QLF2vBX-7g,5.7773364862208606e-05,8082,,,,,,,False,0.0
nrlYIT438hkDub2ifE8DHg,5.776188935582334e-05,8083,,,,,,,False,0.0
_1aCRm_YRJ1x9RagRHltLg,5.773242508074379e-05,8084,,,,,,,False,0.0
DoKwhPThHtweIg-fWcjGgQ,5.76978871036666e-05,8085,,,,,,,False,0.0
Uq1o6DXKALmjdElXp4mEtQ,5.768817505158976e-05,8086,,,,,,,False,0.0
2jwUldEzfMAjPQVCgljLCg,5.768137552295993e-05,8087,,,,,,,False,0.0
Pz4BjuaA6cjF0FeC6j-dmw,5.760663664008736e-05,8088,,,,,,,False,0.0
ip4LFXDktVPxnyq2Ld5i0A,5.7606312437811704e-05,8089,,,,,,,False,0.0
lzwyq1FaMcR24-5qDiEDHg,5.7563209044420227e-05,8090,,,,,,,False,0.0
qHqh7Zt8Wckr1-ylCOaiDw,5.751017020094307e-05,8091,,,,,,,False,0.0
6FX09pOrazvGT9s6_nQ7CQ,5.7498606905458436e-05,8092,,,,,,,False,0.0
7o-p4IlitJ-SbSCZ84vHqQ,5.739618459655624e-05,8093,,,,,,,False,0.0
_-otZU2dbPrEZyaVSMmvDg,5.735533450644928e-05,8094,0.95,2.4815,2.0,1.0986,0.3167,0.14223080295973245,True,0.0
PGd06nrseC2YAIqP6S9gUA,5.729482481307815e-05,8095,,,,,,,False,0.0
j39XNl7bqQ_zSaHimsyBpQ,5.728475662538137e-05,8096,,,,,,,False,0.0
c7GJVA-6lQxcH6QkrRiW0w,5.728051409521723e-05,8097,,,,,,,False,0.0
FdLLsltA19IYDvz6CIOHzg,5.7258370084392086e-05,8098,,,,,,,False,0.0
MVGzq4J1vOaXOfbewCD0jg,5.7212434810809544e-05,8099,,,,,,,False,0.0
3rS9fNuUmpMdCP3AFiQKQw,5.718680795000699e-05,8100,,,,,,,False,0.0
wGhd5EmqVwxlKLZPkca1lQ,5.7183685736779695e-05,8101,,,,,,,False,0.0
GWgiPFdz7rgc3DS-pTkMWQ,5.717965412095717e-05,8102,,,,,,,False,0.0
VpK-Q7tzCyAZUjIv19-TFg,5.716714848505488e-05,8103,,,,,,,False,0.0
IOZrqUQ2Jg6UeQ5CWpsmkg,5.7158364970512956e-05,8104,,,,,,,False,0.0
Y2jDVmMpRzQRg6HkNvQc8g,5.7158222393905684e-05,8105,,,,,,,False,0.0
P0XD2z0VYEW6VnC7wIPPMw,5.710129668391877e-05,8106,,,,,,,False,0.0
wBa-Abx8y5SLOqbohCA4nQ,5.7066374820124454e-05,8107,,,,,,,False,0.0
x4CW-FWI7BslcgBYK3gcDA,5.706574411999873e-05,8108,,,,,,,False,0.0
X3Qa-dXb2DFdZZ2UnAfSVg,5.705847779097541e-05,8109,,,,,,,False,0.0
3tdQCw6mdSTHMNTV0iyX8Q,5.704206789627346e-05,8110,,,,,,,False,0.0
0liks45enqVRV3_ORP2wng,5.70319967353411e-05,8111,,,,,,,False,0.0
Hj44PIrCtv61ETVclzLMwg,5.701810993909038e-05,8112,,,,,,,False,0.0
5LfCqtP9rUEN9lzMZ1Q6WQ,5.688553936985228e-05,8113,,,,,,,False,0.0
uppHXQH6tuNFtqxT8dRHig,5.6878716016943266e-05,8114,,,,,,,False,0.0
YMdXDiRiNoKEAFen3XUWFw,5.6814150896239834e-05,8115,,,,,,,False,0.0
laBlOr7v6w7Sf5yxbHhAcA,5.677660064216564e-05,8116,,,,,,,False,0.0
eCZ4jBuyOjVhkrTMcXR0Yg,5.6749054354553005e-05,8117,,,,,,,False,0.0
1_6ZbyrDRJz3aTSsm5AgQw,5.674199756596546e-05,8118,,,,,,,False,0.0
NXaw6ox4vQkLfQ13sq_oGg,5.6717879747963564e-05,8119,,,,,,,False,0.0
3HuJFaspIb8fW2zQh7CP1A,5.67089017589234e-05,8120,,,,,,,False,0.0
_l2qMhWrwrYp-HoiBkfi-Q,5.669520588730898e-05,8121,,,,,,,False,0.0
SAfcQECTvbjL_go6qn7gHQ,5.6671294381828024e-05,8122,,,,,,,False,0.0
nAFlaqJwr3RspnWlnFxy7g,5.665187293250368e-05,8123,,,,,,,False,0.0
6JjUFam24kazPf29gR-ZfA,5.655847478312682e-05,8124,,,,,,,False,0.0
TiisuaP4gaBbIKeJ1LVCmw,5.654356008650549e-05,8125,,,,,,,False,0.0
xsbUN2133MlOmQlAqRPVtA,5.6533969047022654e-05,8126,,,,,,,False,0.0
VPIHVHsO_vTk2lnAcYxARQ,5.647809379321696e-05,8127,0.28,0.4221,1.0,0.6931,0.28,0.05257496681747921,True,0.0
dRMkNHJbUwHWY56vem8V_w,5.645556656452299e-05,8128,,,,,,,False,0.0
WLvBB90skD_i757VJHI_WQ,5.6446904964101196e-05,8129,,,,,,,False,0.0
J_U_Cx2DiKH0t5Ue6KpcnA,5.643589490538434e-05,8130,,,,,,,False,0.0
um8npcImasA0sPITsPB_Hg,5.6402322976173116e-05,8131,,,,,,,False,0.0
rxkYwRxChYy8KlBcLEOAfQ,5.6347931035621904e-05,8132,,,,,,,False,0.0
04l8PYcuYQeEkEhJCbhtOA,5.631959854671787e-05,8133,,,,,,,False,0.0
P4XXOAvrAnHXd0tUWO8-fg,5.63179233813872e-05,8134,,,,,,,False,0.0
chktpCblpN5Kd_yskQXreg,5.6291119407981814e-05,8135,,,,,,,False,0.0
Hff3OTS8g2nwX7RqCgI6vA,5.62778641388704e-05,8136,,,,,,,False,0.0
uSBO3RM6JTbckZ63PEIW2w,5.623556774749271e-05,8137,,,,,,,False,0.0
8BVWeJiwsP3TxUBovBF9Sg,5.6211899862001836e-05,8138,,,,,,,False,0.0
Ejeicx8j1gvBDyI1w9lZlg,5.620584399559997e-05,8139,,,,,,,False,0.0
9CRWWbw3iOo4-9FMAO6nKw,5.6198041511123335e-05,8140,,,,,,,False,0.0
o59FKrkVKag4bzAjyH64SA,5.6190500590966177e-05,8141,,,,,,,False,0.0
bZcW_CPll-WaAgciSLPyrA,5.6137497527685176e-05,8142,,,,,,,False,0.0
fWgIjclFlprhS90KH9ltiQ,5.611242750233631e-05,8143,,,,,,,False,0.0
xwAj5spllAq9s-eCAHB3oA,5.6108404103177616e-05,8144,,,,,,,False,0.0
1PMAO9O8iQ3gIZlPEaJN3g,5.6070763352127416e-05,8145,,,,,,,False,0.0
biGlvJh1Fn__C_H41OU3lg,5.597847739410008e-05,8146,,,,,,,False,0.0
UxPNpzKEC4FpdidHz8MCcA,5.596754633903941e-05,8147,,,,,,,False,0.0
he82vMgfTyBOROrJBD7FYQ,5.5961449954715294e-05,8148,,,,,,,False,0.0
gqKhZNdJ-4GiwnU6s30CcA,5.591652148098051e-05,8149,,,,,,,False,0.0
Mz-CgPqdwdLZYiOt0sPSlA,5.58757765074583e-05,8150,,,,,,,False,0.0
JuWE5ywjzZetPaanM8QQfg,5.586681479899546e-05,8151,,,,,,,False,0.0
0784txBW2zSqStI7Xzw6GQ,5.5821161372063864e-05,8152,,,,,,,False,0.0
j6TDQvbRoMszGR0hyaVxvw,5.581112663149379e-05,8153,,,,,,,False,0.0
Bo_TnA3HGE12c7vJ91UCBA,5.5735524565153834e-05,8154,,,,,,,False,0.0
J5CxTCM9nL_s-qYByTiNgw,5.573338880554562e-05,8155,,,,,,,False,0.0
9g9wQVMGXZRJaQccBU9c6A,5.570153048284739e-05,8156,,,,,,,False,0.0
SBs30RyeoiEU2LjeiH1YFQ,5.5678675477287126e-05,8157,,,,,,,False,0.0
to6wzDW0qBkrY6zttmngZg,5.567637708362105e-05,8158,,,,,,,False,0.0
zX5bp2_1O9cJFQoGOjFwyA,5.5650446545424373e-05,8159,,,,,,,False,0.0
LL2Ys1b15RVy9LCv7amnSg,5.56449781055623e-05,8160,,,,,,,False,0.0
0bFgBWMmCTXwGT932s6z2A,5.556949064124618e-05,8161,,,,,,,False,0.0
i3WqokVQlXjOYrqeyi5AiA,5.552021339512252e-05,8162,,,,,,,False,0.0
Qdt45UfQRMCy7Zdeq1UcvQ,5.54654352722509e-05,8163,,,,,,,False,0.0
1yeVKNQRYPCeQtADajZ9Sw,5.544746317102031e-05,8164,,,,,,,False,0.0
yL1yC5OOawjSamAb9Wjm5A,5.53841928780563e-05,8165,,,,,,,False,0.0
lmx66dQekwC0FkCCp39xww,5.53734469192824e-05,8166,,,,,,,False,0.0
-RLJlk68dmL--ff0lsP0JQ,5.535789731389553e-05,8167,,,,,,,False,0.0
cquDeQN7gzg72tcI4hi9Rg,5.5353125511909016e-05,8168,,,,,,,False,0.0
A9VBvn-H5EBil-7vmR8UVQ,5.5235311056715076e-05,8169,,,,,,,False,0.0
5RZPAro3mrnVVIQ9FESIyw,5.523034235960416e-05,8170,,,,,,,False,0.0
n_RyzuCAiR4yW2JLkl0Jng,5.517339022298741e-05,8171,,,,,,,False,0.0
zaCX8VFkfunbp3yH60Zg_Q,5.5118399758908054e-05,8172,,,,,,,False,0.0
II1ZGMmA0BLGV-EmhPkrEA,5.511682759753677e-05,8173,,,,,,,False,0.0
AUzVAJpsqxCpUz7ktn8QWQ,5.510407324296142e-05,8174,,,,,,,False,0.0
NgH1W4V9ZCOkAeGJQ1ON6A,5.5088355955896017e-05,8175,,,,,,,False,0.0
AorcIbAAOJI7z0CBwICwoQ,5.500736048590288e-05,8176,,,,,,,False,0.0
qS7uSZdQ3f0HqYSSaiYQ3A,5.494403488808254e-05,8177,,,,,,,False,0.0
5IcW2DreCu5zrDpll01BzA,5.4931559336670276e-05,8178,,,,,,,False,0.0
6PHK5X5u3A8urE-1QDZEag,5.484113376851642e-05,8179,,,,,,,False,0.0
G3fZGozLaJjIVU08mXk5qQ,5.4818169291783794e-05,8180,0.35,0.2763,1.0,0.6931,0.175,0.06391470472688643,True,0.0
OYurSs6SJYqU1cvEivz6xw,5.469127865938389e-05,8181,,,,,,,False,0.0
KXVn1sHOBrLvARWYUhI-lg,5.4683096551633684e-05,8182,,,,,,,False,0.0
i9ASBmmIJS3RjN_UP-TtKw,5.4671506239192844e-05,8183,,,,,,,False,0.0
IqocLKWSjSCCRakMon52dA,5.464631302712343e-05,8184,,,,,,,False,0.0
ynwPpC1G2vn-BC9p_dO4Qw,5.457606306051096e-05,8185,,,,,,,False,0.0
K8NZT_j5bCCYvByzXFLe-g,5.450109089085729e-05,8186,,,,,,,False,0.0
l64m-rYrUYwUHOoKlJnAOQ,5.441581567358142e-05,8187,,,,,,,False,0.0
7grEnJV48N6BxbEP3uxISA,5.4336779253884364e-05,8188,,,,,,,False,0.0
r_UPGh9GHMyBhPVMKVxRuw,5.428776389054816e-05,8189,,,,,,,False,0.0
Y6tnZeHMvK7feBa655lk4A,5.419801690186899e-05,8190,,,,,,,False,0.0
alIV10COVIoLpd8-jqAx-Q,5.418271311451632e-05,8191,,,,,,,False,0.0
0VlGRVZ2z62KXgZCc7b5Kw,5.409375545211391e-05,8192,,,,,,,False,0.0
Aj44kUBmEfJlUsGCvKJKtw,5.4073725780462885e-05,8193,,,,,,,False,0.0
mFWFtD6bXdpLz8bDXe-LHw,5.3992136253135125e-05,8194,,,,,,,False,0.0
-bOcJEs8imqtSXwG644k1g,5.3971167561972485e-05,8195,,,,,,,False,0.0
jlaktBNmve9FMOAlsG6PwQ,5.3932024092557876e-05,8196,,,,,,,False,0.0
NQn2fIomrrMXXUxZXH99YA,5.3883981643755166e-05,8197,,,,,,,False,0.0
9_uigKs9GCwg9dFKkq_Kfg,5.382410583765132e-05,8198,0.0,0.3241,0.0,0.0,0.0,0.0,True,0.0
YEIZTgcM95btX9n_ibeUuA,5.382027753560474e-05,8199,,,,,,,False,0.0
ZhExDd48ZtOj2DFjXPgfpw,5.379484839452323e-05,8200,,,,,,,False,0.0
1N58_B4IsWcj19QZyJdzag,5.372862817478595e-05,8201,,,,,,,False,0.0
2dVJ7R-3JMmu2v4DJYtBbw,5.3713008159407915e-05,8202,,,,,,,False,0.0
_zDW4XPZ9w0Yvg6cbSeffQ,5.369651094863365e-05,8203,,,,,,,False,0.0
UBriJCMES8rsmY0SiYjtSw,5.367277078330358e-05,8204,,,,,,,False,0.0
Kta3IXWH8TjCBR-0mE5vgg,5.3649700609905046e-05,8205,,,,,,,False,0.0
elX9a3nvGMSweRaMWgSb0Q,5.364316924318289e-05,8206,0.525,0.7231,1.0,0.6931,0.2625,0.08987415985580063,True,0.0
Rvgiu99ueTM0i_a7TbsB1Q,5.362524861950742e-05,8207,,,,,,,False,0.0
jgJXtO7dJvMcWL4ERbS4jg,5.3509984606402024e-05,8208,,,,,,,False,0.0
sIgFetlP6tX1vYWYjkyq1w,5.350287336644418e-05,8209,,,,,,,False,0.0
8tsgnMFsMHuMIgrdjpEHLg,5.3459398793794134e-05,8210,,,,,,,False,0.0
x5-7JNoYyh8VgCp5pCsiUw,5.3422279124499445e-05,8211,,,,,,,False,0.0
GJ9hLjmKZ_9fmw2XuRhAzQ,5.334502679787717e-05,8212,,,,,,,False,0.0
WW_qGCrcNqACvA8NLK5AMQ,5.3294562710461386e-05,8213,,,,,,,False,0.0
ACYt-FtXTGBEsA0P36s4Cw,5.3245526623102645e-05,8214,,,,,,,False,0.0
pTpZS84EQhvZaxhq6SSWNw,5.323522445429585e-05,8215,,,,,,,False,0.0
ESXii9Bwivm0HXcAZxlvBA,5.321362895135259e-05,8216,,,,,,,False,0.0
QlgkDPk0aS19t8L4aKT2zw,5.3152526299462936e-05,8217,,,,,,,False,0.0
TvnqERlxc8lFnpERkP8JCg,5.314472108745693e-05,8218,,,,,,,False,0.0
2FSMRmpCjkbAY615yJp_Qg,5.3119390961956715e-05,8219,,,,,,,False,0.0
mXnlC59Wqe_Q8lAxmchBJg,5.3101169984436715e-05,8220,,,,,,,False,0.0
GGW9w93__Y1wFkjMJA3Ygg,5.309337787212686e-05,8221,,,,,,,False,0.0
D8lk94uMutsYM0dqBYAFfA,5.304104655417536e-05,8222,,,,,,,False,0.0
i32_0bfMEpQxV_q556R6kA,5.289585962991386e-05,8223,0.2316,0.0,1.0,0.6931,0.2316,0.04436565416223666,True,0.0
ZzeRdxutUqZ4CJ7GEA4GlA,5.288259542208761e-05,8224,,,,,,,False,0.0
dHaml_FHbs_wSyl6vvKpxw,5.279653630337458e-05,8225,,,,,,,False,0.0
tnkBdiiMcBXe9jutifP4sw,5.276351833855682e-05,8226,,,,,,,False,0.0
GNSiXp4UpopespSb49upUw,5.2717206544551174e-05,8227,,,,,,,False,0.0
WyV5R02-feXJUTIs53Cm-Q,5.270896488768796e-05,8228,,,,,,,False,0.0
FNsMxoaTa-HCbAxP0Baj9Q,5.267153151411063e-05,8229,,,,,,,False,0.0
spm1KEE-5jAJVTE0ldpzFA,5.264848538266036e-05,8230,,,,,,,False,0.0
GuoxUKwFBAZNiQ5vN5CNJQ,5.2533876446434335e-05,8231,,,,,,,False,0.0
bjxpXg1gOwHsN_yaVzJCWQ,5.24288910363451e-05,8232,,,,,,,False,0.0
KgT-7ufhMfSgboGenmIGBA,5.241166016441503e-05,8233,,,,,,,False,0.0
N3_LDzsfR0Xai9CCI3pUsA,5.239640631316045e-05,8234,,,,,,,False,0.0
-RZEK75brNtAA6QmDU365g,5.238491427591025e-05,8235,,,,,,,False,0.0
PATq-61JTih0fmhoXSl2Zg,5.232135221779612e-05,8236,,,,,,,False,0.0
Wryh0Nc-YrLxdntgA0x2Wg,5.2318727556527573e-05,8237,,,,,,,False,0.0
2CDVg_FOYIGov_8VMzsjrA,5.230708500370459e-05,8238,,,,,,,False,0.0
L9QTAucz_in5f-ufCrvb1Q,5.230205359092945e-05,8239,,,,,,,False,0.0
tvmoUTS2O3EP2swVoEipMg,5.230136284523171e-05,8240,,,,,,,False,0.0
F8L-u2wn5zMNVA5NZNL06Q,5.228039072996146e-05,8241,,,,,,,False,0.0
0iHHsSqphxrBWWecYEJcuQ,5.224969251892331e-05,8242,,,,,,,False,0.0
2mBzfKvAM4kSU6Gm9WS7lg,5.2197265076325787e-05,8243,,,,,,,False,0.0
HoXdBq2Puaj69d8z6lgiVw,5.2161663249748326e-05,8244,,,,,,,False,0.0
TYSI8iapliyWOAmNi2RJzg,5.2156430633878044e-05,8245,,,,,,,False,0.0
7cr-FYscJgV6rDnV7Wantw,5.212002094966115e-05,8246,,,,,,,False,0.0
ABp0BSeiYty6EpVW2ScO-w,5.205174618552815e-05,8247,,,,,,,False,0.0
dTDBXOnGK0w96L79P92AbA,5.198590105128612e-05,8248,,,,,,,False,0.0
GTmwc3AWVB756gDiuHwtuw,5.192600893877318e-05,8249,,,,,,,False,0.0
iQ_JNYzwvhSsToR4EHl4cA,5.178296036657505e-05,8250,,,,,,,False,0.0
88CBVHYANgrKdP6Ns9ILlw,5.1649484867019005e-05,8251,,,,,,,False,0.0
i-DkBuzDLRjs1KBb3jEkjw,5.163766735907853e-05,8252,,,,,,,False,0.0
lTqAGjcQHeY3eTXBTIcvkA,5.160130879572072e-05,8253,,,,,,,False,0.0
Trag_neVzNhujsh-hdfg4g,5.15994052933859e-05,8254,,,,,,,False,0.0
r5sQtvsO4OVJgEH5H3uEAg,5.1507230274094084e-05,8255,1.05,1.4462,1.0,0.6931,0.2625,0.15288176047490556,True,0.0
pJlg7kXLJC5HFNTTSINNhw,5.14657553355376e-05,8256,,,,,,,False,0.0
UFrQh57qgzUx2wgTs8mZ0w,5.146346525095638e-05,8257,,,,,,,False,0.0
6vJyfndJjC-LVbfa3MdyzQ,5.1331244924106855e-05,8258,,,,,,,False,0.0
3lLHM-cAPU5VwJC7u7581Q,5.1186171555164234e-05,8259,,,,,,,False,0.0
FtmlfXAZISZYoZOZJ5o-Cg,5.1181103448006566e-05,8260,,,,,,,False,0.0
DZdE09qqCcX7Atf3Df7Yqg,5.115505596770699e-05,8261,,,,,,,False,0.0
gnn0wUyQP8foe2_vkIT4fw,5.101086808806456e-05,8262,,,,,,,False,0.0
eYQIJF48xAOCrmtLXdv8iA,5.0793104641391356e-05,8263,,,,,,,False,0.0
dUoSaa5JPSNCmI_vg3mbsQ,5.07704437095157e-05,8264,,,,,,,False,0.0
JfW344tAqcRaDWbyIpp0Wg,5.072674331402089e-05,8265,,,,,,,False,0.0
9SDMmYFtwSeQ7-ynEI2cgw,5.0704939414539676e-05,8266,,,,,,,False,0.0
aP7i24EyIaVMmMWEvPs-nw,5.0658465079052345e-05,8267,,,,,,,False,0.0
epGYbd0_OeSxsSkw-Kx5Rg,5.0635751663087e-05,8268,,,,,,,False,0.0
6O2dPoOJI-TDWPdw4rG09Q,5.0611959938721035e-05,8269,,,,,,,False,0.0
MYVWCT18urcDDPl7nJ5cFg,5.059811410332584e-05,8270,0.0,1.2962,0.0,0.0,0.0,0.0,True,0.0
EI-7c_Zpd9HhBiVywzkIBQ,5.05553185609932e-05,8271,0.4197,3.971,1.0,0.6931,0.2099,0.07463606502489009,True,0.0
oGS8C5zuCqqj8AbsH7R8Uw,5.0518681024905536e-05,8272,,,,,,,False,0.0
FEFi0AmjHzgSceeLYW3Glw,5.0514961594320505e-05,8273,0.44,0.2809,1.0,0.6931,0.22,0.07765978102957709,True,0.0
y5fT2Nx49cWtmQTJzkphmg,5.0478133004138024e-05,8274,,,,,,,False,0.0
DTgQCDiGPk_LS4LMWD2o1w,5.047526186622841e-05,8275,,,,,,,False,0.0
Rbd9lrMElo7Tzt_v1UvKxg,5.0470647177427124e-05,8276,,,,,,,False,0.0
dqhpX2YseNDqoWQCQWSc2g,5.042083257617215e-05,8277,,,,,,,False,0.0
vpAgKeDIdzEtsqdSn8yHUw,5.041633712002521e-05,8278,0.5,0.3334,1.0,0.6931,0.25,0.08635383567506355,True,0.0
ndQEgmIjLxSsDel3U-hPhQ,5.04089959873267e-05,8279,,,,,,,False,0.0
gapEmZHdwBivcHstKNweGQ,5.029665474672388e-05,8280,,,,,,,False,0.0
6ko58lgD6RjhINuNcuP6bA,5.027115666125117e-05,8281,,,,,,,False,0.0
gtlEuByPIBW1HLA89D22mw,5.026995068943303e-05,8282,,,,,,,False,0.0
VkcFsK7_D9qbjnzoTqdQDw,5.017866032944149e-05,8283,,,,,,,False,0.0
p_HeJssTSDwiT4K261H_kw,5.014949432649179e-05,8284,,,,,,,False,0.0
cCIipUy2DdUS47MawgjMAw,5.014505522411674e-05,8285,,,,,,,False,0.0
TFul4GrkKtL0TOkW6toYig,5.006462051355449e-05,8286,,,,,,,False,0.0
2u0mmUtcEdvgeioiGE730w,4.997151450115822e-05,8287,,,,,,,False,0.0
tPuso2lzqdPM3sje6gWzsA,4.994574872298779e-05,8288,,,,,,,False,0.0
lrDuV3HZUo1O52U2MYUPAA,4.993794910756222e-05,8289,,,,,,,False,0.0
aHn7NOKQi3XL9_AghoBP1g,4.991356470013431e-05,8290,,,,,,,False,0.0
hmXAG0vhF6oWosfo0-eu-g,4.984863473793237e-05,8291,,,,,,,False,0.0
zWDESCEtvhzpi8YRXaukNA,4.98248233807217e-05,8292,0.1714,0.072,1.0,0.6931,0.1714,0.033692525586525524,True,0.0
WYPTqTbf7MHfxuHlIyZCkw,4.9795618261707686e-05,8293,,,,,,,False,0.0
VFaIfVHLAJduhiBeZ3TlUw,4.9750862982934194e-05,8294,,,,,,,False,0.0
8rBYBu7loRsufEDK0MpHuA,4.971385992472412e-05,8295,,,,,,,False,0.0
s0fsISDcNrNSvGokGRjq3Q,4.9601069955438206e-05,8296,,,,,,,False,0.0
DtE_filcjbtVPa3vHu96Hg,4.952955603373298e-05,8297,,,,,,,False,0.0
GKrxrkKqpMmmY7P2AdoY4A,4.944304481576772e-05,8298,,,,,,,False,0.0
b3Tl3r8P4xWX0mAyESO1WQ,4.936078287661222e-05,8299,,,,,,,False,0.0
6jNFUIKiCCKnLCpGJpkyrg,4.933213186807145e-05,8300,,,,,,,False,0.0
8IV78gQwTH-eZgbfFS_plg,4.9231482683375064e-05,8301,,,,,,,False,0.0
Dmlo7-awYcxiG3nJWm2mHg,4.9208826187904976e-05,8302,,,,,,,False,0.0
z00F0RSAGimvSU9IrTevOw,4.910525646238268e-05,8303,,,,,,,False,0.0
xt-GigN6sRFQXKCIyIOCYA,4.901935415796347e-05,8304,,,,,,,False,0.0
j1CCLERiAMYSvCPhDmJN1g,4.8990239572529766e-05,8305,,,,,,,False,0.0
4TSgCproIbMbazNiO5MN_g,4.898121482115042e-05,8306,,,,,,,False,0.0
k91vKZa8oDHGFEumLyI-KQ,4.896285378020131e-05,8307,,,,,,,False,0.0
BuYGuVflKu_pWtS-GXDH0A,4.895766839436246e-05,8308,,,,,,,False,0.0
7ZhN2yp1TAaoRQl99hnbfQ,4.892464150390194e-05,8309,,,,,,,False,0.0
99VA9y7rdlDzl_-Rd-WKKA,4.8879727967182056e-05,8310,,,,,,,False,0.0
tvPEc_fEMhx7kymxFiSQlg,4.886182934338085e-05,8311,,,,,,,False,0.0
rPZVLJ4QucRMNIlR-VYQHQ,4.885264199389823e-05,8312,,,,,,,False,0.0
l_j_c459iCHesKPhNE0qWQ,4.880745784462826e-05,8313,,,,,,,False,0.0
jshnKTsnoXLSez5XD1qo7Q,4.8807032577632414e-05,8314,,,,,,,False,0.0
ueSknQNYtV0jQmGEoDTerQ,4.8799161839094756e-05,8315,,,,,,,False,0.0
ut9lc20Dq7tUH0tZMKic1w,4.87246968858913e-05,8316,,,,,,,False,0.0
wUHUyTrOpUcTVTQpyZFo8w,4.870340938994036e-05,8317,,,,,,,False,0.0
6BYBoDOsxYQMTHFTD3L1mQ,4.859655426424799e-05,8318,,,,,,,False,0.0
lAB_RLlu9Xwo1jZ77c4Wsw,4.858723040109933e-05,8319,,,,,,,False,0.0
51jium4RFWESPIPeu3fgAA,4.854672313487713e-05,8320,,,,,,,False,0.0
L1f5JTTFDIEMkkTBSgof0A,4.8529070189022335e-05,8321,,,,,,,False,0.0
s4k1P9FHfPUzw3dqXRp7eA,4.8491433373782485e-05,8322,,,,,,,False,0.0
PUR8xK74Js5oAvsarFkHDA,4.847370915080691e-05,8323,,,,,,,False,0.0
avbMNfxpo6A1A5ldMAJR2w,4.838680989037232e-05,8324,,,,,,,False,0.0
UIGf-gCLEm6nTKTNEDFNiw,4.81075465683898e-05,8325,,,,,,,False,0.0
fFA6bjWbq724vB1tW4V9pQ,4.805821796791334e-05,8326,,,,,,,False,0.0
LnnWq5-4pTnBn96E3lQygw,4.798511444120531e-05,8327,,,,,,,False,0.0
y3ApB9iM9tlsksQJEANHkg,4.7984305346086286e-05,8328,,,,,,,False,0.0
NORF647ibBQ4U-VNMgzSLg,4.79769829321267e-05,8329,0.45,14.0736,1.0,0.6931,0.225,0.07913366071058672,True,0.0
hfnQgCDLlbUfPHkkMlpb2w,4.790962935882805e-05,8330,,,,,,,False,0.0
1l4-uhraQzNiRjppKyMUUQ,4.7905838531236976e-05,8331,,,,,,,False,0.0
R6UjOdQ7sFqmlPiXcL1Hzw,4.785591250429777e-05,8332,,,,,,,False,0.0
JnFpgav_bgPN6aSJDYpzyg,4.785545703039866e-05,8333,,,,,,,False,0.0
u3uB0GD7cVf5NC-AFHdwnQ,4.782489107298791e-05,8334,,,,,,,False,0.0
6ymIJJ780dpKOyPJkhtDsg,4.778675448433212e-05,8335,,,,,,,False,0.0
HMyXpfUQud_7B0OsmBuNcg,4.7744351034294605e-05,8336,,,,,,,False,0.0
xywaDaIL8_udyftSvgPmAQ,4.772312560039035e-05,8337,,,,,,,False,0.0
KXY-Ff8ji6FmVMEDw5Xc7Q,4.7416460089160267e-05,8338,,,,,,,False,0.0
kxs_y4UlQl3p1ByNPB4H7A,4.7402951131985297e-05,8339,,,,,,,False,0.0
ZfdPbQDz2hXc9x5r2LQiIg,4.738872004828873e-05,8340,,,,,,,False,0.0
dY4Y94BDwfIVyO_kaTFeSg,4.7375301414331156e-05,8341,,,,,,,False,0.0
XSL9RuLwRTyhNUwUo7WAPw,4.7259881756178986e-05,8342,,,,,,,False,0.0
085mjp-y4qmKRMIj72x8xw,4.718240306726574e-05,8343,,,,,,,False,0.0
L4-_gPiqsuX50JN_-qUhNQ,4.71755302102048e-05,8344,,,,,,,False,0.0
uKEZQ_j3B8kMd-ThoGZDYQ,4.7059600236403995e-05,8345,,,,,,,False,0.0
nfZswvgO6iC-zIcWKbCFCA,4.692300826204941e-05,8346,,,,,,,False,0.0
sSzqY2DFUp40XxLlR7ZmNA,4.686989605811749e-05,8347,,,,,,,False,0.0
XS1wPZeULZtbiP1OsuHFwQ,4.679517408404933e-05,8348,,,,,,,False,0.0
kshLlCoMLkTXf7PiPDkIFA,4.6787746962359456e-05,8349,,,,,,,False,0.0
oyJdcjCTGEM2KiGqyJaFwA,4.676568719653151e-05,8350,,,,,,,False,0.0
L1DN799Mg7DS3XfsI3FHKQ,4.669552409765194e-05,8351,,,,,,,False,0.0
QfzhKUUUEOvHK7OuHJ5Cqg,4.659130283910548e-05,8352,,,,,,,False,0.0
picPFi6JAQ6VDQUCOqftmQ,4.648902203341936e-05,8353,,,,,,,False,0.0
l-gbfEu4oye4IZX75W-drA,4.6463911792644336e-05,8354,,,,,,,False,0.0
W6Grhi3XihW82rKQKPycig,4.6406817637896526e-05,8355,,,,,,,False,0.0
_TEWOkqBWDtNigjujuPQfw,4.634596874614377e-05,8356,,,,,,,False,0.0
sSbbUmWhNmMKRZOHG1BnYA,4.633066867105068e-05,8357,,,,,,,False,0.0
_y1R6TNotvVid2VzvIXHiQ,4.628895298937988e-05,8358,,,,,,,False,0.0
EJPhcvVqYi6Y1dhDQXP-bQ,4.627998143328276e-05,8359,,,,,,,False,0.0
8yy8PtUdZv_3XxmmrLNhvw,4.6230798789743067e-05,8360,,,,,,,False,0.0
F6L-QB98RXDfNynYuUIYKw,4.618936251199127e-05,8361,,,,,,,False,0.0
_Fet9vBMM9Y8VBhUX0IYYQ,4.6115189365850076e-05,8362,,,,,,,False,0.0
11oJkLpheKBkgTfmE1mEDA,4.596994642413244e-05,8363,,,,,,,False,0.0
XXsofYxziipczzc3OFDD5Q,4.594458655324649e-05,8364,,,,,,,False,0.0
C9PW9WsdbM3COdqhHMR2Og,4.56020983755382e-05,8365,,,,,,,False,0.0
4zYssmZqA-P75QaFWYtigA,4.55845686872377e-05,8366,,,,,,,False,0.0
rFj1un-9Eg-3FYGarc1S_A,4.544133206939784e-05,8367,,,,,,,False,0.0
idN-TpWI1T3_UgufggVQ3Q,4.533811471226101e-05,8368,,,,,,,False,0.0
HJ_rOClY2RPrdervYopKmQ,4.5255664830218085e-05,8369,,,,,,,False,0.0
MrTwkXSBjYSsX8U8OgnWhw,4.52231842768635e-05,8370,,,,,,,False,0.0
omwO39xLkwrW5cU7glOeWw,4.521904993675425e-05,8371,,,,,,,False,0.0
OOna4RpWG0AJghKOuVca1A,4.513750086637629e-05,8372,,,,,,,False,0.0
E8_9MKASoMIDD6HWl8gZwg,4.5060252926399204e-05,8373,,,,,,,False,0.0
Nu8aj_v77Fh3prSC_RoDWw,4.49990160818329e-05,8374,,,,,,,False,0.0
kwqXOtLCbNjgvwuMj4H1AQ,4.495644679427546e-05,8375,,,,,,,False,0.0
Rj7TzLBeGt6gq6Cafqz90Q,4.487818305888348e-05,8376,,,,,,,False,0.0
_uEGd2Rx8SzViS9MuHNU0A,4.4469428013444596e-05,8377,,,,,,,False,0.0
wP9Cx-jxLflhv6c1mGIjYA,4.440266835040808e-05,8378,,,,,,,False,0.0
l_xCcePP38yNSPrlziIQSA,4.4381953037577195e-05,8379,,,,,,,False,0.0
95NWdx75Gwy4r_IGGuCnmQ,4.433093187774984e-05,8380,0.0,0.3241,0.0,0.0,0.0,0.0,True,0.0
W_UOjay9T7Lj2chxT-Jb-A,4.429936296457356e-05,8381,,,,,,,False,0.0
BBBT3Mogjo3hPPA0de--Dw,4.414857433118951e-05,8382,,,,,,,False,0.0
74OO_45KTjh6WI3XKdP9Zw,4.4046628150850675e-05,8383,,,,,,,False,0.0
u08-CrCg_f9sdGD5BtL-QA,4.395361748972772e-05,8384,,,,,,,False,0.0
CCciHhF3WcrkG-P_NpLi_w,4.395064690484489e-05,8385,1.5667,1.4374,1.0,0.6931,0.2238,0.2007544907121369,True,0.0
oWTakomAvtGSB85UwnIOSA,4.3874891610694835e-05,8386,,,,,,,False,0.0
2MKTSjcis749QGzm0vwFXw,4.350289405535762e-05,8387,,,,,,,False,0.0
GQXeK-CdSb9D4QOfS9tYQg,4.350037675757402e-05,8388,,,,,,,False,0.0
deAXOKrUqydpts6xcbhMwQ,4.344686426309442e-05,8389,,,,,,,False,0.0
018SgjILDCKLR7gFSEkbGQ,4.311309390232311e-05,8390,,,,,,,False,0.0
YP6IjFUxh9_VcFUWq5ru-g,4.2846786151207815e-05,8391,,,,,,,False,0.0
9xv_hrKXFRMndvtqSnD2fw,4.265095899632505e-05,8392,,,,,,,False,0.0
5SIXBmfYWS2dVlIm5EER5w,4.264541989969327e-05,8393,,,,,,,False,0.0
dAtU1ilhVlt_uid1vTTbAQ,4.259628412105276e-05,8394,,,,,,,False,0.0
XkveGZ8pr9TL5bZCqmzuhA,4.2563277867041034e-05,8395,,,,,,,False,0.0
A0uUOrjRVEmKmn-jt0KUAA,4.246912920789119e-05,8396,,,,,,,False,0.0
eGnOXQYoE6qh5LdTHym_Ig,4.246795196572838e-05,8397,,,,,,,False,0.0
82HewnAO5_FLCDPET6m5KQ,4.217997600321611e-05,8398,,,,,,,False,0.0
MDtu8_LFbbkCgzCzIoEWng,4.198505146360641e-05,8399,,,,,,,False,0.0
5tZ42WGLm9fr_F4eg7ME7w,4.1969713916028444e-05,8400,0.4045,0.681,1.0,0.6931,0.2022,0.07234355906283987,True,0.0
_QQHhERJ1WVH05Vc8AJ1kQ,4.1807320220104307e-05,8401,,,,,,,False,0.0
ACVar6kJC_P2aDHDBx6N_Q,4.177396002926608e-05,8402,,,,,,,False,0.0
H0nX4N4N3AIDheuIcbVYkw,4.1687658338940806e-05,8403,,,,,,,False,0.0
OQIVpOcueFErJiauCi-KQQ,4.1502195593020936e-05,8404,,,,,,,False,0.0
i3Z8_NDY9KMDfxBGFW86Qw,4.150133087037274e-05,8405,,,,,,,False,0.0
ccSzXV4wi2cJPnkfP7xy5A,4.1357106448620925e-05,8406,,,,,,,False,0.0
JE4gQjflWbg9eg3CSZvAVg,4.134915583041545e-05,8407,,,,,,,False,0.0
-H5v2-mADBj8_n2yeACjLA,4.127762320582382e-05,8408,,,,,,,False,0.0
QDgGe--XQrPrap3u5EjAmg,4.1170997018771525e-05,8409,,,,,,,False,0.0
1sr2QUShlkVk55LN4Ehkxw,4.11626799094346e-05,8410,,,,,,,False,0.0
1wvYBjX6radqmb_k0Fv_Ug,4.115017679916755e-05,8411,,,,,,,False,0.0
8F75isJz4UF_5LFsyf80HA,4.101589037945856e-05,8412,,,,,,,False,0.0
JfXYFsOEElqn5ukwDBml6Q,4.084222180758367e-05,8413,,,,,,,False,0.0
bvXbo6lPfiOxRSrz6WhnLw,4.075879416974828e-05,8414,,,,,,,False,0.0
cBZJKUdFNSKHLI27Efy-uQ,4.0696962765326404e-05,8415,,,,,,,False,0.0
b8jbsZHfrGZCVPjI9KXV_g,4.0694383960548794e-05,8416,,,,,,,False,0.0
edMDjyhuyaaRo5nOstjlpg,4.0671062146242915e-05,8417,,,,,,,False,0.0
jl8QAeSW1sbBJOvsCcZEqw,4.0628961491214105e-05,8418,,,,,,,False,0.0
69vVnH6T6-uwcJK4bxfV7Q,4.0537307784397735e-05,8419,,,,,,,False,0.0
EwaakynaS06R64xY8xM57g,4.052251940548693e-05,8420,,,,,,,False,0.0
sG-Z7aIlkmKW7EstH1dH5Q,4.049954290158538e-05,8421,,,,,,,False,0.0
5syHaITUosZ58Pm519cjBQ,4.0395816905921836e-05,8422,,,,,,,False,0.0
4t8ClQEmeDyyEfx-KupDwQ,4.000995531572857e-05,8423,,,,,,,False,0.0
HVDwUDNLLS9tPTtyHFO2Rg,3.985857378479598e-05,8424,,,,,,,False,0.0
CwL56LgcMz7Bvi4xODHVSw,3.950601407355456e-05,8425,,,,,,,False,0.0
kW3e50BWFl5QxxP0GEYPNg,3.9108908174500716e-05,8426,,,,,,,False,0.0
VjAKC7Pb-sW96NZ5mPrHSg,3.910321995792755e-05,8427,,,,,,,False,0.0
_vwnAL8mXsf1xPDsljllvg,3.909294021651273e-05,8428,,,,,,,False,0.0
9OkoIFBL8K8I7ejvZnrgUg,3.896559065150349e-05,8429,,,,,,,False,0.0
A7Na8qz6895I__Y19CXhMA,3.896044887444031e-05,8430,,,,,,,False,0.0
w2ReK1oQ9EUTgrN6Y0GSRw,3.8790681547683775e-05,8431,,,,,,,False,0.0
LDlpHfx0qjIkoC6Hk9UU0Q,3.871922665023683e-05,8432,,,,,,,False,0.0
6yXQIqM6397s8VY0jutUFg,3.863458762715613e-05,8433,,,,,,,False,0.0
RXh8dnA0yZzGmRNrxgDgmg,3.8594913133546224e-05,8434,,,,,,,False,0.0
t-siznLJ3Mj6Ols8SAWz-Q,3.826810251285292e-05,8435,,,,,,,False,0.0
ZFhNIqxf4CEImg_EvF2anA,3.7729877646649526e-05,8436,,,,,,,False,0.0
CsYpEHP2fvZV2yt49fSgJA,3.764158937012001e-05,8437,,,,,,,False,0.0
iy-7QUn6s5xGXf1vOmcxDA,3.759028931991586e-05,8438,0.2,0.0964,1.0,0.6931,0.2,0.03882989051478855,True,0.0
1QzXiy2fOUHXOSYxeZrcXA,3.71497747355563e-05,8439,,,,,,,False,0.0
68KD674p59qJj4DX6NuTzQ,3.695784245152229e-05,8440,,,,,,,False,0.0
1JXJbmiVaLK2Wc2-reqQ5w,3.6742966936513844e-05,8441,,,,,,,False,0.0
eOeKgRKbs-iAsIEOmHTrYg,3.662094055500671e-05,8442,,,,,,,False,0.0
mhEClxuKxv8UWXPm1tSPyQ,3.65016582939033e-05,8443,,,,,,,False,0.0
OLrLFtCoacBjTjFGG65ckw,3.629786396564379e-05,8444,,,,,,,False,0.0
UsfWvnkNmhpD4ntbyIURow,3.5849178187692325e-05,8445,,,,,,,False,0.0
M5cX4IYSKpqcr9U7U2zuJA,3.5391579212212014e-05,8446,,,,,,,False,0.0
tRGmKAtSfPwe4Sl7uY7P9Q,3.517588757654501e-05,8447,,,,,,,False,0.0
FC-TYbSmomccxWdmeo23RQ,3.5125149203427215e-05,8448,,,,,,,False,0.0
qsc66GLioJicWLYn7VG9LQ,3.503242840297384e-05,8449,,,,,,,False,0.0
NHpBHlHYekPKsWxw-AOzCg,3.4414936985723804e-05,8450,,,,,,,False,0.0
nlBbduGlFLoHMQ1Icln3Nw,3.405128985563143e-05,8451,2.542,2.2699,4.0,1.6094,0.2456,0.2693473820204974,True,0.0
NZAvylBiyMPsZfT0r-fD7w,3.374682289613845e-05,8452,,,,,,,False,0.0
mtXTk0-IRTS8d0w16ihRPw,3.366345156202812e-05,8453,,,,,,,False,0.0
J0E_GEsvDNS3I4TEfyKdtA,3.36002596573215e-05,8454,,,,,,,False,0.0
2pBNVsJo3a3CPbInUu9lvQ,3.35469071330796e-05,8455,,,,,,,False,0.0
t4Wdgfto05xRBd_ggd5T7g,3.341624011881888e-05,8456,,,,,,,False,0.0
Nn3M9Jc-7SJEWsFV17ha3w,3.3145431816861045e-05,8457,,,,,,,False,0.0
E8nFvonCaW63W9d3zUYhgQ,3.228302803453835e-05,8458,0.1714,0.078,1.0,0.6931,0.1714,0.033692525586525524,True,0.0
mqI7dRVusi8Ktwvx5-p0hQ,3.200429615492308e-05,8459,,,,,,,False,0.0
ww-fKGfc4XJHOAxDH0ac5Q,3.1853962283246645e-05,8460,,,,,,,False,0.0
sGnSlJffPkhXb6C61y2ywQ,3.181521438221189e-05,8461,,,,,,,False,0.0
fQtplZtjIkYenwhxSWim2w,3.111132124316764e-05,8462,,,,,,,False,0.0
IgClD3lC-gRhrUlKaUtH1w,3.079319720678387e-05,8463,,,,,,,False,0.0
XqGNxBmAo2Jm5DibhJcrOQ,3.025714430130307e-05,8464,,,,,,,False,0.0
Xa-YvpwIQ871AXJPDH_rKw,2.987501554112564e-05,8465,,,,,,,False,0.0
upxQiiUF-6NM9jOJCxS_hg,2.9619294610111913e-05,8466,,,,,,,False,0.0
4OmYeez1ArtXkHMYGijaOg,2.9564072478291828e-05,8467,,,,,,,False,0.0
-bmzEhftbyGVuUQV9FIxmg,2.9427776092085252e-05,8468,,,,,,,False,0.0
WoI4kF2nFFu2Nl8mhFQOcQ,2.932239140059943e-05,8469,,,,,,,False,0.0
jtvJ6JQ4D2z-SKdPkoU07A,2.8902781248119686e-05,8470,,,,,,,False,0.0
XauY4RGt_kGgu5otwYZf0Q,2.8773621452071553e-05,8471,,,,,,,False,0.0
1ODBqsrWYKcby46CHOYjRw,2.8736552384957207e-05,8472,,,,,,,False,0.0
htc3Ten0e1WO0DO1MJM71g,2.8627251809370805e-05,8473,,,,,,,False,0.0
UHeQx4RkuKqjn4HRHhFjJg,2.842596191033827e-05,8474,,,,,,,False,0.0
rmPlBsLaXv9mMPltIZO5hw,2.824837161895859e-05,8475,,,,,,,False,0.0
5tSloJbLGvllqnn9neahLw,2.7629450511245282e-05,8476,,,,,,,False,0.0
yfL0PSbSPeOb5QQ5uvGjrw,2.7438886886881762e-05,8477,,,,,,,False,0.0
pTDG360oGFvWJV29BY0tSw,2.7417494033133157e-05,8478,,,,,,,False,0.0
v4V3ZDGNae7vUAOfzDd3Og,2.7417494033133157e-05,8479,,,,,,,False,0.0
wMcl1F6EEa3ngDh0HsN_vA,2.708185286253421e-05,8480,,,,,,,False,0.0
2s1e-4t_35JfQBXAluqqzg,2.6146378990683485e-05,8481,,,,,,,False,0.0
X3Aqv8WpZEaaGAc2kRqw8g,2.544632218706106e-05,8482,,,,,,,False,0.0
22DNKxXIMwjcYa1DFebfqA,2.510818790652891e-05,8483,,,,,,,False,0.0
k_W2VhhVe0AjbhqNrbdQHA,2.4907269407205553e-05,8484,,,,,,,False,0.0
8jkCh4MKxS126H-ld-AFYw,2.488117086010034e-05,8485,,,,,,,False,0.0
em474WuTw7-OkhPfX4EohA,2.4792684457014702e-05,8486,,,,,,,False,0.0
Y8IzgicQSkxNsewSzR7NLg,2.4551389464217054e-05,8487,,,,,,,False,0.0
bQR4hdYPHPld-6bBW87nZw,2.35238716431227e-05,8488,,,,,,,False,0.0
IXyGZtmODsQZ2qfVzsd_eA,2.311461636259278e-05,8489,,,,,,,False,0.0
qu84rS2gClt1MeSb99CrKg,2.3007087458422433e-05,8490,,,,,,,False,0.0
v_iJS6_qhIPiiziqybmjKw,2.2291953221438462e-05,8491,,,,,,,False,0.0
LDUAhHYmSgH9uwuO5y3yaA,2.093486931076411e-05,8492,,,,,,,False,0.0
brlew1UwRlO6Qj9QlQ-WWQ,1.8287207790855e-05,8493,,,,,,,False,0.0
IO0zhMADxMmw7NXB2iJbKg,1.8162936981862622e-05,8494,,,,,,,False,0.0
7BMDF_d7in05n38QT8h2cw,1.736813029511376e-05,8495,,,,,,,False,0.0
7dfl5-n6r_8EJVh811q9hQ,1.5858466991701893e-05,8496,,,,,,,False,0.0
L24ouhO2blekpFZZXIgR9w,1.5400482951816927e-05,8497,,,,,,,False,0.0
ZarMOp7jgZlR02J119n_Ag,9.439520334195423e-06,8498,,,,,,,False,0.0
TZiFEVqaVckIANgI6Wx3zw,1.8054046632863338e-06,8499,,,,,,,False,0.0
mKTQek1QqB7xQcPBMzfG6g,1.8054046632863338e-06,8500,,,,,,,False,0.0
QwwljXNHdWjb6UkIFJZTlg,1.8054046632863331e-06,8501,,,,,,,False,0.0
OAT5j2W8F5ypj0eDGH22Xg,1.805404663286333e-06,8502,,,,,,,False,0.0
ovBGKwbm-x9mQ-Vd-L0QgQ,1.805404663286333e-06,8503,,,,,,,False,0.0
JD4yd4N8HCDziaJKJXk2yA,1.805404663286333e-06,8504,,,,,,,False,0.0
n6zEr09OC7WigrxfQ4rjQQ,1.805404663286333e-06,8505,,,,,,,False,0.0
6bP0RhASi3WQuObr-FmTFw,1.805404663286333e-06,8506,,,,,,,False,0.0
R9qdziBWlg89-wHm47SMWg,1.805404663286333e-06,8507,,,,,,,False,0.0
xd2QyNuEA6gt6Yqn_Yt5iA,1.805404663286333e-06,8508,,,,,,,False,0.0
uGqgf0SNirwrezTrv3GLJQ,1.8054046632863318e-06,8509,,,,,,,False,0.0
