business_id,name,url,city
9994333,Cocotte_Notting_Hill,https://www.tripadvisor.com/Restaurant_Review-g186338-d9994333-Reviews-Cocotte_Notting_Hill-London_England.html,London_England
11838878,London_Shell_Co_Aboard_The_Prince_Regent,https://www.tripadvisor.com/Restaurant_Review-g186338-d11838878-Reviews-London_Shell_Co_Aboard_The_Prince_Regent-London_England.html,London_England
1898816,Genzo_Greek,https://www.tripadvisor.com/Restaurant_Review-g186338-d1898816-Reviews-Genzo_Greek-London_England.html,London_England
13457082,The_Gojk,https://www.tripadvisor.com/Restaurant_Review-g186338-d13457082-Reviews-The_Gojk-London_England.html,London_England
6635485,The_Clink_Restaurant,https://www.tripadvisor.com/Restaurant_Review-g186338-d6635485-Reviews-The_Clink_Restaurant-London_England.html,London_England
12569115,Wild_Thyme,https://www.tripadvisor.com/Restaurant_Review-g186338-d12569115-Reviews-Wild_Thyme-London_England.html,London_England
10822007,MBER,https://www.tripadvisor.com/Restaurant_Review-g186338-d10822007-Reviews-MBER-London_England.html,London_England
10444968,Liman_Restaurant,https://www.tripadvisor.com/Restaurant_Review-g186338-d10444968-Reviews-Liman_Restaurant-London_England.html,London_England
17728520,Hard_Rock_Cafe_Piccadilly_Circus,https://www.tripadvisor.com/Restaurant_Review-g186338-d17728520-Reviews-Hard_Rock_Cafe_Piccadilly_Circus-London_England.html,London_England
15705401,MAP_Maison,https://www.tripadvisor.com/Restaurant_Review-g186338-d15705401-Reviews-MAP_Maison-London_England.html,London_England
19457963,Pizza_Union_Hoxton,https://www.tripadvisor.com/Restaurant_Review-g186338-d19457963-Reviews-Pizza_Union_Hoxton-London_England.html,London_England
12213063,EaTurkish,https://www.tripadvisor.com/Restaurant_Review-g186338-d12213063-Reviews-EaTurkish-London_England.html,London_England
1519855,Trattoria_Raffaele,https://www.tripadvisor.com/Restaurant_Review-g186338-d1519855-Reviews-Trattoria_Raffaele-London_England.html,London_England
12116313,Shahi_Pakwaan,https://www.tripadvisor.com/Restaurant_Review-g186338-d12116313-Reviews-Shahi_Pakwaan-London_England.html,London_England
719675,Launceston_Place,https://www.tripadvisor.com/Restaurant_Review-g186338-d719675-Reviews-Launceston_Place-London_England.html,London_England
730384,Cirrik_19_Numara_Bos,https://www.tripadvisor.com/Restaurant_Review-g186338-d730384-Reviews-Cirrik_19_Numara_Bos-London_England.html,London_England
2441081,The_Vincent_Room_Brasserie_Bar_Escoffier_Room,https://www.tripadvisor.com/Restaurant_Review-g186338-d2441081-Reviews-The_Vincent_Room_Brasserie_Bar_Escoffier_Room-London_England.html,London_England
9700191,Salut,https://www.tripadvisor.com/Restaurant_Review-g186338-d9700191-Reviews-Salut-London_England.html,London_England
3853609,The_Five_Fields,https://www.tripadvisor.com/Restaurant_Review-g186338-d3853609-Reviews-The_Five_Fields-London_England.html,London_England
2256999,Pentolina,https://www.tripadvisor.com/Restaurant_Review-g186338-d2256999-Reviews-Pentolina-London_England.html,London_England
698082,Azou,https://www.tripadvisor.com/Restaurant_Review-g186338-d698082-Reviews-Azou-London_England.html,London_England
1550869,The_Monsoon,https://www.tripadvisor.com/Restaurant_Review-g186338-d1550869-Reviews-The_Monsoon-London_England.html,London_England
1316331,Fishcotheque,https://www.tripadvisor.com/Restaurant_Review-g186338-d1316331-Reviews-Fishcotheque-London_England.html,London_England
15057719,Chojo,https://www.tripadvisor.com/Restaurant_Review-g186338-d15057719-Reviews-Chojo-London_England.html,London_England
2008532,Caminata,https://www.tripadvisor.com/Restaurant_Review-g186338-d2008532-Reviews-Caminata-London_England.html,London_England
7932677,Flat_Three_Restaurant,https://www.tripadvisor.com/Restaurant_Review-g186338-d7932677-Reviews-Flat_Three_Restaurant-London_England.html,London_England
5768921,Red_Rose_Takeaway,https://www.tripadvisor.com/Restaurant_Review-g186338-d5768921-Reviews-Red_Rose_Takeaway-London_England.html,London_England
12392823,Leicester_Square_Kitchen,https://www.tripadvisor.com/Restaurant_Review-g186338-d12392823-Reviews-Leicester_Square_Kitchen-London_England.html,London_England
13565344,Filika_Restaurant,https://www.tripadvisor.com/Restaurant_Review-g186338-d13565344-Reviews-Filika_Restaurant-London_England.html,London_England
12700680,Falafel_Feast,https://www.tripadvisor.com/Restaurant_Review-g186338-d12700680-Reviews-Falafel_Feast-London_England.html,London_England
7381901,The_Petite_Coree,https://www.tripadvisor.com/Restaurant_Review-g186338-d7381901-Reviews-The_Petite_Coree-London_England.html,London_England
14100618,Kanada_Ya_Upper_Street,https://www.tripadvisor.com/Restaurant_Review-g186338-d14100618-Reviews-Kanada_Ya_Upper_Street-London_England.html,London_England
3343549,Little_Wonder_Cafe,https://www.tripadvisor.com/Restaurant_Review-g186338-d3343549-Reviews-Little_Wonder_Cafe-London_England.html,London_England
1016157,Little_India,https://www.tripadvisor.com/Restaurant_Review-g186338-d1016157-Reviews-Little_India-London_England.html,London_England
4242819,Buenos_Aires_Argentine_Steakhouse,https://www.tripadvisor.com/Restaurant_Review-g186338-d4242819-Reviews-Buenos_Aires_Argentine_Steakhouse-London_England.html,London_England
10517849,R_H_Cafe_Art_Gallery,https://www.tripadvisor.com/Restaurant_Review-g186338-d10517849-Reviews-R_H_Cafe_Art_Gallery-London_England.html,London_England
15345285,Terra_Rossa,https://www.tripadvisor.com/Restaurant_Review-g186338-d15345285-Reviews-Terra_Rossa-London_England.html,London_England
6619139,Wassouf_Lounge,https://www.tripadvisor.com/Restaurant_Review-g186338-d6619139-Reviews-Wassouf_Lounge-London_England.html,London_England
3639543,Steak_Co_Garrick_Street_Covent_Garden,https://www.tripadvisor.com/Restaurant_Review-g186338-d3639543-Reviews-Steak_Co_Garrick_Street_Covent_Garden-London_England.html,London_England
7015028,Fine_Foods,https://www.tripadvisor.com/Restaurant_Review-g186338-d7015028-Reviews-Fine_Foods-London_England.html,London_England
3419712,The_Banc,https://www.tripadvisor.com/Restaurant_Review-g186338-d3419712-Reviews-The_Banc-London_England.html,London_England
12067722,Meraki_Grill,https://www.tripadvisor.com/Restaurant_Review-g186338-d12067722-Reviews-Meraki_Grill-London_England.html,London_England
10682050,Ormer_Mayfair,https://www.tripadvisor.com/Restaurant_Review-g186338-d10682050-Reviews-Ormer_Mayfair-London_England.html,London_England
17763477,Bloomsbury_Street_Kitchen,https://www.tripadvisor.com/Restaurant_Review-g186338-d17763477-Reviews-Bloomsbury_Street_Kitchen-London_England.html,London_England
10431777,Bella_Roma_Italian_Restaurant,https://www.tripadvisor.com/Restaurant_Review-g186338-d10431777-Reviews-Bella_Roma_Italian_Restaurant-London_England.html,London_England
11768375,Treves_Hyde,https://www.tripadvisor.com/Restaurant_Review-g186338-d11768375-Reviews-Treves_Hyde-London_England.html,London_England
3599696,Olde_Goa,https://www.tripadvisor.com/Restaurant_Review-g186338-d3599696-Reviews-Olde_Goa-London_England.html,London_England
12518072,The_Oystermen_Seafood_Bar_Kitchen,https://www.tripadvisor.com/Restaurant_Review-g186338-d12518072-Reviews-The_Oystermen_Seafood_Bar_Kitchen-London_England.html,London_England
1801860,Tomo_Pizzeria_Restaurant,https://www.tripadvisor.com/Restaurant_Review-g186338-d1801860-Reviews-Tomo_Pizzeria_Restaurant-London_England.html,London_England
720286,The_Peasant,https://www.tripadvisor.com/Restaurant_Review-g186338-d720286-Reviews-The_Peasant-London_England.html,London_England
17541765,Heritage_Dining_Bar,https://www.tripadvisor.com/Restaurant_Review-g186338-d17541765-Reviews-Heritage_Dining_Bar-London_England.html,London_England
3515065,Fishers_Restaurant_Takeaway,https://www.tripadvisor.com/Restaurant_Review-g186338-d3515065-Reviews-Fishers_Restaurant_Takeaway-London_England.html,London_England
11717778,Yuu_Kitchen,https://www.tripadvisor.com/Restaurant_Review-g186338-d11717778-Reviews-Yuu_Kitchen-London_England.html,London_England
15266279,Limin,https://www.tripadvisor.com/Restaurant_Review-g186338-d15266279-Reviews-Limin-London_England.html,London_England
12277228,Tanakatsu,https://www.tripadvisor.com/Restaurant_Review-g186338-d12277228-Reviews-Tanakatsu-London_England.html,London_England
6759550,Monkey_Temple,https://www.tripadvisor.com/Restaurant_Review-g186338-d6759550-Reviews-Monkey_Temple-London_England.html,London_England
2244333,The_Sitara,https://www.tripadvisor.com/Restaurant_Review-g186338-d2244333-Reviews-The_Sitara-London_England.html,London_England
7391044,TaNgia,https://www.tripadvisor.com/Restaurant_Review-g186338-d7391044-Reviews-TaNgia-London_England.html,London_England
13958566,Ardiciocca,https://www.tripadvisor.com/Restaurant_Review-g186338-d13958566-Reviews-Ardiciocca-London_England.html,London_England
804653,Indian_Moment,https://www.tripadvisor.com/Restaurant_Review-g186338-d804653-Reviews-Indian_Moment-London_England.html,London_England
8734724,Fiddie_s_Italian_Kitchen,https://www.tripadvisor.com/Restaurant_Review-g186338-d8734724-Reviews-Fiddie_s_Italian_Kitchen-London_England.html,London_England
6885893,The_Jasmine_by_Spice_Nouv_Oh,https://www.tripadvisor.com/Restaurant_Review-g186338-d6885893-Reviews-The_Jasmine_by_Spice_Nouv_Oh-London_England.html,London_England
19605941,Epic_Pies,https://www.tripadvisor.com/Restaurant_Review-g186338-d19605941-Reviews-Epic_Pies-London_England.html,London_England
12962245,Home_SW15,https://www.tripadvisor.com/Restaurant_Review-g186338-d12962245-Reviews-Home_SW15-London_England.html,London_England
8122594,Humble_Grape_Battersea,https://www.tripadvisor.com/Restaurant_Review-g186338-d8122594-Reviews-Humble_Grape_Battersea-London_England.html,London_England
13444942,Amber,https://www.tripadvisor.com/Restaurant_Review-g186338-d13444942-Reviews-Amber-London_England.html,London_England
11961993,Oi_Vita_Pizzeria,https://www.tripadvisor.com/Restaurant_Review-g186338-d11961993-Reviews-Oi_Vita_Pizzeria-London_England.html,London_England
1964861,Bengal_Village,https://www.tripadvisor.com/Restaurant_Review-g186338-d1964861-Reviews-Bengal_Village-London_England.html,London_England
3681920,Bella_Vita,https://www.tripadvisor.com/Restaurant_Review-g186338-d3681920-Reviews-or400-Bella_Vita-London_England.html,London_England
19398383,28_50_Wine_Bar_Kitchen_Covent_Garden,https://www.tripadvisor.com/Restaurant_Review-g186338-d19398383-Reviews-28_50_Wine_Bar_Kitchen_Covent_Garden-London_England.html,London_England
720761,The_Ledbury,https://www.tripadvisor.com/Restaurant_Review-g186338-d720761-Reviews-The_Ledbury-London_England.html,London_England
3490463,Awesome_Thai_Barnes,https://www.tripadvisor.com/Restaurant_Review-g186338-d3490463-Reviews-Awesome_Thai_Barnes-London_England.html,London_England
11881554,Mio_Restaurant,https://www.tripadvisor.com/Restaurant_Review-g186338-d11881554-Reviews-Mio_Restaurant-London_England.html,London_England
7589353,Alexandrie_Restaurant,https://www.tripadvisor.com/Restaurant_Review-g186338-d7589353-Reviews-Alexandrie_Restaurant-London_England.html,London_England
7290752,L_oro_di_Napoli,https://www.tripadvisor.com/Restaurant_Review-g186338-d7290752-Reviews-L_oro_di_Napoli-London_England.html,London_England
1014977,Chez_Abir_Restaurant,https://www.tripadvisor.com/Restaurant_Review-g186338-d1014977-Reviews-Chez_Abir_Restaurant-London_England.html,London_England
12547499,Humble_Grape_Islington,https://www.tripadvisor.com/Restaurant_Review-g186338-d12547499-Reviews-Humble_Grape_Islington-London_England.html,London_England
8427318,Korova_Restaurant,https://www.tripadvisor.com/Restaurant_Review-g186338-d8427318-Reviews-Korova_Restaurant-London_England.html,London_England
3869685,Sunday_Champagne_Brunch_at_The_Landmark_London,https://www.tripadvisor.com/Restaurant_Review-g186338-d3869685-Reviews-Sunday_Champagne_Brunch_at_The_Landmark_London-London_England.html,London_England
12556244,Tom_Simmons_Tower_Bridge,https://www.tripadvisor.com/Restaurant_Review-g186338-d12556244-Reviews-Tom_Simmons_Tower_Bridge-London_England.html,London_England
718583,Da_Mario_Covent_Garden,https://www.tripadvisor.com/Restaurant_Review-g186338-d718583-Reviews-Da_Mario_Covent_Garden-London_England.html,London_England
7707197,Blacklock_Soho,https://www.tripadvisor.com/Restaurant_Review-g186338-d7707197-Reviews-Blacklock_Soho-London_England.html,London_England
12029806,Apres_Food_Co,https://www.tripadvisor.com/Restaurant_Review-g186338-d12029806-Reviews-Apres_Food_Co-London_England.html,London_England
2433450,AW_Restaurant,https://www.tripadvisor.com/Restaurant_Review-g186338-d2433450-Reviews-AW_Restaurant-London_England.html,London_England
12883339,Frog_By_Adam_Handling,https://www.tripadvisor.com/Restaurant_Review-g186338-d12883339-Reviews-Frog_By_Adam_Handling-London_England.html,London_England
17424650,The_Mantl,https://www.tripadvisor.com/Restaurant_Review-g186338-d17424650-Reviews-The_Mantl-London_England.html,London_England
4002133,Indian_Express_West_Kensington,https://www.tripadvisor.com/Restaurant_Review-g186338-d4002133-Reviews-Indian_Express_West_Kensington-London_England.html,London_England
7189021,Pure_Indian_Cooking,https://www.tripadvisor.com/Restaurant_Review-g186338-d7189021-Reviews-Pure_Indian_Cooking-London_England.html,London_England
7697088,Holy_Smoke,https://www.tripadvisor.com/Restaurant_Review-g186338-d7697088-Reviews-Holy_Smoke-London_England.html,London_England
10148721,Peninsula_Restaurant,https://www.tripadvisor.com/Restaurant_Review-g186338-d10148721-Reviews-Peninsula_Restaurant-London_England.html,London_England
4750437,Revolution,https://www.tripadvisor.com/Restaurant_Review-g186338-d4750437-Reviews-Revolution-London_England.html,London_England
2165221,Smith_s,https://www.tripadvisor.com/Restaurant_Review-g186338-d2165221-Reviews-Smith_s-London_England.html,London_England
10454229,28_Church_Row,https://www.tripadvisor.com/Restaurant_Review-g186338-d10454229-Reviews-28_Church_Row-London_England.html,London_England
12246210,Fast_Break,https://www.tripadvisor.com/Restaurant_Review-g186338-d12246210-Reviews-Fast_Break-London_England.html,London_England
1367676,Bel_Canto_Restaurant,https://www.tripadvisor.com/Restaurant_Review-g186338-d1367676-Reviews-Bel_Canto_Restaurant-London_England.html,London_England
8617056,Richard_Haward_s_Oysters,https://www.tripadvisor.com/Restaurant_Review-g186338-d8617056-Reviews-Richard_Haward_s_Oysters-London_England.html,London_England
2009271,Cafe_Amisha,https://www.tripadvisor.com/Restaurant_Review-g186338-d2009271-Reviews-Cafe_Amisha-London_England.html,London_England
8528939,El_Inca_Plebeyo,https://www.tripadvisor.com/Restaurant_Review-g186338-d8528939-Reviews-El_Inca_Plebeyo-London_England.html,London_England
2013731,Nepal_Authentic_Dining,https://www.tripadvisor.com/Restaurant_Review-g186338-d2013731-Reviews-Nepal_Authentic_Dining-London_England.html,London_England
968831,Luna_Rossa,https://www.tripadvisor.com/Restaurant_Review-g186338-d968831-Reviews-Luna_Rossa-London_England.html,London_England
3932437,Wolkite_restaurant,https://www.tripadvisor.com/Restaurant_Review-g186338-d3932437-Reviews-Wolkite_restaurant-London_England.html,London_England
14190070,Morso_Abbey_Road,https://www.tripadvisor.com/Restaurant_Review-g186338-d14190070-Reviews-Morso_Abbey_Road-London_England.html,London_England
1645957,Galvin_La_Chapelle,https://www.tripadvisor.com/Restaurant_Review-g186338-d1645957-Reviews-Galvin_La_Chapelle-London_England.html,London_England
7621391,Mangia_Bene,https://www.tripadvisor.com/Restaurant_Review-g186338-d7621391-Reviews-Mangia_Bene-London_England.html,London_England
14088539,Laurent_at_Cafe_Royal,https://www.tripadvisor.com/Restaurant_Review-g186338-d14088539-Reviews-Laurent_at_Cafe_Royal-London_England.html,London_England
19866455,3AKE,https://www.tripadvisor.com/Restaurant_Review-g186338-d19866455-Reviews-3AKE-London_England.html,London_England
12923460,Bruce_Burgers,https://www.tripadvisor.com/Restaurant_Review-g186338-d12923460-Reviews-Bruce_Burgers-London_England.html,London_England
6609446,New_London_Cafe,https://www.tripadvisor.com/Restaurant_Review-g186338-d6609446-Reviews-New_London_Cafe-London_England.html,London_England
2036992,Light_of_India,https://www.tripadvisor.com/Restaurant_Review-g186338-d2036992-Reviews-Light_of_India-London_England.html,London_England
19356395,Afrik_N_Fusion,https://www.tripadvisor.com/Restaurant_Review-g186338-d19356395-Reviews-Afrik_N_Fusion-London_England.html,London_England
12113945,Lorne_Restaurant,https://www.tripadvisor.com/Restaurant_Review-g186338-d12113945-Reviews-Lorne_Restaurant-London_England.html,London_England
2359208,The_White_Onion,https://www.tripadvisor.com/Restaurant_Review-g186338-d2359208-Reviews-The_White_Onion-London_England.html,London_England
1044781,The_Wilmington,https://www.tripadvisor.com/Restaurant_Review-g186338-d1044781-Reviews-The_Wilmington-London_England.html,London_England
13001816,Capeesh,https://www.tripadvisor.com/Restaurant_Review-g186338-d13001816-Reviews-Capeesh-London_England.html,London_England
720992,Zonzo_Restaurant,https://www.tripadvisor.com/Restaurant_Review-g186338-d720992-Reviews-Zonzo_Restaurant-London_England.html,London_England
12228960,Mere,https://www.tripadvisor.com/Restaurant_Review-g186338-d12228960-Reviews-Mere-London_England.html,London_England
10183312,Humble_Grape,https://www.tripadvisor.com/Restaurant_Review-g186338-d10183312-Reviews-Humble_Grape-London_England.html,London_England
11894306,CERU,https://www.tripadvisor.com/Restaurant_Review-g186338-d11894306-Reviews-CERU-London_England.html,London_England
13006784,Yum_Sa,https://www.tripadvisor.com/Restaurant_Review-g186338-d13006784-Reviews-Yum_Sa-London_England.html,London_England
2144126,Medlar,https://www.tripadvisor.com/Restaurant_Review-g186338-d2144126-Reviews-Medlar-London_England.html,London_England
7934476,Cahoots_Underground,https://www.tripadvisor.com/Restaurant_Review-g186338-d7934476-Reviews-Cahoots_Underground-London_England.html,London_England
10687556,Firebrand_Pizza,https://www.tripadvisor.com/Restaurant_Review-g186338-d10687556-Reviews-Firebrand_Pizza-London_England.html,London_England
1044630,Sergio_s,https://www.tripadvisor.com/Restaurant_Review-g186338-d1044630-Reviews-Sergio_s-London_England.html,London_England
19315675,Cahoots_Ticket_Hall_Control_Room,https://www.tripadvisor.com/Restaurant_Review-g186338-d19315675-Reviews-Cahoots_Ticket_Hall_Control_Room-London_England.html,London_England
719657,La_Trompette,https://www.tripadvisor.com/Restaurant_Review-g186338-d719657-Reviews-La_Trompette-London_England.html,London_England
12926680,Dhaba_49,https://www.tripadvisor.com/Restaurant_Review-g186338-d12926680-Reviews-Dhaba_49-London_England.html,London_England
10791411,Its_All_Greek_to_Me,https://www.tripadvisor.com/Restaurant_Review-g186338-d10791411-Reviews-Its_All_Greek_to_Me-London_England.html,London_England
733567,Ishtar,https://www.tripadvisor.com/Restaurant_Review-g186338-d733567-Reviews-Ishtar-London_England.html,London_England
4976301,Augustine_Kitchen,https://www.tripadvisor.com/Restaurant_Review-g186338-d4976301-Reviews-Augustine_Kitchen-London_England.html,London_England
3160154,The_Blacksmith_s_Arms,https://www.tripadvisor.com/Restaurant_Review-g186338-d3160154-Reviews-The_Blacksmith_s_Arms-London_England.html,London_England
1554178,Seven_Park_Place_By_William_Drabble,https://www.tripadvisor.com/Restaurant_Review-g186338-d1554178-Reviews-Seven_Park_Place_By_William_Drabble-London_England.html,London_England
1106756,The_Foyer_At_Claridge_s,https://www.tripadvisor.com/Restaurant_Review-g186338-d1106756-Reviews-The_Foyer_At_Claridge_s-London_England.html,London_England
13917394,Purezza_Camden,https://www.tripadvisor.com/Restaurant_Review-g186338-d13917394-Reviews-Purezza_Camden-London_England.html,London_England
3393276,Steak_Co_St_Martins_Ln,https://www.tripadvisor.com/Restaurant_Review-g186338-d3393276-Reviews-Steak_Co_St_Martins_Ln-London_England.html,London_England
2719908,Baileys_Fish_and_Chips,https://www.tripadvisor.com/Restaurant_Review-g186338-d2719908-Reviews-Baileys_Fish_and_Chips-London_England.html,London_England
3172658,Rossella,https://www.tripadvisor.com/Restaurant_Review-g186338-d3172658-Reviews-Rossella-London_England.html,London_England
3296245,Chez_Elles_Bistroquet,https://www.tripadvisor.com/Restaurant_Review-g186338-d3296245-Reviews-Chez_Elles_Bistroquet-London_England.html,London_England
6612075,May_Fair_Kitchen,https://www.tripadvisor.com/Restaurant_Review-g186338-d6612075-Reviews-May_Fair_Kitchen-London_England.html,London_England
17274103,TDQ_Steaks,https://www.tripadvisor.com/Restaurant_Review-g186338-d17274103-Reviews-TDQ_Steaks-London_England.html,London_England
14099622,Temper_Covent_Garden,https://www.tripadvisor.com/Restaurant_Review-g186338-d14099622-Reviews-Temper_Covent_Garden-London_England.html,London_England
10079921,Romulo_Cafe_and_Restaurant,https://www.tripadvisor.com/Restaurant_Review-g186338-d10079921-Reviews-Romulo_Cafe_and_Restaurant-London_England.html,London_England
13110566,Paladar,https://www.tripadvisor.com/Restaurant_Review-g186338-d13110566-Reviews-Paladar-London_England.html,London_England
5856902,Bayleaf_Restaurant,https://www.tripadvisor.com/Restaurant_Review-g186338-d5856902-Reviews-Bayleaf_Restaurant-London_England.html,London_England
11884748,Arro_Coffee_The_Temple_of_Coffee_BAYSWATER,https://www.tripadvisor.com/Restaurant_Review-g186338-d11884748-Reviews-Arro_Coffee_The_Temple_of_Coffee_BAYSWATER-London_England.html,London_England
5953939,Dulce_Cafe,https://www.tripadvisor.com/Restaurant_Review-g186338-d5953939-Reviews-Dulce_Cafe-London_England.html,London_England
10677822,Dirty_Bones_Shoreditch,https://www.tripadvisor.com/Restaurant_Review-g186338-d10677822-Reviews-Dirty_Bones_Shoreditch-London_England.html,London_England
718523,Ciullosteria,https://www.tripadvisor.com/Restaurant_Review-g186338-d718523-Reviews-Ciullosteria-London_England.html,London_England
4606668,280_Degrees_African_Restaurant_Bar,https://www.tripadvisor.com/Restaurant_Review-g186338-d4606668-Reviews-280_Degrees_African_Restaurant_Bar-London_England.html,London_England
12290895,Kibele_Restaurant_Bar,https://www.tripadvisor.com/Restaurant_Review-g186338-d12290895-Reviews-Kibele_Restaurant_Bar-London_England.html,London_England
6677263,Steak_And_Lobster_Warren_Street,https://www.tripadvisor.com/Restaurant_Review-g186338-d6677263-Reviews-Steak_And_Lobster_Warren_Street-London_England.html,London_England
6575472,Rock_Star_Sushi_Bar,https://www.tripadvisor.com/Restaurant_Review-g186338-d6575472-Reviews-Rock_Star_Sushi_Bar-London_England.html,London_England
1017662,The_Park_Room,https://www.tripadvisor.com/Restaurant_Review-g186338-d1017662-Reviews-The_Park_Room-London_England.html,London_England
2154460,Palms_of_Goa,https://www.tripadvisor.com/Restaurant_Review-g186338-d2154460-Reviews-Palms_of_Goa-London_England.html,London_England
14926946,Laki_Kane,https://www.tripadvisor.com/Restaurant_Review-g186338-d14926946-Reviews-Laki_Kane-London_England.html,London_England
10190924,Anglo,https://www.tripadvisor.com/Restaurant_Review-g186338-d10190924-Reviews-Anglo-London_England.html,London_England
720941,Wiltons,https://www.tripadvisor.com/Restaurant_Review-g186338-d720941-Reviews-Wiltons-London_England.html,London_England
13206581,Minted_Lounge,https://www.tripadvisor.com/Restaurant_Review-g186338-d13206581-Reviews-Minted_Lounge-London_England.html,London_England
15275508,Ading_s_Kitchen,https://www.tripadvisor.com/Restaurant_Review-g186338-d15275508-Reviews-Ading_s_Kitchen-London_England.html,London_England
12375817,Zala_grill,https://www.tripadvisor.com/Restaurant_Review-g186338-d12375817-Reviews-Zala_grill-London_England.html,London_England
3421937,Mr_Falafel,https://www.tripadvisor.com/Restaurant_Review-g186338-d3421937-Reviews-Mr_Falafel-London_England.html,London_England
10410215,Trinity_Restaurant,https://www.tripadvisor.com/Restaurant_Review-g186338-d10410215-Reviews-Trinity_Restaurant-London_England.html,London_England
1554184,William_s_Bar_and_Bistro,https://www.tripadvisor.com/Restaurant_Review-g186338-d1554184-Reviews-William_s_Bar_and_Bistro-London_England.html,London_England
4562632,Niche_Gluten_free_Dining,https://www.tripadvisor.com/Restaurant_Review-g186338-d4562632-Reviews-Niche_Gluten_free_Dining-London_England.html,London_England
2697963,Senzala,https://www.tripadvisor.com/Restaurant_Review-g186338-d2697963-Reviews-Senzala-London_England.html,London_England
1044772,Lord_Wargrave,https://www.tripadvisor.com/Restaurant_Review-g186338-d1044772-Reviews-Lord_Wargrave-London_England.html,London_England
6516294,Blue_Nile_Cafe,https://www.tripadvisor.com/Restaurant_Review-g186338-d6516294-Reviews-Blue_Nile_Cafe-London_England.html,London_England
718512,Cibo,https://www.tripadvisor.com/Restaurant_Review-g186338-d718512-Reviews-Cibo-London_England.html,London_England
2241866,Luna_Nuova,https://www.tripadvisor.com/Restaurant_Review-g186338-d2241866-Reviews-Luna_Nuova-London_England.html,London_England
719688,Le_Gavroche,https://www.tripadvisor.com/Restaurant_Review-g186338-d719688-Reviews-Le_Gavroche-London_England.html,London_England
7136330,Lokkanta_Meze_Barbeque,https://www.tripadvisor.com/Restaurant_Review-g186338-d7136330-Reviews-Lokkanta_Meze_Barbeque-London_England.html,London_England
12972234,Plate_Restaurant_Bar_and_Bake,https://www.tripadvisor.com/Restaurant_Review-g186338-d12972234-Reviews-Plate_Restaurant_Bar_and_Bake-London_England.html,London_England
7341059,Miss_Tapas,https://www.tripadvisor.com/Restaurant_Review-g186338-d7341059-Reviews-Miss_Tapas-London_England.html,London_England
10771430,Monmouth_Kitchen_Covent_Garden,https://www.tripadvisor.com/Restaurant_Review-g186338-d10771430-Reviews-Monmouth_Kitchen_Covent_Garden-London_England.html,London_England
13149344,Osteria_Romana,https://www.tripadvisor.com/Restaurant_Review-g186338-d13149344-Reviews-Osteria_Romana-London_England.html,London_England
1017703,The_Rib_Room_Bar_Restaurant,https://www.tripadvisor.com/Restaurant_Review-g186338-d1017703-Reviews-The_Rib_Room_Bar_Restaurant-London_England.html,London_England
7045536,Chez_Antoinette,https://www.tripadvisor.com/Restaurant_Review-g186338-d7045536-Reviews-Chez_Antoinette-London_England.html,London_England
2475842,Cafe_Maya,https://www.tripadvisor.com/Restaurant_Review-g186338-d2475842-Reviews-Cafe_Maya-London_England.html,London_England
731388,Nipa_Thai_Restaurant,https://www.tripadvisor.com/Restaurant_Review-g186338-d731388-Reviews-Nipa_Thai_Restaurant-London_England.html,London_England
4925053,Pizza_Sophia,https://www.tripadvisor.com/Restaurant_Review-g186338-d4925053-Reviews-Pizza_Sophia-London_England.html,London_England
5433381,Salento,https://www.tripadvisor.com/Restaurant_Review-g186338-d5433381-Reviews-Salento-London_England.html,London_England
733341,Mosob_Restaurant,https://www.tripadvisor.com/Restaurant_Review-g186338-d733341-Reviews-Mosob_Restaurant-London_England.html,London_England
4107793,The_Pride_of_Spitalfields,https://www.tripadvisor.com/Restaurant_Review-g186338-d4107793-Reviews-The_Pride_of_Spitalfields-London_England.html,London_England
18961625,Supplant_Limited,https://www.tripadvisor.com/Restaurant_Review-g186338-d18961625-Reviews-Supplant_Limited-London_England.html,London_England
878484,Texture,https://www.tripadvisor.com/Restaurant_Review-g186338-d878484-Reviews-Texture-London_England.html,London_England
7856142,Kona,https://www.tripadvisor.com/Restaurant_Review-g186338-d7856142-Reviews-Kona-London_England.html,London_England
3544066,La_Saporita,https://www.tripadvisor.com/Restaurant_Review-g186338-d3544066-Reviews-La_Saporita-London_England.html,London_England
8035740,Ngon_Ngon,https://www.tripadvisor.com/Restaurant_Review-g186338-d8035740-Reviews-Ngon_Ngon-London_England.html,London_England
13698096,Scully_St_James_s,https://www.tripadvisor.com/Restaurant_Review-g186338-d13698096-Reviews-Scully_St_James_s-London_England.html,London_England
4910537,Sugar_Cane_bar,https://www.tripadvisor.com/Restaurant_Review-g186338-d4910537-Reviews-Sugar_Cane_bar-London_England.html,London_England
12658903,Laz_Camden,https://www.tripadvisor.com/Restaurant_Review-g186338-d12658903-Reviews-Laz_Camden-London_England.html,London_England
1213351,The_Bar_at_The_Dorchester,https://www.tripadvisor.com/Restaurant_Review-g186338-d1213351-Reviews-The_Bar_at_The_Dorchester-London_England.html,London_England
7268200,Flat_Iron_Tottenham_Court_Rd,https://www.tripadvisor.com/Restaurant_Review-g186338-d7268200-Reviews-Flat_Iron_Tottenham_Court_Rd-London_England.html,London_England
8320074,The_Little_Taperia,https://www.tripadvisor.com/Restaurant_Review-g186338-d8320074-Reviews-The_Little_Taperia-London_England.html,London_England
7319351,Twist,https://www.tripadvisor.com/Restaurant_Review-g186338-d7319351-Reviews-Twist-London_England.html,London_England
12789362,Maurizio_Barca,https://www.tripadvisor.com/Restaurant_Review-g186338-d12789362-Reviews-Maurizio_Barca-London_England.html,London_England
6503304,Cappadocia,https://www.tripadvisor.com/Restaurant_Review-g186338-d6503304-Reviews-Cappadocia-London_England.html,London_England
11866498,Honest_Burgers_Baker_St,https://www.tripadvisor.com/Restaurant_Review-g186338-d11866498-Reviews-Honest_Burgers_Baker_St-London_England.html,London_England
12308526,Blacklock_City,https://www.tripadvisor.com/Restaurant_Review-g186338-d12308526-Reviews-Blacklock_City-London_England.html,London_England
5433643,Blighty_Cafe_A_Commonwealth_Of_Nations_cafe_Finsbury_Park,https://www.tripadvisor.com/Restaurant_Review-g186338-d5433643-Reviews-Blighty_Cafe_A_Commonwealth_Of_Nations_cafe_Finsbury_Park-London_England.html,London_England
720871,Union_Tavern,https://www.tripadvisor.com/Restaurant_Review-g186338-d720871-Reviews-Union_Tavern-London_England.html,London_England
10464803,Flat_Iron_Curtain_Road,https://www.tripadvisor.com/Restaurant_Review-g186338-d10464803-Reviews-Flat_Iron_Curtain_Road-London_England.html,London_England
1044298,Karavas,https://www.tripadvisor.com/Restaurant_Review-g186338-d1044298-Reviews-Karavas-London_England.html,London_England
13219938,Passyunk_Avenue,https://www.tripadvisor.com/Restaurant_Review-g186338-d13219938-Reviews-Passyunk_Avenue-London_England.html,London_England
3208695,The_Victoria,https://www.tripadvisor.com/Restaurant_Review-g186338-d3208695-Reviews-The_Victoria-London_England.html,London_England
8756059,Pizzetta_Pizza,https://www.tripadvisor.com/Restaurant_Review-g186338-d8756059-Reviews-Pizzetta_Pizza-London_England.html,London_England
15795293,Flat_Iron_Tooley_St,https://www.tripadvisor.com/Restaurant_Review-g186338-d15795293-Reviews-Flat_Iron_Tooley_St-London_England.html,London_England
1792411,Oz_Cafe,https://www.tripadvisor.com/Restaurant_Review-g186338-d1792411-Reviews-Oz_Cafe-London_England.html,London_England
1501230,Balls_Brothers_Minster_Court,https://www.tripadvisor.com/Restaurant_Review-g186338-d1501230-Reviews-Balls_Brothers_Minster_Court-London_England.html,London_England
12460798,Honest_Burgers_Borough,https://www.tripadvisor.com/Restaurant_Review-g186338-d12460798-Reviews-Honest_Burgers_Borough-London_England.html,London_England
13113158,Dishoom,https://www.tripadvisor.com/Restaurant_Review-g186338-d13113158-Reviews-Dishoom-London_England.html,London_England
7261794,Sheila_s_Cafe,https://www.tripadvisor.com/Restaurant_Review-g186338-d7261794-Reviews-Sheila_s_Cafe-London_England.html,London_England
1137197,Murano,https://www.tripadvisor.com/Restaurant_Review-g186338-d1137197-Reviews-Murano-London_England.html,London_England
11876926,Sfoglia_Bologna_al_Mattarello,https://www.tripadvisor.com/Restaurant_Review-g186338-d11876926-Reviews-Sfoglia_Bologna_al_Mattarello-London_England.html,London_England
1064961,Roux_At_The_Landau,https://www.tripadvisor.com/Restaurant_Review-g186338-d1064961-Reviews-Roux_At_The_Landau-London_England.html,London_England
13456962,Pane_Cunzato_Pizza_more,https://www.tripadvisor.com/Restaurant_Review-g186338-d13456962-Reviews-Pane_Cunzato_Pizza_more-London_England.html,London_England
10027950,Dalloway_Terrace,https://www.tripadvisor.com/Restaurant_Review-g186338-d10027950-Reviews-Dalloway_Terrace-London_England.html,London_England
3381005,Imm_Thai_Fusion_Wimbledon,https://www.tripadvisor.com/Restaurant_Review-g186338-d3381005-Reviews-Imm_Thai_Fusion_Wimbledon-London_England.html,London_England
733579,Il_Portico,https://www.tripadvisor.com/Restaurant_Review-g186338-d733579-Reviews-Il_Portico-London_England.html,London_England
10441937,Delamina_EAST,https://www.tripadvisor.com/Restaurant_Review-g186338-d10441937-Reviews-Delamina_EAST-London_England.html,London_England
2216518,Constancia,https://www.tripadvisor.com/Restaurant_Review-g186338-d2216518-Reviews-Constancia-London_England.html,London_England
719242,Restaurant_Gordon_Ramsay,https://www.tripadvisor.com/Restaurant_Review-g186338-d719242-Reviews-Restaurant_Gordon_Ramsay-London_England.html,London_England
1016482,Fish_Central,https://www.tripadvisor.com/Restaurant_Review-g186338-d1016482-Reviews-Fish_Central-London_England.html,London_England
737343,Chettinad_Restaurant,https://www.tripadvisor.com/Restaurant_Review-g186338-d737343-Reviews-Chettinad_Restaurant-London_England.html,London_England
3738303,Piebury_Corner,https://www.tripadvisor.com/Restaurant_Review-g186338-d3738303-Reviews-Piebury_Corner-London_England.html,London_England
6637432,The_Rosebery,https://www.tripadvisor.com/Restaurant_Review-g186338-d6637432-Reviews-The_Rosebery-London_England.html,London_England
9747239,Volare,https://www.tripadvisor.com/Restaurant_Review-g186338-d9747239-Reviews-Volare-London_England.html,London_England
10455238,Flora_Indica,https://www.tripadvisor.com/Restaurant_Review-g186338-d10455238-Reviews-Flora_Indica-London_England.html,London_England
718485,Chez_Bruce,https://www.tripadvisor.com/Restaurant_Review-g186338-d718485-Reviews-Chez_Bruce-London_England.html,London_England
3534237,Angler,https://www.tripadvisor.com/Restaurant_Review-g186338-d3534237-Reviews-Angler-London_England.html,London_England
14137170,CERU_Soho,https://www.tripadvisor.com/Restaurant_Review-g186338-d14137170-Reviews-CERU_Soho-London_England.html,London_England
2507902,The_Spice_Indian_Restaurant,https://www.tripadvisor.com/Restaurant_Review-g186338-d2507902-Reviews-The_Spice_Indian_Restaurant-London_England.html,London_England
4548040,Rakkas,https://www.tripadvisor.com/Restaurant_Review-g186338-d4548040-Reviews-Rakkas-London_England.html,London_England
2558058,Otto_s,https://www.tripadvisor.com/Restaurant_Review-g186338-d2558058-Reviews-Otto_s-London_England.html,London_England
3845792,Mountain_View_Restaurant_Greenwich,https://www.tripadvisor.com/Restaurant_Review-g186338-d3845792-Reviews-Mountain_View_Restaurant_Greenwich-London_England.html,London_England
21130607,Grand_Cholan_Indian_Cuisine,https://www.tripadvisor.com/Restaurant_Review-g186338-d21130607-Reviews-Grand_Cholan_Indian_Cuisine-London_England.html,London_England
8856616,Flat_Iron_Covent_Garden,https://www.tripadvisor.com/Restaurant_Review-g186338-d8856616-Reviews-Flat_Iron_Covent_Garden-London_England.html,London_England
10517649,Honest_Burgers,https://www.tripadvisor.com/Restaurant_Review-g186338-d10517649-Reviews-Honest_Burgers-London_England.html,London_England
4309137,RAPSA,https://www.tripadvisor.com/Restaurant_Review-g186338-d4309137-Reviews-RAPSA-London_England.html,London_England
5784898,Manuel_s_Restaurant_and_Bar,https://www.tripadvisor.com/Restaurant_Review-g186338-d5784898-Reviews-Manuel_s_Restaurant_and_Bar-London_England.html,London_England
1383609,About_Thyme_Restaurant,https://www.tripadvisor.com/Restaurant_Review-g186338-d1383609-Reviews-About_Thyme_Restaurant-London_England.html,London_England
6452357,Augustus_Harris,https://www.tripadvisor.com/Restaurant_Review-g186338-d6452357-Reviews-Augustus_Harris-London_England.html,London_England
12207444,La_Dame_de_Pic_London,https://www.tripadvisor.com/Restaurant_Review-g186338-d12207444-Reviews-La_Dame_de_Pic_London-London_England.html,London_England
1986500,Steak_Co_Leicester_Square_Charing_Cross,https://www.tripadvisor.com/Restaurant_Review-g186338-d1986500-Reviews-Steak_Co_Leicester_Square_Charing_Cross-London_England.html,London_England
11689131,Popolo_Shoreditch,https://www.tripadvisor.com/Restaurant_Review-g186338-d11689131-Reviews-Popolo_Shoreditch-London_England.html,London_England
3329636,The_London_Gin_Club,https://www.tripadvisor.com/Restaurant_Review-g186338-d3329636-Reviews-The_London_Gin_Club-London_England.html,London_England
3599802,The_Andover_Arms,https://www.tripadvisor.com/Restaurant_Review-g186338-d3599802-Reviews-The_Andover_Arms-London_England.html,London_England
3628692,Pera_Restaurant_islington,https://www.tripadvisor.com/Restaurant_Review-g186338-d3628692-Reviews-Pera_Restaurant_islington-London_England.html,London_England
14002701,Gordon_Ramsay_Street_Pizza,https://www.tripadvisor.com/Restaurant_Review-g186338-d14002701-Reviews-Gordon_Ramsay_Street_Pizza-London_England.html,London_England
6956842,Boro_Bistro,https://www.tripadvisor.com/Restaurant_Review-g186338-d6956842-Reviews-or620-Boro_Bistro-London_England.html,London_England
6519309,Leila_Moroccan_and_Lebanese_Restaurant,https://www.tripadvisor.com/Restaurant_Review-g186338-d6519309-Reviews-Leila_Moroccan_and_Lebanese_Restaurant-London_England.html,London_England
3337211,Roxie_Steak_Fulham,https://www.tripadvisor.com/Restaurant_Review-g186338-d3337211-Reviews-Roxie_Steak_Fulham-London_England.html,London_England
731270,Orrery,https://www.tripadvisor.com/Restaurant_Review-g186338-d731270-Reviews-Orrery-London_England.html,London_England
2704738,The_Bull_Steak_Expert,https://www.tripadvisor.com/Restaurant_Review-g186338-d2704738-Reviews-The_Bull_Steak_Expert-London_England.html,London_England
3206568,Indian_Lounge,https://www.tripadvisor.com/Restaurant_Review-g186338-d3206568-Reviews-Indian_Lounge-London_England.html,London_England
12031448,Kirvem,https://www.tripadvisor.com/Restaurant_Review-g186338-d12031448-Reviews-Kirvem-London_England.html,London_England
7282993,The_Royal_Automobile_Club,https://www.tripadvisor.com/Restaurant_Review-g186338-d7282993-Reviews-The_Royal_Automobile_Club-London_England.html,London_England
17383940,Osteria_Napoletana,https://www.tripadvisor.com/Restaurant_Review-g186338-d17383940-Reviews-Osteria_Napoletana-London_England.html,London_England
16733167,Kanishka_by_Atul_Kochhar,https://www.tripadvisor.com/Restaurant_Review-g186338-d16733167-Reviews-Kanishka_by_Atul_Kochhar-London_England.html,London_England
1874094,Roux_at_Parliament_Square,https://www.tripadvisor.com/Restaurant_Review-g186338-d1874094-Reviews-Roux_at_Parliament_Square-London_England.html,London_England
5292714,Sapori_Cafe_and_Restaurant,https://www.tripadvisor.com/Restaurant_Review-g186338-d5292714-Reviews-Sapori_Cafe_and_Restaurant-London_England.html,London_England
4288390,Cookhouse_Joe,https://www.tripadvisor.com/Restaurant_Review-g186338-d4288390-Reviews-Cookhouse_Joe-London_England.html,London_England
1744881,Petrus_by_Gordon_Ramsay,https://www.tripadvisor.com/Restaurant_Review-g186338-d1744881-Reviews-Petrus_by_Gordon_Ramsay-London_England.html,London_England
1017393,Memories_of_India_Kensington,https://www.tripadvisor.com/Restaurant_Review-g186338-d1017393-Reviews-Memories_of_India_Kensington-London_England.html,London_England
3731732,The_Port_House,https://www.tripadvisor.com/Restaurant_Review-g186338-d3731732-Reviews-The_Port_House-London_England.html,London_England
3638068,The_Ritz_Restaurant,https://www.tripadvisor.com/Restaurant_Review-g186338-d3638068-Reviews-The_Ritz_Restaurant-London_England.html,London_England
11798530,Steak_Co,https://www.tripadvisor.com/Restaurant_Review-g186338-d11798530-Reviews-Steak_Co-London_England.html,London_England
3438280,Honest_Burgers_Meard_St_Soho,https://www.tripadvisor.com/Restaurant_Review-g186338-d3438280-Reviews-Honest_Burgers_Meard_St_Soho-London_England.html,London_England
4154575,Beirut_Nights,https://www.tripadvisor.com/Restaurant_Review-g186338-d4154575-Reviews-Beirut_Nights-London_England.html,London_England
2298216,Bar_Remo,https://www.tripadvisor.com/Restaurant_Review-g186338-d2298216-Reviews-Bar_Remo-London_England.html,London_England
13457228,Ginza_Onodera_Japanese_Restaurant,https://www.tripadvisor.com/Restaurant_Review-g186338-d13457228-Reviews-Ginza_Onodera_Japanese_Restaurant-London_England.html,London_England
733310,Indigo_Restaurant,https://www.tripadvisor.com/Restaurant_Review-g186338-d733310-Reviews-Indigo_Restaurant-London_England.html,London_England
1785869,JW_Steakhouse,https://www.tripadvisor.com/Restaurant_Review-g186338-d1785869-Reviews-JW_Steakhouse-London_England.html,London_England
3814219,Bravi_Ragazzi_Pizza,https://www.tripadvisor.com/Restaurant_Review-g186338-d3814219-Reviews-Bravi_Ragazzi_Pizza-London_England.html,London_England
4086680,Restaurant_Story,https://www.tripadvisor.com/Restaurant_Review-g186338-d4086680-Reviews-Restaurant_Story-London_England.html,London_England
10496258,Honest_Burgers,https://www.tripadvisor.com/Restaurant_Review-g186338-d10496258-Reviews-Honest_Burgers-London_England.html,London_England
2468914,Goodman_Canary_Wharf,https://www.tripadvisor.com/Restaurant_Review-g186338-d2468914-Reviews-Goodman_Canary_Wharf-London_England.html,London_England
3720830,Kings_Stores,https://www.tripadvisor.com/Restaurant_Review-g186338-d3720830-Reviews-Kings_Stores-London_England.html,London_England
2064495,Muhib_Indian_Cuisine,https://www.tripadvisor.com/Restaurant_Review-g186338-d2064495-Reviews-Muhib_Indian_Cuisine-London_England.html,London_England
10498473,The_Barbary,https://www.tripadvisor.com/Restaurant_Review-g186338-d10498473-Reviews-The_Barbary-London_England.html,London_England
1788836,Forman_s_Restaurant,https://www.tripadvisor.com/Restaurant_Review-g186338-d1788836-Reviews-Forman_s_Restaurant-London_England.html,London_England
7655602,My_Place_Soho,https://www.tripadvisor.com/Restaurant_Review-g186338-d7655602-Reviews-My_Place_Soho-London_England.html,London_England
7059777,Thali_Pickles_Indian_Dining,https://www.tripadvisor.com/Restaurant_Review-g186338-d7059777-Reviews-Thali_Pickles_Indian_Dining-London_England.html,London_England
1489506,The_George_on_the_Strand,https://www.tripadvisor.com/Restaurant_Review-g186338-d1489506-Reviews-The_George_on_the_Strand-London_England.html,London_England
5442857,Liz_Cafe,https://www.tripadvisor.com/Restaurant_Review-g186338-d5442857-Reviews-Liz_Cafe-London_England.html,London_England
1841371,Terry_s_Cafe_London,https://www.tripadvisor.com/Restaurant_Review-g186338-d1841371-Reviews-Terry_s_Cafe_London-London_England.html,London_England
10833526,Guste_REMO,https://www.tripadvisor.com/Restaurant_Review-g186338-d10833526-Reviews-Guste_REMO-London_England.html,London_England
7045855,Omnino_Leadenhall,https://www.tripadvisor.com/Restaurant_Review-g186338-d7045855-Reviews-Omnino_Leadenhall-London_England.html,London_England
1015650,Clos_Maggiore,https://www.tripadvisor.com/Restaurant_Review-g186338-d1015650-Reviews-Clos_Maggiore-London_England.html,London_England
3943898,Hispania_London,https://www.tripadvisor.com/Restaurant_Review-g186338-d3943898-Reviews-Hispania_London-London_England.html,London_England
6214474,Chez_Vous,https://www.tripadvisor.com/Restaurant_Review-g186338-d6214474-Reviews-Chez_Vous-London_England.html,London_England
19095262,Dera,https://www.tripadvisor.com/Restaurant_Review-g186338-d19095262-Reviews-Dera-London_England.html,London_England
11672129,Elystan_Street,https://www.tripadvisor.com/Restaurant_Review-g186338-d11672129-Reviews-Elystan_Street-London_England.html,London_England
2190331,Efes_Meze,https://www.tripadvisor.com/Restaurant_Review-g186338-d2190331-Reviews-Efes_Meze-London_England.html,London_England
1006016,Lanes_of_London,https://www.tripadvisor.com/Restaurant_Review-g186338-d1006016-Reviews-Lanes_of_London-London_England.html,London_England
8659975,Dishoom_Carnaby,https://www.tripadvisor.com/Restaurant_Review-g186338-d8659975-Reviews-Dishoom_Carnaby-London_England.html,London_England
9709471,Le_Bab,https://www.tripadvisor.com/Restaurant_Review-g186338-d9709471-Reviews-Le_Bab-London_England.html,London_England
8719866,Turtle_Bay_Brixton,https://www.tripadvisor.com/Restaurant_Review-g186338-d8719866-Reviews-or870-Turtle_Bay_Brixton-London_England.html,London_England
4014094,Mi_Cocina_Es_Tuya,https://www.tripadvisor.com/Restaurant_Review-g186338-d4014094-Reviews-Mi_Cocina_Es_Tuya-London_England.html,London_England
8594653,Rosetta,https://www.tripadvisor.com/Restaurant_Review-g186338-d8594653-Reviews-Rosetta-London_England.html,London_England
7717295,Hood,https://www.tripadvisor.com/Restaurant_Review-g186338-d7717295-Reviews-Hood-London_England.html,London_England
734125,Kazan_Restaurant,https://www.tripadvisor.com/Restaurant_Review-g186338-d734125-Reviews-Kazan_Restaurant-London_England.html,London_England
17449681,Myrtle_Restaurant,https://www.tripadvisor.com/Restaurant_Review-g186338-d17449681-Reviews-Myrtle_Restaurant-London_England.html,London_England
2538740,Cafe_Phillies,https://www.tripadvisor.com/Restaurant_Review-g186338-d2538740-Reviews-Cafe_Phillies-London_England.html,London_England
4101794,Kitchen_Table,https://www.tripadvisor.com/Restaurant_Review-g186338-d4101794-Reviews-Kitchen_Table-London_England.html,London_England
5861005,Rice_Republic,https://www.tripadvisor.com/Restaurant_Review-g186338-d5861005-Reviews-Rice_Republic-London_England.html,London_England
3982877,Pitted_Olive,https://www.tripadvisor.com/Restaurant_Review-g186338-d3982877-Reviews-Pitted_Olive-London_England.html,London_England
731451,Silka,https://www.tripadvisor.com/Restaurant_Review-g186338-d731451-Reviews-Silka-London_England.html,London_England
3388616,The_Pig_Butcher,https://www.tripadvisor.com/Restaurant_Review-g186338-d3388616-Reviews-The_Pig_Butcher-London_England.html,London_England
12226622,The_Game_Bird,https://www.tripadvisor.com/Restaurant_Review-g186338-d12226622-Reviews-The_Game_Bird-London_England.html,London_England
10802610,Alla_Salute,https://www.tripadvisor.com/Restaurant_Review-g186338-d10802610-Reviews-Alla_Salute-London_England.html,London_England
4047852,Cafe_338,https://www.tripadvisor.com/Restaurant_Review-g186338-d4047852-Reviews-Cafe_338-London_England.html,London_England
2316594,Buen_Ayre,https://www.tripadvisor.com/Restaurant_Review-g186338-d2316594-Reviews-Buen_Ayre-London_England.html,London_England
8790619,Buffalo_American_Grill_Tex_Mex,https://www.tripadvisor.com/Restaurant_Review-g186338-d8790619-Reviews-Buffalo_American_Grill_Tex_Mex-London_England.html,London_England
12116984,Ralph_s_Coffee_Bar,https://www.tripadvisor.com/Restaurant_Review-g186338-d12116984-Reviews-Ralph_s_Coffee_Bar-London_England.html,London_England
3982765,The_Pompidou_Cafe,https://www.tripadvisor.com/Restaurant_Review-g186338-d3982765-Reviews-The_Pompidou_Cafe-London_England.html,London_England
3840661,Selale_Restaurant,https://www.tripadvisor.com/Restaurant_Review-g186338-d3840661-Reviews-Selale_Restaurant-London_England.html,London_England
18324976,Yatri,https://www.tripadvisor.com/Restaurant_Review-g186338-d18324976-Reviews-Yatri-London_England.html,London_England
815603,Tower_Tandoori,https://www.tripadvisor.com/Restaurant_Review-g186338-d815603-Reviews-Tower_Tandoori-London_England.html,London_England
16904259,Robata,https://www.tripadvisor.com/Restaurant_Review-g186338-d16904259-Reviews-Robata-London_England.html,London_England
3853498,Ametsa,https://www.tripadvisor.com/Restaurant_Review-g186338-d3853498-Reviews-Ametsa-London_England.html,London_England
8093529,KataKata,https://www.tripadvisor.com/Restaurant_Review-g186338-d8093529-Reviews-KataKata-London_England.html,London_England
2008556,The_Clerk_and_Well,https://www.tripadvisor.com/Restaurant_Review-g186338-d2008556-Reviews-The_Clerk_and_Well-London_England.html,London_England
6473780,Primavera,https://www.tripadvisor.com/Restaurant_Review-g186338-d6473780-Reviews-Primavera-London_England.html,London_England
1023132,Petek,https://www.tripadvisor.com/Restaurant_Review-g186338-d1023132-Reviews-Petek-London_England.html,London_England
4912516,The_Library_at_County_Hall,https://www.tripadvisor.com/Restaurant_Review-g186338-d4912516-Reviews-The_Library_at_County_Hall-London_England.html,London_England
7342038,Viet_Baguette_Ltd,https://www.tripadvisor.com/Restaurant_Review-g186338-d7342038-Reviews-Viet_Baguette_Ltd-London_England.html,London_England
15290465,Di_Stefano_Coffee,https://www.tripadvisor.com/Restaurant_Review-g186338-d15290465-Reviews-Di_Stefano_Coffee-London_England.html,London_England
3602060,Dishoom_Shoreditch,https://www.tripadvisor.com/Restaurant_Review-g186338-d3602060-Reviews-Dishoom_Shoreditch-London_England.html,London_England
720189,Odette_s_Restaurant,https://www.tripadvisor.com/Restaurant_Review-g186338-d720189-Reviews-Odette_s_Restaurant-London_England.html,London_England
1903212,The_Goring_Dining_Room,https://www.tripadvisor.com/Restaurant_Review-g186338-d1903212-Reviews-The_Goring_Dining_Room-London_England.html,London_England
6802812,Portobello_Garden_Caffe,https://www.tripadvisor.com/Restaurant_Review-g186338-d6802812-Reviews-Portobello_Garden_Caffe-London_England.html,London_England
8382000,Revolution_Bar_Clapham_High_Street,https://www.tripadvisor.com/Restaurant_Review-g186338-d8382000-Reviews-Revolution_Bar_Clapham_High_Street-London_England.html,London_England
13964295,Fushan_Japanese_Restaurant,https://www.tripadvisor.com/Restaurant_Review-g186338-d13964295-Reviews-Fushan_Japanese_Restaurant-London_England.html,London_England
6598753,Peter_s_Cafe,https://www.tripadvisor.com/Restaurant_Review-g186338-d6598753-Reviews-Peter_s_Cafe-London_England.html,London_England
8842845,Zeytin_Restaurant,https://www.tripadvisor.com/Restaurant_Review-g186338-d8842845-Reviews-Zeytin_Restaurant-London_England.html,London_England
812801,African_Gallery_Kitchen,https://www.tripadvisor.com/Restaurant_Review-g186338-d812801-Reviews-African_Gallery_Kitchen-London_England.html,London_England
19898879,Sweetsmile_Bakery_Patisserie,https://www.tripadvisor.com/Restaurant_Review-g186338-d19898879-Reviews-Sweetsmile_Bakery_Patisserie-London_England.html,London_England
11627208,BungaTINI,https://www.tripadvisor.com/Restaurant_Review-g186338-d11627208-Reviews-BungaTINI-London_England.html,London_England
9769346,Sodo_Pizza,https://www.tripadvisor.com/Restaurant_Review-g186338-d9769346-Reviews-Sodo_Pizza-London_England.html,London_England
1587519,Gaucho_Tower_Bridge,https://www.tripadvisor.com/Restaurant_Review-g186338-d1587519-Reviews-Gaucho_Tower_Bridge-London_England.html,London_England
4097272,Kaspar_s_at_The_Savoy,https://www.tripadvisor.com/Restaurant_Review-g186338-d4097272-Reviews-Kaspar_s_at_The_Savoy-London_England.html,London_England
1382002,Goodman,https://www.tripadvisor.com/Restaurant_Review-g186338-d1382002-Reviews-Goodman-London_England.html,London_England
1044584,The_Rajdoot,https://www.tripadvisor.com/Restaurant_Review-g186338-d1044584-Reviews-or1490-The_Rajdoot-London_England.html,London_England
7684477,Kitty_Fisher_s,https://www.tripadvisor.com/Restaurant_Review-g186338-d7684477-Reviews-Kitty_Fisher_s-London_England.html,London_England
1636659,Amici,https://www.tripadvisor.com/Restaurant_Review-g186338-d1636659-Reviews-Amici-London_England.html,London_England
4565320,Honest_Burgers_Camden,https://www.tripadvisor.com/Restaurant_Review-g186338-d4565320-Reviews-Honest_Burgers_Camden-London_England.html,London_England
7241477,Mangio,https://www.tripadvisor.com/Restaurant_Review-g186338-d7241477-Reviews-Mangio-London_England.html,London_England
17541142,London_Secret_Garden,https://www.tripadvisor.com/Restaurant_Review-g186338-d17541142-Reviews-London_Secret_Garden-London_England.html,London_England
3683998,Bonnie_Gull_Seafood_Shack,https://www.tripadvisor.com/Restaurant_Review-g186338-d3683998-Reviews-Bonnie_Gull_Seafood_Shack-London_England.html,London_England
8844365,Oriole_Bar,https://www.tripadvisor.com/Restaurant_Review-g186338-d8844365-Reviews-Oriole_Bar-London_England.html,London_England
4471885,Brazilian_Gourmet,https://www.tripadvisor.com/Restaurant_Review-g186338-d4471885-Reviews-Brazilian_Gourmet-London_England.html,London_England
2153036,Franx_Continental_Cafe,https://www.tripadvisor.com/Restaurant_Review-g186338-d2153036-Reviews-Franx_Continental_Cafe-London_England.html,London_England
720551,Simpson_s_in_The_Strand,https://www.tripadvisor.com/Restaurant_Review-g186338-d720551-Reviews-Simpson_s_in_The_Strand-London_England.html,London_England
12385345,Clarette,https://www.tripadvisor.com/Restaurant_Review-g186338-d12385345-Reviews-Clarette-London_England.html,London_England
3834264,Les_Douceurs_de_la_Tentation,https://www.tripadvisor.com/Restaurant_Review-g186338-d3834264-Reviews-Les_Douceurs_de_la_Tentation-London_England.html,London_England
734281,Donna_Margherita,https://www.tripadvisor.com/Restaurant_Review-g186338-d734281-Reviews-Donna_Margherita-London_England.html,London_England
7762325,Tokyo_Sukiyaki_Tei,https://www.tripadvisor.com/Restaurant_Review-g186338-d7762325-Reviews-Tokyo_Sukiyaki_Tei-London_England.html,London_England
11789417,Supawan_Thai_Restaurant,https://www.tripadvisor.com/Restaurant_Review-g186338-d11789417-Reviews-Supawan_Thai_Restaurant-London_England.html,London_England
1967837,Coda_Restaurant_by_Eric_Chavot,https://www.tripadvisor.com/Restaurant_Review-g186338-d1967837-Reviews-Coda_Restaurant_by_Eric_Chavot-London_England.html,London_England
12992337,Sahara_Grill_Hounslow,https://www.tripadvisor.com/Restaurant_Review-g186338-d12992337-Reviews-Sahara_Grill_Hounslow-London_England.html,London_England
1071328,The_Promenade_at_The_Dorchester,https://www.tripadvisor.com/Restaurant_Review-g186338-d1071328-Reviews-The_Promenade_at_The_Dorchester-London_England.html,London_England
15087758,Maison_Bab,https://www.tripadvisor.com/Restaurant_Review-g186338-d15087758-Reviews-Maison_Bab-London_England.html,London_England
21176378,Merlot_Garden_Bar_Restaurant,https://www.tripadvisor.com/Restaurant_Review-g186338-d21176378-Reviews-Merlot_Garden_Bar_Restaurant-London_England.html,London_England
6519169,Connaught_Bar,https://www.tripadvisor.com/Restaurant_Review-g186338-d6519169-Reviews-Connaught_Bar-London_England.html,London_England
1019304,Randall_Aubin,https://www.tripadvisor.com/Restaurant_Review-g186338-d1019304-Reviews-Randall_Aubin-London_England.html,London_England
3514061,Comedor_Grill_and_Bar,https://www.tripadvisor.com/Restaurant_Review-g186338-d3514061-Reviews-Comedor_Grill_and_Bar-London_England.html,London_England
1015646,Cyprus_Mangal,https://www.tripadvisor.com/Restaurant_Review-g186338-d1015646-Reviews-Cyprus_Mangal-London_England.html,London_England
3784979,Macellaio_RC_South_Kensington,https://www.tripadvisor.com/Restaurant_Review-g186338-d3784979-Reviews-Macellaio_RC_South_Kensington-London_England.html,London_England
19141566,Don_Ciccio_Osteria_Siciliana,https://www.tripadvisor.com/Restaurant_Review-g186338-d19141566-Reviews-Don_Ciccio_Osteria_Siciliana-London_England.html,London_England
3337318,The_Queens_Head,https://www.tripadvisor.com/Restaurant_Review-g186338-d3337318-Reviews-The_Queens_Head-London_England.html,London_England
1016879,Oslo_Court,https://www.tripadvisor.com/Restaurant_Review-g186338-d1016879-Reviews-Oslo_Court-London_England.html,London_England
720748,The_Grill_at_The_Dorchester,https://www.tripadvisor.com/Restaurant_Review-g186338-d720748-Reviews-The_Grill_at_The_Dorchester-London_England.html,London_England
11789169,Inamo,https://www.tripadvisor.com/Restaurant_Review-g186338-d11789169-Reviews-Inamo-London_England.html,London_England
2014544,The_Plume_of_Feathers,https://www.tripadvisor.com/Restaurant_Review-g186338-d2014544-Reviews-The_Plume_of_Feathers-London_England.html,London_England
1917400,Maharaja_Indian_Restaurant,https://www.tripadvisor.com/Restaurant_Review-g186338-d1917400-Reviews-Maharaja_Indian_Restaurant-London_England.html,London_England
2633495,Ristorante_Carola,https://www.tripadvisor.com/Restaurant_Review-g186338-d2633495-Reviews-Ristorante_Carola-London_England.html,London_England
816904,Beck_s_cafe,https://www.tripadvisor.com/Restaurant_Review-g186338-d816904-Reviews-Beck_s_cafe-London_England.html,London_England
4910311,Nepal_Authentic_Dining,https://www.tripadvisor.com/Restaurant_Review-g186338-d4910311-Reviews-Nepal_Authentic_Dining-London_England.html,London_England
1015661,E_O,https://www.tripadvisor.com/Restaurant_Review-g186338-d1015661-Reviews-E_O-London_England.html,London_England
718926,Enoteca_Turi,https://www.tripadvisor.com/Restaurant_Review-g186338-d718926-Reviews-Enoteca_Turi-London_England.html,London_England
12378274,Adore_Remo,https://www.tripadvisor.com/Restaurant_Review-g186338-d12378274-Reviews-Adore_Remo-London_England.html,London_England
16868839,Santo_Mare,https://www.tripadvisor.com/Restaurant_Review-g186338-d16868839-Reviews-Santo_Mare-London_England.html,London_England
9593567,Brewhouse_Kitchen_Highbury,https://www.tripadvisor.com/Restaurant_Review-g186338-d9593567-Reviews-Brewhouse_Kitchen_Highbury-London_England.html,London_England
6352741,Salt_Pepper,https://www.tripadvisor.com/Restaurant_Review-g186338-d6352741-Reviews-Salt_Pepper-London_England.html,London_England
1846794,Soho_Joe,https://www.tripadvisor.com/Restaurant_Review-g186338-d1846794-Reviews-Soho_Joe-London_England.html,London_England
15011415,Acoustic_Brasserie,https://www.tripadvisor.com/Restaurant_Review-g186338-d15011415-Reviews-Acoustic_Brasserie-London_England.html,London_England
5247729,Afternoon_Tea_at_The_Montague_on_The_Gardens,https://www.tripadvisor.com/Restaurant_Review-g186338-d5247729-Reviews-Afternoon_Tea_at_The_Montague_on_The_Gardens-London_England.html,London_England
13510240,Elvet_Steakhouse,https://www.tripadvisor.com/Restaurant_Review-g186338-d13510240-Reviews-Elvet_Steakhouse-London_England.html,London_England
1649137,Kennedys_OF_Goswell_Road,https://www.tripadvisor.com/Restaurant_Review-g186338-d1649137-Reviews-Kennedys_OF_Goswell_Road-London_England.html,London_England
1073524,Punto_Italian_Restaurant,https://www.tripadvisor.com/Restaurant_Review-g186338-d1073524-Reviews-Punto_Italian_Restaurant-London_England.html,London_England
2476295,Khamsa,https://www.tripadvisor.com/Restaurant_Review-g186338-d2476295-Reviews-Khamsa-London_England.html,London_England
2000067,Dinner_by_Heston_Blumenthal,https://www.tripadvisor.com/Restaurant_Review-g186338-d2000067-Reviews-Dinner_by_Heston_Blumenthal-London_England.html,London_England
3486137,Heliot_Steak_House,https://www.tripadvisor.com/Restaurant_Review-g186338-d3486137-Reviews-Heliot_Steak_House-London_England.html,London_England
2089112,Panas_Gurkha_Restaurant,https://www.tripadvisor.com/Restaurant_Review-g186338-d2089112-Reviews-Panas_Gurkha_Restaurant-London_England.html,London_England
13313894,Revolution_Putney,https://www.tripadvisor.com/Restaurant_Review-g186338-d13313894-Reviews-Revolution_Putney-London_England.html,London_England
8286686,Pure_Cyprus,https://www.tripadvisor.com/Restaurant_Review-g186338-d8286686-Reviews-Pure_Cyprus-London_England.html,London_England
3850113,St_Ermin_s_Tea_Lounge,https://www.tripadvisor.com/Restaurant_Review-g186338-d3850113-Reviews-St_Ermin_s_Tea_Lounge-London_England.html,London_England
3531043,Il_Girasole,https://www.tripadvisor.com/Restaurant_Review-g186338-d3531043-Reviews-Il_Girasole-London_England.html,London_England
11905307,Sidi_Bou_London,https://www.tripadvisor.com/Restaurant_Review-g186338-d11905307-Reviews-Sidi_Bou_London-London_England.html,London_England
11899102,Bar_Block_Steakhouse,https://www.tripadvisor.com/Restaurant_Review-g186338-d11899102-Reviews-Bar_Block_Steakhouse-London_England.html,London_England
1006008,Aphrodite_Taverna,https://www.tripadvisor.com/Restaurant_Review-g186338-d1006008-Reviews-Aphrodite_Taverna-London_England.html,London_England
1817951,Gauthier_Soho,https://www.tripadvisor.com/Restaurant_Review-g186338-d1817951-Reviews-Gauthier_Soho-London_England.html,London_England
2374067,Honest_Burgers_Brixton,https://www.tripadvisor.com/Restaurant_Review-g186338-d2374067-Reviews-Honest_Burgers_Brixton-London_England.html,London_England
1391395,Apollo_Restaurant,https://www.tripadvisor.com/Restaurant_Review-g186338-d1391395-Reviews-Apollo_Restaurant-London_England.html,London_England
4063226,Kailash_Momo_Restaurant,https://www.tripadvisor.com/Restaurant_Review-g186338-d4063226-Reviews-Kailash_Momo_Restaurant-London_England.html,London_England
3268027,28_50_Marylebone_Lane,https://www.tripadvisor.com/Restaurant_Review-g186338-d3268027-Reviews-28_50_Marylebone_Lane-London_England.html,London_England
2058878,NOPI_Downstairs,https://www.tripadvisor.com/Restaurant_Review-g186338-d2058878-Reviews-NOPI_Downstairs-London_England.html,London_England
1017663,Park_Terrace_Restaurant,https://www.tripadvisor.com/Restaurant_Review-g186338-d1017663-Reviews-Park_Terrace_Restaurant-London_England.html,London_England
7098149,Canada_Water_Cafe,https://www.tripadvisor.com/Restaurant_Review-g186338-d7098149-Reviews-Canada_Water_Cafe-London_England.html,London_England
7140024,Senor_Ceviche,https://www.tripadvisor.com/Restaurant_Review-g186338-d7140024-Reviews-Senor_Ceviche-London_England.html,London_England
9867131,Theo_s_Simple_Italian,https://www.tripadvisor.com/Restaurant_Review-g186338-d9867131-Reviews-Theo_s_Simple_Italian-London_England.html,London_England
5000053,Prawn_on_the_Lawn,https://www.tripadvisor.com/Restaurant_Review-g186338-d5000053-Reviews-Prawn_on_the_Lawn-London_England.html,London_England
8118034,Bellillo,https://www.tripadvisor.com/Restaurant_Review-g186338-d8118034-Reviews-Bellillo-London_England.html,London_England
12189477,Hawksmoor_Borough,https://www.tripadvisor.com/Restaurant_Review-g186338-d12189477-Reviews-Hawksmoor_Borough-London_England.html,London_England
796468,Stone_Cave_Cafe_Bar_Restaurant,https://www.tripadvisor.com/Restaurant_Review-g186338-d796468-Reviews-Stone_Cave_Cafe_Bar_Restaurant-London_England.html,London_England
6999309,Olives_and_Meze,https://www.tripadvisor.com/Restaurant_Review-g186338-d6999309-Reviews-Olives_and_Meze-London_England.html,London_England
7314841,Clarke_s,https://www.tripadvisor.com/Restaurant_Review-g186338-d7314841-Reviews-Clarke_s-London_England.html,London_England
2253670,The_Hawley_Arms,https://www.tripadvisor.com/Restaurant_Review-g186338-d2253670-Reviews-The_Hawley_Arms-London_England.html,London_England
2348724,The_Lobby_Bar,https://www.tripadvisor.com/Restaurant_Review-g186338-d2348724-Reviews-The_Lobby_Bar-London_England.html,London_England
2064530,Bellaria_Restaurant_Wine_Bar,https://www.tripadvisor.com/Restaurant_Review-g186338-d2064530-Reviews-Bellaria_Restaurant_Wine_Bar-London_England.html,London_England
1316717,Cafe_Tarte,https://www.tripadvisor.com/Restaurant_Review-g186338-d1316717-Reviews-Cafe_Tarte-London_England.html,London_England
3963434,Rucoletta,https://www.tripadvisor.com/Restaurant_Review-g186338-d3963434-Reviews-Rucoletta-London_England.html,London_England
1656751,Kitchen_W8,https://www.tripadvisor.com/Restaurant_Review-g186338-d1656751-Reviews-Kitchen_W8-London_England.html,London_England
15581819,Buns_and_Buns,https://www.tripadvisor.com/Restaurant_Review-g186338-d15581819-Reviews-Buns_and_Buns-London_England.html,London_England
2312576,Roxie_Steak_Earlsfield,https://www.tripadvisor.com/Restaurant_Review-g186338-d2312576-Reviews-Roxie_Steak_Earlsfield-London_England.html,London_England
15018451,Old_Compton_Brasserie,https://www.tripadvisor.com/Restaurant_Review-g186338-d15018451-Reviews-Old_Compton_Brasserie-London_England.html,London_England
968977,Viet_Grill,https://www.tripadvisor.com/Restaurant_Review-g186338-d968977-Reviews-Viet_Grill-London_England.html,London_England
17837050,MBARE,https://www.tripadvisor.com/Restaurant_Review-g186338-d17837050-Reviews-MBARE-London_England.html,London_England
4085143,Tozi_Restaurant_Bar,https://www.tripadvisor.com/Restaurant_Review-g186338-d4085143-Reviews-Tozi_Restaurant_Bar-London_England.html,London_England
2140493,Kua_Aina,https://www.tripadvisor.com/Restaurant_Review-g186338-d2140493-Reviews-Kua_Aina-London_England.html,London_England
1989890,The_Blues_Kitchen_Camden,https://www.tripadvisor.com/Restaurant_Review-g186338-d1989890-Reviews-The_Blues_Kitchen_Camden-London_England.html,London_England
1026943,The_Blue_Door_Bistro,https://www.tripadvisor.com/Restaurant_Review-g186338-d1026943-Reviews-The_Blue_Door_Bistro-London_England.html,London_England
6167249,Trade,https://www.tripadvisor.com/Restaurant_Review-g186338-d6167249-Reviews-Trade-London_England.html,London_England
2468728,Champagne_Fromage_Covent_Garden,https://www.tripadvisor.com/Restaurant_Review-g186338-d2468728-Reviews-Champagne_Fromage_Covent_Garden-London_England.html,London_England
1017654,Palm_Court_Brasserie,https://www.tripadvisor.com/Restaurant_Review-g186338-d1017654-Reviews-Palm_Court_Brasserie-London_England.html,London_England
1010111,Scoff_And_Banter_Kensington,https://www.tripadvisor.com/Restaurant_Review-g186338-d1010111-Reviews-Scoff_And_Banter_Kensington-London_England.html,London_England
5003314,Honest_Burgers,https://www.tripadvisor.com/Restaurant_Review-g186338-d5003314-Reviews-Honest_Burgers-London_England.html,London_England
3605258,Michael_Nadra_Primrose_Hill_Brasserie_Bar,https://www.tripadvisor.com/Restaurant_Review-g186338-d3605258-Reviews-Michael_Nadra_Primrose_Hill_Brasserie_Bar-London_England.html,London_England
2587004,10_Greek_Street,https://www.tripadvisor.com/Restaurant_Review-g186338-d2587004-Reviews-10_Greek_Street-London_England.html,London_England
680470,A_Wong,https://www.tripadvisor.com/Restaurant_Review-g186338-d680470-Reviews-A_Wong-London_England.html,London_England
2011019,Bella_Italia,https://www.tripadvisor.com/Restaurant_Review-g186338-d2011019-Reviews-Bella_Italia-London_England.html,London_England
8819272,The_Ninth,https://www.tripadvisor.com/Restaurant_Review-g186338-d8819272-Reviews-The_Ninth-London_England.html,London_England
8726149,Honest_Burgers,https://www.tripadvisor.com/Restaurant_Review-g186338-d8726149-Reviews-Honest_Burgers-London_England.html,London_England
719674,Laughing_Gravy_Bar_Restaurant,https://www.tripadvisor.com/Restaurant_Review-g186338-d719674-Reviews-Laughing_Gravy_Bar_Restaurant-London_England.html,London_England
1993511,The_Yacht_London,https://www.tripadvisor.com/Restaurant_Review-g186338-d1993511-Reviews-The_Yacht_London-London_England.html,London_England
1989607,Goodman_City,https://www.tripadvisor.com/Restaurant_Review-g186338-d1989607-Reviews-Goodman_City-London_England.html,London_England
3339988,GWR_Pullman_Dining,https://www.tripadvisor.com/Restaurant_Review-g186338-d3339988-Reviews-GWR_Pullman_Dining-London_England.html,London_England
13223654,Melabes,https://www.tripadvisor.com/Restaurant_Review-g186338-d13223654-Reviews-Melabes-London_England.html,London_England
1016437,Island_Grill,https://www.tripadvisor.com/Restaurant_Review-g186338-d1016437-Reviews-Island_Grill-London_England.html,London_England
14019595,Paramount_Lebanese_Kitchen,https://www.tripadvisor.com/Restaurant_Review-g186338-d14019595-Reviews-Paramount_Lebanese_Kitchen-London_England.html,London_England
1457059,Premises_Cafe,https://www.tripadvisor.com/Restaurant_Review-g186338-d1457059-Reviews-Premises_Cafe-London_England.html,London_England
1023159,Le_Beaujolais,https://www.tripadvisor.com/Restaurant_Review-g186338-d1023159-Reviews-Le_Beaujolais-London_England.html,London_England
13173527,Chimichurris,https://www.tripadvisor.com/Restaurant_Review-g186338-d13173527-Reviews-Chimichurris-London_England.html,London_England
2008429,Revolution_America_Square,https://www.tripadvisor.com/Restaurant_Review-g186338-d2008429-Reviews-Revolution_America_Square-London_England.html,London_England
9877724,Big_Moe_s_Diner,https://www.tripadvisor.com/Restaurant_Review-g186338-d9877724-Reviews-Big_Moe_s_Diner-London_England.html,London_England
5532356,Sticks_N_Sushi_Covent_Garden,https://www.tripadvisor.com/Restaurant_Review-g186338-d5532356-Reviews-Sticks_N_Sushi_Covent_Garden-London_England.html,London_England
11046572,Margot,https://www.tripadvisor.com/Restaurant_Review-g186338-d11046572-Reviews-Margot-London_England.html,London_England
1017330,Kalamaras_Greek_Taverna,https://www.tripadvisor.com/Restaurant_Review-g186338-d1017330-Reviews-Kalamaras_Greek_Taverna-London_England.html,London_England
1863498,Dishoom,https://www.tripadvisor.com/Restaurant_Review-g186338-d1863498-Reviews-Dishoom-London_England.html,London_England
6404047,Lady_Dinah_s_Cat_Emporium,https://www.tripadvisor.com/Restaurant_Review-g186338-d6404047-Reviews-Lady_Dinah_s_Cat_Emporium-London_England.html,London_England
6749683,Honest_Burgers,https://www.tripadvisor.com/Restaurant_Review-g186338-d6749683-Reviews-Honest_Burgers-London_England.html,London_England
11908107,Aviary,https://www.tripadvisor.com/Restaurant_Review-g186338-d11908107-Reviews-Aviary-London_England.html,London_England
3687467,Zoilo,https://www.tripadvisor.com/Restaurant_Review-g186338-d3687467-Reviews-Zoilo-London_England.html,London_England
3971257,Zaibatsu,https://www.tripadvisor.com/Restaurant_Review-g186338-d3971257-Reviews-Zaibatsu-London_England.html,London_England
12573897,Senor_Ceviche_Charlotte_Street,https://www.tripadvisor.com/Restaurant_Review-g186338-d12573897-Reviews-Senor_Ceviche_Charlotte_Street-London_England.html,London_England
1043913,Bizzarro,https://www.tripadvisor.com/Restaurant_Review-g186338-d1043913-Reviews-Bizzarro-London_England.html,London_England
720079,Moshi_Moshi,https://www.tripadvisor.com/Restaurant_Review-g186338-d720079-Reviews-Moshi_Moshi-London_England.html,London_England
9810972,Mr_Bao,https://www.tripadvisor.com/Restaurant_Review-g186338-d9810972-Reviews-Mr_Bao-London_England.html,London_England
10366272,Il_Primo_Ristorante,https://www.tripadvisor.com/Restaurant_Review-g186338-d10366272-Reviews-Il_Primo_Ristorante-London_England.html,London_England
6893495,Honest_Burgers,https://www.tripadvisor.com/Restaurant_Review-g186338-d6893495-Reviews-Honest_Burgers-London_England.html,London_England
2194413,Cay_Tre,https://www.tripadvisor.com/Restaurant_Review-g186338-d2194413-Reviews-Cay_Tre-London_England.html,London_England
4424544,Luce_e_Limoni_Restaurant,https://www.tripadvisor.com/Restaurant_Review-g186338-d4424544-Reviews-Luce_e_Limoni_Restaurant-London_England.html,London_England
1021847,Gaucho_Broadgate,https://www.tripadvisor.com/Restaurant_Review-g186338-d1021847-Reviews-Gaucho_Broadgate-London_England.html,London_England
6624139,Pappa_Roma,https://www.tripadvisor.com/Restaurant_Review-g186338-d6624139-Reviews-Pappa_Roma-London_England.html,London_England
796521,Scott_s,https://www.tripadvisor.com/Restaurant_Review-g186338-d796521-Reviews-Scott_s-London_England.html,London_England
10304817,Frankie_Benny_s,https://www.tripadvisor.com/Restaurant_Review-g186338-d10304817-Reviews-Frankie_Benny_s-London_England.html,London_England
7294256,Honest_Burgers,https://www.tripadvisor.com/Restaurant_Review-g186338-d7294256-Reviews-Honest_Burgers-London_England.html,London_England
3257713,Cote_Brasserie_St_Christophers_Place,https://www.tripadvisor.com/Restaurant_Review-g186338-d3257713-Reviews-Cote_Brasserie_St_Christophers_Place-London_England.html,London_England
1389543,Locale,https://www.tripadvisor.com/Restaurant_Review-g186338-d1389543-Reviews-Locale-London_England.html,London_England
719353,Il_Convivio,https://www.tripadvisor.com/Restaurant_Review-g186338-d719353-Reviews-Il_Convivio-London_England.html,London_England
7620204,Oka_Restaurant,https://www.tripadvisor.com/Restaurant_Review-g186338-d7620204-Reviews-Oka_Restaurant-London_England.html,London_England
720298,Marcus,https://www.tripadvisor.com/Restaurant_Review-g186338-d720298-Reviews-Marcus-London_England.html,London_England
8719880,The_Blues_Kitchen_Brixton,https://www.tripadvisor.com/Restaurant_Review-g186338-d8719880-Reviews-The_Blues_Kitchen_Brixton-London_England.html,London_England
17634913,Moncks_of_Dover_St,https://www.tripadvisor.com/Restaurant_Review-g186338-d17634913-Reviews-Moncks_of_Dover_St-London_England.html,London_England
10850294,Tongue_Brisket,https://www.tripadvisor.com/Restaurant_Review-g186338-d10850294-Reviews-Tongue_Brisket-London_England.html,London_England
1044399,The_Magpie,https://www.tripadvisor.com/Restaurant_Review-g186338-d1044399-Reviews-The_Magpie-London_England.html,London_England
13294491,Kudu_Restaurant,https://www.tripadvisor.com/Restaurant_Review-g186338-d13294491-Reviews-Kudu_Restaurant-London_England.html,London_England
1991481,Hawksmoor_Seven_Dials,https://www.tripadvisor.com/Restaurant_Review-g186338-d1991481-Reviews-Hawksmoor_Seven_Dials-London_England.html,London_England
4570741,Cacciari_s_Italian_Pizzeria_Restaurant,https://www.tripadvisor.com/Restaurant_Review-g186338-d4570741-Reviews-Cacciari_s_Italian_Pizzeria_Restaurant-London_England.html,London_England
730159,Galvin_at_Windows,https://www.tripadvisor.com/Restaurant_Review-g186338-d730159-Reviews-Galvin_at_Windows-London_England.html,London_England
730378,2_Veneti,https://www.tripadvisor.com/Restaurant_Review-g186338-d730378-Reviews-2_Veneti-London_England.html,London_England
733545,Lowlander,https://www.tripadvisor.com/Restaurant_Review-g186338-d733545-Reviews-Lowlander-London_England.html,London_England
698083,Babur_Restaurant,https://www.tripadvisor.com/Restaurant_Review-g186338-d698083-Reviews-Babur_Restaurant-London_England.html,London_England
2001771,Fora_Restaurant,https://www.tripadvisor.com/Restaurant_Review-g186338-d2001771-Reviews-Fora_Restaurant-London_England.html,London_England
3348311,Cafe_La_Divina,https://www.tripadvisor.com/Restaurant_Review-g186338-d3348311-Reviews-Cafe_La_Divina-London_England.html,London_England
6539433,Lime_and_Thyme,https://www.tripadvisor.com/Restaurant_Review-g186338-d6539433-Reviews-Lime_and_Thyme-London_England.html,London_England
7212464,Dishoom_King_s_Cross,https://www.tripadvisor.com/Restaurant_Review-g186338-d7212464-Reviews-Dishoom_King_s_Cross-London_England.html,London_England
730156,108_Brasserie,https://www.tripadvisor.com/Restaurant_Review-g186338-d730156-Reviews-108_Brasserie-London_England.html,London_England
719959,Maggie_Jones_s,https://www.tripadvisor.com/Restaurant_Review-g186338-d719959-Reviews-Maggie_Jones_s-London_England.html,London_England
8719826,Les_110_De_Taillevent,https://www.tripadvisor.com/Restaurant_Review-g186338-d8719826-Reviews-Les_110_De_Taillevent-London_England.html,London_England
1127947,Harry_s_Bar_Pizzeria,https://www.tripadvisor.com/Restaurant_Review-g186338-d1127947-Reviews-Harry_s_Bar_Pizzeria-London_England.html,London_England
8855999,Steak_Co_Gloucester_Road_Kensington,https://www.tripadvisor.com/Restaurant_Review-g186338-d8855999-Reviews-Steak_Co_Gloucester_Road_Kensington-London_England.html,London_England
732975,Zuma_London,https://www.tripadvisor.com/Restaurant_Review-g186338-d732975-Reviews-Zuma_London-London_England.html,London_England
5122093,Ye_Olde_Mitre,https://www.tripadvisor.com/Restaurant_Review-g186338-d5122093-Reviews-Ye_Olde_Mitre-London_England.html,London_England
3669034,Condesa,https://www.tripadvisor.com/Restaurant_Review-g186338-d3669034-Reviews-Condesa-London_England.html,London_England
10485157,Tarshish,https://www.tripadvisor.com/Restaurant_Review-g186338-d10485157-Reviews-Tarshish-London_England.html,London_England
2626185,Provender,https://www.tripadvisor.com/Restaurant_Review-g186338-d2626185-Reviews-Provender-London_England.html,London_England
6594322,Boqueria,https://www.tripadvisor.com/Restaurant_Review-g186338-d6594322-Reviews-Boqueria-London_England.html,London_England
968931,Bbar,https://www.tripadvisor.com/Restaurant_Review-g186338-d968931-Reviews-Bbar-London_England.html,London_England
2361055,The_Kitchen,https://www.tripadvisor.com/Restaurant_Review-g186338-d2361055-Reviews-The_Kitchen-London_England.html,London_England
10480574,Clipstone,https://www.tripadvisor.com/Restaurant_Review-g186338-d10480574-Reviews-Clipstone-London_England.html,London_England
16700972,Gloria,https://www.tripadvisor.com/Restaurant_Review-g186338-d16700972-Reviews-Gloria-London_England.html,London_England
11875170,Bob_s_Cafe_Queens_Park,https://www.tripadvisor.com/Restaurant_Review-g186338-d11875170-Reviews-Bob_s_Cafe_Queens_Park-London_England.html,London_England
13369471,Hankies_Marble_Arch,https://www.tripadvisor.com/Restaurant_Review-g186338-d13369471-Reviews-Hankies_Marble_Arch-London_England.html,London_England
5264266,Caboose,https://www.tripadvisor.com/Restaurant_Review-g186338-d5264266-Reviews-Caboose-London_England.html,London_England
11855719,Lobos,https://www.tripadvisor.com/Restaurant_Review-g186338-d11855719-Reviews-Lobos-London_England.html,London_England
9592772,Il_Cucciolo_Ristorante_Italiano,https://www.tripadvisor.com/Restaurant_Review-g186338-d9592772-Reviews-Il_Cucciolo_Ristorante_Italiano-London_England.html,London_England
6171524,Cafe_Parisienne,https://www.tripadvisor.com/Restaurant_Review-g186338-d6171524-Reviews-Cafe_Parisienne-London_England.html,London_England
2095838,Pollen_Street_Social,https://www.tripadvisor.com/Restaurant_Review-g186338-d2095838-Reviews-Pollen_Street_Social-London_England.html,London_England
720168,North_Sea_Fish_Restaurant,https://www.tripadvisor.com/Restaurant_Review-g186338-d720168-Reviews-North_Sea_Fish_Restaurant-London_England.html,London_England
1055730,Bella_Italia,https://www.tripadvisor.com/Restaurant_Review-g186338-d1055730-Reviews-Bella_Italia-London_England.html,London_England
12612094,Tibita,https://www.tripadvisor.com/Restaurant_Review-g186338-d12612094-Reviews-Tibita-London_England.html,London_England
1404769,High_Timber,https://www.tripadvisor.com/Restaurant_Review-g186338-d1404769-Reviews-High_Timber-London_England.html,London_England
734021,Los_Molinos,https://www.tripadvisor.com/Restaurant_Review-g186338-d734021-Reviews-Los_Molinos-London_England.html,London_England
7935300,Pizzicotto,https://www.tripadvisor.com/Restaurant_Review-g186338-d7935300-Reviews-Pizzicotto-London_England.html,London_England
2059595,Brawn,https://www.tripadvisor.com/Restaurant_Review-g186338-d2059595-Reviews-Brawn-London_England.html,London_England
2458138,Thai_West_Cafe,https://www.tripadvisor.com/Restaurant_Review-g186338-d2458138-Reviews-Thai_West_Cafe-London_England.html,London_England
8572621,Cacio_Pepe,https://www.tripadvisor.com/Restaurant_Review-g186338-d8572621-Reviews-Cacio_Pepe-London_England.html,London_England
2628404,Italina_London,https://www.tripadvisor.com/Restaurant_Review-g186338-d2628404-Reviews-Italina_London-London_England.html,London_England
1059594,Sri_Suwoon,https://www.tripadvisor.com/Restaurant_Review-g186338-d1059594-Reviews-Sri_Suwoon-London_England.html,London_England
10746198,Eneko_Basque_Kitchen_and_Bar,https://www.tripadvisor.com/Restaurant_Review-g186338-d10746198-Reviews-Eneko_Basque_Kitchen_and_Bar-London_England.html,London_England
7389255,Portland_Restaurant,https://www.tripadvisor.com/Restaurant_Review-g186338-d7389255-Reviews-Portland_Restaurant-London_England.html,London_England
718530,Club_Gascon,https://www.tripadvisor.com/Restaurant_Review-g186338-d718530-Reviews-Club_Gascon-London_England.html,London_England
15049972,Coal_Office_Restaurant,https://www.tripadvisor.com/Restaurant_Review-g186338-d15049972-Reviews-Coal_Office_Restaurant-London_England.html,London_England
7355954,Half_Cup,https://www.tripadvisor.com/Restaurant_Review-g186338-d7355954-Reviews-Half_Cup-London_England.html,London_England
1493949,Conchiglia,https://www.tripadvisor.com/Restaurant_Review-g186338-d1493949-Reviews-Conchiglia-London_England.html,London_England
3485788,The_Nightjar,https://www.tripadvisor.com/Restaurant_Review-g186338-d3485788-Reviews-The_Nightjar-London_England.html,London_England
2012798,Gola_Restaurant,https://www.tripadvisor.com/Restaurant_Review-g186338-d2012798-Reviews-Gola_Restaurant-London_England.html,London_England
3741202,Flat_Iron,https://www.tripadvisor.com/Restaurant_Review-g186338-d3741202-Reviews-Flat_Iron-London_England.html,London_England
12358578,Satyrio_Restaurant_Wine_Merchant,https://www.tripadvisor.com/Restaurant_Review-g186338-d12358578-Reviews-Satyrio_Restaurant_Wine_Merchant-London_England.html,London_England
720192,Ognisko_Restaurant,https://www.tripadvisor.com/Restaurant_Review-g186338-d720192-Reviews-Ognisko_Restaurant-London_England.html,London_England
10452611,Al_Basha_Restaurant,https://www.tripadvisor.com/Restaurant_Review-g186338-d10452611-Reviews-Al_Basha_Restaurant-London_England.html,London_England
10057616,Absurd_Bird_Spitalfields,https://www.tripadvisor.com/Restaurant_Review-g186338-d10057616-Reviews-Absurd_Bird_Spitalfields-London_England.html,London_England
720703,The_Bell_Crown,https://www.tripadvisor.com/Restaurant_Review-g186338-d720703-Reviews-The_Bell_Crown-London_England.html,London_England
13370343,The_Steak_Restaurant,https://www.tripadvisor.com/Restaurant_Review-g186338-d13370343-Reviews-The_Steak_Restaurant-London_England.html,London_England
1645696,The_Hereford_Arms,https://www.tripadvisor.com/Restaurant_Review-g186338-d1645696-Reviews-The_Hereford_Arms-London_England.html,London_England
2442758,Boqueria,https://www.tripadvisor.com/Restaurant_Review-g186338-d2442758-Reviews-Boqueria-London_England.html,London_England
731546,Mestizo,https://www.tripadvisor.com/Restaurant_Review-g186338-d731546-Reviews-Mestizo-London_England.html,London_England
1389710,Sketch_Lecture_Room_and_Library,https://www.tripadvisor.com/Restaurant_Review-g186338-d1389710-Reviews-Sketch_Lecture_Room_and_Library-London_England.html,London_England
1016670,Khan_s_of_Kensington,https://www.tripadvisor.com/Restaurant_Review-g186338-d1016670-Reviews-Khan_s_of_Kensington-London_England.html,London_England
2326944,Hache_Clapham,https://www.tripadvisor.com/Restaurant_Review-g186338-d2326944-Reviews-Hache_Clapham-London_England.html,London_England
944633,The_Empress,https://www.tripadvisor.com/Restaurant_Review-g186338-d944633-Reviews-The_Empress-London_England.html,London_England
6878869,Barrafina,https://www.tripadvisor.com/Restaurant_Review-g186338-d6878869-Reviews-Barrafina-London_England.html,London_England
8680455,45_Jermyn_St,https://www.tripadvisor.com/Restaurant_Review-g186338-d8680455-Reviews-45_Jermyn_St-London_England.html,London_England
12706180,Claude_Bosi,https://www.tripadvisor.com/Restaurant_Review-g186338-d12706180-Reviews-Claude_Bosi-London_England.html,London_England
12716170,Ella_Canta,https://www.tripadvisor.com/Restaurant_Review-g186338-d12716170-Reviews-Ella_Canta-London_England.html,London_England
7389248,Snaps_Rye,https://www.tripadvisor.com/Restaurant_Review-g186338-d7389248-Reviews-Snaps_Rye-London_England.html,London_England
6367142,Mirror_Room,https://www.tripadvisor.com/Restaurant_Review-g186338-d6367142-Reviews-Mirror_Room-London_England.html,London_England
2368799,Lord_Nelson,https://www.tripadvisor.com/Restaurant_Review-g186338-d2368799-Reviews-Lord_Nelson-London_England.html,London_England
3419094,Bon_Gusto,https://www.tripadvisor.com/Restaurant_Review-g186338-d3419094-Reviews-Bon_Gusto-London_England.html,London_England
6405424,Roxie_Steak_Putney,https://www.tripadvisor.com/Restaurant_Review-g186338-d6405424-Reviews-Roxie_Steak_Putney-London_England.html,London_England
3370922,Lime_Orange,https://www.tripadvisor.com/Restaurant_Review-g186338-d3370922-Reviews-Lime_Orange-London_England.html,London_England
1044216,Hansom_Cab,https://www.tripadvisor.com/Restaurant_Review-g186338-d1044216-Reviews-Hansom_Cab-London_England.html,London_England
1516414,Angus_Steakhouse,https://www.tripadvisor.com/Restaurant_Review-g186338-d1516414-Reviews-Angus_Steakhouse-London_England.html,London_England
1415601,Palm_Court_at_The_Langham,https://www.tripadvisor.com/Restaurant_Review-g186338-d1415601-Reviews-Palm_Court_at_The_Langham-London_England.html,London_England
779363,Sale_e_Pepe,https://www.tripadvisor.com/Restaurant_Review-g186338-d779363-Reviews-Sale_e_Pepe-London_England.html,London_England
6998389,Il_Guscio_Highbury,https://www.tripadvisor.com/Restaurant_Review-g186338-d6998389-Reviews-Il_Guscio_Highbury-London_England.html,London_England
733575,Paradise_by_Way_of_Kensal_Green,https://www.tripadvisor.com/Restaurant_Review-g186338-d733575-Reviews-Paradise_by_Way_of_Kensal_Green-London_England.html,London_England
2277273,Ponti_s_Italian_Kitchen_John_Princes_Street,https://www.tripadvisor.com/Restaurant_Review-g186338-d2277273-Reviews-Ponti_s_Italian_Kitchen_John_Princes_Street-London_England.html,London_England
4403888,The_English_Rose_Cafe,https://www.tripadvisor.com/Restaurant_Review-g186338-d4403888-Reviews-The_English_Rose_Cafe-London_England.html,London_England
12864252,Vegan_Yes,https://www.tripadvisor.com/Restaurant_Review-g186338-d12864252-Reviews-Vegan_Yes-London_England.html,London_England
15673122,Le_Petit_Citron,https://www.tripadvisor.com/Restaurant_Review-g186338-d15673122-Reviews-Le_Petit_Citron-London_England.html,London_England
733940,Chino_Latino,https://www.tripadvisor.com/Restaurant_Review-g186338-d733940-Reviews-Chino_Latino-London_England.html,London_England
2332349,CUT_at_45_Park_Lane,https://www.tripadvisor.com/Restaurant_Review-g186338-d2332349-Reviews-CUT_at_45_Park_Lane-London_England.html,London_England
12269625,Saka_Maka,https://www.tripadvisor.com/Restaurant_Review-g186338-d12269625-Reviews-Saka_Maka-London_England.html,London_England
11877515,Emilia_s_Crafted_Pasta_St_Katharine_Docks,https://www.tripadvisor.com/Restaurant_Review-g186338-d11877515-Reviews-Emilia_s_Crafted_Pasta_St_Katharine_Docks-London_England.html,London_England
2013693,Halal_Restaurant,https://www.tripadvisor.com/Restaurant_Review-g186338-d2013693-Reviews-Halal_Restaurant-London_England.html,London_England
6440616,Casa_Tua_Camden,https://www.tripadvisor.com/Restaurant_Review-g186338-d6440616-Reviews-Casa_Tua_Camden-London_England.html,London_England
2663600,Red_Lion_and_Sun,https://www.tripadvisor.com/Restaurant_Review-g186338-d2663600-Reviews-Red_Lion_and_Sun-London_England.html,London_England
1914350,Portobello_Ristorante,https://www.tripadvisor.com/Restaurant_Review-g186338-d1914350-Reviews-Portobello_Ristorante-London_England.html,London_England
13384956,Roganic,https://www.tripadvisor.com/Restaurant_Review-g186338-d13384956-Reviews-Roganic-London_England.html,London_England
2720705,Strand_Cafe,https://www.tripadvisor.com/Restaurant_Review-g186338-d2720705-Reviews-Strand_Cafe-London_England.html,London_England
2014299,MezzoRoma_Lounge,https://www.tripadvisor.com/Restaurant_Review-g186338-d2014299-Reviews-MezzoRoma_Lounge-London_England.html,London_England
12224475,The_London_Burger_Co,https://www.tripadvisor.com/Restaurant_Review-g186338-d12224475-Reviews-The_London_Burger_Co-London_England.html,London_England
1989581,Brasserie_Joel,https://www.tripadvisor.com/Restaurant_Review-g186338-d1989581-Reviews-Brasserie_Joel-London_England.html,London_England
13376286,Honest_Burgers,https://www.tripadvisor.com/Restaurant_Review-g186338-d13376286-Reviews-Honest_Burgers-London_England.html,London_England
2706182,Meat_People,https://www.tripadvisor.com/Restaurant_Review-g186338-d2706182-Reviews-Meat_People-London_England.html,London_England
6653165,El_Ganso,https://www.tripadvisor.com/Restaurant_Review-g186338-d6653165-Reviews-El_Ganso-London_England.html,London_England
1010120,Abeno,https://www.tripadvisor.com/Restaurant_Review-g186338-d1010120-Reviews-Abeno-London_England.html,London_England
2477885,Gokyuzu_Restaurant,https://www.tripadvisor.com/Restaurant_Review-g186338-d2477885-Reviews-Gokyuzu_Restaurant-London_England.html,London_England
7899096,Steak_And_Lobster_Marble_Arch,https://www.tripadvisor.com/Restaurant_Review-g186338-d7899096-Reviews-Steak_And_Lobster_Marble_Arch-London_England.html,London_England
10200089,Mora_Restaurant,https://www.tripadvisor.com/Restaurant_Review-g186338-d10200089-Reviews-Mora_Restaurant-London_England.html,London_England
12032472,Kricket_Soho,https://www.tripadvisor.com/Restaurant_Review-g186338-d12032472-Reviews-Kricket_Soho-London_England.html,London_England
953554,Gordon_s_Wine_Bar,https://www.tripadvisor.com/Restaurant_Review-g186338-d953554-Reviews-Gordon_s_Wine_Bar-London_England.html,London_England
719268,The_Greenhouse,https://www.tripadvisor.com/Restaurant_Review-g186338-d719268-Reviews-The_Greenhouse-London_England.html,London_England
3224508,Honey_Co,https://www.tripadvisor.com/Restaurant_Review-g186338-d3224508-Reviews-Honey_Co-London_England.html,London_England
4776534,Pizza_Pilgrims,https://www.tripadvisor.com/Restaurant_Review-g186338-d4776534-Reviews-Pizza_Pilgrims-London_England.html,London_England
1389688,The_Arts_Club,https://www.tripadvisor.com/Restaurant_Review-g186338-d1389688-Reviews-The_Arts_Club-London_England.html,London_England
2509966,Double_Six,https://www.tripadvisor.com/Restaurant_Review-g186338-d2509966-Reviews-Double_Six-London_England.html,London_England
8664153,Bernardi_s,https://www.tripadvisor.com/Restaurant_Review-g186338-d8664153-Reviews-Bernardi_s-London_England.html,London_England
3135249,The_Monkey_Puzzle,https://www.tripadvisor.com/Restaurant_Review-g186338-d3135249-Reviews-The_Monkey_Puzzle-London_England.html,London_England
2257012,Potli_An_Indian_Market_Kitchen,https://www.tripadvisor.com/Restaurant_Review-g186338-d2257012-Reviews-Potli_An_Indian_Market_Kitchen-London_England.html,London_England
7817870,The_Schoolhouse,https://www.tripadvisor.com/Restaurant_Review-g186338-d7817870-Reviews-The_Schoolhouse-London_England.html,London_England
8431523,Pidgin,https://www.tripadvisor.com/Restaurant_Review-g186338-d8431523-Reviews-Pidgin-London_England.html,London_England
720668,The_Rex_Whistler_Restaurant_Tate_Britain,https://www.tripadvisor.com/Restaurant_Review-g186338-d720668-Reviews-The_Rex_Whistler_Restaurant_Tate_Britain-London_England.html,London_England
3426619,Gigs_Fish_and_Chips,https://www.tripadvisor.com/Restaurant_Review-g186338-d3426619-Reviews-Gigs_Fish_and_Chips-London_England.html,London_England
1381895,The_Goat,https://www.tripadvisor.com/Restaurant_Review-g186338-d1381895-Reviews-The_Goat-London_England.html,London_England
717962,The_Restaurant_at_The_Capital,https://www.tripadvisor.com/Restaurant_Review-g186338-d717962-Reviews-The_Restaurant_at_The_Capital-London_England.html,London_England
3664076,The_Eight_Bells,https://www.tripadvisor.com/Restaurant_Review-g186338-d3664076-Reviews-The_Eight_Bells-London_England.html,London_England
1386570,Brumus_Bar_Restaurant,https://www.tripadvisor.com/Restaurant_Review-g186338-d1386570-Reviews-Brumus_Bar_Restaurant-London_England.html,London_England
9582978,100_Wardour_St,https://www.tripadvisor.com/Restaurant_Review-g186338-d9582978-Reviews-100_Wardour_St-London_England.html,London_England
720981,Zaika,https://www.tripadvisor.com/Restaurant_Review-g186338-d720981-Reviews-Zaika-London_England.html,London_England
5992727,Margaux,https://www.tripadvisor.com/Restaurant_Review-g186338-d5992727-Reviews-Margaux-London_England.html,London_England
12073042,Hankies_Cafe,https://www.tripadvisor.com/Restaurant_Review-g186338-d12073042-Reviews-Hankies_Cafe-London_England.html,London_England
733860,Yo_Sushi_Harvey_Nichols,https://www.tripadvisor.com/Restaurant_Review-g186338-d733860-Reviews-Yo_Sushi_Harvey_Nichols-London_England.html,London_England
1901493,The_Queens_Arms,https://www.tripadvisor.com/Restaurant_Review-g186338-d1901493-Reviews-The_Queens_Arms-London_England.html,London_England
3599763,The_Mayfair_Chippy_Fish_and_Chips,https://www.tripadvisor.com/Restaurant_Review-g186338-d3599763-Reviews-The_Mayfair_Chippy_Fish_and_Chips-London_England.html,London_England
6887914,La_Tagliata_City,https://www.tripadvisor.com/Restaurant_Review-g186338-d6887914-Reviews-La_Tagliata_City-London_England.html,London_England
2405494,Pie_Crust,https://www.tripadvisor.com/Restaurant_Review-g186338-d2405494-Reviews-Pie_Crust-London_England.html,London_England
10067336,Frenchie_Covent_Garden,https://www.tripadvisor.com/Restaurant_Review-g186338-d10067336-Reviews-Frenchie_Covent_Garden-London_England.html,London_England
2542370,Friends_of_Flavours,https://www.tripadvisor.com/Restaurant_Review-g186338-d2542370-Reviews-Friends_of_Flavours-London_England.html,London_England
732921,Cork_Bottle,https://www.tripadvisor.com/Restaurant_Review-g186338-d732921-Reviews-Cork_Bottle-London_England.html,London_England
4098078,The_Clove_Club,https://www.tripadvisor.com/Restaurant_Review-g186338-d4098078-Reviews-The_Clove_Club-London_England.html,London_England
796897,Hache_Camden,https://www.tripadvisor.com/Restaurant_Review-g186338-d796897-Reviews-Hache_Camden-London_England.html,London_England
13869569,Brat,https://www.tripadvisor.com/Restaurant_Review-g186338-d13869569-Reviews-Brat-London_England.html,London_England
1501242,Baltic_Restaurant_Bar,https://www.tripadvisor.com/Restaurant_Review-g186338-d1501242-Reviews-Baltic_Restaurant_Bar-London_England.html,London_England
1019020,Pappa_Ciccia_Fulham_High_Street,https://www.tripadvisor.com/Restaurant_Review-g186338-d1019020-Reviews-Pappa_Ciccia_Fulham_High_Street-London_England.html,London_England
719305,Hawksmoor_Spitalfields,https://www.tripadvisor.com/Restaurant_Review-g186338-d719305-Reviews-Hawksmoor_Spitalfields-London_England.html,London_England
6678634,The_Palomar,https://www.tripadvisor.com/Restaurant_Review-g186338-d6678634-Reviews-The_Palomar-London_England.html,London_England
734256,Chisou_Japanese_Restaurant,https://www.tripadvisor.com/Restaurant_Review-g186338-d734256-Reviews-Chisou_Japanese_Restaurant-London_England.html,London_England
731523,Amerigo_Vespucci,https://www.tripadvisor.com/Restaurant_Review-g186338-d731523-Reviews-Amerigo_Vespucci-London_England.html,London_England
730419,The_Abingdon,https://www.tripadvisor.com/Restaurant_Review-g186338-d730419-Reviews-The_Abingdon-London_England.html,London_England
1587787,Barrica,https://www.tripadvisor.com/Restaurant_Review-g186338-d1587787-Reviews-Barrica-London_England.html,London_England
10757079,Booma,https://www.tripadvisor.com/Restaurant_Review-g186338-d10757079-Reviews-Booma-London_England.html,London_England
6950173,Verdi_s,https://www.tripadvisor.com/Restaurant_Review-g186338-d6950173-Reviews-Verdi_s-London_England.html,London_England
6635056,Fig_Tree_Cafe,https://www.tripadvisor.com/Restaurant_Review-g186338-d6635056-Reviews-Fig_Tree_Cafe-London_England.html,London_England
718584,Da_Paolo_Restaurant,https://www.tripadvisor.com/Restaurant_Review-g186338-d718584-Reviews-Da_Paolo_Restaurant-London_England.html,London_England
2198638,Jose_Tapas_Bar,https://www.tripadvisor.com/Restaurant_Review-g186338-d2198638-Reviews-Jose_Tapas_Bar-London_England.html,London_England
2213156,The_Black_Dog_Freehouse,https://www.tripadvisor.com/Restaurant_Review-g186338-d2213156-Reviews-The_Black_Dog_Freehouse-London_England.html,London_England
720305,Pied_a_Terre,https://www.tripadvisor.com/Restaurant_Review-g186338-d720305-Reviews-Pied_a_Terre-London_England.html,London_England
10383727,Market_Brasserie,https://www.tripadvisor.com/Restaurant_Review-g186338-d10383727-Reviews-Market_Brasserie-London_England.html,London_England
8799555,The_Bike_Shed,https://www.tripadvisor.com/Restaurant_Review-g186338-d8799555-Reviews-The_Bike_Shed-London_England.html,London_England
753803,Le_Bistro_Savoir_Faire,https://www.tripadvisor.com/Restaurant_Review-g186338-d753803-Reviews-Le_Bistro_Savoir_Faire-London_England.html,London_England
7202054,The_Temple_Brew_House,https://www.tripadvisor.com/Restaurant_Review-g186338-d7202054-Reviews-The_Temple_Brew_House-London_England.html,London_England
887068,Wright_Brothers_Borough,https://www.tripadvisor.com/Restaurant_Review-g186338-d887068-Reviews-Wright_Brothers_Borough-London_England.html,London_England
700845,Rules_Restaurant,https://www.tripadvisor.com/Restaurant_Review-g186338-d700845-Reviews-Rules_Restaurant-London_England.html,London_England
8393108,Orient,https://www.tripadvisor.com/Restaurant_Review-g186338-d8393108-Reviews-Orient-London_England.html,London_England
14983896,Leafy_Bean_Co,https://www.tripadvisor.com/Restaurant_Review-g186338-d14983896-Reviews-Leafy_Bean_Co-London_England.html,London_England
1016162,Caxton_Grill,https://www.tripadvisor.com/Restaurant_Review-g186338-d1016162-Reviews-Caxton_Grill-London_England.html,London_England
10465022,Casa_Tua_King_s_Cross,https://www.tripadvisor.com/Restaurant_Review-g186338-d10465022-Reviews-Casa_Tua_King_s_Cross-London_England.html,London_England
14794559,Beso,https://www.tripadvisor.com/Restaurant_Review-g186338-d14794559-Reviews-Beso-London_England.html,London_England
2014422,Kish_Restaurant,https://www.tripadvisor.com/Restaurant_Review-g186338-d2014422-Reviews-Kish_Restaurant-London_England.html,London_England
719635,L_Escargot_Restaurant_Bar,https://www.tripadvisor.com/Restaurant_Review-g186338-d719635-Reviews-L_Escargot_Restaurant_Bar-London_England.html,London_England
1125063,Mosimann_s_Club,https://www.tripadvisor.com/Restaurant_Review-g186338-d1125063-Reviews-Mosimann_s_Club-London_England.html,London_England
7142930,Emmeline_s_Lounge,https://www.tripadvisor.com/Restaurant_Review-g186338-d7142930-Reviews-Emmeline_s_Lounge-London_England.html,London_England
2000082,Vasco_Piero_s_Pavilion_Restaurant,https://www.tripadvisor.com/Restaurant_Review-g186338-d2000082-Reviews-Vasco_Piero_s_Pavilion_Restaurant-London_England.html,London_England
2445174,Tierra_Peru,https://www.tripadvisor.com/Restaurant_Review-g186338-d2445174-Reviews-Tierra_Peru-London_England.html,London_England
1180250,Inamo_Soho,https://www.tripadvisor.com/Restaurant_Review-g186338-d1180250-Reviews-Inamo_Soho-London_England.html,London_England
1044651,Skinners_Arms,https://www.tripadvisor.com/Restaurant_Review-g186338-d1044651-Reviews-Skinners_Arms-London_England.html,London_England
11840219,Grand_Trunk_Road,https://www.tripadvisor.com/Restaurant_Review-g186338-d11840219-Reviews-Grand_Trunk_Road-London_England.html,London_England
6468823,Viet_Cafe,https://www.tripadvisor.com/Restaurant_Review-g186338-d6468823-Reviews-Viet_Cafe-London_England.html,London_England
4041021,The_Swan,https://www.tripadvisor.com/Restaurant_Review-g186338-d4041021-Reviews-The_Swan-London_England.html,London_England
19273952,Sam_s_Riverside,https://www.tripadvisor.com/Restaurant_Review-g186338-d19273952-Reviews-Sam_s_Riverside-London_England.html,London_England
2019217,Amaranto_Restaurant_at_Four_Seasons,https://www.tripadvisor.com/Restaurant_Review-g186338-d2019217-Reviews-Amaranto_Restaurant_at_Four_Seasons-London_England.html,London_England
3823116,The_Lamb_Flag,https://www.tripadvisor.com/Restaurant_Review-g186338-d3823116-Reviews-The_Lamb_Flag-London_England.html,London_England
720452,ROKA_Charlotte_Street,https://www.tripadvisor.com/Restaurant_Review-g186338-d720452-Reviews-ROKA_Charlotte_Street-London_England.html,London_England
2389743,Tapas_Revolution,https://www.tripadvisor.com/Restaurant_Review-g186338-d2389743-Reviews-Tapas_Revolution-London_England.html,London_England
1237584,Helene_Darroze_at_The_Connaught,https://www.tripadvisor.com/Restaurant_Review-g186338-d1237584-Reviews-Helene_Darroze_at_The_Connaught-London_England.html,London_England
2490522,East_Street_Fitzrovia,https://www.tripadvisor.com/Restaurant_Review-g186338-d2490522-Reviews-East_Street_Fitzrovia-London_England.html,London_England
8529772,Macellaio_RC_Exmouth_Market,https://www.tripadvisor.com/Restaurant_Review-g186338-d8529772-Reviews-Macellaio_RC_Exmouth_Market-London_England.html,London_England
6487769,Honest_Burgers,https://www.tripadvisor.com/Restaurant_Review-g186338-d6487769-Reviews-Honest_Burgers-London_England.html,London_England
15123758,Mr_Fogg_s_Society_of_Exploration,https://www.tripadvisor.com/Restaurant_Review-g186338-d15123758-Reviews-Mr_Fogg_s_Society_of_Exploration-London_England.html,London_England
718986,Fredericks_Restaurant,https://www.tripadvisor.com/Restaurant_Review-g186338-d718986-Reviews-Fredericks_Restaurant-London_England.html,London_England
734127,Gem_Restaurant,https://www.tripadvisor.com/Restaurant_Review-g186338-d734127-Reviews-Gem_Restaurant-London_England.html,London_England
5294217,Maximo_Italian_Bistrot,https://www.tripadvisor.com/Restaurant_Review-g186338-d5294217-Reviews-Maximo_Italian_Bistrot-London_England.html,London_England
784949,Pierre_Victoire,https://www.tripadvisor.com/Restaurant_Review-g186338-d784949-Reviews-Pierre_Victoire-London_England.html,London_England
12519756,Bob_s_Cafe_Muswell_Hill,https://www.tripadvisor.com/Restaurant_Review-g186338-d12519756-Reviews-Bob_s_Cafe_Muswell_Hill-London_England.html,London_England
732100,Le_Sacre_Coeur,https://www.tripadvisor.com/Restaurant_Review-g186338-d732100-Reviews-Le_Sacre_Coeur-London_England.html,London_England
10191943,Cafe_Van_Gogh,https://www.tripadvisor.com/Restaurant_Review-g186338-d10191943-Reviews-Cafe_Van_Gogh-London_England.html,London_England
9586365,Bosa_Kitchen,https://www.tripadvisor.com/Restaurant_Review-g186338-d9586365-Reviews-Bosa_Kitchen-London_England.html,London_England
1388951,Cote_Brasserie,https://www.tripadvisor.com/Restaurant_Review-g186338-d1388951-Reviews-Cote_Brasserie-London_England.html,London_England
7064338,Escudo_de_Cuba,https://www.tripadvisor.com/Restaurant_Review-g186338-d7064338-Reviews-Escudo_de_Cuba-London_England.html,London_England
2009294,Revolution_Leadenhall,https://www.tripadvisor.com/Restaurant_Review-g186338-d2009294-Reviews-Revolution_Leadenhall-London_England.html,London_England
12958913,Hungry_Turtle,https://www.tripadvisor.com/Restaurant_Review-g186338-d12958913-Reviews-Hungry_Turtle-London_England.html,London_England
13150804,Bombay_Bustle,https://www.tripadvisor.com/Restaurant_Review-g186338-d13150804-Reviews-Bombay_Bustle-London_England.html,London_England
10837618,Macellaio_RC,https://www.tripadvisor.com/Restaurant_Review-g186338-d10837618-Reviews-Macellaio_RC-London_England.html,London_England
12556240,Maison_Du_Mezze,https://www.tripadvisor.com/Restaurant_Review-g186338-d12556240-Reviews-Maison_Du_Mezze-London_England.html,London_England
2470813,Da_Mario_Kensington,https://www.tripadvisor.com/Restaurant_Review-g186338-d2470813-Reviews-Da_Mario_Kensington-London_England.html,London_England
4056276,Agra_Restaurant,https://www.tripadvisor.com/Restaurant_Review-g186338-d4056276-Reviews-Agra_Restaurant-London_England.html,London_England
11689384,O_ver,https://www.tripadvisor.com/Restaurant_Review-g186338-d11689384-Reviews-O_ver-London_England.html,London_England
3507853,Apero_Restaurant_Bar,https://www.tripadvisor.com/Restaurant_Review-g186338-d3507853-Reviews-Apero_Restaurant_Bar-London_England.html,London_England
6973140,Heap_s_Sausages,https://www.tripadvisor.com/Restaurant_Review-g186338-d6973140-Reviews-Heap_s_Sausages-London_England.html,London_England
15529137,The_Hayden,https://www.tripadvisor.com/Restaurant_Review-g186338-d15529137-Reviews-The_Hayden-London_England.html,London_England
8051811,The_Real_Greek,https://www.tripadvisor.com/Restaurant_Review-g186338-d8051811-Reviews-The_Real_Greek-London_England.html,London_England
1009434,Cafe_Continente,https://www.tripadvisor.com/Restaurant_Review-g186338-d1009434-Reviews-Cafe_Continente-London_England.html,London_England
8829706,Darjeeling_Express,https://www.tripadvisor.com/Restaurant_Review-g186338-d8829706-Reviews-Darjeeling_Express-London_England.html,London_England
731381,Petrichor_At_The_Cavendish_London,https://www.tripadvisor.com/Restaurant_Review-g186338-d731381-Reviews-Petrichor_At_The_Cavendish_London-London_England.html,London_England
9711469,Sowa_Restaurant,https://www.tripadvisor.com/Restaurant_Review-g186338-d9711469-Reviews-Sowa_Restaurant-London_England.html,London_England
15685268,Grilandia,https://www.tripadvisor.com/Restaurant_Review-g186338-d15685268-Reviews-Grilandia-London_England.html,London_England
952591,Gaucho_Piccadilly,https://www.tripadvisor.com/Restaurant_Review-g186338-d952591-Reviews-or40-Gaucho_Piccadilly-London_England.html,London_England
2441656,Burger_Lobster_Mayfair,https://www.tripadvisor.com/Restaurant_Review-g186338-d2441656-Reviews-Burger_Lobster_Mayfair-London_England.html,London_England
11576237,Aquavit_London,https://www.tripadvisor.com/Restaurant_Review-g186338-d11576237-Reviews-Aquavit_London-London_England.html,London_England
8427306,Barrafina,https://www.tripadvisor.com/Restaurant_Review-g186338-d8427306-Reviews-Barrafina-London_England.html,London_England
1381942,Prix_Fixe_Brasserie,https://www.tripadvisor.com/Restaurant_Review-g186338-d1381942-Reviews-Prix_Fixe_Brasserie-London_England.html,London_England
2641744,Hala,https://www.tripadvisor.com/Restaurant_Review-g186338-d2641744-Reviews-Hala-London_England.html,London_England
737177,Boulevard_Brasserie,https://www.tripadvisor.com/Restaurant_Review-g186338-d737177-Reviews-Boulevard_Brasserie-London_England.html,London_England
4293078,StickyWings,https://www.tripadvisor.com/Restaurant_Review-g186338-d4293078-Reviews-StickyWings-London_England.html,London_England
943038,Lots_Road_Pub_and_Dining_Room,https://www.tripadvisor.com/Restaurant_Review-g186338-d943038-Reviews-Lots_Road_Pub_and_Dining_Room-London_England.html,London_England
720518,Seafresh_Fish_Restaurant,https://www.tripadvisor.com/Restaurant_Review-g186338-d720518-Reviews-Seafresh_Fish_Restaurant-London_England.html,London_England
2570369,Umami,https://www.tripadvisor.com/Restaurant_Review-g186338-d2570369-Reviews-Umami-London_England.html,London_England
1367710,Barcelona_Tapas_Bar_Y_Restaurante,https://www.tripadvisor.com/Restaurant_Review-g186338-d1367710-Reviews-Barcelona_Tapas_Bar_Y_Restaurante-London_England.html,London_England
1367646,Vivat_Bacchus_London_Bridge,https://www.tripadvisor.com/Restaurant_Review-g186338-d1367646-Reviews-Vivat_Bacchus_London_Bridge-London_England.html,London_England
734169,Hot_Stuff,https://www.tripadvisor.com/Restaurant_Review-g186338-d734169-Reviews-Hot_Stuff-London_England.html,London_England
6631477,Beast,https://www.tripadvisor.com/Restaurant_Review-g186338-d6631477-Reviews-Beast-London_England.html,London_England
733450,Indian_Zing,https://www.tripadvisor.com/Restaurant_Review-g186338-d733450-Reviews-Indian_Zing-London_England.html,London_England
15683738,Grays_and_Feather_Wine_Parlour,https://www.tripadvisor.com/Restaurant_Review-g186338-d15683738-Reviews-Grays_and_Feather_Wine_Parlour-London_England.html,London_England
2625702,E_Four_Indian_Fusion,https://www.tripadvisor.com/Restaurant_Review-g186338-d2625702-Reviews-E_Four_Indian_Fusion-London_England.html,London_England
1986583,The_Mayflower_Pub,https://www.tripadvisor.com/Restaurant_Review-g186338-d1986583-Reviews-The_Mayflower_Pub-London_England.html,London_England
812769,La_Pappardella,https://www.tripadvisor.com/Restaurant_Review-g186338-d812769-Reviews-La_Pappardella-London_England.html,London_England
1380425,Butler_s_at_the_Chesterfield,https://www.tripadvisor.com/Restaurant_Review-g186338-d1380425-Reviews-Butler_s_at_the_Chesterfield-London_England.html,London_England
8826807,Mildreds_Camden,https://www.tripadvisor.com/Restaurant_Review-g186338-d8826807-Reviews-Mildreds_Camden-London_England.html,London_England
11626949,Kiln,https://www.tripadvisor.com/Restaurant_Review-g186338-d11626949-Reviews-Kiln-London_England.html,London_England
7009195,The_Melody_Restaurant,https://www.tripadvisor.com/Restaurant_Review-g186338-d7009195-Reviews-The_Melody_Restaurant-London_England.html,London_England
12598991,Mei_Ume_Restaurant,https://www.tripadvisor.com/Restaurant_Review-g186338-d12598991-Reviews-Mei_Ume_Restaurant-London_England.html,London_England
12297994,Tamarind_Kitchen,https://www.tripadvisor.com/Restaurant_Review-g186338-d12297994-Reviews-Tamarind_Kitchen-London_England.html,London_England
2039000,NOPI,https://www.tripadvisor.com/Restaurant_Review-g186338-d2039000-Reviews-NOPI-London_England.html,London_England
3157909,The_Goring_Cocktail_Bar,https://www.tripadvisor.com/Restaurant_Review-g186338-d3157909-Reviews-The_Goring_Cocktail_Bar-London_England.html,London_England
11836064,Smokestak,https://www.tripadvisor.com/Restaurant_Review-g186338-d11836064-Reviews-Smokestak-London_England.html,London_England
5443573,The_Jones_Family_Project,https://www.tripadvisor.com/Restaurant_Review-g186338-d5443573-Reviews-The_Jones_Family_Project-London_England.html,London_England
8564086,Wright_Brothers_South_Kensington,https://www.tripadvisor.com/Restaurant_Review-g186338-d8564086-Reviews-Wright_Brothers_South_Kensington-London_England.html,London_England
753799,Pizzeria_Pappagone,https://www.tripadvisor.com/Restaurant_Review-g186338-d753799-Reviews-Pizzeria_Pappagone-London_England.html,London_England
6863959,Hawksmoor_Knightsbridge,https://www.tripadvisor.com/Restaurant_Review-g186338-d6863959-Reviews-Hawksmoor_Knightsbridge-London_England.html,London_England
14761695,Cora_Pearl_Restaurant,https://www.tripadvisor.com/Restaurant_Review-g186338-d14761695-Reviews-Cora_Pearl_Restaurant-London_England.html,London_England
1229320,Corrigan_s,https://www.tripadvisor.com/Restaurant_Review-g186338-d1229320-Reviews-Corrigan_s-London_England.html,London_England
719682,Le_Caprice,https://www.tripadvisor.com/Restaurant_Review-g186338-d719682-Reviews-Le_Caprice-London_England.html,London_England
6615960,The_Blues_Kitchen_Shoreditch,https://www.tripadvisor.com/Restaurant_Review-g186338-d6615960-Reviews-The_Blues_Kitchen_Shoreditch-London_England.html,London_England
7337074,Tania_s_of_Hampstead,https://www.tripadvisor.com/Restaurant_Review-g186338-d7337074-Reviews-Tania_s_of_Hampstead-London_England.html,London_England
2459949,The_Anchor_Tap,https://www.tripadvisor.com/Restaurant_Review-g186338-d2459949-Reviews-The_Anchor_Tap-London_England.html,London_England
2302156,Byron_Old_Brompton_Road,https://www.tripadvisor.com/Restaurant_Review-g186338-d2302156-Reviews-Byron_Old_Brompton_Road-London_England.html,London_England
2313972,Antalya_Restaurant,https://www.tripadvisor.com/Restaurant_Review-g186338-d2313972-Reviews-Antalya_Restaurant-London_England.html,London_England
1381204,Scoff_Banter_Bloomsbury,https://www.tripadvisor.com/Restaurant_Review-g186338-d1381204-Reviews-Scoff_Banter_Bloomsbury-London_England.html,London_England
2434265,The_Delaunay,https://www.tripadvisor.com/Restaurant_Review-g186338-d2434265-Reviews-The_Delaunay-London_England.html,London_England
1928883,Thames_Foyer_at_The_Savoy,https://www.tripadvisor.com/Restaurant_Review-g186338-d1928883-Reviews-Thames_Foyer_at_The_Savoy-London_England.html,London_England
2652274,Harana,https://www.tripadvisor.com/Restaurant_Review-g186338-d2652274-Reviews-Harana-London_England.html,London_England
8821461,Escocesa,https://www.tripadvisor.com/Restaurant_Review-g186338-d8821461-Reviews-Escocesa-London_England.html,London_England
4304428,Maureens_Pie_Mash,https://www.tripadvisor.com/Restaurant_Review-g186338-d4304428-Reviews-Maureens_Pie_Mash-London_England.html,London_England
2306888,Princess_Victoria,https://www.tripadvisor.com/Restaurant_Review-g186338-d2306888-Reviews-Princess_Victoria-London_England.html,London_England
6413446,Bravas_Tapas,https://www.tripadvisor.com/Restaurant_Review-g186338-d6413446-Reviews-Bravas_Tapas-London_England.html,London_England
719379,J_Sheekey,https://www.tripadvisor.com/Restaurant_Review-g186338-d719379-Reviews-J_Sheekey-London_England.html,London_England
12156905,Bokan_37_Restaurant,https://www.tripadvisor.com/Restaurant_Review-g186338-d12156905-Reviews-Bokan_37_Restaurant-London_England.html,London_England
2430068,La_Petite_Auberge,https://www.tripadvisor.com/Restaurant_Review-g186338-d2430068-Reviews-La_Petite_Auberge-London_England.html,London_England
3236017,Polo_Bar,https://www.tripadvisor.com/Restaurant_Review-g186338-d3236017-Reviews-Polo_Bar-London_England.html,London_England
698013,Adams_Cafe,https://www.tripadvisor.com/Restaurant_Review-g186338-d698013-Reviews-Adams_Cafe-London_England.html,London_England
2385796,The_Williams_Ale_Cider_House,https://www.tripadvisor.com/Restaurant_Review-g186338-d2385796-Reviews-The_Williams_Ale_Cider_House-London_England.html,London_England
3696403,Patty_Bun,https://www.tripadvisor.com/Restaurant_Review-g186338-d3696403-Reviews-Patty_Bun-London_England.html,London_England
2704273,Speedy_s_Sandwich_Bar_Cafe,https://www.tripadvisor.com/Restaurant_Review-g186338-d2704273-Reviews-Speedy_s_Sandwich_Bar_Cafe-London_England.html,London_England
718591,Daquise,https://www.tripadvisor.com/Restaurant_Review-g186338-d718591-Reviews-Daquise-London_England.html,London_England
2348614,Fez_Mangal,https://www.tripadvisor.com/Restaurant_Review-g186338-d2348614-Reviews-Fez_Mangal-London_England.html,London_England
8599829,Oklava,https://www.tripadvisor.com/Restaurant_Review-g186338-d8599829-Reviews-Oklava-London_England.html,London_England
680490,Franco_s,https://www.tripadvisor.com/Restaurant_Review-g186338-d680490-Reviews-Franco_s-London_England.html,London_England
717849,Bradley_s,https://www.tripadvisor.com/Restaurant_Review-g186338-d717849-Reviews-Bradley_s-London_England.html,London_England
2365069,The_Iskele,https://www.tripadvisor.com/Restaurant_Review-g186338-d2365069-Reviews-The_Iskele-London_England.html,London_England
717814,Bleeding_Heart_Restaurant,https://www.tripadvisor.com/Restaurant_Review-g186338-d717814-Reviews-Bleeding_Heart_Restaurant-London_England.html,London_England
4358655,Koshari_Street,https://www.tripadvisor.com/Restaurant_Review-g186338-d4358655-Reviews-Koshari_Street-London_England.html,London_England
717921,Cafe_Spice_Namaste,https://www.tripadvisor.com/Restaurant_Review-g186338-d717921-Reviews-Cafe_Spice_Namaste-London_England.html,London_England
8116334,The_Little_Viet_Kitchen,https://www.tripadvisor.com/Restaurant_Review-g186338-d8116334-Reviews-The_Little_Viet_Kitchen-London_England.html,London_England
2148631,The_Northall,https://www.tripadvisor.com/Restaurant_Review-g186338-d2148631-Reviews-The_Northall-London_England.html,London_England
730732,Rangrez,https://www.tripadvisor.com/Restaurant_Review-g186338-d730732-Reviews-Rangrez-London_England.html,London_England
1391494,Manhattan_Grill,https://www.tripadvisor.com/Restaurant_Review-g186338-d1391494-Reviews-Manhattan_Grill-London_England.html,London_England
12665897,Sushi_Atelier,https://www.tripadvisor.com/Restaurant_Review-g186338-d12665897-Reviews-Sushi_Atelier-London_England.html,London_England
9732087,Pret_a_Manger,https://www.tripadvisor.com/Restaurant_Review-g186338-d9732087-Reviews-Pret_a_Manger-London_England.html,London_England
7332433,Chicken_Shop,https://www.tripadvisor.com/Restaurant_Review-g186338-d7332433-Reviews-Chicken_Shop-London_England.html,London_England
8528991,Nenno_Pizza_Restaurant,https://www.tripadvisor.com/Restaurant_Review-g186338-d8528991-Reviews-Nenno_Pizza_Restaurant-London_England.html,London_England
1019294,North_Pole_Restaurant,https://www.tripadvisor.com/Restaurant_Review-g186338-d1019294-Reviews-North_Pole_Restaurant-London_England.html,London_England
12957900,Omnino_Brazilian_Barbecue,https://www.tripadvisor.com/Restaurant_Review-g186338-d12957900-Reviews-Omnino_Brazilian_Barbecue-London_England.html,London_England
8769360,Mr_Fogg_s_Tavern,https://www.tripadvisor.com/Restaurant_Review-g186338-d8769360-Reviews-Mr_Fogg_s_Tavern-London_England.html,London_England
1493586,Mimos_Cafe_Bar,https://www.tripadvisor.com/Restaurant_Review-g186338-d1493586-Reviews-Mimos_Cafe_Bar-London_England.html,London_England
803526,Theo_Randall_at_the_InterContinental,https://www.tripadvisor.com/Restaurant_Review-g186338-d803526-Reviews-Theo_Randall_at_the_InterContinental-London_England.html,London_England
12949021,The_Curry_Room,https://www.tripadvisor.com/Restaurant_Review-g186338-d12949021-Reviews-The_Curry_Room-London_England.html,London_England
10165006,Padella,https://www.tripadvisor.com/Restaurant_Review-g186338-d10165006-Reviews-Padella-London_England.html,London_England
680501,Oxo_Tower_Restaurant_Bar_and_Brasserie,https://www.tripadvisor.com/Restaurant_Review-g186338-d680501-Reviews-Oxo_Tower_Restaurant_Bar_and_Brasserie-London_England.html,London_England
1014398,DUKES_Bar,https://www.tripadvisor.com/Restaurant_Review-g186338-d1014398-Reviews-DUKES_Bar-London_England.html,London_England
2218653,Sen_Viet,https://www.tripadvisor.com/Restaurant_Review-g186338-d2218653-Reviews-Sen_Viet-London_England.html,London_England
730671,Winter_Garden_Restaurant,https://www.tripadvisor.com/Restaurant_Review-g186338-d730671-Reviews-Winter_Garden_Restaurant-London_England.html,London_England
11996010,Lahpet,https://www.tripadvisor.com/Restaurant_Review-g186338-d11996010-Reviews-Lahpet-London_England.html,London_England
1044661,Zaman,https://www.tripadvisor.com/Restaurant_Review-g186338-d1044661-Reviews-Zaman-London_England.html,London_England
14069685,Market_Hall_Fulham,https://www.tripadvisor.com/Restaurant_Review-g186338-d14069685-Reviews-Market_Hall_Fulham-London_England.html,London_England
14772774,La_mia_Mamma,https://www.tripadvisor.com/Restaurant_Review-g186338-d14772774-Reviews-La_mia_Mamma-London_England.html,London_England
1019607,The_Windmill_Mayfair,https://www.tripadvisor.com/Restaurant_Review-g186338-d1019607-Reviews-The_Windmill_Mayfair-London_England.html,London_England
8445606,Celeste,https://www.tripadvisor.com/Restaurant_Review-g186338-d8445606-Reviews-Celeste-London_England.html,London_England
8363944,Smith_Wollensky,https://www.tripadvisor.com/Restaurant_Review-g186338-d8363944-Reviews-Smith_Wollensky-London_England.html,London_England
1496937,Orjowan,https://www.tripadvisor.com/Restaurant_Review-g186338-d1496937-Reviews-Orjowan-London_England.html,London_England
1385651,Bistro,https://www.tripadvisor.com/Restaurant_Review-g186338-d1385651-Reviews-Bistro-London_England.html,London_England
1044445,Min_Jiang,https://www.tripadvisor.com/Restaurant_Review-g186338-d1044445-Reviews-Min_Jiang-London_England.html,London_England
680417,Quirinale,https://www.tripadvisor.com/Restaurant_Review-g186338-d680417-Reviews-Quirinale-London_England.html,London_England
680376,La_Barca_Ristorante_Italiano,https://www.tripadvisor.com/Restaurant_Review-g186338-d680376-Reviews-La_Barca_Ristorante_Italiano-London_England.html,London_England
4213238,Sushinoen,https://www.tripadvisor.com/Restaurant_Review-g186338-d4213238-Reviews-Sushinoen-London_England.html,London_England
14176858,Pitanga_Nostalgic_Nigerian_Food,https://www.tripadvisor.com/Restaurant_Review-g186338-d14176858-Reviews-Pitanga_Nostalgic_Nigerian_Food-London_England.html,London_England
1317396,Mumbai_Delight,https://www.tripadvisor.com/Restaurant_Review-g186338-d1317396-Reviews-Mumbai_Delight-London_England.html,London_England
3533832,New_Street_Grill,https://www.tripadvisor.com/Restaurant_Review-g186338-d3533832-Reviews-New_Street_Grill-London_England.html,London_England
5521094,Rabot_1745,https://www.tripadvisor.com/Restaurant_Review-g186338-d5521094-Reviews-Rabot_1745-London_England.html,London_England
4086962,Istanbul_Meze_Mangal,https://www.tripadvisor.com/Restaurant_Review-g186338-d4086962-Reviews-Istanbul_Meze_Mangal-London_England.html,London_England
5816673,The_Camel_Public_House,https://www.tripadvisor.com/Restaurant_Review-g186338-d5816673-Reviews-The_Camel_Public_House-London_England.html,London_England
3928905,Greenberry_Cafe,https://www.tripadvisor.com/Restaurant_Review-g186338-d3928905-Reviews-Greenberry_Cafe-London_England.html,London_England
948537,Amaya,https://www.tripadvisor.com/Restaurant_Review-g186338-d948537-Reviews-Amaya-London_England.html,London_England
2318282,The_Flask_Hampstead,https://www.tripadvisor.com/Restaurant_Review-g186338-d2318282-Reviews-The_Flask_Hampstead-London_England.html,London_England
2239923,The_Rising_Sun,https://www.tripadvisor.com/Restaurant_Review-g186338-d2239923-Reviews-The_Rising_Sun-London_England.html,London_England
982674,Vivat_Bacchus,https://www.tripadvisor.com/Restaurant_Review-g186338-d982674-Reviews-Vivat_Bacchus-London_England.html,London_England
2307647,The_Laughing_Halibut,https://www.tripadvisor.com/Restaurant_Review-g186338-d2307647-Reviews-The_Laughing_Halibut-London_England.html,London_England
2555408,Misto,https://www.tripadvisor.com/Restaurant_Review-g186338-d2555408-Reviews-Misto-London_England.html,London_England
6484829,Best_Mangal_Kings_Cross_Branch,https://www.tripadvisor.com/Restaurant_Review-g186338-d6484829-Reviews-Best_Mangal_Kings_Cross_Branch-London_England.html,London_England
1937881,O_Sole_Mio,https://www.tripadvisor.com/Restaurant_Review-g186338-d1937881-Reviews-O_Sole_Mio-London_England.html,London_England
3356862,Gustoso_Ristorante_Enoteca,https://www.tripadvisor.com/Restaurant_Review-g186338-d3356862-Reviews-Gustoso_Ristorante_Enoteca-London_England.html,London_England
719297,Hard_Rock_Cafe,https://www.tripadvisor.com/Restaurant_Review-g186338-d719297-Reviews-Hard_Rock_Cafe-London_England.html,London_England
789153,Le_Boudin_Blanc,https://www.tripadvisor.com/Restaurant_Review-g186338-d789153-Reviews-Le_Boudin_Blanc-London_England.html,London_England
4090927,Poppies_Fish_and_Chips_Camden,https://www.tripadvisor.com/Restaurant_Review-g186338-d4090927-Reviews-Poppies_Fish_and_Chips_Camden-London_England.html,London_England
734082,Il_Bordello,https://www.tripadvisor.com/Restaurant_Review-g186338-d734082-Reviews-Il_Bordello-London_England.html,London_England
14200506,ROVI,https://www.tripadvisor.com/Restaurant_Review-g186338-d14200506-Reviews-ROVI-London_England.html,London_England
7595256,Fenchurch,https://www.tripadvisor.com/Restaurant_Review-g186338-d7595256-Reviews-Fenchurch-London_England.html,London_England
4925531,Kozzy_Cafe,https://www.tripadvisor.com/Restaurant_Review-g186338-d4925531-Reviews-Kozzy_Cafe-London_England.html,London_England
1233703,Bocca_di_Lupo,https://www.tripadvisor.com/Restaurant_Review-g186338-d1233703-Reviews-Bocca_di_Lupo-London_England.html,London_England
731449,Everest_Inn_Blackheath_Village,https://www.tripadvisor.com/Restaurant_Review-g186338-d731449-Reviews-Everest_Inn_Blackheath_Village-London_England.html,London_England
730595,The_Grenadier,https://www.tripadvisor.com/Restaurant_Review-g186338-d730595-Reviews-The_Grenadier-London_England.html,London_England
720047,Mildreds_Soho,https://www.tripadvisor.com/Restaurant_Review-g186338-d720047-Reviews-Mildreds_Soho-London_England.html,London_England
680320,Il_Vicolo,https://www.tripadvisor.com/Restaurant_Review-g186338-d680320-Reviews-Il_Vicolo-London_England.html,London_England
1205582,Trishna,https://www.tripadvisor.com/Restaurant_Review-g186338-d1205582-Reviews-Trishna-London_England.html,London_England
2015663,Coco_Momo,https://www.tripadvisor.com/Restaurant_Review-g186338-d2015663-Reviews-Coco_Momo-London_England.html,London_England
10746799,Mr_Fogg_s_Gin_Parlour,https://www.tripadvisor.com/Restaurant_Review-g186338-d10746799-Reviews-Mr_Fogg_s_Gin_Parlour-London_England.html,London_England
1865772,Bombay_Spice,https://www.tripadvisor.com/Restaurant_Review-g186338-d1865772-Reviews-Bombay_Spice-London_England.html,London_England
1184063,Caravaggio,https://www.tripadvisor.com/Restaurant_Review-g186338-d1184063-Reviews-Caravaggio-London_England.html,London_England
14169009,Brigadiers_London,https://www.tripadvisor.com/Restaurant_Review-g186338-d14169009-Reviews-Brigadiers_London-London_England.html,London_England
850304,The_Harwood_Arms,https://www.tripadvisor.com/Restaurant_Review-g186338-d850304-Reviews-The_Harwood_Arms-London_England.html,London_England
13477076,Crudough_Sourdough_Pizza,https://www.tripadvisor.com/Restaurant_Review-g186338-d13477076-Reviews-Crudough_Sourdough_Pizza-London_England.html,London_England
1006775,Prince_Bonaparte,https://www.tripadvisor.com/Restaurant_Review-g186338-d1006775-Reviews-Prince_Bonaparte-London_England.html,London_England
1388956,De_Amicis_Ristorante_Italiano,https://www.tripadvisor.com/Restaurant_Review-g186338-d1388956-Reviews-De_Amicis_Ristorante_Italiano-London_England.html,London_England
5122014,GONG_Bar,https://www.tripadvisor.com/Restaurant_Review-g186338-d5122014-Reviews-GONG_Bar-London_England.html,London_England
733255,Dans_Le_Noir,https://www.tripadvisor.com/Restaurant_Review-g186338-d733255-Reviews-Dans_Le_Noir-London_England.html,London_England
1205756,Alain_Ducasse_at_The_Dorchester,https://www.tripadvisor.com/Restaurant_Review-g186338-d1205756-Reviews-Alain_Ducasse_at_The_Dorchester-London_England.html,London_England
9855458,B_Bagel_Bakery_Bar,https://www.tripadvisor.com/Restaurant_Review-g186338-d9855458-Reviews-B_Bagel_Bakery_Bar-London_England.html,London_England
5967116,APULIA,https://www.tripadvisor.com/Restaurant_Review-g186338-d5967116-Reviews-APULIA-London_England.html,London_England
3386941,Hazara,https://www.tripadvisor.com/Restaurant_Review-g186338-d3386941-Reviews-Hazara-London_England.html,London_England
1043914,The_Blackbird,https://www.tripadvisor.com/Restaurant_Review-g186338-d1043914-Reviews-The_Blackbird-London_England.html,London_England
3179221,Super_Tuscan,https://www.tripadvisor.com/Restaurant_Review-g186338-d3179221-Reviews-Super_Tuscan-London_England.html,London_England
1128779,The_Marquis,https://www.tripadvisor.com/Restaurant_Review-g186338-d1128779-Reviews-The_Marquis-London_England.html,London_England
2011728,Bella_Italia,https://www.tripadvisor.com/Restaurant_Review-g186338-d2011728-Reviews-Bella_Italia-London_England.html,London_England
14849364,Casa_do_Frango,https://www.tripadvisor.com/Restaurant_Review-g186338-d14849364-Reviews-Casa_do_Frango-London_England.html,London_England
2012288,Prezzo_St_Martins_Lane,https://www.tripadvisor.com/Restaurant_Review-g186338-d2012288-Reviews-Prezzo_St_Martins_Lane-London_England.html,London_England
1861210,Tea_and_Tattle,https://www.tripadvisor.com/Restaurant_Review-g186338-d1861210-Reviews-Tea_and_Tattle-London_England.html,London_England
3598839,Hawksmoor_Air_Street,https://www.tripadvisor.com/Restaurant_Review-g186338-d3598839-Reviews-Hawksmoor_Air_Street-London_England.html,London_England
15123539,Kahani,https://www.tripadvisor.com/Restaurant_Review-g186338-d15123539-Reviews-Kahani-London_England.html,London_England
719686,Le_Colombier,https://www.tripadvisor.com/Restaurant_Review-g186338-d719686-Reviews-Le_Colombier-London_England.html,London_England
12451505,Patri_Hammersmith,https://www.tripadvisor.com/Restaurant_Review-g186338-d12451505-Reviews-Patri_Hammersmith-London_England.html,London_England
6681004,Salt_Yard,https://www.tripadvisor.com/Restaurant_Review-g186338-d6681004-Reviews-Salt_Yard-London_England.html,London_England
1420214,LayaLina,https://www.tripadvisor.com/Restaurant_Review-g186338-d1420214-Reviews-LayaLina-London_England.html,London_England
3642599,La_Barrique_Wine_Bar_Pizzeria,https://www.tripadvisor.com/Restaurant_Review-g186338-d3642599-Reviews-La_Barrique_Wine_Bar_Pizzeria-London_England.html,London_England
2011025,Bella_Italia_South_Kensington,https://www.tripadvisor.com/Restaurant_Review-g186338-d2011025-Reviews-Bella_Italia_South_Kensington-London_England.html,London_England
8307392,Lobos,https://www.tripadvisor.com/Restaurant_Review-g186338-d8307392-Reviews-Lobos-London_England.html,London_England
1546789,Pepenero,https://www.tripadvisor.com/Restaurant_Review-g186338-d1546789-Reviews-Pepenero-London_England.html,London_England
1650538,The_Ship_Tavern,https://www.tripadvisor.com/Restaurant_Review-g186338-d1650538-Reviews-The_Ship_Tavern-London_England.html,London_England
1821729,The_Hoop_and_Grapes,https://www.tripadvisor.com/Restaurant_Review-g186338-d1821729-Reviews-The_Hoop_and_Grapes-London_England.html,London_England
3600820,Manuka_kitchen,https://www.tripadvisor.com/Restaurant_Review-g186338-d3600820-Reviews-Manuka_kitchen-London_England.html,London_England
1385638,Brasserie_Max,https://www.tripadvisor.com/Restaurant_Review-g186338-d1385638-Reviews-Brasserie_Max-London_England.html,London_England
11841844,Temper,https://www.tripadvisor.com/Restaurant_Review-g186338-d11841844-Reviews-Temper-London_England.html,London_England
1948136,Octoberfest_Pub_London,https://www.tripadvisor.com/Restaurant_Review-g186338-d1948136-Reviews-Octoberfest_Pub_London-London_England.html,London_England
733338,Hafez_Restaurant,https://www.tripadvisor.com/Restaurant_Review-g186338-d733338-Reviews-Hafez_Restaurant-London_England.html,London_England
10536782,Coach_Horses,https://www.tripadvisor.com/Restaurant_Review-g186338-d10536782-Reviews-Coach_Horses-London_England.html,London_England
737159,Electric_Diner,https://www.tripadvisor.com/Restaurant_Review-g186338-d737159-Reviews-Electric_Diner-London_England.html,London_England
10718914,Pisqu,https://www.tripadvisor.com/Restaurant_Review-g186338-d10718914-Reviews-Pisqu-London_England.html,London_England
7222459,Rabbit,https://www.tripadvisor.com/Restaurant_Review-g186338-d7222459-Reviews-Rabbit-London_England.html,London_England
14046947,Steak_on_the_Green,https://www.tripadvisor.com/Restaurant_Review-g186338-d14046947-Reviews-Steak_on_the_Green-London_England.html,London_England
8036244,Sticks_n_Sushi_Canary_Wharf,https://www.tripadvisor.com/Restaurant_Review-g186338-d8036244-Reviews-Sticks_n_Sushi_Canary_Wharf-London_England.html,London_England
2014574,Zizzi_Central_St_Giles,https://www.tripadvisor.com/Restaurant_Review-g186338-d2014574-Reviews-Zizzi_Central_St_Giles-London_England.html,London_England
21203885,L_amour,https://www.tripadvisor.com/Restaurant_Review-g186338-d21203885-Reviews-L_amour-London_England.html,London_England
15554750,Rodfai_Thai_street_food,https://www.tripadvisor.com/Restaurant_Review-g186338-d15554750-Reviews-Rodfai_Thai_street_food-London_England.html,London_England
3296360,Indian_City,https://www.tripadvisor.com/Restaurant_Review-g186338-d3296360-Reviews-Indian_City-London_England.html,London_England
8606711,Artist_Residence_Clubhouse,https://www.tripadvisor.com/Restaurant_Review-g186338-d8606711-Reviews-Artist_Residence_Clubhouse-London_England.html,London_England
1495284,Meraz,https://www.tripadvisor.com/Restaurant_Review-g186338-d1495284-Reviews-Meraz-London_England.html,London_England
8655443,Canto_Corvino_Restaurant_Bar,https://www.tripadvisor.com/Restaurant_Review-g186338-d8655443-Reviews-Canto_Corvino_Restaurant_Bar-London_England.html,London_England
12244515,Rick_Stein_Barnes,https://www.tripadvisor.com/Restaurant_Review-g186338-d12244515-Reviews-Rick_Stein_Barnes-London_England.html,London_England
4374741,Ma_La_Sichuan,https://www.tripadvisor.com/Restaurant_Review-g186338-d4374741-Reviews-Ma_La_Sichuan-London_England.html,London_England
17735140,The_waves_seafood_grill,https://www.tripadvisor.com/Restaurant_Review-g186338-d17735140-Reviews-The_waves_seafood_grill-London_England.html,London_England
1605079,LPM_Restaurant_Bar,https://www.tripadvisor.com/Restaurant_Review-g186338-d1605079-Reviews-LPM_Restaurant_Bar-London_England.html,London_England
6033544,Dirty_Bones_Kensington,https://www.tripadvisor.com/Restaurant_Review-g186338-d6033544-Reviews-Dirty_Bones_Kensington-London_England.html,London_England
7983104,Gordon_Ramsay_Maze_Grill_Park_Walk,https://www.tripadvisor.com/Restaurant_Review-g186338-d7983104-Reviews-Gordon_Ramsay_Maze_Grill_Park_Walk-London_England.html,London_England
2006514,Cafe_Rouge,https://www.tripadvisor.com/Restaurant_Review-g186338-d2006514-Reviews-Cafe_Rouge-London_England.html,London_England
731194,Rossopomodoro_Chelsea,https://www.tripadvisor.com/Restaurant_Review-g186338-d731194-Reviews-Rossopomodoro_Chelsea-London_England.html,London_England
1202564,Avista,https://www.tripadvisor.com/Restaurant_Review-g186338-d1202564-Reviews-Avista-London_England.html,London_England
3358142,South_Place_Chop_House,https://www.tripadvisor.com/Restaurant_Review-g186338-d3358142-Reviews-South_Place_Chop_House-London_England.html,London_England
718520,City_Barge,https://www.tripadvisor.com/Restaurant_Review-g186338-d718520-Reviews-City_Barge-London_England.html,London_England
3359779,Cote_Brasserie_Soho,https://www.tripadvisor.com/Restaurant_Review-g186338-d3359779-Reviews-Cote_Brasserie_Soho-London_England.html,London_England
9790023,Kashmir_A_Culinary_Paradise,https://www.tripadvisor.com/Restaurant_Review-g186338-d9790023-Reviews-Kashmir_A_Culinary_Paradise-London_England.html,London_England
7095272,Kanada_Ya_Ramen_Bar,https://www.tripadvisor.com/Restaurant_Review-g186338-d7095272-Reviews-Kanada_Ya_Ramen_Bar-London_England.html,London_England
2006403,Prezzo_Northumberland_Avenue,https://www.tripadvisor.com/Restaurant_Review-g186338-d2006403-Reviews-Prezzo_Northumberland_Avenue-London_England.html,London_England
680437,Piazza,https://www.tripadvisor.com/Restaurant_Review-g186338-d680437-Reviews-Piazza-London_England.html,London_England
8874016,Hobson_s_Fish_Chips,https://www.tripadvisor.com/Restaurant_Review-g186338-d8874016-Reviews-Hobson_s_Fish_Chips-London_England.html,London_England
8262584,Chutney_Mary,https://www.tripadvisor.com/Restaurant_Review-g186338-d8262584-Reviews-Chutney_Mary-London_England.html,London_England
8632781,ROKA_Mayfair,https://www.tripadvisor.com/Restaurant_Review-g186338-d8632781-Reviews-ROKA_Mayfair-London_England.html,London_England
1163581,Marquis_of_Westminster,https://www.tripadvisor.com/Restaurant_Review-g186338-d1163581-Reviews-Marquis_of_Westminster-London_England.html,London_England
11856169,Bar_Douro_London_Bridge,https://www.tripadvisor.com/Restaurant_Review-g186338-d11856169-Reviews-Bar_Douro_London_Bridge-London_England.html,London_England
733592,Numidie_Bistro,https://www.tripadvisor.com/Restaurant_Review-g186338-d733592-Reviews-Numidie_Bistro-London_England.html,London_England
7155198,The_Colony_Grill_Room,https://www.tripadvisor.com/Restaurant_Review-g186338-d7155198-Reviews-The_Colony_Grill_Room-London_England.html,London_England
8833735,OXBO_Bankside,https://www.tripadvisor.com/Restaurant_Review-g186338-d8833735-Reviews-OXBO_Bankside-London_England.html,London_England
15238588,The_Ivy_Canary_Wharf,https://www.tripadvisor.com/Restaurant_Review-g186338-d15238588-Reviews-The_Ivy_Canary_Wharf-London_England.html,London_England
734246,El_Pirata_of_Mayfair,https://www.tripadvisor.com/Restaurant_Review-g186338-d734246-Reviews-El_Pirata_of_Mayfair-London_England.html,London_England
1019282,Noura_Knightsbridge,https://www.tripadvisor.com/Restaurant_Review-g186338-d1019282-Reviews-Noura_Knightsbridge-London_England.html,London_England
1650736,Mediterranean_Cafe,https://www.tripadvisor.com/Restaurant_Review-g186338-d1650736-Reviews-Mediterranean_Cafe-London_England.html,London_England
6672740,Sinabro_Restaurant,https://www.tripadvisor.com/Restaurant_Review-g186338-d6672740-Reviews-Sinabro_Restaurant-London_England.html,London_England
2108741,Kolam_South_Indian_Restaurant,https://www.tripadvisor.com/Restaurant_Review-g186338-d2108741-Reviews-Kolam_South_Indian_Restaurant-London_England.html,London_England
8784792,The_Ivy_Cafe_Marylebone,https://www.tripadvisor.com/Restaurant_Review-g186338-d8784792-Reviews-The_Ivy_Cafe_Marylebone-London_England.html,London_England
7646351,Sefa_Restaurant,https://www.tripadvisor.com/Restaurant_Review-g186338-d7646351-Reviews-Sefa_Restaurant-London_England.html,London_England
966194,All_Bar_One_Wimbledon,https://www.tripadvisor.com/Restaurant_Review-g186338-d966194-Reviews-All_Bar_One_Wimbledon-London_England.html,London_England
1059325,Hache,https://www.tripadvisor.com/Restaurant_Review-g186338-d1059325-Reviews-Hache-London_England.html,London_England
719255,Great_Nepalese,https://www.tripadvisor.com/Restaurant_Review-g186338-d719255-Reviews-Great_Nepalese-London_England.html,London_England
3169695,Spaghetti_House_Kensington_High_Street,https://www.tripadvisor.com/Restaurant_Review-g186338-d3169695-Reviews-Spaghetti_House_Kensington_High_Street-London_England.html,London_England
4685955,Franco_Manca_Balham,https://www.tripadvisor.com/Restaurant_Review-g186338-d4685955-Reviews-Franco_Manca_Balham-London_England.html,London_England
6726141,Ask_For_Janice,https://www.tripadvisor.com/Restaurant_Review-g186338-d6726141-Reviews-Ask_For_Janice-London_England.html,London_England
2008496,Cigalon,https://www.tripadvisor.com/Restaurant_Review-g186338-d2008496-Reviews-Cigalon-London_England.html,London_England
797153,Applebee_s_Fish,https://www.tripadvisor.com/Restaurant_Review-g186338-d797153-Reviews-Applebee_s_Fish-London_England.html,London_England
14050345,Lina_Stores_Restaurant,https://www.tripadvisor.com/Restaurant_Review-g186338-d14050345-Reviews-Lina_Stores_Restaurant-London_England.html,London_England
7681372,Sticks_N_Sushi_Greenwich,https://www.tripadvisor.com/Restaurant_Review-g186338-d7681372-Reviews-Sticks_N_Sushi_Greenwich-London_England.html,London_England
2390185,Hawksmoor_Guildhall,https://www.tripadvisor.com/Restaurant_Review-g186338-d2390185-Reviews-Hawksmoor_Guildhall-London_England.html,London_England
731399,Benares_Restaurant_Bar,https://www.tripadvisor.com/Restaurant_Review-g186338-d731399-Reviews-Benares_Restaurant_Bar-London_England.html,London_England
1016431,Kai_Mayfair,https://www.tripadvisor.com/Restaurant_Review-g186338-d1016431-Reviews-Kai_Mayfair-London_England.html,London_England
8052603,The_Black_Penny_Covent_Garden,https://www.tripadvisor.com/Restaurant_Review-g186338-d8052603-Reviews-The_Black_Penny_Covent_Garden-London_England.html,London_England
5816427,L_Antipasto_City_Trattoria_Pizzeria,https://www.tripadvisor.com/Restaurant_Review-g186338-d5816427-Reviews-L_Antipasto_City_Trattoria_Pizzeria-London_England.html,London_England
730420,Grumbles,https://www.tripadvisor.com/Restaurant_Review-g186338-d730420-Reviews-Grumbles-London_England.html,London_England
19092503,The_Hunter_s_Moon,https://www.tripadvisor.com/Restaurant_Review-g186338-d19092503-Reviews-The_Hunter_s_Moon-London_England.html,London_England
7282840,ROKA_Aldwych,https://www.tripadvisor.com/Restaurant_Review-g186338-d7282840-Reviews-ROKA_Aldwych-London_England.html,London_England
7332519,Radicals_and_Victuallers,https://www.tripadvisor.com/Restaurant_Review-g186338-d7332519-Reviews-or40-Radicals_and_Victuallers-London_England.html,London_England
1964849,Casa_Malevo,https://www.tripadvisor.com/Restaurant_Review-g186338-d1964849-Reviews-Casa_Malevo-London_England.html,London_England
733544,Salvador_Amanda,https://www.tripadvisor.com/Restaurant_Review-g186338-d733544-Reviews-Salvador_Amanda-London_England.html,London_England
1633379,Guinea_Grill,https://www.tripadvisor.com/Restaurant_Review-g186338-d1633379-Reviews-Guinea_Grill-London_England.html,London_England
6774552,Wahaca_Wimbledon,https://www.tripadvisor.com/Restaurant_Review-g186338-d6774552-Reviews-Wahaca_Wimbledon-London_England.html,London_England
4893650,Il_Sugo,https://www.tripadvisor.com/Restaurant_Review-g186338-d4893650-Reviews-Il_Sugo-London_England.html,London_England
2297992,The_10_Cases,https://www.tripadvisor.com/Restaurant_Review-g186338-d2297992-Reviews-The_10_Cases-London_England.html,London_England
5814601,Paccata_Crouch_End,https://www.tripadvisor.com/Restaurant_Review-g186338-d5814601-Reviews-Paccata_Crouch_End-London_England.html,London_England
733233,Gillray_s_Steakhouse_Bar,https://www.tripadvisor.com/Restaurant_Review-g186338-d733233-Reviews-Gillray_s_Steakhouse_Bar-London_England.html,London_England
1019033,The_Real_Greek,https://www.tripadvisor.com/Restaurant_Review-g186338-d1019033-Reviews-The_Real_Greek-London_England.html,London_England
5895622,Blanchette,https://www.tripadvisor.com/Restaurant_Review-g186338-d5895622-Reviews-Blanchette-London_England.html,London_England
11895065,Corazon,https://www.tripadvisor.com/Restaurant_Review-g186338-d11895065-Reviews-Corazon-London_England.html,London_England
6957721,Ben_s_Fish_Chips_Restaurant,https://www.tripadvisor.com/Restaurant_Review-g186338-d6957721-Reviews-Ben_s_Fish_Chips_Restaurant-London_England.html,London_England
10373643,Pizza_Pilgrims,https://www.tripadvisor.com/Restaurant_Review-g186338-d10373643-Reviews-Pizza_Pilgrims-London_England.html,London_England
13109544,Noize,https://www.tripadvisor.com/Restaurant_Review-g186338-d13109544-Reviews-Noize-London_England.html,London_England
1388950,Cote_Brasserie,https://www.tripadvisor.com/Restaurant_Review-g186338-d1388950-Reviews-Cote_Brasserie-London_England.html,London_England
7130836,Hook,https://www.tripadvisor.com/Restaurant_Review-g186338-d7130836-Reviews-Hook-London_England.html,London_England
17695828,VyTA_Covent_Garden,https://www.tripadvisor.com/Restaurant_Review-g186338-d17695828-Reviews-VyTA_Covent_Garden-London_England.html,London_England
1013490,ASK_Italian,https://www.tripadvisor.com/Restaurant_Review-g186338-d1013490-Reviews-ASK_Italian-London_England.html,London_England
1013694,Patara_Soho,https://www.tripadvisor.com/Restaurant_Review-g186338-d1013694-Reviews-Patara_Soho-London_England.html,London_England
6459347,Verdi_Italian_Kitchen,https://www.tripadvisor.com/Restaurant_Review-g186338-d6459347-Reviews-Verdi_Italian_Kitchen-London_England.html,London_England
9561439,Noble_Rot,https://www.tripadvisor.com/Restaurant_Review-g186338-d9561439-Reviews-Noble_Rot-London_England.html,London_England
6891743,Kennedys_OF_Barbican,https://www.tripadvisor.com/Restaurant_Review-g186338-d6891743-Reviews-Kennedys_OF_Barbican-London_England.html,London_England
12123899,Honest_Burgers,https://www.tripadvisor.com/Restaurant_Review-g186338-d12123899-Reviews-Honest_Burgers-London_England.html,London_England
719699,Cantina_del_Ponte,https://www.tripadvisor.com/Restaurant_Review-g186338-d719699-Reviews-Cantina_del_Ponte-London_England.html,London_England
6936691,Whiskey_Ginger,https://www.tripadvisor.com/Restaurant_Review-g186338-d6936691-Reviews-Whiskey_Ginger-London_England.html,London_England
2569353,El_Vaquero,https://www.tripadvisor.com/Restaurant_Review-g186338-d2569353-Reviews-El_Vaquero-London_England.html,London_England
5871083,Wright_Brothers_Spitalfields,https://www.tripadvisor.com/Restaurant_Review-g186338-d5871083-Reviews-Wright_Brothers_Spitalfields-London_England.html,London_England
10374167,Mangos_Indian_Bangladeshi_cuisine,https://www.tripadvisor.com/Restaurant_Review-g186338-d10374167-Reviews-Mangos_Indian_Bangladeshi_cuisine-London_England.html,London_England
2014345,Nissi_Mezedakia_Restaurant,https://www.tripadvisor.com/Restaurant_Review-g186338-d2014345-Reviews-Nissi_Mezedakia_Restaurant-London_England.html,London_England
8381271,Union_Viet,https://www.tripadvisor.com/Restaurant_Review-g186338-d8381271-Reviews-Union_Viet-London_England.html,London_England
3532997,Prima_Sapori_d_Italia,https://www.tripadvisor.com/Restaurant_Review-g186338-d3532997-Reviews-Prima_Sapori_d_Italia-London_England.html,London_England
1044040,Cosmoba,https://www.tripadvisor.com/Restaurant_Review-g186338-d1044040-Reviews-Cosmoba-London_England.html,London_England
13277561,Indian_Accent,https://www.tripadvisor.com/Restaurant_Review-g186338-d13277561-Reviews-Indian_Accent-London_England.html,London_England
4342080,The_Little_Thai,https://www.tripadvisor.com/Restaurant_Review-g186338-d4342080-Reviews-The_Little_Thai-London_England.html,London_England
1367682,Osteria_Dell_Angolo,https://www.tripadvisor.com/Restaurant_Review-g186338-d1367682-Reviews-Osteria_Dell_Angolo-London_England.html,London_England
14320827,Bancone,https://www.tripadvisor.com/Restaurant_Review-g186338-d14320827-Reviews-Bancone-London_England.html,London_England
1385617,Brasserie_Blanc_Tower_Bridge,https://www.tripadvisor.com/Restaurant_Review-g186338-d1385617-Reviews-Brasserie_Blanc_Tower_Bridge-London_England.html,London_England
2073680,ROSSODISERA_il_marchigiano,https://www.tripadvisor.com/Restaurant_Review-g186338-d2073680-Reviews-ROSSODISERA_il_marchigiano-London_England.html,London_England
733673,Gallipoli_Bistro,https://www.tripadvisor.com/Restaurant_Review-g186338-d733673-Reviews-Gallipoli_Bistro-London_England.html,London_England
12392164,Arthur_Hooper_s,https://www.tripadvisor.com/Restaurant_Review-g186338-d12392164-Reviews-Arthur_Hooper_s-London_England.html,London_England
17708525,Kalamaki_Street_Greek,https://www.tripadvisor.com/Restaurant_Review-g186338-d17708525-Reviews-Kalamaki_Street_Greek-London_England.html,London_England
9752531,Honest_Burgers_Covent_Garden,https://www.tripadvisor.com/Restaurant_Review-g186338-d9752531-Reviews-Honest_Burgers_Covent_Garden-London_England.html,London_England
12713891,Jean_Georges_at_The_Connaught,https://www.tripadvisor.com/Restaurant_Review-g186338-d12713891-Reviews-Jean_Georges_at_The_Connaught-London_England.html,London_England
734090,Fish_in_a_Tie,https://www.tripadvisor.com/Restaurant_Review-g186338-d734090-Reviews-Fish_in_a_Tie-London_England.html,London_England
3452407,Homeslice_Neal_s_Yard,https://www.tripadvisor.com/Restaurant_Review-g186338-d3452407-Reviews-Homeslice_Neal_s_Yard-London_England.html,London_England
720370,The_Quilon_Restaurant,https://www.tripadvisor.com/Restaurant_Review-g186338-d720370-Reviews-The_Quilon_Restaurant-London_England.html,London_England
16737304,Albion_s_Restaurant,https://www.tripadvisor.com/Restaurant_Review-g186338-d16737304-Reviews-Albion_s_Restaurant-London_England.html,London_England
13722314,Delamina,https://www.tripadvisor.com/Restaurant_Review-g186338-d13722314-Reviews-Delamina-London_England.html,London_England
1948246,Demartino_London,https://www.tripadvisor.com/Restaurant_Review-g186338-d1948246-Reviews-Demartino_London-London_England.html,London_England
10637464,Arlo_s_Balham,https://www.tripadvisor.com/Restaurant_Review-g186338-d10637464-Reviews-Arlo_s_Balham-London_England.html,London_England
12527182,The_Ivy_City_Garden,https://www.tripadvisor.com/Restaurant_Review-g186338-d12527182-Reviews-The_Ivy_City_Garden-London_England.html,London_England
7221885,Heddon_Street_Kitchen,https://www.tripadvisor.com/Restaurant_Review-g186338-d7221885-Reviews-Heddon_Street_Kitchen-London_England.html,London_England
1381997,Refuel,https://www.tripadvisor.com/Restaurant_Review-g186338-d1381997-Reviews-Refuel-London_England.html,London_England
10868402,Pizzeria_Di_Camden,https://www.tripadvisor.com/Restaurant_Review-g186338-d10868402-Reviews-Pizzeria_Di_Camden-London_England.html,London_England
2625372,Sticks_N_Sushi_Wimbledon,https://www.tripadvisor.com/Restaurant_Review-g186338-d2625372-Reviews-Sticks_N_Sushi_Wimbledon-London_England.html,London_England
8679076,Dirty_Bones_Carnaby,https://www.tripadvisor.com/Restaurant_Review-g186338-d8679076-Reviews-Dirty_Bones_Carnaby-London_England.html,London_England
2013914,Opera_Tavern,https://www.tripadvisor.com/Restaurant_Review-g186338-d2013914-Reviews-Opera_Tavern-London_England.html,London_England
11916265,Tandoor_Chop_House,https://www.tripadvisor.com/Restaurant_Review-g186338-d11916265-Reviews-Tandoor_Chop_House-London_England.html,London_England
1212924,Bob_Bob_Ricard,https://www.tripadvisor.com/Restaurant_Review-g186338-d1212924-Reviews-Bob_Bob_Ricard-London_England.html,London_England
15155068,Honest_Burgers,https://www.tripadvisor.com/Restaurant_Review-g186338-d15155068-Reviews-Honest_Burgers-London_England.html,London_England
733283,Caldesi_In_Marylebone,https://www.tripadvisor.com/Restaurant_Review-g186338-d733283-Reviews-Caldesi_In_Marylebone-London_England.html,London_England
13274110,Darcie_May_Green,https://www.tripadvisor.com/Restaurant_Review-g186338-d13274110-Reviews-Darcie_May_Green-London_England.html,London_England
780583,Gaucho_Charlotte_Street,https://www.tripadvisor.com/Restaurant_Review-g186338-d780583-Reviews-Gaucho_Charlotte_Street-London_England.html,London_England
12319255,The_Sipping_Room,https://www.tripadvisor.com/Restaurant_Review-g186338-d12319255-Reviews-The_Sipping_Room-London_England.html,London_England
810024,Gaucho,https://www.tripadvisor.com/Restaurant_Review-g186338-d810024-Reviews-Gaucho-London_England.html,London_England
1021849,Gaucho,https://www.tripadvisor.com/Restaurant_Review-g186338-d1021849-Reviews-Gaucho-London_England.html,London_England
3477816,Evans_Peel_Detective_Agency,https://www.tripadvisor.com/Restaurant_Review-g186338-d3477816-Reviews-Evans_Peel_Detective_Agency-London_England.html,London_England
5558677,Crown_and_Anchor,https://www.tripadvisor.com/Restaurant_Review-g186338-d5558677-Reviews-Crown_and_Anchor-London_England.html,London_England
1770199,Ecco_Pizza,https://www.tripadvisor.com/Restaurant_Review-g186338-d1770199-Reviews-Ecco_Pizza-London_England.html,London_England
3693225,The_Grill_at_Amba_Hotel_Marble_Arch,https://www.tripadvisor.com/Restaurant_Review-g186338-d3693225-Reviews-The_Grill_at_Amba_Hotel_Marble_Arch-London_England.html,London_England
11741146,Mnky_Hse,https://www.tripadvisor.com/Restaurant_Review-g186338-d11741146-Reviews-Mnky_Hse-London_England.html,London_England
2014346,The_Famous_Curry_Bazaar,https://www.tripadvisor.com/Restaurant_Review-g186338-d2014346-Reviews-The_Famous_Curry_Bazaar-London_England.html,London_England
1422071,Tapa_Tapa,https://www.tripadvisor.com/Restaurant_Review-g186338-d1422071-Reviews-Tapa_Tapa-London_England.html,London_England
1013450,ASK_Italian_London_Wigmore_Street,https://www.tripadvisor.com/Restaurant_Review-g186338-d1013450-Reviews-ASK_Italian_London_Wigmore_Street-London_England.html,London_England
776287,The_Ivy,https://www.tripadvisor.com/Restaurant_Review-g186338-d776287-Reviews-The_Ivy-London_England.html,London_England
5980976,Mr_Fogg_s_Residence,https://www.tripadvisor.com/Restaurant_Review-g186338-d5980976-Reviews-Mr_Fogg_s_Residence-London_England.html,London_England
15321975,The_Alchemist_St_Martins_Lane,https://www.tripadvisor.com/Restaurant_Review-g186338-d15321975-Reviews-The_Alchemist_St_Martins_Lane-London_England.html,London_England
731908,Chamberlain_s_Restaurant,https://www.tripadvisor.com/Restaurant_Review-g186338-d731908-Reviews-Chamberlain_s_Restaurant-London_England.html,London_England
5122848,The_Tower,https://www.tripadvisor.com/Restaurant_Review-g186338-d5122848-Reviews-The_Tower-London_England.html,London_England
719340,Hunan,https://www.tripadvisor.com/Restaurant_Review-g186338-d719340-Reviews-Hunan-London_England.html,London_England
1381993,Fabrizio_Restaurant,https://www.tripadvisor.com/Restaurant_Review-g186338-d1381993-Reviews-Fabrizio_Restaurant-London_England.html,London_England
15306752,Kutir,https://www.tripadvisor.com/Restaurant_Review-g186338-d15306752-Reviews-Kutir-London_England.html,London_England
13135838,PerBacco,https://www.tripadvisor.com/Restaurant_Review-g186338-d13135838-Reviews-PerBacco-London_England.html,London_England
2411234,Wahaca_Covent_Garden,https://www.tripadvisor.com/Restaurant_Review-g186338-d2411234-Reviews-Wahaca_Covent_Garden-London_England.html,London_England
4564774,Rossopomodoro,https://www.tripadvisor.com/Restaurant_Review-g186338-d4564774-Reviews-Rossopomodoro-London_England.html,London_England
4737361,Osteria_Tufo,https://www.tripadvisor.com/Restaurant_Review-g186338-d4737361-Reviews-Osteria_Tufo-London_England.html,London_England
2523465,In_Parma_by_Food_Roots,https://www.tripadvisor.com/Restaurant_Review-g186338-d2523465-Reviews-In_Parma_by_Food_Roots-London_England.html,London_England
14803272,Bife,https://www.tripadvisor.com/Restaurant_Review-g186338-d14803272-Reviews-Bife-London_England.html,London_England
720365,Quaglino_s,https://www.tripadvisor.com/Restaurant_Review-g186338-d720365-Reviews-Quaglino_s-London_England.html,London_England
733453,Latymers,https://www.tripadvisor.com/Restaurant_Review-g186338-d733453-Reviews-Latymers-London_England.html,London_England
8142580,Shakeshuka,https://www.tripadvisor.com/Restaurant_Review-g186338-d8142580-Reviews-Shakeshuka-London_England.html,London_England
7252264,Spring,https://www.tripadvisor.com/Restaurant_Review-g186338-d7252264-Reviews-Spring-London_England.html,London_England
1499193,The_Prince_Edward,https://www.tripadvisor.com/Restaurant_Review-g186338-d1499193-Reviews-The_Prince_Edward-London_England.html,London_England
7291976,Pizza_Pilgrims,https://www.tripadvisor.com/Restaurant_Review-g186338-d7291976-Reviews-Pizza_Pilgrims-London_England.html,London_England
720660,Tamarind,https://www.tripadvisor.com/Restaurant_Review-g186338-d720660-Reviews-Tamarind-London_England.html,London_England
10426077,Smoke_Salt,https://www.tripadvisor.com/Restaurant_Review-g186338-d10426077-Reviews-Smoke_Salt-London_England.html,London_England
3628730,Fish_Market,https://www.tripadvisor.com/Restaurant_Review-g186338-d3628730-Reviews-Fish_Market-London_England.html,London_England
733252,Punch_Tavern,https://www.tripadvisor.com/Restaurant_Review-g186338-d733252-Reviews-Punch_Tavern-London_England.html,London_England
12625586,The_English_Grill,https://www.tripadvisor.com/Restaurant_Review-g186338-d12625586-Reviews-The_English_Grill-London_England.html,London_England
2162727,McGlynn_s_Free_House,https://www.tripadvisor.com/Restaurant_Review-g186338-d2162727-Reviews-McGlynn_s_Free_House-London_England.html,London_England
14246198,Mr_Fogg_s_House_of_Botanicals,https://www.tripadvisor.com/Restaurant_Review-g186338-d14246198-Reviews-Mr_Fogg_s_House_of_Botanicals-London_England.html,London_England
720797,The_Savoy_Grill_Gordon_Ramsay,https://www.tripadvisor.com/Restaurant_Review-g186338-d720797-Reviews-The_Savoy_Grill_Gordon_Ramsay-London_England.html,London_England
737357,Portrait_Restaurant,https://www.tripadvisor.com/Restaurant_Review-g186338-d737357-Reviews-Portrait_Restaurant-London_England.html,London_England
7991265,The_Royal_Air_Force_Club,https://www.tripadvisor.com/Restaurant_Review-g186338-d7991265-Reviews-The_Royal_Air_Force_Club-London_England.html,London_England
3468435,Burger_Lobster_Soho,https://www.tripadvisor.com/Restaurant_Review-g186338-d3468435-Reviews-Burger_Lobster_Soho-London_England.html,London_England
719718,The_Light_House,https://www.tripadvisor.com/Restaurant_Review-g186338-d719718-Reviews-The_Light_House-London_England.html,London_England
1119589,The_Little_Square,https://www.tripadvisor.com/Restaurant_Review-g186338-d1119589-Reviews-The_Little_Square-London_England.html,London_England
733581,The_Scarsdale_Tavern,https://www.tripadvisor.com/Restaurant_Review-g186338-d733581-Reviews-The_Scarsdale_Tavern-London_England.html,London_England
7080937,Anima_e_Cuore,https://www.tripadvisor.com/Restaurant_Review-g186338-d7080937-Reviews-Anima_e_Cuore-London_England.html,London_England
1497359,Il_Posto,https://www.tripadvisor.com/Restaurant_Review-g186338-d1497359-Reviews-Il_Posto-London_England.html,London_England
5243195,The_Polo_Bar_at_The_Westbury_Mayfair_Hotel,https://www.tripadvisor.com/Restaurant_Review-g186338-d5243195-Reviews-The_Polo_Bar_at_The_Westbury_Mayfair_Hotel-London_England.html,London_England
1006776,Meze_Mangal,https://www.tripadvisor.com/Restaurant_Review-g186338-d1006776-Reviews-Meze_Mangal-London_England.html,London_England
811931,Spicy_Basil,https://www.tripadvisor.com/Restaurant_Review-g186338-d811931-Reviews-Spicy_Basil-London_England.html,London_England
953619,Maroush_Express,https://www.tripadvisor.com/Restaurant_Review-g186338-d953619-Reviews-Maroush_Express-London_England.html,London_England
4041617,5_Social,https://www.tripadvisor.com/Restaurant_Review-g186338-d4041617-Reviews-5_Social-London_England.html,London_England
720360,Punjab_Restaurant,https://www.tripadvisor.com/Restaurant_Review-g186338-d720360-Reviews-Punjab_Restaurant-London_England.html,London_England
5961361,The_Quince_Tree_cafe_at_Clifton_Nurseries,https://www.tripadvisor.com/Restaurant_Review-g186338-d5961361-Reviews-The_Quince_Tree_cafe_at_Clifton_Nurseries-London_England.html,London_England
1799517,Palmers,https://www.tripadvisor.com/Restaurant_Review-g186338-d1799517-Reviews-Palmers-London_England.html,London_England
9822404,Mildreds_King_s_Cross,https://www.tripadvisor.com/Restaurant_Review-g186338-d9822404-Reviews-Mildreds_King_s_Cross-London_England.html,London_England
1125209,Pret_a_Manger,https://www.tripadvisor.com/Restaurant_Review-g186338-d1125209-Reviews-Pret_a_Manger-London_England.html,London_England
7187050,The_Admiralty,https://www.tripadvisor.com/Restaurant_Review-g186338-d7187050-Reviews-The_Admiralty-London_England.html,London_England
1014168,Black_Blue_Steakhouse_Notting_Hill_Gate,https://www.tripadvisor.com/Restaurant_Review-g186338-d1014168-Reviews-Black_Blue_Steakhouse_Notting_Hill_Gate-London_England.html,London_England
734258,Ffiona_s,https://www.tripadvisor.com/Restaurant_Review-g186338-d734258-Reviews-Ffiona_s-London_England.html,London_England
19982460,Nora_Cafe,https://www.tripadvisor.com/Restaurant_Review-g186338-d19982460-Reviews-Nora_Cafe-London_England.html,London_England
12703766,Crust_Bros,https://www.tripadvisor.com/Restaurant_Review-g186338-d12703766-Reviews-Crust_Bros-London_England.html,London_England
6847140,The_Craft_Beer_Co_Covent_Garden,https://www.tripadvisor.com/Restaurant_Review-g186338-d6847140-Reviews-The_Craft_Beer_Co_Covent_Garden-London_England.html,London_England
2257015,The_Crown_and_Cushion,https://www.tripadvisor.com/Restaurant_Review-g186338-d2257015-Reviews-The_Crown_and_Cushion-London_England.html,London_England
3437156,Bill_s_Soho,https://www.tripadvisor.com/Restaurant_Review-g186338-d3437156-Reviews-Bill_s_Soho-London_England.html,London_England
1010142,Al_Waha,https://www.tripadvisor.com/Restaurant_Review-g186338-d1010142-Reviews-Al_Waha-London_England.html,London_England
1059621,Ristorante_Orsini,https://www.tripadvisor.com/Restaurant_Review-g186338-d1059621-Reviews-Ristorante_Orsini-London_England.html,London_England
3930775,Hache_Shoreditch,https://www.tripadvisor.com/Restaurant_Review-g186338-d3930775-Reviews-Hache_Shoreditch-London_England.html,London_England
3296991,Saporitalia,https://www.tripadvisor.com/Restaurant_Review-g186338-d3296991-Reviews-Saporitalia-London_England.html,London_England
13597755,BaoziInn_Soho,https://www.tripadvisor.com/Restaurant_Review-g186338-d13597755-Reviews-BaoziInn_Soho-London_England.html,London_England
1043993,The_Champion_Notting_Hill,https://www.tripadvisor.com/Restaurant_Review-g186338-d1043993-Reviews-The_Champion_Notting_Hill-London_England.html,London_England
734233,Yming,https://www.tripadvisor.com/Restaurant_Review-g186338-d734233-Reviews-Yming-London_England.html,London_England
2514257,The_Boot_and_Flogger,https://www.tripadvisor.com/Restaurant_Review-g186338-d2514257-Reviews-The_Boot_and_Flogger-London_England.html,London_England
1739082,Haven_Bistro_and_Bar,https://www.tripadvisor.com/Restaurant_Review-g186338-d1739082-Reviews-Haven_Bistro_and_Bar-London_England.html,London_England
5220316,Tried_And_True,https://www.tripadvisor.com/Restaurant_Review-g186338-d5220316-Reviews-Tried_And_True-London_England.html,London_England
11965874,Bala_Baya,https://www.tripadvisor.com/Restaurant_Review-g186338-d11965874-Reviews-Bala_Baya-London_England.html,London_England
9581718,Masala_Indian_Restaurant,https://www.tripadvisor.com/Restaurant_Review-g186338-d9581718-Reviews-Masala_Indian_Restaurant-London_England.html,London_England
1804325,Bar_Boulud,https://www.tripadvisor.com/Restaurant_Review-g186338-d1804325-Reviews-Bar_Boulud-London_England.html,London_England
2086898,Mango_Indian,https://www.tripadvisor.com/Restaurant_Review-g186338-d2086898-Reviews-Mango_Indian-London_England.html,London_England
6930101,Casereccio,https://www.tripadvisor.com/Restaurant_Review-g186338-d6930101-Reviews-Casereccio-London_England.html,London_England
1918194,Morito,https://www.tripadvisor.com/Restaurant_Review-g186338-d1918194-Reviews-Morito-London_England.html,London_England
8099221,Tulse_Hill_Hotel,https://www.tripadvisor.com/Restaurant_Review-g186338-d8099221-Reviews-Tulse_Hill_Hotel-London_England.html,London_England
1221366,Santorini_Restaurant,https://www.tripadvisor.com/Restaurant_Review-g186338-d1221366-Reviews-Santorini_Restaurant-London_England.html,London_England
13341128,Llerena_Iberico_Tapas_Bar,https://www.tripadvisor.com/Restaurant_Review-g186338-d13341128-Reviews-Llerena_Iberico_Tapas_Bar-London_England.html,London_England
1200319,Two_Point,https://www.tripadvisor.com/Restaurant_Review-g186338-d1200319-Reviews-Two_Point-London_England.html,London_England
1382719,Dotori,https://www.tripadvisor.com/Restaurant_Review-g186338-d1382719-Reviews-Dotori-London_England.html,London_England
13500266,Daddy_Bao,https://www.tripadvisor.com/Restaurant_Review-g186338-d13500266-Reviews-Daddy_Bao-London_England.html,London_England
3438194,The_Londesborough,https://www.tripadvisor.com/Restaurant_Review-g186338-d3438194-Reviews-The_Londesborough-London_England.html,London_England
2421753,Spice_Village_Tooting,https://www.tripadvisor.com/Restaurant_Review-g186338-d2421753-Reviews-Spice_Village_Tooting-London_England.html,London_England
10188040,Plough_Way_Cafe,https://www.tripadvisor.com/Restaurant_Review-g186338-d10188040-Reviews-Plough_Way_Cafe-London_England.html,London_England
717839,The_Bombay_Brasserie,https://www.tripadvisor.com/Restaurant_Review-g186338-d717839-Reviews-The_Bombay_Brasserie-London_England.html,London_England
4505548,The_House,https://www.tripadvisor.com/Restaurant_Review-g186338-d4505548-Reviews-The_House-London_England.html,London_England
12634681,Wild_Heart_Bar_Grill,https://www.tripadvisor.com/Restaurant_Review-g186338-d12634681-Reviews-Wild_Heart_Bar_Grill-London_England.html,London_England
4929050,Est_India,https://www.tripadvisor.com/Restaurant_Review-g186338-d4929050-Reviews-Est_India-London_England.html,London_England
2257009,Corleone_Restaurant,https://www.tripadvisor.com/Restaurant_Review-g186338-d2257009-Reviews-Corleone_Restaurant-London_England.html,London_England
5234147,Merchants_Tavern,https://www.tripadvisor.com/Restaurant_Review-g186338-d5234147-Reviews-Merchants_Tavern-London_England.html,London_England
1836201,Cote_Brasserie,https://www.tripadvisor.com/Restaurant_Review-g186338-d1836201-Reviews-Cote_Brasserie-London_England.html,London_England
10816816,Honest_Burgers,https://www.tripadvisor.com/Restaurant_Review-g186338-d10816816-Reviews-Honest_Burgers-London_England.html,London_England
8831057,Darkhorse_Restaurant_Bar,https://www.tripadvisor.com/Restaurant_Review-g186338-d8831057-Reviews-Darkhorse_Restaurant_Bar-London_England.html,London_England
1381066,500_Restaurant,https://www.tripadvisor.com/Restaurant_Review-g186338-d1381066-Reviews-500_Restaurant-London_England.html,London_England
8803043,German_Gymnasium,https://www.tripadvisor.com/Restaurant_Review-g186338-d8803043-Reviews-German_Gymnasium-London_England.html,London_England
7079968,Sumak_Restaurant,https://www.tripadvisor.com/Restaurant_Review-g186338-d7079968-Reviews-Sumak_Restaurant-London_England.html,London_England
1128067,Pierino,https://www.tripadvisor.com/Restaurant_Review-g186338-d1128067-Reviews-Pierino-London_England.html,London_England
2184577,Pix,https://www.tripadvisor.com/Restaurant_Review-g186338-d2184577-Reviews-Pix-London_England.html,London_England
7256668,Olive_And_Lemon_Cafe_Bistro,https://www.tripadvisor.com/Restaurant_Review-g186338-d7256668-Reviews-Olive_And_Lemon_Cafe_Bistro-London_England.html,London_England
1010082,Sadaf_Persian_Restaurant,https://www.tripadvisor.com/Restaurant_Review-g186338-d1010082-Reviews-Sadaf_Persian_Restaurant-London_England.html,London_England
15611067,Farzi_Cafe,https://www.tripadvisor.com/Restaurant_Review-g186338-d15611067-Reviews-Farzi_Cafe-London_England.html,London_England
2176042,Hiba_Express,https://www.tripadvisor.com/Restaurant_Review-g186338-d2176042-Reviews-Hiba_Express-London_England.html,London_England
1057071,Mai_Sushi,https://www.tripadvisor.com/Restaurant_Review-g186338-d1057071-Reviews-Mai_Sushi-London_England.html,London_England
1783725,Siam_Garden,https://www.tripadvisor.com/Restaurant_Review-g186338-d1783725-Reviews-Siam_Garden-London_England.html,London_England
784344,222_Vegan_Cuisine,https://www.tripadvisor.com/Restaurant_Review-g186338-d784344-Reviews-222_Vegan_Cuisine-London_England.html,London_England
1018747,Tiger_Green_Brasserie,https://www.tripadvisor.com/Restaurant_Review-g186338-d1018747-Reviews-Tiger_Green_Brasserie-London_England.html,London_England
12947964,Sabor,https://www.tripadvisor.com/Restaurant_Review-g186338-d12947964-Reviews-Sabor-London_England.html,London_England
4216811,Daisy_Green,https://www.tripadvisor.com/Restaurant_Review-g186338-d4216811-Reviews-Daisy_Green-London_England.html,London_England
7681954,Pulia,https://www.tripadvisor.com/Restaurant_Review-g186338-d7681954-Reviews-Pulia-London_England.html,London_England
3815171,Saponara,https://www.tripadvisor.com/Restaurant_Review-g186338-d3815171-Reviews-Saponara-London_England.html,London_England
3507831,Poppies_Fish_Chips,https://www.tripadvisor.com/Restaurant_Review-g186338-d3507831-Reviews-Poppies_Fish_Chips-London_England.html,London_England
1213167,Cinnamon_Kitchen_City,https://www.tripadvisor.com/Restaurant_Review-g186338-d1213167-Reviews-Cinnamon_Kitchen_City-London_England.html,London_England
2520599,The_King_Of_Falafel,https://www.tripadvisor.com/Restaurant_Review-g186338-d2520599-Reviews-The_King_Of_Falafel-London_England.html,London_England
8057729,Pasta_Remoli_Finsbury_Park,https://www.tripadvisor.com/Restaurant_Review-g186338-d8057729-Reviews-Pasta_Remoli_Finsbury_Park-London_England.html,London_England
15081009,Kerridge_s_Bar_Grill,https://www.tripadvisor.com/Restaurant_Review-g186338-d15081009-Reviews-Kerridge_s_Bar_Grill-London_England.html,London_England
6016189,Panda_Dim_Sum_Cafe,https://www.tripadvisor.com/Restaurant_Review-g186338-d6016189-Reviews-Panda_Dim_Sum_Cafe-London_England.html,London_England
10692226,Sagardi_Basque_Country_Chefs,https://www.tripadvisor.com/Restaurant_Review-g186338-d10692226-Reviews-Sagardi_Basque_Country_Chefs-London_England.html,London_England
11814993,Jamavar,https://www.tripadvisor.com/Restaurant_Review-g186338-d11814993-Reviews-Jamavar-London_England.html,London_England
733245,Cheneston_s_Restaurant,https://www.tripadvisor.com/Restaurant_Review-g186338-d733245-Reviews-Cheneston_s_Restaurant-London_England.html,London_England
1752016,Tas_Restaurant,https://www.tripadvisor.com/Restaurant_Review-g186338-d1752016-Reviews-Tas_Restaurant-London_England.html,London_England
1017699,The_Potting_Shed_Restaurant_Bar,https://www.tripadvisor.com/Restaurant_Review-g186338-d1017699-Reviews-The_Potting_Shed_Restaurant_Bar-London_England.html,London_England
720880,Veeraswamy,https://www.tripadvisor.com/Restaurant_Review-g186338-d720880-Reviews-Veeraswamy-London_England.html,London_England
4295510,Wildwood_Kitchen,https://www.tripadvisor.com/Restaurant_Review-g186338-d4295510-Reviews-Wildwood_Kitchen-London_England.html,London_England
731410,Ottolenghi_Islington,https://www.tripadvisor.com/Restaurant_Review-g186338-d731410-Reviews-Ottolenghi_Islington-London_England.html,London_England
7992129,Vietfood,https://www.tripadvisor.com/Restaurant_Review-g186338-d7992129-Reviews-Vietfood-London_England.html,London_England
802561,Addie_s_Thai_Cafe,https://www.tripadvisor.com/Restaurant_Review-g186338-d802561-Reviews-Addie_s_Thai_Cafe-London_England.html,London_England
13994929,Cocotte_Shoreditch,https://www.tripadvisor.com/Restaurant_Review-g186338-d13994929-Reviews-Cocotte_Shoreditch-London_England.html,London_England
11726243,Little_Brazil_Bar_Restaurant_Ltd,https://www.tripadvisor.com/Restaurant_Review-g186338-d11726243-Reviews-Little_Brazil_Bar_Restaurant_Ltd-London_England.html,London_England
3248999,Riverside_2,https://www.tripadvisor.com/Restaurant_Review-g186338-d3248999-Reviews-Riverside_2-London_England.html,London_England
6614484,City_Social,https://www.tripadvisor.com/Restaurant_Review-g186338-d6614484-Reviews-City_Social-London_England.html,London_England
797051,Fig_Olive,https://www.tripadvisor.com/Restaurant_Review-g186338-d797051-Reviews-Fig_Olive-London_England.html,London_England
1021827,Sofra_Mayfair,https://www.tripadvisor.com/Restaurant_Review-g186338-d1021827-Reviews-Sofra_Mayfair-London_England.html,London_England
1367698,Zayna,https://www.tripadvisor.com/Restaurant_Review-g186338-d1367698-Reviews-Zayna-London_England.html,London_England
2008552,The_Larrik,https://www.tripadvisor.com/Restaurant_Review-g186338-d2008552-Reviews-The_Larrik-London_England.html,London_England
825556,Dinings,https://www.tripadvisor.com/Restaurant_Review-g186338-d825556-Reviews-Dinings-London_England.html,London_England
730788,Camino_King_s_Cross,https://www.tripadvisor.com/Restaurant_Review-g186338-d730788-Reviews-Camino_King_s_Cross-London_England.html,London_England
7649140,The_Real_Greek,https://www.tripadvisor.com/Restaurant_Review-g186338-d7649140-Reviews-The_Real_Greek-London_England.html,London_England
15827540,Lost_Boys_Pizza_Camden,https://www.tripadvisor.com/Restaurant_Review-g186338-d15827540-Reviews-Lost_Boys_Pizza_Camden-London_England.html,London_England
11797688,J_Sheekey_Atlantic_Bar,https://www.tripadvisor.com/Restaurant_Review-g186338-d11797688-Reviews-J_Sheekey_Atlantic_Bar-London_England.html,London_England
2204318,The_Cambridge,https://www.tripadvisor.com/Restaurant_Review-g186338-d2204318-Reviews-The_Cambridge-London_England.html,London_England
928576,Las_Iguanas,https://www.tripadvisor.com/Restaurant_Review-g186338-d928576-Reviews-Las_Iguanas-London_England.html,London_England
3598439,Ottoman_Turkish_Cuisine,https://www.tripadvisor.com/Restaurant_Review-g186338-d3598439-Reviews-Ottoman_Turkish_Cuisine-London_England.html,London_England
719370,Ishbilia,https://www.tripadvisor.com/Restaurant_Review-g186338-d719370-Reviews-Ishbilia-London_England.html,London_England
8549722,Iberica_Victoria,https://www.tripadvisor.com/Restaurant_Review-g186338-d8549722-Reviews-Iberica_Victoria-London_England.html,London_England
780663,The_Lale_Restaurant,https://www.tripadvisor.com/Restaurant_Review-g186338-d780663-Reviews-The_Lale_Restaurant-London_England.html,London_England
2371856,The_Brigade,https://www.tripadvisor.com/Restaurant_Review-g186338-d2371856-Reviews-The_Brigade-London_England.html,London_England
4593408,The_Grove,https://www.tripadvisor.com/Restaurant_Review-g186338-d4593408-Reviews-The_Grove-London_England.html,London_England
733594,Caviar_House_Prunier,https://www.tripadvisor.com/Restaurant_Review-g186338-d733594-Reviews-Caviar_House_Prunier-London_England.html,London_England
1146674,Ciao_Bella,https://www.tripadvisor.com/Restaurant_Review-g186338-d1146674-Reviews-Ciao_Bella-London_England.html,London_England
5778563,St_James_Bar,https://www.tripadvisor.com/Restaurant_Review-g186338-d5778563-Reviews-St_James_Bar-London_England.html,London_England
1385619,Brasserie_Blanc_Chancery_Lane,https://www.tripadvisor.com/Restaurant_Review-g186338-d1385619-Reviews-Brasserie_Blanc_Chancery_Lane-London_England.html,London_England
6981563,Two_One_Four,https://www.tripadvisor.com/Restaurant_Review-g186338-d6981563-Reviews-Two_One_Four-London_England.html,London_England
3532819,Banana_Tree,https://www.tripadvisor.com/Restaurant_Review-g186338-d3532819-Reviews-Banana_Tree-London_England.html,London_England
720063,Mohsen,https://www.tripadvisor.com/Restaurant_Review-g186338-d720063-Reviews-Mohsen-London_England.html,London_England
1421098,FishWorks,https://www.tripadvisor.com/Restaurant_Review-g186338-d1421098-Reviews-FishWorks-London_England.html,London_England
1317348,Mughal_s,https://www.tripadvisor.com/Restaurant_Review-g186338-d1317348-Reviews-Mughal_s-London_England.html,London_England
1075911,Cote_Brasserie_Wimbledon,https://www.tripadvisor.com/Restaurant_Review-g186338-d1075911-Reviews-Cote_Brasserie_Wimbledon-London_England.html,London_England
1513401,Spaghetti_House_Woodstock_Street,https://www.tripadvisor.com/Restaurant_Review-g186338-d1513401-Reviews-Spaghetti_House_Woodstock_Street-London_England.html,London_England
929505,New_Fortune_Cookie,https://www.tripadvisor.com/Restaurant_Review-g186338-d929505-Reviews-New_Fortune_Cookie-London_England.html,London_England
694222,Avenue_Restaurant_Bar,https://www.tripadvisor.com/Restaurant_Review-g186338-d694222-Reviews-Avenue_Restaurant_Bar-London_England.html,London_England
3493830,The_Real_Greek,https://www.tripadvisor.com/Restaurant_Review-g186338-d3493830-Reviews-The_Real_Greek-London_England.html,London_England
2074032,Ship_Shovell,https://www.tripadvisor.com/Restaurant_Review-g186338-d2074032-Reviews-Ship_Shovell-London_England.html,London_England
12880340,Ichibuns,https://www.tripadvisor.com/Restaurant_Review-g186338-d12880340-Reviews-Ichibuns-London_England.html,London_England
1021848,Gaucho_Canary_Wharf,https://www.tripadvisor.com/Restaurant_Review-g186338-d1021848-Reviews-Gaucho_Canary_Wharf-London_England.html,London_England
3407421,The_Red_Lion,https://www.tripadvisor.com/Restaurant_Review-g186338-d3407421-Reviews-The_Red_Lion-London_England.html,London_England
7033990,Bierschenke,https://www.tripadvisor.com/Restaurant_Review-g186338-d7033990-Reviews-Bierschenke-London_England.html,London_England
2297973,Byward_Kitchen_and_Bar,https://www.tripadvisor.com/Restaurant_Review-g186338-d2297973-Reviews-Byward_Kitchen_and_Bar-London_England.html,London_England
14139591,The_Fox_Pheasant,https://www.tripadvisor.com/Restaurant_Review-g186338-d14139591-Reviews-The_Fox_Pheasant-London_England.html,London_England
6892254,Toro_Gordo,https://www.tripadvisor.com/Restaurant_Review-g186338-d6892254-Reviews-Toro_Gordo-London_England.html,London_England
14887461,50_Kalo_di_Ciro_Salvo,https://www.tripadvisor.com/Restaurant_Review-g186338-d14887461-Reviews-50_Kalo_di_Ciro_Salvo-London_England.html,London_England
2535399,Briciole,https://www.tripadvisor.com/Restaurant_Review-g186338-d2535399-Reviews-Briciole-London_England.html,London_England
2174073,Bar_Bruno,https://www.tripadvisor.com/Restaurant_Review-g186338-d2174073-Reviews-Bar_Bruno-London_England.html,London_England
9981016,Table_Du_Marche,https://www.tripadvisor.com/Restaurant_Review-g186338-d9981016-Reviews-Table_Du_Marche-London_England.html,London_England
5929722,BrewDog_Shepherd_s_Bush,https://www.tripadvisor.com/Restaurant_Review-g186338-d5929722-Reviews-BrewDog_Shepherd_s_Bush-London_England.html,London_England
15117256,Caractere,https://www.tripadvisor.com/Restaurant_Review-g186338-d15117256-Reviews-Caractere-London_England.html,London_England
13206404,Sophie_s,https://www.tripadvisor.com/Restaurant_Review-g186338-d13206404-Reviews-Sophie_s-London_England.html,London_England
680315,Da_Corradi,https://www.tripadvisor.com/Restaurant_Review-g186338-d680315-Reviews-Da_Corradi-London_England.html,London_England
1474971,Royal_Court_Bar_Kitchen,https://www.tripadvisor.com/Restaurant_Review-g186338-d1474971-Reviews-Royal_Court_Bar_Kitchen-London_England.html,London_England
2471152,Pizarro_Restaurant,https://www.tripadvisor.com/Restaurant_Review-g186338-d2471152-Reviews-Pizarro_Restaurant-London_England.html,London_England
1043836,Anacapri,https://www.tripadvisor.com/Restaurant_Review-g186338-d1043836-Reviews-Anacapri-London_England.html,London_England
3601479,The_Honest_Italian,https://www.tripadvisor.com/Restaurant_Review-g186338-d3601479-Reviews-The_Honest_Italian-London_England.html,London_England
720607,Standard_Balti_House,https://www.tripadvisor.com/Restaurant_Review-g186338-d720607-Reviews-Standard_Balti_House-London_England.html,London_England
4739451,The_Marylebone_Hotel_Restaurant,https://www.tripadvisor.com/Restaurant_Review-g186338-d4739451-Reviews-The_Marylebone_Hotel_Restaurant-London_England.html,London_England
1044449,The_Mitre_in_Lancaster_Gate,https://www.tripadvisor.com/Restaurant_Review-g186338-d1044449-Reviews-The_Mitre_in_Lancaster_Gate-London_England.html,London_England
2405481,Carpe_Diem,https://www.tripadvisor.com/Restaurant_Review-g186338-d2405481-Reviews-Carpe_Diem-London_England.html,London_England
3450722,Mimmo_La_Bufala,https://www.tripadvisor.com/Restaurant_Review-g186338-d3450722-Reviews-Mimmo_La_Bufala-London_England.html,London_England
1503621,The_Three_Greyhounds,https://www.tripadvisor.com/Restaurant_Review-g186338-d1503621-Reviews-The_Three_Greyhounds-London_England.html,London_England
6694344,Burger_and_Lobster_Oxford_Circus,https://www.tripadvisor.com/Restaurant_Review-g186338-d6694344-Reviews-Burger_and_Lobster_Oxford_Circus-London_England.html,London_England
8772275,Gunpowder,https://www.tripadvisor.com/Restaurant_Review-g186338-d8772275-Reviews-Gunpowder-London_England.html,London_England
13174553,Heroica_Lounge,https://www.tripadvisor.com/Restaurant_Review-g186338-d13174553-Reviews-Heroica_Lounge-London_England.html,London_England
2371412,Banana_Tree_Soho,https://www.tripadvisor.com/Restaurant_Review-g186338-d2371412-Reviews-Banana_Tree_Soho-London_England.html,London_England
10504112,Sorrento_In,https://www.tripadvisor.com/Restaurant_Review-g186338-d10504112-Reviews-Sorrento_In-London_England.html,London_England
5517470,Cafe_Murano_St_James,https://www.tripadvisor.com/Restaurant_Review-g186338-d5517470-Reviews-Cafe_Murano_St_James-London_England.html,London_England
14241592,Vespa_Italian_Restaurant,https://www.tripadvisor.com/Restaurant_Review-g186338-d14241592-Reviews-Vespa_Italian_Restaurant-London_England.html,London_England
1746994,The_Old_Bank_of_England,https://www.tripadvisor.com/Restaurant_Review-g186338-d1746994-Reviews-The_Old_Bank_of_England-London_England.html,London_England
3647079,Barrio_Shoreditch,https://www.tripadvisor.com/Restaurant_Review-g186338-d3647079-Reviews-Barrio_Shoreditch-London_England.html,London_England
2012103,Elementree,https://www.tripadvisor.com/Restaurant_Review-g186338-d2012103-Reviews-Elementree-London_England.html,London_England
2373977,The_Quality_Chop_House,https://www.tripadvisor.com/Restaurant_Review-g186338-d2373977-Reviews-The_Quality_Chop_House-London_England.html,London_England
10501693,Texas_Joe_s_Slow_Smoked_Meats,https://www.tripadvisor.com/Restaurant_Review-g186338-d10501693-Reviews-Texas_Joe_s_Slow_Smoked_Meats-London_England.html,London_England
14160462,Caravan_Fitzrovia,https://www.tripadvisor.com/Restaurant_Review-g186338-d14160462-Reviews-Caravan_Fitzrovia-London_England.html,London_England
733537,Bentley_s_Oyster_Bar_Grill,https://www.tripadvisor.com/Restaurant_Review-g186338-d733537-Reviews-Bentley_s_Oyster_Bar_Grill-London_England.html,London_England
12513729,Piebury_Corner_Kings_Cross,https://www.tripadvisor.com/Restaurant_Review-g186338-d12513729-Reviews-Piebury_Corner_Kings_Cross-London_England.html,London_England
733278,The_Enterprise,https://www.tripadvisor.com/Restaurant_Review-g186338-d733278-Reviews-The_Enterprise-London_England.html,London_England
13966020,Hide,https://www.tripadvisor.com/Restaurant_Review-g186338-d13966020-Reviews-Hide-London_England.html,London_England
4697744,Hand_in_Hand,https://www.tripadvisor.com/Restaurant_Review-g186338-d4697744-Reviews-Hand_in_Hand-London_England.html,London_England
3459149,Dama_de_Elche,https://www.tripadvisor.com/Restaurant_Review-g186338-d3459149-Reviews-Dama_de_Elche-London_England.html,London_England
680383,Brasserie_Blanc,https://www.tripadvisor.com/Restaurant_Review-g186338-d680383-Reviews-Brasserie_Blanc-London_England.html,London_England
1657322,Le_Pont_de_la_Tour,https://www.tripadvisor.com/Restaurant_Review-g186338-d1657322-Reviews-Le_Pont_de_la_Tour-London_England.html,London_England
10629623,Absurd_Bird_Soho,https://www.tripadvisor.com/Restaurant_Review-g186338-d10629623-Reviews-Absurd_Bird_Soho-London_England.html,London_England
2429542,34_Mayfair,https://www.tripadvisor.com/Restaurant_Review-g186338-d2429542-Reviews-34_Mayfair-London_England.html,London_England
1123396,Little_Sardegna,https://www.tripadvisor.com/Restaurant_Review-g186338-d1123396-Reviews-Little_Sardegna-London_England.html,London_England
719681,Le_Cafe_du_Marche,https://www.tripadvisor.com/Restaurant_Review-g186338-d719681-Reviews-Le_Cafe_du_Marche-London_England.html,London_England
717951,Cambio_de_Tercio,https://www.tripadvisor.com/Restaurant_Review-g186338-d717951-Reviews-Cambio_de_Tercio-London_England.html,London_England
3832761,La_Cafeteria,https://www.tripadvisor.com/Restaurant_Review-g186338-d3832761-Reviews-La_Cafeteria-London_England.html,London_England
3386306,Wahaca,https://www.tripadvisor.com/Restaurant_Review-g186338-d3386306-Reviews-Wahaca-London_England.html,London_England
795283,The_White_Lion,https://www.tripadvisor.com/Restaurant_Review-g186338-d795283-Reviews-The_White_Lion-London_England.html,London_England
720841,Tokyo_Diner,https://www.tripadvisor.com/Restaurant_Review-g186338-d720841-Reviews-Tokyo_Diner-London_England.html,London_England
12321968,Chapati_Club,https://www.tripadvisor.com/Restaurant_Review-g186338-d12321968-Reviews-Chapati_Club-London_England.html,London_England
1113251,Kokeb_Ethiopian_Restaurant,https://www.tripadvisor.com/Restaurant_Review-g186338-d1113251-Reviews-Kokeb_Ethiopian_Restaurant-London_England.html,London_England
1014046,Bellamy_s_Restaurant,https://www.tripadvisor.com/Restaurant_Review-g186338-d1014046-Reviews-Bellamy_s_Restaurant-London_England.html,London_England
940496,Annie_s_Restaurant_Chiswick,https://www.tripadvisor.com/Restaurant_Review-g186338-d940496-Reviews-Annie_s_Restaurant_Chiswick-London_England.html,London_England
1133841,Mother_Mash,https://www.tripadvisor.com/Restaurant_Review-g186338-d1133841-Reviews-Mother_Mash-London_England.html,London_England
2001791,Cocochan,https://www.tripadvisor.com/Restaurant_Review-g186338-d2001791-Reviews-Cocochan-London_England.html,London_England
3324188,Cafe_Ishaq,https://www.tripadvisor.com/Restaurant_Review-g186338-d3324188-Reviews-Cafe_Ishaq-London_England.html,London_England
3710291,The_Clarence_in_Mayfair,https://www.tripadvisor.com/Restaurant_Review-g186338-d3710291-Reviews-The_Clarence_in_Mayfair-London_England.html,London_England
2470775,Com_Viet,https://www.tripadvisor.com/Restaurant_Review-g186338-d2470775-Reviews-Com_Viet-London_England.html,London_England
1071986,The_Punchbowl,https://www.tripadvisor.com/Restaurant_Review-g186338-d1071986-Reviews-The_Punchbowl-London_England.html,London_England
3916918,L_Antica_Pizzeria,https://www.tripadvisor.com/Restaurant_Review-g186338-d3916918-Reviews-L_Antica_Pizzeria-London_England.html,London_England
2000083,Wright_Brothers_Soho,https://www.tripadvisor.com/Restaurant_Review-g186338-d2000083-Reviews-Wright_Brothers_Soho-London_England.html,London_England
733277,The_Wells_Tavern,https://www.tripadvisor.com/Restaurant_Review-g186338-d733277-Reviews-The_Wells_Tavern-London_England.html,London_England
2089099,Jamon_Jamon,https://www.tripadvisor.com/Restaurant_Review-g186338-d2089099-Reviews-Jamon_Jamon-London_England.html,London_England
1017726,Saigon_Saigon,https://www.tripadvisor.com/Restaurant_Review-g186338-d1017726-Reviews-Saigon_Saigon-London_England.html,London_England
1389723,Paternoster_Chop_House,https://www.tripadvisor.com/Restaurant_Review-g186338-d1389723-Reviews-Paternoster_Chop_House-London_England.html,London_England
1019017,Patara_Knightsbridge,https://www.tripadvisor.com/Restaurant_Review-g186338-d1019017-Reviews-Patara_Knightsbridge-London_England.html,London_England
4771896,Pret_A_Manger,https://www.tripadvisor.com/Restaurant_Review-g186338-d4771896-Reviews-Pret_A_Manger-London_England.html,London_England
1734132,Ajanta,https://www.tripadvisor.com/Restaurant_Review-g186338-d1734132-Reviews-Ajanta-London_England.html,London_England
4675388,Happiness_Forgets,https://www.tripadvisor.com/Restaurant_Review-g186338-d4675388-Reviews-Happiness_Forgets-London_England.html,London_England
4981784,Gymkhana,https://www.tripadvisor.com/Restaurant_Review-g186338-d4981784-Reviews-Gymkhana-London_England.html,London_England
6845113,Arabica_Bar_Kitchen,https://www.tripadvisor.com/Restaurant_Review-g186338-d6845113-Reviews-Arabica_Bar_Kitchen-London_England.html,London_England
7744413,Darwin_Brasserie,https://www.tripadvisor.com/Restaurant_Review-g186338-d7744413-Reviews-Darwin_Brasserie-London_England.html,London_England
2256991,Hung_Drawn_Quartered,https://www.tripadvisor.com/Restaurant_Review-g186338-d2256991-Reviews-Hung_Drawn_Quartered-London_England.html,London_England
3663396,GAIL_s_Bakery_Bloomsbury,https://www.tripadvisor.com/Restaurant_Review-g186338-d3663396-Reviews-GAIL_s_Bakery_Bloomsbury-London_England.html,London_England
2479174,Dial_Arch,https://www.tripadvisor.com/Restaurant_Review-g186338-d2479174-Reviews-Dial_Arch-London_England.html,London_England
734192,Olivelli_Waterloo,https://www.tripadvisor.com/Restaurant_Review-g186338-d734192-Reviews-Olivelli_Waterloo-London_England.html,London_England
8326503,Istanbul_Restaurant,https://www.tripadvisor.com/Restaurant_Review-g186338-d8326503-Reviews-Istanbul_Restaurant-London_England.html,London_England
796277,A_Toca_Restaurant,https://www.tripadvisor.com/Restaurant_Review-g186338-d796277-Reviews-A_Toca_Restaurant-London_England.html,London_England
7342347,Hudson_s_House,https://www.tripadvisor.com/Restaurant_Review-g186338-d7342347-Reviews-Hudson_s_House-London_England.html,London_England
2627296,La_Patagonia,https://www.tripadvisor.com/Restaurant_Review-g186338-d2627296-Reviews-La_Patagonia-London_England.html,London_England
731154,Sarastro,https://www.tripadvisor.com/Restaurant_Review-g186338-d731154-Reviews-Sarastro-London_England.html,London_England
866455,A_Torre,https://www.tripadvisor.com/Restaurant_Review-g186338-d866455-Reviews-A_Torre-London_England.html,London_England
731402,The_Wolseley,https://www.tripadvisor.com/Restaurant_Review-g186338-d731402-Reviews-The_Wolseley-London_England.html,London_England
4794818,Pret_A_Manger,https://www.tripadvisor.com/Restaurant_Review-g186338-d4794818-Reviews-Pret_A_Manger-London_England.html,London_England
11014388,Meridionale,https://www.tripadvisor.com/Restaurant_Review-g186338-d11014388-Reviews-Meridionale-London_England.html,London_England
3459539,Cicchetti,https://www.tripadvisor.com/Restaurant_Review-g186338-d3459539-Reviews-Cicchetti-London_England.html,London_England
5775323,Burger_and_Lobster_at_Harvey_Nichols,https://www.tripadvisor.com/Restaurant_Review-g186338-d5775323-Reviews-Burger_and_Lobster_at_Harvey_Nichols-London_England.html,London_England
911399,The_Thomas_Cubitt,https://www.tripadvisor.com/Restaurant_Review-g186338-d911399-Reviews-The_Thomas_Cubitt-London_England.html,London_England
5888154,Leggero,https://www.tripadvisor.com/Restaurant_Review-g186338-d5888154-Reviews-Leggero-London_England.html,London_England
1381783,The_Alfred_Tennyson,https://www.tripadvisor.com/Restaurant_Review-g186338-d1381783-Reviews-The_Alfred_Tennyson-London_England.html,London_England
7806502,MOC_Kitchen,https://www.tripadvisor.com/Restaurant_Review-g186338-d7806502-Reviews-MOC_Kitchen-London_England.html,London_England
15590980,Pizzeria_Pellone_London,https://www.tripadvisor.com/Restaurant_Review-g186338-d15590980-Reviews-Pizzeria_Pellone_London-London_England.html,London_England
15182333,Harry_s_Bar,https://www.tripadvisor.com/Restaurant_Review-g186338-d15182333-Reviews-Harry_s_Bar-London_England.html,London_England
731387,The_Frontline_Club,https://www.tripadvisor.com/Restaurant_Review-g186338-d731387-Reviews-The_Frontline_Club-London_England.html,London_England
12492163,Boxcar_Bar_Kitchen,https://www.tripadvisor.com/Restaurant_Review-g186338-d12492163-Reviews-Boxcar_Bar_Kitchen-London_England.html,London_England
4547166,Cote_Brasserie_St_Katharine_Docks,https://www.tripadvisor.com/Restaurant_Review-g186338-d4547166-Reviews-Cote_Brasserie_St_Katharine_Docks-London_England.html,London_England
3174912,Byron_Waterloo,https://www.tripadvisor.com/Restaurant_Review-g186338-d3174912-Reviews-Byron_Waterloo-London_England.html,London_England
4724966,Chop_Shop,https://www.tripadvisor.com/Restaurant_Review-g186338-d4724966-Reviews-Chop_Shop-London_England.html,London_England
5815382,Masters,https://www.tripadvisor.com/Restaurant_Review-g186338-d5815382-Reviews-Masters-London_England.html,London_England
14064365,Hotaru,https://www.tripadvisor.com/Restaurant_Review-g186338-d14064365-Reviews-Hotaru-London_England.html,London_England
1316208,The_Mawson_Arms,https://www.tripadvisor.com/Restaurant_Review-g186338-d1316208-Reviews-The_Mawson_Arms-London_England.html,London_England
2044154,Cote_Brasserie_St_Pauls,https://www.tripadvisor.com/Restaurant_Review-g186338-d2044154-Reviews-Cote_Brasserie_St_Pauls-London_England.html,London_England
717810,Bistrotheque,https://www.tripadvisor.com/Restaurant_Review-g186338-d717810-Reviews-Bistrotheque-London_England.html,London_England
3308095,Jack_s_at_the_Junction,https://www.tripadvisor.com/Restaurant_Review-g186338-d3308095-Reviews-Jack_s_at_the_Junction-London_England.html,London_England
1018563,La_Fiamma,https://www.tripadvisor.com/Restaurant_Review-g186338-d1018563-Reviews-La_Fiamma-London_England.html,London_England
1791579,Trullo,https://www.tripadvisor.com/Restaurant_Review-g186338-d1791579-Reviews-Trullo-London_England.html,London_England
719389,Joe_Allen,https://www.tripadvisor.com/Restaurant_Review-g186338-d719389-Reviews-Joe_Allen-London_England.html,London_England
1481009,The_Mitre,https://www.tripadvisor.com/Restaurant_Review-g186338-d1481009-Reviews-The_Mitre-London_England.html,London_England
7284966,The_Ivy_Market_Grill,https://www.tripadvisor.com/Restaurant_Review-g186338-d7284966-Reviews-The_Ivy_Market_Grill-London_England.html,London_England
2423568,Buenos_Aires_Argentine_Steakhouse,https://www.tripadvisor.com/Restaurant_Review-g186338-d2423568-Reviews-Buenos_Aires_Argentine_Steakhouse-London_England.html,London_England
1017384,Mangal,https://www.tripadvisor.com/Restaurant_Review-g186338-d1017384-Reviews-Mangal-London_England.html,London_England
7014680,PIX,https://www.tripadvisor.com/Restaurant_Review-g186338-d7014680-Reviews-PIX-London_England.html,London_England
2507984,Colonies,https://www.tripadvisor.com/Restaurant_Review-g186338-d2507984-Reviews-Colonies-London_England.html,London_England
2490203,Cabana_Covent_Garden,https://www.tripadvisor.com/Restaurant_Review-g186338-d2490203-Reviews-Cabana_Covent_Garden-London_England.html,London_England
11779746,Caravan,https://www.tripadvisor.com/Restaurant_Review-g186338-d11779746-Reviews-Caravan-London_England.html,London_England
844576,The_Bountiful_Cow,https://www.tripadvisor.com/Restaurant_Review-g186338-d844576-Reviews-The_Bountiful_Cow-London_England.html,London_England
3806272,The_Fish_House_of_Notting_Hill,https://www.tripadvisor.com/Restaurant_Review-g186338-d3806272-Reviews-The_Fish_House_of_Notting_Hill-London_England.html,London_England
10281508,Chit_Chaat_Chai,https://www.tripadvisor.com/Restaurant_Review-g186338-d10281508-Reviews-Chit_Chaat_Chai-London_England.html,London_England
731547,Wahaca_Soho,https://www.tripadvisor.com/Restaurant_Review-g186338-d731547-Reviews-Wahaca_Soho-London_England.html,London_England
8686879,Burger_Lobster,https://www.tripadvisor.com/Restaurant_Review-g186338-d8686879-Reviews-Burger_Lobster-London_England.html,London_England
1385648,Bistro_1_Frith_Street,https://www.tripadvisor.com/Restaurant_Review-g186338-d1385648-Reviews-Bistro_1_Frith_Street-London_England.html,London_England
2006413,Artisan_Grill,https://www.tripadvisor.com/Restaurant_Review-g186338-d2006413-Reviews-Artisan_Grill-London_England.html,London_England
731557,Olivomare,https://www.tripadvisor.com/Restaurant_Review-g186338-d731557-Reviews-Olivomare-London_England.html,London_England
780116,Jin_Kichi,https://www.tripadvisor.com/Restaurant_Review-g186338-d780116-Reviews-Jin_Kichi-London_England.html,London_England
777620,Salaam_Namaste,https://www.tripadvisor.com/Restaurant_Review-g186338-d777620-Reviews-Salaam_Namaste-London_England.html,London_England
719346,Ichi_Riki,https://www.tripadvisor.com/Restaurant_Review-g186338-d719346-Reviews-Ichi_Riki-London_England.html,London_England
2253769,Cote_Brasserie_Chiswick,https://www.tripadvisor.com/Restaurant_Review-g186338-d2253769-Reviews-Cote_Brasserie_Chiswick-London_England.html,London_England
1936737,The_Chapel_Bar,https://www.tripadvisor.com/Restaurant_Review-g186338-d1936737-Reviews-The_Chapel_Bar-London_England.html,London_England
10464167,Blandford_Comptoir,https://www.tripadvisor.com/Restaurant_Review-g186338-d10464167-Reviews-Blandford_Comptoir-London_England.html,London_England
1495364,Museum_Tavern,https://www.tripadvisor.com/Restaurant_Review-g186338-d1495364-Reviews-Museum_Tavern-London_England.html,London_England
698174,Al_Duca,https://www.tripadvisor.com/Restaurant_Review-g186338-d698174-Reviews-Al_Duca-London_England.html,London_England
12316301,Dirty_Bones_Soho,https://www.tripadvisor.com/Restaurant_Review-g186338-d12316301-Reviews-Dirty_Bones_Soho-London_England.html,London_England
6962366,FINCHLEY_KITCHEN,https://www.tripadvisor.com/Restaurant_Review-g186338-d6962366-Reviews-FINCHLEY_KITCHEN-London_England.html,London_England
1015979,Duke_of_York,https://www.tripadvisor.com/Restaurant_Review-g186338-d1015979-Reviews-Duke_of_York-London_England.html,London_England
2414962,Granger_Co,https://www.tripadvisor.com/Restaurant_Review-g186338-d2414962-Reviews-Granger_Co-London_England.html,London_England
719734,The_Wet_Fish_Cafe,https://www.tripadvisor.com/Restaurant_Review-g186338-d719734-Reviews-The_Wet_Fish_Cafe-London_England.html,London_England
7158643,San_Carlo_Cicchetti_Covent_Garden,https://www.tripadvisor.com/Restaurant_Review-g186338-d7158643-Reviews-San_Carlo_Cicchetti_Covent_Garden-London_England.html,London_England
2488909,Lily_Tandoori,https://www.tripadvisor.com/Restaurant_Review-g186338-d2488909-Reviews-Lily_Tandoori-London_England.html,London_England
720501,Sartoria,https://www.tripadvisor.com/Restaurant_Review-g186338-d720501-Reviews-Sartoria-London_England.html,London_England
2051778,Galvin_Bistrot_Bar,https://www.tripadvisor.com/Restaurant_Review-g186338-d2051778-Reviews-Galvin_Bistrot_Bar-London_England.html,London_England
2164836,Cote_Brasserie_St_Martin_s_Lane,https://www.tripadvisor.com/Restaurant_Review-g186338-d2164836-Reviews-Cote_Brasserie_St_Martin_s_Lane-London_England.html,London_England
967477,Delfino,https://www.tripadvisor.com/Restaurant_Review-g186338-d967477-Reviews-Delfino-London_England.html,London_England
7937195,Percy_Founders,https://www.tripadvisor.com/Restaurant_Review-g186338-d7937195-Reviews-Percy_Founders-London_England.html,London_England
12332204,Franco_bar_kitchen,https://www.tripadvisor.com/Restaurant_Review-g186338-d12332204-Reviews-Franco_bar_kitchen-London_England.html,London_England
731363,Joanna_s,https://www.tripadvisor.com/Restaurant_Review-g186338-d731363-Reviews-Joanna_s-London_England.html,London_England
3896790,Balthazar,https://www.tripadvisor.com/Restaurant_Review-g186338-d3896790-Reviews-Balthazar-London_England.html,London_England
2002917,Custom_House_Pub,https://www.tripadvisor.com/Restaurant_Review-g186338-d2002917-Reviews-Custom_House_Pub-London_England.html,London_England
8663792,Egg_Break,https://www.tripadvisor.com/Restaurant_Review-g186338-d8663792-Reviews-Egg_Break-London_England.html,London_England
3380704,The_Delaunay_Counter,https://www.tripadvisor.com/Restaurant_Review-g186338-d3380704-Reviews-The_Delaunay_Counter-London_England.html,London_England
7203678,Shoryu_Carnaby,https://www.tripadvisor.com/Restaurant_Review-g186338-d7203678-Reviews-Shoryu_Carnaby-London_England.html,London_England
731394,The_Porterhouse_Covent_Garden,https://www.tripadvisor.com/Restaurant_Review-g186338-d731394-Reviews-The_Porterhouse_Covent_Garden-London_England.html,London_England
2012290,Bella_Italia,https://www.tripadvisor.com/Restaurant_Review-g186338-d2012290-Reviews-Bella_Italia-London_England.html,London_England
719989,Manna_London,https://www.tripadvisor.com/Restaurant_Review-g186338-d719989-Reviews-Manna_London-London_England.html,London_England
2711744,Cacciari_s,https://www.tripadvisor.com/Restaurant_Review-g186338-d2711744-Reviews-Cacciari_s-London_England.html,London_England
15111405,Pizza_Pilgrims,https://www.tripadvisor.com/Restaurant_Review-g186338-d15111405-Reviews-Pizza_Pilgrims-London_England.html,London_England
2519129,Kilis_Kitchen,https://www.tripadvisor.com/Restaurant_Review-g186338-d2519129-Reviews-Kilis_Kitchen-London_England.html,London_England
8782212,Pho_Bun,https://www.tripadvisor.com/Restaurant_Review-g186338-d8782212-Reviews-Pho_Bun-London_England.html,London_England
717970,Carmen_Tapas,https://www.tripadvisor.com/Restaurant_Review-g186338-d717970-Reviews-Carmen_Tapas-London_England.html,London_England
776283,Satay_House,https://www.tripadvisor.com/Restaurant_Review-g186338-d776283-Reviews-Satay_House-London_England.html,London_England
11912469,Moor_Hitch,https://www.tripadvisor.com/Restaurant_Review-g186338-d11912469-Reviews-Moor_Hitch-London_England.html,London_England
4311625,The_Drawing_Rooms,https://www.tripadvisor.com/Restaurant_Review-g186338-d4311625-Reviews-The_Drawing_Rooms-London_England.html,London_England
5262782,Noura,https://www.tripadvisor.com/Restaurant_Review-g186338-d5262782-Reviews-Noura-London_England.html,London_England
12003615,Aksular_Restaurant,https://www.tripadvisor.com/Restaurant_Review-g186338-d12003615-Reviews-Aksular_Restaurant-London_England.html,London_England
1516578,Bistro_Benito,https://www.tripadvisor.com/Restaurant_Review-g186338-d1516578-Reviews-Bistro_Benito-London_England.html,London_England
16656262,Bar_Block,https://www.tripadvisor.com/Restaurant_Review-g186338-d16656262-Reviews-Bar_Block-London_England.html,London_England
2338441,Ping_Pong_Bow_Bells_House,https://www.tripadvisor.com/Restaurant_Review-g186338-d2338441-Reviews-Ping_Pong_Bow_Bells_House-London_England.html,London_England
7345750,Sky_Pod_Bar,https://www.tripadvisor.com/Restaurant_Review-g186338-d7345750-Reviews-Sky_Pod_Bar-London_England.html,London_England
1044372,Leinster_Arms,https://www.tripadvisor.com/Restaurant_Review-g186338-d1044372-Reviews-Leinster_Arms-London_England.html,London_England
1491952,Swan_at_Shakespeare_s_Globe,https://www.tripadvisor.com/Restaurant_Review-g186338-d1491952-Reviews-Swan_at_Shakespeare_s_Globe-London_England.html,London_England
3963036,Burger_Lobster_City,https://www.tripadvisor.com/Restaurant_Review-g186338-d3963036-Reviews-Burger_Lobster_City-London_England.html,London_England
17209864,Tower_Mangal,https://www.tripadvisor.com/Restaurant_Review-g186338-d17209864-Reviews-Tower_Mangal-London_England.html,London_England
720819,The_Yellow_House_Bar_Kitchen,https://www.tripadvisor.com/Restaurant_Review-g186338-d720819-Reviews-The_Yellow_House_Bar_Kitchen-London_England.html,London_England
3640498,Cafe_12,https://www.tripadvisor.com/Restaurant_Review-g186338-d3640498-Reviews-Cafe_12-London_England.html,London_England
12873054,Miller_Carter,https://www.tripadvisor.com/Restaurant_Review-g186338-d12873054-Reviews-Miller_Carter-London_England.html,London_England
680380,Strada_Southbank,https://www.tripadvisor.com/Restaurant_Review-g186338-d680380-Reviews-Strada_Southbank-London_England.html,London_England
733511,All_Bar_One_St_Pauls,https://www.tripadvisor.com/Restaurant_Review-g186338-d733511-Reviews-All_Bar_One_St_Pauls-London_England.html,London_England
12947350,Bowling_Bird,https://www.tripadvisor.com/Restaurant_Review-g186338-d12947350-Reviews-Bowling_Bird-London_England.html,London_England
5776914,Ember_Yard,https://www.tripadvisor.com/Restaurant_Review-g186338-d5776914-Reviews-Ember_Yard-London_England.html,London_England
719005,The_Gate_Hammersmith,https://www.tripadvisor.com/Restaurant_Review-g186338-d719005-Reviews-The_Gate_Hammersmith-London_England.html,London_England
720979,Zafferano,https://www.tripadvisor.com/Restaurant_Review-g186338-d720979-Reviews-Zafferano-London_England.html,London_England
14045944,Cornerstone,https://www.tripadvisor.com/Restaurant_Review-g186338-d14045944-Reviews-Cornerstone-London_England.html,London_England
11776186,Poppies_Fish_Chips,https://www.tripadvisor.com/Restaurant_Review-g186338-d11776186-Reviews-Poppies_Fish_Chips-London_England.html,London_England
783341,St_John_Bread_and_Wine,https://www.tripadvisor.com/Restaurant_Review-g186338-d783341-Reviews-St_John_Bread_and_Wine-London_England.html,London_England
3674055,Burger_and_Shake,https://www.tripadvisor.com/Restaurant_Review-g186338-d3674055-Reviews-Burger_and_Shake-London_England.html,London_England
1019002,Le_Restaurant_de_Paul,https://www.tripadvisor.com/Restaurant_Review-g186338-d1019002-Reviews-Le_Restaurant_de_Paul-London_England.html,London_England
2484466,Forty_Dean_Street,https://www.tripadvisor.com/Restaurant_Review-g186338-d2484466-Reviews-Forty_Dean_Street-London_England.html,London_England
2223860,The_Drift,https://www.tripadvisor.com/Restaurant_Review-g186338-d2223860-Reviews-The_Drift-London_England.html,London_England
785680,Halepi,https://www.tripadvisor.com/Restaurant_Review-g186338-d785680-Reviews-Halepi-London_England.html,London_England
1380820,One_Twenty_One_Two_Restaurant,https://www.tripadvisor.com/Restaurant_Review-g186338-d1380820-Reviews-One_Twenty_One_Two_Restaurant-London_England.html,London_England
3135915,The_Market_Porter,https://www.tripadvisor.com/Restaurant_Review-g186338-d3135915-Reviews-The_Market_Porter-London_England.html,London_England
4913161,Pret_A_Manger,https://www.tripadvisor.com/Restaurant_Review-g186338-d4913161-Reviews-Pret_A_Manger-London_England.html,London_England
10814479,Heist_Bank,https://www.tripadvisor.com/Restaurant_Review-g186338-d10814479-Reviews-Heist_Bank-London_England.html,London_England
737397,The_Builders_Arms_Kensington,https://www.tripadvisor.com/Restaurant_Review-g186338-d737397-Reviews-The_Builders_Arms_Kensington-London_England.html,London_England
2173394,Jerusalem_Tavern,https://www.tripadvisor.com/Restaurant_Review-g186338-d2173394-Reviews-Jerusalem_Tavern-London_England.html,London_England
2560681,The_Breakfast_Club,https://www.tripadvisor.com/Restaurant_Review-g186338-d2560681-Reviews-The_Breakfast_Club-London_England.html,London_England
2693579,Garfunkel_s_Restaurant,https://www.tripadvisor.com/Restaurant_Review-g186338-d2693579-Reviews-Garfunkel_s_Restaurant-London_England.html,London_England
12992848,Flour_Grape,https://www.tripadvisor.com/Restaurant_Review-g186338-d12992848-Reviews-Flour_Grape-London_England.html,London_England
1674921,Tukdin,https://www.tripadvisor.com/Restaurant_Review-g186338-d1674921-Reviews-Tukdin-London_England.html,London_England
1571631,Santore,https://www.tripadvisor.com/Restaurant_Review-g186338-d1571631-Reviews-Santore-London_England.html,London_England
6697947,Fischer_s,https://www.tripadvisor.com/Restaurant_Review-g186338-d6697947-Reviews-Fischer_s-London_England.html,London_England
4925730,Curry_Leaves,https://www.tripadvisor.com/Restaurant_Review-g186338-d4925730-Reviews-Curry_Leaves-London_England.html,London_England
3461228,Prezzo_Italian_Restaurant_London_King_s_Cross,https://www.tripadvisor.com/Restaurant_Review-g186338-d3461228-Reviews-Prezzo_Italian_Restaurant_London_King_s_Cross-London_England.html,London_England
1385603,Cafe_Rouge_Hays_Galleria,https://www.tripadvisor.com/Restaurant_Review-g186338-d1385603-Reviews-Cafe_Rouge_Hays_Galleria-London_England.html,London_England
6615954,Ting_Restaurant_Lounge,https://www.tripadvisor.com/Restaurant_Review-g186338-d6615954-Reviews-Ting_Restaurant_Lounge-London_England.html,London_England
1122597,The_Palm_Court,https://www.tripadvisor.com/Restaurant_Review-g186338-d1122597-Reviews-The_Palm_Court-London_England.html,London_England
719237,Golden_Hind,https://www.tripadvisor.com/Restaurant_Review-g186338-d719237-Reviews-Golden_Hind-London_England.html,London_England
5439908,Cafe_Route,https://www.tripadvisor.com/Restaurant_Review-g186338-d5439908-Reviews-Cafe_Route-London_England.html,London_England
1044620,Sichuan_Folk_Chinese_Restaurant,https://www.tripadvisor.com/Restaurant_Review-g186338-d1044620-Reviews-Sichuan_Folk_Chinese_Restaurant-London_England.html,London_England
5508289,Wahaca_St_Paul_s,https://www.tripadvisor.com/Restaurant_Review-g186338-d5508289-Reviews-Wahaca_St_Paul_s-London_England.html,London_England
1989919,The_Pembroke,https://www.tripadvisor.com/Restaurant_Review-g186338-d1989919-Reviews-The_Pembroke-London_England.html,London_England
8413266,Smith_Whistle,https://www.tripadvisor.com/Restaurant_Review-g186338-d8413266-Reviews-Smith_Whistle-London_England.html,London_England
1389010,Harry_s_Bar,https://www.tripadvisor.com/Restaurant_Review-g186338-d1389010-Reviews-Harry_s_Bar-London_England.html,London_England
8125299,Waffle_Jack_s_American_Diner,https://www.tripadvisor.com/Restaurant_Review-g186338-d8125299-Reviews-Waffle_Jack_s_American_Diner-London_England.html,London_England
2188463,Santa_Maria,https://www.tripadvisor.com/Restaurant_Review-g186338-d2188463-Reviews-Santa_Maria-London_England.html,London_England
719668,Langans_Brasserie,https://www.tripadvisor.com/Restaurant_Review-g186338-d719668-Reviews-Langans_Brasserie-London_England.html,London_England
2616763,The_Lamb_Tavern,https://www.tripadvisor.com/Restaurant_Review-g186338-d2616763-Reviews-The_Lamb_Tavern-London_England.html,London_England
7989434,The_Botanist,https://www.tripadvisor.com/Restaurant_Review-g186338-d7989434-Reviews-The_Botanist-London_England.html,London_England
10686444,Ye_Olde_Watling,https://www.tripadvisor.com/Restaurant_Review-g186338-d10686444-Reviews-Ye_Olde_Watling-London_England.html,London_England
1160304,Villa_Rosa,https://www.tripadvisor.com/Restaurant_Review-g186338-d1160304-Reviews-Villa_Rosa-London_England.html,London_England
2456325,Paradise_Indian_Restaurant,https://www.tripadvisor.com/Restaurant_Review-g186338-d2456325-Reviews-Paradise_Indian_Restaurant-London_England.html,London_England
1018797,FishWorks,https://www.tripadvisor.com/Restaurant_Review-g186338-d1018797-Reviews-FishWorks-London_England.html,London_England
2188441,Strada_St_Katharine_Docks,https://www.tripadvisor.com/Restaurant_Review-g186338-d2188441-Reviews-Strada_St_Katharine_Docks-London_England.html,London_England
3507851,Il_Blandford_s,https://www.tripadvisor.com/Restaurant_Review-g186338-d3507851-Reviews-Il_Blandford_s-London_England.html,London_England
731658,Plateau,https://www.tripadvisor.com/Restaurant_Review-g186338-d731658-Reviews-Plateau-London_England.html,London_England
1469445,The_Kings_Head,https://www.tripadvisor.com/Restaurant_Review-g186338-d1469445-Reviews-The_Kings_Head-London_England.html,London_England
720730,The_Dove,https://www.tripadvisor.com/Restaurant_Review-g186338-d720730-Reviews-The_Dove-London_England.html,London_England
733351,Kappa,https://www.tripadvisor.com/Restaurant_Review-g186338-d733351-Reviews-Kappa-London_England.html,London_England
784899,Coq_d_Argent,https://www.tripadvisor.com/Restaurant_Review-g186338-d784899-Reviews-Coq_d_Argent-London_England.html,London_England
4375504,Wahaca_Islington,https://www.tripadvisor.com/Restaurant_Review-g186338-d4375504-Reviews-Wahaca_Islington-London_England.html,London_England
734227,La_Fromagerie,https://www.tripadvisor.com/Restaurant_Review-g186338-d734227-Reviews-La_Fromagerie-London_England.html,London_England
10430922,Som_Saa,https://www.tripadvisor.com/Restaurant_Review-g186338-d10430922-Reviews-Som_Saa-London_England.html,London_England
680325,Misato,https://www.tripadvisor.com/Restaurant_Review-g186338-d680325-Reviews-Misato-London_England.html,London_England
718602,The_Delhi_Brasserie,https://www.tripadvisor.com/Restaurant_Review-g186338-d718602-Reviews-The_Delhi_Brasserie-London_England.html,London_England
10428928,Mercante,https://www.tripadvisor.com/Restaurant_Review-g186338-d10428928-Reviews-Mercante-London_England.html,London_England
13811684,BrewDog_Seven_Dials,https://www.tripadvisor.com/Restaurant_Review-g186338-d13811684-Reviews-BrewDog_Seven_Dials-London_England.html,London_England
733535,Troubadour_London,https://www.tripadvisor.com/Restaurant_Review-g186338-d733535-Reviews-Troubadour_London-London_England.html,London_England
3419174,Pret_a_Manger_London_Notting_Hill_Gate_W11_branch,https://www.tripadvisor.com/Restaurant_Review-g186338-d3419174-Reviews-Pret_a_Manger_London_Notting_Hill_Gate_W11_branch-London_England.html,London_England
7192784,Villa_Di_Geggiano,https://www.tripadvisor.com/Restaurant_Review-g186338-d7192784-Reviews-Villa_Di_Geggiano-London_England.html,London_England
731531,The_Gun,https://www.tripadvisor.com/Restaurant_Review-g186338-d731531-Reviews-The_Gun-London_England.html,London_England
730395,Ye_Olde_Cheshire_Cheese,https://www.tripadvisor.com/Restaurant_Review-g186338-d730395-Reviews-Ye_Olde_Cheshire_Cheese-London_England.html,London_England
10697247,Meridian_Lounge,https://www.tripadvisor.com/Restaurant_Review-g186338-d10697247-Reviews-Meridian_Lounge-London_England.html,London_England
1571993,Great_Central_Bar_and_Restaurant,https://www.tripadvisor.com/Restaurant_Review-g186338-d1571993-Reviews-Great_Central_Bar_and_Restaurant-London_England.html,London_England
1469156,Great_Queen_Street,https://www.tripadvisor.com/Restaurant_Review-g186338-d1469156-Reviews-Great_Queen_Street-London_England.html,London_England
680444,Le_Garrick,https://www.tripadvisor.com/Restaurant_Review-g186338-d680444-Reviews-Le_Garrick-London_England.html,London_England
4460375,Wahaca_Waterloo,https://www.tripadvisor.com/Restaurant_Review-g186338-d4460375-Reviews-Wahaca_Waterloo-London_England.html,London_England
2626827,Ozone_Coffee_Roasters,https://www.tripadvisor.com/Restaurant_Review-g186338-d2626827-Reviews-Ozone_Coffee_Roasters-London_England.html,London_England
1178128,Gaucho_O2,https://www.tripadvisor.com/Restaurant_Review-g186338-d1178128-Reviews-Gaucho_O2-London_England.html,London_England
1390764,Troia_Southbank_Charcoal_Kebab_Kitchen,https://www.tripadvisor.com/Restaurant_Review-g186338-d1390764-Reviews-Troia_Southbank_Charcoal_Kebab_Kitchen-London_England.html,London_England
1989636,Primo_Bar,https://www.tripadvisor.com/Restaurant_Review-g186338-d1989636-Reviews-Primo_Bar-London_England.html,London_England
700008,L_Autre,https://www.tripadvisor.com/Restaurant_Review-g186338-d700008-Reviews-L_Autre-London_England.html,London_England
983104,La_Luna,https://www.tripadvisor.com/Restaurant_Review-g186338-d983104-Reviews-La_Luna-London_England.html,London_England
5448194,CheMen_Restaurant_Bar,https://www.tripadvisor.com/Restaurant_Review-g186338-d5448194-Reviews-CheMen_Restaurant_Bar-London_England.html,London_England
11876307,Sichuan_Chef,https://www.tripadvisor.com/Restaurant_Review-g186338-d11876307-Reviews-Sichuan_Chef-London_England.html,London_England
4238783,La_farola,https://www.tripadvisor.com/Restaurant_Review-g186338-d4238783-Reviews-La_farola-London_England.html,London_England
731176,Skylon,https://www.tripadvisor.com/Restaurant_Review-g186338-d731176-Reviews-Skylon-London_England.html,London_England
1018951,Zizzi_The_Strand,https://www.tripadvisor.com/Restaurant_Review-g186338-d1018951-Reviews-Zizzi_The_Strand-London_England.html,London_England
8604084,Estiatorio_Milos,https://www.tripadvisor.com/Restaurant_Review-g186338-d8604084-Reviews-Estiatorio_Milos-London_England.html,London_England
3954108,Riverside_Cafe_Lambeth_Pier,https://www.tripadvisor.com/Restaurant_Review-g186338-d3954108-Reviews-Riverside_Cafe_Lambeth_Pier-London_England.html,London_England
1007854,The_Breakfast_Club,https://www.tripadvisor.com/Restaurant_Review-g186338-d1007854-Reviews-The_Breakfast_Club-London_England.html,London_England
1014404,Gaucho_City,https://www.tripadvisor.com/Restaurant_Review-g186338-d1014404-Reviews-Gaucho_City-London_England.html,London_England
719710,Lemonia_Greek,https://www.tripadvisor.com/Restaurant_Review-g186338-d719710-Reviews-Lemonia_Greek-London_England.html,London_England
730297,Blue_Print_Cafe,https://www.tripadvisor.com/Restaurant_Review-g186338-d730297-Reviews-Blue_Print_Cafe-London_England.html,London_England
3677102,Shoryu,https://www.tripadvisor.com/Restaurant_Review-g186338-d3677102-Reviews-Shoryu-London_England.html,London_England
2158627,The_Blackfriar,https://www.tripadvisor.com/Restaurant_Review-g186338-d2158627-Reviews-The_Blackfriar-London_England.html,London_England
8138563,IRVIN_BAR_GRILL,https://www.tripadvisor.com/Restaurant_Review-g186338-d8138563-Reviews-IRVIN_BAR_GRILL-London_England.html,London_England
8487774,La_Belle_Assiette_UK,https://www.tripadvisor.com/Restaurant_Review-g186338-d8487774-Reviews-La_Belle_Assiette_UK-London_England.html,London_England
2667074,The_Queen_s_Arms,https://www.tripadvisor.com/Restaurant_Review-g186338-d2667074-Reviews-The_Queen_s_Arms-London_England.html,London_England
12173874,Florentine_Restaurant_Bar,https://www.tripadvisor.com/Restaurant_Review-g186338-d12173874-Reviews-Florentine_Restaurant_Bar-London_England.html,London_England
10252175,ZIMA_Russian_Restaurant,https://www.tripadvisor.com/Restaurant_Review-g186338-d10252175-Reviews-ZIMA_Russian_Restaurant-London_England.html,London_England
2690538,The_Diamond_Jubilee_Tea_Salon,https://www.tripadvisor.com/Restaurant_Review-g186338-d2690538-Reviews-The_Diamond_Jubilee_Tea_Salon-London_England.html,London_England
2104410,The_Swan,https://www.tripadvisor.com/Restaurant_Review-g186338-d2104410-Reviews-The_Swan-London_England.html,London_England
1381391,HMS_Belfast,https://www.tripadvisor.com/Restaurant_Review-g186338-d1381391-Reviews-HMS_Belfast-London_England.html,London_England
12866118,Vantra_Vegan_Restaurant,https://www.tripadvisor.com/Restaurant_Review-g186338-d12866118-Reviews-Vantra_Vegan_Restaurant-London_England.html,London_England
6893611,Yak_Yeti_Finsbury_Park,https://www.tripadvisor.com/Restaurant_Review-g186338-d6893611-Reviews-Yak_Yeti_Finsbury_Park-London_England.html,London_England
9807562,The_Gibson,https://www.tripadvisor.com/Restaurant_Review-g186338-d9807562-Reviews-The_Gibson-London_England.html,London_England
717906,Busaba_St_Christopher_s_Place,https://www.tripadvisor.com/Restaurant_Review-g186338-d717906-Reviews-Busaba_St_Christopher_s_Place-London_England.html,London_England
6961709,Ham_Yard_Restaurant_and_Bar,https://www.tripadvisor.com/Restaurant_Review-g186338-d6961709-Reviews-Ham_Yard_Restaurant_and_Bar-London_England.html,London_England
1917444,Pico_Bar_Grill,https://www.tripadvisor.com/Restaurant_Review-g186338-d1917444-Reviews-Pico_Bar_Grill-London_England.html,London_England
698061,Asakusa,https://www.tripadvisor.com/Restaurant_Review-g186338-d698061-Reviews-Asakusa-London_England.html,London_England
4794967,Obica_Mozzarella_Bar_Poland_Street,https://www.tripadvisor.com/Restaurant_Review-g186338-d4794967-Reviews-Obica_Mozzarella_Bar_Poland_Street-London_England.html,London_England
3498461,Wahaca_Charlotte_St,https://www.tripadvisor.com/Restaurant_Review-g186338-d3498461-Reviews-Wahaca_Charlotte_St-London_England.html,London_England
2038485,Sartori_Restaurant,https://www.tripadvisor.com/Restaurant_Review-g186338-d2038485-Reviews-Sartori_Restaurant-London_England.html,London_England
13276837,The_Coach_Makers_Arms,https://www.tripadvisor.com/Restaurant_Review-g186338-d13276837-Reviews-The_Coach_Makers_Arms-London_England.html,London_England
5281504,Pizzeria_Canti_Prosecco_Bar,https://www.tripadvisor.com/Restaurant_Review-g186338-d5281504-Reviews-Pizzeria_Canti_Prosecco_Bar-London_England.html,London_England
4346684,Hutong,https://www.tripadvisor.com/Restaurant_Review-g186338-d4346684-Reviews-Hutong-London_England.html,London_England
2187326,Angus_Steakhouse,https://www.tripadvisor.com/Restaurant_Review-g186338-d2187326-Reviews-Angus_Steakhouse-London_England.html,London_England
2001464,Best_Mangal_1996,https://www.tripadvisor.com/Restaurant_Review-g186338-d2001464-Reviews-Best_Mangal_1996-London_England.html,London_England
2082878,Spuntino,https://www.tripadvisor.com/Restaurant_Review-g186338-d2082878-Reviews-Spuntino-London_England.html,London_England
1018427,Prezzo_Mayfair,https://www.tripadvisor.com/Restaurant_Review-g186338-d1018427-Reviews-Prezzo_Mayfair-London_England.html,London_England
720870,Umu,https://www.tripadvisor.com/Restaurant_Review-g186338-d720870-Reviews-Umu-London_England.html,London_England
1316106,Angelus,https://www.tripadvisor.com/Restaurant_Review-g186338-d1316106-Reviews-Angelus-London_England.html,London_England
699985,Kiku,https://www.tripadvisor.com/Restaurant_Review-g186338-d699985-Reviews-Kiku-London_England.html,London_England
1017635,The_Footman,https://www.tripadvisor.com/Restaurant_Review-g186338-d1017635-Reviews-The_Footman-London_England.html,London_England
7235833,The_Alchemist_Bevis_Marks,https://www.tripadvisor.com/Restaurant_Review-g186338-d7235833-Reviews-The_Alchemist_Bevis_Marks-London_England.html,London_England
1044602,The_Ring,https://www.tripadvisor.com/Restaurant_Review-g186338-d1044602-Reviews-The_Ring-London_England.html,London_England
1389702,Olives_Restaurant_and_Bar_Italian_Kitchen,https://www.tripadvisor.com/Restaurant_Review-g186338-d1389702-Reviews-Olives_Restaurant_and_Bar_Italian_Kitchen-London_England.html,London_England
6540963,Iberica_Farringdon,https://www.tripadvisor.com/Restaurant_Review-g186338-d6540963-Reviews-Iberica_Farringdon-London_England.html,London_England
2410698,Cirilo_Filipino_Kainan,https://www.tripadvisor.com/Restaurant_Review-g186338-d2410698-Reviews-Cirilo_Filipino_Kainan-London_England.html,London_England
15219121,Macellaio_RC_Fitzrovia,https://www.tripadvisor.com/Restaurant_Review-g186338-d15219121-Reviews-Macellaio_RC_Fitzrovia-London_England.html,London_England
720853,Trader_Vic_s,https://www.tripadvisor.com/Restaurant_Review-g186338-d720853-Reviews-Trader_Vic_s-London_England.html,London_England
733238,Champor_Champor,https://www.tripadvisor.com/Restaurant_Review-g186338-d733238-Reviews-Champor_Champor-London_England.html,London_England
16754387,Moira_Restaurant,https://www.tripadvisor.com/Restaurant_Review-g186338-d16754387-Reviews-Moira_Restaurant-London_England.html,London_England
15332537,Unity_Diner,https://www.tripadvisor.com/Restaurant_Review-g186338-d15332537-Reviews-Unity_Diner-London_England.html,London_England
1647790,Dean_Street_Townhouse_Hotel_Dining_Room,https://www.tripadvisor.com/Restaurant_Review-g186338-d1647790-Reviews-Dean_Street_Townhouse_Hotel_Dining_Room-London_England.html,London_England
1389784,Spaghetti_House_Bryanston_Street,https://www.tripadvisor.com/Restaurant_Review-g186338-d1389784-Reviews-Spaghetti_House_Bryanston_Street-London_England.html,London_England
6771261,Franco_Manca_Southfields,https://www.tripadvisor.com/Restaurant_Review-g186338-d6771261-Reviews-Franco_Manca_Southfields-London_England.html,London_England
718517,Cinnamon_Club,https://www.tripadvisor.com/Restaurant_Review-g186338-d718517-Reviews-Cinnamon_Club-London_England.html,London_England
19250174,Legare,https://www.tripadvisor.com/Restaurant_Review-g186338-d19250174-Reviews-Legare-London_England.html,London_England
1089621,Paolo_s_Italian_Ristorante,https://www.tripadvisor.com/Restaurant_Review-g186338-d1089621-Reviews-Paolo_s_Italian_Ristorante-London_England.html,London_England
8298187,Burberry,https://www.tripadvisor.com/Restaurant_Review-g186338-d8298187-Reviews-Burberry-London_England.html,London_England
1015412,Cockneys_Pie_Mash,https://www.tripadvisor.com/Restaurant_Review-g186338-d1015412-Reviews-Cockneys_Pie_Mash-London_England.html,London_England
754263,Christopher_s,https://www.tripadvisor.com/Restaurant_Review-g186338-d754263-Reviews-Christopher_s-London_England.html,London_England
1017374,Malabar_Junction,https://www.tripadvisor.com/Restaurant_Review-g186338-d1017374-Reviews-Malabar_Junction-London_England.html,London_England
4291786,Evoluzione_Restaurant,https://www.tripadvisor.com/Restaurant_Review-g186338-d4291786-Reviews-Evoluzione_Restaurant-London_England.html,London_England
2587100,Copita,https://www.tripadvisor.com/Restaurant_Review-g186338-d2587100-Reviews-Copita-London_England.html,London_England
3331078,Sussex_Arms,https://www.tripadvisor.com/Restaurant_Review-g186338-d3331078-Reviews-Sussex_Arms-London_England.html,London_England
3253550,That_s_Amore_by_Fonte,https://www.tripadvisor.com/Restaurant_Review-g186338-d3253550-Reviews-That_s_Amore_by_Fonte-London_England.html,London_England
784799,Pasha,https://www.tripadvisor.com/Restaurant_Review-g186338-d784799-Reviews-Pasha-London_England.html,London_England
1500418,Carob_Tree_Restaurant,https://www.tripadvisor.com/Restaurant_Review-g186338-d1500418-Reviews-Carob_Tree_Restaurant-London_England.html,London_England
1044777,The_Wellington,https://www.tripadvisor.com/Restaurant_Review-g186338-d1044777-Reviews-The_Wellington-London_England.html,London_England
699656,Hakkasan_Hanway_Place,https://www.tripadvisor.com/Restaurant_Review-g186338-d699656-Reviews-Hakkasan_Hanway_Place-London_England.html,London_England
1382014,Toulouse_Lautrec,https://www.tripadvisor.com/Restaurant_Review-g186338-d1382014-Reviews-Toulouse_Lautrec-London_England.html,London_England
8634196,Lurra,https://www.tripadvisor.com/Restaurant_Review-g186338-d8634196-Reviews-Lurra-London_England.html,London_England
6728625,Franco_Manca,https://www.tripadvisor.com/Restaurant_Review-g186338-d6728625-Reviews-Franco_Manca-London_England.html,London_England
12296651,Flock,https://www.tripadvisor.com/Restaurant_Review-g186338-d12296651-Reviews-Flock-London_England.html,London_England
12966086,The_Coal_Shed,https://www.tripadvisor.com/Restaurant_Review-g186338-d12966086-Reviews-The_Coal_Shed-London_England.html,London_England
3570597,Marie_s_Cafe,https://www.tripadvisor.com/Restaurant_Review-g186338-d3570597-Reviews-Marie_s_Cafe-London_England.html,London_England
4472496,Whyte_and_Brown,https://www.tripadvisor.com/Restaurant_Review-g186338-d4472496-Reviews-Whyte_and_Brown-London_England.html,London_England
730143,Zia_Teresa,https://www.tripadvisor.com/Restaurant_Review-g186338-d730143-Reviews-Zia_Teresa-London_England.html,London_England
7113348,Wahaca_Oxford_Circus,https://www.tripadvisor.com/Restaurant_Review-g186338-d7113348-Reviews-Wahaca_Oxford_Circus-London_England.html,London_England
1576792,Pizza_East,https://www.tripadvisor.com/Restaurant_Review-g186338-d1576792-Reviews-Pizza_East-London_England.html,London_England
1177364,Tapas_Brindisa_Soho,https://www.tripadvisor.com/Restaurant_Review-g186338-d1177364-Reviews-Tapas_Brindisa_Soho-London_England.html,London_England
1389705,Red_Chilli,https://www.tripadvisor.com/Restaurant_Review-g186338-d1389705-Reviews-Red_Chilli-London_England.html,London_England
789337,Bali_Bali,https://www.tripadvisor.com/Restaurant_Review-g186338-d789337-Reviews-Bali_Bali-London_England.html,London_England
680479,Cecconi_s_Mayfair,https://www.tripadvisor.com/Restaurant_Review-g186338-d680479-Reviews-Cecconi_s_Mayfair-London_England.html,London_England
19712364,Mint_Leaves_Real_Indian_Food,https://www.tripadvisor.com/Restaurant_Review-g186338-d19712364-Reviews-Mint_Leaves_Real_Indian_Food-London_England.html,London_England
2603057,Osteria_del_Portico,https://www.tripadvisor.com/Restaurant_Review-g186338-d2603057-Reviews-Osteria_del_Portico-London_England.html,London_England
11795658,Honey_and_Smoke,https://www.tripadvisor.com/Restaurant_Review-g186338-d11795658-Reviews-Honey_and_Smoke-London_England.html,London_England
1389613,Mint_Leaf_Lounge,https://www.tripadvisor.com/Restaurant_Review-g186338-d1389613-Reviews-Mint_Leaf_Lounge-London_England.html,London_England
8755366,CoBa,https://www.tripadvisor.com/Restaurant_Review-g186338-d8755366-Reviews-CoBa-London_England.html,London_England
7692875,Shackfuyu,https://www.tripadvisor.com/Restaurant_Review-g186338-d7692875-Reviews-Shackfuyu-London_England.html,London_England
1016852,The_Little_French_Restaurant,https://www.tripadvisor.com/Restaurant_Review-g186338-d1016852-Reviews-The_Little_French_Restaurant-London_England.html,London_England
10463279,Franzina_Trattoria,https://www.tripadvisor.com/Restaurant_Review-g186338-d10463279-Reviews-Franzina_Trattoria-London_England.html,London_England
5122664,New_City_Chinese_Restaurant,https://www.tripadvisor.com/Restaurant_Review-g186338-d5122664-Reviews-New_City_Chinese_Restaurant-London_England.html,London_England
1917270,Boyds_Grill_Wine_Bar,https://www.tripadvisor.com/Restaurant_Review-g186338-d1917270-Reviews-Boyds_Grill_Wine_Bar-London_England.html,London_England
2443548,Queen_of_Sheba,https://www.tripadvisor.com/Restaurant_Review-g186338-d2443548-Reviews-Queen_of_Sheba-London_England.html,London_England
2352488,Drink_Shop_Do,https://www.tripadvisor.com/Restaurant_Review-g186338-d2352488-Reviews-Drink_Shop_Do-London_England.html,London_England
12387873,Lupins,https://www.tripadvisor.com/Restaurant_Review-g186338-d12387873-Reviews-Lupins-London_England.html,London_England
731562,Rowley_s_Restaurant,https://www.tripadvisor.com/Restaurant_Review-g186338-d731562-Reviews-Rowley_s_Restaurant-London_England.html,London_England
6813365,Opso,https://www.tripadvisor.com/Restaurant_Review-g186338-d6813365-Reviews-Opso-London_England.html,London_England
7885564,Hungry_Donkey,https://www.tripadvisor.com/Restaurant_Review-g186338-d7885564-Reviews-Hungry_Donkey-London_England.html,London_England
1017266,Made_in_Brasil,https://www.tripadvisor.com/Restaurant_Review-g186338-d1017266-Reviews-Made_in_Brasil-London_England.html,London_England
733247,Bugis_Street_Brasserie,https://www.tripadvisor.com/Restaurant_Review-g186338-d733247-Reviews-Bugis_Street_Brasserie-London_England.html,London_England
3254595,Brasserie_Zedel,https://www.tripadvisor.com/Restaurant_Review-g186338-d3254595-Reviews-Brasserie_Zedel-London_England.html,London_England
11811519,StreetXO,https://www.tripadvisor.com/Restaurant_Review-g186338-d11811519-Reviews-StreetXO-London_England.html,London_England
2340353,Bread_Street_Kitchen,https://www.tripadvisor.com/Restaurant_Review-g186338-d2340353-Reviews-Bread_Street_Kitchen-London_England.html,London_England
21231404,Jolie,https://www.tripadvisor.com/Restaurant_Review-g186338-d21231404-Reviews-Jolie-London_England.html,London_England
1016140,El_Metro,https://www.tripadvisor.com/Restaurant_Review-g186338-d1016140-Reviews-El_Metro-London_England.html,London_England
2464192,The_Spice_Of_Life,https://www.tripadvisor.com/Restaurant_Review-g186338-d2464192-Reviews-The_Spice_Of_Life-London_England.html,London_England
17604358,Humble_Grape_Canary_Wharf,https://www.tripadvisor.com/Restaurant_Review-g186338-d17604358-Reviews-Humble_Grape_Canary_Wharf-London_England.html,London_England
1389545,L_Atelier_des_Chefs,https://www.tripadvisor.com/Restaurant_Review-g186338-d1389545-Reviews-L_Atelier_des_Chefs-London_England.html,London_England
1018463,Souk,https://www.tripadvisor.com/Restaurant_Review-g186338-d1018463-Reviews-Souk-London_England.html,London_England
1501595,Sicily_by_da_Scalzo,https://www.tripadvisor.com/Restaurant_Review-g186338-d1501595-Reviews-Sicily_by_da_Scalzo-London_England.html,London_England
12579105,Ugly_Dumpling,https://www.tripadvisor.com/Restaurant_Review-g186338-d12579105-Reviews-Ugly_Dumpling-London_England.html,London_England
6731453,Shoryu_Soho,https://www.tripadvisor.com/Restaurant_Review-g186338-d6731453-Reviews-Shoryu_Soho-London_England.html,London_England
717832,Bodean_s_BBQ,https://www.tripadvisor.com/Restaurant_Review-g186338-d717832-Reviews-Bodean_s_BBQ-London_England.html,London_England
8764556,Hoppers_Soho,https://www.tripadvisor.com/Restaurant_Review-g186338-d8764556-Reviews-Hoppers_Soho-London_England.html,London_England
2390490,Adventure_Bar,https://www.tripadvisor.com/Restaurant_Review-g186338-d2390490-Reviews-Adventure_Bar-London_England.html,London_England
2626990,Ceviche_Soho,https://www.tripadvisor.com/Restaurant_Review-g186338-d2626990-Reviews-Ceviche_Soho-London_England.html,London_England
2181169,Pilpel,https://www.tripadvisor.com/Restaurant_Review-g186338-d2181169-Reviews-Pilpel-London_England.html,London_England
2001431,Quartier_Restaurant_Eight_Members_Club,https://www.tripadvisor.com/Restaurant_Review-g186338-d2001431-Reviews-Quartier_Restaurant_Eight_Members_Club-London_England.html,London_England
14888123,Da_Henrietta,https://www.tripadvisor.com/Restaurant_Review-g186338-d14888123-Reviews-Da_Henrietta-London_England.html,London_England
2326318,Sappho_Meze_Bar,https://www.tripadvisor.com/Restaurant_Review-g186338-d2326318-Reviews-Sappho_Meze_Bar-London_England.html,London_England
2169900,Alice_House_Queen_s_Park,https://www.tripadvisor.com/Restaurant_Review-g186338-d2169900-Reviews-Alice_House_Queen_s_Park-London_England.html,London_England
719739,Locanda_Locatelli,https://www.tripadvisor.com/Restaurant_Review-g186338-d719739-Reviews-Locanda_Locatelli-London_England.html,London_England
8582452,Mac_And_Wild_Fitzrovia,https://www.tripadvisor.com/Restaurant_Review-g186338-d8582452-Reviews-Mac_And_Wild_Fitzrovia-London_England.html,London_England
7269715,Pachamama_Bar_Kitchen,https://www.tripadvisor.com/Restaurant_Review-g186338-d7269715-Reviews-Pachamama_Bar_Kitchen-London_England.html,London_England
3205828,Mazi,https://www.tripadvisor.com/Restaurant_Review-g186338-d3205828-Reviews-Mazi-London_England.html,London_England
4702650,Fish_Wings_and_Tings,https://www.tripadvisor.com/Restaurant_Review-g186338-d4702650-Reviews-Fish_Wings_and_Tings-London_England.html,London_England
1044565,Porcupine,https://www.tripadvisor.com/Restaurant_Review-g186338-d1044565-Reviews-Porcupine-London_England.html,London_England
2349687,Chinese_Cricket_Club,https://www.tripadvisor.com/Restaurant_Review-g186338-d2349687-Reviews-Chinese_Cricket_Club-London_England.html,London_England
2199230,Shah_Tandoori,https://www.tripadvisor.com/Restaurant_Review-g186338-d2199230-Reviews-Shah_Tandoori-London_England.html,London_England
3976069,Chicks_on_Fire,https://www.tripadvisor.com/Restaurant_Review-g186338-d3976069-Reviews-Chicks_on_Fire-London_England.html,London_England
4559596,The_Pearson_Room,https://www.tripadvisor.com/Restaurant_Review-g186338-d4559596-Reviews-The_Pearson_Room-London_England.html,London_England
14129347,La_Tasca,https://www.tripadvisor.com/Restaurant_Review-g186338-d14129347-Reviews-La_Tasca-London_England.html,London_England
1058867,Lorenzo_of_Crystal_Palace,https://www.tripadvisor.com/Restaurant_Review-g186338-d1058867-Reviews-Lorenzo_of_Crystal_Palace-London_England.html,London_England
10819843,The_Yorkshire_Grey,https://www.tripadvisor.com/Restaurant_Review-g186338-d10819843-Reviews-The_Yorkshire_Grey-London_England.html,London_England
942154,La_Poule_au_Pot,https://www.tripadvisor.com/Restaurant_Review-g186338-d942154-Reviews-La_Poule_au_Pot-London_England.html,London_England
14159013,The_King_s_Arms,https://www.tripadvisor.com/Restaurant_Review-g186338-d14159013-Reviews-The_King_s_Arms-London_England.html,London_England
719659,Lagenda_Restaurant,https://www.tripadvisor.com/Restaurant_Review-g186338-d719659-Reviews-Lagenda_Restaurant-London_England.html,London_England
4091821,The_Dog_Duck,https://www.tripadvisor.com/Restaurant_Review-g186338-d4091821-Reviews-The_Dog_Duck-London_England.html,London_England
13187831,L_Antica_Pizzeria_Da_Michele,https://www.tripadvisor.com/Restaurant_Review-g186338-d13187831-Reviews-L_Antica_Pizzeria_Da_Michele-London_England.html,London_England
733533,Cafe_Pacifico,https://www.tripadvisor.com/Restaurant_Review-g186338-d733533-Reviews-Cafe_Pacifico-London_England.html,London_England
2365948,Cote_Brasserie_Ealing,https://www.tripadvisor.com/Restaurant_Review-g186338-d2365948-Reviews-Cote_Brasserie_Ealing-London_England.html,London_England
14102674,Laksamania,https://www.tripadvisor.com/Restaurant_Review-g186338-d14102674-Reviews-Laksamania-London_England.html,London_England
2410351,Vinoteca_Marylebone,https://www.tripadvisor.com/Restaurant_Review-g186338-d2410351-Reviews-Vinoteca_Marylebone-London_England.html,London_England
8697263,Champagne_Fromage_Greenwich,https://www.tripadvisor.com/Restaurant_Review-g186338-d8697263-Reviews-Champagne_Fromage_Greenwich-London_England.html,London_England
1006144,The_Archduke,https://www.tripadvisor.com/Restaurant_Review-g186338-d1006144-Reviews-The_Archduke-London_England.html,London_England
5439629,Monty_s_Nepalese_Cuisine,https://www.tripadvisor.com/Restaurant_Review-g186338-d5439629-Reviews-Monty_s_Nepalese_Cuisine-London_England.html,London_England
717904,Busaba_Soho,https://www.tripadvisor.com/Restaurant_Review-g186338-d717904-Reviews-Busaba_Soho-London_England.html,London_England
2666294,Buckingham_Arms,https://www.tripadvisor.com/Restaurant_Review-g186338-d2666294-Reviews-Buckingham_Arms-London_England.html,London_England
6109797,The_Charles_Holden,https://www.tripadvisor.com/Restaurant_Review-g186338-d6109797-Reviews-The_Charles_Holden-London_England.html,London_England
4754532,Teras_Turkish_BBQ_Restaurant,https://www.tripadvisor.com/Restaurant_Review-g186338-d4754532-Reviews-Teras_Turkish_BBQ_Restaurant-London_England.html,London_England
2561810,Princess_of_Prussia,https://www.tripadvisor.com/Restaurant_Review-g186338-d2561810-Reviews-Princess_of_Prussia-London_England.html,London_England
1386569,Boisdale_of_Bishopsgate,https://www.tripadvisor.com/Restaurant_Review-g186338-d1386569-Reviews-Boisdale_of_Bishopsgate-London_England.html,London_England
815697,The_Cutty_Sark,https://www.tripadvisor.com/Restaurant_Review-g186338-d815697-Reviews-The_Cutty_Sark-London_England.html,London_England
3846295,The_Duchy_Arms,https://www.tripadvisor.com/Restaurant_Review-g186338-d3846295-Reviews-The_Duchy_Arms-London_England.html,London_England
3528769,The_Old_Fire_Station,https://www.tripadvisor.com/Restaurant_Review-g186338-d3528769-Reviews-The_Old_Fire_Station-London_England.html,London_England
2173419,Chiswell_Street_Dining_Rooms,https://www.tripadvisor.com/Restaurant_Review-g186338-d2173419-Reviews-Chiswell_Street_Dining_Rooms-London_England.html,London_England
1408975,The_Egerton_House_Hotel,https://www.tripadvisor.com/Restaurant_Review-g186338-d1408975-Reviews-The_Egerton_House_Hotel-London_England.html,London_England
12358721,33_Abbeville_Road,https://www.tripadvisor.com/Restaurant_Review-g186338-d12358721-Reviews-33_Abbeville_Road-London_England.html,London_England
718509,The_Churchill_Arms,https://www.tripadvisor.com/Restaurant_Review-g186338-d718509-Reviews-The_Churchill_Arms-London_England.html,London_England
732909,La_Cage_Imaginaire,https://www.tripadvisor.com/Restaurant_Review-g186338-d732909-Reviews-La_Cage_Imaginaire-London_England.html,London_England
4334826,Manjal,https://www.tripadvisor.com/Restaurant_Review-g186338-d4334826-Reviews-Manjal-London_England.html,London_England
680416,Bella_Italia,https://www.tripadvisor.com/Restaurant_Review-g186338-d680416-Reviews-Bella_Italia-London_England.html,London_England
3958717,The_Oval_Restaurant,https://www.tripadvisor.com/Restaurant_Review-g186338-d3958717-Reviews-The_Oval_Restaurant-London_England.html,London_England
3377005,El_Rancho_De_Lalo,https://www.tripadvisor.com/Restaurant_Review-g186338-d3377005-Reviews-El_Rancho_De_Lalo-London_England.html,London_England
4326770,Gianni_s_Sandwich_Bar,https://www.tripadvisor.com/Restaurant_Review-g186338-d4326770-Reviews-Gianni_s_Sandwich_Bar-London_England.html,London_England
720065,Momo,https://www.tripadvisor.com/Restaurant_Review-g186338-d720065-Reviews-Momo-London_England.html,London_England
3702346,Opium_Cocktail_Dim_Sum_Parlour,https://www.tripadvisor.com/Restaurant_Review-g186338-d3702346-Reviews-Opium_Cocktail_Dim_Sum_Parlour-London_England.html,London_England
19605986,Pasta_Plant,https://www.tripadvisor.com/Restaurant_Review-g186338-d19605986-Reviews-Pasta_Plant-London_England.html,London_England
7999757,BAO_Soho,https://www.tripadvisor.com/Restaurant_Review-g186338-d7999757-Reviews-BAO_Soho-London_England.html,London_England
8539662,Franco_Manca,https://www.tripadvisor.com/Restaurant_Review-g186338-d8539662-Reviews-Franco_Manca-London_England.html,London_England
719980,Mandarin_Kitchen,https://www.tripadvisor.com/Restaurant_Review-g186338-d719980-Reviews-Mandarin_Kitchen-London_England.html,London_England
1019713,Wagamama,https://www.tripadvisor.com/Restaurant_Review-g186338-d1019713-Reviews-Wagamama-London_England.html,London_England
717911,Butlers_Wharf_Chop_House,https://www.tripadvisor.com/Restaurant_Review-g186338-d717911-Reviews-Butlers_Wharf_Chop_House-London_England.html,London_England
17594014,Bebs_Kitchen,https://www.tripadvisor.com/Restaurant_Review-g186338-d17594014-Reviews-Bebs_Kitchen-London_England.html,London_England
734013,Olivelli_Mayfair,https://www.tripadvisor.com/Restaurant_Review-g186338-d734013-Reviews-Olivelli_Mayfair-London_England.html,London_England
11397004,Jikoni,https://www.tripadvisor.com/Restaurant_Review-g186338-d11397004-Reviews-Jikoni-London_England.html,London_England
11802037,Pham_house,https://www.tripadvisor.com/Restaurant_Review-g186338-d11802037-Reviews-Pham_house-London_England.html,London_England
4295544,SUSHISAMBA_Heron_Tower,https://www.tripadvisor.com/Restaurant_Review-g186338-d4295544-Reviews-SUSHISAMBA_Heron_Tower-London_England.html,London_England
5426258,Bill_s_High_Street_Kensington,https://www.tripadvisor.com/Restaurant_Review-g186338-d5426258-Reviews-Bill_s_High_Street_Kensington-London_England.html,London_England
8087273,Efes_Restaurant,https://www.tripadvisor.com/Restaurant_Review-g186338-d8087273-Reviews-Efes_Restaurant-London_England.html,London_England
2491372,Euston_Tap,https://www.tripadvisor.com/Restaurant_Review-g186338-d2491372-Reviews-Euston_Tap-London_England.html,London_England
719025,Giovanni_s,https://www.tripadvisor.com/Restaurant_Review-g186338-d719025-Reviews-Giovanni_s-London_England.html,London_England
1367600,Eastway_Brasserie,https://www.tripadvisor.com/Restaurant_Review-g186338-d1367600-Reviews-Eastway_Brasserie-London_England.html,London_England
780900,Zizzi_Bow_Street,https://www.tripadvisor.com/Restaurant_Review-g186338-d780900-Reviews-Zizzi_Bow_Street-London_England.html,London_England
5544575,Black_Cat_cafe,https://www.tripadvisor.com/Restaurant_Review-g186338-d5544575-Reviews-Black_Cat_cafe-London_England.html,London_England
2144114,Al_Forno_Shepherd_s_Bush_Green,https://www.tripadvisor.com/Restaurant_Review-g186338-d2144114-Reviews-Al_Forno_Shepherd_s_Bush_Green-London_England.html,London_England
7191171,L_Amorosa,https://www.tripadvisor.com/Restaurant_Review-g186338-d7191171-Reviews-L_Amorosa-London_England.html,London_England
2347681,La_Pizzica_Restaurant,https://www.tripadvisor.com/Restaurant_Review-g186338-d2347681-Reviews-La_Pizzica_Restaurant-London_England.html,London_England
733797,Salsa,https://www.tripadvisor.com/Restaurant_Review-g186338-d733797-Reviews-Salsa-London_England.html,London_England
9596195,Coin_Laundry,https://www.tripadvisor.com/Restaurant_Review-g186338-d9596195-Reviews-Coin_Laundry-London_England.html,London_England
10546662,Pret_a_Manger,https://www.tripadvisor.com/Restaurant_Review-g186338-d10546662-Reviews-Pret_a_Manger-London_England.html,London_England
730427,InterContinental_London_Park_Lane,https://www.tripadvisor.com/Restaurant_Review-g186338-d730427-Reviews-InterContinental_London_Park_Lane-London_England.html,London_England
1488297,Old_Amalfi,https://www.tripadvisor.com/Restaurant_Review-g186338-d1488297-Reviews-Old_Amalfi-London_England.html,London_England
1018502,The_Table,https://www.tripadvisor.com/Restaurant_Review-g186338-d1018502-Reviews-The_Table-London_England.html,London_England
12071485,Kaosarn,https://www.tripadvisor.com/Restaurant_Review-g186338-d12071485-Reviews-Kaosarn-London_England.html,London_England
1017618,Hush,https://www.tripadvisor.com/Restaurant_Review-g186338-d1017618-Reviews-Hush-London_England.html,London_England
1155697,The_Counting_House,https://www.tripadvisor.com/Restaurant_Review-g186338-d1155697-Reviews-The_Counting_House-London_England.html,London_England
12309105,COYA_Angel_Court,https://www.tripadvisor.com/Restaurant_Review-g186338-d12309105-Reviews-COYA_Angel_Court-London_England.html,London_England
13078631,Hovarda,https://www.tripadvisor.com/Restaurant_Review-g186338-d13078631-Reviews-Hovarda-London_England.html,London_England
1933576,Namaaste_Kitchen,https://www.tripadvisor.com/Restaurant_Review-g186338-d1933576-Reviews-Namaaste_Kitchen-London_England.html,London_England
2569482,Bill_s_Islington,https://www.tripadvisor.com/Restaurant_Review-g186338-d2569482-Reviews-Bill_s_Islington-London_England.html,London_England
2317458,The_Old_Shades_London_Pub_Dining,https://www.tripadvisor.com/Restaurant_Review-g186338-d2317458-Reviews-The_Old_Shades_London_Pub_Dining-London_England.html,London_England
734065,Haz,https://www.tripadvisor.com/Restaurant_Review-g186338-d734065-Reviews-Haz-London_England.html,London_England
1007175,St_John,https://www.tripadvisor.com/Restaurant_Review-g186338-d1007175-Reviews-St_John-London_England.html,London_England
17514137,Meson_Callejon,https://www.tripadvisor.com/Restaurant_Review-g186338-d17514137-Reviews-Meson_Callejon-London_England.html,London_England
3636189,COYA,https://www.tripadvisor.com/Restaurant_Review-g186338-d3636189-Reviews-COYA-London_England.html,London_England
13277746,Parsons,https://www.tripadvisor.com/Restaurant_Review-g186338-d13277746-Reviews-Parsons-London_England.html,London_England
3965968,Philomena_s_Bar_Cafe,https://www.tripadvisor.com/Restaurant_Review-g186338-d3965968-Reviews-Philomena_s_Bar_Cafe-London_England.html,London_England
6353469,On_the_Bab,https://www.tripadvisor.com/Restaurant_Review-g186338-d6353469-Reviews-On_the_Bab-London_England.html,London_England
9731899,Pret_a_Manger,https://www.tripadvisor.com/Restaurant_Review-g186338-d9731899-Reviews-Pret_a_Manger-London_England.html,London_England
5816604,Roti_King,https://www.tripadvisor.com/Restaurant_Review-g186338-d5816604-Reviews-Roti_King-London_England.html,London_England
7083953,Tredwells,https://www.tripadvisor.com/Restaurant_Review-g186338-d7083953-Reviews-Tredwells-London_England.html,London_England
6637143,Lyle_s,https://www.tripadvisor.com/Restaurant_Review-g186338-d6637143-Reviews-Lyle_s-London_England.html,London_England
733502,Likya_Ocakbasi_Restaurant,https://www.tripadvisor.com/Restaurant_Review-g186338-d733502-Reviews-Likya_Ocakbasi_Restaurant-London_England.html,London_England
1044160,The_Goat,https://www.tripadvisor.com/Restaurant_Review-g186338-d1044160-Reviews-The_Goat-London_England.html,London_England
3765760,Cote_Brasserie_Blackheath,https://www.tripadvisor.com/Restaurant_Review-g186338-d3765760-Reviews-Cote_Brasserie_Blackheath-London_England.html,London_England
953620,Maroush,https://www.tripadvisor.com/Restaurant_Review-g186338-d953620-Reviews-Maroush-London_England.html,London_England
14170791,Black_Radish,https://www.tripadvisor.com/Restaurant_Review-g186338-d14170791-Reviews-Black_Radish-London_England.html,London_England
3862645,Kinkao_Thai,https://www.tripadvisor.com/Restaurant_Review-g186338-d3862645-Reviews-Kinkao_Thai-London_England.html,London_England
2420280,Tao_Tao_Ju,https://www.tripadvisor.com/Restaurant_Review-g186338-d2420280-Reviews-Tao_Tao_Ju-London_England.html,London_England
719362,Indian_Veg_Bhelpuri,https://www.tripadvisor.com/Restaurant_Review-g186338-d719362-Reviews-Indian_Veg_Bhelpuri-London_England.html,London_England
1469158,Le_Relais_De_Venise_Marylebone,https://www.tripadvisor.com/Restaurant_Review-g186338-d1469158-Reviews-Le_Relais_De_Venise_Marylebone-London_England.html,London_England
5121709,Afternoon_Tea,https://www.tripadvisor.com/Restaurant_Review-g186338-d5121709-Reviews-Afternoon_Tea-London_England.html,London_England
5565123,St_Pancras_Bar_Restaurant_Fortnum_Mason,https://www.tripadvisor.com/Restaurant_Review-g186338-d5565123-Reviews-St_Pancras_Bar_Restaurant_Fortnum_Mason-London_England.html,London_England
4924792,Chotto_Matte,https://www.tripadvisor.com/Restaurant_Review-g186338-d4924792-Reviews-Chotto_Matte-London_England.html,London_England
12959552,Salsa_Temple,https://www.tripadvisor.com/Restaurant_Review-g186338-d12959552-Reviews-Salsa_Temple-London_England.html,London_England
2303589,The_Dean_Swift,https://www.tripadvisor.com/Restaurant_Review-g186338-d2303589-Reviews-The_Dean_Swift-London_England.html,London_England
1421055,Champagne_Charlies,https://www.tripadvisor.com/Restaurant_Review-g186338-d1421055-Reviews-Champagne_Charlies-London_England.html,London_England
941952,Andrew_Edmunds,https://www.tripadvisor.com/Restaurant_Review-g186338-d941952-Reviews-Andrew_Edmunds-London_England.html,London_England
1016178,Comptoir_Gascon,https://www.tripadvisor.com/Restaurant_Review-g186338-d1016178-Reviews-Comptoir_Gascon-London_England.html,London_England
5264070,Berners_Tavern,https://www.tripadvisor.com/Restaurant_Review-g186338-d5264070-Reviews-Berners_Tavern-London_England.html,London_England
720725,The_Old_Red_Cow,https://www.tripadvisor.com/Restaurant_Review-g186338-d720725-Reviews-The_Old_Red_Cow-London_England.html,London_England
1019723,Wagamama,https://www.tripadvisor.com/Restaurant_Review-g186338-d1019723-Reviews-Wagamama-London_England.html,London_England
5815702,Holborn_Dining_Room,https://www.tripadvisor.com/Restaurant_Review-g186338-d5815702-Reviews-Holborn_Dining_Room-London_England.html,London_England
737388,Maxwell_s_Bar_Grill,https://www.tripadvisor.com/Restaurant_Review-g186338-d737388-Reviews-Maxwell_s_Bar_Grill-London_England.html,London_England
3600234,Al_Santo_Restaurant,https://www.tripadvisor.com/Restaurant_Review-g186338-d3600234-Reviews-Al_Santo_Restaurant-London_England.html,London_England
1531976,Bangalore_Express_City,https://www.tripadvisor.com/Restaurant_Review-g186338-d1531976-Reviews-Bangalore_Express_City-London_England.html,London_England
3314907,The_Olive_Restaurant,https://www.tripadvisor.com/Restaurant_Review-g186338-d3314907-Reviews-The_Olive_Restaurant-London_England.html,London_England
4310037,The_Old_Fountain,https://www.tripadvisor.com/Restaurant_Review-g186338-d4310037-Reviews-The_Old_Fountain-London_England.html,London_England
1837788,The_One_Tun,https://www.tripadvisor.com/Restaurant_Review-g186338-d1837788-Reviews-The_One_Tun-London_England.html,London_England
1422087,London_Showboat,https://www.tripadvisor.com/Restaurant_Review-g186338-d1422087-Reviews-London_Showboat-London_England.html,London_England
11871035,Cinnamon_Bazaar,https://www.tripadvisor.com/Restaurant_Review-g186338-d11871035-Reviews-Cinnamon_Bazaar-London_England.html,London_England
1900184,Busaba_Hoxton_Square,https://www.tripadvisor.com/Restaurant_Review-g186338-d1900184-Reviews-Busaba_Hoxton_Square-London_England.html,London_England
1421189,London_Steakhouse_Co,https://www.tripadvisor.com/Restaurant_Review-g186338-d1421189-Reviews-London_Steakhouse_Co-London_England.html,London_England
1760742,The_Jack_Horner,https://www.tripadvisor.com/Restaurant_Review-g186338-d1760742-Reviews-The_Jack_Horner-London_England.html,London_England
7340987,12th_Knot,https://www.tripadvisor.com/Restaurant_Review-g186338-d7340987-Reviews-12th_Knot-London_England.html,London_England
14084843,Bucket_Seafood,https://www.tripadvisor.com/Restaurant_Review-g186338-d14084843-Reviews-Bucket_Seafood-London_England.html,London_England
8807743,Bellanger,https://www.tripadvisor.com/Restaurant_Review-g186338-d8807743-Reviews-Bellanger-London_England.html,London_England
6578764,Cafe_Tiffin,https://www.tripadvisor.com/Restaurant_Review-g186338-d6578764-Reviews-Cafe_Tiffin-London_England.html,London_England
4028625,Bill_s_Covent_Garden,https://www.tripadvisor.com/Restaurant_Review-g186338-d4028625-Reviews-Bill_s_Covent_Garden-London_England.html,London_England
6847707,Bonnane_cafe,https://www.tripadvisor.com/Restaurant_Review-g186338-d6847707-Reviews-Bonnane_cafe-London_England.html,London_England
807103,Tomoe,https://www.tripadvisor.com/Restaurant_Review-g186338-d807103-Reviews-Tomoe-London_England.html,London_England
7182371,All_Bar_One,https://www.tripadvisor.com/Restaurant_Review-g186338-d7182371-Reviews-All_Bar_One-London_England.html,London_England
2329040,The_Breakfast_Club,https://www.tripadvisor.com/Restaurant_Review-g186338-d2329040-Reviews-The_Breakfast_Club-London_England.html,London_England
877381,Damascus_Bite,https://www.tripadvisor.com/Restaurant_Review-g186338-d877381-Reviews-Damascus_Bite-London_England.html,London_England
1014942,Cedar_Lebanese_Restaurant,https://www.tripadvisor.com/Restaurant_Review-g186338-d1014942-Reviews-Cedar_Lebanese_Restaurant-London_England.html,London_England
2256065,Paradise_Hampstead_Indian,https://www.tripadvisor.com/Restaurant_Review-g186338-d2256065-Reviews-Paradise_Hampstead_Indian-London_England.html,London_England
3685024,The_Lemon_Tree,https://www.tripadvisor.com/Restaurant_Review-g186338-d3685024-Reviews-The_Lemon_Tree-London_England.html,London_England
719246,Govinda_s_Pure_Vegetarian_Restaurant,https://www.tripadvisor.com/Restaurant_Review-g186338-d719246-Reviews-Govinda_s_Pure_Vegetarian_Restaurant-London_England.html,London_England
2445176,Muriel_s_Kitchen_South_Kensington,https://www.tripadvisor.com/Restaurant_Review-g186338-d2445176-Reviews-Muriel_s_Kitchen_South_Kensington-London_England.html,London_England
2006757,The_Star_Tavern,https://www.tripadvisor.com/Restaurant_Review-g186338-d2006757-Reviews-The_Star_Tavern-London_England.html,London_England
4080917,Social_Eating_House,https://www.tripadvisor.com/Restaurant_Review-g186338-d4080917-Reviews-Social_Eating_House-London_England.html,London_England
11672977,Chick_n_Sours,https://www.tripadvisor.com/Restaurant_Review-g186338-d11672977-Reviews-Chick_n_Sours-London_England.html,London_England
720837,The_Tiroler_Hut_Restaurant,https://www.tripadvisor.com/Restaurant_Review-g186338-d720837-Reviews-The_Tiroler_Hut_Restaurant-London_England.html,London_England
4746114,The_Nell_Gwynne_Tavern,https://www.tripadvisor.com/Restaurant_Review-g186338-d4746114-Reviews-The_Nell_Gwynne_Tavern-London_England.html,London_England
12272530,The_Cheese_Bar,https://www.tripadvisor.com/Restaurant_Review-g186338-d12272530-Reviews-The_Cheese_Bar-London_England.html,London_England
2662612,Pop_Sapori,https://www.tripadvisor.com/Restaurant_Review-g186338-d2662612-Reviews-Pop_Sapori-London_England.html,London_England
11761100,Lattakia,https://www.tripadvisor.com/Restaurant_Review-g186338-d11761100-Reviews-Lattakia-London_England.html,London_England
4745174,Flesh_Buns_Covent_Garden,https://www.tripadvisor.com/Restaurant_Review-g186338-d4745174-Reviews-Flesh_Buns_Covent_Garden-London_England.html,London_England
1976100,Wahaca_White_City,https://www.tripadvisor.com/Restaurant_Review-g186338-d1976100-Reviews-Wahaca_White_City-London_England.html,London_England
2218703,Madison,https://www.tripadvisor.com/Restaurant_Review-g186338-d2218703-Reviews-Madison-London_England.html,London_England
6887889,Sahara_Grill_Whitechapel,https://www.tripadvisor.com/Restaurant_Review-g186338-d6887889-Reviews-Sahara_Grill_Whitechapel-London_England.html,London_England
720311,Ping_Pong_Soho,https://www.tripadvisor.com/Restaurant_Review-g186338-d720311-Reviews-Ping_Pong_Soho-London_England.html,London_England
733241,Rivington_Bar_Grill_Greenwich,https://www.tripadvisor.com/Restaurant_Review-g186338-d733241-Reviews-Rivington_Bar_Grill_Greenwich-London_England.html,London_England
2188446,Aqua_Nueva,https://www.tripadvisor.com/Restaurant_Review-g186338-d2188446-Reviews-Aqua_Nueva-London_England.html,London_England
8527623,Dip_Flip,https://www.tripadvisor.com/Restaurant_Review-g186338-d8527623-Reviews-Dip_Flip-London_England.html,London_England
1019612,The_Fire_Station,https://www.tripadvisor.com/Restaurant_Review-g186338-d1019612-Reviews-The_Fire_Station-London_England.html,London_England
5244240,Frankie_Benny_s,https://www.tripadvisor.com/Restaurant_Review-g186338-d5244240-Reviews-Frankie_Benny_s-London_England.html,London_England
1867592,Franco_Manca,https://www.tripadvisor.com/Restaurant_Review-g186338-d1867592-Reviews-Franco_Manca-London_England.html,London_England
4292434,Bird_of_Smithfield,https://www.tripadvisor.com/Restaurant_Review-g186338-d4292434-Reviews-Bird_of_Smithfield-London_England.html,London_England
13558919,Bocconi,https://www.tripadvisor.com/Restaurant_Review-g186338-d13558919-Reviews-Bocconi-London_England.html,London_England
15697144,Sfizio_Italian_Tapas,https://www.tripadvisor.com/Restaurant_Review-g186338-d15697144-Reviews-Sfizio_Italian_Tapas-London_England.html,London_England
734216,Le_Vacherin,https://www.tripadvisor.com/Restaurant_Review-g186338-d734216-Reviews-Le_Vacherin-London_England.html,London_England
1027064,Dehesa,https://www.tripadvisor.com/Restaurant_Review-g186338-d1027064-Reviews-Dehesa-London_England.html,London_England
1388953,Couscous_Darna_Restaurant,https://www.tripadvisor.com/Restaurant_Review-g186338-d1388953-Reviews-Couscous_Darna_Restaurant-London_England.html,London_England
2000077,The_Portman,https://www.tripadvisor.com/Restaurant_Review-g186338-d2000077-Reviews-The_Portman-London_England.html,London_England
7654407,Poppy_s,https://www.tripadvisor.com/Restaurant_Review-g186338-d7654407-Reviews-Poppy_s-London_England.html,London_England
2468128,Thali_Restaurant,https://www.tripadvisor.com/Restaurant_Review-g186338-d2468128-Reviews-Thali_Restaurant-London_England.html,London_England
3243135,The_Queen_s_Larder,https://www.tripadvisor.com/Restaurant_Review-g186338-d3243135-Reviews-The_Queen_s_Larder-London_England.html,London_England
1778712,The_Summerhouse,https://www.tripadvisor.com/Restaurant_Review-g186338-d1778712-Reviews-The_Summerhouse-London_England.html,London_England
731444,Vinoteca_Farringdon,https://www.tripadvisor.com/Restaurant_Review-g186338-d731444-Reviews-Vinoteca_Farringdon-London_England.html,London_England
966856,Bombay_Palace,https://www.tripadvisor.com/Restaurant_Review-g186338-d966856-Reviews-Bombay_Palace-London_England.html,London_England
15325560,Bow_Street_Tavern,https://www.tripadvisor.com/Restaurant_Review-g186338-d15325560-Reviews-Bow_Street_Tavern-London_England.html,London_England
10536378,Joe_s_Kitchen,https://www.tripadvisor.com/Restaurant_Review-g186338-d10536378-Reviews-Joe_s_Kitchen-London_England.html,London_England
8754564,The_Taproom,https://www.tripadvisor.com/Restaurant_Review-g186338-d8754564-Reviews-The_Taproom-London_England.html,London_England
3320289,Wahaca_Canary_Wharf,https://www.tripadvisor.com/Restaurant_Review-g186338-d3320289-Reviews-Wahaca_Canary_Wharf-London_England.html,London_England
2666060,The_Princess_of_Wales,https://www.tripadvisor.com/Restaurant_Review-g186338-d2666060-Reviews-The_Princess_of_Wales-London_England.html,London_England
1395494,Wine_and_Mousaka,https://www.tripadvisor.com/Restaurant_Review-g186338-d1395494-Reviews-Wine_and_Mousaka-London_England.html,London_England
10761375,Tea_Darling_Refreshingly_Vintage,https://www.tripadvisor.com/Restaurant_Review-g186338-d10761375-Reviews-Tea_Darling_Refreshingly_Vintage-London_England.html,London_England
4867760,Union_Street_Cafe,https://www.tripadvisor.com/Restaurant_Review-g186338-d4867760-Reviews-Union_Street_Cafe-London_England.html,London_England
13803773,Evelyn_s_Table,https://www.tripadvisor.com/Restaurant_Review-g186338-d13803773-Reviews-Evelyn_s_Table-London_England.html,London_England
731195,Scalini,https://www.tripadvisor.com/Restaurant_Review-g186338-d731195-Reviews-Scalini-London_England.html,London_England
5489412,VQ_Bloomsbury,https://www.tripadvisor.com/Restaurant_Review-g186338-d5489412-Reviews-VQ_Bloomsbury-London_England.html,London_England
732280,Jamon_Jamon_Camden,https://www.tripadvisor.com/Restaurant_Review-g186338-d732280-Reviews-Jamon_Jamon_Camden-London_England.html,London_England
680360,Wagamama,https://www.tripadvisor.com/Restaurant_Review-g186338-d680360-Reviews-Wagamama-London_England.html,London_England
1389017,Iberica_Marylebone,https://www.tripadvisor.com/Restaurant_Review-g186338-d1389017-Reviews-Iberica_Marylebone-London_England.html,London_England
8521658,Band_of_Burgers,https://www.tripadvisor.com/Restaurant_Review-g186338-d8521658-Reviews-Band_of_Burgers-London_England.html,London_England
11666032,Cabotte_Restaurant,https://www.tripadvisor.com/Restaurant_Review-g186338-d11666032-Reviews-Cabotte_Restaurant-London_England.html,London_England
5986695,Moo_Cantina_Pimlico,https://www.tripadvisor.com/Restaurant_Review-g186338-d5986695-Reviews-Moo_Cantina_Pimlico-London_England.html,London_England
6998867,The_Horse_and_Stables,https://www.tripadvisor.com/Restaurant_Review-g186338-d6998867-Reviews-The_Horse_and_Stables-London_England.html,London_England
6474473,Artusi,https://www.tripadvisor.com/Restaurant_Review-g186338-d6474473-Reviews-Artusi-London_England.html,London_England
10133994,Suburb_SW11_Bar_Dining,https://www.tripadvisor.com/Restaurant_Review-g186338-d10133994-Reviews-Suburb_SW11_Bar_Dining-London_England.html,London_England
733360,The_Walmer_Castle,https://www.tripadvisor.com/Restaurant_Review-g186338-d733360-Reviews-The_Walmer_Castle-London_England.html,London_England
953714,Tas_Restaurant,https://www.tripadvisor.com/Restaurant_Review-g186338-d953714-Reviews-Tas_Restaurant-London_England.html,London_England
1940711,El_Vaquero_Whetstone,https://www.tripadvisor.com/Restaurant_Review-g186338-d1940711-Reviews-El_Vaquero_Whetstone-London_England.html,London_England
3628450,Bar_Tozino,https://www.tripadvisor.com/Restaurant_Review-g186338-d3628450-Reviews-Bar_Tozino-London_England.html,London_England
3981666,Plum_and_Spilt_Milk,https://www.tripadvisor.com/Restaurant_Review-g186338-d3981666-Reviews-Plum_and_Spilt_Milk-London_England.html,London_England
15619607,Copper_Ink,https://www.tripadvisor.com/Restaurant_Review-g186338-d15619607-Reviews-Copper_Ink-London_England.html,London_England
2371739,Ambience,https://www.tripadvisor.com/Restaurant_Review-g186338-d2371739-Reviews-Ambience-London_England.html,London_England
13184092,Meze_Mazis,https://www.tripadvisor.com/Restaurant_Review-g186338-d13184092-Reviews-Meze_Mazis-London_England.html,London_England
4911765,One_Under_Lime,https://www.tripadvisor.com/Restaurant_Review-g186338-d4911765-Reviews-One_Under_Lime-London_England.html,London_England
8633954,Pie_Minister,https://www.tripadvisor.com/Restaurant_Review-g186338-d8633954-Reviews-Pie_Minister-London_England.html,London_England
5894069,Radhuni_Southgate,https://www.tripadvisor.com/Restaurant_Review-g186338-d5894069-Reviews-Radhuni_Southgate-London_England.html,London_England
3845095,Golborne_Deli_Bistro,https://www.tripadvisor.com/Restaurant_Review-g186338-d3845095-Reviews-Golborne_Deli_Bistro-London_England.html,London_England
10249742,Farmacy,https://www.tripadvisor.com/Restaurant_Review-g186338-d10249742-Reviews-Farmacy-London_England.html,London_England
14251713,Donnelly_s_Restaurant,https://www.tripadvisor.com/Restaurant_Review-g186338-d14251713-Reviews-Donnelly_s_Restaurant-London_England.html,London_England
16801424,Kamasutra_Indian_Restaurant,https://www.tripadvisor.com/Restaurant_Review-g186338-d16801424-Reviews-Kamasutra_Indian_Restaurant-London_England.html,London_England
2012274,The_Terrace,https://www.tripadvisor.com/Restaurant_Review-g186338-d2012274-Reviews-The_Terrace-London_England.html,London_England
3526627,Le_Comptoir,https://www.tripadvisor.com/Restaurant_Review-g186338-d3526627-Reviews-Le_Comptoir-London_England.html,London_England
13202151,Nest,https://www.tripadvisor.com/Restaurant_Review-g186338-d13202151-Reviews-Nest-London_England.html,London_England
6127023,Trattoria_Terra,https://www.tripadvisor.com/Restaurant_Review-g186338-d6127023-Reviews-Trattoria_Terra-London_England.html,London_England
737168,Masala_Zone_Covent_Garden,https://www.tripadvisor.com/Restaurant_Review-g186338-d737168-Reviews-Masala_Zone_Covent_Garden-London_England.html,London_England
3543155,Banana_Tree_Angel,https://www.tripadvisor.com/Restaurant_Review-g186338-d3543155-Reviews-Banana_Tree_Angel-London_England.html,London_England
12140086,Comptoir_Libanais_Gloucester_Road,https://www.tripadvisor.com/Restaurant_Review-g186338-d12140086-Reviews-Comptoir_Libanais_Gloucester_Road-London_England.html,London_England
7363628,The_Good_Earth,https://www.tripadvisor.com/Restaurant_Review-g186338-d7363628-Reviews-The_Good_Earth-London_England.html,London_England
2614267,The_Red_Lion,https://www.tripadvisor.com/Restaurant_Review-g186338-d2614267-Reviews-The_Red_Lion-London_England.html,London_England
3165105,The_Elgar_Room_Brasserie,https://www.tripadvisor.com/Restaurant_Review-g186338-d3165105-Reviews-The_Elgar_Room_Brasserie-London_England.html,London_England
7602232,Jinjuu_Soho,https://www.tripadvisor.com/Restaurant_Review-g186338-d7602232-Reviews-Jinjuu_Soho-London_England.html,London_England
720372,Quo_Vadis,https://www.tripadvisor.com/Restaurant_Review-g186338-d720372-Reviews-Quo_Vadis-London_England.html,London_England
4177785,Pakhtoon_Restaurant,https://www.tripadvisor.com/Restaurant_Review-g186338-d4177785-Reviews-Pakhtoon_Restaurant-London_England.html,London_England
3369127,Melange,https://www.tripadvisor.com/Restaurant_Review-g186338-d3369127-Reviews-Melange-London_England.html,London_England
1018970,Zizzi_Paddington_Street,https://www.tripadvisor.com/Restaurant_Review-g186338-d1018970-Reviews-Zizzi_Paddington_Street-London_England.html,London_England
804199,Jasmine_Thai_Restaurant,https://www.tripadvisor.com/Restaurant_Review-g186338-d804199-Reviews-Jasmine_Thai_Restaurant-London_England.html,London_England
1044010,The_Clachan,https://www.tripadvisor.com/Restaurant_Review-g186338-d1044010-Reviews-The_Clachan-London_England.html,London_England
3953732,The_Walrus_and_The_Carpenter,https://www.tripadvisor.com/Restaurant_Review-g186338-d3953732-Reviews-The_Walrus_and_The_Carpenter-London_England.html,London_England
5783481,Andina_Shoreditch,https://www.tripadvisor.com/Restaurant_Review-g186338-d5783481-Reviews-Andina_Shoreditch-London_England.html,London_England
8679080,Bella_Cosa,https://www.tripadvisor.com/Restaurant_Review-g186338-d8679080-Reviews-Bella_Cosa-London_England.html,London_England
3839096,Blue_Boar_Restaurant,https://www.tripadvisor.com/Restaurant_Review-g186338-d3839096-Reviews-Blue_Boar_Restaurant-London_England.html,London_England
10148190,Cafe_Monico,https://www.tripadvisor.com/Restaurant_Review-g186338-d10148190-Reviews-Cafe_Monico-London_England.html,London_England
14970936,Japes,https://www.tripadvisor.com/Restaurant_Review-g186338-d14970936-Reviews-Japes-London_England.html,London_England
7597548,Yama_Momo,https://www.tripadvisor.com/Restaurant_Review-g186338-d7597548-Reviews-Yama_Momo-London_England.html,London_England
4465733,The_Black_Prince_Pub,https://www.tripadvisor.com/Restaurant_Review-g186338-d4465733-Reviews-The_Black_Prince_Pub-London_England.html,London_England
680359,Santini_Restaurant,https://www.tripadvisor.com/Restaurant_Review-g186338-d680359-Reviews-Santini_Restaurant-London_England.html,London_England
1749471,The_Hill,https://www.tripadvisor.com/Restaurant_Review-g186338-d1749471-Reviews-The_Hill-London_England.html,London_England
3370269,Lima,https://www.tripadvisor.com/Restaurant_Review-g186338-d3370269-Reviews-Lima-London_England.html,London_England
1928867,The_Kings_Arms,https://www.tripadvisor.com/Restaurant_Review-g186338-d1928867-Reviews-The_Kings_Arms-London_England.html,London_England
11868859,The_Pear_Tree_at_Greenland_Place,https://www.tripadvisor.com/Restaurant_Review-g186338-d11868859-Reviews-The_Pear_Tree_at_Greenland_Place-London_England.html,London_England
17571944,Wild_Honey_St_James,https://www.tripadvisor.com/Restaurant_Review-g186338-d17571944-Reviews-Wild_Honey_St_James-London_England.html,London_England
17585913,Rosmarino,https://www.tripadvisor.com/Restaurant_Review-g186338-d17585913-Reviews-Rosmarino-London_England.html,London_England
2365783,Busaba_Westfield_London,https://www.tripadvisor.com/Restaurant_Review-g186338-d2365783-Reviews-Busaba_Westfield_London-London_England.html,London_England
928581,Sake_no_Hana,https://www.tripadvisor.com/Restaurant_Review-g186338-d928581-Reviews-Sake_no_Hana-London_England.html,London_England
1906560,Brasserie_Blanc_Threadneedle_Street,https://www.tripadvisor.com/Restaurant_Review-g186338-d1906560-Reviews-Brasserie_Blanc_Threadneedle_Street-London_England.html,London_England
815215,Maroush_II,https://www.tripadvisor.com/Restaurant_Review-g186338-d815215-Reviews-Maroush_II-London_England.html,London_England
3581389,Giorgio_at_Leadenhall,https://www.tripadvisor.com/Restaurant_Review-g186338-d3581389-Reviews-Giorgio_at_Leadenhall-London_England.html,London_England
2355717,The_Spotted_Horse,https://www.tripadvisor.com/Restaurant_Review-g186338-d2355717-Reviews-The_Spotted_Horse-London_England.html,London_England
7194792,Nurjenna_Finest_Indian_Cuisine,https://www.tripadvisor.com/Restaurant_Review-g186338-d7194792-Reviews-Nurjenna_Finest_Indian_Cuisine-London_England.html,London_England
7267875,Crocker_s_Folly,https://www.tripadvisor.com/Restaurant_Review-g186338-d7267875-Reviews-Crocker_s_Folly-London_England.html,London_England
1018459,Simpson_s_Tavern,https://www.tripadvisor.com/Restaurant_Review-g186338-d1018459-Reviews-Simpson_s_Tavern-London_England.html,London_England
734172,Indian_YMCA_Dining_Hall,https://www.tripadvisor.com/Restaurant_Review-g186338-d734172-Reviews-Indian_YMCA_Dining_Hall-London_England.html,London_England
680423,Wagamama_Covent_Garden,https://www.tripadvisor.com/Restaurant_Review-g186338-d680423-Reviews-Wagamama_Covent_Garden-London_England.html,London_England
7973895,The_Duck_Rice,https://www.tripadvisor.com/Restaurant_Review-g186338-d7973895-Reviews-The_Duck_Rice-London_England.html,London_England
1018591,Taro,https://www.tripadvisor.com/Restaurant_Review-g186338-d1018591-Reviews-Taro-London_England.html,London_England
15866480,Rotate,https://www.tripadvisor.com/Restaurant_Review-g186338-d15866480-Reviews-Rotate-London_England.html,London_England
1054563,Megan_s,https://www.tripadvisor.com/Restaurant_Review-g186338-d1054563-Reviews-Megan_s-London_England.html,London_England
1389726,Phoenix_Arts_Club,https://www.tripadvisor.com/Restaurant_Review-g186338-d1389726-Reviews-Phoenix_Arts_Club-London_England.html,London_England
734055,Antipasto_Pasta_Fresh_Pasta,https://www.tripadvisor.com/Restaurant_Review-g186338-d734055-Reviews-Antipasto_Pasta_Fresh_Pasta-London_England.html,London_England
1989609,Ichi_Sushi_and_Sashimi_Bar,https://www.tripadvisor.com/Restaurant_Review-g186338-d1989609-Reviews-Ichi_Sushi_and_Sashimi_Bar-London_England.html,London_England
814119,Eat_17,https://www.tripadvisor.com/Restaurant_Review-g186338-d814119-Reviews-Eat_17-London_England.html,London_England
8052658,The_Bar_at_Fortnum_Mason_Terminal_5,https://www.tripadvisor.com/Restaurant_Review-g186338-d8052658-Reviews-The_Bar_at_Fortnum_Mason_Terminal_5-London_England.html,London_England
1389696,The_Fortnum_s_Bar_Restaurant,https://www.tripadvisor.com/Restaurant_Review-g186338-d1389696-Reviews-The_Fortnum_s_Bar_Restaurant-London_England.html,London_England
953728,Simply_Indian,https://www.tripadvisor.com/Restaurant_Review-g186338-d953728-Reviews-Simply_Indian-London_England.html,London_England
3977933,The_Zetter_Townhouse_Cocktail_Lounge,https://www.tripadvisor.com/Restaurant_Review-g186338-d3977933-Reviews-The_Zetter_Townhouse_Cocktail_Lounge-London_England.html,London_England
14925857,Granaio,https://www.tripadvisor.com/Restaurant_Review-g186338-d14925857-Reviews-Granaio-London_England.html,London_England
10170004,The_Stable,https://www.tripadvisor.com/Restaurant_Review-g186338-d10170004-Reviews-The_Stable-London_England.html,London_England
8624205,American_Bar,https://www.tripadvisor.com/Restaurant_Review-g186338-d8624205-Reviews-American_Bar-London_England.html,London_England
11899664,PAUL_Earls_Court,https://www.tripadvisor.com/Restaurant_Review-g186338-d11899664-Reviews-PAUL_Earls_Court-London_England.html,London_England
1019031,The_Real_Greek_Bankside,https://www.tripadvisor.com/Restaurant_Review-g186338-d1019031-Reviews-The_Real_Greek_Bankside-London_England.html,London_England
4053658,The_Mayor_of_Scaredy_Cat_town,https://www.tripadvisor.com/Restaurant_Review-g186338-d4053658-Reviews-The_Mayor_of_Scaredy_Cat_town-London_England.html,London_England
730315,Riccardo_s_Restaurant,https://www.tripadvisor.com/Restaurant_Review-g186338-d730315-Reviews-Riccardo_s_Restaurant-London_England.html,London_England
15266646,The_Meet,https://www.tripadvisor.com/Restaurant_Review-g186338-d15266646-Reviews-The_Meet-London_England.html,London_England
5124776,Yasar_s,https://www.tripadvisor.com/Restaurant_Review-g186338-d5124776-Reviews-Yasar_s-London_England.html,London_England
2005321,Itsu,https://www.tripadvisor.com/Restaurant_Review-g186338-d2005321-Reviews-Itsu-London_England.html,London_England
3162675,Silk_Road,https://www.tripadvisor.com/Restaurant_Review-g186338-d3162675-Reviews-Silk_Road-London_England.html,London_England
12323648,Da_Moreno,https://www.tripadvisor.com/Restaurant_Review-g186338-d12323648-Reviews-Da_Moreno-London_England.html,London_England
11921257,El_Pastor,https://www.tripadvisor.com/Restaurant_Review-g186338-d11921257-Reviews-El_Pastor-London_England.html,London_England
1436487,Gold_Mine,https://www.tripadvisor.com/Restaurant_Review-g186338-d1436487-Reviews-Gold_Mine-London_England.html,London_England
1078760,Garfunkel_s,https://www.tripadvisor.com/Restaurant_Review-g186338-d1078760-Reviews-Garfunkel_s-London_England.html,London_England
5122723,Fifty_Five,https://www.tripadvisor.com/Restaurant_Review-g186338-d5122723-Reviews-Fifty_Five-London_England.html,London_England
12542278,129_HRD,https://www.tripadvisor.com/Restaurant_Review-g186338-d12542278-Reviews-129_HRD-London_England.html,London_England
2423575,Warda_Lebanese_Restaurant,https://www.tripadvisor.com/Restaurant_Review-g186338-d2423575-Reviews-Warda_Lebanese_Restaurant-London_England.html,London_England
680331,Colosseo_Restaurant,https://www.tripadvisor.com/Restaurant_Review-g186338-d680331-Reviews-Colosseo_Restaurant-London_England.html,London_England
3533651,Cote_Brasserie_Sloane_Square,https://www.tripadvisor.com/Restaurant_Review-g186338-d3533651-Reviews-Cote_Brasserie_Sloane_Square-London_England.html,London_England
7294428,Brompton_Food_Market,https://www.tripadvisor.com/Restaurant_Review-g186338-d7294428-Reviews-Brompton_Food_Market-London_England.html,London_England
10168606,Kanada_Ya_Panton_Street,https://www.tripadvisor.com/Restaurant_Review-g186338-d10168606-Reviews-Kanada_Ya_Panton_Street-London_England.html,London_England
1113257,Rossopomodoro_Covent_Garden,https://www.tripadvisor.com/Restaurant_Review-g186338-d1113257-Reviews-Rossopomodoro_Covent_Garden-London_England.html,London_England
12687431,Suvlaki_Shoreditch,https://www.tripadvisor.com/Restaurant_Review-g186338-d12687431-Reviews-Suvlaki_Shoreditch-London_England.html,London_England
2008088,Wan_Chai_Corner,https://www.tripadvisor.com/Restaurant_Review-g186338-d2008088-Reviews-Wan_Chai_Corner-London_England.html,London_England
10199792,Bodean_s_BBQ_Covent_Garden,https://www.tripadvisor.com/Restaurant_Review-g186338-d10199792-Reviews-Bodean_s_BBQ_Covent_Garden-London_England.html,London_England
2184987,O_Neill_s_Kings_Cross,https://www.tripadvisor.com/Restaurant_Review-g186338-d2184987-Reviews-O_Neill_s_Kings_Cross-London_England.html,London_England
19112982,Kolamba,https://www.tripadvisor.com/Restaurant_Review-g186338-d19112982-Reviews-Kolamba-London_England.html,London_England
8844364,The_Greenhouse_Deptford,https://www.tripadvisor.com/Restaurant_Review-g186338-d8844364-Reviews-The_Greenhouse_Deptford-London_England.html,London_England
809231,The_Morgan_Arms,https://www.tripadvisor.com/Restaurant_Review-g186338-d809231-Reviews-The_Morgan_Arms-London_England.html,London_England
8118024,Chai_Ki,https://www.tripadvisor.com/Restaurant_Review-g186338-d8118024-Reviews-Chai_Ki-London_England.html,London_England
8281804,The_Piano_Works_Farringdon,https://www.tripadvisor.com/Restaurant_Review-g186338-d8281804-Reviews-The_Piano_Works_Farringdon-London_England.html,London_England
1017383,The_English_Restaurant,https://www.tripadvisor.com/Restaurant_Review-g186338-d1017383-Reviews-The_English_Restaurant-London_England.html,London_England
1488087,Loco_Mexicano,https://www.tripadvisor.com/Restaurant_Review-g186338-d1488087-Reviews-Loco_Mexicano-London_England.html,London_England
10489008,Foley_s,https://www.tripadvisor.com/Restaurant_Review-g186338-d10489008-Reviews-Foley_s-London_England.html,London_England
11963142,Le_Tran_Cafe,https://www.tripadvisor.com/Restaurant_Review-g186338-d11963142-Reviews-Le_Tran_Cafe-London_England.html,London_England
4229727,The_Anchor_and_Hope,https://www.tripadvisor.com/Restaurant_Review-g186338-d4229727-Reviews-The_Anchor_and_Hope-London_England.html,London_England
3730569,The_Gatehouse,https://www.tripadvisor.com/Restaurant_Review-g186338-d3730569-Reviews-The_Gatehouse-London_England.html,London_England
1989918,The_Orange_Public_House,https://www.tripadvisor.com/Restaurant_Review-g186338-d1989918-Reviews-The_Orange_Public_House-London_England.html,London_England
680393,Pasta_Brown,https://www.tripadvisor.com/Restaurant_Review-g186338-d680393-Reviews-Pasta_Brown-London_England.html,London_England
731153,Thai_Pot_Bedfordbury,https://www.tripadvisor.com/Restaurant_Review-g186338-d731153-Reviews-Thai_Pot_Bedfordbury-London_England.html,London_England
3608556,Tapas_Brindisa_Shoreditch,https://www.tripadvisor.com/Restaurant_Review-g186338-d3608556-Reviews-Tapas_Brindisa_Shoreditch-London_England.html,London_England
15315384,Hicce,https://www.tripadvisor.com/Restaurant_Review-g186338-d15315384-Reviews-Hicce-London_England.html,London_England
2009281,Yashin_Sushi,https://www.tripadvisor.com/Restaurant_Review-g186338-d2009281-Reviews-Yashin_Sushi-London_England.html,London_England
720840,Toff_s,https://www.tripadvisor.com/Restaurant_Review-g186338-d720840-Reviews-Toff_s-London_England.html,London_England
9709112,Capricci,https://www.tripadvisor.com/Restaurant_Review-g186338-d9709112-Reviews-Capricci-London_England.html,London_England
7223228,Franco_Manca_South_Kensington,https://www.tripadvisor.com/Restaurant_Review-g186338-d7223228-Reviews-Franco_Manca_South_Kensington-London_England.html,London_England
3389685,Cote_Brasserie_Hampstead,https://www.tripadvisor.com/Restaurant_Review-g186338-d3389685-Reviews-Cote_Brasserie_Hampstead-London_England.html,London_England
3542753,Blue_Anchor,https://www.tripadvisor.com/Restaurant_Review-g186338-d3542753-Reviews-Blue_Anchor-London_England.html,London_England
804934,Gaucho_Smithfield,https://www.tripadvisor.com/Restaurant_Review-g186338-d804934-Reviews-Gaucho_Smithfield-London_England.html,London_England
10734534,BAO_Fitzrovia,https://www.tripadvisor.com/Restaurant_Review-g186338-d10734534-Reviews-BAO_Fitzrovia-London_England.html,London_England
3243623,Piccolo_bar,https://www.tripadvisor.com/Restaurant_Review-g186338-d3243623-Reviews-Piccolo_bar-London_England.html,London_England
9600640,Pho_Saigon,https://www.tripadvisor.com/Restaurant_Review-g186338-d9600640-Reviews-Pho_Saigon-London_England.html,London_England
778374,Annabel_s,https://www.tripadvisor.com/Restaurant_Review-g186338-d778374-Reviews-Annabel_s-London_England.html,London_England
3870327,The_Life_Goddess_Store_Street,https://www.tripadvisor.com/Restaurant_Review-g186338-d3870327-Reviews-The_Life_Goddess_Store_Street-London_England.html,London_England
10389401,The_Ivy_Cafe_Wimbledon,https://www.tripadvisor.com/Restaurant_Review-g186338-d10389401-Reviews-The_Ivy_Cafe_Wimbledon-London_England.html,London_England
10206729,Mister_Lasagna,https://www.tripadvisor.com/Restaurant_Review-g186338-d10206729-Reviews-Mister_Lasagna-London_England.html,London_England
1211206,Monkey_and_Me,https://www.tripadvisor.com/Restaurant_Review-g186338-d1211206-Reviews-Monkey_and_Me-London_England.html,London_England
1945692,Cote_Brasserie_Notting_Hill,https://www.tripadvisor.com/Restaurant_Review-g186338-d1945692-Reviews-Cote_Brasserie_Notting_Hill-London_England.html,London_England
1014039,Bengal_Quay,https://www.tripadvisor.com/Restaurant_Review-g186338-d1014039-Reviews-Bengal_Quay-London_England.html,London_England
1014890,Ishtah,https://www.tripadvisor.com/Restaurant_Review-g186338-d1014890-Reviews-Ishtah-London_England.html,London_England
1351573,The_Sun_In_Splendour,https://www.tripadvisor.com/Restaurant_Review-g186338-d1351573-Reviews-The_Sun_In_Splendour-London_England.html,London_England
13234520,Granary_Square_Brasserie,https://www.tripadvisor.com/Restaurant_Review-g186338-d13234520-Reviews-Granary_Square_Brasserie-London_England.html,London_England
7791735,KuPP_Paddington,https://www.tripadvisor.com/Restaurant_Review-g186338-d7791735-Reviews-KuPP_Paddington-London_England.html,London_England
730365,Sophie_s_Steakhouse_Chelsea,https://www.tripadvisor.com/Restaurant_Review-g186338-d730365-Reviews-Sophie_s_Steakhouse_Chelsea-London_England.html,London_England
9986073,Taste_of_India,https://www.tripadvisor.com/Restaurant_Review-g186338-d9986073-Reviews-Taste_of_India-London_England.html,London_England
3156322,Mari_Vanna,https://www.tripadvisor.com/Restaurant_Review-g186338-d3156322-Reviews-Mari_Vanna-London_England.html,London_England
940329,Sofra,https://www.tripadvisor.com/Restaurant_Review-g186338-d940329-Reviews-Sofra-London_England.html,London_England
1965836,Pho,https://www.tripadvisor.com/Restaurant_Review-g186338-d1965836-Reviews-Pho-London_England.html,London_England
5093864,Sim_s_Steak_House,https://www.tripadvisor.com/Restaurant_Review-g186338-d5093864-Reviews-Sim_s_Steak_House-London_England.html,London_England
13540403,RedFarm,https://www.tripadvisor.com/Restaurant_Review-g186338-d13540403-Reviews-RedFarm-London_England.html,London_England
11621933,Fumo,https://www.tripadvisor.com/Restaurant_Review-g186338-d11621933-Reviews-Fumo-London_England.html,London_England
911355,Ask_Italian_London_Gloucester_Arcade,https://www.tripadvisor.com/Restaurant_Review-g186338-d911355-Reviews-Ask_Italian_London_Gloucester_Arcade-London_England.html,London_England
1380822,The_Terrace_on_Piccadilly,https://www.tripadvisor.com/Restaurant_Review-g186338-d1380822-Reviews-The_Terrace_on_Piccadilly-London_England.html,London_England
2233585,Chiquito,https://www.tripadvisor.com/Restaurant_Review-g186338-d2233585-Reviews-Chiquito-London_England.html,London_England
1806131,The_Old_Brewery,https://www.tripadvisor.com/Restaurant_Review-g186338-d1806131-Reviews-The_Old_Brewery-London_England.html,London_England
